path,bytes,sha256,recorded_sha256
b-v6h-gain-07ac319f-smoke/manifest.json,168309,35af6f2835a4164141661a1d976c6afb0d8220369bb4868054cf34433249af69,
b-v6h-gain-07ac319f-smoke/cases.jsonl,44211,c4755549fd78da1160cedaf39c85d11e9b1e470f7c537ae847f3591889654d36,c4755549fd78da11
b-v6h-gain-07ac319f-smoke/artifacts.sha256.json,1435114,20a617d99d0f6512415dcc9f7c1bf799f677643bd5715ebc41e628964266d3c9,
b-v6h-gain-07ac319f-smoke/plan.json,16425,d3cf55df0baa3883fad6ee0f92ff33ea449e80d843f6d6eef5e9d20130b98864,
b-v6h-gain-07ac319f-smoke/cases/chain_b-v6h.k1g+p2f+gain_teacher_F_hR2_04_s911_pPOST_VENV/case.json,2851,188fc738a61c5630ef8cb39343af9479a1b3c53b3b81a15ebabc1c5fe6cacd41,188fc738a61c5630ef8cb39343af9479a1b3c53b3b81a15ebabc1c5fe6cacd41
b-v6h-gain-07ac319f-smoke/cases/chain_b-v6h.k1g+p2f+gain_teacher_F_hR2_04_s911_pPOST_VENV/result.json,205185,ef63467c7aa39fad17a1fefad297728a35561c2cc32e7a0a8fd4ae6a00672254,ef63467c7aa39fad17a1fefad297728a35561c2cc32e7a0a8fd4ae6a00672254
b-v6h-gain-07ac319f-smoke/cases/chain_b-v6h.k1g+p2f+gain_teacher_F_hR2_04_s913_pPOST_VENV/case.json,2851,ab4dfa9ec13aed99159679fae7b26ed02a8a0747eb6a79fc2b52b157e829ab00,ab4dfa9ec13aed99159679fae7b26ed02a8a0747eb6a79fc2b52b157e829ab00
b-v6h-gain-07ac319f-smoke/cases/chain_b-v6h.k1g+p2f+gain_teacher_F_hR2_04_s913_pPOST_VENV/result.json,205262,bde7ee19b787bfbd20f2328391e5b05405dce059d2607a195d0e9db45a095f4e,bde7ee19b787bfbd20f2328391e5b05405dce059d2607a195d0e9db45a095f4e
b-v6h-gain-07ac319f-smoke/cases/chain_b-v6h.k1g+p2f+gain_teacher_N01_s913_pPOST_VENV/case.json,2830,20d7754fab838367701f5e20a3506c115b1c7bdb79ee11484f7ec51bf9e7d253,20d7754fab838367701f5e20a3506c115b1c7bdb79ee11484f7ec51bf9e7d253
b-v6h-gain-07ac319f-smoke/cases/chain_b-v6h.k1g+p2f+gain_teacher_N01_s913_pPOST_VENV/result.json,205139,b20d678e2064a51475f1405c812bc199b40eda0885a128789e2f79ba66687b85,b20d678e2064a51475f1405c812bc199b40eda0885a128789e2f79ba66687b85
b-v6h-gain-07ac319f-smoke/cases/chain_b-v6h.k1g+p2f+gain_teacher_N01_s911_pPOST_VENV/case.json,2830,1f52e5d3ae75e342b944b187c410d008ee31c1fec74a92396e45d0f0065bb82c,1f52e5d3ae75e342b944b187c410d008ee31c1fec74a92396e45d0f0065bb82c
b-v6h-gain-07ac319f-smoke/cases/chain_b-v6h.k1g+p2f+gain_teacher_N01_s911_pPOST_VENV/result.json,205143,f946dfc3b506e8d863488b11edb3d09ff27b97f727dc8a784cb7383a7b37127d,f946dfc3b506e8d863488b11edb3d09ff27b97f727dc8a784cb7383a7b37127d
b-v6h-gain-07ac319f-smoke/cases/chain_b-v6h.k1g+p2f+gain_teacher_N02_s911_pPOST_VENV/case.json,2834,355948dbf9549185fef6b439670510e855493bbc0f4b3a6fdba675def186abc4,355948dbf9549185fef6b439670510e855493bbc0f4b3a6fdba675def186abc4
b-v6h-gain-07ac319f-smoke/cases/chain_b-v6h.k1g+p2f+gain_teacher_N02_s911_pPOST_VENV/result.json,205088,38318da2e970260fdbd4b2770b8e700f0cc4db32f22de7b0b507f56a4f3b2167,38318da2e970260fdbd4b2770b8e700f0cc4db32f22de7b0b507f56a4f3b2167
b-v6h-gain-5bfd95f0-tR/manifest.json,168475,fad6bb06b4586d0687c8281c728167b2814866705d2825727fcdcb6da73df5e9,
b-v6h-gain-5bfd95f0-tR/cases.jsonl,176987,8e1c2d82d76256a117a1fb712310c9b7c0c9044a3d56a1b9edddfecc39f740ea,8e1c2d82d76256a117a1fb712310c9b7c0c9044a3d56a1b9edddfecc39f740ea
b-v6h-gain-5bfd95f0-tR/artifacts.sha256.json,5856425,94a6bd67e4889740830b75ae8b431d2c6fe8d50dfbfb31ac3fd35712338132f9,
b-v6h-gain-5bfd95f0-tR/plan.json,69079,4e85cfc36252449206fa7be88335afe5bb8cecb6c5917f371bdb7b184c380b85,4e85cfc36252449206fa7be88335afe5bb8cecb6c5917f371bdb7b184c380b85
b-v6h-gain-5bfd95f0-tR/cases/chain_b-v6h.k1g+p2f+gain+alag_teacher_hR2_02_s913_pPOST_VhR2/case.json,3025,f82f164fc7b43e96f7bb9a5ea010c584775ebc9cde2530279d333eb61f75ff90,f82f164fc7b43e96f7bb9a5ea010c584775ebc9cde2530279d333eb61f75ff90
b-v6h-gain-5bfd95f0-tR/cases/chain_b-v6h.k1g+p2f+gain+alag_teacher_hR2_02_s913_pPOST_VhR2/result.json,204466,a5751e7ca998970df280cc230bf9f6ad05b2cb0440ceb41c7cfe9ea656434daa,a5751e7ca998970df280cc230bf9f6ad05b2cb0440ceb41c7cfe9ea656434daa
b-v6h-gain-5bfd95f0-tR/cases/chain_b-v6h.k1g+p2f+gain+alag_teacher_hR2_02_s911_pPOST_VhR2/case.json,3025,e2ff6e50b2f6f19668d624dddace40738af9fad9bcedf4f40dc56bd56da45518,e2ff6e50b2f6f19668d624dddace40738af9fad9bcedf4f40dc56bd56da45518
b-v6h-gain-5bfd95f0-tR/cases/chain_b-v6h.k1g+p2f+gain+alag_teacher_hR2_02_s911_pPOST_VhR2/result.json,204483,9265c33ac7f2e0b6b0a77f07ae9896dc91138ab860f19a9fb03dbbccb6c013da,9265c33ac7f2e0b6b0a77f07ae9896dc91138ab860f19a9fb03dbbccb6c013da
b-v6h-gain-5bfd95f0-tR/cases/chain_b-v6h.k1g+p2f+gain+alag_teacher_hR2_01_s913_pPOST_VhR2/case.json,3023,04dd000350d1d8060d8a58f72aa5152f23ae4d4114b606accceb5442a678ea9a,04dd000350d1d8060d8a58f72aa5152f23ae4d4114b606accceb5442a678ea9a
b-v6h-gain-5bfd95f0-tR/cases/chain_b-v6h.k1g+p2f+gain+alag_teacher_hR2_01_s913_pPOST_VhR2/result.json,204885,346d06cd4f557db47c5965ba6e5311465eabac492acc4196d92542092c7ed723,346d06cd4f557db47c5965ba6e5311465eabac492acc4196d92542092c7ed723
b-v6h-gain-5bfd95f0-tR/cases/chain_b-v6h.k1g+p2f+gain+alag_teacher_hR2_01_s911_pPOST_VhR2/case.json,3023,a6ec2afba35ef144b036938d97a290a349f3ec0e1133e524f3f16cc2b5fe0bcf,a6ec2afba35ef144b036938d97a290a349f3ec0e1133e524f3f16cc2b5fe0bcf
b-v6h-gain-5bfd95f0-tR/cases/chain_b-v6h.k1g+p2f+gain+alag_teacher_hR2_01_s911_pPOST_VhR2/result.json,204859,55a672e1b5d409fedacd79c461d8f0d981462152d8c8f9e5b1672f1e72704768,55a672e1b5d409fedacd79c461d8f0d981462152d8c8f9e5b1672f1e72704768
b-v6h-gain-5bfd95f0-tR/cases/chain_b-v6h.k1g+p2f+gain+alag_teacher_hR2_03_s911_pPOST_VhR2/case.json,3019,92f0049a364e979984becf476b01513ac9e51d34492f4709371712ac6959c541,92f0049a364e979984becf476b01513ac9e51d34492f4709371712ac6959c541
b-v6h-gain-5bfd95f0-tR/cases/chain_b-v6h.k1g+p2f+gain+alag_teacher_hR2_03_s911_pPOST_VhR2/result.json,204479,d88c2bd40bfb5d24971b32ed8f5dc32100093eed6a7abf98a07601dede685877,d88c2bd40bfb5d24971b32ed8f5dc32100093eed6a7abf98a07601dede685877
b-v6h-gain-5bfd95f0-tR/cases/chain_b-v6h.k1g+p2f+gain+alag_teacher_hR2_03_s913_pPOST_VhR2/case.json,3019,f81d2103f9b0be62c7862a071767e06708cdf8a020853948d004554fe1167698,f81d2103f9b0be62c7862a071767e06708cdf8a020853948d004554fe1167698
b-v6h-gain-5bfd95f0-tR/cases/chain_b-v6h.k1g+p2f+gain+alag_teacher_hR2_03_s913_pPOST_VhR2/result.json,204462,27a67b07c28f652e1c39ffe0ad1d94e0c397aee33d9d4bf3666e17a7ec3e7079,27a67b07c28f652e1c39ffe0ad1d94e0c397aee33d9d4bf3666e17a7ec3e7079
b-v6h-gain-5bfd95f0-tR/cases/chain_b-v6h.k1g+p2f+gain+alag_teacher_hR2_04_s911_pPOST_VhR2/case.json,3025,78b4a9f3bdcc2e50ac0eb580819f732955931284c82864a97d46d760f70725e7,78b4a9f3bdcc2e50ac0eb580819f732955931284c82864a97d46d760f70725e7
b-v6h-gain-5bfd95f0-tR/cases/chain_b-v6h.k1g+p2f+gain+alag_teacher_hR2_04_s911_pPOST_VhR2/result.json,207420,e1bdbd634a63ede9c4b0ed6bb205789579307f6e675e31ca26f541bf2fbfbe6e,e1bdbd634a63ede9c4b0ed6bb205789579307f6e675e31ca26f541bf2fbfbe6e
b-v6h-gain-5bfd95f0-tR/cases/chain_b-v6h.k1g+p2f+gain+alag_teacher_hR2_04_s913_pPOST_VhR2/case.json,3025,37513f09665b5e2e08ec0b59230375791d8ac55cf96e3aa80bd2a6979048057d,37513f09665b5e2e08ec0b59230375791d8ac55cf96e3aa80bd2a6979048057d
b-v6h-gain-5bfd95f0-tR/cases/chain_b-v6h.k1g+p2f+gain+alag_teacher_hR2_04_s913_pPOST_VhR2/result.json,207403,829c261cb66cc134233a24ae613482345bfea70f0c227f1010df25cd4a7615cd,829c261cb66cc134233a24ae613482345bfea70f0c227f1010df25cd4a7615cd
b-v6h-gain-5bfd95f0-tR/cases/chain_b-v6h.k1g+p2f+gain+alag_teacher_hR2_05_s911_pPOST_VhR2/case.json,3023,9476621fb6959139a0f58f97b48589c14d9c63178eb591dfc1b794d44c893eec,9476621fb6959139a0f58f97b48589c14d9c63178eb591dfc1b794d44c893eec
b-v6h-gain-5bfd95f0-tR/cases/chain_b-v6h.k1g+p2f+gain+alag_teacher_hR2_05_s911_pPOST_VhR2/result.json,207422,8947957299a16895f356d845591172b732b765de4040d80f7763e53a622d90c8,8947957299a16895f356d845591172b732b765de4040d80f7763e53a622d90c8
b-v6h-gain-5bfd95f0-tR/cases/chain_b-v6h.k1g+p2f+gain+alag_teacher_hR2_05_s913_pPOST_VhR2/case.json,3023,cdbc2c16611ebbaeeaa563a849fe45ec874ff3f286890c5092a0819074814f0f,cdbc2c16611ebbaeeaa563a849fe45ec874ff3f286890c5092a0819074814f0f
b-v6h-gain-5bfd95f0-tR/cases/chain_b-v6h.k1g+p2f+gain+alag_teacher_hR2_05_s913_pPOST_VhR2/result.json,207330,171580c364d4b71bd4770862285a57c9fdb79b2f9d433571612175d759bb648d,171580c364d4b71bd4770862285a57c9fdb79b2f9d433571612175d759bb648d
b-v6h-gain-5bfd95f0-tR/cases/chain_b-v6h.k1g+p2f+gain+alag_teacher_hR2_06_s911_pPOST_VhR2/case.json,3022,91ce11b50277b488abd6615419cef2e98ca62e8c3108e95d8c0f9d031770c42c,91ce11b50277b488abd6615419cef2e98ca62e8c3108e95d8c0f9d031770c42c
b-v6h-gain-5bfd95f0-tR/cases/chain_b-v6h.k1g+p2f+gain+alag_teacher_hR2_06_s911_pPOST_VhR2/result.json,207461,2cac28f0e4ce4cf7535adf965b22d6dd84809c4559b3b2cd209ab99bc55a732a,2cac28f0e4ce4cf7535adf965b22d6dd84809c4559b3b2cd209ab99bc55a732a
b-v6h-gain-5bfd95f0-tR/cases/chain_b-v6h.k1g+p2f+gain+alag_teacher_hR2_06_s913_pPOST_VhR2/case.json,3022,ddf2e12b529a33b6b56e574c80e0768cee622e8246950529fd37b6acaeb8f4f3,ddf2e12b529a33b6b56e574c80e0768cee622e8246950529fd37b6acaeb8f4f3
b-v6h-gain-5bfd95f0-tR/cases/chain_b-v6h.k1g+p2f+gain+alag_teacher_hR2_06_s913_pPOST_VhR2/result.json,207457,73347378f3860482dbbd182427b8bd9645f2846030e90243f4d34d81d171d8c2,73347378f3860482dbbd182427b8bd9645f2846030e90243f4d34d81d171d8c2
b-v6h-gain-5bfd95f0-tR/cases/chain_b-v6h.k1g+p2f+gain+alag_teacher_hR2_07_s911_pPOST_VhR2/case.json,3026,326bf3832b53a1f1fb58dda85c539cf8b5b034d486b93256b3415fd692c01fa5,326bf3832b53a1f1fb58dda85c539cf8b5b034d486b93256b3415fd692c01fa5
b-v6h-gain-5bfd95f0-tR/cases/chain_b-v6h.k1g+p2f+gain+alag_teacher_hR2_07_s911_pPOST_VhR2/result.json,204404,5769ae74be673b0c151f1771718f3150193fa7cf74fab245d00b81b977a28351,5769ae74be673b0c151f1771718f3150193fa7cf74fab245d00b81b977a28351
b-v6h-gain-5bfd95f0-tR/cases/chain_b-v6h.k1g+p2f+gain+alag_teacher_hR2_07_s913_pPOST_VhR2/case.json,3026,53ed9bc0c6e478445c6b63baf4c59e39cbee53f0d89ac63beed979627d228ea5,53ed9bc0c6e478445c6b63baf4c59e39cbee53f0d89ac63beed979627d228ea5
b-v6h-gain-5bfd95f0-tR/cases/chain_b-v6h.k1g+p2f+gain+alag_teacher_hR2_07_s913_pPOST_VhR2/result.json,204400,5a53bf0a34983914f0947e8b73f482c6f62ac8dd2c11b0445fcbeff99a7a5106,5a53bf0a34983914f0947e8b73f482c6f62ac8dd2c11b0445fcbeff99a7a5106
b-v6h-gain-5bfd95f0-tR/cases/chain_b-v6h.k1g+p2f+gain+alag_teacher_hR2_08_s911_pPOST_VhR2/case.json,3016,e744a85252229b1c6b04ef220e7d80803d4b9aada394b7f1b7288350e7445d62,e744a85252229b1c6b04ef220e7d80803d4b9aada394b7f1b7288350e7445d62
b-v6h-gain-5bfd95f0-tR/cases/chain_b-v6h.k1g+p2f+gain+alag_teacher_hR2_08_s911_pPOST_VhR2/result.json,204493,85879ef12e8cb5ad901e7a2dfce4a6a811d71526bd49c4fb2007eb1915c2f6e5,85879ef12e8cb5ad901e7a2dfce4a6a811d71526bd49c4fb2007eb1915c2f6e5
b-v6h-gain-5bfd95f0-tR/cases/chain_b-v6h.k1g+p2f+gain+alag_teacher_hR2_08_s913_pPOST_VhR2/case.json,3016,38ec0b9369b966bef53fa68ee953ed8a81cba1948f022ab25393877f6a17d8f8,38ec0b9369b966bef53fa68ee953ed8a81cba1948f022ab25393877f6a17d8f8
b-v6h-gain-5bfd95f0-tR/cases/chain_b-v6h.k1g+p2f+gain+alag_teacher_hR2_08_s913_pPOST_VhR2/result.json,204487,51fdf275b309ef4a987818e86ba6632d7e10e38c2689cece36943f985c44ed82,51fdf275b309ef4a987818e86ba6632d7e10e38c2689cece36943f985c44ed82
b-v6h-gain-5bfd95f0-tR/cases/chain_b-v6h.k1g+p2f+gain+alag_teacher_hR2_09_s911_pPOST_VhR2/case.json,3021,958bd29d9de4117eb3138f9ff7502bbd233bfa1f347f5ab41cef67ba8a77330e,958bd29d9de4117eb3138f9ff7502bbd233bfa1f347f5ab41cef67ba8a77330e
b-v6h-gain-5bfd95f0-tR/cases/chain_b-v6h.k1g+p2f+gain+alag_teacher_hR2_09_s911_pPOST_VhR2/result.json,204410,bec0abe009bda0623079f22ab6c3b4370451d62c161b7ade445865d072ff63a1,bec0abe009bda0623079f22ab6c3b4370451d62c161b7ade445865d072ff63a1
b-v6h-gain-5bfd95f0-tR/cases/chain_b-v6h.k1g+p2f+gain+alag_teacher_hR2_09_s913_pPOST_VhR2/case.json,3021,43698704f99557a09fe09ea81fe71340d3dbdcb81432d51f8b37928809c65230,43698704f99557a09fe09ea81fe71340d3dbdcb81432d51f8b37928809c65230
b-v6h-gain-5bfd95f0-tR/cases/chain_b-v6h.k1g+p2f+gain+alag_teacher_hR2_09_s913_pPOST_VhR2/result.json,204567,5f225407d9ee83b958013ddde26181cd37b598e56a4a684044e8916c133dfa62,5f225407d9ee83b958013ddde26181cd37b598e56a4a684044e8916c133dfa62
b-v6h-gain-5bfd95f0-tR/cases/chain_b-v6h.k1g+p2f+gain+alag_teacher_hR2_10_s911_pPOST_VhR2/case.json,3020,e5fdf65fb1e104bac971648e70b885b8364c76f9027f012d168767b009839adb,e5fdf65fb1e104bac971648e70b885b8364c76f9027f012d168767b009839adb
b-v6h-gain-5bfd95f0-tR/cases/chain_b-v6h.k1g+p2f+gain+alag_teacher_hR2_10_s911_pPOST_VhR2/result.json,204455,dc1b2f8cfb550df9b0a70120a1732319f97dc347beb5b34aaba887204f945a1c,dc1b2f8cfb550df9b0a70120a1732319f97dc347beb5b34aaba887204f945a1c
b-v6h-gain-5bfd95f0-tR/cases/chain_b-v6h.k1g+p2f+gain+alag_teacher_hR2_10_s913_pPOST_VhR2/case.json,3020,6b3e91a919e8f581cca9f19e4b4ebb6a228c3f901d751596f37114f5447f5d4c,6b3e91a919e8f581cca9f19e4b4ebb6a228c3f901d751596f37114f5447f5d4c
b-v6h-gain-5bfd95f0-tR/cases/chain_b-v6h.k1g+p2f+gain+alag_teacher_hR2_10_s913_pPOST_VhR2/result.json,204452,1014aa8c88b717c86c54fefbe429bb93fa8ab2d621057a3e8d22793fc3b49be4,1014aa8c88b717c86c54fefbe429bb93fa8ab2d621057a3e8d22793fc3b49be4
b-v6h-gain-5bfd95f0-tS/manifest.json,168468,9dc82c4f0863803ec54f8fd86454bfb2ded51c21aebe211fde154b7603a5d388,
b-v6h-gain-5bfd95f0-tS/cases.jsonl,212470,d2da3d87899a8f82a2be777eedc8a277809db13597cad19b803adf8c5c0fc07e,d2da3d87899a8f82a2be777eedc8a277809db13597cad19b803adf8c5c0fc07e
b-v6h-gain-5bfd95f0-tS/artifacts.sha256.json,6906649,393ddf7f67c139f6dc2130dd16c97934452d67a94b3e87af57151d8fe73fba23,
b-v6h-gain-5bfd95f0-tS/plan.json,79197,001ccc5a6e35a9cb53bf4e7168e7888aef2910bcb2388624700fc6c4e4580f39,001ccc5a6e35a9cb53bf4e7168e7888aef2910bcb2388624700fc6c4e4580f39
b-v6h-gain-5bfd95f0-tS/cases/chain_b-v6h.k1g+p2f+gain+alag_teacher_S01_s911_pPOST_VENVS/case.json,2866,b0f161fe10cae36bc16ae48793bbe3608c6a424abe0efdf88a7893a709faf40a,b0f161fe10cae36bc16ae48793bbe3608c6a424abe0efdf88a7893a709faf40a
b-v6h-gain-5bfd95f0-tS/cases/chain_b-v6h.k1g+p2f+gain+alag_teacher_S01_s911_pPOST_VENVS/result.json,204514,f4db02065218af4d94fc5969bcaa9729d2c3883f1c2b8aafd2d99ce15dad6190,f4db02065218af4d94fc5969bcaa9729d2c3883f1c2b8aafd2d99ce15dad6190
b-v6h-gain-5bfd95f0-tS/cases/chain_b-v6h.k1g+p2f+gain+alag_teacher_S01_s913_pPOST_VENVS/case.json,2866,154f667bed61a95219de545a7ff463d51406b5a45128b862e6eab91e30d46f10,154f667bed61a95219de545a7ff463d51406b5a45128b862e6eab91e30d46f10
b-v6h-gain-5bfd95f0-tS/cases/chain_b-v6h.k1g+p2f+gain+alag_teacher_S01_s913_pPOST_VENVS/result.json,204530,34422d26c527fa21937ee336ad8afe997a0a4da4f242e6f4ff2b385703741422,34422d26c527fa21937ee336ad8afe997a0a4da4f242e6f4ff2b385703741422
b-v6h-gain-5bfd95f0-tS/cases/chain_b-v6h.k1g+p2f+gain+alag_teacher_S02_s913_pPOST_VENVS/case.json,2871,e8f54433940c2cbe4625504ed16440408f689dd3a8b2d63b6fa1af0f4e5b27c3,e8f54433940c2cbe4625504ed16440408f689dd3a8b2d63b6fa1af0f4e5b27c3
b-v6h-gain-5bfd95f0-tS/cases/chain_b-v6h.k1g+p2f+gain+alag_teacher_S02_s913_pPOST_VENVS/result.json,204587,2673f1e1187f2babb4a00c1d7ed3889c4f5a71729f7b3f9a9bf20d40f15ae997,2673f1e1187f2babb4a00c1d7ed3889c4f5a71729f7b3f9a9bf20d40f15ae997
b-v6h-gain-5bfd95f0-tS/cases/chain_b-v6h.k1g+p2f+gain+alag_teacher_S02_s911_pPOST_VENVS/case.json,2871,dcfbaf021623e4662658ff290190810e1493cd9e86716c671b57e84066243c50,dcfbaf021623e4662658ff290190810e1493cd9e86716c671b57e84066243c50
b-v6h-gain-5bfd95f0-tS/cases/chain_b-v6h.k1g+p2f+gain+alag_teacher_S02_s911_pPOST_VENVS/result.json,204581,f1ed844362819ea7c61ccbf44390ca18c4cfd62533da5334c70194a1cac24d58,f1ed844362819ea7c61ccbf44390ca18c4cfd62533da5334c70194a1cac24d58
b-v6h-gain-5bfd95f0-tS/cases/chain_b-v6h.k1g+p2f+gain+alag_teacher_S04_s911_pPOST_VENVS/case.json,2869,83e2c2d2acd7fd4e1a35c8433502fc572b1efad185a1ac33904412c43b44a39f,83e2c2d2acd7fd4e1a35c8433502fc572b1efad185a1ac33904412c43b44a39f
b-v6h-gain-5bfd95f0-tS/cases/chain_b-v6h.k1g+p2f+gain+alag_teacher_S04_s911_pPOST_VENVS/result.json,202008,547fbd9053cdf3e4c750e2c673f3745a4c947a694bc4e2ad2881a930f85bb78e,547fbd9053cdf3e4c750e2c673f3745a4c947a694bc4e2ad2881a930f85bb78e
b-v6h-gain-5bfd95f0-tS/cases/chain_b-v6h.k1g+p2f+gain+alag_teacher_S04_s913_pPOST_VENVS/case.json,2869,84fadf1f208a4265414b3b186e4659828805a0d818da4790cdc33838e29d263e,84fadf1f208a4265414b3b186e4659828805a0d818da4790cdc33838e29d263e
b-v6h-gain-5bfd95f0-tS/cases/chain_b-v6h.k1g+p2f+gain+alag_teacher_S04_s913_pPOST_VENVS/result.json,202044,1fa2fc38869757129dd1c4f5ddecf406a68c7e66daf59121573da1b34ffc3061,1fa2fc38869757129dd1c4f5ddecf406a68c7e66daf59121573da1b34ffc3061
b-v6h-gain-5bfd95f0-tS/cases/chain_b-v6h.k1g+p2f+gain+alag_teacher_S03_s911_pPOST_VENVS/case.json,2867,c61ef5237496a37cc0a21ed1d59d07ea9da71eba96700c9ecdc6e4f633e32a82,c61ef5237496a37cc0a21ed1d59d07ea9da71eba96700c9ecdc6e4f633e32a82
b-v6h-gain-5bfd95f0-tS/cases/chain_b-v6h.k1g+p2f+gain+alag_teacher_S03_s911_pPOST_VENVS/result.json,204494,42108257ce13d036c7c632b6d5f732922209f9fbe6f3d17d90f32e445bd6cc6a,42108257ce13d036c7c632b6d5f732922209f9fbe6f3d17d90f32e445bd6cc6a
b-v6h-gain-5bfd95f0-tS/cases/chain_b-v6h.k1g+p2f+gain+alag_teacher_S03_s913_pPOST_VENVS/case.json,2867,fa592a31f3abc719e6ded66617175dda5ecf09c5c51261092f6c8b44409edf92,fa592a31f3abc719e6ded66617175dda5ecf09c5c51261092f6c8b44409edf92
b-v6h-gain-5bfd95f0-tS/cases/chain_b-v6h.k1g+p2f+gain+alag_teacher_S03_s913_pPOST_VENVS/result.json,204426,d9e3e0a32b639e37e5d080d1cfd2bb0f31392fd8898b9726d500e28c19c79cb5,d9e3e0a32b639e37e5d080d1cfd2bb0f31392fd8898b9726d500e28c19c79cb5
b-v6h-gain-5bfd95f0-tS/cases/chain_b-v6h.k1g+p2f+gain+alag_teacher_S06_s913_pPOST_VENVS/case.json,2875,309c9ec75c416669c0d67f918da047bb335a95042e4587c3f997e91978ed0e97,309c9ec75c416669c0d67f918da047bb335a95042e4587c3f997e91978ed0e97
b-v6h-gain-5bfd95f0-tS/cases/chain_b-v6h.k1g+p2f+gain+alag_teacher_S06_s913_pPOST_VENVS/result.json,204643,899e2980544a9f08a3c02f28382cbeeb15566c722caa7f9b493df592c4cbc8ed,899e2980544a9f08a3c02f28382cbeeb15566c722caa7f9b493df592c4cbc8ed
b-v6h-gain-5bfd95f0-tS/cases/chain_b-v6h.k1g+p2f+gain+alag_teacher_S06_s911_pPOST_VENVS/case.json,2875,143f76fcc170a9faa037c3672c8f0d7dff29c8f02300639fa0e0d57e53795d86,143f76fcc170a9faa037c3672c8f0d7dff29c8f02300639fa0e0d57e53795d86
b-v6h-gain-5bfd95f0-tS/cases/chain_b-v6h.k1g+p2f+gain+alag_teacher_S06_s911_pPOST_VENVS/result.json,204636,2021b56a7234ec928c46b30c83e7cca60c4668768ef6d9a63eb5bedd115b4eb6,2021b56a7234ec928c46b30c83e7cca60c4668768ef6d9a63eb5bedd115b4eb6
b-v6h-gain-5bfd95f0-tS/cases/chain_b-v6h.k1g+p2f+gain+alag_teacher_S05_s913_pPOST_VENVS/case.json,2866,44d32c5d69b2c3552854e78b8762fd3d66e29a93274114c293d3c0f0372ee6e9,44d32c5d69b2c3552854e78b8762fd3d66e29a93274114c293d3c0f0372ee6e9
b-v6h-gain-5bfd95f0-tS/cases/chain_b-v6h.k1g+p2f+gain+alag_teacher_S05_s913_pPOST_VENVS/result.json,204598,58aa30e380932ab484e369115a6a3143039ef0dbf7ed866174dee310c517325b,58aa30e380932ab484e369115a6a3143039ef0dbf7ed866174dee310c517325b
b-v6h-gain-5bfd95f0-tS/cases/chain_b-v6h.k1g+p2f+gain+alag_teacher_S05_s911_pPOST_VENVS/case.json,2866,5c0a291a1c32cda2dab2e8078c7d1629e5acdc16502aad3fc318403a8fc7c049,5c0a291a1c32cda2dab2e8078c7d1629e5acdc16502aad3fc318403a8fc7c049
b-v6h-gain-5bfd95f0-tS/cases/chain_b-v6h.k1g+p2f+gain+alag_teacher_S05_s911_pPOST_VENVS/result.json,204558,27b2de3d274b2893b6c522b41c73c12635a68797b7bda0d0d6f42b7d9ee9a6ee,27b2de3d274b2893b6c522b41c73c12635a68797b7bda0d0d6f42b7d9ee9a6ee
b-v6h-gain-5bfd95f0-tS/cases/chain_b-v6h.k1g+p2f+gain+alag_teacher_S08_s911_pPOST_VENVS/case.json,2865,c0e7218f7e019a36620bb88c73d2e6eb6be0d63f7823e7192906b4580a1ce334,c0e7218f7e019a36620bb88c73d2e6eb6be0d63f7823e7192906b4580a1ce334
b-v6h-gain-5bfd95f0-tS/cases/chain_b-v6h.k1g+p2f+gain+alag_teacher_S08_s911_pPOST_VENVS/result.json,204500,b2f24d1dbc43b4df30b1c77f2734d8368aff793d042b56630036073d2383f885,b2f24d1dbc43b4df30b1c77f2734d8368aff793d042b56630036073d2383f885
b-v6h-gain-5bfd95f0-tS/cases/chain_b-v6h.k1g+p2f+gain+alag_teacher_S08_s913_pPOST_VENVS/case.json,2865,3133fbf0100e5a3196ffa1a11fe18dbb33c8f9cbbf30c725d9722ff00f343597,3133fbf0100e5a3196ffa1a11fe18dbb33c8f9cbbf30c725d9722ff00f343597
b-v6h-gain-5bfd95f0-tS/cases/chain_b-v6h.k1g+p2f+gain+alag_teacher_S08_s913_pPOST_VENVS/result.json,204441,d038830973e6bf85a1bebf403b6a1bd91fbb74120ea17feec5a7d17866c0730e,d038830973e6bf85a1bebf403b6a1bd91fbb74120ea17feec5a7d17866c0730e
b-v6h-gain-5bfd95f0-tS/cases/chain_b-v6h.k1g+p2f+gain+alag_teacher_S07_s911_pPOST_VENVS/case.json,2868,c93a6e47f692bf69500454a7cb0149379433a01e4838b4bccc28ba638a1ced0c,c93a6e47f692bf69500454a7cb0149379433a01e4838b4bccc28ba638a1ced0c
b-v6h-gain-5bfd95f0-tS/cases/chain_b-v6h.k1g+p2f+gain+alag_teacher_S07_s911_pPOST_VENVS/result.json,206951,c5d2665402c1b0c9cd1e5977074e2830d03f7f404eceb3b7ba4c8bd2b3b20542,c5d2665402c1b0c9cd1e5977074e2830d03f7f404eceb3b7ba4c8bd2b3b20542
b-v6h-gain-5bfd95f0-tS/cases/chain_b-v6h.k1g+p2f+gain+alag_teacher_S07_s913_pPOST_VENVS/case.json,2868,a8522b0da005cb5b32bd5a1c834962ad46cf7f6ab7a0143e607ad128ae1b5bde,a8522b0da005cb5b32bd5a1c834962ad46cf7f6ab7a0143e607ad128ae1b5bde
b-v6h-gain-5bfd95f0-tS/cases/chain_b-v6h.k1g+p2f+gain+alag_teacher_S07_s913_pPOST_VENVS/result.json,207074,ab32ca54cf677d6c4928401b2109c929e957c53cd0c9d7d948ec2dc3b054ba3e,ab32ca54cf677d6c4928401b2109c929e957c53cd0c9d7d948ec2dc3b054ba3e
b-v6h-gain-5bfd95f0-tS/cases/chain_b-v6h.k1g+p2f+gain+alag_teacher_S10_s911_pPOST_VENVS/case.json,2872,d638ee6a6ede4aa78748b3c1799d30ffbf6f56ef218cfe3921ea40d56858d587,d638ee6a6ede4aa78748b3c1799d30ffbf6f56ef218cfe3921ea40d56858d587
b-v6h-gain-5bfd95f0-tS/cases/chain_b-v6h.k1g+p2f+gain+alag_teacher_S10_s911_pPOST_VENVS/result.json,204593,b285b637c2aa6f5e26ee2f19b6bd7d443881d01a7550a992f184df0efa6c4c43,b285b637c2aa6f5e26ee2f19b6bd7d443881d01a7550a992f184df0efa6c4c43
b-v6h-gain-5bfd95f0-tS/cases/chain_b-v6h.k1g+p2f+gain+alag_teacher_S09_s911_pPOST_VENVS/case.json,2871,9a848814870967a824a2a55425e503ee143f312cc92523ff8c57338f9fe1c7e9,9a848814870967a824a2a55425e503ee143f312cc92523ff8c57338f9fe1c7e9
b-v6h-gain-5bfd95f0-tS/cases/chain_b-v6h.k1g+p2f+gain+alag_teacher_S09_s911_pPOST_VENVS/result.json,204430,319fd2756d825edf98d7ba85920ae4797d501ed7f06cb1590c15fbffb81825ea,319fd2756d825edf98d7ba85920ae4797d501ed7f06cb1590c15fbffb81825ea
b-v6h-gain-5bfd95f0-tS/cases/chain_b-v6h.k1g+p2f+gain+alag_teacher_S10_s913_pPOST_VENVS/case.json,2872,a3b5e938d037c13e52c114518ec89fd2f9de1bcd15567c92a2d00d271ee9580c,a3b5e938d037c13e52c114518ec89fd2f9de1bcd15567c92a2d00d271ee9580c
b-v6h-gain-5bfd95f0-tS/cases/chain_b-v6h.k1g+p2f+gain+alag_teacher_S10_s913_pPOST_VENVS/result.json,204561,b1115aa88fad0f6d2659516ae4516d1c186a795e97873618ab0443e12249d409,b1115aa88fad0f6d2659516ae4516d1c186a795e97873618ab0443e12249d409
b-v6h-gain-5bfd95f0-tS/cases/chain_b-v6h.k1g+p2f+gain+alag_teacher_S09_s913_pPOST_VENVS/case.json,2871,65b3dfe201b8c0ca0222ab499b4bc40b78b3f824175fcb5a3fa7d8d8344a6e95,65b3dfe201b8c0ca0222ab499b4bc40b78b3f824175fcb5a3fa7d8d8344a6e95
b-v6h-gain-5bfd95f0-tS/cases/chain_b-v6h.k1g+p2f+gain+alag_teacher_S09_s913_pPOST_VENVS/result.json,204404,1f6e508ca7475ce1d9d4db4c30c08e8b9134628a1dc75a78064155376fd31e1a,1f6e508ca7475ce1d9d4db4c30c08e8b9134628a1dc75a78064155376fd31e1a
b-v6h-gain-5bfd95f0-tS/cases/chain_b-v6h.k1g+p2f+gain+alag_teacher_S11_s911_pPOST_VENVS/case.json,2869,155a71013da6d951fda868c4b9436753c96793675cae85a4b37635502f43f344,155a71013da6d951fda868c4b9436753c96793675cae85a4b37635502f43f344
b-v6h-gain-5bfd95f0-tS/cases/chain_b-v6h.k1g+p2f+gain+alag_teacher_S11_s911_pPOST_VENVS/result.json,204629,9281427f739ff564a2bac52b342c54c695b056d6d00e796258fba065d7a1181c,9281427f739ff564a2bac52b342c54c695b056d6d00e796258fba065d7a1181c
b-v6h-gain-5bfd95f0-tS/cases/chain_b-v6h.k1g+p2f+gain+alag_teacher_S11_s913_pPOST_VENVS/case.json,2869,11b143e5060f93c820acff99f38ee73205d3a5656d148de2d0ebfbe98e421cb4,11b143e5060f93c820acff99f38ee73205d3a5656d148de2d0ebfbe98e421cb4
b-v6h-gain-5bfd95f0-tS/cases/chain_b-v6h.k1g+p2f+gain+alag_teacher_S11_s913_pPOST_VENVS/result.json,204605,0b1707f484315ee1586be35d8337da90f78e0776c47794740d1861ce82281eb2,0b1707f484315ee1586be35d8337da90f78e0776c47794740d1861ce82281eb2
b-v6h-gain-5bfd95f0-tS/cases/chain_b-v6h.k1g+p2f+gain+alag_teacher_S12_s911_pPOST_VENVS/case.json,2868,9341867da9032d09d1fb74d710cd47f299d257fa1eeb52905b7198d4c4b35366,9341867da9032d09d1fb74d710cd47f299d257fa1eeb52905b7198d4c4b35366
b-v6h-gain-5bfd95f0-tS/cases/chain_b-v6h.k1g+p2f+gain+alag_teacher_S12_s911_pPOST_VENVS/result.json,207042,5da7fe32307f1ffeda204f286193da0c43a5fec4fe046294354c533587a07f0a,5da7fe32307f1ffeda204f286193da0c43a5fec4fe046294354c533587a07f0a
b-v6h-gain-5bfd95f0-tS/cases/chain_b-v6h.k1g+p2f+gain+alag_teacher_S12_s913_pPOST_VENVS/case.json,2868,f40c7e355cdd4bd9e87b14fc68e8a359f02cd46b602361cd9d019e26f4250c56,f40c7e355cdd4bd9e87b14fc68e8a359f02cd46b602361cd9d019e26f4250c56
b-v6h-gain-5bfd95f0-tS/cases/chain_b-v6h.k1g+p2f+gain+alag_teacher_S12_s913_pPOST_VENVS/result.json,207057,d958587d180aa9b400e959ac4f3a9948e3202433be36d75409e3eb978c3f1a7f,d958587d180aa9b400e959ac4f3a9948e3202433be36d75409e3eb978c3f1a7f
b-v6h-gain-5bfd95f0-tX0/manifest.json,168474,2f767e914da94c55da674841d971e9f4b572a1c95dc325d8984df29498ff9cd8,
b-v6h-gain-5bfd95f0-tX0/cases.jsonl,121936,a34f7be0d6d9c5766de680074baf694ea93b2d83e1295ed3d78f38da2e0dd9b8,a34f7be0d6d9c5766de680074baf694ea93b2d83e1295ed3d78f38da2e0dd9b8
b-v6h-gain-5bfd95f0-tX0/artifacts.sha256.json,3926992,df666bc615e263d3aa40d5696196e42ed96a4d5e918d9b1c76d313e367b965d2,
b-v6h-gain-5bfd95f0-tX0/plan.json,45785,5590da8fbd007fa42c4c530b600a44e230152833fcdb417f825bbdcbf6690199,5590da8fbd007fa42c4c530b600a44e230152833fcdb417f825bbdcbf6690199
b-v6h-gain-5bfd95f0-tX0/cases/chain_b-v6h.k1g+p2f+gain_teacher_X00_F_hR2_04_s913_pPOST_VENVS/case.json,2861,651474722353d1eeb7cec15729001cccc28b7d0b04619b73f8558755d394ce5b,651474722353d1eeb7cec15729001cccc28b7d0b04619b73f8558755d394ce5b
b-v6h-gain-5bfd95f0-tX0/cases/chain_b-v6h.k1g+p2f+gain_teacher_X00_F_hR2_04_s913_pPOST_VENVS/result.json,207995,0abab733735ab233dd47acdcb027fe0b5400f9fc36ddcafe3ecfee28f991cbee,0abab733735ab233dd47acdcb027fe0b5400f9fc36ddcafe3ecfee28f991cbee
b-v6h-gain-5bfd95f0-tX0/cases/chain_b-v6h.k1g+p2f+gain_teacher_X01_s911_pPOST_VENVS/case.json,2833,ac3caa7a392632098c5cff14bd932d42729eb88a0ee5f9314dec44a811454078,ac3caa7a392632098c5cff14bd932d42729eb88a0ee5f9314dec44a811454078
b-v6h-gain-5bfd95f0-tX0/cases/chain_b-v6h.k1g+p2f+gain_teacher_X01_s911_pPOST_VENVS/result.json,207899,80a5d339586cac02bfdeac2ba66c740c4b000e07d5093c4975fc1da478cee851,80a5d339586cac02bfdeac2ba66c740c4b000e07d5093c4975fc1da478cee851
b-v6h-gain-5bfd95f0-tX0/cases/chain_b-v6h.k1g+p2f+gain_teacher_X00_F_hR2_04_s911_pPOST_VENVS/case.json,2861,6b105bf7a6905a2748adb0adbdc20a05854c053a613f2b284805c25e425ebad2,6b105bf7a6905a2748adb0adbdc20a05854c053a613f2b284805c25e425ebad2
b-v6h-gain-5bfd95f0-tX0/cases/chain_b-v6h.k1g+p2f+gain_teacher_X00_F_hR2_04_s911_pPOST_VENVS/result.json,207985,9c5c4c8ebf54a3af04b413c3634375353b48546abe5e57bde89c0162e6462005,9c5c4c8ebf54a3af04b413c3634375353b48546abe5e57bde89c0162e6462005
b-v6h-gain-5bfd95f0-tX0/cases/chain_b-v6h.k1g+p2f+gain_teacher_X01_s913_pPOST_VENVS/case.json,2833,5c08e97097b4ce72433605b0a260e5b5bb5c86e5ba097a624d1799870b234c60,5c08e97097b4ce72433605b0a260e5b5bb5c86e5ba097a624d1799870b234c60
b-v6h-gain-5bfd95f0-tX0/cases/chain_b-v6h.k1g+p2f+gain_teacher_X01_s913_pPOST_VENVS/result.json,207889,fc47be7a1d3cdd21bab15a2013519405037666fd93ee7b18ff897e9a3106aff3,fc47be7a1d3cdd21bab15a2013519405037666fd93ee7b18ff897e9a3106aff3
b-v6h-gain-5bfd95f0-tX0/cases/chain_b-v6h.k1g+p2f+gain_teacher_X03_s911_pPOST_VENVS/case.json,2832,5eda2aae5acc458f6a9260401b0fe3781b28860cd107a16d2599ce7712f2ed2d,5eda2aae5acc458f6a9260401b0fe3781b28860cd107a16d2599ce7712f2ed2d
b-v6h-gain-5bfd95f0-tX0/cases/chain_b-v6h.k1g+p2f+gain_teacher_X03_s911_pPOST_VENVS/result.json,65023,9eaffde5896fe0e098266751b3ce05e46d4e4e99a4c05aa698e10331215a3947,9eaffde5896fe0e098266751b3ce05e46d4e4e99a4c05aa698e10331215a3947
b-v6h-gain-5bfd95f0-tX0/cases/chain_b-v6h.k1g+p2f+gain_teacher_X02_s913_pPOST_VENVS/case.json,2847,7fc1a4e38c8d92de0a2d3b8a5dcde505f862a3db1655e454ded3a3aef3184c26,7fc1a4e38c8d92de0a2d3b8a5dcde505f862a3db1655e454ded3a3aef3184c26
b-v6h-gain-5bfd95f0-tX0/cases/chain_b-v6h.k1g+p2f+gain_teacher_X02_s913_pPOST_VENVS/result.json,207970,f70b5eea86a607da0a60acdb52ff067a171331e1022cd18aec8a4c7a424631ca,f70b5eea86a607da0a60acdb52ff067a171331e1022cd18aec8a4c7a424631ca
b-v6h-gain-5bfd95f0-tX0/cases/chain_b-v6h.k1g+p2f+gain_teacher_X02_s911_pPOST_VENVS/case.json,2847,2eadccd65410b2fa5eeba0fed17216d164009e243d43a3e63eb5722b0e33e36a,2eadccd65410b2fa5eeba0fed17216d164009e243d43a3e63eb5722b0e33e36a
b-v6h-gain-5bfd95f0-tX0/cases/chain_b-v6h.k1g+p2f+gain_teacher_X02_s911_pPOST_VENVS/result.json,207954,5b7c0d30c4e9251459332de5124e692ac1f5becb3cf47573ebe198808bcff44b,5b7c0d30c4e9251459332de5124e692ac1f5becb3cf47573ebe198808bcff44b
b-v6h-gain-5bfd95f0-tX0/cases/chain_b-v6h.k1g+p2f+gain_teacher_X03_s913_pPOST_VENVS/case.json,2832,27455e94989b5508030ea2676cd3cdd3b6f6b4f531c6bf2be2d8c0ff998ee473,27455e94989b5508030ea2676cd3cdd3b6f6b4f531c6bf2be2d8c0ff998ee473
b-v6h-gain-5bfd95f0-tX0/cases/chain_b-v6h.k1g+p2f+gain_teacher_X03_s913_pPOST_VENVS/result.json,207643,8e97882c59b30695414b3a926ada22f35ed8fe82809b764f0b55fdd12040802d,8e97882c59b30695414b3a926ada22f35ed8fe82809b764f0b55fdd12040802d
b-v6h-gain-5bfd95f0-tX0/cases/chain_b-v6h.k1g+p2f+gain_teacher_X04_s911_pPOST_VENVS/case.json,2834,b1bafba3aedc7cc858ffbc6c98a174f7c31363efaed352ec179fbe5783c53939,b1bafba3aedc7cc858ffbc6c98a174f7c31363efaed352ec179fbe5783c53939
b-v6h-gain-5bfd95f0-tX0/cases/chain_b-v6h.k1g+p2f+gain_teacher_X04_s911_pPOST_VENVS/result.json,205118,96e0765c2b3c8008a79db6fd5f651c72f8f1b7b0df70b6f2e435b436ba46247a,96e0765c2b3c8008a79db6fd5f651c72f8f1b7b0df70b6f2e435b436ba46247a
b-v6h-gain-5bfd95f0-tX0/cases/chain_b-v6h.k1g+p2f+gain_teacher_X04_s913_pPOST_VENVS/case.json,2834,0cf5dcf813474fbbd8290a73421e79204c1a1c865b2b31010f4885b187415eb5,0cf5dcf813474fbbd8290a73421e79204c1a1c865b2b31010f4885b187415eb5
b-v6h-gain-5bfd95f0-tX0/cases/chain_b-v6h.k1g+p2f+gain_teacher_X04_s913_pPOST_VENVS/result.json,205058,1816672d8897b73f3d66d25a2f7604bdf3b802916427f40aed02acafd4b68efd,1816672d8897b73f3d66d25a2f7604bdf3b802916427f40aed02acafd4b68efd
b-v6h-gain-5bfd95f0-tX0/cases/chain_b-v6h.k1g+p2f+gain_teacher_X05_s911_pPOST_VENVS/case.json,2833,98de124f8fe55b10ddff1971870f8dd97ddb787d8d8fed4132ac1614fac26c25,98de124f8fe55b10ddff1971870f8dd97ddb787d8d8fed4132ac1614fac26c25
b-v6h-gain-5bfd95f0-tX0/cases/chain_b-v6h.k1g+p2f+gain_teacher_X05_s911_pPOST_VENVS/result.json,205101,d48d6869cbe987d1bf3b330f91498527dc8b6b110cc98fb42f230e78f8078922,d48d6869cbe987d1bf3b330f91498527dc8b6b110cc98fb42f230e78f8078922
b-v6h-gain-5bfd95f0-tX0/cases/chain_b-v6h.k1g+p2f+gain_teacher_X05_s913_pPOST_VENVS/case.json,2833,1dede61d910ada4b934a725c8192d66d71b792e7481b17514a6b732c7a5bc1a3,1dede61d910ada4b934a725c8192d66d71b792e7481b17514a6b732c7a5bc1a3
b-v6h-gain-5bfd95f0-tX0/cases/chain_b-v6h.k1g+p2f+gain_teacher_X05_s913_pPOST_VENVS/result.json,205151,29942d14c71ba68053da7725a55c3599c750d84689ed067b0ec7bf7ffd50c24a,29942d14c71ba68053da7725a55c3599c750d84689ed067b0ec7bf7ffd50c24a
b-v6h-gain-5bfd95f0-tX0/cases/chain_b-v6h.k1g+p2f+gain_teacher_X06_s911_pPOST_VENVS/case.json,2839,b25caa6eae09b29b356e702dd18058a543fe78e627e18fa4453f0dcb537e9103,b25caa6eae09b29b356e702dd18058a543fe78e627e18fa4453f0dcb537e9103
b-v6h-gain-5bfd95f0-tX0/cases/chain_b-v6h.k1g+p2f+gain_teacher_X06_s911_pPOST_VENVS/result.json,205239,96f480711ef26474bf2c2494ff4da999f75f1e158ebf710feba2df35c2828c1f,96f480711ef26474bf2c2494ff4da999f75f1e158ebf710feba2df35c2828c1f
b-v6h-gain-5bfd95f0-tX0/cases/chain_b-v6h.k1g+p2f+gain_teacher_X06_s913_pPOST_VENVS/case.json,2839,57221c04aff7eb4f9a9c78306938dcb3219445aa03aedc7729bf885b2b83e943,57221c04aff7eb4f9a9c78306938dcb3219445aa03aedc7729bf885b2b83e943
b-v6h-gain-5bfd95f0-tX0/cases/chain_b-v6h.k1g+p2f+gain_teacher_X06_s913_pPOST_VENVS/result.json,205256,f312884808f0c34a12c45d8fda2330d109a6fbadd410ee111e2179fc287de9c9,f312884808f0c34a12c45d8fda2330d109a6fbadd410ee111e2179fc287de9c9
b-v6h-gain-5bfd95f0-tX1b/manifest.json,168472,47482a0f7af39a1307a3448fb4fe619249091eed7f3100c03e473721d903b5c0,
b-v6h-gain-5bfd95f0-tX1b/cases.jsonl,17687,5619275fecf092957d3cb1fb3424cc8bce933bad7a45afd3ad703fbac9c6c324,5619275fecf092957d3cb1fb3424cc8bce933bad7a45afd3ad703fbac9c6c324
b-v6h-gain-5bfd95f0-tX1b/artifacts.sha256.json,574299,44603c98d4578c5722589e99027d04789c3a6b759199a659d3774fc1b133082d,
b-v6h-gain-5bfd95f0-tX1b/plan.json,6719,b6b4698a9025e3a9e03c34a100a73b4f918fc6d6d90ae780bf5716e8750cce37,b6b4698a9025e3a9e03c34a100a73b4f918fc6d6d90ae780bf5716e8750cce37
b-v6h-gain-5bfd95f0-tX1b/cases/chain_b-v6h.k1g+p2f+gain+alag_teacher_X06_s913_pPOST_VENVS/case.json,2874,ee1182bd3af9ca54195d3e84d8100fed39846dde5d90a19c6b3e7176dcd67caf,ee1182bd3af9ca54195d3e84d8100fed39846dde5d90a19c6b3e7176dcd67caf
b-v6h-gain-5bfd95f0-tX1b/cases/chain_b-v6h.k1g+p2f+gain+alag_teacher_X06_s913_pPOST_VENVS/result.json,204638,b3729224be2c8392eef7baa0a744a41d1065eea44e1655e2d7baaec374fe46ad,b3729224be2c8392eef7baa0a744a41d1065eea44e1655e2d7baaec374fe46ad
b-v6h-gain-5bfd95f0-tX1b/cases/chain_b-v6h.k1g+p2f+gain+alag_teacher_X06_s911_pPOST_VENVS/case.json,2874,1745281aa6da92fbfadccc8ab890c683fe742b1332fb0603eedc4e17322e433d,1745281aa6da92fbfadccc8ab890c683fe742b1332fb0603eedc4e17322e433d
b-v6h-gain-5bfd95f0-tX1b/cases/chain_b-v6h.k1g+p2f+gain+alag_teacher_X06_s911_pPOST_VENVS/result.json,204627,96598112e2b2980d6d94041abd3872edf21140dd4b3120048a84740408e0920b,96598112e2b2980d6d94041abd3872edf21140dd4b3120048a84740408e0920b
b-v6h-gain-64abed88-rA/manifest.json,168310,525729d40876b332e0c6dd8f2fefa6851fa8e84babeef8053c4d2cfcca6c35b8,
b-v6h-gain-64abed88-rA/cases.jsonl,177462,85d914e8634b4171e0591c5d70e5d10ea2883ef9be5f08a4c6140c327f9bdce0,85d914e8634b4171
b-v6h-gain-64abed88-rA/artifacts.sha256.json,5679905,252686ee17287fd7cab2d4695540e5dade89809f9385cf62ed8b4d327bcc79ae,
b-v6h-gain-64abed88-rA/plan.json,67599,08bd9ac95c061344e80e0549b509dffd559af1694c0413444022729c608f8a6b,
b-v6h-gain-64abed88-rA/cases/chain_b-v6h.k1g+p2f_teacher_hR2_02_s913_pPOST_VhR2/case.json,2959,945ac5cd41ada002abab76b7450841d73ea8bfe0690b8a467956862348bb8c4a,945ac5cd41ada002abab76b7450841d73ea8bfe0690b8a467956862348bb8c4a
b-v6h-gain-64abed88-rA/cases/chain_b-v6h.k1g+p2f_teacher_hR2_02_s913_pPOST_VhR2/result.json,203982,4069f6b877fa81c5e46bed8a61a14d8f1ca68cadce511a2757027977137c4cb1,4069f6b877fa81c5e46bed8a61a14d8f1ca68cadce511a2757027977137c4cb1
b-v6h-gain-64abed88-rA/cases/chain_b-v6h.k1g+p2f_teacher_hR2_02_s911_pPOST_VhR2/case.json,2959,39e87309ed715be89accbf92738c88c991483547a6287436884442e73e2b7f1b,39e87309ed715be89accbf92738c88c991483547a6287436884442e73e2b7f1b
b-v6h-gain-64abed88-rA/cases/chain_b-v6h.k1g+p2f_teacher_hR2_02_s911_pPOST_VhR2/result.json,203962,719a906c8b64494ae7736afd36cee8b91ae43155f749d9a79608a0e2dabe0ada,719a906c8b64494ae7736afd36cee8b91ae43155f749d9a79608a0e2dabe0ada
b-v6h-gain-64abed88-rA/cases/chain_b-v6h.k1g+p2f_teacher_hR2_01_s913_pPOST_VhR2/case.json,2957,e919a49addafadcd189dba7fc7a893af4131d0b1d2a9ded7d20d8aa4d6243dd3,e919a49addafadcd189dba7fc7a893af4131d0b1d2a9ded7d20d8aa4d6243dd3
b-v6h-gain-64abed88-rA/cases/chain_b-v6h.k1g+p2f_teacher_hR2_01_s913_pPOST_VhR2/result.json,204405,1929df98f3f58a565588912f3daf16a47beb5aa1251b26732d0fe59c8f7e9a90,1929df98f3f58a565588912f3daf16a47beb5aa1251b26732d0fe59c8f7e9a90
b-v6h-gain-64abed88-rA/cases/chain_b-v6h.k1g+p2f_teacher_hR2_01_s911_pPOST_VhR2/case.json,2957,0d9c6d53e7648ac459cc3666c20a393c067a6aff00ce351bc5f2ca79ae046f52,0d9c6d53e7648ac459cc3666c20a393c067a6aff00ce351bc5f2ca79ae046f52
b-v6h-gain-64abed88-rA/cases/chain_b-v6h.k1g+p2f_teacher_hR2_01_s911_pPOST_VhR2/result.json,204445,869e38ab788082836e71cfea219cd7075290920ac7c3e34811661bc8ad1c0f57,869e38ab788082836e71cfea219cd7075290920ac7c3e34811661bc8ad1c0f57
b-v6h-gain-64abed88-rA/cases/chain_b-v6h.k1g+p2f_teacher_hR2_03_s911_pPOST_VhR2/case.json,2953,fd8417e78d5bc5753773370cfe8a6d947649cf370238c5ea608133277e30fa8e,fd8417e78d5bc5753773370cfe8a6d947649cf370238c5ea608133277e30fa8e
b-v6h-gain-64abed88-rA/cases/chain_b-v6h.k1g+p2f_teacher_hR2_03_s911_pPOST_VhR2/result.json,204010,cfcc6525ed5633e65ee84a384e0db8d0984ee7f44f7ec5a5c27abfd38584b620,cfcc6525ed5633e65ee84a384e0db8d0984ee7f44f7ec5a5c27abfd38584b620
b-v6h-gain-64abed88-rA/cases/chain_b-v6h.k1g+p2f_teacher_hR2_03_s913_pPOST_VhR2/case.json,2953,e4e64473eae945fb3fa5250bc9858c875c23e90bfaefdc33ba660e3095edb119,e4e64473eae945fb3fa5250bc9858c875c23e90bfaefdc33ba660e3095edb119
b-v6h-gain-64abed88-rA/cases/chain_b-v6h.k1g+p2f_teacher_hR2_03_s913_pPOST_VhR2/result.json,204061,6b6f0cec4c3b762cf742b731c6ea356180f6fab75f6f861d9135e55727e6746e,6b6f0cec4c3b762cf742b731c6ea356180f6fab75f6f861d9135e55727e6746e
b-v6h-gain-64abed88-rA/cases/chain_b-v6h.k1g+p2f_teacher_hR2_04_s911_pPOST_VhR2/case.json,2959,34dabdab287512a1d3227f88443e305ec9342a37ec8e2fb2f60b6ff9b7e68bbe,34dabdab287512a1d3227f88443e305ec9342a37ec8e2fb2f60b6ff9b7e68bbe
b-v6h-gain-64abed88-rA/cases/chain_b-v6h.k1g+p2f_teacher_hR2_04_s911_pPOST_VhR2/result.json,207199,1489fa458c702fbade263961e1a795839308f4c5fdd6122b361724eb5016cc8e,1489fa458c702fbade263961e1a795839308f4c5fdd6122b361724eb5016cc8e
b-v6h-gain-64abed88-rA/cases/chain_b-v6h.k1g+p2f_teacher_hR2_04_s913_pPOST_VhR2/case.json,2959,36c951e472f14264b9dfc7191d818a8e81afd2dfa3b7428dfaab5169b631785b,36c951e472f14264b9dfc7191d818a8e81afd2dfa3b7428dfaab5169b631785b
b-v6h-gain-64abed88-rA/cases/chain_b-v6h.k1g+p2f_teacher_hR2_04_s913_pPOST_VhR2/result.json,207175,8337016bced1fbe58fc5efffd911e8fb7ea53f3ec1d51249458295e1e2c812b6,8337016bced1fbe58fc5efffd911e8fb7ea53f3ec1d51249458295e1e2c812b6
b-v6h-gain-64abed88-rA/cases/chain_b-v6h.k1g+p2f_teacher_hR2_05_s911_pPOST_VhR2/case.json,2957,258af190d1ef1f1bf73f9137a27c166db1fb86b6b286520661a0c238d1123358,258af190d1ef1f1bf73f9137a27c166db1fb86b6b286520661a0c238d1123358
b-v6h-gain-64abed88-rA/cases/chain_b-v6h.k1g+p2f_teacher_hR2_05_s911_pPOST_VhR2/result.json,207250,f49c682346441edf56e2aa21bc9153194f374f8eed7b3e02483b9c52aa0d9c75,f49c682346441edf56e2aa21bc9153194f374f8eed7b3e02483b9c52aa0d9c75
b-v6h-gain-64abed88-rA/cases/chain_b-v6h.k1g+p2f_teacher_hR2_05_s913_pPOST_VhR2/case.json,2957,16d2d2f9a8c5eaca67467a33af4ea309568e680b67ae35dd474a0fed84bc0576,16d2d2f9a8c5eaca67467a33af4ea309568e680b67ae35dd474a0fed84bc0576
b-v6h-gain-64abed88-rA/cases/chain_b-v6h.k1g+p2f_teacher_hR2_05_s913_pPOST_VhR2/result.json,207124,eb898173b71a5bf13072629a242847e37349066d23f957c2461c3b023c4c9667,eb898173b71a5bf13072629a242847e37349066d23f957c2461c3b023c4c9667
b-v6h-gain-64abed88-rA/cases/chain_b-v6h.k1g+p2f_teacher_hR2_06_s911_pPOST_VhR2/case.json,2956,a247e9aee1a6122662c3ae05fb986e5efa328ad38c24b24650a77baf218974bb,a247e9aee1a6122662c3ae05fb986e5efa328ad38c24b24650a77baf218974bb
b-v6h-gain-64abed88-rA/cases/chain_b-v6h.k1g+p2f_teacher_hR2_06_s911_pPOST_VhR2/result.json,207213,5947c3540685d8a56ef3d81e142e690c1f09c9d0c10aca9601d38bd22aa652c2,5947c3540685d8a56ef3d81e142e690c1f09c9d0c10aca9601d38bd22aa652c2
b-v6h-gain-64abed88-rA/cases/chain_b-v6h.k1g+p2f_teacher_hR2_06_s913_pPOST_VhR2/case.json,2956,2af8b770cf718d2376718fdaec112c52576b0c790a4309019cee68c58c5754c1,2af8b770cf718d2376718fdaec112c52576b0c790a4309019cee68c58c5754c1
b-v6h-gain-64abed88-rA/cases/chain_b-v6h.k1g+p2f_teacher_hR2_06_s913_pPOST_VhR2/result.json,207285,b60a5ae1c79569506f6cd75b485543f3c070cf3a27ee793bf9312d5a3fd72630,b60a5ae1c79569506f6cd75b485543f3c070cf3a27ee793bf9312d5a3fd72630
b-v6h-gain-64abed88-rA/cases/chain_b-v6h.k1g+p2f_teacher_hR2_07_s911_pPOST_VhR2/case.json,2960,42d39ceefa2f357df9585e484603dbdf4009876708af541da62f57bab3a83579,42d39ceefa2f357df9585e484603dbdf4009876708af541da62f57bab3a83579
b-v6h-gain-64abed88-rA/cases/chain_b-v6h.k1g+p2f_teacher_hR2_07_s911_pPOST_VhR2/result.json,203955,c3a8159815ba6c1a3db66b3b57553712bfcb3d351d55ddcf71c467b965101f25,c3a8159815ba6c1a3db66b3b57553712bfcb3d351d55ddcf71c467b965101f25
b-v6h-gain-64abed88-rA/cases/chain_b-v6h.k1g+p2f_teacher_hR2_07_s913_pPOST_VhR2/case.json,2960,ad19e053938536bee3cad7d4810927d55e7ba33b4ec7a221a7e4adffa728870d,ad19e053938536bee3cad7d4810927d55e7ba33b4ec7a221a7e4adffa728870d
b-v6h-gain-64abed88-rA/cases/chain_b-v6h.k1g+p2f_teacher_hR2_07_s913_pPOST_VhR2/result.json,203929,f8be9cd06840a72921515e2250a46dba941f57ef2e2e438099b50107ae404607,f8be9cd06840a72921515e2250a46dba941f57ef2e2e438099b50107ae404607
b-v6h-gain-64abed88-rA/cases/chain_b-v6h.k1g+p2f_teacher_hR2_08_s911_pPOST_VhR2/case.json,2950,5da9034886857f445d6d3b411b73bcad5df963367a06670cce66c9546e0c3fec,5da9034886857f445d6d3b411b73bcad5df963367a06670cce66c9546e0c3fec
b-v6h-gain-64abed88-rA/cases/chain_b-v6h.k1g+p2f_teacher_hR2_08_s911_pPOST_VhR2/result.json,203998,4eaa9346ad0a276655bfaa23d8fb6e61799824f8c5381ff3b0a0436c4246000d,4eaa9346ad0a276655bfaa23d8fb6e61799824f8c5381ff3b0a0436c4246000d
b-v6h-gain-64abed88-rA/cases/chain_b-v6h.k1g+p2f_teacher_hR2_08_s913_pPOST_VhR2/case.json,2950,01d81959c047f2c079155b7ec00339edfed425a9c698b5bde474e919dfbeff76,01d81959c047f2c079155b7ec00339edfed425a9c698b5bde474e919dfbeff76
b-v6h-gain-64abed88-rA/cases/chain_b-v6h.k1g+p2f_teacher_hR2_08_s913_pPOST_VhR2/result.json,203969,31861038c4276698b4d696fc45177d4029af77a78c618b16aa81220cebefc973,31861038c4276698b4d696fc45177d4029af77a78c618b16aa81220cebefc973
b-v6h-gain-64abed88-rA/cases/chain_b-v6h.k1g+p2f_teacher_hR2_09_s911_pPOST_VhR2/case.json,2955,796dfd036b95e826a5e93c0e072a3f020786657b1aa4b395bfaa65e5c1957a54,796dfd036b95e826a5e93c0e072a3f020786657b1aa4b395bfaa65e5c1957a54
b-v6h-gain-64abed88-rA/cases/chain_b-v6h.k1g+p2f_teacher_hR2_09_s911_pPOST_VhR2/result.json,203995,b3a84d9f010d9a35295b17a3bef3ae8333d461e6ff3f242849f81fac29b5d3fb,b3a84d9f010d9a35295b17a3bef3ae8333d461e6ff3f242849f81fac29b5d3fb
b-v6h-gain-64abed88-rA/cases/chain_b-v6h.k1g+p2f_teacher_hR2_09_s913_pPOST_VhR2/case.json,2955,0a430b618f1432be43ad9769c165eddd2cdda150777f7dfd89a9d2ffb1ab4677,0a430b618f1432be43ad9769c165eddd2cdda150777f7dfd89a9d2ffb1ab4677
b-v6h-gain-64abed88-rA/cases/chain_b-v6h.k1g+p2f_teacher_hR2_09_s913_pPOST_VhR2/result.json,203988,46f0ba3db21fb2f79df96105036271533a4b7361798b4b3318538e7ee1578518,46f0ba3db21fb2f79df96105036271533a4b7361798b4b3318538e7ee1578518
b-v6h-gain-64abed88-rA/cases/chain_b-v6h.k1g+p2f_teacher_hR2_10_s911_pPOST_VhR2/case.json,2954,904c943a4c971d7730813967c2d194e92b6fe0e2ecdbcecfb3df07b862c73a1c,904c943a4c971d7730813967c2d194e92b6fe0e2ecdbcecfb3df07b862c73a1c
b-v6h-gain-64abed88-rA/cases/chain_b-v6h.k1g+p2f_teacher_hR2_10_s911_pPOST_VhR2/result.json,204041,bd224ea8a89bb88a5b5a764b35af672097e9249d1e9d13681ab0c7141c3e94e9,bd224ea8a89bb88a5b5a764b35af672097e9249d1e9d13681ab0c7141c3e94e9
b-v6h-gain-64abed88-rA/cases/chain_b-v6h.k1g+p2f_teacher_hR2_10_s913_pPOST_VhR2/case.json,2954,037f2bb0bd850786c340e5810319b6206333ebc5ce6aee25b5d86ce8e45783cc,037f2bb0bd850786c340e5810319b6206333ebc5ce6aee25b5d86ce8e45783cc
b-v6h-gain-64abed88-rA/cases/chain_b-v6h.k1g+p2f_teacher_hR2_10_s913_pPOST_VhR2/result.json,204025,eda0cf11d785445a86dc63b3d210f14f19bf6db05320832306eac91f438da7f1,eda0cf11d785445a86dc63b3d210f14f19bf6db05320832306eac91f438da7f1
b-v6h-gain-64abed88-rB/manifest.json,168308,537e261b1061aa28bc3ed11b4886e004f18eb5fc718bc0aa3a3ce3f424b7ce4a,
b-v6h-gain-64abed88-rB/cases.jsonl,177608,7338e9a1191a383d6f95f22638bbbe9c00cd8dd8258ba9b8bc79a0910b9a85a1,7338e9a1191a383d6f95f22638bbbe9c00cd8dd8258ba9b8bc79a0910b9a85a1
b-v6h-gain-64abed88-rB/artifacts.sha256.json,5829365,d450603116090e9d147c9209626bff6562cb1e6c6fcf2560953605d1c50d19ca,
b-v6h-gain-64abed88-rB/plan.json,68299,482f913aab9ef0a818aa9545e61cb80034862b44db37b5337d9e7b3e84b53e1a,
b-v6h-gain-64abed88-rB/cases/chain_b-v6h.k1g+p2f+gain_teacher_hR2_02_s911_pPOST_VhR2/case.json,2990,863b73d4adbe02e8ec5a628bdebb82ed507ca441d3e6cd973875bfab44fa2c93,863b73d4adbe02e8ec5a628bdebb82ed507ca441d3e6cd973875bfab44fa2c93
b-v6h-gain-64abed88-rB/cases/chain_b-v6h.k1g+p2f+gain_teacher_hR2_02_s911_pPOST_VhR2/result.json,204991,d787d4e703b6a263aa2f62486afbbbeb19c09821897bd91bace3f65d74db75f8,d787d4e703b6a263aa2f62486afbbbeb19c09821897bd91bace3f65d74db75f8
b-v6h-gain-64abed88-rB/cases/chain_b-v6h.k1g+p2f+gain_teacher_hR2_02_s913_pPOST_VhR2/case.json,2990,efe9f20ba11c49d28fece47325cff46bf3cf5a3e8adc39844e11a02f6e54fcc9,efe9f20ba11c49d28fece47325cff46bf3cf5a3e8adc39844e11a02f6e54fcc9
b-v6h-gain-64abed88-rB/cases/chain_b-v6h.k1g+p2f+gain_teacher_hR2_02_s913_pPOST_VhR2/result.json,205045,0afb3d98f51e2bc7393694c32ea94ba1583695bb4431aac27920e96759786051,0afb3d98f51e2bc7393694c32ea94ba1583695bb4431aac27920e96759786051
b-v6h-gain-64abed88-rB/cases/chain_b-v6h.k1g+p2f+gain_teacher_hR2_01_s911_pPOST_VhR2/case.json,2988,9fb167dbcc999ae37c61875f58b72e5653cd4062889baa2b92179226d356b87b,9fb167dbcc999ae37c61875f58b72e5653cd4062889baa2b92179226d356b87b
b-v6h-gain-64abed88-rB/cases/chain_b-v6h.k1g+p2f+gain_teacher_hR2_01_s911_pPOST_VhR2/result.json,205494,04b893ba6b2d8f5cf82c238f8646fe289ec3e328ddc9f1cab0d491c180895ece,04b893ba6b2d8f5cf82c238f8646fe289ec3e328ddc9f1cab0d491c180895ece
b-v6h-gain-64abed88-rB/cases/chain_b-v6h.k1g+p2f+gain_teacher_hR2_01_s913_pPOST_VhR2/case.json,2988,86e598568d6d96013d67c9971658dca61e61749df8b4390c2d5b15ca80a838c0,86e598568d6d96013d67c9971658dca61e61749df8b4390c2d5b15ca80a838c0
b-v6h-gain-64abed88-rB/cases/chain_b-v6h.k1g+p2f+gain_teacher_hR2_01_s913_pPOST_VhR2/result.json,205437,27723570e337b8be7005d57bf30bcd085db4108bc5c28faafc63bccf0328bf56,27723570e337b8be7005d57bf30bcd085db4108bc5c28faafc63bccf0328bf56
b-v6h-gain-64abed88-rB/cases/chain_b-v6h.k1g+p2f+gain_teacher_hR2_03_s911_pPOST_VhR2/case.json,2984,96e0e4c5b6d5cd742eb4b9fa9161a6ee77dcab09b42fcf71fdf5f516b288ad92,96e0e4c5b6d5cd742eb4b9fa9161a6ee77dcab09b42fcf71fdf5f516b288ad92
b-v6h-gain-64abed88-rB/cases/chain_b-v6h.k1g+p2f+gain_teacher_hR2_03_s911_pPOST_VhR2/result.json,205055,e61e6a6af0a143afd66a106fb2d7ac876b26a119d54cd66ed2bed74e7fd0718d,e61e6a6af0a143afd66a106fb2d7ac876b26a119d54cd66ed2bed74e7fd0718d
b-v6h-gain-64abed88-rB/cases/chain_b-v6h.k1g+p2f+gain_teacher_hR2_03_s913_pPOST_VhR2/case.json,2984,d95693d525b729473c723f768258c817d326eefc9cb5f2c98f9e5962748d399e,d95693d525b729473c723f768258c817d326eefc9cb5f2c98f9e5962748d399e
b-v6h-gain-64abed88-rB/cases/chain_b-v6h.k1g+p2f+gain_teacher_hR2_03_s913_pPOST_VhR2/result.json,205102,50b1c06a56eea19d6c0af15ae45bdba5862d5cbbefed2c6bd2aaff106643edbb,50b1c06a56eea19d6c0af15ae45bdba5862d5cbbefed2c6bd2aaff106643edbb
b-v6h-gain-64abed88-rB/cases/chain_b-v6h.k1g+p2f+gain_teacher_hR2_04_s911_pPOST_VhR2/case.json,2990,c63bfeffa098c70a5cc54752677778596806986a88f3ecae2f196aac4b98020d,c63bfeffa098c70a5cc54752677778596806986a88f3ecae2f196aac4b98020d
b-v6h-gain-64abed88-rB/cases/chain_b-v6h.k1g+p2f+gain_teacher_hR2_04_s911_pPOST_VhR2/result.json,208240,63c6f8ab553d9d596ab7cbfd3863b2473e08bd015ee5a0766b685987c37a5dc2,63c6f8ab553d9d596ab7cbfd3863b2473e08bd015ee5a0766b685987c37a5dc2
b-v6h-gain-64abed88-rB/cases/chain_b-v6h.k1g+p2f+gain_teacher_hR2_04_s913_pPOST_VhR2/case.json,2990,4a594081073d1a7e753bfc9650fea59d6e6f08a3ce6412737a31bd602d34fbac,4a594081073d1a7e753bfc9650fea59d6e6f08a3ce6412737a31bd602d34fbac
b-v6h-gain-64abed88-rB/cases/chain_b-v6h.k1g+p2f+gain_teacher_hR2_04_s913_pPOST_VhR2/result.json,208249,2f094852162b1889ee2cd8f5dc1c7287b8aa98f5ffa8d08122ec0fe6458dac93,2f094852162b1889ee2cd8f5dc1c7287b8aa98f5ffa8d08122ec0fe6458dac93
b-v6h-gain-64abed88-rB/cases/chain_b-v6h.k1g+p2f+gain_teacher_hR2_05_s911_pPOST_VhR2/case.json,2988,bfea20ab68a7fb8201ce0c219b7fa2bfe41abb0456936cdfc21f9e82dcbcc5a7,bfea20ab68a7fb8201ce0c219b7fa2bfe41abb0456936cdfc21f9e82dcbcc5a7
b-v6h-gain-64abed88-rB/cases/chain_b-v6h.k1g+p2f+gain_teacher_hR2_05_s911_pPOST_VhR2/result.json,208295,74b6247dcd32711a105a4986ef73dedbae7415434e93180847f8f15330f79df0,74b6247dcd32711a105a4986ef73dedbae7415434e93180847f8f15330f79df0
b-v6h-gain-64abed88-rB/cases/chain_b-v6h.k1g+p2f+gain_teacher_hR2_05_s913_pPOST_VhR2/case.json,2988,2c4eded703e30a3dc190db60e28dea0c553394cadd74d96678390f195d1fb556,2c4eded703e30a3dc190db60e28dea0c553394cadd74d96678390f195d1fb556
b-v6h-gain-64abed88-rB/cases/chain_b-v6h.k1g+p2f+gain_teacher_hR2_05_s913_pPOST_VhR2/result.json,208184,6177efcb885d14cdc1d74d2ef21a8f2e2cd28e40d31ea8825eb6c1f0919c657c,6177efcb885d14cdc1d74d2ef21a8f2e2cd28e40d31ea8825eb6c1f0919c657c
b-v6h-gain-64abed88-rB/cases/chain_b-v6h.k1g+p2f+gain_teacher_hR2_06_s913_pPOST_VhR2/case.json,2987,ef6d702cedba67fea4804f6d824b9d0ef8043539afeed3a81e55eafd93a736fe,ef6d702cedba67fea4804f6d824b9d0ef8043539afeed3a81e55eafd93a736fe
b-v6h-gain-64abed88-rB/cases/chain_b-v6h.k1g+p2f+gain_teacher_hR2_06_s913_pPOST_VhR2/result.json,208267,54e3f5fdae1cec6e82a2e55ac37b21246f1976f21d17c2eb70555d6efd1ae12d,54e3f5fdae1cec6e82a2e55ac37b21246f1976f21d17c2eb70555d6efd1ae12d
b-v6h-gain-64abed88-rB/cases/chain_b-v6h.k1g+p2f+gain_teacher_hR2_06_s911_pPOST_VhR2/case.json,2987,a187bf47cac32daf97e2e813091e8d5003462b8892b1712c8483355b1d5b0e20,a187bf47cac32daf97e2e813091e8d5003462b8892b1712c8483355b1d5b0e20
b-v6h-gain-64abed88-rB/cases/chain_b-v6h.k1g+p2f+gain_teacher_hR2_06_s911_pPOST_VhR2/result.json,208284,fc3a7614dae5741738d5703ae44fbee017b9bdfb0da53c1d31c3b67c4f44951e,fc3a7614dae5741738d5703ae44fbee017b9bdfb0da53c1d31c3b67c4f44951e
b-v6h-gain-64abed88-rB/cases/chain_b-v6h.k1g+p2f+gain_teacher_hR2_07_s913_pPOST_VhR2/case.json,2991,fd80beaffe9310cf7a7eb5eb9fc90a0fd40338623a79442ef2d42d7f83b6036f,fd80beaffe9310cf7a7eb5eb9fc90a0fd40338623a79442ef2d42d7f83b6036f
b-v6h-gain-64abed88-rB/cases/chain_b-v6h.k1g+p2f+gain_teacher_hR2_07_s913_pPOST_VhR2/result.json,204976,f9b90a79a003cc2d9b5f43db99a73de935a53cfdf432f4cd2b7ac3e6001dd1ed,f9b90a79a003cc2d9b5f43db99a73de935a53cfdf432f4cd2b7ac3e6001dd1ed
b-v6h-gain-64abed88-rB/cases/chain_b-v6h.k1g+p2f+gain_teacher_hR2_07_s911_pPOST_VhR2/case.json,2991,2705e22236eb3a38533b5706fbaf153b950d1e5c839887a4d10c98c112b61ac9,2705e22236eb3a38533b5706fbaf153b950d1e5c839887a4d10c98c112b61ac9
b-v6h-gain-64abed88-rB/cases/chain_b-v6h.k1g+p2f+gain_teacher_hR2_07_s911_pPOST_VhR2/result.json,205003,5a837c5c457cd74400faf08f3f4764cf229853fef228ee962ce489c1c7f011d7,5a837c5c457cd74400faf08f3f4764cf229853fef228ee962ce489c1c7f011d7
b-v6h-gain-64abed88-rB/cases/chain_b-v6h.k1g+p2f+gain_teacher_hR2_08_s911_pPOST_VhR2/case.json,2981,cc640592a62c7ffe88a017d9b260ea2898d25af0d7aa77066a0ad9b51aacb773,cc640592a62c7ffe88a017d9b260ea2898d25af0d7aa77066a0ad9b51aacb773
b-v6h-gain-64abed88-rB/cases/chain_b-v6h.k1g+p2f+gain_teacher_hR2_08_s911_pPOST_VhR2/result.json,205018,1152c7cf91495c87020d7c1fbdd54669d93edc2980df06b48a43c5b1aee483fd,1152c7cf91495c87020d7c1fbdd54669d93edc2980df06b48a43c5b1aee483fd
b-v6h-gain-64abed88-rB/cases/chain_b-v6h.k1g+p2f+gain_teacher_hR2_08_s913_pPOST_VhR2/case.json,2981,6279980991df23eb5c2e7c5248c1a25d11d54d5a520f5b2c9cb1c34077478607,6279980991df23eb5c2e7c5248c1a25d11d54d5a520f5b2c9cb1c34077478607
b-v6h-gain-64abed88-rB/cases/chain_b-v6h.k1g+p2f+gain_teacher_hR2_08_s913_pPOST_VhR2/result.json,204989,3a3a6f3a5a8ce783ad4c2ee7929d404ea8b4f7fdcedc154fcf6e21c3caa35292,3a3a6f3a5a8ce783ad4c2ee7929d404ea8b4f7fdcedc154fcf6e21c3caa35292
b-v6h-gain-64abed88-rB/cases/chain_b-v6h.k1g+p2f+gain_teacher_hR2_09_s913_pPOST_VhR2/case.json,2986,d3da47bc7c9d5c7fbbfc91857495268997c34395f0586d0d1d1f87074f0cfb8e,d3da47bc7c9d5c7fbbfc91857495268997c34395f0586d0d1d1f87074f0cfb8e
b-v6h-gain-64abed88-rB/cases/chain_b-v6h.k1g+p2f+gain_teacher_hR2_09_s913_pPOST_VhR2/result.json,205060,32f70d4851e752421ceec3d926cc5fd3fd4e368cd76fc6fdd002d414900f315b,32f70d4851e752421ceec3d926cc5fd3fd4e368cd76fc6fdd002d414900f315b
b-v6h-gain-64abed88-rB/cases/chain_b-v6h.k1g+p2f+gain_teacher_hR2_09_s911_pPOST_VhR2/case.json,2986,fa63aa91bf14bea3906ac918abd02960e7cf7d803aa6a60d168c83b36ec2fddb,fa63aa91bf14bea3906ac918abd02960e7cf7d803aa6a60d168c83b36ec2fddb
b-v6h-gain-64abed88-rB/cases/chain_b-v6h.k1g+p2f+gain_teacher_hR2_09_s911_pPOST_VhR2/result.json,205049,2f8097d5ad9d55172fbc40a2c311bfb98a174c121c2fffb45a026d90d6f0fea8,2f8097d5ad9d55172fbc40a2c311bfb98a174c121c2fffb45a026d90d6f0fea8
b-v6h-gain-64abed88-rB/cases/chain_b-v6h.k1g+p2f+gain_teacher_hR2_10_s911_pPOST_VhR2/case.json,2985,0056677369c19fc9fcbb266624ea373faa643d29ce3cef4558aac3eaa1513fec,0056677369c19fc9fcbb266624ea373faa643d29ce3cef4558aac3eaa1513fec
b-v6h-gain-64abed88-rB/cases/chain_b-v6h.k1g+p2f+gain_teacher_hR2_10_s911_pPOST_VhR2/result.json,205088,1e57653c47bb4bade11dc2ef9c06e5aa6830c167870fb944d750f582463885eb,1e57653c47bb4bade11dc2ef9c06e5aa6830c167870fb944d750f582463885eb
b-v6h-gain-64abed88-rB/cases/chain_b-v6h.k1g+p2f+gain_teacher_hR2_10_s913_pPOST_VhR2/case.json,2985,8855539c29224d455091dfe590376e7024e64d8e29012759cd7c08a68adccf6f,8855539c29224d455091dfe590376e7024e64d8e29012759cd7c08a68adccf6f
b-v6h-gain-64abed88-rB/cases/chain_b-v6h.k1g+p2f+gain_teacher_hR2_10_s913_pPOST_VhR2/result.json,205048,1af9a4cbe06ca549b173bd892938a4791ef7e2299127db4e51fed20f387b6e1e,1af9a4cbe06ca549b173bd892938a4791ef7e2299127db4e51fed20f387b6e1e
b-v6h-gain-69c2a99a-cA/manifest.json,168310,4eb9688cb2219e82b2c92529f0590b6e2481dcb144cece1f348db96b04673739,
b-v6h-gain-69c2a99a-cA/cases.jsonl,211971,5737fbc925d94e096e000e088edd4c633ed5b4ce3874f05fd002f8eefe95c4a1,5737fbc925d94e09
b-v6h-gain-69c2a99a-cA/artifacts.sha256.json,6652951,9d2a9339ceb76c6043e04ef6369aa30a6081fe2a52ab835fe7be8338119ab2b9,
b-v6h-gain-69c2a99a-cA/plan.json,77405,c4af00f311fac74fed7508dc83cd775aad4844001fbda1de6a95e26069376267,
b-v6h-gain-69c2a99a-cA/cases/chain_b-v6h.k1g+p2f_teacher_F_hR2_04_s913_pPOST_VENV/case.json,2820,c48c9ba56328355e88889107719e15042cf0fd549e97f8f6c8932462408fc717,c48c9ba56328355e88889107719e15042cf0fd549e97f8f6c8932462408fc717
b-v6h-gain-69c2a99a-cA/cases/chain_b-v6h.k1g+p2f_teacher_F_hR2_04_s913_pPOST_VENV/result.json,204205,abc08413fbd0cc78b5716aeb680f15ba512d46fea3d035a66e9092c8013c5ba5,abc08413fbd0cc78b5716aeb680f15ba512d46fea3d035a66e9092c8013c5ba5
b-v6h-gain-69c2a99a-cA/cases/chain_b-v6h.k1g+p2f_teacher_F_hR2_04_s911_pPOST_VENV/case.json,2820,cb2c3cec9ac1c83641901cbc45529e38b0760e20a340bacdb983636fab122265,cb2c3cec9ac1c83641901cbc45529e38b0760e20a340bacdb983636fab122265
b-v6h-gain-69c2a99a-cA/cases/chain_b-v6h.k1g+p2f_teacher_F_hR2_04_s911_pPOST_VENV/result.json,204136,9ffb016be0d7677d7521793796d7eca1631e22f7689329ec6b8872a6d445d990,9ffb016be0d7677d7521793796d7eca1631e22f7689329ec6b8872a6d445d990
b-v6h-gain-69c2a99a-cA/cases/chain_b-v6h.k1g+p2f_teacher_N01_s913_pPOST_VENV/case.json,2799,4bf7694f72d04a2432d4085d8da29ede8ae03a1715d20731338c85c024905a29,4bf7694f72d04a2432d4085d8da29ede8ae03a1715d20731338c85c024905a29
b-v6h-gain-69c2a99a-cA/cases/chain_b-v6h.k1g+p2f_teacher_N01_s913_pPOST_VENV/result.json,204131,3428ab1e664e7c8d120198ba5ee266fbffbfc2f5785b774948c3a97702facfed,3428ab1e664e7c8d120198ba5ee266fbffbfc2f5785b774948c3a97702facfed
b-v6h-gain-69c2a99a-cA/cases/chain_b-v6h.k1g+p2f_teacher_N01_s911_pPOST_VENV/case.json,2799,05d055ace57cda42e929bdb642c82cf4b9e56a2345cc09bfcd5c9a6bf896ce1c,05d055ace57cda42e929bdb642c82cf4b9e56a2345cc09bfcd5c9a6bf896ce1c
b-v6h-gain-69c2a99a-cA/cases/chain_b-v6h.k1g+p2f_teacher_N01_s911_pPOST_VENV/result.json,204110,9559c516670645e4db62f8736ac68013b005537985ebfe05ded6edb62f9e1143,9559c516670645e4db62f8736ac68013b005537985ebfe05ded6edb62f9e1143
b-v6h-gain-69c2a99a-cA/cases/chain_b-v6h.k1g+p2f_teacher_N02_s911_pPOST_VENV/case.json,2803,cd43dfc23d3a47364445d6a33b93a9c79128c860a5eec51b68f720fbe5869aee,cd43dfc23d3a47364445d6a33b93a9c79128c860a5eec51b68f720fbe5869aee
b-v6h-gain-69c2a99a-cA/cases/chain_b-v6h.k1g+p2f_teacher_N02_s911_pPOST_VENV/result.json,204066,e9946b87b61a5ddb5439b8840335e04dfa939a63d2e08fe4961466c1b732521d,e9946b87b61a5ddb5439b8840335e04dfa939a63d2e08fe4961466c1b732521d
b-v6h-gain-69c2a99a-cA/cases/chain_b-v6h.k1g+p2f_teacher_N02_s913_pPOST_VENV/case.json,2803,35b911c5349b5bd4cbd40c817a835bfc18a6039ae7262c7f8889c620b254ad50,35b911c5349b5bd4cbd40c817a835bfc18a6039ae7262c7f8889c620b254ad50
b-v6h-gain-69c2a99a-cA/cases/chain_b-v6h.k1g+p2f_teacher_N02_s913_pPOST_VENV/result.json,203996,7818cd4d995c700b8e6b54ab606a9ff9e39a2768695a1e757058eee6cbbf6130,7818cd4d995c700b8e6b54ab606a9ff9e39a2768695a1e757058eee6cbbf6130
b-v6h-gain-69c2a99a-cA/cases/chain_b-v6h.k1g+p2f_teacher_N03_s911_pPOST_VENV/case.json,2808,d3d6119ccae70d7f1d36a1979d458ccef6ba347995a49419cfa34647f88da1da,d3d6119ccae70d7f1d36a1979d458ccef6ba347995a49419cfa34647f88da1da
b-v6h-gain-69c2a99a-cA/cases/chain_b-v6h.k1g+p2f_teacher_N03_s911_pPOST_VENV/result.json,204092,344fba4d42114b1ff830e45c27a383e4147014e350e691441f664607714b2bed,344fba4d42114b1ff830e45c27a383e4147014e350e691441f664607714b2bed
b-v6h-gain-69c2a99a-cA/cases/chain_b-v6h.k1g+p2f_teacher_N03_s913_pPOST_VENV/case.json,2808,7c622f30886cf2681d02ae45b99972a62a4522815f965dcb0624259e9984f235,7c622f30886cf2681d02ae45b99972a62a4522815f965dcb0624259e9984f235
b-v6h-gain-69c2a99a-cA/cases/chain_b-v6h.k1g+p2f_teacher_N03_s913_pPOST_VENV/result.json,204079,e0dce0f8d6f0dbbdd7ca189795f43dbea02f3c4e26f69862b1611a41e95eba1f,e0dce0f8d6f0dbbdd7ca189795f43dbea02f3c4e26f69862b1611a41e95eba1f
b-v6h-gain-69c2a99a-cA/cases/chain_b-v6h.k1g+p2f_teacher_N04_s911_pPOST_VENV/case.json,2810,2512efe194166f114dd9ff3d39af49510520764889199af176f27b652e3a01dd,2512efe194166f114dd9ff3d39af49510520764889199af176f27b652e3a01dd
b-v6h-gain-69c2a99a-cA/cases/chain_b-v6h.k1g+p2f_teacher_N04_s911_pPOST_VENV/result.json,204037,9194d12e55e41e5f2133d2d335d6042d38b820165a028368b124a3bca7369070,9194d12e55e41e5f2133d2d335d6042d38b820165a028368b124a3bca7369070
b-v6h-gain-69c2a99a-cA/cases/chain_b-v6h.k1g+p2f_teacher_N04_s913_pPOST_VENV/case.json,2810,aefe102e9001c1d5096318d07704b9b9022a821759adc101fe022fa8182cfb78,aefe102e9001c1d5096318d07704b9b9022a821759adc101fe022fa8182cfb78
b-v6h-gain-69c2a99a-cA/cases/chain_b-v6h.k1g+p2f_teacher_N04_s913_pPOST_VENV/result.json,204067,d4a93125a11ec4538bfa919c3533e360b0e566b15af7ac8923ef02a9c15fac30,d4a93125a11ec4538bfa919c3533e360b0e566b15af7ac8923ef02a9c15fac30
b-v6h-gain-69c2a99a-cA/cases/chain_b-v6h.k1g+p2f_teacher_N05_s911_pPOST_VENV/case.json,2800,7afcd614d8444d62aee84527844ecbf5b87deb5a2d677589a5b94e9796395837,7afcd614d8444d62aee84527844ecbf5b87deb5a2d677589a5b94e9796395837
b-v6h-gain-69c2a99a-cA/cases/chain_b-v6h.k1g+p2f_teacher_N05_s911_pPOST_VENV/result.json,204083,fa4563b8d229b98133ac97e643218a09fcebe4281bd11ebea0a2e03f305e8cd2,fa4563b8d229b98133ac97e643218a09fcebe4281bd11ebea0a2e03f305e8cd2
b-v6h-gain-69c2a99a-cA/cases/chain_b-v6h.k1g+p2f_teacher_N05_s913_pPOST_VENV/case.json,2800,bbf887a57ee66d418b60103df42762612508c49d756fe240b3eaaad938249dbb,bbf887a57ee66d418b60103df42762612508c49d756fe240b3eaaad938249dbb
b-v6h-gain-69c2a99a-cA/cases/chain_b-v6h.k1g+p2f_teacher_N05_s913_pPOST_VENV/result.json,204109,ca325e99f0dab5fe53d0e0dfa8dae2c8a1b6773d54a2893dd77cc8bc99059dca,ca325e99f0dab5fe53d0e0dfa8dae2c8a1b6773d54a2893dd77cc8bc99059dca
b-v6h-gain-69c2a99a-cA/cases/chain_b-v6h.k1g+p2f_teacher_N06_s911_pPOST_VENV/case.json,2801,5f17c76349e90cae4daea70ed5ac9104ee07b8c2bd914cc0a0c7c2531e2152d1,5f17c76349e90cae4daea70ed5ac9104ee07b8c2bd914cc0a0c7c2531e2152d1
b-v6h-gain-69c2a99a-cA/cases/chain_b-v6h.k1g+p2f_teacher_N06_s911_pPOST_VENV/result.json,204050,cdb31a58674d4d4565a5aaac3a194dc52d4d767d82b1c3237aa14d32d418eb5b,cdb31a58674d4d4565a5aaac3a194dc52d4d767d82b1c3237aa14d32d418eb5b
b-v6h-gain-69c2a99a-cA/cases/chain_b-v6h.k1g+p2f_teacher_N06_s913_pPOST_VENV/case.json,2801,aa661edf242ff7c031dcf320056c9d1993aae6d527ef8edc20bd3e227b2cf9bd,aa661edf242ff7c031dcf320056c9d1993aae6d527ef8edc20bd3e227b2cf9bd
b-v6h-gain-69c2a99a-cA/cases/chain_b-v6h.k1g+p2f_teacher_N06_s913_pPOST_VENV/result.json,204054,48f782ebbcfe1ebdd93191e27ef7df856e9da04a71ed8946e5d37e6e248ce165,48f782ebbcfe1ebdd93191e27ef7df856e9da04a71ed8946e5d37e6e248ce165
b-v6h-gain-69c2a99a-cA/cases/chain_b-v6h.k1g+p2f_teacher_N07_s911_pPOST_VENV/case.json,2795,e412af7f55f49d69723e56e35b333495ac6de580ed2f4041b084ab66b5a62e7f,e412af7f55f49d69723e56e35b333495ac6de580ed2f4041b084ab66b5a62e7f
b-v6h-gain-69c2a99a-cA/cases/chain_b-v6h.k1g+p2f_teacher_N07_s911_pPOST_VENV/result.json,204063,f67d70d70f1486196007caa110f04571c4ebe8a93d0eeef749190110d1847034,f67d70d70f1486196007caa110f04571c4ebe8a93d0eeef749190110d1847034
b-v6h-gain-69c2a99a-cA/cases/chain_b-v6h.k1g+p2f_teacher_N07_s913_pPOST_VENV/case.json,2795,b371c0a433d6802a34884d601abc62849bd927dc5c56b1cc210bd25d670b2809,b371c0a433d6802a34884d601abc62849bd927dc5c56b1cc210bd25d670b2809
b-v6h-gain-69c2a99a-cA/cases/chain_b-v6h.k1g+p2f_teacher_N07_s913_pPOST_VENV/result.json,204047,956cbaef2f7f458b8598c7a0f16cc8bb74b645530e996f8fc5327b8d6a5a5094,956cbaef2f7f458b8598c7a0f16cc8bb74b645530e996f8fc5327b8d6a5a5094
b-v6h-gain-69c2a99a-cA/cases/chain_b-v6h.k1g+p2f_teacher_N08_s911_pPOST_VENV/case.json,2799,afd72ec388b7d25b1de510805ff68aa3b319127fe171c83f6c15eb85f1d45c58,afd72ec388b7d25b1de510805ff68aa3b319127fe171c83f6c15eb85f1d45c58
b-v6h-gain-69c2a99a-cA/cases/chain_b-v6h.k1g+p2f_teacher_N08_s911_pPOST_VENV/result.json,204040,fb7ce1d43b434bf7fe12f0a53086a5e70f1a86edd1fad463cfd2f9f88f3f5426,fb7ce1d43b434bf7fe12f0a53086a5e70f1a86edd1fad463cfd2f9f88f3f5426
b-v6h-gain-69c2a99a-cA/cases/chain_b-v6h.k1g+p2f_teacher_N08_s913_pPOST_VENV/case.json,2799,37e242aeb649662bf32f3869696af11b425e4a022d26950f26c3eeed49c4b501,37e242aeb649662bf32f3869696af11b425e4a022d26950f26c3eeed49c4b501
b-v6h-gain-69c2a99a-cA/cases/chain_b-v6h.k1g+p2f_teacher_N08_s913_pPOST_VENV/result.json,204107,5593e00bf425fd15a7494c13d4783616a9c1bc32e45108002df2460358a6d981,5593e00bf425fd15a7494c13d4783616a9c1bc32e45108002df2460358a6d981
b-v6h-gain-69c2a99a-cA/cases/chain_b-v6h.k1g+p2f_teacher_N09_s911_pPOST_VENV/case.json,2799,4638cff49b4f9bf27f8d4185726bd1ab0763df849e6b3581252dba21d2c64fb5,4638cff49b4f9bf27f8d4185726bd1ab0763df849e6b3581252dba21d2c64fb5
b-v6h-gain-69c2a99a-cA/cases/chain_b-v6h.k1g+p2f_teacher_N09_s911_pPOST_VENV/result.json,204119,2a10505179d99a3adec9175f683ae127a3d6fdd895de021c1cf61a417e8da2a8,2a10505179d99a3adec9175f683ae127a3d6fdd895de021c1cf61a417e8da2a8
b-v6h-gain-69c2a99a-cA/cases/chain_b-v6h.k1g+p2f_teacher_N09_s913_pPOST_VENV/case.json,2799,ef7e430ebb1a4a6ba92e369bd0884f89f134605842492048848a50c4399f0be7,ef7e430ebb1a4a6ba92e369bd0884f89f134605842492048848a50c4399f0be7
b-v6h-gain-69c2a99a-cA/cases/chain_b-v6h.k1g+p2f_teacher_N09_s913_pPOST_VENV/result.json,204112,ce4c53a362192c7439f61786b5b5f1da0e3fadd779aa2f3bb23ddd6ef4c821b0,ce4c53a362192c7439f61786b5b5f1da0e3fadd779aa2f3bb23ddd6ef4c821b0
b-v6h-gain-69c2a99a-cA/cases/chain_b-v6h.k1g+p2f_teacher_N10_s913_pPOST_VENV/case.json,2797,afd0311338c0766bcf59e003348e2cc2c3a88140a314794f0ce34ea7b64b420f,afd0311338c0766bcf59e003348e2cc2c3a88140a314794f0ce34ea7b64b420f
b-v6h-gain-69c2a99a-cA/cases/chain_b-v6h.k1g+p2f_teacher_N10_s913_pPOST_VENV/result.json,204063,4876b9f4c291e248d327404ebe213a9c93aee56e3f93fb809986fb512d2a7b67,4876b9f4c291e248d327404ebe213a9c93aee56e3f93fb809986fb512d2a7b67
b-v6h-gain-69c2a99a-cA/cases/chain_b-v6h.k1g+p2f_teacher_N10_s911_pPOST_VENV/case.json,2797,cb98c90e1b2f06491ddb8e69cedd3570d114517a056d80371769b51e3dbc127e,cb98c90e1b2f06491ddb8e69cedd3570d114517a056d80371769b51e3dbc127e
b-v6h-gain-69c2a99a-cA/cases/chain_b-v6h.k1g+p2f_teacher_N10_s911_pPOST_VENV/result.json,204076,82344d615832ae33041295d405ad6ac274d3d704ef7c45b4127f93993797c9ac,82344d615832ae33041295d405ad6ac274d3d704ef7c45b4127f93993797c9ac
b-v6h-gain-69c2a99a-cA/cases/chain_b-v6h.k1g+p2f_teacher_N11_s911_pPOST_VENV/case.json,2796,1c8836fc3f4583d6df6548a334ef88e11fd6aab4d93e5bf1a3bc6fb449f9c94e,1c8836fc3f4583d6df6548a334ef88e11fd6aab4d93e5bf1a3bc6fb449f9c94e
b-v6h-gain-69c2a99a-cA/cases/chain_b-v6h.k1g+p2f_teacher_N11_s911_pPOST_VENV/result.json,204158,3a0c50819182827c964971c9574c04024ff77623011663e67f1c428f761fce51,3a0c50819182827c964971c9574c04024ff77623011663e67f1c428f761fce51
b-v6h-gain-69c2a99a-cA/cases/chain_b-v6h.k1g+p2f_teacher_N11_s913_pPOST_VENV/case.json,2796,09767af5b01c0d82fe06ab9c168bd97dbec4bc623e37dbd436296cbc0418580a,09767af5b01c0d82fe06ab9c168bd97dbec4bc623e37dbd436296cbc0418580a
b-v6h-gain-69c2a99a-cA/cases/chain_b-v6h.k1g+p2f_teacher_N11_s913_pPOST_VENV/result.json,204094,e2e4eb5038d1aaa000d56eead235b0070a76b5f9bec4ea8e4b82edde9560056a,e2e4eb5038d1aaa000d56eead235b0070a76b5f9bec4ea8e4b82edde9560056a
b-v6h-gain-69c2a99a-cB/manifest.json,168313,895180d4844bcfc0ad6adc9334057bf63866d67a8853cb0d6be72ce4a1929380,
b-v6h-gain-69c2a99a-cB/cases.jsonl,212144,571e61d524790ca9e5800432cd2b7e3ba3ce7fd5014bb18e0f913a9041e857e0,571e61d524790ca9e5800432cd2b7e3ba3ce7fd5014bb18e0f913a9041e857e0
b-v6h-gain-69c2a99a-cB/artifacts.sha256.json,6830431,698e982ab8f902c62dc709f1474cf381f046750f1403582f8b5d0295f1487490,
b-v6h-gain-69c2a99a-cB/plan.json,78245,c875a9413102a76c73f1543643bffc500d6c307658ab1a732456961c09e7b4c0,
b-v6h-gain-69c2a99a-cB/cases/chain_b-v6h.k1g+p2f+gain_teacher_F_hR2_04_s913_pPOST_VENV/case.json,2851,ab4dfa9ec13aed99159679fae7b26ed02a8a0747eb6a79fc2b52b157e829ab00,ab4dfa9ec13aed99159679fae7b26ed02a8a0747eb6a79fc2b52b157e829ab00
b-v6h-gain-69c2a99a-cB/cases/chain_b-v6h.k1g+p2f+gain_teacher_F_hR2_04_s913_pPOST_VENV/result.json,205265,3c880ad5b9da6f6d26bcf50172606e4ff827dbe3f40c529a96ebf95e8e7fbea3,3c880ad5b9da6f6d26bcf50172606e4ff827dbe3f40c529a96ebf95e8e7fbea3
b-v6h-gain-69c2a99a-cB/cases/chain_b-v6h.k1g+p2f+gain_teacher_F_hR2_04_s911_pPOST_VENV/case.json,2851,188fc738a61c5630ef8cb39343af9479a1b3c53b3b81a15ebabc1c5fe6cacd41,188fc738a61c5630ef8cb39343af9479a1b3c53b3b81a15ebabc1c5fe6cacd41
b-v6h-gain-69c2a99a-cB/cases/chain_b-v6h.k1g+p2f+gain_teacher_F_hR2_04_s911_pPOST_VENV/result.json,205187,f3265af970c17d5515ddf5c37357518a93f46370ae66c9e88ec8c494dd3f2a40,f3265af970c17d5515ddf5c37357518a93f46370ae66c9e88ec8c494dd3f2a40
b-v6h-gain-69c2a99a-cB/cases/chain_b-v6h.k1g+p2f+gain_teacher_N01_s911_pPOST_VENV/case.json,2830,1f52e5d3ae75e342b944b187c410d008ee31c1fec74a92396e45d0f0065bb82c,1f52e5d3ae75e342b944b187c410d008ee31c1fec74a92396e45d0f0065bb82c
b-v6h-gain-69c2a99a-cB/cases/chain_b-v6h.k1g+p2f+gain_teacher_N01_s911_pPOST_VENV/result.json,205153,ca8e9bec1004c5f244ba38a6632d80f99aa7cfe3bea4a15497d34b453e08c27e,ca8e9bec1004c5f244ba38a6632d80f99aa7cfe3bea4a15497d34b453e08c27e
b-v6h-gain-69c2a99a-cB/cases/chain_b-v6h.k1g+p2f+gain_teacher_N01_s913_pPOST_VENV/case.json,2830,20d7754fab838367701f5e20a3506c115b1c7bdb79ee11484f7ec51bf9e7d253,20d7754fab838367701f5e20a3506c115b1c7bdb79ee11484f7ec51bf9e7d253
b-v6h-gain-69c2a99a-cB/cases/chain_b-v6h.k1g+p2f+gain_teacher_N01_s913_pPOST_VENV/result.json,205150,cb4b5de216ac33660170d0a4285d2093b46213cb05f298b4c60e6ffebe6ad41c,cb4b5de216ac33660170d0a4285d2093b46213cb05f298b4c60e6ffebe6ad41c
b-v6h-gain-69c2a99a-cB/cases/chain_b-v6h.k1g+p2f+gain_teacher_N02_s911_pPOST_VENV/case.json,2834,355948dbf9549185fef6b439670510e855493bbc0f4b3a6fdba675def186abc4,355948dbf9549185fef6b439670510e855493bbc0f4b3a6fdba675def186abc4
b-v6h-gain-69c2a99a-cB/cases/chain_b-v6h.k1g+p2f+gain_teacher_N02_s911_pPOST_VENV/result.json,205097,65e46a77b01b18230e641bab51419eaca2c1bf767652359a9ce9f3da1057de7f,65e46a77b01b18230e641bab51419eaca2c1bf767652359a9ce9f3da1057de7f
b-v6h-gain-69c2a99a-cB/cases/chain_b-v6h.k1g+p2f+gain_teacher_N02_s913_pPOST_VENV/case.json,2834,1a9b5a3eef8e06c196beedb7eefbdab7dbf437aca1c68c6eff992d5c71cb9e4b,1a9b5a3eef8e06c196beedb7eefbdab7dbf437aca1c68c6eff992d5c71cb9e4b
b-v6h-gain-69c2a99a-cB/cases/chain_b-v6h.k1g+p2f+gain_teacher_N02_s913_pPOST_VENV/result.json,205081,ddee43d06137a2d61f29b9eb9fe1ce7fec61036a5f6492e91c33d6ebde4427db,ddee43d06137a2d61f29b9eb9fe1ce7fec61036a5f6492e91c33d6ebde4427db
b-v6h-gain-69c2a99a-cB/cases/chain_b-v6h.k1g+p2f+gain_teacher_N03_s913_pPOST_VENV/case.json,2839,ae39368d49bebda7079f345c042b579164747752f2c802ac083ce2693eb94df1,ae39368d49bebda7079f345c042b579164747752f2c802ac083ce2693eb94df1
b-v6h-gain-69c2a99a-cB/cases/chain_b-v6h.k1g+p2f+gain_teacher_N03_s913_pPOST_VENV/result.json,205125,c826e307204ff2458505345d25f16ba29320ed39e284ae50cfeb3bd45c4cd90c,c826e307204ff2458505345d25f16ba29320ed39e284ae50cfeb3bd45c4cd90c
b-v6h-gain-69c2a99a-cB/cases/chain_b-v6h.k1g+p2f+gain_teacher_N03_s911_pPOST_VENV/case.json,2839,05c9a13f5bd65c0f18777964b07b9a49d445cba6b0e1bd44e4a34cacecb4f511,05c9a13f5bd65c0f18777964b07b9a49d445cba6b0e1bd44e4a34cacecb4f511
b-v6h-gain-69c2a99a-cB/cases/chain_b-v6h.k1g+p2f+gain_teacher_N03_s911_pPOST_VENV/result.json,205120,b56e4f0bf979429d5749703b0384d190805af6f87f83af27f7eec5569c8d04ea,b56e4f0bf979429d5749703b0384d190805af6f87f83af27f7eec5569c8d04ea
b-v6h-gain-69c2a99a-cB/cases/chain_b-v6h.k1g+p2f+gain_teacher_N04_s911_pPOST_VENV/case.json,2841,566b2678b93a03d302fd4fe24c890b8df0fd4b98770fe1dc560f4df5fc852be4,566b2678b93a03d302fd4fe24c890b8df0fd4b98770fe1dc560f4df5fc852be4
b-v6h-gain-69c2a99a-cB/cases/chain_b-v6h.k1g+p2f+gain_teacher_N04_s911_pPOST_VENV/result.json,205090,fab74ac22898c14508d168408685f204ec0bf786c988e4033634ade7d252b37a,fab74ac22898c14508d168408685f204ec0bf786c988e4033634ade7d252b37a
b-v6h-gain-69c2a99a-cB/cases/chain_b-v6h.k1g+p2f+gain_teacher_N04_s913_pPOST_VENV/case.json,2841,b4d6ad0a5094d3f737285017e00c8846621aac9e78163128e750038c4aa7c1e5,b4d6ad0a5094d3f737285017e00c8846621aac9e78163128e750038c4aa7c1e5
b-v6h-gain-69c2a99a-cB/cases/chain_b-v6h.k1g+p2f+gain_teacher_N04_s913_pPOST_VENV/result.json,205115,2877d78322a31d6082c260ed1000411528c8311c9b8305ed881a88b7295d415f,2877d78322a31d6082c260ed1000411528c8311c9b8305ed881a88b7295d415f
b-v6h-gain-69c2a99a-cB/cases/chain_b-v6h.k1g+p2f+gain_teacher_N05_s911_pPOST_VENV/case.json,2831,d87690fdc7adad743567b1639f00ec12aa7db35f5b8a18be9758435d2ba47b75,d87690fdc7adad743567b1639f00ec12aa7db35f5b8a18be9758435d2ba47b75
b-v6h-gain-69c2a99a-cB/cases/chain_b-v6h.k1g+p2f+gain_teacher_N05_s911_pPOST_VENV/result.json,205126,b0b82f6f1f35837e871e8737cb43906649be11ffd906a2e9fc970e3319d5ec52,b0b82f6f1f35837e871e8737cb43906649be11ffd906a2e9fc970e3319d5ec52
b-v6h-gain-69c2a99a-cB/cases/chain_b-v6h.k1g+p2f+gain_teacher_N05_s913_pPOST_VENV/case.json,2831,fc97658cab546d18c667f5d13e9679188c07224ef21de9d46e29f6909ed7fa54,fc97658cab546d18c667f5d13e9679188c07224ef21de9d46e29f6909ed7fa54
b-v6h-gain-69c2a99a-cB/cases/chain_b-v6h.k1g+p2f+gain_teacher_N05_s913_pPOST_VENV/result.json,205144,38fdcd2f52e511a44af2f21c7c540adeca3c6813ecfe1931e548805cac0d239f,38fdcd2f52e511a44af2f21c7c540adeca3c6813ecfe1931e548805cac0d239f
b-v6h-gain-69c2a99a-cB/cases/chain_b-v6h.k1g+p2f+gain_teacher_N06_s911_pPOST_VENV/case.json,2832,0d129cbc234881d792112c62214a66d32837a33b6b631bdeafda9e749616136d,0d129cbc234881d792112c62214a66d32837a33b6b631bdeafda9e749616136d
b-v6h-gain-69c2a99a-cB/cases/chain_b-v6h.k1g+p2f+gain_teacher_N06_s911_pPOST_VENV/result.json,205106,7ecab52c7c9cdf6bb2ae0c6697299a3fab800948826cc88af09d8d6dd4db60ae,7ecab52c7c9cdf6bb2ae0c6697299a3fab800948826cc88af09d8d6dd4db60ae
b-v6h-gain-69c2a99a-cB/cases/chain_b-v6h.k1g+p2f+gain_teacher_N06_s913_pPOST_VENV/case.json,2832,14135b40f049242861039e6ef815f9444d24395eec46fb7ff2a4e868df4207c6,14135b40f049242861039e6ef815f9444d24395eec46fb7ff2a4e868df4207c6
b-v6h-gain-69c2a99a-cB/cases/chain_b-v6h.k1g+p2f+gain_teacher_N06_s913_pPOST_VENV/result.json,205077,0572371973521d3c33964969e5860be23a2a8e10e389120b7f6df634bb4a97d2,0572371973521d3c33964969e5860be23a2a8e10e389120b7f6df634bb4a97d2
b-v6h-gain-69c2a99a-cB/cases/chain_b-v6h.k1g+p2f+gain_teacher_N07_s911_pPOST_VENV/case.json,2826,c24bacd7ccf8a391ddad67dd725d566f192df4a46124154ffec00f76cf6bd2be,c24bacd7ccf8a391ddad67dd725d566f192df4a46124154ffec00f76cf6bd2be
b-v6h-gain-69c2a99a-cB/cases/chain_b-v6h.k1g+p2f+gain_teacher_N07_s911_pPOST_VENV/result.json,205064,56162d0559f41a0c5c47541045fe8420245a3ce4d5fb0552736b24c95b2242f5,56162d0559f41a0c5c47541045fe8420245a3ce4d5fb0552736b24c95b2242f5
b-v6h-gain-69c2a99a-cB/cases/chain_b-v6h.k1g+p2f+gain_teacher_N07_s913_pPOST_VENV/case.json,2826,4fabc4458dc5546da5de186d8b510c3325e42a4cdbe6d9d28caa76d4cc1f6f97,4fabc4458dc5546da5de186d8b510c3325e42a4cdbe6d9d28caa76d4cc1f6f97
b-v6h-gain-69c2a99a-cB/cases/chain_b-v6h.k1g+p2f+gain_teacher_N07_s913_pPOST_VENV/result.json,205055,30809ceea444652b60053105c6b3d843353f07822c92bb0f1691852e5132e006,30809ceea444652b60053105c6b3d843353f07822c92bb0f1691852e5132e006
b-v6h-gain-69c2a99a-cB/cases/chain_b-v6h.k1g+p2f+gain_teacher_N08_s911_pPOST_VENV/case.json,2830,1158e1ffbee1e804af613084483264a33e5e00bb3263b1bd9d60348c3e3c0062,1158e1ffbee1e804af613084483264a33e5e00bb3263b1bd9d60348c3e3c0062
b-v6h-gain-69c2a99a-cB/cases/chain_b-v6h.k1g+p2f+gain_teacher_N08_s911_pPOST_VENV/result.json,205101,2796fc2a70f2b079a6c129c5f9a0416e57bf99c9f505457c9c969ca9c5f22107,2796fc2a70f2b079a6c129c5f9a0416e57bf99c9f505457c9c969ca9c5f22107
b-v6h-gain-69c2a99a-cB/cases/chain_b-v6h.k1g+p2f+gain_teacher_N08_s913_pPOST_VENV/case.json,2830,c2488878946d7ce0331c82cb1567a58192d3e1c7296e1d9b0864086d3257f35a,c2488878946d7ce0331c82cb1567a58192d3e1c7296e1d9b0864086d3257f35a
b-v6h-gain-69c2a99a-cB/cases/chain_b-v6h.k1g+p2f+gain_teacher_N08_s913_pPOST_VENV/result.json,205162,abecbea0fbf7ee5e6f4c4f53b8f9ceb65f6fe01ac170f4900957fa2eee14634c,abecbea0fbf7ee5e6f4c4f53b8f9ceb65f6fe01ac170f4900957fa2eee14634c
b-v6h-gain-69c2a99a-cB/cases/chain_b-v6h.k1g+p2f+gain_teacher_N09_s911_pPOST_VENV/case.json,2830,a587b1925749d59858435e996aaf1f664aeb5d144688aa63fe9c814cd8c27377,a587b1925749d59858435e996aaf1f664aeb5d144688aa63fe9c814cd8c27377
b-v6h-gain-69c2a99a-cB/cases/chain_b-v6h.k1g+p2f+gain_teacher_N09_s911_pPOST_VENV/result.json,205175,858a38b0fa0dca1191ff7f9c636ba0d6e461d54003424fdfc286ad13316efda7,858a38b0fa0dca1191ff7f9c636ba0d6e461d54003424fdfc286ad13316efda7
b-v6h-gain-69c2a99a-cB/cases/chain_b-v6h.k1g+p2f+gain_teacher_N09_s913_pPOST_VENV/case.json,2830,2b41df86f4bdc06ed01f972749d932a2fb885877a2e3236694cff378f49ffa0e,2b41df86f4bdc06ed01f972749d932a2fb885877a2e3236694cff378f49ffa0e
b-v6h-gain-69c2a99a-cB/cases/chain_b-v6h.k1g+p2f+gain_teacher_N09_s913_pPOST_VENV/result.json,205142,fb3cf541a0828b9fbd24f8d48da7d02c984e7be699886034403737a1eab74e57,fb3cf541a0828b9fbd24f8d48da7d02c984e7be699886034403737a1eab74e57
b-v6h-gain-69c2a99a-cB/cases/chain_b-v6h.k1g+p2f+gain_teacher_N10_s911_pPOST_VENV/case.json,2828,8ef7b216df1ca5248249115055af62906e21158d78b8e6cec545eebba90ee665,8ef7b216df1ca5248249115055af62906e21158d78b8e6cec545eebba90ee665
b-v6h-gain-69c2a99a-cB/cases/chain_b-v6h.k1g+p2f+gain_teacher_N10_s911_pPOST_VENV/result.json,205133,670ef8a7f668a54c33f038b280bbccd2114ca94887213d5ffaccf8c2afe10adf,670ef8a7f668a54c33f038b280bbccd2114ca94887213d5ffaccf8c2afe10adf
b-v6h-gain-69c2a99a-cB/cases/chain_b-v6h.k1g+p2f+gain_teacher_N10_s913_pPOST_VENV/case.json,2828,5fb62fb26d9b7936922045c658bb139d889498a1f5b2e81cbe4c3a413e4feec7,5fb62fb26d9b7936922045c658bb139d889498a1f5b2e81cbe4c3a413e4feec7
b-v6h-gain-69c2a99a-cB/cases/chain_b-v6h.k1g+p2f+gain_teacher_N10_s913_pPOST_VENV/result.json,205076,609cdc60570c13c346a0ab51820c5103d3f0cc7e50b682f78fa53b220bbf4809,609cdc60570c13c346a0ab51820c5103d3f0cc7e50b682f78fa53b220bbf4809
b-v6h-gain-69c2a99a-cB/cases/chain_b-v6h.k1g+p2f+gain_teacher_N11_s913_pPOST_VENV/case.json,2827,782565f86c533032e054ad686ef73d0ccd8b0fb3f65ad3d72b4fd370bd00c9a7,782565f86c533032e054ad686ef73d0ccd8b0fb3f65ad3d72b4fd370bd00c9a7
b-v6h-gain-69c2a99a-cB/cases/chain_b-v6h.k1g+p2f+gain_teacher_N11_s913_pPOST_VENV/result.json,205168,51d1f499c66f7c81770ae41d2f4a1abef4f2fb59068d1619f32d205bd71b80c8,51d1f499c66f7c81770ae41d2f4a1abef4f2fb59068d1619f32d205bd71b80c8
b-v6h-gain-69c2a99a-cB/cases/chain_b-v6h.k1g+p2f+gain_teacher_N11_s911_pPOST_VENV/case.json,2827,820b6927f1a012889c536ad314fe49939d7b2a50aad89f7fa113b7f8434ea109,820b6927f1a012889c536ad314fe49939d7b2a50aad89f7fa113b7f8434ea109
b-v6h-gain-69c2a99a-cB/cases/chain_b-v6h.k1g+p2f+gain_teacher_N11_s911_pPOST_VENV/result.json,205192,32f4d8671baf21a47fe07e6aa9f05a368c02a5aa0230a594c1e935df8bdd3ea4,32f4d8671baf21a47fe07e6aa9f05a368c02a5aa0230a594c1e935df8bdd3ea4
b-v6h-gain-69c2a99a-cC/manifest.json,168311,46d30c554ddc9e40d45db1dc66950514793df95565d5cf8cb71f0408bea81274,
b-v6h-gain-69c2a99a-cC/cases.jsonl,197728,67c7ec54b8682883a68355e7589619f3039c04d132ba19350eb8941e38e28cd8,67c7ec54b8682883a68355e7589619f3039c04d132ba19350eb8941e38e28cd8
b-v6h-gain-69c2a99a-cC/artifacts.sha256.json,6741948,a882afea425ac0e1d5ac2c63788c138d8828f908e5f35675aed0f1cba1716eab,
b-v6h-gain-69c2a99a-cC/plan.json,78197,3335ba3ff6b4f9dc0dcecd072a57f9c663a1dc7e9666e4527babb4b1a7d677e0,
b-v6h-gain-69c2a99a-cC/cases/chain_b-v6h.k1+p2f+gain_teacher_F_hR2_04_s913_pPOST_VENV/case.json,2849,802e21acf76b37a54e63e6a3fdf2bd2beceacc75c3bb549bafb9dc0322361386,802e21acf76b37a54e63e6a3fdf2bd2beceacc75c3bb549bafb9dc0322361386
b-v6h-gain-69c2a99a-cC/cases/chain_b-v6h.k1+p2f+gain_teacher_F_hR2_04_s913_pPOST_VENV/result.json,197849,58a41d9fe35100642e6899ffc92eeaf8676ddc36899fb38ba6bfae3d3be6a8af,58a41d9fe35100642e6899ffc92eeaf8676ddc36899fb38ba6bfae3d3be6a8af
b-v6h-gain-69c2a99a-cC/cases/chain_b-v6h.k1+p2f+gain_teacher_F_hR2_04_s911_pPOST_VENV/case.json,2849,b125c5920eb9d48877053361eb7b07309c7a0bf3334d2dcae26239419dceeff7,b125c5920eb9d48877053361eb7b07309c7a0bf3334d2dcae26239419dceeff7
b-v6h-gain-69c2a99a-cC/cases/chain_b-v6h.k1+p2f+gain_teacher_F_hR2_04_s911_pPOST_VENV/result.json,198294,de9a04ab150d6ce9618abcf39f1429ed6c288a9015ced3e4a7130e09943e4057,de9a04ab150d6ce9618abcf39f1429ed6c288a9015ced3e4a7130e09943e4057
b-v6h-gain-69c2a99a-cC/cases/chain_b-v6h.k1+p2f+gain_teacher_N01_s913_pPOST_VENV/case.json,2828,5ba43e233a19f4d135a9128d8229ad33a95c2ff2266fbe4a1a68eec8a6cc9b28,5ba43e233a19f4d135a9128d8229ad33a95c2ff2266fbe4a1a68eec8a6cc9b28
b-v6h-gain-69c2a99a-cC/cases/chain_b-v6h.k1+p2f+gain_teacher_N01_s913_pPOST_VENV/result.json,197733,6582e3490bfe072c8b4a6d0cd3b9c11c8976ac843c1d86bc58b2e5fd4b6eb94d,6582e3490bfe072c8b4a6d0cd3b9c11c8976ac843c1d86bc58b2e5fd4b6eb94d
b-v6h-gain-69c2a99a-cC/cases/chain_b-v6h.k1+p2f+gain_teacher_N01_s911_pPOST_VENV/case.json,2828,f09939d4f1f1936624f1e3660ed60b29e6ddd3868c10ad5fa72f4d32e98c6fb5,f09939d4f1f1936624f1e3660ed60b29e6ddd3868c10ad5fa72f4d32e98c6fb5
b-v6h-gain-69c2a99a-cC/cases/chain_b-v6h.k1+p2f+gain_teacher_N01_s911_pPOST_VENV/result.json,198245,4a322cc57303142389b2139e0eebb58a72ddd0a80adb401e4d5897ab6a717fe0,4a322cc57303142389b2139e0eebb58a72ddd0a80adb401e4d5897ab6a717fe0
b-v6h-gain-69c2a99a-cC/cases/chain_b-v6h.k1+p2f+gain_teacher_N02_s913_pPOST_VENV/case.json,2832,50ebb5411dd8677b9fda1bf8b5e22bb4ab2ee79ad3d412671c5ee66e4e525518,50ebb5411dd8677b9fda1bf8b5e22bb4ab2ee79ad3d412671c5ee66e4e525518
b-v6h-gain-69c2a99a-cC/cases/chain_b-v6h.k1+p2f+gain_teacher_N02_s913_pPOST_VENV/result.json,197167,bb9d869284b31a1c9a27ae6c5664ce3ea7702bd4e3cef07b50de9e482295fbec,bb9d869284b31a1c9a27ae6c5664ce3ea7702bd4e3cef07b50de9e482295fbec
b-v6h-gain-69c2a99a-cC/cases/chain_b-v6h.k1+p2f+gain_teacher_N02_s911_pPOST_VENV/case.json,2832,1a5acf261f13636fe7b428e07078a4aeca291919922f18ea54a74b2bf8ad5857,1a5acf261f13636fe7b428e07078a4aeca291919922f18ea54a74b2bf8ad5857
b-v6h-gain-69c2a99a-cC/cases/chain_b-v6h.k1+p2f+gain_teacher_N02_s911_pPOST_VENV/result.json,204917,d12210fe00013ebe23289ed91748a338f5df68dd716cd40b5b6ff8856a85d8d7,d12210fe00013ebe23289ed91748a338f5df68dd716cd40b5b6ff8856a85d8d7
b-v6h-gain-69c2a99a-cC/cases/chain_b-v6h.k1+p2f+gain_teacher_N03_s913_pPOST_VENV/case.json,2837,b449a6b7ae665d7d69cf5b33b52fd6271f98a396e3367a24259f56650522d14c,b449a6b7ae665d7d69cf5b33b52fd6271f98a396e3367a24259f56650522d14c
b-v6h-gain-69c2a99a-cC/cases/chain_b-v6h.k1+p2f+gain_teacher_N03_s913_pPOST_VENV/result.json,197231,f3d433c148821cf2cd5b48a39f08874b818cba0ae4f4c86c681b9217ba2831fc,f3d433c148821cf2cd5b48a39f08874b818cba0ae4f4c86c681b9217ba2831fc
b-v6h-gain-69c2a99a-cC/cases/chain_b-v6h.k1+p2f+gain_teacher_N03_s911_pPOST_VENV/case.json,2837,1c1c50028ce7a464687e550f81b4916aae80491f79a7f3e8325626ceb91920c5,1c1c50028ce7a464687e550f81b4916aae80491f79a7f3e8325626ceb91920c5
b-v6h-gain-69c2a99a-cC/cases/chain_b-v6h.k1+p2f+gain_teacher_N03_s911_pPOST_VENV/result.json,198236,6627bc2dd3071d728c862ec2bc2c98792c139a825b654f138f385367b37e770c,6627bc2dd3071d728c862ec2bc2c98792c139a825b654f138f385367b37e770c
b-v6h-gain-69c2a99a-cC/cases/chain_b-v6h.k1+p2f+gain_teacher_N04_s913_pPOST_VENV/case.json,2839,15664155fa1c978e762cc92a3a328e1c8cd5531b780daed1d846c6832ac799b9,15664155fa1c978e762cc92a3a328e1c8cd5531b780daed1d846c6832ac799b9
b-v6h-gain-69c2a99a-cC/cases/chain_b-v6h.k1+p2f+gain_teacher_N04_s913_pPOST_VENV/result.json,197207,540b635fe3c2c32c76e31f9d2b14a3fb81c3076c80731e64dec3fdc24dd6ab9c,540b635fe3c2c32c76e31f9d2b14a3fb81c3076c80731e64dec3fdc24dd6ab9c
b-v6h-gain-69c2a99a-cC/cases/chain_b-v6h.k1+p2f+gain_teacher_N04_s911_pPOST_VENV/case.json,2839,7e49be62d4f2e23d9f8421ea058826ea8e1a043343cebd0e7a427ecbd3340f93,7e49be62d4f2e23d9f8421ea058826ea8e1a043343cebd0e7a427ecbd3340f93
b-v6h-gain-69c2a99a-cC/cases/chain_b-v6h.k1+p2f+gain_teacher_N04_s911_pPOST_VENV/result.json,197685,782265e163232e99c50e5b22c7baa1632796c5543e1ac2f99e297fe73a9888e3,782265e163232e99c50e5b22c7baa1632796c5543e1ac2f99e297fe73a9888e3
b-v6h-gain-69c2a99a-cC/cases/chain_b-v6h.k1+p2f+gain_teacher_N05_s913_pPOST_VENV/case.json,2829,b03d672c39ad656756a6379336fb0017803ae81d62bd4b638ba0ea679d5640fd,b03d672c39ad656756a6379336fb0017803ae81d62bd4b638ba0ea679d5640fd
b-v6h-gain-69c2a99a-cC/cases/chain_b-v6h.k1+p2f+gain_teacher_N05_s913_pPOST_VENV/result.json,196233,abe1a77a27342e77e9f13092de4e6caf176a00630c66ad36cd8c578976dd0e04,abe1a77a27342e77e9f13092de4e6caf176a00630c66ad36cd8c578976dd0e04
b-v6h-gain-69c2a99a-cC/cases/chain_b-v6h.k1+p2f+gain_teacher_N05_s911_pPOST_VENV/case.json,2829,85ba9a4ff2849a95cb1c1df8bff51da8e14242fee19cbc5ce1ce8b397412d00f,85ba9a4ff2849a95cb1c1df8bff51da8e14242fee19cbc5ce1ce8b397412d00f
b-v6h-gain-69c2a99a-cC/cases/chain_b-v6h.k1+p2f+gain_teacher_N05_s911_pPOST_VENV/result.json,198248,7e249c28355487b4d5ef24d9cc6638a85787c1430b3c1ca4e9f09d43056fef94,7e249c28355487b4d5ef24d9cc6638a85787c1430b3c1ca4e9f09d43056fef94
b-v6h-gain-69c2a99a-cC/cases/chain_b-v6h.k1+p2f+gain_teacher_N06_s913_pPOST_VENV/case.json,2830,b312b18ae8da4cec6c5060fe1a6513e6d9e6baaa918e370fc50946b14a2b9319,b312b18ae8da4cec6c5060fe1a6513e6d9e6baaa918e370fc50946b14a2b9319
b-v6h-gain-69c2a99a-cC/cases/chain_b-v6h.k1+p2f+gain_teacher_N06_s913_pPOST_VENV/result.json,197185,f7f4df1d67a6b32cf5b69ec1eabf9766cf7b38efc97f7104f571056943f999d7,f7f4df1d67a6b32cf5b69ec1eabf9766cf7b38efc97f7104f571056943f999d7
b-v6h-gain-69c2a99a-cC/cases/chain_b-v6h.k1+p2f+gain_teacher_N06_s911_pPOST_VENV/case.json,2830,2ccfb1212874d5fad0b5dbf243cc8e4e6e6f64f8d948744b3b46003cf7cb365a,2ccfb1212874d5fad0b5dbf243cc8e4e6e6f64f8d948744b3b46003cf7cb365a
b-v6h-gain-69c2a99a-cC/cases/chain_b-v6h.k1+p2f+gain_teacher_N06_s911_pPOST_VENV/result.json,204944,8c3b8464097a3db712b33d766f1f88d3ab226aea66629c3b2a38f793deb09aa1,8c3b8464097a3db712b33d766f1f88d3ab226aea66629c3b2a38f793deb09aa1
b-v6h-gain-69c2a99a-cC/cases/chain_b-v6h.k1+p2f+gain_teacher_N07_s913_pPOST_VENV/case.json,2824,671592beaf6112cb05a6e1ff25955572a1968f080755f8ae8a3a9ff4348032d0,671592beaf6112cb05a6e1ff25955572a1968f080755f8ae8a3a9ff4348032d0
b-v6h-gain-69c2a99a-cC/cases/chain_b-v6h.k1+p2f+gain_teacher_N07_s913_pPOST_VENV/result.json,197176,08c22087496415d627ac43a584b4e677eb5b85ca0f554f882018b32627143b24,08c22087496415d627ac43a584b4e677eb5b85ca0f554f882018b32627143b24
b-v6h-gain-69c2a99a-cC/cases/chain_b-v6h.k1+p2f+gain_teacher_N07_s911_pPOST_VENV/case.json,2824,292077ddabd065f4876563ec28fe1cb46ab9f7aa282dc865491a10ffd41070ff,292077ddabd065f4876563ec28fe1cb46ab9f7aa282dc865491a10ffd41070ff
b-v6h-gain-69c2a99a-cC/cases/chain_b-v6h.k1+p2f+gain_teacher_N07_s911_pPOST_VENV/result.json,204895,33b6d0599de208e0821e91f9ab02ff294ec4f41db5dc57124028646bac733cb3,33b6d0599de208e0821e91f9ab02ff294ec4f41db5dc57124028646bac733cb3
b-v6h-gain-69c2a99a-cC/cases/chain_b-v6h.k1+p2f+gain_teacher_N08_s913_pPOST_VENV/case.json,2828,1c2166fa08c8d5b72a6db080c34a62d4bddaca33a402073b1ea7926db6d4ea91,1c2166fa08c8d5b72a6db080c34a62d4bddaca33a402073b1ea7926db6d4ea91
b-v6h-gain-69c2a99a-cC/cases/chain_b-v6h.k1+p2f+gain_teacher_N08_s913_pPOST_VENV/result.json,197257,36fbc381111fe5895153fd54f870c7e98579f982a457eec833bdba1be87c44f3,36fbc381111fe5895153fd54f870c7e98579f982a457eec833bdba1be87c44f3
b-v6h-gain-69c2a99a-cC/cases/chain_b-v6h.k1+p2f+gain_teacher_N08_s911_pPOST_VENV/case.json,2828,e56ea4788e58dc183afb899216aa9cfbfa11441f7f962e2fd08d2e1667845fea,e56ea4788e58dc183afb899216aa9cfbfa11441f7f962e2fd08d2e1667845fea
b-v6h-gain-69c2a99a-cC/cases/chain_b-v6h.k1+p2f+gain_teacher_N08_s911_pPOST_VENV/result.json,204934,c530eedef040de54575d2ff41e2614a78c10df4d5109cc4e66472dcce6e1d199,c530eedef040de54575d2ff41e2614a78c10df4d5109cc4e66472dcce6e1d199
b-v6h-gain-69c2a99a-cC/cases/chain_b-v6h.k1+p2f+gain_teacher_N09_s911_pPOST_VENV/case.json,2828,5ab0b998581f6de0e1ce5fb2895f1348edf69b43ebcf369156329e319be9eadd,5ab0b998581f6de0e1ce5fb2895f1348edf69b43ebcf369156329e319be9eadd
b-v6h-gain-69c2a99a-cC/cases/chain_b-v6h.k1+p2f+gain_teacher_N09_s911_pPOST_VENV/result.json,198279,69bc0578ec9acf8e22ae845a24c0a38517cca5f28f19b249e737c1199072f8db,69bc0578ec9acf8e22ae845a24c0a38517cca5f28f19b249e737c1199072f8db
b-v6h-gain-69c2a99a-cC/cases/chain_b-v6h.k1+p2f+gain_teacher_N09_s913_pPOST_VENV/case.json,2828,388697eebe5f0c9800576535d06134ea354c90b49018041ca58685b29ab7674e,388697eebe5f0c9800576535d06134ea354c90b49018041ca58685b29ab7674e
b-v6h-gain-69c2a99a-cC/cases/chain_b-v6h.k1+p2f+gain_teacher_N09_s913_pPOST_VENV/result.json,197234,b22a16ffde5a20c73b463efac03fa577ce25a7bc12fab220533dc5266704238c,b22a16ffde5a20c73b463efac03fa577ce25a7bc12fab220533dc5266704238c
b-v6h-gain-69c2a99a-cC/cases/chain_b-v6h.k1+p2f+gain_teacher_N10_s913_pPOST_VENV/case.json,2826,6357f87c7930b5b5639e4a5d04f12d6975184cab232242a4cdd16ca7db759994,6357f87c7930b5b5639e4a5d04f12d6975184cab232242a4cdd16ca7db759994
b-v6h-gain-69c2a99a-cC/cases/chain_b-v6h.k1+p2f+gain_teacher_N10_s913_pPOST_VENV/result.json,197188,a890f38b6d203cd3df118b15fbc1c23790a19d05b8749ee16a1213e8fdd6686a,a890f38b6d203cd3df118b15fbc1c23790a19d05b8749ee16a1213e8fdd6686a
b-v6h-gain-69c2a99a-cC/cases/chain_b-v6h.k1+p2f+gain_teacher_N10_s911_pPOST_VENV/case.json,2826,a267c3ace04ad8a1462a21dfa58324c9803cbb3b413f5d5bf541ed0f60034231,a267c3ace04ad8a1462a21dfa58324c9803cbb3b413f5d5bf541ed0f60034231
b-v6h-gain-69c2a99a-cC/cases/chain_b-v6h.k1+p2f+gain_teacher_N10_s911_pPOST_VENV/result.json,204963,2b374ac44edd4dab9bfd391a6c94358faa12ab72c70bdd58a9d888f1b817c081,2b374ac44edd4dab9bfd391a6c94358faa12ab72c70bdd58a9d888f1b817c081
b-v6h-gain-69c2a99a-cC/cases/chain_b-v6h.k1+p2f+gain_teacher_N11_s913_pPOST_VENV/case.json,2825,2888e33b3df7c9eb042cdca6e4631c76c5c7256aeac9212b1af56e7443825250,2888e33b3df7c9eb042cdca6e4631c76c5c7256aeac9212b1af56e7443825250
b-v6h-gain-69c2a99a-cC/cases/chain_b-v6h.k1+p2f+gain_teacher_N11_s913_pPOST_VENV/result.json,197239,26ef208b6f0cb2f8bb7ec10fdf48145de967b2970983ab5d7fd2d19dfbb3e6e8,26ef208b6f0cb2f8bb7ec10fdf48145de967b2970983ab5d7fd2d19dfbb3e6e8
b-v6h-gain-69c2a99a-cC/cases/chain_b-v6h.k1+p2f+gain_teacher_N11_s911_pPOST_VENV/case.json,2825,0b423244b581263238beab00e1648a97618f4f72f27ed97edc5a97e6cdd68c4a,0b423244b581263238beab00e1648a97618f4f72f27ed97edc5a97e6cdd68c4a
b-v6h-gain-69c2a99a-cC/cases/chain_b-v6h.k1+p2f+gain_teacher_N11_s911_pPOST_VENV/result.json,198302,ced0bc7bc31279bfc2d8b7108ad47ad760e2445a865034e7f72dad6a3edf9384,ced0bc7bc31279bfc2d8b7108ad47ad760e2445a865034e7f72dad6a3edf9384
b-v6h-gain-69c2a99a-cD/manifest.json,168308,d84b6c332cb9cee6587f6c74f433b2f5768b004303937f8bd165a598d6c6781b,
b-v6h-gain-69c2a99a-cD/cases.jsonl,190980,980afd2434e1fac3e854d34d738f6f794a72f7d0121aa099ca06ecab5cc613c6,980afd2434e1fac3e854d34d738f6f794a72f7d0121aa099ca06ecab5cc613c6
b-v6h-gain-69c2a99a-cD/artifacts.sha256.json,5769831,c3ec846b0752a97e57d8374e6a3d91fd8ad4fc0ef8c64c055748238cf7734b94,
b-v6h-gain-69c2a99a-cD/plan.json,78197,bad172d58bfbd4fe9dc20600ddd941026ac410b62e9b4f3175b74a2635280647,
b-v6h-gain-69c2a99a-cD/cases/chain_b-v6h.k2+p2f+gain_teacher_F_hR2_04_s911_pPOST_VENV/case.json,2849,af1502df30379ff1d299f491831ecf574e8f0bdeace9ab3967838fd0e66dfb6e,af1502df30379ff1d299f491831ecf574e8f0bdeace9ab3967838fd0e66dfb6e
b-v6h-gain-69c2a99a-cD/cases/chain_b-v6h.k2+p2f+gain_teacher_F_hR2_04_s911_pPOST_VENV/result.json,178787,7cd6795df4f14ef00da802ef478acffede23214d5785a59c19a6e03e6d1cc53b,7cd6795df4f14ef00da802ef478acffede23214d5785a59c19a6e03e6d1cc53b
b-v6h-gain-69c2a99a-cD/cases/chain_b-v6h.k2+p2f+gain_teacher_F_hR2_04_s913_pPOST_VENV/case.json,2849,249d542e96b51a915f535a610c9bdeb070f59fd4901575809371e7e752f8becb,249d542e96b51a915f535a610c9bdeb070f59fd4901575809371e7e752f8becb
b-v6h-gain-69c2a99a-cD/cases/chain_b-v6h.k2+p2f+gain_teacher_F_hR2_04_s913_pPOST_VENV/result.json,178841,c0eb114a12722e739ce1042ac12e7c19bb8565d402b6301906840120cee5e095,c0eb114a12722e739ce1042ac12e7c19bb8565d402b6301906840120cee5e095
b-v6h-gain-69c2a99a-cD/cases/chain_b-v6h.k2+p2f+gain_teacher_N01_s913_pPOST_VENV/case.json,2828,ea4cfba1e51f97fd24ff074b3bcd21179438b84b97ec5f04c71d81741e8b58e0,ea4cfba1e51f97fd24ff074b3bcd21179438b84b97ec5f04c71d81741e8b58e0
b-v6h-gain-69c2a99a-cD/cases/chain_b-v6h.k2+p2f+gain_teacher_N01_s913_pPOST_VENV/result.json,195487,dbd1a05437edf70a854ac89122c777abc91c9d5b3e1225f48d0bc36361b68d51,dbd1a05437edf70a854ac89122c777abc91c9d5b3e1225f48d0bc36361b68d51
b-v6h-gain-69c2a99a-cD/cases/chain_b-v6h.k2+p2f+gain_teacher_N01_s911_pPOST_VENV/case.json,2828,c097ea2fdb8817ca294113a847649d859674946088bfa0ab57a154b77dbb4c41,c097ea2fdb8817ca294113a847649d859674946088bfa0ab57a154b77dbb4c41
b-v6h-gain-69c2a99a-cD/cases/chain_b-v6h.k2+p2f+gain_teacher_N01_s911_pPOST_VENV/result.json,195470,c8bb15160c9e54e68f9c99f00491072342c3cbb826f6b347c7b94d5a67e776b7,c8bb15160c9e54e68f9c99f00491072342c3cbb826f6b347c7b94d5a67e776b7
b-v6h-gain-69c2a99a-cD/cases/chain_b-v6h.k2+p2f+gain_teacher_N03_s911_pPOST_VENV/case.json,2837,085a6c77b2c10e011ece42540aaf05c18d88fba617f2145520f0af34532f4eb1,085a6c77b2c10e011ece42540aaf05c18d88fba617f2145520f0af34532f4eb1
b-v6h-gain-69c2a99a-cD/cases/chain_b-v6h.k2+p2f+gain_teacher_N03_s911_pPOST_VENV/result.json,61958,ceaf9d912dfdbad46af4bfe9d06fad5c2adca343fc3a614a5b3ec27e45f974b7,ceaf9d912dfdbad46af4bfe9d06fad5c2adca343fc3a614a5b3ec27e45f974b7
b-v6h-gain-69c2a99a-cD/cases/chain_b-v6h.k2+p2f+gain_teacher_N03_s913_pPOST_VENV/case.json,2837,5e77316160b11a19fbace67a12be368c9218389692f04626fdc470501059b07c,5e77316160b11a19fbace67a12be368c9218389692f04626fdc470501059b07c
b-v6h-gain-69c2a99a-cD/cases/chain_b-v6h.k2+p2f+gain_teacher_N03_s913_pPOST_VENV/result.json,61953,2d697dcfe7df7d76e3de9539f808107aa6a91074968d5d76f893c124dccc8153,2d697dcfe7df7d76e3de9539f808107aa6a91074968d5d76f893c124dccc8153
b-v6h-gain-69c2a99a-cD/cases/chain_b-v6h.k2+p2f+gain_teacher_N02_s913_pPOST_VENV/case.json,2832,89a2177a848cb93939ed495c81b1c9d12e13613d5a979c524b33a93b52ad4908,89a2177a848cb93939ed495c81b1c9d12e13613d5a979c524b33a93b52ad4908
b-v6h-gain-69c2a99a-cD/cases/chain_b-v6h.k2+p2f+gain_teacher_N02_s913_pPOST_VENV/result.json,195947,7a77e01e4f82562292a3e45ea49b8356410fe56cc7b18f533835a38ff1e63ca4,7a77e01e4f82562292a3e45ea49b8356410fe56cc7b18f533835a38ff1e63ca4
b-v6h-gain-69c2a99a-cD/cases/chain_b-v6h.k2+p2f+gain_teacher_N02_s911_pPOST_VENV/case.json,2832,0cb2168e968b28f07e39ec48c1dbe4875ff8f2c62a140a4f35b360efa4a08262,0cb2168e968b28f07e39ec48c1dbe4875ff8f2c62a140a4f35b360efa4a08262
b-v6h-gain-69c2a99a-cD/cases/chain_b-v6h.k2+p2f+gain_teacher_N02_s911_pPOST_VENV/result.json,195943,b7175104b522468606f81d07e2f16163178f6370347e61b3d4b05b728fd863f5,b7175104b522468606f81d07e2f16163178f6370347e61b3d4b05b728fd863f5
b-v6h-gain-69c2a99a-cD/cases/chain_b-v6h.k2+p2f+gain_teacher_N04_s913_pPOST_VENV/case.json,2839,fc1f0bb608a67d967698a410c0bf662d0673871adad482f81ae53f771fc10d82,fc1f0bb608a67d967698a410c0bf662d0673871adad482f81ae53f771fc10d82
b-v6h-gain-69c2a99a-cD/cases/chain_b-v6h.k2+p2f+gain_teacher_N04_s913_pPOST_VENV/result.json,184322,af7e5ab2d8c568ea69f7ac4443ea50e51b3f76d58b7a49a23da5948071d3933e,af7e5ab2d8c568ea69f7ac4443ea50e51b3f76d58b7a49a23da5948071d3933e
b-v6h-gain-69c2a99a-cD/cases/chain_b-v6h.k2+p2f+gain_teacher_N04_s911_pPOST_VENV/case.json,2839,bec362acc99698361b2a404f90b9fc1cae5238f257999d0d8ebf8d87e2591f6a,bec362acc99698361b2a404f90b9fc1cae5238f257999d0d8ebf8d87e2591f6a
b-v6h-gain-69c2a99a-cD/cases/chain_b-v6h.k2+p2f+gain_teacher_N04_s911_pPOST_VENV/result.json,184788,818a5f88cb1362ca9fc6ff7561c1d98c056762dc79ada2260c761de9bd4fb99f,818a5f88cb1362ca9fc6ff7561c1d98c056762dc79ada2260c761de9bd4fb99f
b-v6h-gain-69c2a99a-cD/cases/chain_b-v6h.k2+p2f+gain_teacher_N05_s913_pPOST_VENV/case.json,2829,3cbc2a8662e9854eb2da0a84babf4ad3dbf37e1a94538dc5629e48243debc489,3cbc2a8662e9854eb2da0a84babf4ad3dbf37e1a94538dc5629e48243debc489
b-v6h-gain-69c2a99a-cD/cases/chain_b-v6h.k2+p2f+gain_teacher_N05_s913_pPOST_VENV/result.json,196394,436b4baca9cbe012f864725ee12785d5172b810b359f8ae4fe4c0c0f5185c9d0,436b4baca9cbe012f864725ee12785d5172b810b359f8ae4fe4c0c0f5185c9d0
b-v6h-gain-69c2a99a-cD/cases/chain_b-v6h.k2+p2f+gain_teacher_N05_s911_pPOST_VENV/case.json,2829,608008407c78107e97989c794e909d34012961bc349cf196358146a289cf0b5d,608008407c78107e97989c794e909d34012961bc349cf196358146a289cf0b5d
b-v6h-gain-69c2a99a-cD/cases/chain_b-v6h.k2+p2f+gain_teacher_N05_s911_pPOST_VENV/result.json,196513,73598dbb0ef5d716347462a364f409bc6a3d70a7a6b9d7228b58c0d18cd9cf3d,73598dbb0ef5d716347462a364f409bc6a3d70a7a6b9d7228b58c0d18cd9cf3d
b-v6h-gain-69c2a99a-cD/cases/chain_b-v6h.k2+p2f+gain_teacher_N06_s913_pPOST_VENV/case.json,2830,bacacbbe0af8e36a4bbe36e3012292d6c4e7a5516cdca9bb30549ced12608512,bacacbbe0af8e36a4bbe36e3012292d6c4e7a5516cdca9bb30549ced12608512
b-v6h-gain-69c2a99a-cD/cases/chain_b-v6h.k2+p2f+gain_teacher_N06_s913_pPOST_VENV/result.json,197342,ac7da880be552525e328e52c490310c8ba3432fcb154158064a7178693f230b6,ac7da880be552525e328e52c490310c8ba3432fcb154158064a7178693f230b6
b-v6h-gain-69c2a99a-cD/cases/chain_b-v6h.k2+p2f+gain_teacher_N06_s911_pPOST_VENV/case.json,2830,9f81bcdb24382c1d581158c83dbd8f7e268e28f7e060d4e6ecc572884e899a42,9f81bcdb24382c1d581158c83dbd8f7e268e28f7e060d4e6ecc572884e899a42
b-v6h-gain-69c2a99a-cD/cases/chain_b-v6h.k2+p2f+gain_teacher_N06_s911_pPOST_VENV/result.json,205083,5f7d6926a5695e452018af9960102de9ab37710092270485260faed9bbe9aa85,5f7d6926a5695e452018af9960102de9ab37710092270485260faed9bbe9aa85
b-v6h-gain-69c2a99a-cD/cases/chain_b-v6h.k2+p2f+gain_teacher_N07_s913_pPOST_VENV/case.json,2824,fd7e18eaad0c49c3dfc386f59a72cb2ea68163afcca807ac5f66a1db819dad52,fd7e18eaad0c49c3dfc386f59a72cb2ea68163afcca807ac5f66a1db819dad52
b-v6h-gain-69c2a99a-cD/cases/chain_b-v6h.k2+p2f+gain_teacher_N07_s913_pPOST_VENV/result.json,184269,d0e1b5965a5c34b18d5b3b25f5d04bb316187c9e511108ee6559da8e599bcc00,d0e1b5965a5c34b18d5b3b25f5d04bb316187c9e511108ee6559da8e599bcc00
b-v6h-gain-69c2a99a-cD/cases/chain_b-v6h.k2+p2f+gain_teacher_N07_s911_pPOST_VENV/case.json,2824,1ef137cf9db1b8914b13273e36a1e5b9fd9cd5f186cfc0cffb278d867418abd8,1ef137cf9db1b8914b13273e36a1e5b9fd9cd5f186cfc0cffb278d867418abd8
b-v6h-gain-69c2a99a-cD/cases/chain_b-v6h.k2+p2f+gain_teacher_N07_s911_pPOST_VENV/result.json,195457,68d45c63089693118ba406e1657c9525d1e97ef17873ee8903fb379605c37a73,68d45c63089693118ba406e1657c9525d1e97ef17873ee8903fb379605c37a73
b-v6h-gain-69c2a99a-cD/cases/chain_b-v6h.k2+p2f+gain_teacher_N08_s911_pPOST_VENV/case.json,2828,3921780d0c085fcaa407ca43150330e030b35caff3279f6fa4811e6b8bd3a7b9,3921780d0c085fcaa407ca43150330e030b35caff3279f6fa4811e6b8bd3a7b9
b-v6h-gain-69c2a99a-cD/cases/chain_b-v6h.k2+p2f+gain_teacher_N08_s911_pPOST_VENV/result.json,197966,0180591368988763913742c78851e3a580d82f28bdba53512e7d7ada97b1a141,0180591368988763913742c78851e3a580d82f28bdba53512e7d7ada97b1a141
b-v6h-gain-69c2a99a-cD/cases/chain_b-v6h.k2+p2f+gain_teacher_N08_s913_pPOST_VENV/case.json,2828,b9a9a87d273d49cf74ea2992cc1b26ef499ef26dfc1688136f85ecae53337873,b9a9a87d273d49cf74ea2992cc1b26ef499ef26dfc1688136f85ecae53337873
b-v6h-gain-69c2a99a-cD/cases/chain_b-v6h.k2+p2f+gain_teacher_N08_s913_pPOST_VENV/result.json,197036,877081b50b953cff6e1a57b7b97ee3c00e06f1f9cf9ab8b82581a53fdd4ffec1,877081b50b953cff6e1a57b7b97ee3c00e06f1f9cf9ab8b82581a53fdd4ffec1
b-v6h-gain-69c2a99a-cD/cases/chain_b-v6h.k2+p2f+gain_teacher_N09_s911_pPOST_VENV/case.json,2828,9a400628649b18a64422ebc398a8e9de2f154a35fbe81bf9b715ae4fbdd13a94,9a400628649b18a64422ebc398a8e9de2f154a35fbe81bf9b715ae4fbdd13a94
b-v6h-gain-69c2a99a-cD/cases/chain_b-v6h.k2+p2f+gain_teacher_N09_s911_pPOST_VENV/result.json,183356,95ad7e2b39c9a4448ce1f3f52e0941ac4388d755259683ae787d029754c5e5fc,95ad7e2b39c9a4448ce1f3f52e0941ac4388d755259683ae787d029754c5e5fc
b-v6h-gain-69c2a99a-cD/cases/chain_b-v6h.k2+p2f+gain_teacher_N09_s913_pPOST_VENV/case.json,2828,ee42a36757e729281129630ef6447cae547898a61aaffc15b1931e621b6cb975,ee42a36757e729281129630ef6447cae547898a61aaffc15b1931e621b6cb975
b-v6h-gain-69c2a99a-cD/cases/chain_b-v6h.k2+p2f+gain_teacher_N09_s913_pPOST_VENV/result.json,177743,99d8419ad61edb0e7c9430958f117e07446691259cbcceb086e00159366e06b8,99d8419ad61edb0e7c9430958f117e07446691259cbcceb086e00159366e06b8
b-v6h-gain-69c2a99a-cD/cases/chain_b-v6h.k2+p2f+gain_teacher_N11_s911_pPOST_VENV/case.json,2825,f0ec8a17910a41cf1809e350bb2fc546e22b0c6b1bdfd5d5846d223f75dbd899,f0ec8a17910a41cf1809e350bb2fc546e22b0c6b1bdfd5d5846d223f75dbd899
b-v6h-gain-69c2a99a-cD/cases/chain_b-v6h.k2+p2f+gain_teacher_N11_s911_pPOST_VENV/result.json,178305,901fa4a8ea3b734adf5032c6b494b54c85d279e1bc108b3da1c413d8da56cd93,901fa4a8ea3b734adf5032c6b494b54c85d279e1bc108b3da1c413d8da56cd93
b-v6h-gain-69c2a99a-cD/cases/chain_b-v6h.k2+p2f+gain_teacher_N11_s913_pPOST_VENV/case.json,2825,db5d6f4c30463452e5b621b48bd355c882b2102e47a6b57a1b08db431d2840da,db5d6f4c30463452e5b621b48bd355c882b2102e47a6b57a1b08db431d2840da
b-v6h-gain-69c2a99a-cD/cases/chain_b-v6h.k2+p2f+gain_teacher_N11_s913_pPOST_VENV/result.json,177240,0227e69ee59b97a713bf2dead1197eff5bd3c891378a47cd25e6834ab8ee9c66,0227e69ee59b97a713bf2dead1197eff5bd3c891378a47cd25e6834ab8ee9c66
b-v6h-gain-69c2a99a-cD/cases/chain_b-v6h.k2+p2f+gain_teacher_N10_s913_pPOST_VENV/case.json,2826,ba83259dc70b7f486a18f19ee3e9fd1a797c9f2a687de46ff352ad3ad0ecf1d6,ba83259dc70b7f486a18f19ee3e9fd1a797c9f2a687de46ff352ad3ad0ecf1d6
b-v6h-gain-69c2a99a-cD/cases/chain_b-v6h.k2+p2f+gain_teacher_N10_s913_pPOST_VENV/result.json,196483,2e11eb6343568d1776f4e844bb542295ce2fa8bb0a56ffe2f3166e03f1991b02,2e11eb6343568d1776f4e844bb542295ce2fa8bb0a56ffe2f3166e03f1991b02
b-v6h-gain-69c2a99a-cD/cases/chain_b-v6h.k2+p2f+gain_teacher_N10_s911_pPOST_VENV/case.json,2826,454fff9402612c376372b543dc6294f102bd5d2e99f9bf68fe2ff5edfa801242,454fff9402612c376372b543dc6294f102bd5d2e99f9bf68fe2ff5edfa801242
b-v6h-gain-69c2a99a-cD/cases/chain_b-v6h.k2+p2f+gain_teacher_N10_s911_pPOST_VENV/result.json,197527,5bbe80c607c430cce92d4f203cbea4843bb6d4bc9f950f0e5305324690689951,5bbe80c607c430cce92d4f203cbea4843bb6d4bc9f950f0e5305324690689951
b-v6h-gain-69c2a99a-cF/manifest.json,168305,8208786ea739a3b8b05923571d2f0bfc2b30e5cba186ef902a8c6b301e15d995,
b-v6h-gain-69c2a99a-cF/cases.jsonl,174597,c184d60021a869e876d1bed84b5ab7bca2a27642606744169c35c299ea65dec7,c184d60021a869e876d1bed84b5ab7bca2a27642606744169c35c299ea65dec7
b-v6h-gain-69c2a99a-cF/artifacts.sha256.json,4552254,d09f2104eb7ce54845fddea5ab53f3e72dfb5860ecb3f2826503304c1102e655,
b-v6h-gain-69c2a99a-cF/plan.json,77357,56f5867fb04d5163fec42f81b2d52353493608d3bc2b460fdd07a39ff2b03192,
b-v6h-gain-69c2a99a-cF/cases/chain_b-v6h.k2+p2f_teacher_F_hR2_04_s913_pPOST_VENV/case.json,2818,472da723c0ccf34d7fb70700d7d7bb1bb2c46f7a3bcdc6674fdcf0eff92f6b4f,472da723c0ccf34d7fb70700d7d7bb1bb2c46f7a3bcdc6674fdcf0eff92f6b4f
b-v6h-gain-69c2a99a-cF/cases/chain_b-v6h.k2+p2f_teacher_F_hR2_04_s913_pPOST_VENV/result.json,176293,dd8e95976e0f756ddcd8f217dddc6ad1d41c40d0819705db969df1b2dfa34caf,dd8e95976e0f756ddcd8f217dddc6ad1d41c40d0819705db969df1b2dfa34caf
b-v6h-gain-69c2a99a-cF/cases/chain_b-v6h.k2+p2f_teacher_F_hR2_04_s911_pPOST_VENV/case.json,2818,e4c7d593da80c7ffc0751e66127cf2275f64d68786836c7a5ea42ac3689b68df,e4c7d593da80c7ffc0751e66127cf2275f64d68786836c7a5ea42ac3689b68df
b-v6h-gain-69c2a99a-cF/cases/chain_b-v6h.k2+p2f_teacher_F_hR2_04_s911_pPOST_VENV/result.json,176228,adbf55cf9e5f4db7b9ebdd73be9f0de9c937b54ee81b43d14697870c3ed2e607,adbf55cf9e5f4db7b9ebdd73be9f0de9c937b54ee81b43d14697870c3ed2e607
b-v6h-gain-69c2a99a-cF/cases/chain_b-v6h.k2+p2f_teacher_N01_s911_pPOST_VENV/case.json,2797,ae3b9c56d006b83e237b7853ad85a05670fe0ae9b698f5eaf982c7fa78ecc310,ae3b9c56d006b83e237b7853ad85a05670fe0ae9b698f5eaf982c7fa78ecc310
b-v6h-gain-69c2a99a-cF/cases/chain_b-v6h.k2+p2f_teacher_N01_s911_pPOST_VENV/result.json,182261,d27eac9e4308eacad6fa6153368f195e8a8e6c551c26b3a421e1f80487a6c9bd,d27eac9e4308eacad6fa6153368f195e8a8e6c551c26b3a421e1f80487a6c9bd
b-v6h-gain-69c2a99a-cF/cases/chain_b-v6h.k2+p2f_teacher_N01_s913_pPOST_VENV/case.json,2797,47bb3b22edfbc8d849ae57290dbb0129fad239f7a708a25a97693850e34e1a00,47bb3b22edfbc8d849ae57290dbb0129fad239f7a708a25a97693850e34e1a00
b-v6h-gain-69c2a99a-cF/cases/chain_b-v6h.k2+p2f_teacher_N01_s913_pPOST_VENV/result.json,182285,5bf2e9027641a9f152079c290c07b4e423d3bcfc0d7a65dbcd1741d1acaacfea,5bf2e9027641a9f152079c290c07b4e423d3bcfc0d7a65dbcd1741d1acaacfea
b-v6h-gain-69c2a99a-cF/cases/chain_b-v6h.k2+p2f_teacher_N03_s911_pPOST_VENV/case.json,2806,a94211df90b9beefeab5faac1dd696870c5ccbc075cfba3c1e17142ad7b25e4d,a94211df90b9beefeab5faac1dd696870c5ccbc075cfba3c1e17142ad7b25e4d
b-v6h-gain-69c2a99a-cF/cases/chain_b-v6h.k2+p2f_teacher_N03_s911_pPOST_VENV/result.json,60435,6ee6fa7a3c25b85f16342621210ca5b573ae8281964bcce7b35e16b6ecbf7527,6ee6fa7a3c25b85f16342621210ca5b573ae8281964bcce7b35e16b6ecbf7527
b-v6h-gain-69c2a99a-cF/cases/chain_b-v6h.k2+p2f_teacher_N03_s913_pPOST_VENV/case.json,2806,e498625caba6b4a0fa411e033b81985d0d649e716daecf8de668306f21d4d18e,e498625caba6b4a0fa411e033b81985d0d649e716daecf8de668306f21d4d18e
b-v6h-gain-69c2a99a-cF/cases/chain_b-v6h.k2+p2f_teacher_N03_s913_pPOST_VENV/result.json,60433,62721e6d479699017da6d83d99558d1ec72432b055c3d29d00dc9489d99b033d,62721e6d479699017da6d83d99558d1ec72432b055c3d29d00dc9489d99b033d
b-v6h-gain-69c2a99a-cF/cases/chain_b-v6h.k2+p2f_teacher_N04_s911_pPOST_VENV/case.json,2808,c98dc467c588c21ed3ff32321c1ba312c6503fcbfb052ca7efd8fda0839d0558,c98dc467c588c21ed3ff32321c1ba312c6503fcbfb052ca7efd8fda0839d0558
b-v6h-gain-69c2a99a-cF/cases/chain_b-v6h.k2+p2f_teacher_N04_s911_pPOST_VENV/result.json,60954,aff340976688fc5bc8800718705defa92736bcfea99409e3f376c255652fc4e9,aff340976688fc5bc8800718705defa92736bcfea99409e3f376c255652fc4e9
b-v6h-gain-69c2a99a-cF/cases/chain_b-v6h.k2+p2f_teacher_N04_s913_pPOST_VENV/case.json,2808,c866aa048b43dea98608474dba3d9bf263654cb2dade94e496a22a386e1aab19,c866aa048b43dea98608474dba3d9bf263654cb2dade94e496a22a386e1aab19
b-v6h-gain-69c2a99a-cF/cases/chain_b-v6h.k2+p2f_teacher_N04_s913_pPOST_VENV/result.json,60967,689ecc8e9af3f06f79f4accdd5fcb61f2150d3aaec3923c1cffd900a8d6b7ccc,689ecc8e9af3f06f79f4accdd5fcb61f2150d3aaec3923c1cffd900a8d6b7ccc
b-v6h-gain-69c2a99a-cF/cases/chain_b-v6h.k2+p2f_teacher_N02_s911_pPOST_VENV/case.json,2801,bff8cf9e9cb4c789832f5ca21cf12bc1c1b70879cbe3bbc22d03a388495d909b,bff8cf9e9cb4c789832f5ca21cf12bc1c1b70879cbe3bbc22d03a388495d909b
b-v6h-gain-69c2a99a-cF/cases/chain_b-v6h.k2+p2f_teacher_N02_s911_pPOST_VENV/result.json,194424,7e65373be0c85a7970695e6dcf8af482624dd7bcdb7bd17655756c727972cbf3,7e65373be0c85a7970695e6dcf8af482624dd7bcdb7bd17655756c727972cbf3
b-v6h-gain-69c2a99a-cF/cases/chain_b-v6h.k2+p2f_teacher_N02_s913_pPOST_VENV/case.json,2801,4219f575a944272f78ac291d34fa8917ca99a8e83658353381217b1e42f4ccd8,4219f575a944272f78ac291d34fa8917ca99a8e83658353381217b1e42f4ccd8
b-v6h-gain-69c2a99a-cF/cases/chain_b-v6h.k2+p2f_teacher_N02_s913_pPOST_VENV/result.json,194914,ddd4c7843dfd1b6cb5674bf9a820f3fd6dec31dd1c73ac446c7dd03cf9ab7bf2,ddd4c7843dfd1b6cb5674bf9a820f3fd6dec31dd1c73ac446c7dd03cf9ab7bf2
b-v6h-gain-69c2a99a-cF/cases/chain_b-v6h.k2+p2f_teacher_N05_s911_pPOST_VENV/case.json,2798,84455182abd80e566672caef1f0410ef26287ef5cbaaa00265e6464989ec94af,84455182abd80e566672caef1f0410ef26287ef5cbaaa00265e6464989ec94af
b-v6h-gain-69c2a99a-cF/cases/chain_b-v6h.k2+p2f_teacher_N05_s911_pPOST_VENV/result.json,194958,835ce9b002577a52e149fc9897220d6ba5a4c9656e396ad171034b38c464ae1d,835ce9b002577a52e149fc9897220d6ba5a4c9656e396ad171034b38c464ae1d
b-v6h-gain-69c2a99a-cF/cases/chain_b-v6h.k2+p2f_teacher_N05_s913_pPOST_VENV/case.json,2798,879fb6ca974e2452ace25a68b6177f1c1b632aed6121fa88067e8a01281f65c4,879fb6ca974e2452ace25a68b6177f1c1b632aed6121fa88067e8a01281f65c4
b-v6h-gain-69c2a99a-cF/cases/chain_b-v6h.k2+p2f_teacher_N05_s913_pPOST_VENV/result.json,195482,1bfc57129dc13a58f2ae3b329bd9df81c47042974a6b1b50014594df3dd4ef5c,1bfc57129dc13a58f2ae3b329bd9df81c47042974a6b1b50014594df3dd4ef5c
b-v6h-gain-69c2a99a-cF/cases/chain_b-v6h.k2+p2f_teacher_N06_s911_pPOST_VENV/case.json,2799,41c306931df5df30bbf8030ad8b1d3deef1e79e00bb50db5e6b1ddcc183652c3,41c306931df5df30bbf8030ad8b1d3deef1e79e00bb50db5e6b1ddcc183652c3
b-v6h-gain-69c2a99a-cF/cases/chain_b-v6h.k2+p2f_teacher_N06_s911_pPOST_VENV/result.json,195445,a63be1515dd4fcd12371f20d23e6bbe84a56ca03a976937ad9223639c90d6881,a63be1515dd4fcd12371f20d23e6bbe84a56ca03a976937ad9223639c90d6881
b-v6h-gain-69c2a99a-cF/cases/chain_b-v6h.k2+p2f_teacher_N06_s913_pPOST_VENV/case.json,2799,72fa6e2d5ad762550a4f7d08b3b214ed339e6f2775bb48823c2dfb728b5a111c,72fa6e2d5ad762550a4f7d08b3b214ed339e6f2775bb48823c2dfb728b5a111c
b-v6h-gain-69c2a99a-cF/cases/chain_b-v6h.k2+p2f_teacher_N06_s913_pPOST_VENV/result.json,194910,cc4e39749d3b46bdb4c0d102db269fd63fbc4869bfeb3d4824d6d8c4a27cf0c2,cc4e39749d3b46bdb4c0d102db269fd63fbc4869bfeb3d4824d6d8c4a27cf0c2
b-v6h-gain-69c2a99a-cF/cases/chain_b-v6h.k2+p2f_teacher_N07_s911_pPOST_VENV/case.json,2793,82870e2591557b8a02e681e8c19d6276ee7a33c28b6f43a627233bc6d1d9db9e,82870e2591557b8a02e681e8c19d6276ee7a33c28b6f43a627233bc6d1d9db9e
b-v6h-gain-69c2a99a-cF/cases/chain_b-v6h.k2+p2f_teacher_N07_s911_pPOST_VENV/result.json,60881,3deae344e1afb7481695be26b373e4b4da9eb05f754df9cf387729b32297e8fd,3deae344e1afb7481695be26b373e4b4da9eb05f754df9cf387729b32297e8fd
b-v6h-gain-69c2a99a-cF/cases/chain_b-v6h.k2+p2f_teacher_N07_s913_pPOST_VENV/case.json,2793,63f35b18d53ee34a3ca36c2f6ca0fcc67dd818ae016abb30550c14de68412b76,63f35b18d53ee34a3ca36c2f6ca0fcc67dd818ae016abb30550c14de68412b76
b-v6h-gain-69c2a99a-cF/cases/chain_b-v6h.k2+p2f_teacher_N07_s913_pPOST_VENV/result.json,60880,998ccc6eb1514018788a944b0fe9b705862fa373ad6e433bfc449b8e5e053aa0,998ccc6eb1514018788a944b0fe9b705862fa373ad6e433bfc449b8e5e053aa0
b-v6h-gain-69c2a99a-cF/cases/chain_b-v6h.k2+p2f_teacher_N09_s911_pPOST_VENV/case.json,2797,86936b85fdcd734e51e6b4b9f0982f8334d354df0e1a2b3c025984575ec8da9e,86936b85fdcd734e51e6b4b9f0982f8334d354df0e1a2b3c025984575ec8da9e
b-v6h-gain-69c2a99a-cF/cases/chain_b-v6h.k2+p2f_teacher_N09_s911_pPOST_VENV/result.json,61398,8c1de88c07d7dbbecf8788a18bcafcd61d6a242cc42d23a877c5b69663027879,8c1de88c07d7dbbecf8788a18bcafcd61d6a242cc42d23a877c5b69663027879
b-v6h-gain-69c2a99a-cF/cases/chain_b-v6h.k2+p2f_teacher_N09_s913_pPOST_VENV/case.json,2797,bea0d99eba239325df40a660b9fa8e7fab2418aa9a2a25e110800819fb3da56a,bea0d99eba239325df40a660b9fa8e7fab2418aa9a2a25e110800819fb3da56a
b-v6h-gain-69c2a99a-cF/cases/chain_b-v6h.k2+p2f_teacher_N09_s913_pPOST_VENV/result.json,61393,9111e2dddda0e5ea45672d416a1d1ba2b1a0a43fa0960f99176764dd7b005cf4,9111e2dddda0e5ea45672d416a1d1ba2b1a0a43fa0960f99176764dd7b005cf4
b-v6h-gain-69c2a99a-cF/cases/chain_b-v6h.k2+p2f_teacher_N08_s911_pPOST_VENV/case.json,2797,61ea2de8d516762f9ffffd7be658af6df7f03f6c26795fff0e50f291f56d0acb,61ea2de8d516762f9ffffd7be658af6df7f03f6c26795fff0e50f291f56d0acb
b-v6h-gain-69c2a99a-cF/cases/chain_b-v6h.k2+p2f_teacher_N08_s911_pPOST_VENV/result.json,195936,9fe4c47b25ca7e11878ce7cfd46252d0ec3e0dee4f9ebcfc08f994f5155f47ff,9fe4c47b25ca7e11878ce7cfd46252d0ec3e0dee4f9ebcfc08f994f5155f47ff
b-v6h-gain-69c2a99a-cF/cases/chain_b-v6h.k2+p2f_teacher_N08_s913_pPOST_VENV/case.json,2797,fababf3502d1c29dfecddb83585cb0ec2205298ccfe09ead7ffc148d085c8cbb,fababf3502d1c29dfecddb83585cb0ec2205298ccfe09ead7ffc148d085c8cbb
b-v6h-gain-69c2a99a-cF/cases/chain_b-v6h.k2+p2f_teacher_N08_s913_pPOST_VENV/result.json,195487,95d64cede565ce840144a07af89c9bb2af185ea27942af8b1710acaf0efb8700,95d64cede565ce840144a07af89c9bb2af185ea27942af8b1710acaf0efb8700
b-v6h-gain-69c2a99a-cF/cases/chain_b-v6h.k2+p2f_teacher_N11_s913_pPOST_VENV/case.json,2794,99c3f29a31884ae01d4cf817b1461ada2f8fa57e2353ec326577fffa47fba0d3,99c3f29a31884ae01d4cf817b1461ada2f8fa57e2353ec326577fffa47fba0d3
b-v6h-gain-69c2a99a-cF/cases/chain_b-v6h.k2+p2f_teacher_N11_s913_pPOST_VENV/result.json,61425,ce33a938507209df0ce1cbb99988d7baef3108c9b87c98f91860b8e3d1d6454b,ce33a938507209df0ce1cbb99988d7baef3108c9b87c98f91860b8e3d1d6454b
b-v6h-gain-69c2a99a-cF/cases/chain_b-v6h.k2+p2f_teacher_N11_s911_pPOST_VENV/case.json,2794,3779f5b784ebb7c9c55c8b504b52528ca0d7e6205ca8660b2240104a211755c9,3779f5b784ebb7c9c55c8b504b52528ca0d7e6205ca8660b2240104a211755c9
b-v6h-gain-69c2a99a-cF/cases/chain_b-v6h.k2+p2f_teacher_N11_s911_pPOST_VENV/result.json,61423,3af51d7f5bb162746496c392b2fab683942e8630a42f85fd36216337148a711c,3af51d7f5bb162746496c392b2fab683942e8630a42f85fd36216337148a711c
b-v6h-gain-69c2a99a-cF/cases/chain_b-v6h.k2+p2f_teacher_N10_s911_pPOST_VENV/case.json,2795,2b631ffab6fb2026353326526b0ddfa23e67cb9a447ca723694e16e7784358b1,2b631ffab6fb2026353326526b0ddfa23e67cb9a447ca723694e16e7784358b1
b-v6h-gain-69c2a99a-cF/cases/chain_b-v6h.k2+p2f_teacher_N10_s911_pPOST_VENV/result.json,195991,be09e4af3006306e9a2ec914f9762e1186486196a7a4ebca445825f2fbef1203,be09e4af3006306e9a2ec914f9762e1186486196a7a4ebca445825f2fbef1203
b-v6h-gain-69c2a99a-cF/cases/chain_b-v6h.k2+p2f_teacher_N10_s913_pPOST_VENV/case.json,2795,d071b0e797b649175f954acdc997e398e58e3d43e37454aeee6577908dc7c24b,d071b0e797b649175f954acdc997e398e58e3d43e37454aeee6577908dc7c24b
b-v6h-gain-69c2a99a-cF/cases/chain_b-v6h.k2+p2f_teacher_N10_s913_pPOST_VENV/result.json,195441,4a7c54ac60d45b25ec9a0524f98a0f7e357588a5dd9605cc9d6625925adacb47,4a7c54ac60d45b25ec9a0524f98a0f7e357588a5dd9605cc9d6625925adacb47
b-v6h-gain-b95d2016-sA/manifest.json,168310,ea93d550bce894d00d657c985cd3d0fc84e409d6e7104cfcf66dd578cb6ae5eb,
b-v6h-gain-b95d2016-sA/cases.jsonl,212666,f01f7476acd4e969eb45219e8111b7cbaf557d1ffc0b4f53ff85e9cc819d49f2,f01f7476acd4e969
b-v6h-gain-b95d2016-sA/artifacts.sha256.json,6693961,749fefa4c31e270b781d515c01647b8740e7664f0d47b1535f0ee81ccdc9a284,
b-v6h-gain-b95d2016-sA/plan.json,77421,8ee61599328ed3e776b8dfd9d13ea562c40d1b04a738964c0ba7a330ac6e1df5,
b-v6h-gain-b95d2016-sA/cases/chain_b-v6h.k1g+p2f_teacher_S01_s911_pPOST_VENVS/case.json,2800,354039158e19a4d2117d8a99d773dee1f83f69004f8b8dd90f860819799bbac7,354039158e19a4d2117d8a99d773dee1f83f69004f8b8dd90f860819799bbac7
b-v6h-gain-b95d2016-sA/cases/chain_b-v6h.k1g+p2f_teacher_S01_s911_pPOST_VENVS/result.json,204068,5549ef2e55482ddddd9bcc7c8c0796272a0bbf31320da1db68c7241caa98bbd6,5549ef2e55482ddddd9bcc7c8c0796272a0bbf31320da1db68c7241caa98bbd6
b-v6h-gain-b95d2016-sA/cases/chain_b-v6h.k1g+p2f_teacher_S01_s913_pPOST_VENVS/case.json,2800,697172bd965c3558d2f815f6845f3c5e363e889a8da905b0a1a0400cac2aff95,697172bd965c3558d2f815f6845f3c5e363e889a8da905b0a1a0400cac2aff95
b-v6h-gain-b95d2016-sA/cases/chain_b-v6h.k1g+p2f_teacher_S01_s913_pPOST_VENVS/result.json,204074,aa8457877836315b60de7b0584ee8bff326fb608cd169aa1c67fb1f6c53c5cb9,aa8457877836315b60de7b0584ee8bff326fb608cd169aa1c67fb1f6c53c5cb9
b-v6h-gain-b95d2016-sA/cases/chain_b-v6h.k1g+p2f_teacher_S02_s913_pPOST_VENVS/case.json,2805,0165c2625da4fb796e4dd8b30e278be35e8034013bb92c831d496fd128ad028b,0165c2625da4fb796e4dd8b30e278be35e8034013bb92c831d496fd128ad028b
b-v6h-gain-b95d2016-sA/cases/chain_b-v6h.k1g+p2f_teacher_S02_s913_pPOST_VENVS/result.json,204150,767c6c3f5399e76138c20bb71f3e2c01e82bbce34631c7dc27fd0efac3484a23,767c6c3f5399e76138c20bb71f3e2c01e82bbce34631c7dc27fd0efac3484a23
b-v6h-gain-b95d2016-sA/cases/chain_b-v6h.k1g+p2f_teacher_S02_s911_pPOST_VENVS/case.json,2805,5efcf89813c03ff88c19f9a9b9df5093bd3403ff11d65b12599f84b510ad3d9f,5efcf89813c03ff88c19f9a9b9df5093bd3403ff11d65b12599f84b510ad3d9f
b-v6h-gain-b95d2016-sA/cases/chain_b-v6h.k1g+p2f_teacher_S02_s911_pPOST_VENVS/result.json,204122,b6760ce2eb760a1d5edf44889189c178990e83bac88cb17af9f3587d36dadcfb,b6760ce2eb760a1d5edf44889189c178990e83bac88cb17af9f3587d36dadcfb
b-v6h-gain-b95d2016-sA/cases/chain_b-v6h.k1g+p2f_teacher_S03_s911_pPOST_VENVS/case.json,2801,c2eb149684895aec2842c87419206b95ca10478c24665e59dd31b9b7e77de6c0,c2eb149684895aec2842c87419206b95ca10478c24665e59dd31b9b7e77de6c0
b-v6h-gain-b95d2016-sA/cases/chain_b-v6h.k1g+p2f_teacher_S03_s911_pPOST_VENVS/result.json,204035,ad882241f8675034fcd6c9b43938d163077771d1f5acdd45573a7f3c8da6a277,ad882241f8675034fcd6c9b43938d163077771d1f5acdd45573a7f3c8da6a277
b-v6h-gain-b95d2016-sA/cases/chain_b-v6h.k1g+p2f_teacher_S03_s913_pPOST_VENVS/case.json,2801,d4145297041fdde702b29e8183a2ea1831be6beea07bb556925c5b374eff0111,d4145297041fdde702b29e8183a2ea1831be6beea07bb556925c5b374eff0111
b-v6h-gain-b95d2016-sA/cases/chain_b-v6h.k1g+p2f_teacher_S03_s913_pPOST_VENVS/result.json,204004,0c610e57e36d847decccffed4d6aba1f49f7e4e7cc8ec2ae450965edeff39a47,0c610e57e36d847decccffed4d6aba1f49f7e4e7cc8ec2ae450965edeff39a47
b-v6h-gain-b95d2016-sA/cases/chain_b-v6h.k1g+p2f_teacher_S04_s911_pPOST_VENVS/case.json,2803,0d4fff4d7d7bb77adb116c16b7d2435020690a7b9fe99925fde20724aa89c13d,0d4fff4d7d7bb77adb116c16b7d2435020690a7b9fe99925fde20724aa89c13d
b-v6h-gain-b95d2016-sA/cases/chain_b-v6h.k1g+p2f_teacher_S04_s911_pPOST_VENVS/result.json,201580,baa2a8d6eb15091883f01db949e8f44b8970603acccc1095c9d513a12efdbebe,baa2a8d6eb15091883f01db949e8f44b8970603acccc1095c9d513a12efdbebe
b-v6h-gain-b95d2016-sA/cases/chain_b-v6h.k1g+p2f_teacher_S04_s913_pPOST_VENVS/case.json,2803,d020ea51402cb6fee1b5fff514f4260d760f268b645795a22b57bc3ca09595c6,d020ea51402cb6fee1b5fff514f4260d760f268b645795a22b57bc3ca09595c6
b-v6h-gain-b95d2016-sA/cases/chain_b-v6h.k1g+p2f_teacher_S04_s913_pPOST_VENVS/result.json,201537,fdcac2e1b6d5ea27153de4872436caf2cd20e6cdd7e5a42140b3d15cd15b00bc,fdcac2e1b6d5ea27153de4872436caf2cd20e6cdd7e5a42140b3d15cd15b00bc
b-v6h-gain-b95d2016-sA/cases/chain_b-v6h.k1g+p2f_teacher_S06_s911_pPOST_VENVS/case.json,2809,bd31389a1738b399469de3711a0db1e8073707490a8fb6d765f3535878055d03,bd31389a1738b399469de3711a0db1e8073707490a8fb6d765f3535878055d03
b-v6h-gain-b95d2016-sA/cases/chain_b-v6h.k1g+p2f_teacher_S06_s911_pPOST_VENVS/result.json,204094,446669fe3190305e4ee3255298ac98da32788ade447468bba19830567c8d4ba0,446669fe3190305e4ee3255298ac98da32788ade447468bba19830567c8d4ba0
b-v6h-gain-b95d2016-sA/cases/chain_b-v6h.k1g+p2f_teacher_S06_s913_pPOST_VENVS/case.json,2809,74d7575b49b3ff1928c0fb9fa2d330e873a3354be7834358f06a04a787f3cdd3,74d7575b49b3ff1928c0fb9fa2d330e873a3354be7834358f06a04a787f3cdd3
b-v6h-gain-b95d2016-sA/cases/chain_b-v6h.k1g+p2f_teacher_S06_s913_pPOST_VENVS/result.json,204128,15f38257fcc933268ffa20c9ad574cd7c0ce7b7336de30f0a4e141b0fc5d619d,15f38257fcc933268ffa20c9ad574cd7c0ce7b7336de30f0a4e141b0fc5d619d
b-v6h-gain-b95d2016-sA/cases/chain_b-v6h.k1g+p2f_teacher_S05_s913_pPOST_VENVS/case.json,2800,d1446bd13adbb26b00d7e1edd9f4cd08f77323ea4c41e6e0ac16947e2bdfd110,d1446bd13adbb26b00d7e1edd9f4cd08f77323ea4c41e6e0ac16947e2bdfd110
b-v6h-gain-b95d2016-sA/cases/chain_b-v6h.k1g+p2f_teacher_S05_s913_pPOST_VENVS/result.json,204075,15b13435ed54600c2ed9605272f8c29b3dc23220cdfc53034ab53cbcde50fc88,15b13435ed54600c2ed9605272f8c29b3dc23220cdfc53034ab53cbcde50fc88
b-v6h-gain-b95d2016-sA/cases/chain_b-v6h.k1g+p2f_teacher_S05_s911_pPOST_VENVS/case.json,2800,a3b0bc007e3ba98ba0fabfdc827ad5ccedbf9c21a97a5befb0cdbe24282e9409,a3b0bc007e3ba98ba0fabfdc827ad5ccedbf9c21a97a5befb0cdbe24282e9409
b-v6h-gain-b95d2016-sA/cases/chain_b-v6h.k1g+p2f_teacher_S05_s911_pPOST_VENVS/result.json,204102,10499ec614f9046775eaf5129a79b4ef6f089ff4959ceadc7c417f07cfe8c745,10499ec614f9046775eaf5129a79b4ef6f089ff4959ceadc7c417f07cfe8c745
b-v6h-gain-b95d2016-sA/cases/chain_b-v6h.k1g+p2f_teacher_S07_s913_pPOST_VENVS/case.json,2802,23bfbed925ff351f9ff238a010547ddb48c74229b5c75e655e819d9aa9c3e53f,23bfbed925ff351f9ff238a010547ddb48c74229b5c75e655e819d9aa9c3e53f
b-v6h-gain-b95d2016-sA/cases/chain_b-v6h.k1g+p2f_teacher_S07_s913_pPOST_VENVS/result.json,206816,65c8a4ca6cc42e5073fab0519851d89d563502914d1231a53747ca466b913eae,65c8a4ca6cc42e5073fab0519851d89d563502914d1231a53747ca466b913eae
b-v6h-gain-b95d2016-sA/cases/chain_b-v6h.k1g+p2f_teacher_S07_s911_pPOST_VENVS/case.json,2802,2b87aaac9b52626682ae4ebae2f45ebcd34d98af2e8ed199dee5561523242cdf,2b87aaac9b52626682ae4ebae2f45ebcd34d98af2e8ed199dee5561523242cdf
b-v6h-gain-b95d2016-sA/cases/chain_b-v6h.k1g+p2f_teacher_S07_s911_pPOST_VENVS/result.json,206853,8a517b925f8b98a45e17b540862842549b795acc4717922d243cec4ed5906276,8a517b925f8b98a45e17b540862842549b795acc4717922d243cec4ed5906276
b-v6h-gain-b95d2016-sA/cases/chain_b-v6h.k1g+p2f_teacher_S08_s913_pPOST_VENVS/case.json,2799,2d2109da633fe354cec79c2e259d8c46fad624a6bb2120db16bdd68ce60e14e4,2d2109da633fe354cec79c2e259d8c46fad624a6bb2120db16bdd68ce60e14e4
b-v6h-gain-b95d2016-sA/cases/chain_b-v6h.k1g+p2f_teacher_S08_s913_pPOST_VENVS/result.json,203997,d458e9878aef5b02fc31677975869726af863ee4a080a8867d8c8d4b4e68b018,d458e9878aef5b02fc31677975869726af863ee4a080a8867d8c8d4b4e68b018
b-v6h-gain-b95d2016-sA/cases/chain_b-v6h.k1g+p2f_teacher_S08_s911_pPOST_VENVS/case.json,2799,0750e32ca5791af845d3e12e409789c34b4b8ecd530e100509d5c2eed49cb56c,0750e32ca5791af845d3e12e409789c34b4b8ecd530e100509d5c2eed49cb56c
b-v6h-gain-b95d2016-sA/cases/chain_b-v6h.k1g+p2f_teacher_S08_s911_pPOST_VENVS/result.json,203992,4e0ae7c99218f2cea98924071e9bcb61a3795be0451dbfc623fbeeb6e1cad00e,4e0ae7c99218f2cea98924071e9bcb61a3795be0451dbfc623fbeeb6e1cad00e
b-v6h-gain-b95d2016-sA/cases/chain_b-v6h.k1g+p2f_teacher_S10_s911_pPOST_VENVS/case.json,2806,6ddc94e1ffd08c3da5673e8f8b66f3cd8671426d3537f526b01cefcb44c59db1,6ddc94e1ffd08c3da5673e8f8b66f3cd8671426d3537f526b01cefcb44c59db1
b-v6h-gain-b95d2016-sA/cases/chain_b-v6h.k1g+p2f_teacher_S10_s911_pPOST_VENVS/result.json,204062,e9a83bd5c779b91bb5acb70d1903b4f63c5534dcd2a1cac16439482ff03b8088,e9a83bd5c779b91bb5acb70d1903b4f63c5534dcd2a1cac16439482ff03b8088
b-v6h-gain-b95d2016-sA/cases/chain_b-v6h.k1g+p2f_teacher_S10_s913_pPOST_VENVS/case.json,2806,b791996997929e5c70b76ecc32f459b510ee500ebcdf1d11cb73dab3ee2ad357,b791996997929e5c70b76ecc32f459b510ee500ebcdf1d11cb73dab3ee2ad357
b-v6h-gain-b95d2016-sA/cases/chain_b-v6h.k1g+p2f_teacher_S10_s913_pPOST_VENVS/result.json,204065,b99dee4c6a2a5ce94346f70ee1a396d62f2715bd6b4066bed43be9b2d14172a7,b99dee4c6a2a5ce94346f70ee1a396d62f2715bd6b4066bed43be9b2d14172a7
b-v6h-gain-b95d2016-sA/cases/chain_b-v6h.k1g+p2f_teacher_S09_s911_pPOST_VENVS/case.json,2805,76d193d91713ecb23caf892965028ffe7f5c157b943a9ac002a51623ae81c739,76d193d91713ecb23caf892965028ffe7f5c157b943a9ac002a51623ae81c739
b-v6h-gain-b95d2016-sA/cases/chain_b-v6h.k1g+p2f_teacher_S09_s911_pPOST_VENVS/result.json,204010,fda5413f621e25047ad5de7f6211613ededa03f3e133d16bdca72420f5bcf2fa,fda5413f621e25047ad5de7f6211613ededa03f3e133d16bdca72420f5bcf2fa
b-v6h-gain-b95d2016-sA/cases/chain_b-v6h.k1g+p2f_teacher_S09_s913_pPOST_VENVS/case.json,2805,9c816f3e1ac63b91cadc22e2c8f65e77bd9bcc3d01a20312be0e0af9ab5b7e00,9c816f3e1ac63b91cadc22e2c8f65e77bd9bcc3d01a20312be0e0af9ab5b7e00
b-v6h-gain-b95d2016-sA/cases/chain_b-v6h.k1g+p2f_teacher_S09_s913_pPOST_VENVS/result.json,204024,041b7c9a928a80a54505986e92862fae8c4885825beacf13a8348cb316287b06,041b7c9a928a80a54505986e92862fae8c4885825beacf13a8348cb316287b06
b-v6h-gain-b95d2016-sA/cases/chain_b-v6h.k1g+p2f_teacher_S11_s913_pPOST_VENVS/case.json,2803,83e69c43ce3ad44ee284c9e73116e97d686d2dc6d499e458ae8cc98df5a4cf1b,83e69c43ce3ad44ee284c9e73116e97d686d2dc6d499e458ae8cc98df5a4cf1b
b-v6h-gain-b95d2016-sA/cases/chain_b-v6h.k1g+p2f_teacher_S11_s913_pPOST_VENVS/result.json,204171,995fb410b31c300848dc7d2b282f00113947efd33aff32cf59e7383a6764686e,995fb410b31c300848dc7d2b282f00113947efd33aff32cf59e7383a6764686e
b-v6h-gain-b95d2016-sA/cases/chain_b-v6h.k1g+p2f_teacher_S11_s911_pPOST_VENVS/case.json,2803,497d26cf488e23697f0d49a77a0667dd8ebca88fe6fcbf65828b6650100ff8bf,497d26cf488e23697f0d49a77a0667dd8ebca88fe6fcbf65828b6650100ff8bf
b-v6h-gain-b95d2016-sA/cases/chain_b-v6h.k1g+p2f_teacher_S11_s911_pPOST_VENVS/result.json,204115,52e670a8457e7cb81d67908d79137a2e856a72965925c537554ebe366cfb140b,52e670a8457e7cb81d67908d79137a2e856a72965925c537554ebe366cfb140b
b-v6h-gain-b95d2016-sA/cases/chain_b-v6h.k1g+p2f_teacher_S12_s911_pPOST_VENVS/case.json,2802,909acd4b3f28a0898ae3d6c7456ffa9079598c29352a6568466aabf2dc694074,909acd4b3f28a0898ae3d6c7456ffa9079598c29352a6568466aabf2dc694074
b-v6h-gain-b95d2016-sA/cases/chain_b-v6h.k1g+p2f_teacher_S12_s911_pPOST_VENVS/result.json,206815,3724645d1b62b46f100226f65226508dc8795d27db05d80bcdb645d05e95e427,3724645d1b62b46f100226f65226508dc8795d27db05d80bcdb645d05e95e427
b-v6h-gain-b95d2016-sA/cases/chain_b-v6h.k1g+p2f_teacher_S12_s913_pPOST_VENVS/case.json,2802,6c93d8952c04a35a1e0316dd0fba72a3e35b6c636b7e6283dbd41c8944032d92,6c93d8952c04a35a1e0316dd0fba72a3e35b6c636b7e6283dbd41c8944032d92
b-v6h-gain-b95d2016-sA/cases/chain_b-v6h.k1g+p2f_teacher_S12_s913_pPOST_VENVS/result.json,206863,e23a6e24af4b3d4f82003fe0fb97b9c6cd23c90cfbfb445a8b91aef44fd29841,e23a6e24af4b3d4f82003fe0fb97b9c6cd23c90cfbfb445a8b91aef44fd29841
b-v6h-gain-b95d2016-sB/manifest.json,168300,540df2785192d1eb9898152e882f8a8e85cd707764b596010737ce182a35fedf,
b-v6h-gain-b95d2016-sB/cases.jsonl,212553,1ddfeedebff7d1ab47450693cbd22469176ed9d1d9d73f2008f222715c4bb998,1ddfeedebff7d1ab47450693cbd22469176ed9d1d9d73f2008f222715c4bb998
b-v6h-gain-b95d2016-sB/artifacts.sha256.json,6871981,c4eb0ffd02eaeaa009399b14965a8c1dd09eb66fa7cd318cc62b10921321d09f,
b-v6h-gain-b95d2016-sB/plan.json,78261,e79db4bc2e3019d82f4cd070c62ddc879e4e92333434c0a018b35aaec87845d7,
b-v6h-gain-b95d2016-sB/cases/chain_b-v6h.k1g+p2f+gain_teacher_S01_s911_pPOST_VENVS/case.json,2831,50b1781999a054b956171d27b4233ef8dd5f3960bf773f85da1b7c08602ed22b,50b1781999a054b956171d27b4233ef8dd5f3960bf773f85da1b7c08602ed22b
b-v6h-gain-b95d2016-sB/cases/chain_b-v6h.k1g+p2f+gain_teacher_S01_s911_pPOST_VENVS/result.json,205080,050d406ae148002931084b501d2c0ad625d099c30399a3a14d7b583b151c519f,050d406ae148002931084b501d2c0ad625d099c30399a3a14d7b583b151c519f
b-v6h-gain-b95d2016-sB/cases/chain_b-v6h.k1g+p2f+gain_teacher_S01_s913_pPOST_VENVS/case.json,2831,3d201e481f2d11c1e37f691a2b7cfe65f63db650bc641742d30c2ce0ac40d146,3d201e481f2d11c1e37f691a2b7cfe65f63db650bc641742d30c2ce0ac40d146
b-v6h-gain-b95d2016-sB/cases/chain_b-v6h.k1g+p2f+gain_teacher_S01_s913_pPOST_VENVS/result.json,205093,94104078c91cfe1a59dd4c8016565af216797a5b36891bd6fa21bdd40d43a81d,94104078c91cfe1a59dd4c8016565af216797a5b36891bd6fa21bdd40d43a81d
b-v6h-gain-b95d2016-sB/cases/chain_b-v6h.k1g+p2f+gain_teacher_S02_s911_pPOST_VENVS/case.json,2836,060e0dd9dcb1b9ec6c6d4a7706b12eef84d29dd67ecc570c316b10866f4e04c2,060e0dd9dcb1b9ec6c6d4a7706b12eef84d29dd67ecc570c316b10866f4e04c2
b-v6h-gain-b95d2016-sB/cases/chain_b-v6h.k1g+p2f+gain_teacher_S02_s911_pPOST_VENVS/result.json,205189,808f40ac2e2dc3f2821f6e6e115b5fb28259c5264d3c811b25fd5b0d09e77408,808f40ac2e2dc3f2821f6e6e115b5fb28259c5264d3c811b25fd5b0d09e77408
b-v6h-gain-b95d2016-sB/cases/chain_b-v6h.k1g+p2f+gain_teacher_S02_s913_pPOST_VENVS/case.json,2836,841a80e964a84f3aab6741db63db4b0b614348bc605576a1da2a9caa54ce02a9,841a80e964a84f3aab6741db63db4b0b614348bc605576a1da2a9caa54ce02a9
b-v6h-gain-b95d2016-sB/cases/chain_b-v6h.k1g+p2f+gain_teacher_S02_s913_pPOST_VENVS/result.json,205192,f05baaa832c9be68f059ef52c0891710e0b18d0fa84ba30da5672e1bc459950e,f05baaa832c9be68f059ef52c0891710e0b18d0fa84ba30da5672e1bc459950e
b-v6h-gain-b95d2016-sB/cases/chain_b-v6h.k1g+p2f+gain_teacher_S03_s913_pPOST_VENVS/case.json,2832,b111b92f19c40192caef04761a9e55c63d1912700b5a81a0d04cf891d6548ca0,b111b92f19c40192caef04761a9e55c63d1912700b5a81a0d04cf891d6548ca0
b-v6h-gain-b95d2016-sB/cases/chain_b-v6h.k1g+p2f+gain_teacher_S03_s913_pPOST_VENVS/result.json,205017,3f7d945a3d1bcb4919cf39af9673ba7303c6736b371438ec7590103e82548216,3f7d945a3d1bcb4919cf39af9673ba7303c6736b371438ec7590103e82548216
b-v6h-gain-b95d2016-sB/cases/chain_b-v6h.k1g+p2f+gain_teacher_S04_s911_pPOST_VENVS/case.json,2834,bb769f0a211dfbfa353b9d4541e6dc9c14f574dddb543a44e13c9a760cd67687,bb769f0a211dfbfa353b9d4541e6dc9c14f574dddb543a44e13c9a760cd67687
b-v6h-gain-b95d2016-sB/cases/chain_b-v6h.k1g+p2f+gain_teacher_S04_s911_pPOST_VENVS/result.json,202637,25f1953cd04327c7da7a71bb4c9b88ec7f8e949be5b46a3c5d8092647ab488b7,25f1953cd04327c7da7a71bb4c9b88ec7f8e949be5b46a3c5d8092647ab488b7
b-v6h-gain-b95d2016-sB/cases/chain_b-v6h.k1g+p2f+gain_teacher_S04_s913_pPOST_VENVS/case.json,2834,22397be1e9daa2d638c2049717064fabb17555837a1b4d801310d047c0e1b55b,22397be1e9daa2d638c2049717064fabb17555837a1b4d801310d047c0e1b55b
b-v6h-gain-b95d2016-sB/cases/chain_b-v6h.k1g+p2f+gain_teacher_S04_s913_pPOST_VENVS/result.json,202615,e7b47814f425c84051587bb5b2da2ae9ec604402f38b40afb29160ab4488f5e2,e7b47814f425c84051587bb5b2da2ae9ec604402f38b40afb29160ab4488f5e2
b-v6h-gain-b95d2016-sB/cases/chain_b-v6h.k1g+p2f+gain_teacher_S03_s911_pPOST_VENVS/case.json,2832,190c5d5ad25557d1cd1114efb54b0bc405a59f641e21a2a139eee076b5b038cd,190c5d5ad25557d1cd1114efb54b0bc405a59f641e21a2a139eee076b5b038cd
b-v6h-gain-b95d2016-sB/cases/chain_b-v6h.k1g+p2f+gain_teacher_S03_s911_pPOST_VENVS/result.json,205078,160223fd2a05681a7200d65f3c81f86576d6cc50a82625ed1b554d49c7969760,160223fd2a05681a7200d65f3c81f86576d6cc50a82625ed1b554d49c7969760
b-v6h-gain-b95d2016-sB/cases/chain_b-v6h.k1g+p2f+gain_teacher_S06_s911_pPOST_VENVS/case.json,2840,d6d07106c5ee5c5ca66a7daba1e9ca19beaa8d2569aedf166b62f11aa5373697,d6d07106c5ee5c5ca66a7daba1e9ca19beaa8d2569aedf166b62f11aa5373697
b-v6h-gain-b95d2016-sB/cases/chain_b-v6h.k1g+p2f+gain_teacher_S06_s911_pPOST_VENVS/result.json,205143,f297b3bcc41cfd32af07e128ebe6c56c0927d8806323ad6e2a73a42118d67ed0,f297b3bcc41cfd32af07e128ebe6c56c0927d8806323ad6e2a73a42118d67ed0
b-v6h-gain-b95d2016-sB/cases/chain_b-v6h.k1g+p2f+gain_teacher_S06_s913_pPOST_VENVS/case.json,2840,e2f3433e7085f1399652b0eef0b373e138570ded541787462b65aad215194e30,e2f3433e7085f1399652b0eef0b373e138570ded541787462b65aad215194e30
b-v6h-gain-b95d2016-sB/cases/chain_b-v6h.k1g+p2f+gain_teacher_S06_s913_pPOST_VENVS/result.json,205181,3049252a20b1c66051b9c3bba8e8a97d3dda63e916f36cc46f50ad7099b2f373,3049252a20b1c66051b9c3bba8e8a97d3dda63e916f36cc46f50ad7099b2f373
b-v6h-gain-b95d2016-sB/cases/chain_b-v6h.k1g+p2f+gain_teacher_S05_s913_pPOST_VENVS/case.json,2831,a1d0c7884c4438afc825254a076e2e15a2409b2f01b7d678b5e7f6dfb8281edb,a1d0c7884c4438afc825254a076e2e15a2409b2f01b7d678b5e7f6dfb8281edb
b-v6h-gain-b95d2016-sB/cases/chain_b-v6h.k1g+p2f+gain_teacher_S05_s913_pPOST_VENVS/result.json,205157,2c502692b42560f8aef19c79731102104700f0c7e10d335404684e7f0038afc9,2c502692b42560f8aef19c79731102104700f0c7e10d335404684e7f0038afc9
b-v6h-gain-b95d2016-sB/cases/chain_b-v6h.k1g+p2f+gain_teacher_S05_s911_pPOST_VENVS/case.json,2831,ab3a12df22c8c190b4131e00068a6b599209c3578cbca43a8e7e12a186dca875,ab3a12df22c8c190b4131e00068a6b599209c3578cbca43a8e7e12a186dca875
b-v6h-gain-b95d2016-sB/cases/chain_b-v6h.k1g+p2f+gain_teacher_S05_s911_pPOST_VENVS/result.json,205118,0b80848d8a6f30fa45c4b1dea63d7f2c632fc86d7f7e84fdb751e0799b8ae73f,0b80848d8a6f30fa45c4b1dea63d7f2c632fc86d7f7e84fdb751e0799b8ae73f
b-v6h-gain-b95d2016-sB/cases/chain_b-v6h.k1g+p2f+gain_teacher_S08_s911_pPOST_VENVS/case.json,2830,91788922778b5f57771ce603fac7a1812f3b8ce460a1497d3679432bb310ea93,91788922778b5f57771ce603fac7a1812f3b8ce460a1497d3679432bb310ea93
b-v6h-gain-b95d2016-sB/cases/chain_b-v6h.k1g+p2f+gain_teacher_S08_s911_pPOST_VENVS/result.json,205041,cd89a148091704b2d36463f831a8e4e54209663f5a5ce04a9cfddd8a6b152440,cd89a148091704b2d36463f831a8e4e54209663f5a5ce04a9cfddd8a6b152440
b-v6h-gain-b95d2016-sB/cases/chain_b-v6h.k1g+p2f+gain_teacher_S08_s913_pPOST_VENVS/case.json,2830,2a142e5aa1dc0cc4cd7ed28842cf7ff293c5d814b2cb17c781f2d6cd9f20b682,2a142e5aa1dc0cc4cd7ed28842cf7ff293c5d814b2cb17c781f2d6cd9f20b682
b-v6h-gain-b95d2016-sB/cases/chain_b-v6h.k1g+p2f+gain_teacher_S08_s913_pPOST_VENVS/result.json,205006,396b2a449bcac5d24d4e66d454456f38a345a96a66fd1fbfe4d3b5759d47a94d,396b2a449bcac5d24d4e66d454456f38a345a96a66fd1fbfe4d3b5759d47a94d
b-v6h-gain-b95d2016-sB/cases/chain_b-v6h.k1g+p2f+gain_teacher_S07_s913_pPOST_VENVS/case.json,2833,2c5a60b0e6514c7d361a6a1e1d37a479fcf7acde1e7499999095fcd6d56d5d4b,2c5a60b0e6514c7d361a6a1e1d37a479fcf7acde1e7499999095fcd6d56d5d4b
b-v6h-gain-b95d2016-sB/cases/chain_b-v6h.k1g+p2f+gain_teacher_S07_s913_pPOST_VENVS/result.json,207862,ccb576613ef34fd4cb027ec468690db39fd365204c615ba75678704712937411,ccb576613ef34fd4cb027ec468690db39fd365204c615ba75678704712937411
b-v6h-gain-b95d2016-sB/cases/chain_b-v6h.k1g+p2f+gain_teacher_S07_s911_pPOST_VENVS/case.json,2833,0760fff98d582751e79f26780b19692b61914d02d64eafb4a74f4fe8bd01c7cc,0760fff98d582751e79f26780b19692b61914d02d64eafb4a74f4fe8bd01c7cc
b-v6h-gain-b95d2016-sB/cases/chain_b-v6h.k1g+p2f+gain_teacher_S07_s911_pPOST_VENVS/result.json,207928,90ee6f8c6ee60874a31f1e55ded5c39480c2a9192e9bdf4229d55feaacb42667,90ee6f8c6ee60874a31f1e55ded5c39480c2a9192e9bdf4229d55feaacb42667
b-v6h-gain-b95d2016-sB/cases/chain_b-v6h.k1g+p2f+gain_teacher_S10_s911_pPOST_VENVS/case.json,2837,7ef0fff19e81d12d870096ec009e6f34b60c89fdefcbd9849f868419a101a85f,7ef0fff19e81d12d870096ec009e6f34b60c89fdefcbd9849f868419a101a85f
b-v6h-gain-b95d2016-sB/cases/chain_b-v6h.k1g+p2f+gain_teacher_S10_s911_pPOST_VENVS/result.json,205124,b6565198c2b9c352694291434b4d6940bd4e7664b6579b66e0fd49e4a25bc90e,b6565198c2b9c352694291434b4d6940bd4e7664b6579b66e0fd49e4a25bc90e
b-v6h-gain-b95d2016-sB/cases/chain_b-v6h.k1g+p2f+gain_teacher_S09_s913_pPOST_VENVS/case.json,2836,c87fc143cd834bfdab6c2fe346e8d6a7d74e41418e19d72d0b75d8519e2684e0,c87fc143cd834bfdab6c2fe346e8d6a7d74e41418e19d72d0b75d8519e2684e0
b-v6h-gain-b95d2016-sB/cases/chain_b-v6h.k1g+p2f+gain_teacher_S09_s913_pPOST_VENVS/result.json,205080,cdea81d37cadc9125c420a5e0741cd56af14d0b241d89a5264094645b74b3ee0,cdea81d37cadc9125c420a5e0741cd56af14d0b241d89a5264094645b74b3ee0
b-v6h-gain-b95d2016-sB/cases/chain_b-v6h.k1g+p2f+gain_teacher_S10_s913_pPOST_VENVS/case.json,2837,555afe6806963b4992da217ab2915a5919ee13dce6d271c0fc7fa6856569f5e8,555afe6806963b4992da217ab2915a5919ee13dce6d271c0fc7fa6856569f5e8
b-v6h-gain-b95d2016-sB/cases/chain_b-v6h.k1g+p2f+gain_teacher_S10_s913_pPOST_VENVS/result.json,205115,02c402f94db6b1cf29908c1309b12ea0b485f0b28c7341c1efbaff4c938b3818,02c402f94db6b1cf29908c1309b12ea0b485f0b28c7341c1efbaff4c938b3818
b-v6h-gain-b95d2016-sB/cases/chain_b-v6h.k1g+p2f+gain_teacher_S09_s911_pPOST_VENVS/case.json,2836,3f36a0ec6a8ec03acc50590f5bea3e52e2e23446eea1905a4c55689bfc9edd07,3f36a0ec6a8ec03acc50590f5bea3e52e2e23446eea1905a4c55689bfc9edd07
b-v6h-gain-b95d2016-sB/cases/chain_b-v6h.k1g+p2f+gain_teacher_S09_s911_pPOST_VENVS/result.json,205079,9dd42cc8b6dd05ba3a3648481aae4dca8d7c3355e0165922bf967d399195ce17,9dd42cc8b6dd05ba3a3648481aae4dca8d7c3355e0165922bf967d399195ce17
b-v6h-gain-b95d2016-sB/cases/chain_b-v6h.k1g+p2f+gain_teacher_S11_s911_pPOST_VENVS/case.json,2834,3c8539d6ea0d45cf2067015c953da887afaa94ad7e433becfb91e2faac1b8ee8,3c8539d6ea0d45cf2067015c953da887afaa94ad7e433becfb91e2faac1b8ee8
b-v6h-gain-b95d2016-sB/cases/chain_b-v6h.k1g+p2f+gain_teacher_S11_s911_pPOST_VENVS/result.json,205155,fd17f23866ded459d4e2c22f51fd46233a55573ba3bf3636799e195e8c4c0c64,fd17f23866ded459d4e2c22f51fd46233a55573ba3bf3636799e195e8c4c0c64
b-v6h-gain-b95d2016-sB/cases/chain_b-v6h.k1g+p2f+gain_teacher_S11_s913_pPOST_VENVS/case.json,2834,7a23bc0d1a088a3017729b7488d175cff4b9d48625ee5a8da32cd00fd1426ff3,7a23bc0d1a088a3017729b7488d175cff4b9d48625ee5a8da32cd00fd1426ff3
b-v6h-gain-b95d2016-sB/cases/chain_b-v6h.k1g+p2f+gain_teacher_S11_s913_pPOST_VENVS/result.json,205165,55fc2142abeb160666119ef58349cdea784346935f99e361885c197df4393163,55fc2142abeb160666119ef58349cdea784346935f99e361885c197df4393163
b-v6h-gain-b95d2016-sB/cases/chain_b-v6h.k1g+p2f+gain_teacher_S12_s911_pPOST_VENVS/case.json,2833,cad08825dee7c75f2b1cc5872fa48ce94980a1cd4adcf9c752a40870b02089df,cad08825dee7c75f2b1cc5872fa48ce94980a1cd4adcf9c752a40870b02089df
b-v6h-gain-b95d2016-sB/cases/chain_b-v6h.k1g+p2f+gain_teacher_S12_s911_pPOST_VENVS/result.json,207623,a3e8c590e50913be3324ceb9a2b5056744c55b1722b1472b26a27e37c2c9a981,a3e8c590e50913be3324ceb9a2b5056744c55b1722b1472b26a27e37c2c9a981
b-v6h-gain-b95d2016-sB/cases/chain_b-v6h.k1g+p2f+gain_teacher_S12_s913_pPOST_VENVS/case.json,2833,d9ded677ad398f1303358e3b297934583bb0f6b0e775c32d8f16c490196b2283,d9ded677ad398f1303358e3b297934583bb0f6b0e775c32d8f16c490196b2283
b-v6h-gain-b95d2016-sB/cases/chain_b-v6h.k1g+p2f+gain_teacher_S12_s913_pPOST_VENVS/result.json,207674,ca5c6c26ea16fdf6d2283936082257d83838be55c1bcc87d7011930d63628020,ca5c6c26ea16fdf6d2283936082257d83838be55c1bcc87d7011930d63628020
b-v6h-gain-f5d83fdb-tS/manifest.json,168243,e74abb34b60dc96e39b7f0d1e08003ea51e59bc079010213f8ed592ef90a292c,
b-v6h-gain-f5d83fdb-tS/cases.jsonl,0,e3b0c44298fc1c149afbf4c8996fb92427ae41e4649b934ca495991b7852b855,
b-v6h-gain-f5d83fdb-tS/plan.json,79197,001ccc5a6e35a9cb53bf4e7168e7888aef2910bcb2388624700fc6c4e4580f39,
b-v6h-gain-f5d83fdb-tX1/manifest.json,168480,3983e55b34bcbcff7c5d608316b66680283c70e0f1d4f4febceb819f1f9dec5e,
b-v6h-gain-f5d83fdb-tX1/cases.jsonl,106811,c355d1ceff773e5d091703d7f9afea8f37f086dd53135e4a7a8b1b6a258ce4fb,c355d1ceff773e5d091703d7f9afea8f37f086dd53135e4a7a8b1b6a258ce4fb
b-v6h-gain-f5d83fdb-tX1/artifacts.sha256.json,3959309,e61750761fd417edf4ca1b5ab2ff2dc2347f97ab5e12be8590ddfda89571d75b,
b-v6h-gain-f5d83fdb-tX1/plan.json,46331,6e276b6b1f3fc84fe0eb6973155892aabd260b462b7acd128fb20ce8fad627fc,6e276b6b1f3fc84fe0eb6973155892aabd260b462b7acd128fb20ce8fad627fc
b-v6h-gain-f5d83fdb-tX1/cases/chain_b-v6h.k1g+p2f+gain+alag_teacher_X00_F_hR2_04_s911_pPOST_VENVS/case.json,2896,f50ec17a2eb3e8716f0612ad5448d153a1fd8bd9b28e4b97658a1f8544fb1f02,f50ec17a2eb3e8716f0612ad5448d153a1fd8bd9b28e4b97658a1f8544fb1f02
b-v6h-gain-f5d83fdb-tX1/cases/chain_b-v6h.k1g+p2f+gain+alag_teacher_X00_F_hR2_04_s911_pPOST_VENVS/result.json,207216,89c561e523d730963c10576d7c2203327158bf2f56629eca98385e53502a970c,89c561e523d730963c10576d7c2203327158bf2f56629eca98385e53502a970c
b-v6h-gain-f5d83fdb-tX1/cases/chain_b-v6h.k1g+p2f+gain+alag_teacher_X00_F_hR2_04_s913_pPOST_VENVS/case.json,2896,cf2df4094d50afc066bcbf94613d6ae868ebb16541e684142f412ed4fc36f08b,cf2df4094d50afc066bcbf94613d6ae868ebb16541e684142f412ed4fc36f08b
b-v6h-gain-f5d83fdb-tX1/cases/chain_b-v6h.k1g+p2f+gain+alag_teacher_X00_F_hR2_04_s913_pPOST_VENVS/result.json,207060,184b0eee3a4672b51d7cbd745f8146cb002e46d129224472ecad98277a6b17bd,184b0eee3a4672b51d7cbd745f8146cb002e46d129224472ecad98277a6b17bd
b-v6h-gain-f5d83fdb-tX1/cases/chain_b-v6h.k1g+p2f+gain+alag_teacher_X01_s913_pPOST_VENVS/case.json,2868,5b27081f4046800ca9e730fa1c24e15949333cb8c4f99e1e127cc4827134296c,5b27081f4046800ca9e730fa1c24e15949333cb8c4f99e1e127cc4827134296c
b-v6h-gain-f5d83fdb-tX1/cases/chain_b-v6h.k1g+p2f+gain+alag_teacher_X01_s913_pPOST_VENVS/result.json,207061,4dd4edeb975a6a874ae9183e7377ad27c9781412e339f05ce135431df7b9c0ea,4dd4edeb975a6a874ae9183e7377ad27c9781412e339f05ce135431df7b9c0ea
b-v6h-gain-f5d83fdb-tX1/cases/chain_b-v6h.k1g+p2f+gain+alag_teacher_X01_s911_pPOST_VENVS/case.json,2868,17918c6faa065218e76aa04bb3433b5c6810f8f6f55d74d171ed5a8b553b5e0c,17918c6faa065218e76aa04bb3433b5c6810f8f6f55d74d171ed5a8b553b5e0c
b-v6h-gain-f5d83fdb-tX1/cases/chain_b-v6h.k1g+p2f+gain+alag_teacher_X01_s911_pPOST_VENVS/result.json,207038,1c7b0fba9791d0393d2bdd09b96cd29354d1693ff0738ad6fc6aded4dbafb072,1c7b0fba9791d0393d2bdd09b96cd29354d1693ff0738ad6fc6aded4dbafb072
b-v6h-gain-f5d83fdb-tX1/cases/chain_b-v6h.k1g+p2f+gain+alag_teacher_X02_s911_pPOST_VENVS/case.json,2882,a9deee23438abb9fd5c8f00d8b87399120a5818b2ac717c28a60b2e0f9269673,a9deee23438abb9fd5c8f00d8b87399120a5818b2ac717c28a60b2e0f9269673
b-v6h-gain-f5d83fdb-tX1/cases/chain_b-v6h.k1g+p2f+gain+alag_teacher_X02_s911_pPOST_VENVS/result.json,207058,ba95acfbc598c82b546c5a44fc9ba6bef7036a453a95fd10732a6b555e793626,ba95acfbc598c82b546c5a44fc9ba6bef7036a453a95fd10732a6b555e793626
b-v6h-gain-f5d83fdb-tX1/cases/chain_b-v6h.k1g+p2f+gain+alag_teacher_X02_s913_pPOST_VENVS/case.json,2882,10affa1a1d1a0758c3efe9031da2a0101e56b3a080e87e5f70f89dd13ac9db6f,10affa1a1d1a0758c3efe9031da2a0101e56b3a080e87e5f70f89dd13ac9db6f
b-v6h-gain-f5d83fdb-tX1/cases/chain_b-v6h.k1g+p2f+gain+alag_teacher_X02_s913_pPOST_VENVS/result.json,207044,8a98f9f0f13d7f49c5e9c7332af65fd6d9483364f52578cd7e05b6cbc6f22295,8a98f9f0f13d7f49c5e9c7332af65fd6d9483364f52578cd7e05b6cbc6f22295
b-v6h-gain-f5d83fdb-tX1/cases/chain_b-v6h.k1g+p2f+gain+alag_teacher_X03_s911_pPOST_VENVS/case.json,2867,2362fcfb9e0a285b0ddbd8240a05c676f9ae538598a0ddef6c626dc6705abcae,2362fcfb9e0a285b0ddbd8240a05c676f9ae538598a0ddef6c626dc6705abcae
b-v6h-gain-f5d83fdb-tX1/cases/chain_b-v6h.k1g+p2f+gain+alag_teacher_X03_s911_pPOST_VENVS/result.json,207099,98363ca50a24bd01e8e4677dcb6e5193102ad6a2bd5cfda6f80883da411c8ca3,98363ca50a24bd01e8e4677dcb6e5193102ad6a2bd5cfda6f80883da411c8ca3
b-v6h-gain-f5d83fdb-tX1/cases/chain_b-v6h.k1g+p2f+gain+alag_teacher_X03_s913_pPOST_VENVS/case.json,2867,8ca8b8bd84d0ba5016bacc3575ef32b0d02722f8c18652c7307c5be3a0081088,8ca8b8bd84d0ba5016bacc3575ef32b0d02722f8c18652c7307c5be3a0081088
b-v6h-gain-f5d83fdb-tX1/cases/chain_b-v6h.k1g+p2f+gain+alag_teacher_X03_s913_pPOST_VENVS/result.json,207090,69cb0b107e727f5e4f53344b3e35f32d9c5e65e00f419b2968e0419750d25594,69cb0b107e727f5e4f53344b3e35f32d9c5e65e00f419b2968e0419750d25594
b-v6h-gain-f5d83fdb-tX1/cases/chain_b-v6h.k1g+p2f+gain+alag_teacher_X04_s911_pPOST_VENVS/case.json,2869,bbd4bfa1876e6444cf290b7cc1224c91452c8625ae292eaa73e544a55d110af2,bbd4bfa1876e6444cf290b7cc1224c91452c8625ae292eaa73e544a55d110af2
b-v6h-gain-f5d83fdb-tX1/cases/chain_b-v6h.k1g+p2f+gain+alag_teacher_X04_s911_pPOST_VENVS/result.json,204452,bfee690bcfc4f23a9a23357f66940f4941c0800da4de6242b1054571fa4a29be,bfee690bcfc4f23a9a23357f66940f4941c0800da4de6242b1054571fa4a29be
b-v6h-gain-f5d83fdb-tX1/cases/chain_b-v6h.k1g+p2f+gain+alag_teacher_X04_s913_pPOST_VENVS/case.json,2869,ca3d0ca0f9ef19d4a6349769ffb1d03eafcfe53e522351d443deb02426811e4f,ca3d0ca0f9ef19d4a6349769ffb1d03eafcfe53e522351d443deb02426811e4f
b-v6h-gain-f5d83fdb-tX1/cases/chain_b-v6h.k1g+p2f+gain+alag_teacher_X04_s913_pPOST_VENVS/result.json,204436,bd2f6a6961339c885f1a54e593793df0ce6d35f2e2dcc65a880954f514ab1372,bd2f6a6961339c885f1a54e593793df0ce6d35f2e2dcc65a880954f514ab1372
b-v6h-gain-f5d83fdb-tX1/cases/chain_b-v6h.k1g+p2f+gain+alag_teacher_X05_s911_pPOST_VENVS/case.json,2868,e1935e4989ad658247e758951a53efaa284477b55b80d29eb8cae2f7e3aa2526,e1935e4989ad658247e758951a53efaa284477b55b80d29eb8cae2f7e3aa2526
b-v6h-gain-f5d83fdb-tX1/cases/chain_b-v6h.k1g+p2f+gain+alag_teacher_X05_s911_pPOST_VENVS/result.json,204552,b45b370d6fee0d5f96d3e62944421cf1b78fe13a5f44e30338a908a617c3a4ee,b45b370d6fee0d5f96d3e62944421cf1b78fe13a5f44e30338a908a617c3a4ee
b-v6h-gain-f5d83fdb-tX1/cases/chain_b-v6h.k1g+p2f+gain+alag_teacher_X05_s913_pPOST_VENVS/case.json,2868,084906326a5950642a28cd7346419862d61003ebab6c61e712a028ae83f6fb6b,084906326a5950642a28cd7346419862d61003ebab6c61e712a028ae83f6fb6b
b-v6h-gain-f5d83fdb-tX1/cases/chain_b-v6h.k1g+p2f+gain+alag_teacher_X05_s913_pPOST_VENVS/result.json,204599,b7e6d25fed81cad2caf330d53426517862596009525e9c4e730fc2fefcf1a894,b7e6d25fed81cad2caf330d53426517862596009525e9c4e730fc2fefcf1a894
door-relax-envelope-4194d34c-posAdv2L/manifest.json,167681,67118c0aebe38252ac80519e931a3a152364c961f161e011452eddcdf1ccf32c,
door-relax-envelope-4194d34c-posAdv2L/cases.jsonl,14734,6303df70192ccc56d64e6607905887d68e6212fa5c03236cf4d1ff1f477718a3,
door-relax-envelope-4194d34c-posAdv2L/artifacts.sha256.json,611540,a54c03c6c5ce90fcd81ba724b3ee8f28d0bbdf017c33cab70352c26721b50e7b,
door-relax-envelope-4194d34c-posAdv2L/plan.json,12514,7dcc1adbd7097418f4d59b9321128b17441746cb9ac1183259b8420d502f20a8,
door-relax-envelope-4194d34c-posAdv2L/cases/carry_b-v6h.adv_teacher_E_y-0.200_h+0.0_b+0.290_+0.0_s911_pPOST_L1_VENV/case.json,2688,53750f1585305a3ee5e30e7d9b6536d770a6661111c2407d24fd4319900da65f,53750f1585305a3ee5e30e7d9b6536d770a6661111c2407d24fd4319900da65f
door-relax-envelope-4194d34c-posAdv2L/cases/carry_b-v6h.adv_teacher_E_y-0.200_h+0.0_b+0.290_+0.0_s911_pPOST_L1_VENV/result.json,63859,72e37dde0566d369c69d9abf5c5715d67f1f59ac1a7d13580482455486e1dbe5,72e37dde0566d369c69d9abf5c5715d67f1f59ac1a7d13580482455486e1dbe5
door-relax-envelope-4194d34c-posAdv2L/cases/carry_b-v6h.adv_teacher_E_y-0.240_h+0.0_b+0.250_+0.0_s911_pPOST_L1_VENV/case.json,2692,3985feebe24656633bdfa04747fc256b8310d22e338801d283a6fcd0cd3da906,3985feebe24656633bdfa04747fc256b8310d22e338801d283a6fcd0cd3da906
door-relax-envelope-4194d34c-posAdv2L/cases/carry_b-v6h.adv_teacher_E_y-0.240_h+0.0_b+0.250_+0.0_s911_pPOST_L1_VENV/result.json,63859,881cd3f6e7109c868b642e6ed926b09a916702cb80eb310d3f15c74512cbec2b,881cd3f6e7109c868b642e6ed926b09a916702cb80eb310d3f15c74512cbec2b
door-relax-envelope-4194d34c-posAdv2L/cases/carry_b-v6h.adv_teacher_E_y-0.200_h+0.0_b+0.250_+0.0_s911_pPOST_L1_VENV/case.json,2686,5d2adb0bbdb5f37a156b706314ca8c44b12322a0b6f673d18735adbfcbeb0960,5d2adb0bbdb5f37a156b706314ca8c44b12322a0b6f673d18735adbfcbeb0960
door-relax-envelope-4194d34c-posAdv2L/cases/carry_b-v6h.adv_teacher_E_y-0.200_h+0.0_b+0.250_+0.0_s911_pPOST_L1_VENV/result.json,63868,307ec988f5f4903a032a9efe71e38d5dc450822ec30d7c6a5a9bd6347df17a8a,307ec988f5f4903a032a9efe71e38d5dc450822ec30d7c6a5a9bd6347df17a8a
door-relax-envelope-4194d34c-posAdv2L/cases/carry_b-v6h.adv_teacher_E_y-0.240_h+0.0_b+0.290_+0.0_s911_pPOST_L1_VENV/case.json,2689,9359e6cfec4cf742ff2a1a14dd18c21768323db9b230e124043633f6af4602cb,9359e6cfec4cf742ff2a1a14dd18c21768323db9b230e124043633f6af4602cb
door-relax-envelope-4194d34c-posAdv2L/cases/carry_b-v6h.adv_teacher_E_y-0.240_h+0.0_b+0.290_+0.0_s911_pPOST_L1_VENV/result.json,63857,3b0524876f0f5f733b9bcb682bb15afe33697ce1041964c038c44b4a5f5a82ea,3b0524876f0f5f733b9bcb682bb15afe33697ce1041964c038c44b4a5f5a82ea
door-relax-envelope-4194d34c-posAdv2R/manifest.json,167682,4bbbfd23229d3688b29b5c595ada1a61dd4f2b546bb15974ac10d01578ed333c,
door-relax-envelope-4194d34c-posAdv2R/cases.jsonl,14761,8416816a2c5df57e21c9bee560ed13ba48eae4d8ca67cbd48106978806091739,8416816a2c5df57e21c9bee560ed13ba48eae4d8ca67cbd48106978806091739
door-relax-envelope-4194d34c-posAdv2R/artifacts.sha256.json,611540,20e2fb40d14ca3d8f3194f4761fdfa7eec7f1ea21fb663b98f3d7be675e362d6,
door-relax-envelope-4194d34c-posAdv2R/plan.json,12507,6f78608588f938e6460c4eca43c3bcbb123562edddba181a1c0311a583e60a92,
door-relax-envelope-4194d34c-posAdv2R/cases/carry_b-v6h.adv_teacher_E_y+0.300_h+0.0_b-0.290_+0.0_s911_pPOST_L1_VENV/case.json,2686,57152ca0fcad12b2309c3a3a8a5a956ee9bcbbb8b5f5d563c9eaef922823d422,57152ca0fcad12b2309c3a3a8a5a956ee9bcbbb8b5f5d563c9eaef922823d422
door-relax-envelope-4194d34c-posAdv2R/cases/carry_b-v6h.adv_teacher_E_y+0.300_h+0.0_b-0.290_+0.0_s911_pPOST_L1_VENV/result.json,63867,60526068560e375667b68b30cb682c6bbf32428ef4dd4cd94789e941b677cfd8,60526068560e375667b68b30cb682c6bbf32428ef4dd4cd94789e941b677cfd8
door-relax-envelope-4194d34c-posAdv2R/cases/carry_b-v6h.adv_teacher_E_y+0.340_h+0.0_b-0.250_+0.0_s911_pPOST_L1_VENV/case.json,2688,8279449c70bc07840b13c9cf8563de1da3f063ec2acb1694302e6590bd08616b,8279449c70bc07840b13c9cf8563de1da3f063ec2acb1694302e6590bd08616b
door-relax-envelope-4194d34c-posAdv2R/cases/carry_b-v6h.adv_teacher_E_y+0.340_h+0.0_b-0.250_+0.0_s911_pPOST_L1_VENV/result.json,63824,12eac83bb7d3c35ffe51a1d2cc297f1e33a8a47cee1c2518953b2eda16758b58,12eac83bb7d3c35ffe51a1d2cc297f1e33a8a47cee1c2518953b2eda16758b58
door-relax-envelope-4194d34c-posAdv2R/cases/carry_b-v6h.adv_teacher_E_y+0.300_h+0.0_b-0.250_+0.0_s911_pPOST_L1_VENV/case.json,2685,3ed4018b236564f90e3a2e1e49e40c7d1f2e05d7ef53979790ed53d8b0badf62,3ed4018b236564f90e3a2e1e49e40c7d1f2e05d7ef53979790ed53d8b0badf62
door-relax-envelope-4194d34c-posAdv2R/cases/carry_b-v6h.adv_teacher_E_y+0.300_h+0.0_b-0.250_+0.0_s911_pPOST_L1_VENV/result.json,63856,7e7471178d3b2ad3bfb4426199a01d70601cdaf265c449a293079035ad3d80d3,7e7471178d3b2ad3bfb4426199a01d70601cdaf265c449a293079035ad3d80d3
door-relax-envelope-4194d34c-posAdv2R/cases/carry_b-v6h.adv_teacher_E_y+0.340_h+0.0_b-0.290_+0.0_s911_pPOST_L1_VENV/case.json,2689,2443187f63406ac5b6cfead0883894f2294ac02c47e39f5b6215f9c77dc29b63,2443187f63406ac5b6cfead0883894f2294ac02c47e39f5b6215f9c77dc29b63
door-relax-envelope-4194d34c-posAdv2R/cases/carry_b-v6h.adv_teacher_E_y+0.340_h+0.0_b-0.290_+0.0_s911_pPOST_L1_VENV/result.json,63803,babe3f776fae2da109b490e8178e00f790d906f3aeefa713da1d474c35f63529,babe3f776fae2da109b490e8178e00f790d906f3aeefa713da1d474c35f63529
door-relax-envelope-4194d34c-posAdvM/manifest.json,167679,807b3a460886890895a61d94b18514a39be57d95faea27cf6390b62c603bc1b2,
door-relax-envelope-4194d34c-posAdvM/cases.jsonl,10979,de9228d5bf91dbd1b3416f726d93853a96ef05b052aefa2c0ae436b9d57dac07,de9228d5bf91dbd1b3416f726d93853a96ef05b052aefa2c0ae436b9d57dac07
door-relax-envelope-4194d34c-posAdvM/artifacts.sha256.json,458780,a28be79846cf38c42022e4decaa6692178e1f72b35532cdc6ac32025945bb35f,
door-relax-envelope-4194d34c-posAdvM/plan.json,9411,9c3783108f4504b7a3a0f303a64952a6dc9cbda8e5215c1d164fca00bc1df64d,
door-relax-envelope-4194d34c-posAdvM/cases/carry_b-v6h.adv_teacher_E_y-0.100_h+0.0_b+0.200_+0.0_s911_pPOST_L1_VENV/case.json,2688,82f1e7a2790268e552e0305b69798052f92f69cac8395d96b697b3d611d6c916,82f1e7a2790268e552e0305b69798052f92f69cac8395d96b697b3d611d6c916
door-relax-envelope-4194d34c-posAdvM/cases/carry_b-v6h.adv_teacher_E_y-0.100_h+0.0_b+0.200_+0.0_s911_pPOST_L1_VENV/result.json,63565,5728474b768ce9adffa4d78f1e0eac0e6f38da10438c70c4e58c428d31a4c569,5728474b768ce9adffa4d78f1e0eac0e6f38da10438c70c4e58c428d31a4c569
door-relax-envelope-4194d34c-posAdvM/cases/carry_b-v6h.adv_teacher_E_y-0.100_h+0.0_b+0.150_+0.0_s911_pPOST_L1_VENV/case.json,2689,21178d1db4e936d7dc0b1c94e7cf2be8c12cdd9f345c3d59c889b3bbf8939d1d,21178d1db4e936d7dc0b1c94e7cf2be8c12cdd9f345c3d59c889b3bbf8939d1d
door-relax-envelope-4194d34c-posAdvM/cases/carry_b-v6h.adv_teacher_E_y-0.100_h+0.0_b+0.150_+0.0_s911_pPOST_L1_VENV/result.json,63559,ce9afe76c2b10ce892768c04e2d37c0242c97840a3e7744f2a44cd50764a269e,ce9afe76c2b10ce892768c04e2d37c0242c97840a3e7744f2a44cd50764a269e
door-relax-envelope-4194d34c-posAdvM/cases/carry_b-v6h.adv_teacher_E_y-0.100_h+0.0_b+0.250_+0.0_s911_pPOST_L1_VENV/case.json,2685,e2dbfbc65628c0863131813eba2ed09712dd39ddfcc931bdbf9b2ca511accdf3,e2dbfbc65628c0863131813eba2ed09712dd39ddfcc931bdbf9b2ca511accdf3
door-relax-envelope-4194d34c-posAdvM/cases/carry_b-v6h.adv_teacher_E_y-0.100_h+0.0_b+0.250_+0.0_s911_pPOST_L1_VENV/result.json,63872,44e859a2d085a236d51159780c4a93feef70f7a851b1ba03963f79c410a3b825,44e859a2d085a236d51159780c4a93feef70f7a851b1ba03963f79c410a3b825
door-relax-envelope-44ef9eda-chBase/manifest.json,167764,23c3db325c4107c807f8bd6f82a77e1feeb0040fada1bce0584a5aa3c9b260ac,
door-relax-envelope-44ef9eda-chBase/cases.jsonl,0,e3b0c44298fc1c149afbf4c8996fb92427ae41e4649b934ca495991b7852b855,
door-relax-envelope-44ef9eda-chBase/plan.json,32919,1a2ee43cd347576b12ffac50346b34696726fa4345ed987bb42d1109aad985b0,
door-relax-envelope-77fde5f6-chK1gP2/manifest.json,168145,cd5c8880b8421d6ce86c3f5372bedc5c737d4bdecf5699ab9feed00eed4d37cf,
door-relax-envelope-77fde5f6-chK1gP2/cases.jsonl,177452,e31bd99448b22157196f505f4584482e576f5ce004b90dc41d0505ac5fc1154a,e31bd99448b22157196f505f4584482e576f5ce004b90dc41d0505ac5fc1154a
door-relax-envelope-77fde5f6-chK1gP2/artifacts.sha256.json,5650013,fabacbc09d4663f675c0ca7dfb625337cff4103ab1abc855e4a9c09e094eb341,
door-relax-envelope-77fde5f6-chK1gP2/plan.json,67559,7f44aa16a8306750a1a27c7a8be93a765e8cb6db5de6e67f8ceec15bab963080,
door-relax-envelope-77fde5f6-chK1gP2/cases/chain_b-v6h.k1g+p2_teacher_hR2_02_s911_pPOST_VhR2/case.json,2957,2b5388a4a711e2183c7edea7f63a7651f80878f2fc4e5620759cd882ef639bd0,2b5388a4a711e2183c7edea7f63a7651f80878f2fc4e5620759cd882ef639bd0
door-relax-envelope-77fde5f6-chK1gP2/cases/chain_b-v6h.k1g+p2_teacher_hR2_02_s911_pPOST_VhR2/result.json,203092,a87540c180926a2262d70346c071d061fdca31da90bdc06f31fc843b178d60d7,a87540c180926a2262d70346c071d061fdca31da90bdc06f31fc843b178d60d7
door-relax-envelope-77fde5f6-chK1gP2/cases/chain_b-v6h.k1g+p2_teacher_hR2_01_s911_pPOST_VhR2/case.json,2955,33de194c154ab8bcbc979559478181734a76c5426307bbc3c4adb4296821e411,33de194c154ab8bcbc979559478181734a76c5426307bbc3c4adb4296821e411
door-relax-envelope-77fde5f6-chK1gP2/cases/chain_b-v6h.k1g+p2_teacher_hR2_01_s911_pPOST_VhR2/result.json,203574,098315264c40a31f69a97041ec53365c61e0c5053b21265f1397fd91a0b0f446,098315264c40a31f69a97041ec53365c61e0c5053b21265f1397fd91a0b0f446
door-relax-envelope-77fde5f6-chK1gP2/cases/chain_b-v6h.k1g+p2_teacher_hR2_01_s912_pPOST_VhR2/case.json,2955,9327d06364cf626f78b2c570dddd4fb12747b660ae96e6ae44672e007b056a39,9327d06364cf626f78b2c570dddd4fb12747b660ae96e6ae44672e007b056a39
door-relax-envelope-77fde5f6-chK1gP2/cases/chain_b-v6h.k1g+p2_teacher_hR2_01_s912_pPOST_VhR2/result.json,203519,f8c32c505c6139433b671a7426c894ba86fbcd68def689e133f246a292be1823,f8c32c505c6139433b671a7426c894ba86fbcd68def689e133f246a292be1823
door-relax-envelope-77fde5f6-chK1gP2/cases/chain_b-v6h.k1g+p2_teacher_hR2_03_s911_pPOST_VhR2/case.json,2951,2e523d3e90a8ef2bae75f40cb111c28a444aad47c8148418097f310b546473b1,2e523d3e90a8ef2bae75f40cb111c28a444aad47c8148418097f310b546473b1
door-relax-envelope-77fde5f6-chK1gP2/cases/chain_b-v6h.k1g+p2_teacher_hR2_03_s911_pPOST_VhR2/result.json,203137,6db14a3ad189e419e789994f253743fc24b44e23b7f06f3e1b987c60037fb2e9,6db14a3ad189e419e789994f253743fc24b44e23b7f06f3e1b987c60037fb2e9
door-relax-envelope-77fde5f6-chK1gP2/cases/chain_b-v6h.k1g+p2_teacher_hR2_02_s912_pPOST_VhR2/case.json,2957,fbab4986d009242d8ddca2b7a2368b9fb9840dab45d82b96243e8ed5c6467d5b,fbab4986d009242d8ddca2b7a2368b9fb9840dab45d82b96243e8ed5c6467d5b
door-relax-envelope-77fde5f6-chK1gP2/cases/chain_b-v6h.k1g+p2_teacher_hR2_02_s912_pPOST_VhR2/result.json,203123,235548ae9177429fd02a848e2eb2dccb38a150e4ebd2b6eb5d1398019b590f32,235548ae9177429fd02a848e2eb2dccb38a150e4ebd2b6eb5d1398019b590f32
door-relax-envelope-77fde5f6-chK1gP2/cases/chain_b-v6h.k1g+p2_teacher_hR2_03_s912_pPOST_VhR2/case.json,2951,47243a7de6485ea72f6c0ad962e7dd144f5874611f124530d4bfa02d2b78bf3b,47243a7de6485ea72f6c0ad962e7dd144f5874611f124530d4bfa02d2b78bf3b
door-relax-envelope-77fde5f6-chK1gP2/cases/chain_b-v6h.k1g+p2_teacher_hR2_03_s912_pPOST_VhR2/result.json,203166,484e4725b57f592f4068faedb76cb66aeebee929e4b3166f6fb94ba276d015d1,484e4725b57f592f4068faedb76cb66aeebee929e4b3166f6fb94ba276d015d1
door-relax-envelope-77fde5f6-chK1gP2/cases/chain_b-v6h.k1g+p2_teacher_hR2_04_s911_pPOST_VhR2/case.json,2957,55821bccc05431a0f7d135c26eabd79354d4d4c1207fd9bc0b66b3de9aa29efa,55821bccc05431a0f7d135c26eabd79354d4d4c1207fd9bc0b66b3de9aa29efa
door-relax-envelope-77fde5f6-chK1gP2/cases/chain_b-v6h.k1g+p2_teacher_hR2_04_s911_pPOST_VhR2/result.json,206337,ba985a736b71d87628bc99c047d10bf40e4ed300c76b08472b1c2d6a4b53ede7,ba985a736b71d87628bc99c047d10bf40e4ed300c76b08472b1c2d6a4b53ede7
door-relax-envelope-77fde5f6-chK1gP2/cases/chain_b-v6h.k1g+p2_teacher_hR2_04_s912_pPOST_VhR2/case.json,2957,9a81212ca816940752075f4acf06d064cf4892de196437cfcafaaba3ba9a4199,9a81212ca816940752075f4acf06d064cf4892de196437cfcafaaba3ba9a4199
door-relax-envelope-77fde5f6-chK1gP2/cases/chain_b-v6h.k1g+p2_teacher_hR2_04_s912_pPOST_VhR2/result.json,206350,1a547350c93360f2b731b6fda51d58136c3a2fed7c2fc19d029d4e89433c95ef,1a547350c93360f2b731b6fda51d58136c3a2fed7c2fc19d029d4e89433c95ef
door-relax-envelope-77fde5f6-chK1gP2/cases/chain_b-v6h.k1g+p2_teacher_hR2_05_s911_pPOST_VhR2/case.json,2955,8ef37dee91a347dbd46ab6c3f3941c936ec12bef6e9894497e13e425c99774f9,8ef37dee91a347dbd46ab6c3f3941c936ec12bef6e9894497e13e425c99774f9
door-relax-envelope-77fde5f6-chK1gP2/cases/chain_b-v6h.k1g+p2_teacher_hR2_05_s911_pPOST_VhR2/result.json,206391,04aad56818c81d589bb38213322554dadc910f08fcd651298ca0bdf2cc867690,04aad56818c81d589bb38213322554dadc910f08fcd651298ca0bdf2cc867690
door-relax-envelope-77fde5f6-chK1gP2/cases/chain_b-v6h.k1g+p2_teacher_hR2_05_s912_pPOST_VhR2/case.json,2955,38e4fcbd8a97537da168396fd85090c168f798f76d10f9910579df1a98fae653,38e4fcbd8a97537da168396fd85090c168f798f76d10f9910579df1a98fae653
door-relax-envelope-77fde5f6-chK1gP2/cases/chain_b-v6h.k1g+p2_teacher_hR2_05_s912_pPOST_VhR2/result.json,206339,34054ad3f12bebfd2e05a8b5fb58ea5654d22d1a5609d7862c35c0dafe219ad3,34054ad3f12bebfd2e05a8b5fb58ea5654d22d1a5609d7862c35c0dafe219ad3
door-relax-envelope-77fde5f6-chK1gP2/cases/chain_b-v6h.k1g+p2_teacher_hR2_06_s911_pPOST_VhR2/case.json,2954,fc0df03290436797c4075f142b4dc6c8bfef1602988e44036895a942ce3dbafe,fc0df03290436797c4075f142b4dc6c8bfef1602988e44036895a942ce3dbafe
door-relax-envelope-77fde5f6-chK1gP2/cases/chain_b-v6h.k1g+p2_teacher_hR2_06_s911_pPOST_VhR2/result.json,206348,656212f0c37a74e0ef43a9b9e2ca647b8b00cf49032598ffaa9a90cf81f65f18,656212f0c37a74e0ef43a9b9e2ca647b8b00cf49032598ffaa9a90cf81f65f18
door-relax-envelope-77fde5f6-chK1gP2/cases/chain_b-v6h.k1g+p2_teacher_hR2_06_s912_pPOST_VhR2/case.json,2954,6af9374301d153fbd3d8f8c1b97fd5862ce85694bb1ad0a041350621ef25f8ec,6af9374301d153fbd3d8f8c1b97fd5862ce85694bb1ad0a041350621ef25f8ec
door-relax-envelope-77fde5f6-chK1gP2/cases/chain_b-v6h.k1g+p2_teacher_hR2_06_s912_pPOST_VhR2/result.json,206245,44930f3a9518dbdafbfb2712c71777faf1e22c2e1f9c5ea16d64af1de8fe3207,44930f3a9518dbdafbfb2712c71777faf1e22c2e1f9c5ea16d64af1de8fe3207
door-relax-envelope-77fde5f6-chK1gP2/cases/chain_b-v6h.k1g+p2_teacher_hR2_07_s911_pPOST_VhR2/case.json,2958,1df0374e2c4a7eac376ed32e9449e9cddd7b949a08cc9e0b9649135157e33df6,1df0374e2c4a7eac376ed32e9449e9cddd7b949a08cc9e0b9649135157e33df6
door-relax-envelope-77fde5f6-chK1gP2/cases/chain_b-v6h.k1g+p2_teacher_hR2_07_s911_pPOST_VhR2/result.json,203090,1a5b4afe782e63f20a3a3e90efc4969095be75571ef13be79c4fb00f10e9fd60,1a5b4afe782e63f20a3a3e90efc4969095be75571ef13be79c4fb00f10e9fd60
door-relax-envelope-77fde5f6-chK1gP2/cases/chain_b-v6h.k1g+p2_teacher_hR2_07_s912_pPOST_VhR2/case.json,2958,9f7d78e6b0521cee53461253524a1e0716c0ac20a645d638e60a8f0b893ee29f,9f7d78e6b0521cee53461253524a1e0716c0ac20a645d638e60a8f0b893ee29f
door-relax-envelope-77fde5f6-chK1gP2/cases/chain_b-v6h.k1g+p2_teacher_hR2_07_s912_pPOST_VhR2/result.json,203114,6dc543d33397d4336c5c010e264a1ed198e89b4e9406e991566b61e7b0fca07f,6dc543d33397d4336c5c010e264a1ed198e89b4e9406e991566b61e7b0fca07f
door-relax-envelope-77fde5f6-chK1gP2/cases/chain_b-v6h.k1g+p2_teacher_hR2_08_s911_pPOST_VhR2/case.json,2948,78d6f05bdd7c3031c5a947ae95a78ec2a61508af0dbb21da3c0c4ea777e98e61,78d6f05bdd7c3031c5a947ae95a78ec2a61508af0dbb21da3c0c4ea777e98e61
door-relax-envelope-77fde5f6-chK1gP2/cases/chain_b-v6h.k1g+p2_teacher_hR2_08_s911_pPOST_VhR2/result.json,203124,c854884dfd27e90a412a3939e17b6ee4bb14dda26482621fd6b8707b84e40a6c,c854884dfd27e90a412a3939e17b6ee4bb14dda26482621fd6b8707b84e40a6c
door-relax-envelope-77fde5f6-chK1gP2/cases/chain_b-v6h.k1g+p2_teacher_hR2_08_s912_pPOST_VhR2/case.json,2948,635f0c11bd8d60d1b8c86d3cc8ccc7b8c965a7632f7e3f3e326642e2766ae0f1,635f0c11bd8d60d1b8c86d3cc8ccc7b8c965a7632f7e3f3e326642e2766ae0f1
door-relax-envelope-77fde5f6-chK1gP2/cases/chain_b-v6h.k1g+p2_teacher_hR2_08_s912_pPOST_VhR2/result.json,203104,bb8c68aeb19621d4c7ac70761946a6b66f5c8a97df33d5f6f03e68adae528285,bb8c68aeb19621d4c7ac70761946a6b66f5c8a97df33d5f6f03e68adae528285
door-relax-envelope-77fde5f6-chK1gP2/cases/chain_b-v6h.k1g+p2_teacher_hR2_09_s912_pPOST_VhR2/case.json,2953,2e1bbe73fa34d52dcd261b63e4269c99d62ab0810a1c309a93978f78b767ae57,2e1bbe73fa34d52dcd261b63e4269c99d62ab0810a1c309a93978f78b767ae57
door-relax-envelope-77fde5f6-chK1gP2/cases/chain_b-v6h.k1g+p2_teacher_hR2_09_s912_pPOST_VhR2/result.json,203184,44a03b5695178e62de0fdfb2b8b292523eb1151a6ab833662dd44ab9cca0e738,44a03b5695178e62de0fdfb2b8b292523eb1151a6ab833662dd44ab9cca0e738
door-relax-envelope-77fde5f6-chK1gP2/cases/chain_b-v6h.k1g+p2_teacher_hR2_09_s911_pPOST_VhR2/case.json,2953,f46d0496b8f8f1cbccbcc57fe113800ebe4b6b555dc63c17dab650536fb3f746,f46d0496b8f8f1cbccbcc57fe113800ebe4b6b555dc63c17dab650536fb3f746
door-relax-envelope-77fde5f6-chK1gP2/cases/chain_b-v6h.k1g+p2_teacher_hR2_09_s911_pPOST_VhR2/result.json,203145,8558060722b90123c17818a0895c42083e503c7d9871eb87a200c96232cbb563,8558060722b90123c17818a0895c42083e503c7d9871eb87a200c96232cbb563
door-relax-envelope-77fde5f6-chK1gP2/cases/chain_b-v6h.k1g+p2_teacher_hR2_10_s911_pPOST_VhR2/case.json,2952,5bcb6f0a99e139dd5ef45c899fb5b8e472589536c6f9851d79d750aeebd4ffe2,5bcb6f0a99e139dd5ef45c899fb5b8e472589536c6f9851d79d750aeebd4ffe2
door-relax-envelope-77fde5f6-chK1gP2/cases/chain_b-v6h.k1g+p2_teacher_hR2_10_s911_pPOST_VhR2/result.json,203146,172274480df05452381cecfacefc3b4224c8e03b583036bab4912064433f01a0,172274480df05452381cecfacefc3b4224c8e03b583036bab4912064433f01a0
door-relax-envelope-77fde5f6-chK1gP2/cases/chain_b-v6h.k1g+p2_teacher_hR2_10_s912_pPOST_VhR2/case.json,2952,8285bee554c171a4c80a9d34507ddf6e8e7c266c0918f0a37617b025f35fd3e4,8285bee554c171a4c80a9d34507ddf6e8e7c266c0918f0a37617b025f35fd3e4
door-relax-envelope-77fde5f6-chK1gP2/cases/chain_b-v6h.k1g+p2_teacher_hR2_10_s912_pPOST_VhR2/result.json,203147,fd7ad690bb7d107f2963a933bf635a94a0f7cdf7bc427fa2f6c2f6a0792c64fe,fd7ad690bb7d107f2963a933bf635a94a0f7cdf7bc427fa2f6c2f6a0792c64fe
door-relax-envelope-ac87cec8-posCtl/manifest.json,167681,9eb2a362008ff4a115773692430c2ddaafe96465c0d03df26b6b09ba98980108,
door-relax-envelope-ac87cec8-posCtl/cases.jsonl,10982,701bc46323d3f8fc956a2e0e59270604525fca9eb25445cca4742a9b5a4e80f6,701bc46323d3f8fc956a2e0e59270604525fca9eb25445cca4742a9b5a4e80f6
door-relax-envelope-ac87cec8-posCtl/artifacts.sha256.json,430544,95706499402f7038dbb6bd7c70e2d7de0e024c8e1ddd66e9de28901a7b0bc7f2,
door-relax-envelope-ac87cec8-posCtl/plan.json,9385,8159c1daf667debe07312388e10deb927bbd70dfcb1f228c065ee34a680d0f39,
door-relax-envelope-ac87cec8-posCtl/cases/carry_b-v6h.adv_teacher_E_y-0.190_h+0.0_s911_pPOST_L1_VENV/case.json,2667,4811fe0613727ee5f0b344b015a60354bb27c59f14a004c5e369f1fbcd2634b7,4811fe0613727ee5f0b344b015a60354bb27c59f14a004c5e369f1fbcd2634b7
door-relax-envelope-ac87cec8-posCtl/cases/carry_b-v6h.adv_teacher_E_y-0.190_h+0.0_s911_pPOST_L1_VENV/result.json,63977,3fe53308102c7b13c9ec0e59714052068ad3da05b6cd72282769666380baae6a,3fe53308102c7b13c9ec0e59714052068ad3da05b6cd72282769666380baae6a
door-relax-envelope-ac87cec8-posCtl/cases/carry_b-v6h.adv_teacher_E_y+0.320_h+0.0_s911_pPOST_L1_VENV/case.json,2659,8f911291588456949bfcda42afb61f24fd7cfb7e5931df3ea22a8f15ebc12bd6,8f911291588456949bfcda42afb61f24fd7cfb7e5931df3ea22a8f15ebc12bd6
door-relax-envelope-ac87cec8-posCtl/cases/carry_b-v6h.adv_teacher_E_y+0.320_h+0.0_s911_pPOST_L1_VENV/result.json,63943,0e2b4bd03a0d89278672f21dc859ec4d184cda7100341b14819e03f644c04ee2,0e2b4bd03a0d89278672f21dc859ec4d184cda7100341b14819e03f644c04ee2
door-relax-envelope-ac87cec8-posCtl/cases/carry_b-v6h.adv_teacher_E_y-0.230_h+0.0_s911_pPOST_L1_VENV/case.json,2710,58bb36849c161befcfa9003c655a91b73b2cbacfeb363603f6c16e525468dfa5,58bb36849c161befcfa9003c655a91b73b2cbacfeb363603f6c16e525468dfa5
door-relax-envelope-ac87cec8-posCtl/cases/carry_b-v6h.adv_teacher_E_y-0.230_h+0.0_s911_pPOST_L1_VENV/result.json,63989,20905594076389c7a025e0194fbedcea6fc1d00fd0839a4bde51a180e604492e,20905594076389c7a025e0194fbedcea6fc1d00fd0839a4bde51a180e604492e
door-relax-envelope-ac87cec8-smokeBase/manifest.json,167833,b4c55ce26919afd45d68bb93b91a14f0e8b4fe01e5f1e039d4e9b42da87b4ee0,
door-relax-envelope-ac87cec8-smokeBase/cases.jsonl,14168,1af3a599adb674e72d1548cbdc84015249f581ec295a0ea586238d8db00d5022,1af3a599adb674e72d1548cbdc84015249f581ec295a0ea586238d8db00d5022
door-relax-envelope-ac87cec8-smokeBase/artifacts.sha256.json,331370,1daa5a19a7810267adb87b8e2e6bedd3f1ee2071337bbab348ca9d028995816e,
door-relax-envelope-ac87cec8-smokeBase/plan.json,6683,5e9d54ca1e24d367c140cbd6f10c6abbaec7403c5143dfeb91634ee466b18912,
door-relax-envelope-ac87cec8-smokeBase/cases/chain_b-v6g_teacher_hR2_04_s911_pPOST_VhR2/case.json,2877,e52fb41fc61258d660fdb91171e62564f621a6eb739df1dacfc849621b470152,e52fb41fc61258d660fdb91171e62564f621a6eb739df1dacfc849621b470152
door-relax-envelope-ac87cec8-smokeBase/cases/chain_b-v6g_teacher_hR2_04_s911_pPOST_VhR2/result.json,60100,a53a6219009a7e7e211148a52013a426d6ca343edc7c03517b4bbba9f1f78264,a53a6219009a7e7e211148a52013a426d6ca343edc7c03517b4bbba9f1f78264
door-relax-envelope-ac87cec8-smokeBase/cases/chain_b-v6g_teacher_hR2_01_s911_pPOST_VhR2/case.json,2875,79f18b578d2dde79e6ce043d3cb04bc58b820d56ce998a0d3a5d18e88b2bf545,79f18b578d2dde79e6ce043d3cb04bc58b820d56ce998a0d3a5d18e88b2bf545
door-relax-envelope-ac87cec8-smokeBase/cases/chain_b-v6g_teacher_hR2_01_s911_pPOST_VhR2/result.json,184895,3cc171f7f139cd8e8790663feb27ae4acd4b22e66665730cd4b79374d5030f9b,3cc171f7f139cd8e8790663feb27ae4acd4b22e66665730cd4b79374d5030f9b
door-relax-envelope-ac87cec8-smokeChain/manifest.json,167838,d1020424512fb364f09d6b1655f7714a4d87fc45a3283e9788411822e2d92074,
door-relax-envelope-ac87cec8-smokeChain/cases.jsonl,16318,a30435173012bbe154111ee19ad74a67f4e8b9751c365d5ec90c3f2492d56e7c,a30435173012bbe154111ee19ad74a67f4e8b9751c365d5ec90c3f2492d56e7c
door-relax-envelope-ac87cec8-smokeChain/artifacts.sha256.json,473493,d251a6e8bcf101c5fff39ae4bbca56ac1c71269fdd23b5ee80428bbd72925014,
door-relax-envelope-ac87cec8-smokeChain/plan.json,6801,cd05bcb411da7ca6bdd8cc2fd49ae89fb553bdadcfa009ece87eacc59fe82dba,
door-relax-envelope-ac87cec8-smokeChain/cases/chain_b-v6h.k1g_teacher_hR2_04_s911_pPOST_VhR2/case.json,2928,7b5e793ed7fce3cfaa1d791b7c420606feaa2f2dc29ce4d350d30e954907d629,7b5e793ed7fce3cfaa1d791b7c420606feaa2f2dc29ce4d350d30e954907d629
door-relax-envelope-ac87cec8-smokeChain/cases/chain_b-v6h.k1g_teacher_hR2_04_s911_pPOST_VhR2/result.json,186166,6b8ee6d7bdf1cc3b072e2ec34c687e279d5bb2c8675712577a7a7c4b3c03dc45,6b8ee6d7bdf1cc3b072e2ec34c687e279d5bb2c8675712577a7a7c4b3c03dc45
door-relax-envelope-ac87cec8-smokeChain/cases/chain_b-v6h.k1g_teacher_hR2_01_s911_pPOST_VhR2/case.json,2926,3b21241e26eabead21e1eb771f52b45f0893459cb08c99f23f9406481b454b55,3b21241e26eabead21e1eb771f52b45f0893459cb08c99f23f9406481b454b55
door-relax-envelope-ac87cec8-smokeChain/cases/chain_b-v6h.k1g_teacher_hR2_01_s911_pPOST_VhR2/result.json,185717,3331f681ac38e73dfce3b2d6ebf2a1485787db204e66f1106ca3fdb733c8ff70,3331f681ac38e73dfce3b2d6ebf2a1485787db204e66f1106ca3fdb733c8ff70
door-relax-envelope-c955e513-posAdv/manifest.json,167674,4e74b731e89444423d02bf45cddee59a53600574712372f6cebb5187f0b37b08,
door-relax-envelope-c955e513-posAdv/cases.jsonl,10928,e44e1c6f5f9c3770c14abfc40af03c8d0fd20f69876344306db021ceedc27c07,e44e1c6f5f9c3770c14abfc40af03c8d0fd20f69876344306db021ceedc27c07
door-relax-envelope-c955e513-posAdv/artifacts.sha256.json,458780,e1606a643774c5c30d967a6d9b669945c5792ee4127fa1c80baa327ecdf25e2a,
door-relax-envelope-c955e513-posAdv/plan.json,9408,ba69d0654978dc3c191f14cd29637fd0840628440dcf381442db7093088a1b91,
door-relax-envelope-c955e513-posAdv/cases/carry_b-v6h.adv_teacher_E_y+0.200_h+0.0_b-0.150_+0.0_s911_pPOST_L1_VENV/case.json,2683,9e15d31ee5b25d3ab305d9d5a8578cf39ff5dcdb4170d75d945bdc4a6dab938e,9e15d31ee5b25d3ab305d9d5a8578cf39ff5dcdb4170d75d945bdc4a6dab938e
door-relax-envelope-c955e513-posAdv/cases/carry_b-v6h.adv_teacher_E_y+0.200_h+0.0_b-0.150_+0.0_s911_pPOST_L1_VENV/result.json,63515,eaf0911ad856529b9da94f22ae2389f933866428f774abb37da1d5f99f3d5027,eaf0911ad856529b9da94f22ae2389f933866428f774abb37da1d5f99f3d5027
door-relax-envelope-c955e513-posAdv/cases/carry_b-v6h.adv_teacher_E_y+0.200_h+0.0_b-0.250_+0.0_s911_pPOST_L1_VENV/case.json,2688,4a8ecece2a6e3e4ede990f46b6e39a0bdb0b02ddf80bcbd1af39ef97ac1b1223,4a8ecece2a6e3e4ede990f46b6e39a0bdb0b02ddf80bcbd1af39ef97ac1b1223
door-relax-envelope-c955e513-posAdv/cases/carry_b-v6h.adv_teacher_E_y+0.200_h+0.0_b-0.250_+0.0_s911_pPOST_L1_VENV/result.json,63021,8655c9d2f8b8e918403b98d1850c0b23cc58b33b62fdddacfba93737d9c422cd,8655c9d2f8b8e918403b98d1850c0b23cc58b33b62fdddacfba93737d9c422cd
door-relax-envelope-c955e513-posAdv/cases/carry_b-v6h.adv_teacher_E_y+0.200_h+0.0_b-0.200_+0.0_s911_pPOST_L1_VENV/case.json,2688,a150e97e09a76c5caf25f03a58702e761ebd9784f4cf02ba25ccd386dbbaa059,a150e97e09a76c5caf25f03a58702e761ebd9784f4cf02ba25ccd386dbbaa059
door-relax-envelope-c955e513-posAdv/cases/carry_b-v6h.adv_teacher_E_y+0.200_h+0.0_b-0.200_+0.0_s911_pPOST_L1_VENV/result.json,63487,27e6a8d5b200cefde638922f77cd71749be274648350f350ae3b21c4e0914637,27e6a8d5b200cefde638922f77cd71749be274648350f350ae3b21c4e0914637
door-relax-envelope-c955e513-posBase/manifest.json,167680,f4c2f398f3dfd68d86c716413664fb9905eb95ea12bc0d6126e027e0af5e60b2,
door-relax-envelope-c955e513-posBase/cases.jsonl,11882,8c505d867780acc2901fa110d3488890c3fe20030ef88f2d623df60750a309e7,
door-relax-envelope-c955e513-posBase/artifacts.sha256.json,84092,28c5fa7ba3233b9f83e30a36c49f9f6857f39b142e98f929fcbddba793f21980,
door-relax-envelope-c955e513-posBase/plan.json,12264,8cf793b2c2a65c14ff2fbde54148ef645cec3a38d32c10d8a189723f906bea45,
door-relax-envelope-c955e513-posBase/cases/carry_b-v6g_teacher_E_y-0.100_h+0.0_b+0.300_+0.0_s911_pPOST_L1_VENV/case.json,2634,3ae7319c7c617eb0b11b8feeebf74bee1d136cfc62f1446693b35af2348c7887,3ae7319c7c617eb0b11b8feeebf74bee1d136cfc62f1446693b35af2348c7887
door-relax-envelope-c955e513-posBase/cases/carry_b-v6g_teacher_E_y-0.100_h+0.0_b+0.300_+0.0_s911_pPOST_L1_VENV/result.json,25570,803bdb936b326456fbd65fa1f3fb7fc86ef062ffeac2d7737d2a4640085e0b87,803bdb936b326456fbd65fa1f3fb7fc86ef062ffeac2d7737d2a4640085e0b87
door-relax-envelope-c955e513-posBase/cases/carry_b-v6g_teacher_E_y-0.100_h+0.0_b-0.300_+0.0_s911_pPOST_L1_VENV/case.json,2636,1a7f6ed74b81eba76f58138bd8ade935216fbe82935625ef6f0b47227824e15d,1a7f6ed74b81eba76f58138bd8ade935216fbe82935625ef6f0b47227824e15d
door-relax-envelope-c955e513-posBase/cases/carry_b-v6g_teacher_E_y-0.100_h+0.0_b-0.300_+0.0_s911_pPOST_L1_VENV/result.json,25579,369c70f80bd39b5a85ead54eb0d0052654692df969cce153dc89336f15a17bf6,369c70f80bd39b5a85ead54eb0d0052654692df969cce153dc89336f15a17bf6
door-relax-envelope-c955e513-posBase/cases/carry_b-v6g_teacher_E_y+0.200_h+0.0_b-0.300_+0.0_s911_pPOST_L1_VENV/case.json,2636,71b663adcf7495deec6ca0587a4b18f3484a738f4b3c1f9d042cb511a18a2602,71b663adcf7495deec6ca0587a4b18f3484a738f4b3c1f9d042cb511a18a2602
door-relax-envelope-c955e513-posBase/cases/carry_b-v6g_teacher_E_y+0.200_h+0.0_b-0.300_+0.0_s911_pPOST_L1_VENV/result.json,25535,330bcee28fc06ff726cfe7d8ff67dc1147a0c28b5bf0e3d5f33fe3656ac9a5d3,330bcee28fc06ff726cfe7d8ff67dc1147a0c28b5bf0e3d5f33fe3656ac9a5d3
door-relax-envelope-c955e513-posBase/cases/carry_b-v6g_teacher_E_y+0.200_h+0.0_b+0.300_+0.0_s911_pPOST_L1_VENV/case.json,2631,d7a8af40a4ce21f3efaefdfd4d0e1b62e235a2c379479b6d06523d075909566d,d7a8af40a4ce21f3efaefdfd4d0e1b62e235a2c379479b6d06523d075909566d
door-relax-envelope-c955e513-posBase/cases/carry_b-v6g_teacher_E_y+0.200_h+0.0_b+0.300_+0.0_s911_pPOST_L1_VENV/result.json,25525,42e79327ce72468fade5b75b47aa53dd24d1003483c31170d059bb8d9a63b326,42e79327ce72468fade5b75b47aa53dd24d1003483c31170d059bb8d9a63b326
door-relax-envelope-c955e513-posK1g/manifest.json,167674,4d78f003bfd8680a0aeac0718e89ec7fdd4f65020713e01c2640d543f2ccd2ef,
door-relax-envelope-c955e513-posK1g/cases.jsonl,12188,006000d59a2b1690a23f1c1108620630e8196410c5a48cf7e8d29159635edfd0,006000d59a2b1690a23f1c1108620630e8196410c5a48cf7e8d29159635edfd0
door-relax-envelope-c955e513-posK1g/artifacts.sha256.json,85708,eb4546ebbde9bb50dbb0500755a9f403f7f790c1b9ac8453a0898eb747446dd2,
door-relax-envelope-c955e513-posK1g/plan.json,12500,f387a103148e1723dfc220a51aa2bd80705b98ab08c9efe2d5713cc0bc112924,
door-relax-envelope-c955e513-posK1g/cases/carry_b-v6h.k1g_teacher_E_y-0.100_h+0.0_b+0.300_+0.0_s911_pPOST_L1_VENV/case.json,2685,093ee20fd98f17299b1c962f986de726b4378736bcdb326ccef16c89d61f9d42,093ee20fd98f17299b1c962f986de726b4378736bcdb326ccef16c89d61f9d42
door-relax-envelope-c955e513-posK1g/cases/carry_b-v6h.k1g_teacher_E_y-0.100_h+0.0_b+0.300_+0.0_s911_pPOST_L1_VENV/result.json,26391,e613ae3fa70204599d4d9b1824a9f1cf5140699b9d5b1bdeb4f448cca9ad9fa8,e613ae3fa70204599d4d9b1824a9f1cf5140699b9d5b1bdeb4f448cca9ad9fa8
door-relax-envelope-c955e513-posK1g/cases/carry_b-v6h.k1g_teacher_E_y+0.200_h+0.0_b+0.300_+0.0_s911_pPOST_L1_VENV/case.json,2682,9548f3598bae990725060e5c8d996b60e9f14cf489d97befdc091b42bd735059,9548f3598bae990725060e5c8d996b60e9f14cf489d97befdc091b42bd735059
door-relax-envelope-c955e513-posK1g/cases/carry_b-v6h.k1g_teacher_E_y+0.200_h+0.0_b+0.300_+0.0_s911_pPOST_L1_VENV/result.json,26349,f3ea64c735000cfde2ad912b242be4ea3cab6dfb0336d17070f761196a1857de,f3ea64c735000cfde2ad912b242be4ea3cab6dfb0336d17070f761196a1857de
door-relax-envelope-c955e513-posK1g/cases/carry_b-v6h.k1g_teacher_E_y-0.100_h+0.0_b-0.300_+0.0_s911_pPOST_L1_VENV/case.json,2687,8a20fc162d52dae5284c3bf8afc0749d8c03fca959a5d879f7b87c8d9903ce6d,8a20fc162d52dae5284c3bf8afc0749d8c03fca959a5d879f7b87c8d9903ce6d
door-relax-envelope-c955e513-posK1g/cases/carry_b-v6h.k1g_teacher_E_y-0.100_h+0.0_b-0.300_+0.0_s911_pPOST_L1_VENV/result.json,26400,562ff7d81e1a3d7631085c998b03f7412ea4711c71fd96a390e550c7e74a32dd,562ff7d81e1a3d7631085c998b03f7412ea4711c71fd96a390e550c7e74a32dd
door-relax-envelope-c955e513-posK1g/cases/carry_b-v6h.k1g_teacher_E_y+0.200_h+0.0_b-0.300_+0.0_s911_pPOST_L1_VENV/case.json,2687,46a62f84a7653586a3c096e457ae70502fe74117c9d56255b64f0928df32f0d7,46a62f84a7653586a3c096e457ae70502fe74117c9d56255b64f0928df32f0d7
door-relax-envelope-c955e513-posK1g/cases/carry_b-v6h.k1g_teacher_E_y+0.200_h+0.0_b-0.300_+0.0_s911_pPOST_L1_VENV/result.json,26358,b751dab009aa5065f6ede64cf429c3698ef740e8ea18f64b00831635faa665f1,b751dab009aa5065f6ede64cf429c3698ef740e8ea18f64b00831635faa665f1
door-relax-envelope-fdd35cee-biasHBase/manifest.json,167843,2208e8e3382b082e57c57370500f9c727b0cbb583596696f3ec708c49d6a6b55,
door-relax-envelope-fdd35cee-biasHBase/cases.jsonl,18652,fe31b0f9c7a7d37ee5a5c4cbcef450ece67b6b1bfed45c7616ae203b439907a4,
door-relax-envelope-fdd35cee-biasHBase/artifacts.sha256.json,746356,aac8a82719afba6da06cab4fe51dca9140058ae0bd0d5e7a7307db64e65255d4,
door-relax-envelope-fdd35cee-biasHBase/plan.json,18367,94f99f43ebb74f4b3a90e2627da61a2cf24319773c51df285eb8edc047a7759f,
door-relax-envelope-fdd35cee-biasHBase/cases/carry_b-v6g_teacher_E_y+0.050_h+0.0_b+0.000_-10.0_s911_pPOST_L1_VENV/case.json,2640,3b52239dcec53ffe8e880b27fa508e56ff9ffaa262e7f99e25a9a89ae5cafe57,3b52239dcec53ffe8e880b27fa508e56ff9ffaa262e7f99e25a9a89ae5cafe57
door-relax-envelope-fdd35cee-biasHBase/cases/carry_b-v6g_teacher_E_y+0.050_h+0.0_b+0.000_-10.0_s911_pPOST_L1_VENV/result.json,52387,5bea578987d718e73a4f7ec63868713fb6379c1ae6fd48a5218226912545cfb2,5bea578987d718e73a4f7ec63868713fb6379c1ae6fd48a5218226912545cfb2
door-relax-envelope-fdd35cee-biasHBase/cases/carry_b-v6g_teacher_E_y+0.050_h+0.0_b+0.000_-6.0_s911_pPOST_L1_VENV/case.json,2639,9f4b375e442ede3b7bceb9954382efaeaad7b230ea86455bef77fbd415efe1c9,9f4b375e442ede3b7bceb9954382efaeaad7b230ea86455bef77fbd415efe1c9
door-relax-envelope-fdd35cee-biasHBase/cases/carry_b-v6g_teacher_E_y+0.050_h+0.0_b+0.000_-6.0_s911_pPOST_L1_VENV/result.json,52641,83fd604401328d6e87ca42d2fd44df1c870a1a94f0aa211c371ccb400cc97a57,83fd604401328d6e87ca42d2fd44df1c870a1a94f0aa211c371ccb400cc97a57
door-relax-envelope-fdd35cee-biasHBase/cases/carry_b-v6g_teacher_E_y+0.050_h+0.0_b+0.000_-3.0_s911_pPOST_L1_VENV/case.json,2639,11a290ef6c67de34f73facc8ebeb802f782f7bd1d2ed6d1dd33211eb2964599f,11a290ef6c67de34f73facc8ebeb802f782f7bd1d2ed6d1dd33211eb2964599f
door-relax-envelope-fdd35cee-biasHBase/cases/carry_b-v6g_teacher_E_y+0.050_h+0.0_b+0.000_-3.0_s911_pPOST_L1_VENV/result.json,63132,fc7f8c93cb745a31f168feba8277893964c257e5fae7fe3580fb0b309972c363,fc7f8c93cb745a31f168feba8277893964c257e5fae7fe3580fb0b309972c363
door-relax-envelope-fdd35cee-biasHBase/cases/carry_b-v6g_teacher_E_y+0.050_h+0.0_b+0.000_+3.0_s911_pPOST_L1_VENV/case.json,2640,3577ca8a5ec44367d34678d780d7198c968737c637c9c18533e0ea811fead635,3577ca8a5ec44367d34678d780d7198c968737c637c9c18533e0ea811fead635
door-relax-envelope-fdd35cee-biasHBase/cases/carry_b-v6g_teacher_E_y+0.050_h+0.0_b+0.000_+3.0_s911_pPOST_L1_VENV/result.json,40612,f12a2c1bff187c256e98f7245712a05ca4f3af5e5927a97ad1e691490f5769c8,f12a2c1bff187c256e98f7245712a05ca4f3af5e5927a97ad1e691490f5769c8
door-relax-envelope-fdd35cee-biasHBase/cases/carry_b-v6g_teacher_E_y+0.050_h+0.0_b+0.000_+10.0_s911_pPOST_L1_VENV/case.json,2641,9bf1f7e1049d66610d869bda6a25e3782bf97366d3f314753a69772bfcd68e70,9bf1f7e1049d66610d869bda6a25e3782bf97366d3f314753a69772bfcd68e70
door-relax-envelope-fdd35cee-biasHBase/cases/carry_b-v6g_teacher_E_y+0.050_h+0.0_b+0.000_+10.0_s911_pPOST_L1_VENV/result.json,40153,1c015e16de664aa4e1a60ba0d248134cf4913aa09f8b0cfc76fde7bb6ae98104,1c015e16de664aa4e1a60ba0d248134cf4913aa09f8b0cfc76fde7bb6ae98104
door-relax-envelope-fdd35cee-biasHBase/cases/carry_b-v6g_teacher_E_y+0.050_h+0.0_b+0.000_+6.0_s911_pPOST_L1_VENV/case.json,2637,a76d4f64299040afee11ba9ffa22b45caa91021e2cb24efafedc7c4b5adcfd58,a76d4f64299040afee11ba9ffa22b45caa91021e2cb24efafedc7c4b5adcfd58
door-relax-envelope-fdd35cee-biasHBase/cases/carry_b-v6g_teacher_E_y+0.050_h+0.0_b+0.000_+6.0_s911_pPOST_L1_VENV/result.json,52667,148160f285ae27c09c1635b540e83589658af45e7315622b0bef034d67f88d61,148160f285ae27c09c1635b540e83589658af45e7315622b0bef034d67f88d61
door-relax-envelope-fdd35cee-biasHK1g/manifest.json,167848,1d9e4ed2cea6630263f226f617211c604ee72e3745303501ce1c2b15f82c14fe,
door-relax-envelope-fdd35cee-biasHK1g/cases.jsonl,20642,68d421769ea575c498e3e9c3e732d8777f27f6cde5dcf13a4181b16576249051,68d421769ea575c498e3e9c3e732d8777f27f6cde5dcf13a4181b16576249051
door-relax-envelope-fdd35cee-biasHK1g/artifacts.sha256.json,909814,893c95fd05a8ac549fe5a36e6ca939496015e6c4e5ae946023d220e8b31a29fb,
door-relax-envelope-fdd35cee-biasHK1g/plan.json,18721,be718c0e36aab95fa1ea75279634b86a5c9ddffc317feeb420fe5c681a2c24b7,
door-relax-envelope-fdd35cee-biasHK1g/cases/carry_b-v6h.k1g_teacher_E_y+0.050_h+0.0_b+0.000_-10.0_s911_pPOST_L1_VENV/case.json,2691,1154541c9691880c974e845e970fde90f2d5a82a9cd6dd37ec3ccf1b3b0be447,1154541c9691880c974e845e970fde90f2d5a82a9cd6dd37ec3ccf1b3b0be447
door-relax-envelope-fdd35cee-biasHK1g/cases/carry_b-v6h.k1g_teacher_E_y+0.050_h+0.0_b+0.000_-10.0_s911_pPOST_L1_VENV/result.json,54961,30082e07ddea0543fcb541fbe89ad23b6d3de651350038a8a02ccfb5ba6295df,30082e07ddea0543fcb541fbe89ad23b6d3de651350038a8a02ccfb5ba6295df
door-relax-envelope-fdd35cee-biasHK1g/cases/carry_b-v6h.k1g_teacher_E_y+0.050_h+0.0_b+0.000_-6.0_s911_pPOST_L1_VENV/case.json,2690,b88a2a02bed728aa398b59b5c7531cd12af2ff7aac11b8f5848678460e66c654,b88a2a02bed728aa398b59b5c7531cd12af2ff7aac11b8f5848678460e66c654
door-relax-envelope-fdd35cee-biasHK1g/cases/carry_b-v6h.k1g_teacher_E_y+0.050_h+0.0_b+0.000_-6.0_s911_pPOST_L1_VENV/result.json,63009,68fa6e4745d669ddd81774a6776309c50d1a347bbb366372039b61c480e0d3e1,68fa6e4745d669ddd81774a6776309c50d1a347bbb366372039b61c480e0d3e1
door-relax-envelope-fdd35cee-biasHK1g/cases/carry_b-v6h.k1g_teacher_E_y+0.050_h+0.0_b+0.000_-3.0_s911_pPOST_L1_VENV/case.json,2690,188749d0787980d6e08a8146c72b03b9502e7c28fe0d380f6944f3eea2f0984e,188749d0787980d6e08a8146c72b03b9502e7c28fe0d380f6944f3eea2f0984e
door-relax-envelope-fdd35cee-biasHK1g/cases/carry_b-v6h.k1g_teacher_E_y+0.050_h+0.0_b+0.000_-3.0_s911_pPOST_L1_VENV/result.json,63951,25aae9e5e39091049b9509cdd2b78742477fe8d5c6435f76de0a7b51cc38153b,25aae9e5e39091049b9509cdd2b78742477fe8d5c6435f76de0a7b51cc38153b
door-relax-envelope-fdd35cee-biasHK1g/cases/carry_b-v6h.k1g_teacher_E_y+0.050_h+0.0_b+0.000_+3.0_s911_pPOST_L1_VENV/case.json,2691,fae9c4a27b441ab04fe60f92a6127336ba23c7f6942642d60ae1cba6a130b89b,fae9c4a27b441ab04fe60f92a6127336ba23c7f6942642d60ae1cba6a130b89b
door-relax-envelope-fdd35cee-biasHK1g/cases/carry_b-v6h.k1g_teacher_E_y+0.050_h+0.0_b+0.000_+3.0_s911_pPOST_L1_VENV/result.json,63939,365a54a71906098e1a831674ebe2bf10b187bdb2ab7c90bb35b9adff16b063f0,365a54a71906098e1a831674ebe2bf10b187bdb2ab7c90bb35b9adff16b063f0
door-relax-envelope-fdd35cee-biasHK1g/cases/carry_b-v6h.k1g_teacher_E_y+0.050_h+0.0_b+0.000_+10.0_s911_pPOST_L1_VENV/case.json,2692,de0cf87f7f067164192bebedfb46b70ed4c556c7b46a3fa533c7574d11bbbf14,de0cf87f7f067164192bebedfb46b70ed4c556c7b46a3fa533c7574d11bbbf14
door-relax-envelope-fdd35cee-biasHK1g/cases/carry_b-v6h.k1g_teacher_E_y+0.050_h+0.0_b+0.000_+10.0_s911_pPOST_L1_VENV/result.json,54469,8252e8303aca78997d590d75a5a3ad8a3f0faf3902c31aae7615d7f7214cda26,8252e8303aca78997d590d75a5a3ad8a3f0faf3902c31aae7615d7f7214cda26
door-relax-envelope-fdd35cee-biasHK1g/cases/carry_b-v6h.k1g_teacher_E_y+0.050_h+0.0_b+0.000_+6.0_s911_pPOST_L1_VENV/case.json,2688,2be5781eb6395c000ac64b003469db94d281b3bc99c8ac6750dee7e2c96ed686,2be5781eb6395c000ac64b003469db94d281b3bc99c8ac6750dee7e2c96ed686
door-relax-envelope-fdd35cee-biasHK1g/cases/carry_b-v6h.k1g_teacher_E_y+0.050_h+0.0_b+0.000_+6.0_s911_pPOST_L1_VENV/result.json,63000,836ff703b665c71725f9c722a6b0d768d79a712a7cf0e48bcad5ded1e1ec84d3,836ff703b665c71725f9c722a6b0d768d79a712a7cf0e48bcad5ded1e1ec84d3
door-relax-envelope-fdd35cee-biasYBase/manifest.json,167840,f64cbae58e0601cb29f2c72936513ee332ecff7a75daef8fd507322b1353386f,
door-relax-envelope-fdd35cee-biasYBase/cases.jsonl,73786,adebfdb85f49d4091b942d0a2d3dc641c63ddcab0a72e91df56a3e3b5be679dd,
door-relax-envelope-fdd35cee-biasYBase/artifacts.sha256.json,1382438,7c6bc83eb8520766105c1c71393b32bda314be58293d969c2a5797c6622bfb8c,
door-relax-envelope-fdd35cee-biasYBase/plan.json,73030,7427d0c4449e16843fb972a3f1126dc7ed0df534fb6cbbcdc41bac24203eb489,
door-relax-envelope-fdd35cee-biasYBase/cases/carry_b-v6g_teacher_E_y+0.050_h+0.0_b-0.200_+0.0_s911_pPOST_L1_VENV/case.json,2636,5e44fd70ba83983e99d9943cf5278410f49e8c9d1213bd8110abcc97d5cc467f,5e44fd70ba83983e99d9943cf5278410f49e8c9d1213bd8110abcc97d5cc467f
door-relax-envelope-fdd35cee-biasYBase/cases/carry_b-v6g_teacher_E_y+0.050_h+0.0_b-0.200_+0.0_s911_pPOST_L1_VENV/result.json,26060,d90ab2eb7ef4585da08a0cf074dfcd6b62ba8de499f6c770aa0bb136a49589de,d90ab2eb7ef4585da08a0cf074dfcd6b62ba8de499f6c770aa0bb136a49589de
door-relax-envelope-fdd35cee-biasYBase/cases/carry_b-v6g_teacher_E_y+0.050_h+0.0_b-0.150_+0.0_s911_pPOST_L1_VENV/case.json,2639,2e187bd70054fdccf1f531e8917a3e6bf7d1130bd298ac8c43bba09d4e189af5,2e187bd70054fdccf1f531e8917a3e6bf7d1130bd298ac8c43bba09d4e189af5
door-relax-envelope-fdd35cee-biasYBase/cases/carry_b-v6g_teacher_E_y+0.050_h+0.0_b-0.150_+0.0_s911_pPOST_L1_VENV/result.json,26062,aa1b34d407f985d222eb5a9687c0cf9aa9ced97a6af8f992bdeb0a01abde74b2,aa1b34d407f985d222eb5a9687c0cf9aa9ced97a6af8f992bdeb0a01abde74b2
door-relax-envelope-fdd35cee-biasYBase/cases/carry_b-v6g_teacher_E_y+0.050_h+0.0_b-0.250_+0.0_s911_pPOST_L1_VENV/case.json,2636,f1770315c03ac9b8902d8e9c32735425f9e60f9c362820c79d070d93adb0d93d,f1770315c03ac9b8902d8e9c32735425f9e60f9c362820c79d070d93adb0d93d
door-relax-envelope-fdd35cee-biasYBase/cases/carry_b-v6g_teacher_E_y+0.050_h+0.0_b-0.250_+0.0_s911_pPOST_L1_VENV/result.json,25571,07893f4222a62b5297319438a8afc25cfc123885a1e67f5730c96b19a065fb67,07893f4222a62b5297319438a8afc25cfc123885a1e67f5730c96b19a065fb67
door-relax-envelope-fdd35cee-biasYBase/cases/carry_b-v6g_teacher_E_y+0.050_h+0.0_b+0.150_+0.0_s911_pPOST_L1_VENV/case.json,2637,ccb1b93af5054dd723a6ccdd7bacbae2a308021b2cb7adcd68f1ed291071d53c,ccb1b93af5054dd723a6ccdd7bacbae2a308021b2cb7adcd68f1ed291071d53c
door-relax-envelope-fdd35cee-biasYBase/cases/carry_b-v6g_teacher_E_y+0.050_h+0.0_b+0.150_+0.0_s911_pPOST_L1_VENV/result.json,26061,1b2a5944f6bcd64ca64634bd309e9bd518b1e7c06e4e37a64fefa884bd73c569,1b2a5944f6bcd64ca64634bd309e9bd518b1e7c06e4e37a64fefa884bd73c569
door-relax-envelope-fdd35cee-biasYBase/cases/carry_b-v6g_teacher_E_y+0.050_h+0.0_b+0.100_+0.0_s911_pPOST_L1_VENV/case.json,2637,b2ee77815a4682a06a8c67993565327c56cf90e56e4b2e5dcee119a6811e6c65,b2ee77815a4682a06a8c67993565327c56cf90e56e4b2e5dcee119a6811e6c65
door-relax-envelope-fdd35cee-biasYBase/cases/carry_b-v6g_teacher_E_y+0.050_h+0.0_b+0.100_+0.0_s911_pPOST_L1_VENV/result.json,26063,0c899d2052e232973f8d4bdd1d32ed6639dbbfdee03cb8b648a845d37d00fbb8,0c899d2052e232973f8d4bdd1d32ed6639dbbfdee03cb8b648a845d37d00fbb8
door-relax-envelope-fdd35cee-biasYBase/cases/carry_b-v6g_teacher_E_y+0.050_h+0.0_b+0.250_+0.0_s911_pPOST_L1_VENV/case.json,2634,a42a5e32f9453aa33755a7cadeeb10d18495e208316a85792e1b9d166c0bee40,a42a5e32f9453aa33755a7cadeeb10d18495e208316a85792e1b9d166c0bee40
door-relax-envelope-fdd35cee-biasYBase/cases/carry_b-v6g_teacher_E_y+0.050_h+0.0_b+0.250_+0.0_s911_pPOST_L1_VENV/result.json,25568,2ac7b939d74ed23a61450e40d35448dca44c3bdf61c24b8c198a569045a53c75,2ac7b939d74ed23a61450e40d35448dca44c3bdf61c24b8c198a569045a53c75
door-relax-envelope-fdd35cee-biasYBase/cases/carry_b-v6g_teacher_E_y+0.050_h+0.0_b+0.200_+0.0_s911_pPOST_L1_VENV/case.json,2634,2f3d2432f77a3a68c5a50949080d1afbd828325e8425645917d0148035e8e01a,2f3d2432f77a3a68c5a50949080d1afbd828325e8425645917d0148035e8e01a
door-relax-envelope-fdd35cee-biasYBase/cases/carry_b-v6g_teacher_E_y+0.050_h+0.0_b+0.200_+0.0_s911_pPOST_L1_VENV/result.json,26054,83efa42e9ef3f725dc1da86c09a13b00d81ea7ada4338f8ce794ddfa20ba028d,83efa42e9ef3f725dc1da86c09a13b00d81ea7ada4338f8ce794ddfa20ba028d
door-relax-envelope-fdd35cee-biasYBase/cases/carry_b-v6g_teacher_E_y+0.050_h+0.0_b-0.100_+0.0_s911_pPOST_L1_VENV/case.json,2639,9e3ba4a4c30a5cc2349c04735712c45140cb2ed1ff71e132b8278f50df51a1b9,9e3ba4a4c30a5cc2349c04735712c45140cb2ed1ff71e132b8278f50df51a1b9
door-relax-envelope-fdd35cee-biasYBase/cases/carry_b-v6g_teacher_E_y+0.050_h+0.0_b-0.100_+0.0_s911_pPOST_L1_VENV/result.json,63130,d8a38bb602ad6309365c06aaf57ef8b661db50ba4f8c2191fcacaa8ad6fea259,d8a38bb602ad6309365c06aaf57ef8b661db50ba4f8c2191fcacaa8ad6fea259
door-relax-envelope-fdd35cee-biasYBase/cases/carry_b-v6g_teacher_E_y+0.200_h+0.0_b-0.250_+0.0_s911_pPOST_L1_VENV/case.json,2637,f12a6f792045b11c23c8cb8f74d038dad824220b61b34abb828441e0f5ba7c46,f12a6f792045b11c23c8cb8f74d038dad824220b61b34abb828441e0f5ba7c46
door-relax-envelope-fdd35cee-biasYBase/cases/carry_b-v6g_teacher_E_y+0.200_h+0.0_b-0.250_+0.0_s911_pPOST_L1_VENV/result.json,53577,424fc4b9737d237f7dd8b0f78391af86700447f699f25c3d208dabf61bbada42,424fc4b9737d237f7dd8b0f78391af86700447f699f25c3d208dabf61bbada42
door-relax-envelope-fdd35cee-biasYBase/cases/carry_b-v6g_teacher_E_y+0.200_h+0.0_b-0.200_+0.0_s911_pPOST_L1_VENV/case.json,2637,506ffb59f06360c433ac1beaf0183f7e057feb98b427838a293a06c105da76f0,506ffb59f06360c433ac1beaf0183f7e057feb98b427838a293a06c105da76f0
door-relax-envelope-fdd35cee-biasYBase/cases/carry_b-v6g_teacher_E_y+0.200_h+0.0_b-0.200_+0.0_s911_pPOST_L1_VENV/result.json,54060,834eb159e0047bddf7cda069aac89e16239c03fd76ace1bc34cf77a973eddcb1,834eb159e0047bddf7cda069aac89e16239c03fd76ace1bc34cf77a973eddcb1
door-relax-envelope-fdd35cee-biasYBase/cases/carry_b-v6g_teacher_E_y+0.200_h+0.0_b-0.100_+0.0_s911_pPOST_L1_VENV/case.json,2634,1958f2f5a7d898e75df524ed07fbb077bfba2b732edadd920535031fe0988d93,1958f2f5a7d898e75df524ed07fbb077bfba2b732edadd920535031fe0988d93
door-relax-envelope-fdd35cee-biasYBase/cases/carry_b-v6g_teacher_E_y+0.200_h+0.0_b-0.100_+0.0_s911_pPOST_L1_VENV/result.json,26498,1352457d325701dc91a9ac3b7aecce3557e315a009bf7336320f85301e52a117,1352457d325701dc91a9ac3b7aecce3557e315a009bf7336320f85301e52a117
door-relax-envelope-fdd35cee-biasYBase/cases/carry_b-v6g_teacher_E_y+0.200_h+0.0_b+0.100_+0.0_s911_pPOST_L1_VENV/case.json,2632,45a58baccfcdd24b9ce35547bc06894e2a4f1f3d3b0558647c11f0c5a0fd0771,45a58baccfcdd24b9ce35547bc06894e2a4f1f3d3b0558647c11f0c5a0fd0771
door-relax-envelope-fdd35cee-biasYBase/cases/carry_b-v6g_teacher_E_y+0.200_h+0.0_b+0.100_+0.0_s911_pPOST_L1_VENV/result.json,26020,efa3290196a8ae1301f743ecf7d06f34149763aed11f4895a47368728d1edac5,efa3290196a8ae1301f743ecf7d06f34149763aed11f4895a47368728d1edac5
door-relax-envelope-fdd35cee-biasYBase/cases/carry_b-v6g_teacher_E_y+0.200_h+0.0_b+0.150_+0.0_s911_pPOST_L1_VENV/case.json,2632,00131ddebf0846fad51b5d1edfc7b688174531d6e563ed55f07c426b64905d05,00131ddebf0846fad51b5d1edfc7b688174531d6e563ed55f07c426b64905d05
door-relax-envelope-fdd35cee-biasYBase/cases/carry_b-v6g_teacher_E_y+0.200_h+0.0_b+0.150_+0.0_s911_pPOST_L1_VENV/result.json,26024,6f4a959f7560acd82df1bdc82463c43f0281c387638177442a57d0540a8f417c,6f4a959f7560acd82df1bdc82463c43f0281c387638177442a57d0540a8f417c
door-relax-envelope-fdd35cee-biasYBase/cases/carry_b-v6g_teacher_E_y+0.200_h+0.0_b+0.200_+0.0_s911_pPOST_L1_VENV/case.json,2634,dec7e36ba567f688db45967d46a6ce956375b8c38fba4c19df9468d047237784,dec7e36ba567f688db45967d46a6ce956375b8c38fba4c19df9468d047237784
door-relax-envelope-fdd35cee-biasYBase/cases/carry_b-v6g_teacher_E_y+0.200_h+0.0_b+0.200_+0.0_s911_pPOST_L1_VENV/result.json,26027,80141641f207d32970fe8e2e781310198bca232a9964b498e0a4557532a4b1b2,80141641f207d32970fe8e2e781310198bca232a9964b498e0a4557532a4b1b2
door-relax-envelope-fdd35cee-biasYBase/cases/carry_b-v6g_teacher_E_y+0.200_h+0.0_b+0.250_+0.0_s911_pPOST_L1_VENV/case.json,2632,edd4a2e5349d9413a5995b66f2d05f364591f118efd6f4ba1ba46ef1c977ca48,edd4a2e5349d9413a5995b66f2d05f364591f118efd6f4ba1ba46ef1c977ca48
door-relax-envelope-fdd35cee-biasYBase/cases/carry_b-v6g_teacher_E_y+0.200_h+0.0_b+0.250_+0.0_s911_pPOST_L1_VENV/result.json,25536,a32d57f6f16eda18837379add43a2e39bdfcc36333bdfb491fb4813977c9a9a2,a32d57f6f16eda18837379add43a2e39bdfcc36333bdfb491fb4813977c9a9a2
door-relax-envelope-fdd35cee-biasYBase/cases/carry_b-v6g_teacher_E_y-0.100_h+0.0_b-0.250_+0.0_s911_pPOST_L1_VENV/case.json,2637,4a22c18782442faba23b3a1f39b716a509eb4c6b2521bdd5de11664593af84b9,4a22c18782442faba23b3a1f39b716a509eb4c6b2521bdd5de11664593af84b9
door-relax-envelope-fdd35cee-biasYBase/cases/carry_b-v6g_teacher_E_y-0.100_h+0.0_b-0.250_+0.0_s911_pPOST_L1_VENV/result.json,26061,eb1e6b4c8edddbab76ec53a06003af49ac9b2ea0a277647e2418fd6261686250,eb1e6b4c8edddbab76ec53a06003af49ac9b2ea0a277647e2418fd6261686250
door-relax-envelope-fdd35cee-biasYBase/cases/carry_b-v6g_teacher_E_y-0.100_h+0.0_b-0.200_+0.0_s911_pPOST_L1_VENV/case.json,2638,d8eda183fab27c0bc4891a0dc0c4b55ce15f313551bc5103f618b3be5fd53193,d8eda183fab27c0bc4891a0dc0c4b55ce15f313551bc5103f618b3be5fd53193
door-relax-envelope-fdd35cee-biasYBase/cases/carry_b-v6g_teacher_E_y-0.100_h+0.0_b-0.200_+0.0_s911_pPOST_L1_VENV/result.json,26066,2f95071443ae55e5b45f638638d7d70870568f9fc1df4cf5e52a3841ab989692,2f95071443ae55e5b45f638638d7d70870568f9fc1df4cf5e52a3841ab989692
door-relax-envelope-fdd35cee-biasYBase/cases/carry_b-v6g_teacher_E_y+0.200_h+0.0_b-0.150_+0.0_s911_pPOST_L1_VENV/case.json,2632,e678b2f6143deed4ffbd44d82077e37fcab71df08ac42935f65d12919641097d,e678b2f6143deed4ffbd44d82077e37fcab71df08ac42935f65d12919641097d
door-relax-envelope-fdd35cee-biasYBase/cases/carry_b-v6g_teacher_E_y+0.200_h+0.0_b-0.150_+0.0_s911_pPOST_L1_VENV/result.json,62649,3bad22729bad64b0a286cd3660b1dfca83312e28e73e0980cd1f49ca66ce2f82,3bad22729bad64b0a286cd3660b1dfca83312e28e73e0980cd1f49ca66ce2f82
door-relax-envelope-fdd35cee-biasYBase/cases/carry_b-v6g_teacher_E_y-0.100_h+0.0_b-0.150_+0.0_s911_pPOST_L1_VENV/case.json,2639,d5b52d0927cbb40a852e537d87fd37ea06124ad0548a8e0bc0262ce741d767f2,d5b52d0927cbb40a852e537d87fd37ea06124ad0548a8e0bc0262ce741d767f2
door-relax-envelope-fdd35cee-biasYBase/cases/carry_b-v6g_teacher_E_y-0.100_h+0.0_b-0.150_+0.0_s911_pPOST_L1_VENV/result.json,26066,dccfcf24d857075691e1bfcd0d9a7e26975e7ad1f7a323ba1c37dcabab05d92c,dccfcf24d857075691e1bfcd0d9a7e26975e7ad1f7a323ba1c37dcabab05d92c
door-relax-envelope-fdd35cee-biasYBase/cases/carry_b-v6g_teacher_E_y-0.100_h+0.0_b-0.100_+0.0_s911_pPOST_L1_VENV/case.json,2638,dfb3a4435a4cb5d8b8617173dec2c174b4f5e2b128505a7897ded1aeaa3000af,dfb3a4435a4cb5d8b8617173dec2c174b4f5e2b128505a7897ded1aeaa3000af
door-relax-envelope-fdd35cee-biasYBase/cases/carry_b-v6g_teacher_E_y-0.100_h+0.0_b-0.100_+0.0_s911_pPOST_L1_VENV/result.json,26557,089360d4ed0003d9db59d41c943f1924b07088e728c05d7b9c0016f8fe15c0b8,089360d4ed0003d9db59d41c943f1924b07088e728c05d7b9c0016f8fe15c0b8
door-relax-envelope-fdd35cee-biasYBase/cases/carry_b-v6g_teacher_E_y-0.100_h+0.0_b+0.100_+0.0_s911_pPOST_L1_VENV/case.json,2640,f395b538c2cc9ddd0184b26158367d3e4bc69b7bb4845ab2d160130dd9994a7d,f395b538c2cc9ddd0184b26158367d3e4bc69b7bb4845ab2d160130dd9994a7d
door-relax-envelope-fdd35cee-biasYBase/cases/carry_b-v6g_teacher_E_y-0.100_h+0.0_b+0.100_+0.0_s911_pPOST_L1_VENV/result.json,54610,55e7f3635b62e0204f58e601b42c636d9d656d1ac2688e0ccef258bdb80aa148,55e7f3635b62e0204f58e601b42c636d9d656d1ac2688e0ccef258bdb80aa148
door-relax-envelope-fdd35cee-biasYBase/cases/carry_b-v6g_teacher_E_y-0.100_h+0.0_b+0.150_+0.0_s911_pPOST_L1_VENV/case.json,2638,8791d3a1fcbcf0c22c3875cd9580df247c2e83d96d6c96b6afea13325f02017d,8791d3a1fcbcf0c22c3875cd9580df247c2e83d96d6c96b6afea13325f02017d
door-relax-envelope-fdd35cee-biasYBase/cases/carry_b-v6g_teacher_E_y-0.100_h+0.0_b+0.150_+0.0_s911_pPOST_L1_VENV/result.json,62712,d473035d3be269037112250c4497c65dddfc9cd345519046307264ba7d140fad,d473035d3be269037112250c4497c65dddfc9cd345519046307264ba7d140fad
door-relax-envelope-fdd35cee-biasYBase/cases/carry_b-v6g_teacher_E_y-0.100_h+0.0_b+0.200_+0.0_s911_pPOST_L1_VENV/case.json,2637,42d79de613a5c7b765f24164bb80c2c61fd33e50526aa8b930437d2fa848e527,42d79de613a5c7b765f24164bb80c2c61fd33e50526aa8b930437d2fa848e527
door-relax-envelope-fdd35cee-biasYBase/cases/carry_b-v6g_teacher_E_y-0.100_h+0.0_b+0.200_+0.0_s911_pPOST_L1_VENV/result.json,53642,9d7a856623531cc85d29a80f2eb2058e60b9e4189deba90de4495e3a7b3623ea,9d7a856623531cc85d29a80f2eb2058e60b9e4189deba90de4495e3a7b3623ea
door-relax-envelope-fdd35cee-biasYBase/cases/carry_b-v6g_teacher_E_y-0.100_h+0.0_b+0.250_+0.0_s911_pPOST_L1_VENV/case.json,2634,bd2ca52d21a15ef571b6f62a2ed6c379ed4493aa95840d93ab26a2e67bd786c0,bd2ca52d21a15ef571b6f62a2ed6c379ed4493aa95840d93ab26a2e67bd786c0
door-relax-envelope-fdd35cee-biasYBase/cases/carry_b-v6g_teacher_E_y-0.100_h+0.0_b+0.250_+0.0_s911_pPOST_L1_VENV/result.json,25579,e8f6891f8061dc50b95b418594f6e64319b08d4e93a4acd371bf034adcaab421,e8f6891f8061dc50b95b418594f6e64319b08d4e93a4acd371bf034adcaab421
door-relax-envelope-fdd35cee-biasYK1g/manifest.json,167842,e080778fb3dcf9b59fc16d2da1c64bbf6b4019f096921750dcd93143bdcaea65,
door-relax-envelope-fdd35cee-biasYK1g/cases.jsonl,80043,adecf962ad2f7b8f8540a8511dbc48dbbb54621afd6153acf852ddd5a5489e24,adecf962ad2f7b8f8540a8511dbc48dbbb54621afd6153acf852ddd5a5489e24
door-relax-envelope-fdd35cee-biasYK1g/artifacts.sha256.json,1957766,ed7d513f32376ffc96f5df6815c331b583a092120f8b3bb3512c62da654d553e,
door-relax-envelope-fdd35cee-biasYK1g/plan.json,74446,d9db6c8eab72b741a92d984b424bdb784e9515ea0ca42af279904ef02429b8c9,
door-relax-envelope-fdd35cee-biasYK1g/cases/carry_b-v6h.k1g_teacher_E_y+0.050_h+0.0_b-0.250_+0.0_s911_pPOST_L1_VENV/case.json,2687,cf0a556186c80ad6b75a8306dabd8d15175633a2a1add25f33dca2dca06a9059,cf0a556186c80ad6b75a8306dabd8d15175633a2a1add25f33dca2dca06a9059
door-relax-envelope-fdd35cee-biasYK1g/cases/carry_b-v6h.k1g_teacher_E_y+0.050_h+0.0_b-0.250_+0.0_s911_pPOST_L1_VENV/result.json,26394,b0753a71987669a197adb14f2e52e72fe2fad2726a68a1d005216b7f2a871f8e,b0753a71987669a197adb14f2e52e72fe2fad2726a68a1d005216b7f2a871f8e
door-relax-envelope-fdd35cee-biasYK1g/cases/carry_b-v6h.k1g_teacher_E_y+0.050_h+0.0_b-0.200_+0.0_s911_pPOST_L1_VENV/case.json,2687,052e59f2344aaaf26028ebe4579cd794a4ef6e9f9910663311352ad0e08cba3b,052e59f2344aaaf26028ebe4579cd794a4ef6e9f9910663311352ad0e08cba3b
door-relax-envelope-fdd35cee-biasYK1g/cases/carry_b-v6h.k1g_teacher_E_y+0.050_h+0.0_b-0.200_+0.0_s911_pPOST_L1_VENV/result.json,26884,0373a8e2601280867723480c57857a04d4414fc5c9d430b41dbba1b0905b6711,0373a8e2601280867723480c57857a04d4414fc5c9d430b41dbba1b0905b6711
door-relax-envelope-fdd35cee-biasYK1g/cases/carry_b-v6h.k1g_teacher_E_y+0.050_h+0.0_b-0.150_+0.0_s911_pPOST_L1_VENV/case.json,2690,3a553f680240634dc379e317232ded8b7a8cc103208a5785c0d1337fba5b58da,3a553f680240634dc379e317232ded8b7a8cc103208a5785c0d1337fba5b58da
door-relax-envelope-fdd35cee-biasYK1g/cases/carry_b-v6h.k1g_teacher_E_y+0.050_h+0.0_b-0.150_+0.0_s911_pPOST_L1_VENV/result.json,63443,cc86e4ff44e1b1aa96d6dfd41c0fa45595924be0bc5ea90a9af744a5d290fb3b,cc86e4ff44e1b1aa96d6dfd41c0fa45595924be0bc5ea90a9af744a5d290fb3b
door-relax-envelope-fdd35cee-biasYK1g/cases/carry_b-v6h.k1g_teacher_E_y+0.050_h+0.0_b+0.150_+0.0_s911_pPOST_L1_VENV/case.json,2688,c1c9d372fc8793bc86e8df3ead9122ebadfc2ad460df510eef2326ae07904ec3,c1c9d372fc8793bc86e8df3ead9122ebadfc2ad460df510eef2326ae07904ec3
door-relax-envelope-fdd35cee-biasYK1g/cases/carry_b-v6h.k1g_teacher_E_y+0.050_h+0.0_b+0.150_+0.0_s911_pPOST_L1_VENV/result.json,26864,2349d59fe14477ed245e73a7446f574f93e253832c561ca896d18e70d098054f,2349d59fe14477ed245e73a7446f574f93e253832c561ca896d18e70d098054f
door-relax-envelope-fdd35cee-biasYK1g/cases/carry_b-v6h.k1g_teacher_E_y+0.050_h+0.0_b+0.100_+0.0_s911_pPOST_L1_VENV/case.json,2688,cc66528c26df6867323501c94b7f4460a575847eb9cd73be134da3d218eef514,cc66528c26df6867323501c94b7f4460a575847eb9cd73be134da3d218eef514
door-relax-envelope-fdd35cee-biasYK1g/cases/carry_b-v6h.k1g_teacher_E_y+0.050_h+0.0_b+0.100_+0.0_s911_pPOST_L1_VENV/result.json,63479,593a30ba1c4c4977cfdca4d01291c8d2da4e163ad3f1d8e9d8e83651d03fb1c7,593a30ba1c4c4977cfdca4d01291c8d2da4e163ad3f1d8e9d8e83651d03fb1c7
door-relax-envelope-fdd35cee-biasYK1g/cases/carry_b-v6h.k1g_teacher_E_y+0.050_h+0.0_b-0.100_+0.0_s911_pPOST_L1_VENV/case.json,2690,c24696666c9461d50bb4dbbc192efd94ea7ce0c1bf5dadb8cf91b8bcd073ff0d,c24696666c9461d50bb4dbbc192efd94ea7ce0c1bf5dadb8cf91b8bcd073ff0d
door-relax-envelope-fdd35cee-biasYK1g/cases/carry_b-v6h.k1g_teacher_E_y+0.050_h+0.0_b-0.100_+0.0_s911_pPOST_L1_VENV/result.json,63935,cef4b0af49b80e87d34cff61bb6664f242162a38b810f0b2cbdb0c92c3323ee5,cef4b0af49b80e87d34cff61bb6664f242162a38b810f0b2cbdb0c92c3323ee5
door-relax-envelope-fdd35cee-biasYK1g/cases/carry_b-v6h.k1g_teacher_E_y+0.050_h+0.0_b+0.200_+0.0_s911_pPOST_L1_VENV/case.json,2685,6882dc55f471eda264cac6f97df89aacc8d58ccdd18352a7f401c389290a0381,6882dc55f471eda264cac6f97df89aacc8d58ccdd18352a7f401c389290a0381
door-relax-envelope-fdd35cee-biasYK1g/cases/carry_b-v6h.k1g_teacher_E_y+0.050_h+0.0_b+0.200_+0.0_s911_pPOST_L1_VENV/result.json,26873,daa8917cf9509bfa864dd14040dbe6af0fd58539ed547de7755b4224e26079ec,daa8917cf9509bfa864dd14040dbe6af0fd58539ed547de7755b4224e26079ec
door-relax-envelope-fdd35cee-biasYK1g/cases/carry_b-v6h.k1g_teacher_E_y+0.050_h+0.0_b+0.250_+0.0_s911_pPOST_L1_VENV/case.json,2685,612dfc8d7460c12ce13ba7af3ff17bb4c6198f852982af811430e15da950de6e,612dfc8d7460c12ce13ba7af3ff17bb4c6198f852982af811430e15da950de6e
door-relax-envelope-fdd35cee-biasYK1g/cases/carry_b-v6h.k1g_teacher_E_y+0.050_h+0.0_b+0.250_+0.0_s911_pPOST_L1_VENV/result.json,26387,1c93d160ce64a9726a98500757c946be8c6b518a41a9bd78e0b1a2b5ada70c5c,1c93d160ce64a9726a98500757c946be8c6b518a41a9bd78e0b1a2b5ada70c5c
door-relax-envelope-fdd35cee-biasYK1g/cases/carry_b-v6h.k1g_teacher_E_y+0.200_h+0.0_b-0.250_+0.0_s911_pPOST_L1_VENV/case.json,2688,dc5f64ec456a62bd35c32beb0ff50621cae7f4ab2a7a3d73b651f47d849a840e,dc5f64ec456a62bd35c32beb0ff50621cae7f4ab2a7a3d73b651f47d849a840e
door-relax-envelope-fdd35cee-biasYK1g/cases/carry_b-v6h.k1g_teacher_E_y+0.200_h+0.0_b-0.250_+0.0_s911_pPOST_L1_VENV/result.json,62944,6c8bd19f959e0b9922494bcf8ebedad7445e38697b166b2ddf7499a0541b781f,6c8bd19f959e0b9922494bcf8ebedad7445e38697b166b2ddf7499a0541b781f
door-relax-envelope-fdd35cee-biasYK1g/cases/carry_b-v6h.k1g_teacher_E_y+0.200_h+0.0_b-0.200_+0.0_s911_pPOST_L1_VENV/case.json,2688,f288d978b70b431ee8f2408e4f4b04ca9d9aa6893e1ef745836a70a3d4b1aed8,f288d978b70b431ee8f2408e4f4b04ca9d9aa6893e1ef745836a70a3d4b1aed8
door-relax-envelope-fdd35cee-biasYK1g/cases/carry_b-v6h.k1g_teacher_E_y+0.200_h+0.0_b-0.200_+0.0_s911_pPOST_L1_VENV/result.json,63434,f162e3cd687de240742e3e0605cd25712c66fed9259d75a99ae922b8c01e8364,f162e3cd687de240742e3e0605cd25712c66fed9259d75a99ae922b8c01e8364
door-relax-envelope-fdd35cee-biasYK1g/cases/carry_b-v6h.k1g_teacher_E_y+0.200_h+0.0_b-0.150_+0.0_s911_pPOST_L1_VENV/case.json,2683,b3dc2afa98f08c41a722784382d60ec5886683fcbbf616415dfa9660575312a4,b3dc2afa98f08c41a722784382d60ec5886683fcbbf616415dfa9660575312a4
door-relax-envelope-fdd35cee-biasYK1g/cases/carry_b-v6h.k1g_teacher_E_y+0.200_h+0.0_b-0.150_+0.0_s911_pPOST_L1_VENV/result.json,63462,0fc394258cecf5f17c00ecd1f534d48af2cd4098cd1b5af6643202d800f03be9,0fc394258cecf5f17c00ecd1f534d48af2cd4098cd1b5af6643202d800f03be9
door-relax-envelope-fdd35cee-biasYK1g/cases/carry_b-v6h.k1g_teacher_E_y+0.200_h+0.0_b+0.100_+0.0_s911_pPOST_L1_VENV/case.json,2683,36ddf3c04cb8c8f819c623ae92541e587906f377abb8c6572da0db1e7ea40fad,36ddf3c04cb8c8f819c623ae92541e587906f377abb8c6572da0db1e7ea40fad
door-relax-envelope-fdd35cee-biasYK1g/cases/carry_b-v6h.k1g_teacher_E_y+0.200_h+0.0_b+0.100_+0.0_s911_pPOST_L1_VENV/result.json,26840,52b99728806c27e0d33895eb3db6ec618fa2e3bae6b67877e85f46c00489558e,52b99728806c27e0d33895eb3db6ec618fa2e3bae6b67877e85f46c00489558e
door-relax-envelope-fdd35cee-biasYK1g/cases/carry_b-v6h.k1g_teacher_E_y+0.200_h+0.0_b+0.150_+0.0_s911_pPOST_L1_VENV/case.json,2683,cee0e6a33455020859eca4a6d2c41f27667a694efa0c26a6882aeea02c345e2a,cee0e6a33455020859eca4a6d2c41f27667a694efa0c26a6882aeea02c345e2a
door-relax-envelope-fdd35cee-biasYK1g/cases/carry_b-v6h.k1g_teacher_E_y+0.200_h+0.0_b+0.150_+0.0_s911_pPOST_L1_VENV/result.json,26840,3ff1c826fb09fb05eea657883646d630dd1f7244320d215ab33f8b7a7e9321dc,3ff1c826fb09fb05eea657883646d630dd1f7244320d215ab33f8b7a7e9321dc
door-relax-envelope-fdd35cee-biasYK1g/cases/carry_b-v6h.k1g_teacher_E_y+0.200_h+0.0_b+0.200_+0.0_s911_pPOST_L1_VENV/case.json,2685,0e8d503d5b6e3413ecfbfa00404cfa6efe49eaf01a9a4bf5e9728ec8cfae5057,0e8d503d5b6e3413ecfbfa00404cfa6efe49eaf01a9a4bf5e9728ec8cfae5057
door-relax-envelope-fdd35cee-biasYK1g/cases/carry_b-v6h.k1g_teacher_E_y+0.200_h+0.0_b+0.200_+0.0_s911_pPOST_L1_VENV/result.json,26848,4e97d456dc7dde247409021718c629a1cef2b94e58a496adcd25b964d2d68f53,4e97d456dc7dde247409021718c629a1cef2b94e58a496adcd25b964d2d68f53
door-relax-envelope-fdd35cee-biasYK1g/cases/carry_b-v6h.k1g_teacher_E_y+0.200_h+0.0_b+0.250_+0.0_s911_pPOST_L1_VENV/case.json,2683,8787c420ac2c0de55c5362d65bdb6e3125b03cf07718ce888e6b7723c262852e,8787c420ac2c0de55c5362d65bdb6e3125b03cf07718ce888e6b7723c262852e
door-relax-envelope-fdd35cee-biasYK1g/cases/carry_b-v6h.k1g_teacher_E_y+0.200_h+0.0_b+0.250_+0.0_s911_pPOST_L1_VENV/result.json,26361,dc54cfb2768a97d5628427a0c79f8ef267dce14cd3c3266738a30a26c8bb166c,dc54cfb2768a97d5628427a0c79f8ef267dce14cd3c3266738a30a26c8bb166c
door-relax-envelope-fdd35cee-biasYK1g/cases/carry_b-v6h.k1g_teacher_E_y-0.100_h+0.0_b-0.250_+0.0_s911_pPOST_L1_VENV/case.json,2688,7a75938ed294f9ca78fb1261d6ef7b6ff4b0b9dc4dc39e841e63a0b2cc9bf3b2,7a75938ed294f9ca78fb1261d6ef7b6ff4b0b9dc4dc39e841e63a0b2cc9bf3b2
door-relax-envelope-fdd35cee-biasYK1g/cases/carry_b-v6h.k1g_teacher_E_y-0.100_h+0.0_b-0.250_+0.0_s911_pPOST_L1_VENV/result.json,26884,3d42f3d74d7294c8cd406605433a9647ed99a47bc3ffdfc2336002b3382f55e1,3d42f3d74d7294c8cd406605433a9647ed99a47bc3ffdfc2336002b3382f55e1
door-relax-envelope-fdd35cee-biasYK1g/cases/carry_b-v6h.k1g_teacher_E_y-0.100_h+0.0_b-0.200_+0.0_s911_pPOST_L1_VENV/case.json,2689,629c7d0abb7958cb35e52adc95e4f094a2d3221b6aee9a637d7debbea32e79a9,629c7d0abb7958cb35e52adc95e4f094a2d3221b6aee9a637d7debbea32e79a9
door-relax-envelope-fdd35cee-biasYK1g/cases/carry_b-v6h.k1g_teacher_E_y-0.100_h+0.0_b-0.200_+0.0_s911_pPOST_L1_VENV/result.json,26892,1399a1e7e153dded96661d34baee75ce59c6c5b097ed38dcb04adefcb716ee9e,1399a1e7e153dded96661d34baee75ce59c6c5b097ed38dcb04adefcb716ee9e
door-relax-envelope-fdd35cee-biasYK1g/cases/carry_b-v6h.k1g_teacher_E_y-0.100_h+0.0_b-0.150_+0.0_s911_pPOST_L1_VENV/case.json,2690,213ee87dbfdf1f5ea9a26ca1b41893da0a52a95b2f85a27d22a0cf83e9cc3d8b,213ee87dbfdf1f5ea9a26ca1b41893da0a52a95b2f85a27d22a0cf83e9cc3d8b
door-relax-envelope-fdd35cee-biasYK1g/cases/carry_b-v6h.k1g_teacher_E_y-0.100_h+0.0_b-0.150_+0.0_s911_pPOST_L1_VENV/result.json,26891,e534fd8c3ec0d8358057c4985bca3277f10575519edfcd1dd6a8c0ffca6d7c5e,e534fd8c3ec0d8358057c4985bca3277f10575519edfcd1dd6a8c0ffca6d7c5e
door-relax-envelope-fdd35cee-biasYK1g/cases/carry_b-v6h.k1g_teacher_E_y-0.100_h+0.0_b-0.100_+0.0_s911_pPOST_L1_VENV/case.json,2689,00dac2742be8c359608c1c81d14cd8ea2d951dbd10ddc1789a2e7efbf54bab4a,00dac2742be8c359608c1c81d14cd8ea2d951dbd10ddc1789a2e7efbf54bab4a
door-relax-envelope-fdd35cee-biasYK1g/cases/carry_b-v6h.k1g_teacher_E_y-0.100_h+0.0_b-0.100_+0.0_s911_pPOST_L1_VENV/result.json,27379,e8d6a0882cc1b6b043fe30888f883f4d0bf5a613464ad24a11be0f90a2cb37e8,e8d6a0882cc1b6b043fe30888f883f4d0bf5a613464ad24a11be0f90a2cb37e8
door-relax-envelope-fdd35cee-biasYK1g/cases/carry_b-v6h.k1g_teacher_E_y+0.200_h+0.0_b-0.100_+0.0_s911_pPOST_L1_VENV/case.json,2685,8cd0acc0ddaa323b45f58d664f2858765764fc7780c025a3d2ed377a0b70d7b9,8cd0acc0ddaa323b45f58d664f2858765764fc7780c025a3d2ed377a0b70d7b9
door-relax-envelope-fdd35cee-biasYK1g/cases/carry_b-v6h.k1g_teacher_E_y+0.200_h+0.0_b-0.100_+0.0_s911_pPOST_L1_VENV/result.json,63911,0291a51a3c4600ef8959157ad84a335655f0ce670ecddb97f12024482a876127,0291a51a3c4600ef8959157ad84a335655f0ce670ecddb97f12024482a876127
door-relax-envelope-fdd35cee-biasYK1g/cases/carry_b-v6h.k1g_teacher_E_y-0.100_h+0.0_b+0.100_+0.0_s911_pPOST_L1_VENV/case.json,2691,9486936b798f4d07797b0b71fe68533f109447b4e1189b66e44ecce7ab0d2f63,9486936b798f4d07797b0b71fe68533f109447b4e1189b66e44ecce7ab0d2f63
door-relax-envelope-fdd35cee-biasYK1g/cases/carry_b-v6h.k1g_teacher_E_y-0.100_h+0.0_b+0.100_+0.0_s911_pPOST_L1_VENV/result.json,64013,82982a3465c0854890d136e5fad6888d6793ac0c13725586a7a921355f1933c1,82982a3465c0854890d136e5fad6888d6793ac0c13725586a7a921355f1933c1
door-relax-envelope-fdd35cee-biasYK1g/cases/carry_b-v6h.k1g_teacher_E_y-0.100_h+0.0_b+0.150_+0.0_s911_pPOST_L1_VENV/case.json,2689,568d2326596497affe7f98cc186b8907087b795ab1dbb611820f1fe9e1d05663,568d2326596497affe7f98cc186b8907087b795ab1dbb611820f1fe9e1d05663
door-relax-envelope-fdd35cee-biasYK1g/cases/carry_b-v6h.k1g_teacher_E_y-0.100_h+0.0_b+0.150_+0.0_s911_pPOST_L1_VENV/result.json,63531,88859b270c4407ba5f9e2e4adb340601bedc8f56fc19339cde7f69d4e0c59c51,88859b270c4407ba5f9e2e4adb340601bedc8f56fc19339cde7f69d4e0c59c51
door-relax-envelope-fdd35cee-biasYK1g/cases/carry_b-v6h.k1g_teacher_E_y-0.100_h+0.0_b+0.200_+0.0_s911_pPOST_L1_VENV/case.json,2688,e55691c73fdc7ebc1e0b082914acb1e60d0396e23f9563b5ee93cad75b14dffe,e55691c73fdc7ebc1e0b082914acb1e60d0396e23f9563b5ee93cad75b14dffe
door-relax-envelope-fdd35cee-biasYK1g/cases/carry_b-v6h.k1g_teacher_E_y-0.100_h+0.0_b+0.200_+0.0_s911_pPOST_L1_VENV/result.json,63516,78f3657b6a4f70b22a1fe6d8c39cb08b013fb1a46769b4017206babd5adcf837,78f3657b6a4f70b22a1fe6d8c39cb08b013fb1a46769b4017206babd5adcf837
door-relax-envelope-fdd35cee-biasYK1g/cases/carry_b-v6h.k1g_teacher_E_y-0.100_h+0.0_b+0.250_+0.0_s911_pPOST_L1_VENV/case.json,2685,e256c7390d115d7b6b01c7f7507bf404a4bc2d6b63ce6637076e4d63c0d42738,e256c7390d115d7b6b01c7f7507bf404a4bc2d6b63ce6637076e4d63c0d42738
door-relax-envelope-fdd35cee-biasYK1g/cases/carry_b-v6h.k1g_teacher_E_y-0.100_h+0.0_b+0.250_+0.0_s911_pPOST_L1_VENV/result.json,63812,9197401affe3c119500a5606b0be55c6e206846dd37e03850d800f17317838dc,9197401affe3c119500a5606b0be55c6e206846dd37e03850d800f17317838dc
door-relax-envelope-fdd35cee-chBase/manifest.json,168157,6b58a134131aee92aeeb40e38a3962a013b8fe05b97b3e6fa52e40090e8b4c34,
door-relax-envelope-fdd35cee-chBase/cases.jsonl,68783,81719c0d5edf96628793ed6303b1e5ef87b66da31cc85103c0fef6d3ad334a6a,81719c0d5edf96628793ed6303b1e5ef87b66da31cc85103c0fef6d3ad334a6a
door-relax-envelope-fdd35cee-chBase/artifacts.sha256.json,1525618,94be82f22502a47d15fd51c85c1ca95fe8200528dcbb667c4fab86027158d76a,
door-relax-envelope-fdd35cee-chBase/plan.json,32919,1a2ee43cd347576b12ffac50346b34696726fa4345ed987bb42d1109aad985b0,
door-relax-envelope-fdd35cee-chBase/cases/chain_b-v6g_teacher_hR2_03_s911_pPOST_VhR2/case.json,2871,5aaa0ab4a38588279078d625c36fa3035b8bdf7838d8977910f8228655bae147,5aaa0ab4a38588279078d625c36fa3035b8bdf7838d8977910f8228655bae147
door-relax-envelope-fdd35cee-chBase/cases/chain_b-v6g_teacher_hR2_03_s911_pPOST_VhR2/result.json,59803,05d2cb2dfe330103312867f38c80c5cdd311cb198b17e12d07a811763971ed8c,05d2cb2dfe330103312867f38c80c5cdd311cb198b17e12d07a811763971ed8c
door-relax-envelope-fdd35cee-chBase/cases/chain_b-v6g_teacher_hR2_02_s911_pPOST_VhR2/case.json,2877,c9a781302262ebc9ee50dc0c23c14ea8f71e033a75b5f4a89f587a3060275562,c9a781302262ebc9ee50dc0c23c14ea8f71e033a75b5f4a89f587a3060275562
door-relax-envelope-fdd35cee-chBase/cases/chain_b-v6g_teacher_hR2_02_s911_pPOST_VhR2/result.json,59304,0032a98320f3c87ab721571529b24ed2dbfc2629685d8edff42b8e8ecf58f903,0032a98320f3c87ab721571529b24ed2dbfc2629685d8edff42b8e8ecf58f903
door-relax-envelope-fdd35cee-chBase/cases/chain_b-v6g_teacher_hR2_04_s911_pPOST_VhR2/case.json,2877,e52fb41fc61258d660fdb91171e62564f621a6eb739df1dacfc849621b470152,e52fb41fc61258d660fdb91171e62564f621a6eb739df1dacfc849621b470152
door-relax-envelope-fdd35cee-chBase/cases/chain_b-v6g_teacher_hR2_04_s911_pPOST_VhR2/result.json,60123,e960283f348dcf399867126402a9c59e5a4251970a39913413fbe92350ddb59e,e960283f348dcf399867126402a9c59e5a4251970a39913413fbe92350ddb59e
door-relax-envelope-fdd35cee-chBase/cases/chain_b-v6g_teacher_hR2_05_s911_pPOST_VhR2/case.json,2875,a114da0bc8f688cfbac40e0e6c4129fc034a7bcc4d1a63a9945abcc46c43d5e4,a114da0bc8f688cfbac40e0e6c4129fc034a7bcc4d1a63a9945abcc46c43d5e4
door-relax-envelope-fdd35cee-chBase/cases/chain_b-v6g_teacher_hR2_05_s911_pPOST_VhR2/result.json,60127,0058ecf5eb7f12de2a94add9b9d5f7bbb22f47ef15b2beab5ea76361ab038027,0058ecf5eb7f12de2a94add9b9d5f7bbb22f47ef15b2beab5ea76361ab038027
door-relax-envelope-fdd35cee-chBase/cases/chain_b-v6g_teacher_hR2_01_s911_pPOST_VhR2/case.json,2875,79f18b578d2dde79e6ce043d3cb04bc58b820d56ce998a0d3a5d18e88b2bf545,79f18b578d2dde79e6ce043d3cb04bc58b820d56ce998a0d3a5d18e88b2bf545
door-relax-envelope-fdd35cee-chBase/cases/chain_b-v6g_teacher_hR2_01_s911_pPOST_VhR2/result.json,184923,f7d4423359e5f8c83c457150b7d3d61e7b336f7c4423751da31ce62c674441ed,f7d4423359e5f8c83c457150b7d3d61e7b336f7c4423751da31ce62c674441ed
door-relax-envelope-fdd35cee-chBase/cases/chain_b-v6g_teacher_hR2_06_s911_pPOST_VhR2/case.json,2874,f991fafc6121e5c5d8e34fff0e63ec6d62ef25bc289d18a97783ed316e05cbe8,f991fafc6121e5c5d8e34fff0e63ec6d62ef25bc289d18a97783ed316e05cbe8
door-relax-envelope-fdd35cee-chBase/cases/chain_b-v6g_teacher_hR2_06_s911_pPOST_VhR2/result.json,60120,f76a55031a760e285d1fd3dcbefcf4bc7c9daa264ad7f04ddb3efe2128cbfa83,f76a55031a760e285d1fd3dcbefcf4bc7c9daa264ad7f04ddb3efe2128cbfa83
door-relax-envelope-fdd35cee-chBase/cases/chain_b-v6g_teacher_hR2_07_s911_pPOST_VhR2/case.json,2878,7511075e3173c4903514ecd7ba6bd0a7c89a3bd84c435ab5eff321c087ee436a,7511075e3173c4903514ecd7ba6bd0a7c89a3bd84c435ab5eff321c087ee436a
door-relax-envelope-fdd35cee-chBase/cases/chain_b-v6g_teacher_hR2_07_s911_pPOST_VhR2/result.json,184411,71d876503338c1703bda105a0ee7f53ec7486d396aa1f71b2e29c6eed3c8c316,71d876503338c1703bda105a0ee7f53ec7486d396aa1f71b2e29c6eed3c8c316
door-relax-envelope-fdd35cee-chBase/cases/chain_b-v6g_teacher_hR2_08_s911_pPOST_VhR2/case.json,2868,669341f97e8832df43c14bf6b1fc1d3180407afebab63f11478f0c732118e086,669341f97e8832df43c14bf6b1fc1d3180407afebab63f11478f0c732118e086
door-relax-envelope-fdd35cee-chBase/cases/chain_b-v6g_teacher_hR2_08_s911_pPOST_VhR2/result.json,184965,55e38b76f3af8eaf120acaa07240af5f869c4f42eeaea84be0ff13a4052e6a03,55e38b76f3af8eaf120acaa07240af5f869c4f42eeaea84be0ff13a4052e6a03
door-relax-envelope-fdd35cee-chBase/cases/chain_b-v6g_teacher_hR2_09_s911_pPOST_VhR2/case.json,2873,ed7f7466f6643ae8a4ef39f5cf6f2b63fca4fe324f05b54ed2663f51dbf7d5dd,ed7f7466f6643ae8a4ef39f5cf6f2b63fca4fe324f05b54ed2663f51dbf7d5dd
door-relax-envelope-fdd35cee-chBase/cases/chain_b-v6g_teacher_hR2_09_s911_pPOST_VhR2/result.json,184508,a6810fbac17f34042d2667e50665573af60af248505997f625970285c95a94b6,a6810fbac17f34042d2667e50665573af60af248505997f625970285c95a94b6
door-relax-envelope-fdd35cee-chBase/cases/chain_b-v6g_teacher_hR2_10_s911_pPOST_VhR2/case.json,2872,4d602e2ef34d3f639e37d46a41cde5539c1f8d28e6a8bde0a813564ab2793040,4d602e2ef34d3f639e37d46a41cde5539c1f8d28e6a8bde0a813564ab2793040
door-relax-envelope-fdd35cee-chBase/cases/chain_b-v6g_teacher_hR2_10_s911_pPOST_VhR2/result.json,59272,80304fa6a544f2948062fe824552315d0d8cc26d5787b463c1ae7d91c273c9c8,80304fa6a544f2948062fe824552315d0d8cc26d5787b463c1ae7d91c273c9c8
door-relax-envelope-fdd35cee-chK0g/manifest.json,168155,6ed74ddef0f8ecfb11906f84368b7b8bd78bd7be5b4b78183d42c5ce39cf0b7a,
door-relax-envelope-fdd35cee-chK0g/cases.jsonl,81588,b31ea2b57bfdc5c59bb45dfcf219652484316351e46d0e5c9f9b5d15962b14de,b31ea2b57bfdc5c59bb45dfcf219652484316351e46d0e5c9f9b5d15962b14de
door-relax-envelope-fdd35cee-chK0g/artifacts.sha256.json,2360432,f158b7ce92e6e73eee60271ae6408933f93c29f13aea983a72663a287a1e5e4e,
door-relax-envelope-fdd35cee-chK0g/plan.json,33509,88d75857ab27305220621bd5dfca8352b33b3660dc3a4d9afd1c54740bfb7701,
door-relax-envelope-fdd35cee-chK0g/cases/chain_b-v6h.k0g_teacher_hR2_03_s911_pPOST_VhR2/case.json,2922,052ca5c7b01817bb4cac9323e11fbcffb2f6919bc83556524f799226f50cc530,052ca5c7b01817bb4cac9323e11fbcffb2f6919bc83556524f799226f50cc530
door-relax-envelope-fdd35cee-chK0g/cases/chain_b-v6h.k0g_teacher_hR2_03_s911_pPOST_VhR2/result.json,185254,3b798aacdb7df1c58cda8e1912c3da84b471e8ea31d66ee80d40ad547e77b6e1,3b798aacdb7df1c58cda8e1912c3da84b471e8ea31d66ee80d40ad547e77b6e1
door-relax-envelope-fdd35cee-chK0g/cases/chain_b-v6h.k0g_teacher_hR2_02_s911_pPOST_VhR2/case.json,2928,046fe98feb1f28290cd1228e77ad95c01246cc43682740bfdb16e3c65c169dd3,046fe98feb1f28290cd1228e77ad95c01246cc43682740bfdb16e3c65c169dd3
door-relax-envelope-fdd35cee-chK0g/cases/chain_b-v6h.k0g_teacher_hR2_02_s911_pPOST_VhR2/result.json,185190,27dbf8b5a0c32cf62d9216daf08dab82f60ddeb30cbd94b33a51e3a7a976567b,27dbf8b5a0c32cf62d9216daf08dab82f60ddeb30cbd94b33a51e3a7a976567b
door-relax-envelope-fdd35cee-chK0g/cases/chain_b-v6h.k0g_teacher_hR2_01_s911_pPOST_VhR2/case.json,2926,bf3815c9c5a7215f949f1771396014d99dbced57e48bffbbecfd0d691e153258,bf3815c9c5a7215f949f1771396014d99dbced57e48bffbbecfd0d691e153258
door-relax-envelope-fdd35cee-chK0g/cases/chain_b-v6h.k0g_teacher_hR2_01_s911_pPOST_VhR2/result.json,185656,64cae139d95833eb9a54b6ead96f19450a4a4f1376497104cc8157589a9f981d,64cae139d95833eb9a54b6ead96f19450a4a4f1376497104cc8157589a9f981d
door-relax-envelope-fdd35cee-chK0g/cases/chain_b-v6h.k0g_teacher_hR2_04_s911_pPOST_VhR2/case.json,2928,bf569fda63356088d83fa4a50c82ab416f83c65204c5603495f44590907f1291,bf569fda63356088d83fa4a50c82ab416f83c65204c5603495f44590907f1291
door-relax-envelope-fdd35cee-chK0g/cases/chain_b-v6h.k0g_teacher_hR2_04_s911_pPOST_VhR2/result.json,186120,4c18d1108306b0d7871350c06c8ad3785439d77e2f4e8cff4af20b284998070c,4c18d1108306b0d7871350c06c8ad3785439d77e2f4e8cff4af20b284998070c
door-relax-envelope-fdd35cee-chK0g/cases/chain_b-v6h.k0g_teacher_hR2_05_s911_pPOST_VhR2/case.json,2926,dfb2c4a8d5c7e8ffd4e483e6a990ed44e8a7fb2b249206e103eafe40d2d2f8c6,dfb2c4a8d5c7e8ffd4e483e6a990ed44e8a7fb2b249206e103eafe40d2d2f8c6
door-relax-envelope-fdd35cee-chK0g/cases/chain_b-v6h.k0g_teacher_hR2_05_s911_pPOST_VhR2/result.json,186154,85553dbfcf3b14869f97eb6953e5391f4e569e7e607e698da1a2b2986c0887c5,85553dbfcf3b14869f97eb6953e5391f4e569e7e607e698da1a2b2986c0887c5
door-relax-envelope-fdd35cee-chK0g/cases/chain_b-v6h.k0g_teacher_hR2_06_s911_pPOST_VhR2/case.json,2925,cc494575bdef1c4e799e53d8a0fa3580a0bbecfa8e6e5caa907c1cf5d68f8018,cc494575bdef1c4e799e53d8a0fa3580a0bbecfa8e6e5caa907c1cf5d68f8018
door-relax-envelope-fdd35cee-chK0g/cases/chain_b-v6h.k0g_teacher_hR2_06_s911_pPOST_VhR2/result.json,186144,630c8e004a9363b7ed19e787fb51fda85a7f0f24964a31756841cce2777a357d,630c8e004a9363b7ed19e787fb51fda85a7f0f24964a31756841cce2777a357d
door-relax-envelope-fdd35cee-chK0g/cases/chain_b-v6h.k0g_teacher_hR2_07_s911_pPOST_VhR2/case.json,2929,3856ba2a3d68bc3518cd7b8320e6e26c2477929936d357233389fba09d16c626,3856ba2a3d68bc3518cd7b8320e6e26c2477929936d357233389fba09d16c626
door-relax-envelope-fdd35cee-chK0g/cases/chain_b-v6h.k0g_teacher_hR2_07_s911_pPOST_VhR2/result.json,185171,cc276caee8d5cc01d3e924f2532d1a42902a29faf90d597be76713244d86d1e0,cc276caee8d5cc01d3e924f2532d1a42902a29faf90d597be76713244d86d1e0
door-relax-envelope-fdd35cee-chK0g/cases/chain_b-v6h.k0g_teacher_hR2_08_s911_pPOST_VhR2/case.json,2919,492f5a275f1c66bb3a867bc0ae77b9ed0959aad4edc46fe4183d1a9db36ba86c,492f5a275f1c66bb3a867bc0ae77b9ed0959aad4edc46fe4183d1a9db36ba86c
door-relax-envelope-fdd35cee-chK0g/cases/chain_b-v6h.k0g_teacher_hR2_08_s911_pPOST_VhR2/result.json,185709,f28fa5e6660ef048ee605996a34511849368ff6687a20ad36936c93ebc4f9e23,f28fa5e6660ef048ee605996a34511849368ff6687a20ad36936c93ebc4f9e23
door-relax-envelope-fdd35cee-chK0g/cases/chain_b-v6h.k0g_teacher_hR2_09_s911_pPOST_VhR2/case.json,2924,ef357c36fe21b8076de631911e9d6780ca2b351f1dd227867061a85e8a6bc4f7,ef357c36fe21b8076de631911e9d6780ca2b351f1dd227867061a85e8a6bc4f7
door-relax-envelope-fdd35cee-chK0g/cases/chain_b-v6h.k0g_teacher_hR2_09_s911_pPOST_VhR2/result.json,185247,d7198de0410784cc9f7fd33f466e39536cdeb69ee81bcacfc59a4f7c76c3f7a6,d7198de0410784cc9f7fd33f466e39536cdeb69ee81bcacfc59a4f7c76c3f7a6
door-relax-envelope-fdd35cee-chK0g/cases/chain_b-v6h.k0g_teacher_hR2_10_s911_pPOST_VhR2/case.json,2923,aa91059e7443f5c3a7f4a473ace9ccd42c3921946b33df56906a2c8dce4d2683,aa91059e7443f5c3a7f4a473ace9ccd42c3921946b33df56906a2c8dce4d2683
door-relax-envelope-fdd35cee-chK0g/cases/chain_b-v6h.k0g_teacher_hR2_10_s911_pPOST_VhR2/result.json,185270,260d86e221517cc0c98608dacb1fa749b6f25ade1e4d4e2ed387b689a96bf7d4,260d86e221517cc0c98608dacb1fa749b6f25ade1e4d4e2ed387b689a96bf7d4
door-relax-envelope-fdd35cee-chK0gP1/manifest.json,168157,496fc1bf7fa0f796c8c6c94b750869ae863a9a40e3772dfa483a12ba73799504,
door-relax-envelope-fdd35cee-chK0gP1/cases.jsonl,88712,9d5ab090221dda0d5266d37f824b8f37b45a2293ec25ad1b9a814cd1caa72f8c,9d5ab090221dda0d5266d37f824b8f37b45a2293ec25ad1b9a814cd1caa72f8c
door-relax-envelope-fdd35cee-chK0gP1/artifacts.sha256.json,2825258,25f92f8fcd54822258f5705897e1fb78f0712e9fa4005f95d28d3402597fee78,
door-relax-envelope-fdd35cee-chK0gP1/plan.json,33839,32240b0682a6e75b7382d6001e7bc181790f85de03d26fb68b311bbb2c28c0bb,
door-relax-envelope-fdd35cee-chK0gP1/cases/chain_b-v6h.k0g+p1_teacher_hR2_03_s911_pPOST_VhR2/case.json,2951,f72edcc06f3d954e0aad0ff1c697b8c716ab974dbe41516f923a85b5e4faf95f,f72edcc06f3d954e0aad0ff1c697b8c716ab974dbe41516f923a85b5e4faf95f
door-relax-envelope-fdd35cee-chK0gP1/cases/chain_b-v6h.k0g+p1_teacher_hR2_03_s911_pPOST_VhR2/result.json,202868,fb4602ec12d12cf91fcd78ec4a7648e2c50f4e49c919d897957ea47e228e1635,fb4602ec12d12cf91fcd78ec4a7648e2c50f4e49c919d897957ea47e228e1635
door-relax-envelope-fdd35cee-chK0gP1/cases/chain_b-v6h.k0g+p1_teacher_hR2_02_s911_pPOST_VhR2/case.json,2957,f0ccd9bd20c253e2ebcbecbae6a17532be051847d5bc2f84dd6177b3e7f4536d,f0ccd9bd20c253e2ebcbecbae6a17532be051847d5bc2f84dd6177b3e7f4536d
door-relax-envelope-fdd35cee-chK0gP1/cases/chain_b-v6h.k0g+p1_teacher_hR2_02_s911_pPOST_VhR2/result.json,202816,b73e185ab925a9c2943bddf03e69cc393ce993b94f63aa681a529aad6286a4cd,b73e185ab925a9c2943bddf03e69cc393ce993b94f63aa681a529aad6286a4cd
door-relax-envelope-fdd35cee-chK0gP1/cases/chain_b-v6h.k0g+p1_teacher_hR2_01_s911_pPOST_VhR2/case.json,2955,db17742cc3d359fca58984c5b309bd5044f84493424c417676564283e5c3fa5c,db17742cc3d359fca58984c5b309bd5044f84493424c417676564283e5c3fa5c
door-relax-envelope-fdd35cee-chK0gP1/cases/chain_b-v6h.k0g+p1_teacher_hR2_01_s911_pPOST_VhR2/result.json,203289,cf99af7fa69dca995b272da9c4d9db09a50d6b3d4f66c9f75bece40f5ef89ad0,cf99af7fa69dca995b272da9c4d9db09a50d6b3d4f66c9f75bece40f5ef89ad0
door-relax-envelope-fdd35cee-chK0gP1/cases/chain_b-v6h.k0g+p1_teacher_hR2_04_s911_pPOST_VhR2/case.json,2957,860be8e725f11e304194ddb596db9c61432b8f3ff57d901734641abf748e2996,860be8e725f11e304194ddb596db9c61432b8f3ff57d901734641abf748e2996
door-relax-envelope-fdd35cee-chK0gP1/cases/chain_b-v6h.k0g+p1_teacher_hR2_04_s911_pPOST_VhR2/result.json,206065,92df0c5527c0d53bc1a98c0ef3827a9db1c9bfb393b58c203d7a90abd2886d89,92df0c5527c0d53bc1a98c0ef3827a9db1c9bfb393b58c203d7a90abd2886d89
door-relax-envelope-fdd35cee-chK0gP1/cases/chain_b-v6h.k0g+p1_teacher_hR2_05_s911_pPOST_VhR2/case.json,2955,ea13163fe14b1e00258af2b2ba0b23298b52f40a2877ad1274ee89ba46649d1c,ea13163fe14b1e00258af2b2ba0b23298b52f40a2877ad1274ee89ba46649d1c
door-relax-envelope-fdd35cee-chK0gP1/cases/chain_b-v6h.k0g+p1_teacher_hR2_05_s911_pPOST_VhR2/result.json,206117,b10626a83a8eaf5b4f53fa4f30c6c10be3483f43ceb136dc6ee992d0c3f69064,b10626a83a8eaf5b4f53fa4f30c6c10be3483f43ceb136dc6ee992d0c3f69064
door-relax-envelope-fdd35cee-chK0gP1/cases/chain_b-v6h.k0g+p1_teacher_hR2_06_s911_pPOST_VhR2/case.json,2954,8b61ae0c69f4b252b9aa3572897a1ceac639b737953e9c2ee83fae02a2b2b67c,8b61ae0c69f4b252b9aa3572897a1ceac639b737953e9c2ee83fae02a2b2b67c
door-relax-envelope-fdd35cee-chK0gP1/cases/chain_b-v6h.k0g+p1_teacher_hR2_06_s911_pPOST_VhR2/result.json,206073,64a790a43666825aba0d380b77f03e14b8a6ea8eb9f7d7d5f5cdfa7c47da7b56,64a790a43666825aba0d380b77f03e14b8a6ea8eb9f7d7d5f5cdfa7c47da7b56
door-relax-envelope-fdd35cee-chK0gP1/cases/chain_b-v6h.k0g+p1_teacher_hR2_07_s911_pPOST_VhR2/case.json,2958,c6d41362a4cdbcd7619a33b7070b841ac40d5d14825cfd9ab2c03f2aa8656f55,c6d41362a4cdbcd7619a33b7070b841ac40d5d14825cfd9ab2c03f2aa8656f55
door-relax-envelope-fdd35cee-chK0gP1/cases/chain_b-v6h.k0g+p1_teacher_hR2_07_s911_pPOST_VhR2/result.json,202807,0e0e54345f7e7ca35f41c033abd7bc09b042e5bb21c2303882353417055b8720,0e0e54345f7e7ca35f41c033abd7bc09b042e5bb21c2303882353417055b8720
door-relax-envelope-fdd35cee-chK0gP1/cases/chain_b-v6h.k0g+p1_teacher_hR2_08_s911_pPOST_VhR2/case.json,2948,d49c33417db7e12fcb241a1354027e6e21c12b5887a2659cfdcdb565bbb35d9a,d49c33417db7e12fcb241a1354027e6e21c12b5887a2659cfdcdb565bbb35d9a
door-relax-envelope-fdd35cee-chK0gP1/cases/chain_b-v6h.k0g+p1_teacher_hR2_08_s911_pPOST_VhR2/result.json,202846,23694d463139835671d2eccfc2b14619bf15bf10d9b1b62da9275f225e950207,23694d463139835671d2eccfc2b14619bf15bf10d9b1b62da9275f225e950207
door-relax-envelope-fdd35cee-chK0gP1/cases/chain_b-v6h.k0g+p1_teacher_hR2_09_s911_pPOST_VhR2/case.json,2953,07fb6238f2a3ebf1fc9a8b2a9b45f7d6519802e3dcab30be48be1e42c44c092e,07fb6238f2a3ebf1fc9a8b2a9b45f7d6519802e3dcab30be48be1e42c44c092e
door-relax-envelope-fdd35cee-chK0gP1/cases/chain_b-v6h.k0g+p1_teacher_hR2_09_s911_pPOST_VhR2/result.json,202869,8f932224dcb535c7c195645898c75c098de4307e94a95375486f3c85521c5240,8f932224dcb535c7c195645898c75c098de4307e94a95375486f3c85521c5240
door-relax-envelope-fdd35cee-chK0gP1/cases/chain_b-v6h.k0g+p1_teacher_hR2_10_s911_pPOST_VhR2/case.json,2952,3852505ec9c04229599a25c61f9e0a4c99dd5dfaa708111bca7a990290819542,3852505ec9c04229599a25c61f9e0a4c99dd5dfaa708111bca7a990290819542
door-relax-envelope-fdd35cee-chK0gP1/cases/chain_b-v6h.k0g+p1_teacher_hR2_10_s911_pPOST_VhR2/result.json,202905,2d2e6f9e04ff116e90ab0d34b5ed1c54f5837659b7d98f3f2c0606075e51b04a,2d2e6f9e04ff116e90ab0d34b5ed1c54f5837659b7d98f3f2c0606075e51b04a
door-relax-envelope-fdd35cee-chK1P1/manifest.json,168158,2950c86c3b04494a1d7fc770551cb01bb2f9115c42ff2fae57f219f617301fed,
door-relax-envelope-fdd35cee-chK1P1/cases.jsonl,84606,e0079dc09c68b5bd4448cd54bf99c659c331dd2eed388135be8db3c38d7c1364,e0079dc09c68b5bd4448cd54bf99c659c331dd2eed388135be8db3c38d7c1364
door-relax-envelope-fdd35cee-chK1P1/artifacts.sha256.json,2805424,25a728c71e37c7e2993229428db50d68658523f9c23ff8e5fb2c17a47cbfa840,
door-relax-envelope-fdd35cee-chK1P1/plan.json,33819,ad96e541d0f0fceb4df0905d2568a6fafcd3d8916111111ecab6d66128a3fdb8,
door-relax-envelope-fdd35cee-chK1P1/cases/chain_b-v6h.k1+p1_teacher_hR2_03_s911_pPOST_VhR2/case.json,2949,1247fb9918c5bb295550411b91b3126ea167b75d347f032e58ed4a788a793175,1247fb9918c5bb295550411b91b3126ea167b75d347f032e58ed4a788a793175
door-relax-envelope-fdd35cee-chK1P1/cases/chain_b-v6h.k1+p1_teacher_hR2_03_s911_pPOST_VhR2/result.json,202771,25c20bcab2b7da4155a2fc9cfc2cd5a0fc5645463389b28de5bfa2c96bbcf020,25c20bcab2b7da4155a2fc9cfc2cd5a0fc5645463389b28de5bfa2c96bbcf020
door-relax-envelope-fdd35cee-chK1P1/cases/chain_b-v6h.k1+p1_teacher_hR2_02_s911_pPOST_VhR2/case.json,2955,b0a3852930e766ae408ad95c293e5035be7b43e947f6785cadfba6faf6db9b3d,b0a3852930e766ae408ad95c293e5035be7b43e947f6785cadfba6faf6db9b3d
door-relax-envelope-fdd35cee-chK1P1/cases/chain_b-v6h.k1+p1_teacher_hR2_02_s911_pPOST_VhR2/result.json,202720,c4bcde8e889465531b06c840e7234dd6ca42890832c213d942c1c295e9b51b83,c4bcde8e889465531b06c840e7234dd6ca42890832c213d942c1c295e9b51b83
door-relax-envelope-fdd35cee-chK1P1/cases/chain_b-v6h.k1+p1_teacher_hR2_01_s911_pPOST_VhR2/case.json,2953,654c14d875520d9506f663b823f4b30b4c542c9048dd1db7076342d5feaf1426,654c14d875520d9506f663b823f4b30b4c542c9048dd1db7076342d5feaf1426
door-relax-envelope-fdd35cee-chK1P1/cases/chain_b-v6h.k1+p1_teacher_hR2_01_s911_pPOST_VhR2/result.json,203209,cafcdea803bc9981c32375b190f01fe2ef37795cb9e7cfc13728ceda0401c4df,cafcdea803bc9981c32375b190f01fe2ef37795cb9e7cfc13728ceda0401c4df
door-relax-envelope-fdd35cee-chK1P1/cases/chain_b-v6h.k1+p1_teacher_hR2_04_s911_pPOST_VhR2/case.json,2955,86facc7baf9facf6723cae6ec23d542f2207368178da462b990afd19e91a4e8a,86facc7baf9facf6723cae6ec23d542f2207368178da462b990afd19e91a4e8a
door-relax-envelope-fdd35cee-chK1P1/cases/chain_b-v6h.k1+p1_teacher_hR2_04_s911_pPOST_VhR2/result.json,205965,d2da75152d591e72ee3727b67d42b6a5743d6048d1dd076a4550039f1284f803,d2da75152d591e72ee3727b67d42b6a5743d6048d1dd076a4550039f1284f803
door-relax-envelope-fdd35cee-chK1P1/cases/chain_b-v6h.k1+p1_teacher_hR2_05_s911_pPOST_VhR2/case.json,2953,da66487dda2057f3e9e2628e4915f3ece06549d91c01ac246dbaea6e7ef1da9a,da66487dda2057f3e9e2628e4915f3ece06549d91c01ac246dbaea6e7ef1da9a
door-relax-envelope-fdd35cee-chK1P1/cases/chain_b-v6h.k1+p1_teacher_hR2_05_s911_pPOST_VhR2/result.json,199065,dcf82a0ec7bb3bff84e5f051a5146c011b711696e912ac320a2a2c073c721bf7,dcf82a0ec7bb3bff84e5f051a5146c011b711696e912ac320a2a2c073c721bf7
door-relax-envelope-fdd35cee-chK1P1/cases/chain_b-v6h.k1+p1_teacher_hR2_06_s911_pPOST_VhR2/case.json,2952,ac0f475aeeb021904367367a2dd543a3f946ae58b3450d688b535f6ef1702433,ac0f475aeeb021904367367a2dd543a3f946ae58b3450d688b535f6ef1702433
door-relax-envelope-fdd35cee-chK1P1/cases/chain_b-v6h.k1+p1_teacher_hR2_06_s911_pPOST_VhR2/result.json,198540,60bb955facaa2d91a24056dafdc460ef679a3f17418bd1be18736c5359881e8f,60bb955facaa2d91a24056dafdc460ef679a3f17418bd1be18736c5359881e8f
door-relax-envelope-fdd35cee-chK1P1/cases/chain_b-v6h.k1+p1_teacher_hR2_09_s911_pPOST_VhR2/case.json,2951,9f82dd041218c712c48c2ef2c9ca7753c5c95feaa38eb836e4a8cb0f4fc48190,9f82dd041218c712c48c2ef2c9ca7753c5c95feaa38eb836e4a8cb0f4fc48190
door-relax-envelope-fdd35cee-chK1P1/cases/chain_b-v6h.k1+p1_teacher_hR2_09_s911_pPOST_VhR2/result.json,195803,ed00b270a913e1e30e1bda17a77274f1fa253b6d381493d2295d271fde627256,ed00b270a913e1e30e1bda17a77274f1fa253b6d381493d2295d271fde627256
door-relax-envelope-fdd35cee-chK1P1/cases/chain_b-v6h.k1+p1_teacher_hR2_07_s911_pPOST_VhR2/case.json,2956,ebf44fe4f1a29b6b632855a2295932bbb3a30a5c06187400e64bf68266016e9f,ebf44fe4f1a29b6b632855a2295932bbb3a30a5c06187400e64bf68266016e9f
door-relax-envelope-fdd35cee-chK1P1/cases/chain_b-v6h.k1+p1_teacher_hR2_07_s911_pPOST_VhR2/result.json,195990,718c176d7db7d297e458ab2bce3aaf65f44b23b7463e4c9cd8ab262bf6bd64cc,718c176d7db7d297e458ab2bce3aaf65f44b23b7463e4c9cd8ab262bf6bd64cc
door-relax-envelope-fdd35cee-chK1P1/cases/chain_b-v6h.k1+p1_teacher_hR2_08_s911_pPOST_VhR2/case.json,2946,651144745193bc9c329d22d7a7593e3dfb67c95eedf3dbb5410c182499f2fc44,651144745193bc9c329d22d7a7593e3dfb67c95eedf3dbb5410c182499f2fc44
door-relax-envelope-fdd35cee-chK1P1/cases/chain_b-v6h.k1+p1_teacher_hR2_08_s911_pPOST_VhR2/result.json,196030,bb035dfcce48584b9982db156ab791d5d95891239d75ab30184061b8dda6b5a7,bb035dfcce48584b9982db156ab791d5d95891239d75ab30184061b8dda6b5a7
door-relax-envelope-fdd35cee-chK1P1/cases/chain_b-v6h.k1+p1_teacher_hR2_10_s911_pPOST_VhR2/case.json,2950,21878d1abbdf113ca9ace61a062e180f681ba8a3286f59db4e5eaf845803e037,21878d1abbdf113ca9ace61a062e180f681ba8a3286f59db4e5eaf845803e037
door-relax-envelope-fdd35cee-chK1P1/cases/chain_b-v6h.k1+p1_teacher_hR2_10_s911_pPOST_VhR2/result.json,202782,7f82d93c4dc74607dac18562c7a0a1bc2a555d5361fe4546daa6fcb39f097228,7f82d93c4dc74607dac18562c7a0a1bc2a555d5361fe4546daa6fcb39f097228
door-relax-envelope-fdd35cee-chK1g/manifest.json,168146,4d9a301acd010c3d7a24d71ed8057d581e1eec9fe2f88a3b5070a976287783a1,
door-relax-envelope-fdd35cee-chK1g/cases.jsonl,163170,761fb25f7528fe076d1108f49e23d205041017cd10896d443a62d21353a9b2a7,761fb25f7528fe076d1108f49e23d205041017cd10896d443a62d21353a9b2a7
door-relax-envelope-fdd35cee-chK1g/artifacts.sha256.json,4720175,e0440ce2c63215bc7cb86ca242239a03d789d50982cd48334c47d31575391bfa,
door-relax-envelope-fdd35cee-chK1g/plan.json,66899,8d20b0a2c06a6470cc210d00097611d1f326f02f2e6e17f8249fd51d7aeda44a,
door-relax-envelope-fdd35cee-chK1g/cases/chain_b-v6h.k1g_teacher_hR2_02_s911_pPOST_VhR2/case.json,2928,ea71bc00f2aa95b2bcae1e10e99f8faf7dac93458bea79bf20b75838e5c57b8d,ea71bc00f2aa95b2bcae1e10e99f8faf7dac93458bea79bf20b75838e5c57b8d
door-relax-envelope-fdd35cee-chK1g/cases/chain_b-v6h.k1g_teacher_hR2_02_s911_pPOST_VhR2/result.json,185270,783441c1ed1d2dbcf702bad02da8dea5b65d5ac4d75fb148b174726068783df1,783441c1ed1d2dbcf702bad02da8dea5b65d5ac4d75fb148b174726068783df1
door-relax-envelope-fdd35cee-chK1g/cases/chain_b-v6h.k1g_teacher_hR2_01_s912_pPOST_VhR2/case.json,2926,313de35d9c435506cd02b218e951634a583d0d1041c4a10ff9872fdb70a29336,313de35d9c435506cd02b218e951634a583d0d1041c4a10ff9872fdb70a29336
door-relax-envelope-fdd35cee-chK1g/cases/chain_b-v6h.k1g_teacher_hR2_01_s912_pPOST_VhR2/result.json,185648,14cf7b6267534eacb0afdf81404f20ca9e2647cb199cb3ccaeb9b570f7c1b200,14cf7b6267534eacb0afdf81404f20ca9e2647cb199cb3ccaeb9b570f7c1b200
door-relax-envelope-fdd35cee-chK1g/cases/chain_b-v6h.k1g_teacher_hR2_01_s911_pPOST_VhR2/case.json,2926,3b21241e26eabead21e1eb771f52b45f0893459cb08c99f23f9406481b454b55,3b21241e26eabead21e1eb771f52b45f0893459cb08c99f23f9406481b454b55
door-relax-envelope-fdd35cee-chK1g/cases/chain_b-v6h.k1g_teacher_hR2_01_s911_pPOST_VhR2/result.json,185734,4c24e5f188892d8b7992f049a89cdc6afb2254ad0fdaf621c5ce1a4fa3d040d8,4c24e5f188892d8b7992f049a89cdc6afb2254ad0fdaf621c5ce1a4fa3d040d8
door-relax-envelope-fdd35cee-chK1g/cases/chain_b-v6h.k1g_teacher_hR2_03_s911_pPOST_VhR2/case.json,2922,0b9d40d047361e449f193f813feca02a38004ce71240c44ef418b0637c0bb3fa,0b9d40d047361e449f193f813feca02a38004ce71240c44ef418b0637c0bb3fa
door-relax-envelope-fdd35cee-chK1g/cases/chain_b-v6h.k1g_teacher_hR2_03_s911_pPOST_VhR2/result.json,185335,be823fa447539c2d8af1013b9353b4344df72ddf8ea11ad8eac28cf129209f1b,be823fa447539c2d8af1013b9353b4344df72ddf8ea11ad8eac28cf129209f1b
door-relax-envelope-fdd35cee-chK1g/cases/chain_b-v6h.k1g_teacher_hR2_02_s912_pPOST_VhR2/case.json,2928,35dde28c5a0fb5bf5a6d6dd66c3be5173632eba891c203b1706c76067f0e02f6,35dde28c5a0fb5bf5a6d6dd66c3be5173632eba891c203b1706c76067f0e02f6
door-relax-envelope-fdd35cee-chK1g/cases/chain_b-v6h.k1g_teacher_hR2_02_s912_pPOST_VhR2/result.json,184799,325e2d147e4dd9ae3485dd8fc353e8eb914db651fadefc7b384b20dbb349f19e,325e2d147e4dd9ae3485dd8fc353e8eb914db651fadefc7b384b20dbb349f19e
door-relax-envelope-fdd35cee-chK1g/cases/chain_b-v6h.k1g_teacher_hR2_03_s912_pPOST_VhR2/case.json,2922,276a56b944a0199604ef94723d5402382e7204333e583078050ae48a6e404802,276a56b944a0199604ef94723d5402382e7204333e583078050ae48a6e404802
door-relax-envelope-fdd35cee-chK1g/cases/chain_b-v6h.k1g_teacher_hR2_03_s912_pPOST_VhR2/result.json,185335,a187def0b8dade9b6e61eac88d77491e07b7997d0731ff5754107812cd908ad0,a187def0b8dade9b6e61eac88d77491e07b7997d0731ff5754107812cd908ad0
door-relax-envelope-fdd35cee-chK1g/cases/chain_b-v6h.k1g_teacher_hR2_04_s911_pPOST_VhR2/case.json,2928,7b5e793ed7fce3cfaa1d791b7c420606feaa2f2dc29ce4d350d30e954907d629,7b5e793ed7fce3cfaa1d791b7c420606feaa2f2dc29ce4d350d30e954907d629
door-relax-envelope-fdd35cee-chK1g/cases/chain_b-v6h.k1g_teacher_hR2_04_s911_pPOST_VhR2/result.json,186193,aa9ee5c8f6f98b07a689423b7c5e4d253065b0017abe676b5fea51541cf885fb,aa9ee5c8f6f98b07a689423b7c5e4d253065b0017abe676b5fea51541cf885fb
door-relax-envelope-fdd35cee-chK1g/cases/chain_b-v6h.k1g_teacher_hR2_05_s911_pPOST_VhR2/case.json,2926,1efb096330f0953528dc59620642931bd9de8560fda17e6cdfc40c8ba7bfa883,1efb096330f0953528dc59620642931bd9de8560fda17e6cdfc40c8ba7bfa883
door-relax-envelope-fdd35cee-chK1g/cases/chain_b-v6h.k1g_teacher_hR2_05_s911_pPOST_VhR2/result.json,186230,db77d153e053b8337137f873ea8c2b3a25023f527127728f3e386a01badf436b,db77d153e053b8337137f873ea8c2b3a25023f527127728f3e386a01badf436b
door-relax-envelope-fdd35cee-chK1g/cases/chain_b-v6h.k1g_teacher_hR2_04_s912_pPOST_VhR2/case.json,2928,2b2c335f249ef48f353f528832c17d0e0c5a7a83d4c7ed574dd617311fdf565e,2b2c335f249ef48f353f528832c17d0e0c5a7a83d4c7ed574dd617311fdf565e
door-relax-envelope-fdd35cee-chK1g/cases/chain_b-v6h.k1g_teacher_hR2_04_s912_pPOST_VhR2/result.json,186180,d91be2e6c3fa5cc32ad315ed6af1673ccb822c2d0171344a372f905ef1fe77d5,d91be2e6c3fa5cc32ad315ed6af1673ccb822c2d0171344a372f905ef1fe77d5
door-relax-envelope-fdd35cee-chK1g/cases/chain_b-v6h.k1g_teacher_hR2_06_s912_pPOST_VhR2/case.json,2925,10344281cbc33819911b323abc35a9d8233df118ea56406c51394f7b0e551e0c,10344281cbc33819911b323abc35a9d8233df118ea56406c51394f7b0e551e0c
door-relax-envelope-fdd35cee-chK1g/cases/chain_b-v6h.k1g_teacher_hR2_06_s912_pPOST_VhR2/result.json,186105,177e67071519e91aa718b614913eab89c6897cf4fe28930b7e68710c71d13c46,177e67071519e91aa718b614913eab89c6897cf4fe28930b7e68710c71d13c46
door-relax-envelope-fdd35cee-chK1g/cases/chain_b-v6h.k1g_teacher_hR2_06_s911_pPOST_VhR2/case.json,2925,8eb990f498d70c77ba77bdf7ac384df2622bc4301d29b31247ad52c17fe90306,8eb990f498d70c77ba77bdf7ac384df2622bc4301d29b31247ad52c17fe90306
door-relax-envelope-fdd35cee-chK1g/cases/chain_b-v6h.k1g_teacher_hR2_06_s911_pPOST_VhR2/result.json,186216,bc3db5e249a68d4c6f4d08f45e65b6e308932d098cec5b6b365b376fd85b1233,bc3db5e249a68d4c6f4d08f45e65b6e308932d098cec5b6b365b376fd85b1233
door-relax-envelope-fdd35cee-chK1g/cases/chain_b-v6h.k1g_teacher_hR2_05_s912_pPOST_VhR2/case.json,2926,8413c2bf607cbe096d6511976c530bc3ce0177549d7a555a2c3586e0d248a285,8413c2bf607cbe096d6511976c530bc3ce0177549d7a555a2c3586e0d248a285
door-relax-envelope-fdd35cee-chK1g/cases/chain_b-v6h.k1g_teacher_hR2_05_s912_pPOST_VhR2/result.json,186698,e7585eb9c8d9d7649ce6f85aff5d7dfd1735bea21c93c68a80913c46cd11d8ce,e7585eb9c8d9d7649ce6f85aff5d7dfd1735bea21c93c68a80913c46cd11d8ce
door-relax-envelope-fdd35cee-chK1g/cases/chain_b-v6h.k1g_teacher_hR2_07_s912_pPOST_VhR2/case.json,2929,a2316d93d8ea13fcd73871d3c5dc7c36e438b7409444b2b284b704a21a87cbe7,a2316d93d8ea13fcd73871d3c5dc7c36e438b7409444b2b284b704a21a87cbe7
door-relax-envelope-fdd35cee-chK1g/cases/chain_b-v6h.k1g_teacher_hR2_07_s912_pPOST_VhR2/result.json,185269,663678864287536e498c4385d8677e4d221cdd82ef4a4ac75005092c60eb4932,663678864287536e498c4385d8677e4d221cdd82ef4a4ac75005092c60eb4932
door-relax-envelope-fdd35cee-chK1g/cases/chain_b-v6h.k1g_teacher_hR2_07_s911_pPOST_VhR2/case.json,2929,3ee81686bf1b228036dc2122c55d55add38a9ec774e5ac58cedf70696efa76e7,3ee81686bf1b228036dc2122c55d55add38a9ec774e5ac58cedf70696efa76e7
door-relax-envelope-fdd35cee-chK1g/cases/chain_b-v6h.k1g_teacher_hR2_07_s911_pPOST_VhR2/result.json,185243,b401b4955deb15379d2a84a0ca869b6902084a75d063eafe1911086128b56758,b401b4955deb15379d2a84a0ca869b6902084a75d063eafe1911086128b56758
door-relax-envelope-fdd35cee-chK1g/cases/chain_b-v6h.k1g_teacher_hR2_08_s911_pPOST_VhR2/case.json,2919,fe8fa9c5ef8e0722db8ef88b73e82cf52f0754d027d0eabd99c11d4b159fba13,fe8fa9c5ef8e0722db8ef88b73e82cf52f0754d027d0eabd99c11d4b159fba13
door-relax-envelope-fdd35cee-chK1g/cases/chain_b-v6h.k1g_teacher_hR2_08_s911_pPOST_VhR2/result.json,185787,6095a67655f9a5f1822816a6938822a881529807be0f3f0a2e97b30214e53ad7,6095a67655f9a5f1822816a6938822a881529807be0f3f0a2e97b30214e53ad7
door-relax-envelope-fdd35cee-chK1g/cases/chain_b-v6h.k1g_teacher_hR2_09_s911_pPOST_VhR2/case.json,2924,1fec4bc652f3c65c1bebd24b6fec4d8fb42f7ae6e869d2ed42ff289b0f8e35b6,1fec4bc652f3c65c1bebd24b6fec4d8fb42f7ae6e869d2ed42ff289b0f8e35b6
door-relax-envelope-fdd35cee-chK1g/cases/chain_b-v6h.k1g_teacher_hR2_09_s911_pPOST_VhR2/result.json,185322,e091eb1e0ac81285b3f559bf2dcdd6168bb6b108335079c3f6de6fc6b53df402,e091eb1e0ac81285b3f559bf2dcdd6168bb6b108335079c3f6de6fc6b53df402
door-relax-envelope-fdd35cee-chK1g/cases/chain_b-v6h.k1g_teacher_hR2_09_s912_pPOST_VhR2/case.json,2924,53240c17634820652d86631bd617def709a6eb26e1f5bfaf870111d0abd242b7,53240c17634820652d86631bd617def709a6eb26e1f5bfaf870111d0abd242b7
door-relax-envelope-fdd35cee-chK1g/cases/chain_b-v6h.k1g_teacher_hR2_09_s912_pPOST_VhR2/result.json,185371,7ab29ded3711662cf35c2b71d30bc8360555942ab81d7f2ed8259f6db57f7d80,7ab29ded3711662cf35c2b71d30bc8360555942ab81d7f2ed8259f6db57f7d80
door-relax-envelope-fdd35cee-chK1g/cases/chain_b-v6h.k1g_teacher_hR2_08_s912_pPOST_VhR2/case.json,2919,ff6e491194d1e3ce844d0e9509b581eb0d4f7c4317216888e9168f3bf9738c8c,ff6e491194d1e3ce844d0e9509b581eb0d4f7c4317216888e9168f3bf9738c8c
door-relax-envelope-fdd35cee-chK1g/cases/chain_b-v6h.k1g_teacher_hR2_08_s912_pPOST_VhR2/result.json,185263,67e2c804c40838339fd83d8fe947ae99f10eb724ce2171df4fd17fa6ab6de58f,67e2c804c40838339fd83d8fe947ae99f10eb724ce2171df4fd17fa6ab6de58f
door-relax-envelope-fdd35cee-chK1g/cases/chain_b-v6h.k1g_teacher_hR2_10_s911_pPOST_VhR2/case.json,2923,5f83d21eddacac10fb75002c2a70ddbc239ce35d493b828a3e6e402076c46993,5f83d21eddacac10fb75002c2a70ddbc239ce35d493b828a3e6e402076c46993
door-relax-envelope-fdd35cee-chK1g/cases/chain_b-v6h.k1g_teacher_hR2_10_s911_pPOST_VhR2/result.json,185327,f9a5916cb69b51ec0e05a082fba83c43909dbad5fc4caf5b026c9aa19be50cda,f9a5916cb69b51ec0e05a082fba83c43909dbad5fc4caf5b026c9aa19be50cda
door-relax-envelope-fdd35cee-chK1g/cases/chain_b-v6h.k1g_teacher_hR2_10_s912_pPOST_VhR2/case.json,2923,859d7d4b1f377814fec813abef31ca453b45b61827c1aeb893507650eff44577,859d7d4b1f377814fec813abef31ca453b45b61827c1aeb893507650eff44577
door-relax-envelope-fdd35cee-chK1g/cases/chain_b-v6h.k1g_teacher_hR2_10_s912_pPOST_VhR2/result.json,185314,1e4743e0cb314c20ba219f4f9bc8019b851a46808a6afa70a08ef0e72e72d938,1e4743e0cb314c20ba219f4f9bc8019b851a46808a6afa70a08ef0e72e72d938
door-relax-envelope-fdd35cee-chK1gP1/manifest.json,168159,bf52210dbd6f49a65ff5f5b44f8ff1e115196cf8c012a36fccf22600aa7801dc,
door-relax-envelope-fdd35cee-chK1gP1/cases.jsonl,177479,37fa1f7991f298c9487e7479e5238d348b90f971aa07f26f66269362b67ea8f4,37fa1f7991f298c9487e7479e5238d348b90f971aa07f26f66269362b67ea8f4
door-relax-envelope-fdd35cee-chK1gP1/artifacts.sha256.json,5650013,20754573eb0e957e5e054ba6cbef1d7d690bd0f1e092bf20f855a6ebb9d7c034,
door-relax-envelope-fdd35cee-chK1gP1/plan.json,67559,d7e8f8eedd4b49ae9d05114290e39057a959c428baf5dc95aa6470b9f6931695,
door-relax-envelope-fdd35cee-chK1gP1/cases/chain_b-v6h.k1g+p1_teacher_hR2_02_s911_pPOST_VhR2/case.json,2957,4191e905a23d65d6a3bbaa0e8edcb9492cce626fb7fc2bcf5e09f52bb4af3bde,4191e905a23d65d6a3bbaa0e8edcb9492cce626fb7fc2bcf5e09f52bb4af3bde
door-relax-envelope-fdd35cee-chK1gP1/cases/chain_b-v6h.k1g+p1_teacher_hR2_02_s911_pPOST_VhR2/result.json,202895,0171910a77f97fff817c4bdcd6d782316a061243779c174c649cd5b297438148,0171910a77f97fff817c4bdcd6d782316a061243779c174c649cd5b297438148
door-relax-envelope-fdd35cee-chK1gP1/cases/chain_b-v6h.k1g+p1_teacher_hR2_01_s912_pPOST_VhR2/case.json,2955,1a2e62becbf287c5e179cd2399f6525bcf55158947e0678bd555a52c76800e7e,1a2e62becbf287c5e179cd2399f6525bcf55158947e0678bd555a52c76800e7e
door-relax-envelope-fdd35cee-chK1gP1/cases/chain_b-v6h.k1g+p1_teacher_hR2_01_s912_pPOST_VhR2/result.json,203324,04fccb3b79da6d97040961fb89f11658d5992cd9bd18020bb633c81e771a38b7,04fccb3b79da6d97040961fb89f11658d5992cd9bd18020bb633c81e771a38b7
door-relax-envelope-fdd35cee-chK1gP1/cases/chain_b-v6h.k1g+p1_teacher_hR2_01_s911_pPOST_VhR2/case.json,2955,713bedc87e39d360f94d41e27fa0e5e9ea08ab7672453d8bc3f38455a70c6c1d,713bedc87e39d360f94d41e27fa0e5e9ea08ab7672453d8bc3f38455a70c6c1d
door-relax-envelope-fdd35cee-chK1gP1/cases/chain_b-v6h.k1g+p1_teacher_hR2_01_s911_pPOST_VhR2/result.json,203378,adc36db8ce02ab1d67fe6be1a9d2da52a598a1f90877c3fe7e3d218457479485,adc36db8ce02ab1d67fe6be1a9d2da52a598a1f90877c3fe7e3d218457479485
door-relax-envelope-fdd35cee-chK1gP1/cases/chain_b-v6h.k1g+p1_teacher_hR2_02_s912_pPOST_VhR2/case.json,2957,f9133c2b2d4b3c821aed25085a2878052f9327d96d47088e6be7a844aa38df2e,f9133c2b2d4b3c821aed25085a2878052f9327d96d47088e6be7a844aa38df2e
door-relax-envelope-fdd35cee-chK1gP1/cases/chain_b-v6h.k1g+p1_teacher_hR2_02_s912_pPOST_VhR2/result.json,202928,e4148e63b51d21963525f9b43544370a432969e04a4e2a654e0a687bb3ffb073,e4148e63b51d21963525f9b43544370a432969e04a4e2a654e0a687bb3ffb073
door-relax-envelope-fdd35cee-chK1gP1/cases/chain_b-v6h.k1g+p1_teacher_hR2_03_s911_pPOST_VhR2/case.json,2951,48c3d811604636eaf570ee025beff265a1aee3bfaeeae121bed5236ab934efef,48c3d811604636eaf570ee025beff265a1aee3bfaeeae121bed5236ab934efef
door-relax-envelope-fdd35cee-chK1gP1/cases/chain_b-v6h.k1g+p1_teacher_hR2_03_s911_pPOST_VhR2/result.json,202930,50f4ca9d3cd5f81f5755f3236f77abda0979ca6babc021e0266d2c1416647ffb,50f4ca9d3cd5f81f5755f3236f77abda0979ca6babc021e0266d2c1416647ffb
door-relax-envelope-fdd35cee-chK1gP1/cases/chain_b-v6h.k1g+p1_teacher_hR2_03_s912_pPOST_VhR2/case.json,2951,3677e2eb6de389e69e706c105e1e14c1b172aea8edc74ede3d54fc8cfe0c8e13,3677e2eb6de389e69e706c105e1e14c1b172aea8edc74ede3d54fc8cfe0c8e13
door-relax-envelope-fdd35cee-chK1gP1/cases/chain_b-v6h.k1g+p1_teacher_hR2_03_s912_pPOST_VhR2/result.json,202957,a49fc62ebafbee22f8a51a36391613804b02b91f8657d2a81c1e736f8c518194,a49fc62ebafbee22f8a51a36391613804b02b91f8657d2a81c1e736f8c518194
door-relax-envelope-fdd35cee-chK1gP1/cases/chain_b-v6h.k1g+p1_teacher_hR2_04_s911_pPOST_VhR2/case.json,2957,a45e048de662da6c773120e380eaf3d60421823000ee2a303120aa239fa4793c,a45e048de662da6c773120e380eaf3d60421823000ee2a303120aa239fa4793c
door-relax-envelope-fdd35cee-chK1gP1/cases/chain_b-v6h.k1g+p1_teacher_hR2_04_s911_pPOST_VhR2/result.json,206138,0d0de679510ce01c358709a60b4ee772deab8053fe8c0ee426fb0f522d1f2111,0d0de679510ce01c358709a60b4ee772deab8053fe8c0ee426fb0f522d1f2111
door-relax-envelope-fdd35cee-chK1gP1/cases/chain_b-v6h.k1g+p1_teacher_hR2_05_s911_pPOST_VhR2/case.json,2955,3245a91adcfeb6adf43bdc3269fdd61ec60090c5e319ab8f197165637de26173,3245a91adcfeb6adf43bdc3269fdd61ec60090c5e319ab8f197165637de26173
door-relax-envelope-fdd35cee-chK1gP1/cases/chain_b-v6h.k1g+p1_teacher_hR2_05_s911_pPOST_VhR2/result.json,206181,becbad0e3a0d04159b8f558d50a42dd9731c32d9800f02ee9bd83d591cedb70c,becbad0e3a0d04159b8f558d50a42dd9731c32d9800f02ee9bd83d591cedb70c
door-relax-envelope-fdd35cee-chK1gP1/cases/chain_b-v6h.k1g+p1_teacher_hR2_04_s912_pPOST_VhR2/case.json,2957,8f660a757cd678df2a47259794df742a32f6a2ac0c85cd69c437c626b1dfc0ec,8f660a757cd678df2a47259794df742a32f6a2ac0c85cd69c437c626b1dfc0ec
door-relax-envelope-fdd35cee-chK1gP1/cases/chain_b-v6h.k1g+p1_teacher_hR2_04_s912_pPOST_VhR2/result.json,206140,3a3413bdf4e21ceea33c256d9c217c6dd39c598d9b8c7511cf925e85bd7980fd,3a3413bdf4e21ceea33c256d9c217c6dd39c598d9b8c7511cf925e85bd7980fd
door-relax-envelope-fdd35cee-chK1gP1/cases/chain_b-v6h.k1g+p1_teacher_hR2_05_s912_pPOST_VhR2/case.json,2955,c6b0891798f229fa302fd53ea021a67e849bd8a472374309f6d14220d60a73ed,c6b0891798f229fa302fd53ea021a67e849bd8a472374309f6d14220d60a73ed
door-relax-envelope-fdd35cee-chK1gP1/cases/chain_b-v6h.k1g+p1_teacher_hR2_05_s912_pPOST_VhR2/result.json,206143,8a914c3df6bf2d289d4d38188807de9fa047f74208425dac4fda8a142c563882,8a914c3df6bf2d289d4d38188807de9fa047f74208425dac4fda8a142c563882
door-relax-envelope-fdd35cee-chK1gP1/cases/chain_b-v6h.k1g+p1_teacher_hR2_06_s911_pPOST_VhR2/case.json,2954,a1d06e0a32374f961ffcd196f4c901927c5e814da9be9bf3bda6981847e0aa91,a1d06e0a32374f961ffcd196f4c901927c5e814da9be9bf3bda6981847e0aa91
door-relax-envelope-fdd35cee-chK1gP1/cases/chain_b-v6h.k1g+p1_teacher_hR2_06_s911_pPOST_VhR2/result.json,206161,ae3d7549c746cdd72f24e5ea7ce2751b8dade9aab022dc5c66ca1bed3cafbd98,ae3d7549c746cdd72f24e5ea7ce2751b8dade9aab022dc5c66ca1bed3cafbd98
door-relax-envelope-fdd35cee-chK1gP1/cases/chain_b-v6h.k1g+p1_teacher_hR2_06_s912_pPOST_VhR2/case.json,2954,92e89a8e5f07519908ce86df645f3de1dc6e5621956b4431bc166b8c5d4f22c3,92e89a8e5f07519908ce86df645f3de1dc6e5621956b4431bc166b8c5d4f22c3
door-relax-envelope-fdd35cee-chK1gP1/cases/chain_b-v6h.k1g+p1_teacher_hR2_06_s912_pPOST_VhR2/result.json,206057,a21776bfc88507992a59b4cc2090146021db56660cf949cf8d15a277f48c70b3,a21776bfc88507992a59b4cc2090146021db56660cf949cf8d15a277f48c70b3
door-relax-envelope-fdd35cee-chK1gP1/cases/chain_b-v6h.k1g+p1_teacher_hR2_07_s911_pPOST_VhR2/case.json,2958,ac76f603a11d73d32ae57dbbf7939e015fd0f095d5443f463606fb952ea06cca,ac76f603a11d73d32ae57dbbf7939e015fd0f095d5443f463606fb952ea06cca
door-relax-envelope-fdd35cee-chK1gP1/cases/chain_b-v6h.k1g+p1_teacher_hR2_07_s911_pPOST_VhR2/result.json,202891,bbe1cdc8f63789f1321c2c40cc951b8db8e8c5498b9c09030367d8a4ceaad969,bbe1cdc8f63789f1321c2c40cc951b8db8e8c5498b9c09030367d8a4ceaad969
door-relax-envelope-fdd35cee-chK1gP1/cases/chain_b-v6h.k1g+p1_teacher_hR2_07_s912_pPOST_VhR2/case.json,2958,d374e97d0441a95c570af3a2a64db4338cf5af053691efeb794463a4d3876d07,d374e97d0441a95c570af3a2a64db4338cf5af053691efeb794463a4d3876d07
door-relax-envelope-fdd35cee-chK1gP1/cases/chain_b-v6h.k1g+p1_teacher_hR2_07_s912_pPOST_VhR2/result.json,202918,37dd6304990bbb6e595e33d95907473b26be1227b04bed00b56d1540176a52a3,37dd6304990bbb6e595e33d95907473b26be1227b04bed00b56d1540176a52a3
door-relax-envelope-fdd35cee-chK1gP1/cases/chain_b-v6h.k1g+p1_teacher_hR2_08_s911_pPOST_VhR2/case.json,2948,8aed9e63c5f3f5dc11036a2bc1119033df31fee78b53580596c3224277fdcdc8,8aed9e63c5f3f5dc11036a2bc1119033df31fee78b53580596c3224277fdcdc8
door-relax-envelope-fdd35cee-chK1gP1/cases/chain_b-v6h.k1g+p1_teacher_hR2_08_s911_pPOST_VhR2/result.json,202926,24280bc4aa081ae266c4da045c67b7236368e48a11f52cee81715ccf79256304,24280bc4aa081ae266c4da045c67b7236368e48a11f52cee81715ccf79256304
door-relax-envelope-fdd35cee-chK1gP1/cases/chain_b-v6h.k1g+p1_teacher_hR2_08_s912_pPOST_VhR2/case.json,2948,6dd2dc9f10b4271db4ebc1b6da4e4a3cb0c121828654691da72c38a175383783,6dd2dc9f10b4271db4ebc1b6da4e4a3cb0c121828654691da72c38a175383783
door-relax-envelope-fdd35cee-chK1gP1/cases/chain_b-v6h.k1g+p1_teacher_hR2_08_s912_pPOST_VhR2/result.json,202905,604271d32c8ee929cb444aa9e3bfe2f7620ad4c6e649f8471cac008647d2b790,604271d32c8ee929cb444aa9e3bfe2f7620ad4c6e649f8471cac008647d2b790
door-relax-envelope-fdd35cee-chK1gP1/cases/chain_b-v6h.k1g+p1_teacher_hR2_09_s911_pPOST_VhR2/case.json,2953,707a29e62a1e08a8eb0ad42b8bfefd1e38bb087f1a64eea3057239360b6a41c0,707a29e62a1e08a8eb0ad42b8bfefd1e38bb087f1a64eea3057239360b6a41c0
door-relax-envelope-fdd35cee-chK1gP1/cases/chain_b-v6h.k1g+p1_teacher_hR2_09_s911_pPOST_VhR2/result.json,202952,4b0dffc569e9a80943298baae39949dbf30353b4a5dab407fd4b142bd5d59766,4b0dffc569e9a80943298baae39949dbf30353b4a5dab407fd4b142bd5d59766
door-relax-envelope-fdd35cee-chK1gP1/cases/chain_b-v6h.k1g+p1_teacher_hR2_09_s912_pPOST_VhR2/case.json,2953,f335aac8903cb631130793ca5ee87fd9549ac0ec43c6a54b2bb85bd750e77a81,f335aac8903cb631130793ca5ee87fd9549ac0ec43c6a54b2bb85bd750e77a81
door-relax-envelope-fdd35cee-chK1gP1/cases/chain_b-v6h.k1g+p1_teacher_hR2_09_s912_pPOST_VhR2/result.json,202993,a42ef90fe8b1a349d426b0c874244e8e178f4b4f7f96693caa387850a89080aa,a42ef90fe8b1a349d426b0c874244e8e178f4b4f7f96693caa387850a89080aa
door-relax-envelope-fdd35cee-chK1gP1/cases/chain_b-v6h.k1g+p1_teacher_hR2_10_s911_pPOST_VhR2/case.json,2952,85974a3eb07648d3cfcc5ea0101daca72deb1f503a3e1b2be544bec5225f56a7,85974a3eb07648d3cfcc5ea0101daca72deb1f503a3e1b2be544bec5225f56a7
door-relax-envelope-fdd35cee-chK1gP1/cases/chain_b-v6h.k1g+p1_teacher_hR2_10_s911_pPOST_VhR2/result.json,202977,50d701465f060f6b2a9a46fefbc45a25017fbdf709bca97218e7744629cfa55c,50d701465f060f6b2a9a46fefbc45a25017fbdf709bca97218e7744629cfa55c
door-relax-envelope-fdd35cee-chK1gP1/cases/chain_b-v6h.k1g+p1_teacher_hR2_10_s912_pPOST_VhR2/case.json,2952,9bab4e1e8e4ff895f517591221cf8ff6a1c2c6168e3d4ee0c182e25c5c968c63,9bab4e1e8e4ff895f517591221cf8ff6a1c2c6168e3d4ee0c182e25c5c968c63
door-relax-envelope-fdd35cee-chK1gP1/cases/chain_b-v6h.k1g+p1_teacher_hR2_10_s912_pPOST_VhR2/result.json,202977,8c5979d9aa8f6550f7a999392725d3b26e1b6ecb6c4345334761d59b2c020bfe,8c5979d9aa8f6550f7a999392725d3b26e1b6ecb6c4345334761d59b2c020bfe
door-relax-envelope-fdd35cee-envBaseL0/manifest.json,167849,77e945d82d4f87229ea992f08fd676b93282fa19240752abf316a49ceb91c8c1,
door-relax-envelope-fdd35cee-envBaseL0/cases.jsonl,37889,c2d4a114c7a41dff6c2c3ceee19c48693e31ac7a08e2d0411e0bf79eb2ca87ff,c2d4a114c7a41dff6c2c3ceee19c48693e31ac7a08e2d0411e0bf79eb2ca87ff
door-relax-envelope-fdd35cee-envBaseL0/artifacts.sha256.json,1244427,321bf680e2283beace7ed3309ef1de3ca84e4cae69699ba88cc14c7b8df28152,
door-relax-envelope-fdd35cee-envBaseL0/plan.json,36476,263692d9f1c8b2a414b11775a6fc7550d8ca1c5689f7147b70a3c56999cfac75,
door-relax-envelope-fdd35cee-envBaseL0/cases/carry_b-v6g_teacher_E_y-0.100_h-7.0_s911_pPOST_VENV/case.json,2661,94e96b9b79dbc34451aed4507e16170aef02df041ce9b4ddfbee3a8b2398ed51,94e96b9b79dbc34451aed4507e16170aef02df041ce9b4ddfbee3a8b2398ed51
door-relax-envelope-fdd35cee-envBaseL0/cases/carry_b-v6g_teacher_E_y-0.100_h-7.0_s911_pPOST_VENV/result.json,46095,9f05afdb071a3cc4db0f4c1f53c96bb1d26bb6213e2b98db2541adc74f6c816b,9f05afdb071a3cc4db0f4c1f53c96bb1d26bb6213e2b98db2541adc74f6c816b
door-relax-envelope-fdd35cee-envBaseL0/cases/carry_b-v6g_teacher_E_y-0.100_h+0.0_s911_pPOST_VENV/case.json,2569,471bfd9e7783f25b5d12a1e4907048f55bcf0d60ac966e156624e36d29ed622f,471bfd9e7783f25b5d12a1e4907048f55bcf0d60ac966e156624e36d29ed622f
door-relax-envelope-fdd35cee-envBaseL0/cases/carry_b-v6g_teacher_E_y-0.100_h+0.0_s911_pPOST_VENV/result.json,55169,8f94a20b4937cfbf27791f20bfc65bdd237bc1edff9416975c9f3bbbdcbe5974,8f94a20b4937cfbf27791f20bfc65bdd237bc1edff9416975c9f3bbbdcbe5974
door-relax-envelope-fdd35cee-envBaseL0/cases/carry_b-v6g_teacher_E_y-0.100_h+7.0_s911_pPOST_VENV/case.json,2661,29c7bf9ff69d1d03b907ef881e84e41806a1569f7ecf87f7b190ddbd74f2e980,29c7bf9ff69d1d03b907ef881e84e41806a1569f7ecf87f7b190ddbd74f2e980
door-relax-envelope-fdd35cee-envBaseL0/cases/carry_b-v6g_teacher_E_y-0.100_h+7.0_s911_pPOST_VENV/result.json,47150,c587c7d990a64401403507240e9c4ea451582d3b269f1af159b2289870ee7b04,c587c7d990a64401403507240e9c4ea451582d3b269f1af159b2289870ee7b04
door-relax-envelope-fdd35cee-envBaseL0/cases/carry_b-v6g_teacher_E_y-0.020_h-7.0_s911_pPOST_VENV/case.json,2661,fb2a4a2c14fdf42bb1c1f59298e7a524822c723e6b8752204b638d57ec983d49,fb2a4a2c14fdf42bb1c1f59298e7a524822c723e6b8752204b638d57ec983d49
door-relax-envelope-fdd35cee-envBaseL0/cases/carry_b-v6g_teacher_E_y-0.020_h-7.0_s911_pPOST_VENV/result.json,46137,43abc6a283c510bb0649c9cbfe7ff3bb57157a945acfc734edb65250bb57b43f,43abc6a283c510bb0649c9cbfe7ff3bb57157a945acfc734edb65250bb57b43f
door-relax-envelope-fdd35cee-envBaseL0/cases/carry_b-v6g_teacher_E_y-0.020_h+0.0_s911_pPOST_VENV/case.json,2572,7749f686f563509158d52b9e20494bde320d53992cdc727d842af216229e5385,7749f686f563509158d52b9e20494bde320d53992cdc727d842af216229e5385
door-relax-envelope-fdd35cee-envBaseL0/cases/carry_b-v6g_teacher_E_y-0.020_h+0.0_s911_pPOST_VENV/result.json,47129,9d5fc327f204d04b1a1b456978d663bf197f4ec38f4f3a46f370babe2937d1ad,9d5fc327f204d04b1a1b456978d663bf197f4ec38f4f3a46f370babe2937d1ad
door-relax-envelope-fdd35cee-envBaseL0/cases/carry_b-v6g_teacher_E_y-0.020_h+7.0_s911_pPOST_VENV/case.json,2660,ad247e7cca5ad242e395ebdcb4b0708a73e49d413a0bc7475b476fa80c8c88e0,ad247e7cca5ad242e395ebdcb4b0708a73e49d413a0bc7475b476fa80c8c88e0
door-relax-envelope-fdd35cee-envBaseL0/cases/carry_b-v6g_teacher_E_y-0.020_h+7.0_s911_pPOST_VENV/result.json,46625,2661bd879fe23876f53838b4bbf7df042f20542a178850acac125dd4e25845d2,2661bd879fe23876f53838b4bbf7df042f20542a178850acac125dd4e25845d2
door-relax-envelope-fdd35cee-envBaseL0/cases/carry_b-v6g_teacher_E_y+0.130_h+0.0_s911_pPOST_VENV/case.json,2565,ad44dddcdbb8ae14f9d2e053a68cb79d4a4048bc665d02eda97960a41bc7a48d,ad44dddcdbb8ae14f9d2e053a68cb79d4a4048bc665d02eda97960a41bc7a48d
door-relax-envelope-fdd35cee-envBaseL0/cases/carry_b-v6g_teacher_E_y+0.130_h+0.0_s911_pPOST_VENV/result.json,47159,1160ddf2be095ad4dff392d87806318ba2329122f451e8150bc2e5e1c67d450d,1160ddf2be095ad4dff392d87806318ba2329122f451e8150bc2e5e1c67d450d
door-relax-envelope-fdd35cee-envBaseL0/cases/carry_b-v6g_teacher_E_y+0.130_h+7.0_s911_pPOST_VENV/case.json,2657,da6563d250ebda9118e00b807cf741961ef5fffce582b8b752e114ff1e4d397b,da6563d250ebda9118e00b807cf741961ef5fffce582b8b752e114ff1e4d397b
door-relax-envelope-fdd35cee-envBaseL0/cases/carry_b-v6g_teacher_E_y+0.130_h+7.0_s911_pPOST_VENV/result.json,46584,afc9e2c896f55ee541ce4475e8592a20c7fcff6b3be92d9a34c8411b12fce47b,afc9e2c896f55ee541ce4475e8592a20c7fcff6b3be92d9a34c8411b12fce47b
door-relax-envelope-fdd35cee-envBaseL0/cases/carry_b-v6g_teacher_E_y+0.130_h-7.0_s911_pPOST_VENV/case.json,2657,e2ef2b5af22e94e9dba8f421b4b1b313ea28ed750f52b3543cdd6ca0b6af0350,e2ef2b5af22e94e9dba8f421b4b1b313ea28ed750f52b3543cdd6ca0b6af0350
door-relax-envelope-fdd35cee-envBaseL0/cases/carry_b-v6g_teacher_E_y+0.130_h-7.0_s911_pPOST_VENV/result.json,55113,125276a3277a92d4106108bbbf1343579cd41582eed5aae50551630e440e9d0e,125276a3277a92d4106108bbbf1343579cd41582eed5aae50551630e440e9d0e
door-relax-envelope-fdd35cee-envBaseL0/cases/carry_b-v6g_teacher_E_y+0.200_h+7.0_s911_pPOST_VENV/case.json,2654,646d4f189c8777201cc97ae4b36ec727c1469d52137d4fd1b2670fe29494143a,646d4f189c8777201cc97ae4b36ec727c1469d52137d4fd1b2670fe29494143a
door-relax-envelope-fdd35cee-envBaseL0/cases/carry_b-v6g_teacher_E_y+0.200_h+7.0_s911_pPOST_VENV/result.json,45570,9345623dc034dd1285900f60a0ee563cc55fe114f35712ccdce9bd90e5b9f092,9345623dc034dd1285900f60a0ee563cc55fe114f35712ccdce9bd90e5b9f092
door-relax-envelope-fdd35cee-envBaseL0/cases/carry_b-v6g_teacher_E_y+0.200_h-7.0_s911_pPOST_VENV/case.json,2654,31043758eefc86dfee66915d71c5c57c2f04aeff4464e3f2e2bcefc2548d1105,31043758eefc86dfee66915d71c5c57c2f04aeff4464e3f2e2bcefc2548d1105
door-relax-envelope-fdd35cee-envBaseL0/cases/carry_b-v6g_teacher_E_y+0.200_h-7.0_s911_pPOST_VENV/result.json,46600,85b9facbd88c33870c23704284be3c54e17efb59c3cb9ec53c6723fc2e42f999,85b9facbd88c33870c23704284be3c54e17efb59c3cb9ec53c6723fc2e42f999
door-relax-envelope-fdd35cee-envBaseL0/cases/carry_b-v6g_teacher_E_y+0.200_h+0.0_s911_pPOST_VENV/case.json,2562,6a24a080f09f56aa6d4fa1bedecbbe404db6c0a4bbb254e4a61fe810821190b6,6a24a080f09f56aa6d4fa1bedecbbe404db6c0a4bbb254e4a61fe810821190b6
door-relax-envelope-fdd35cee-envBaseL0/cases/carry_b-v6g_teacher_E_y+0.200_h+0.0_s911_pPOST_VENV/result.json,55119,f5f9e0ad67ddd28d2906d0164da2ef2b3fa8eb96ba155e6853678f7da08f1c84,f5f9e0ad67ddd28d2906d0164da2ef2b3fa8eb96ba155e6853678f7da08f1c84
door-relax-envelope-fdd35cee-envBaseL1/manifest.json,167836,ab24beee5e307e809bf89f8d3c677ef2de1e4ee324d3a2cce32a91ffb30f6b53,
door-relax-envelope-fdd35cee-envBaseL1/cases.jsonl,106336,e5a4c44d4ad18daad7bb9405ea7182bcc467382a4a3bd9e8b22c73ea51fbf8e8,e5a4c44d4ad18daad7bb9405ea7182bcc467382a4a3bd9e8b22c73ea51fbf8e8
door-relax-envelope-fdd35cee-envBaseL1/artifacts.sha256.json,1849996,d2b19105b1289df5ba1bdddca9a975cca76606080bf474e0f59f4b68cf37d8ff,
door-relax-envelope-fdd35cee-envBaseL1/plan.json,107561,dae335eb49b3cd4c906c18b8a49e239e5ec0883b2980aa6c4b81baaa172229fd,
door-relax-envelope-fdd35cee-envBaseL1/cases/carry_b-v6g_teacher_E_y-0.100_h+0.0_s911_pPOST_L1_VENV/case.json,2613,16cd14a882475cfdfcb28b835b334287fb724346bf0c33f8b1d46ba480dd38b2,16cd14a882475cfdfcb28b835b334287fb724346bf0c33f8b1d46ba480dd38b2
door-relax-envelope-fdd35cee-envBaseL1/cases/carry_b-v6g_teacher_E_y-0.100_h+0.0_s911_pPOST_L1_VENV/result.json,26492,515a43cb13cf4b679d5e54283f5cfac523d8d362dc6e809dbd33fab6d3d88a43,515a43cb13cf4b679d5e54283f5cfac523d8d362dc6e809dbd33fab6d3d88a43
door-relax-envelope-fdd35cee-envBaseL1/cases/carry_b-v6g_teacher_E_y-0.100_h-3.9_s911_pPOST_L1_VENV/case.json,2677,0a5f5226da7c72d250ccbc341b856cba8e5c16b34dfb19f2cafec277b878e76f,0a5f5226da7c72d250ccbc341b856cba8e5c16b34dfb19f2cafec277b878e76f
door-relax-envelope-fdd35cee-envBaseL1/cases/carry_b-v6g_teacher_E_y-0.100_h-3.9_s911_pPOST_L1_VENV/result.json,26481,ee7a6252a5e993cb42df04cc3289499c4d8752fdd87b48ec54d3691e1c5f1bfa,ee7a6252a5e993cb42df04cc3289499c4d8752fdd87b48ec54d3691e1c5f1bfa
door-relax-envelope-fdd35cee-envBaseL1/cases/carry_b-v6g_teacher_E_y-0.100_h+3.0_s911_pPOST_L1_VENV/case.json,2674,4bcb3c1ee6d367445a234a474284be6966f7764533e83730787131c06e45b123,4bcb3c1ee6d367445a234a474284be6966f7764533e83730787131c06e45b123
door-relax-envelope-fdd35cee-envBaseL1/cases/carry_b-v6g_teacher_E_y-0.100_h+3.0_s911_pPOST_L1_VENV/result.json,26478,32bde4676b3a5760a00bae999b4c17602b5a7f5a8a2e3572ed8ca8ad20361432,32bde4676b3a5760a00bae999b4c17602b5a7f5a8a2e3572ed8ca8ad20361432
door-relax-envelope-fdd35cee-envBaseL1/cases/carry_b-v6g_teacher_E_y-0.060_h+0.0_s911_pPOST_L1_VENV/case.json,2617,27ed55fd758af9298e9fba77c160bd95becf649fdffdb9fd26d649e14dc21ae1,27ed55fd758af9298e9fba77c160bd95becf649fdffdb9fd26d649e14dc21ae1
door-relax-envelope-fdd35cee-envBaseL1/cases/carry_b-v6g_teacher_E_y-0.060_h+0.0_s911_pPOST_L1_VENV/result.json,26503,3be4008bb6300032085eb411a81a54e7367a6a566c348304c336f93ee00301a5,3be4008bb6300032085eb411a81a54e7367a6a566c348304c336f93ee00301a5
door-relax-envelope-fdd35cee-envBaseL1/cases/carry_b-v6g_teacher_E_y-0.100_h-7.0_s911_pPOST_L1_VENV/case.json,2677,8004500b83ee2e7896824a3002dcaf6590738e1e5e02530017367439aba9a456,8004500b83ee2e7896824a3002dcaf6590738e1e5e02530017367439aba9a456
door-relax-envelope-fdd35cee-envBaseL1/cases/carry_b-v6g_teacher_E_y-0.100_h-7.0_s911_pPOST_L1_VENV/result.json,26459,b3bfa32f95acb3ad247b01e954c026f3298e2878f64b2b0d62770f1129bb32c8,b3bfa32f95acb3ad247b01e954c026f3298e2878f64b2b0d62770f1129bb32c8
door-relax-envelope-fdd35cee-envBaseL1/cases/carry_b-v6g_teacher_E_y-0.100_h+7.0_s911_pPOST_L1_VENV/case.json,2677,c5b0796d10b6b4444c6a1708bed15e439ccf88b2b844a350f9e6c9af120b5cb4,c5b0796d10b6b4444c6a1708bed15e439ccf88b2b844a350f9e6c9af120b5cb4
door-relax-envelope-fdd35cee-envBaseL1/cases/carry_b-v6g_teacher_E_y-0.100_h+7.0_s911_pPOST_L1_VENV/result.json,26483,9c73d3895c70fbfb1a1fb568982252dd118d54525ecab2ba4b989af83a24f499,9c73d3895c70fbfb1a1fb568982252dd118d54525ecab2ba4b989af83a24f499
door-relax-envelope-fdd35cee-envBaseL1/cases/carry_b-v6g_teacher_E_y-0.060_h+3.0_s911_pPOST_L1_VENV/case.json,2676,47bdab50310905488e35cdfd1af01d0c90b28220f0c3ddba119d4e248d620d36,47bdab50310905488e35cdfd1af01d0c90b28220f0c3ddba119d4e248d620d36
door-relax-envelope-fdd35cee-envBaseL1/cases/carry_b-v6g_teacher_E_y-0.060_h+3.0_s911_pPOST_L1_VENV/result.json,26502,18bb99d4d140e3299df6e0fdfbfbfe5060ecda312fbca2975771fefae259aa71,18bb99d4d140e3299df6e0fdfbfbfe5060ecda312fbca2975771fefae259aa71
door-relax-envelope-fdd35cee-envBaseL1/cases/carry_b-v6g_teacher_E_y-0.060_h-3.9_s911_pPOST_L1_VENV/case.json,2682,1c335877cf6aa1cbdaaac157dc01472a1c1c80f27e3453b955bc8dd602e6f7a1,1c335877cf6aa1cbdaaac157dc01472a1c1c80f27e3453b955bc8dd602e6f7a1
door-relax-envelope-fdd35cee-envBaseL1/cases/carry_b-v6g_teacher_E_y-0.060_h-3.9_s911_pPOST_L1_VENV/result.json,26476,786fbb427bfe76b0e2bb43956dbed7682784191363183c8636603b288459bbbb,786fbb427bfe76b0e2bb43956dbed7682784191363183c8636603b288459bbbb
door-relax-envelope-fdd35cee-envBaseL1/cases/carry_b-v6g_teacher_E_y-0.060_h-7.0_s911_pPOST_L1_VENV/case.json,2680,293212b8334edcdd3a99aa5320d9dd6e65d4f4437b0a20133d31e6ba94a7e52c,293212b8334edcdd3a99aa5320d9dd6e65d4f4437b0a20133d31e6ba94a7e52c
door-relax-envelope-fdd35cee-envBaseL1/cases/carry_b-v6g_teacher_E_y-0.060_h-7.0_s911_pPOST_L1_VENV/result.json,26482,c3dfcd527b39b4614c1cee9c5eb0609e4985d3323f837dab8c1e515ded34b850,c3dfcd527b39b4614c1cee9c5eb0609e4985d3323f837dab8c1e515ded34b850
door-relax-envelope-fdd35cee-envBaseL1/cases/carry_b-v6g_teacher_E_y-0.020_h-3.9_s911_pPOST_L1_VENV/case.json,2679,6f343c25111a01f31e42575b3c9407280570e59d6fcb710f0fbfcb73c2194339,6f343c25111a01f31e42575b3c9407280570e59d6fcb710f0fbfcb73c2194339
door-relax-envelope-fdd35cee-envBaseL1/cases/carry_b-v6g_teacher_E_y-0.020_h-3.9_s911_pPOST_L1_VENV/result.json,26465,9e29a5c8f78b536822f0f8e263717236cc30d0ab2b44d6443c7f1ea82c1d7a02,9e29a5c8f78b536822f0f8e263717236cc30d0ab2b44d6443c7f1ea82c1d7a02
door-relax-envelope-fdd35cee-envBaseL1/cases/carry_b-v6g_teacher_E_y-0.060_h+7.0_s911_pPOST_L1_VENV/case.json,2679,00f3e07b547bb007fc0c89f3158166f27bb94c3830f278f7837a39b1f01ace91,00f3e07b547bb007fc0c89f3158166f27bb94c3830f278f7837a39b1f01ace91
door-relax-envelope-fdd35cee-envBaseL1/cases/carry_b-v6g_teacher_E_y-0.060_h+7.0_s911_pPOST_L1_VENV/result.json,53569,b2790a0b844245cbc0b23a1c9b493ed67f0dd3264170629fe20faa83f113f944,b2790a0b844245cbc0b23a1c9b493ed67f0dd3264170629fe20faa83f113f944
door-relax-envelope-fdd35cee-envBaseL1/cases/carry_b-v6g_teacher_E_y-0.020_h+0.0_s911_pPOST_L1_VENV/case.json,2616,cc8d62463c3cf52a627c7a56978426412ad6c9f850c5206554929f2ce6386109,cc8d62463c3cf52a627c7a56978426412ad6c9f850c5206554929f2ce6386109
door-relax-envelope-fdd35cee-envBaseL1/cases/carry_b-v6g_teacher_E_y-0.020_h+0.0_s911_pPOST_L1_VENV/result.json,54542,93ed255fde07e0f587e5864e657e735235f33734c367404444bfdb8fc716fb2d,93ed255fde07e0f587e5864e657e735235f33734c367404444bfdb8fc716fb2d
door-relax-envelope-fdd35cee-envBaseL1/cases/carry_b-v6g_teacher_E_y-0.020_h-7.0_s911_pPOST_L1_VENV/case.json,2677,fbe3a52954c4f993b33da873f748aa297f23013c4eabad048563b41069a025a3,fbe3a52954c4f993b33da873f748aa297f23013c4eabad048563b41069a025a3
door-relax-envelope-fdd35cee-envBaseL1/cases/carry_b-v6g_teacher_E_y-0.020_h-7.0_s911_pPOST_L1_VENV/result.json,26494,506b7a20b0a5b22a43832abba0391af09143ed7852151e814bc82f8e544de8df,506b7a20b0a5b22a43832abba0391af09143ed7852151e814bc82f8e544de8df
door-relax-envelope-fdd35cee-envBaseL1/cases/carry_b-v6g_teacher_E_y-0.020_h+3.0_s911_pPOST_L1_VENV/case.json,2676,13f91e833aa5417d0e8b8a26566e9f1e02755b8da1d63fe568db205e5373d525,13f91e833aa5417d0e8b8a26566e9f1e02755b8da1d63fe568db205e5373d525
door-relax-envelope-fdd35cee-envBaseL1/cases/carry_b-v6g_teacher_E_y-0.020_h+3.0_s911_pPOST_L1_VENV/result.json,63072,8cc966cc81994c7de30be54bd8d272c8c3acfcb8ca7ca51e5419b0ffaf803bfc,8cc966cc81994c7de30be54bd8d272c8c3acfcb8ca7ca51e5419b0ffaf803bfc
door-relax-envelope-fdd35cee-envBaseL1/cases/carry_b-v6g_teacher_E_y-0.020_h+7.0_s911_pPOST_L1_VENV/case.json,2676,7273b0fef4ab297325f7c09537efd11048e750f71aa235b27c192d32aebca420,7273b0fef4ab297325f7c09537efd11048e750f71aa235b27c192d32aebca420
door-relax-envelope-fdd35cee-envBaseL1/cases/carry_b-v6g_teacher_E_y-0.020_h+7.0_s911_pPOST_L1_VENV/result.json,53769,242c3f498971112c16e6091f840340b566d5191760d34c750a75f95e4ae41984,242c3f498971112c16e6091f840340b566d5191760d34c750a75f95e4ae41984
door-relax-envelope-fdd35cee-envBaseL1/cases/carry_b-v6g_teacher_E_y+0.090_h+0.0_s911_pPOST_L1_VENV/case.json,2656,e6304eb0ed0c12fb7c3acba62dfa7ab0eb218c213281186d269bd2a89b31dfc6,e6304eb0ed0c12fb7c3acba62dfa7ab0eb218c213281186d269bd2a89b31dfc6
door-relax-envelope-fdd35cee-envBaseL1/cases/carry_b-v6g_teacher_E_y+0.090_h+0.0_s911_pPOST_L1_VENV/result.json,54550,ade68230d4e24c2099366be23ab3f883ee8748c2f12cccda700e48c7d65e9760,ade68230d4e24c2099366be23ab3f883ee8748c2f12cccda700e48c7d65e9760
door-relax-envelope-fdd35cee-envBaseL1/cases/carry_b-v6g_teacher_E_y+0.090_h+3.0_s911_pPOST_L1_VENV/case.json,2686,63edc1ebdc86df5777cb3bc5ee77d66f587ed18881f313dc0a229c1af0ea4529,63edc1ebdc86df5777cb3bc5ee77d66f587ed18881f313dc0a229c1af0ea4529
door-relax-envelope-fdd35cee-envBaseL1/cases/carry_b-v6g_teacher_E_y+0.090_h+3.0_s911_pPOST_L1_VENV/result.json,26477,87b3a20f1f88f35f708e1f0dca6ff5a41056682d0f143be857fd9d93b95a8d80,87b3a20f1f88f35f708e1f0dca6ff5a41056682d0f143be857fd9d93b95a8d80
door-relax-envelope-fdd35cee-envBaseL1/cases/carry_b-v6g_teacher_E_y+0.090_h-3.9_s911_pPOST_L1_VENV/case.json,2690,c684dd93fd0d4b86c200cb22eba32d2a28755cce5f1014501683baa4962a749f,c684dd93fd0d4b86c200cb22eba32d2a28755cce5f1014501683baa4962a749f
door-relax-envelope-fdd35cee-envBaseL1/cases/carry_b-v6g_teacher_E_y+0.090_h-3.9_s911_pPOST_L1_VENV/result.json,63113,b8e36696f72fbb04561f1d6fdc2da08bb0eb7931172f2dedd2a70472ec219773,b8e36696f72fbb04561f1d6fdc2da08bb0eb7931172f2dedd2a70472ec219773
door-relax-envelope-fdd35cee-envBaseL1/cases/carry_b-v6g_teacher_E_y+0.090_h+7.0_s911_pPOST_L1_VENV/case.json,2688,c01171febeef003edfc809b4cda4e83b06525effa7459626ed15de24fad91351,c01171febeef003edfc809b4cda4e83b06525effa7459626ed15de24fad91351
door-relax-envelope-fdd35cee-envBaseL1/cases/carry_b-v6g_teacher_E_y+0.090_h+7.0_s911_pPOST_L1_VENV/result.json,26494,8d1dc60a4a05c33c690ebc81d7be8609c85770eff0528afefd69ce0b76a32fc3,8d1dc60a4a05c33c690ebc81d7be8609c85770eff0528afefd69ce0b76a32fc3
door-relax-envelope-fdd35cee-envBaseL1/cases/carry_b-v6g_teacher_E_y+0.130_h+0.0_s911_pPOST_L1_VENV/case.json,2609,32d48c01057d1209b9d09c3d5a99dcad4f5aa2623426ed90a37abf784e6ea91a,32d48c01057d1209b9d09c3d5a99dcad4f5aa2623426ed90a37abf784e6ea91a
door-relax-envelope-fdd35cee-envBaseL1/cases/carry_b-v6g_teacher_E_y+0.130_h+0.0_s911_pPOST_L1_VENV/result.json,26482,c3e7607cbc24ed00a97008addd373c747ceafbb9537b9c61527bcb20db349d6c,c3e7607cbc24ed00a97008addd373c747ceafbb9537b9c61527bcb20db349d6c
door-relax-envelope-fdd35cee-envBaseL1/cases/carry_b-v6g_teacher_E_y+0.130_h+3.0_s911_pPOST_L1_VENV/case.json,2670,3ac6515d862593e31d2f51b69ffb9a3be9d8d0b5ed5680ed961b29648263bd5f,3ac6515d862593e31d2f51b69ffb9a3be9d8d0b5ed5680ed961b29648263bd5f
door-relax-envelope-fdd35cee-envBaseL1/cases/carry_b-v6g_teacher_E_y+0.130_h+3.0_s911_pPOST_L1_VENV/result.json,26495,b79434c58641edff7a26ecc48c54c8db9e0f2e4927cf1be0d985a918b032df35,b79434c58641edff7a26ecc48c54c8db9e0f2e4927cf1be0d985a918b032df35
door-relax-envelope-fdd35cee-envBaseL1/cases/carry_b-v6g_teacher_E_y+0.090_h-7.0_s911_pPOST_L1_VENV/case.json,2687,1522903b994dda4d3bbfa6339563eac319e9b067dab9f6f6ecdc0ce35d6f2495,1522903b994dda4d3bbfa6339563eac319e9b067dab9f6f6ecdc0ce35d6f2495
door-relax-envelope-fdd35cee-envBaseL1/cases/carry_b-v6g_teacher_E_y+0.090_h-7.0_s911_pPOST_L1_VENV/result.json,54541,0fede7e1977a1e407faadfe62e573fdad4521ace2ff1606b6c347b0827c113ac,0fede7e1977a1e407faadfe62e573fdad4521ace2ff1606b6c347b0827c113ac
door-relax-envelope-fdd35cee-envBaseL1/cases/carry_b-v6g_teacher_E_y+0.130_h+7.0_s911_pPOST_L1_VENV/case.json,2673,60b1401de8d7963a3c7822427de08a87e6fbfa1771d072d362929a9db5241a82,60b1401de8d7963a3c7822427de08a87e6fbfa1771d072d362929a9db5241a82
door-relax-envelope-fdd35cee-envBaseL1/cases/carry_b-v6g_teacher_E_y+0.130_h+7.0_s911_pPOST_L1_VENV/result.json,26443,a02201135ecf3ab0dc379d05b4e96ff2452c0105b6485879cd3d76aed427450c,a02201135ecf3ab0dc379d05b4e96ff2452c0105b6485879cd3d76aed427450c
door-relax-envelope-fdd35cee-envBaseL1/cases/carry_b-v6g_teacher_E_y+0.130_h-3.9_s911_pPOST_L1_VENV/case.json,2674,f56c91a3b947214229b2f3ccaaa10ea2de89a3a0f21485410fd033bc2aa67725,f56c91a3b947214229b2f3ccaaa10ea2de89a3a0f21485410fd033bc2aa67725
door-relax-envelope-fdd35cee-envBaseL1/cases/carry_b-v6g_teacher_E_y+0.130_h-3.9_s911_pPOST_L1_VENV/result.json,56820,1d51e8ad1d637c00f458f081fa93b3222c70cfd04a5f06ac6ba890f93ed2f206,1d51e8ad1d637c00f458f081fa93b3222c70cfd04a5f06ac6ba890f93ed2f206
door-relax-envelope-fdd35cee-envBaseL1/cases/carry_b-v6g_teacher_E_y+0.170_h+0.0_s911_pPOST_L1_VENV/case.json,2656,c300da8242eb7ca19521cba71184124c5dcaf2a9ce94c7ae4d5c0556f57326ea,c300da8242eb7ca19521cba71184124c5dcaf2a9ce94c7ae4d5c0556f57326ea
door-relax-envelope-fdd35cee-envBaseL1/cases/carry_b-v6g_teacher_E_y+0.170_h+0.0_s911_pPOST_L1_VENV/result.json,26511,9dc2d07bb04ce36acd1e93e184aec28c963e74113441a5d5c1194784597d6fac,9dc2d07bb04ce36acd1e93e184aec28c963e74113441a5d5c1194784597d6fac
door-relax-envelope-fdd35cee-envBaseL1/cases/carry_b-v6g_teacher_E_y+0.170_h-3.9_s911_pPOST_L1_VENV/case.json,2689,72cc00abd2460a0d879ba33ab35ff38c12f6d2eadecad655fb4d7e8e5a024f0a,72cc00abd2460a0d879ba33ab35ff38c12f6d2eadecad655fb4d7e8e5a024f0a
door-relax-envelope-fdd35cee-envBaseL1/cases/carry_b-v6g_teacher_E_y+0.170_h-3.9_s911_pPOST_L1_VENV/result.json,26449,7d3bf49d77b7e3ecc297615e8af7be62acf6904559aa5d7af4471ae9ad4d3ec1,7d3bf49d77b7e3ecc297615e8af7be62acf6904559aa5d7af4471ae9ad4d3ec1
door-relax-envelope-fdd35cee-envBaseL1/cases/carry_b-v6g_teacher_E_y+0.130_h-7.0_s911_pPOST_L1_VENV/case.json,2673,76af00f1fe4cf61ecb6a0a814672f666231b94f8dfe43ffcbeaa9965207b89a0,76af00f1fe4cf61ecb6a0a814672f666231b94f8dfe43ffcbeaa9965207b89a0
door-relax-envelope-fdd35cee-envBaseL1/cases/carry_b-v6g_teacher_E_y+0.130_h-7.0_s911_pPOST_L1_VENV/result.json,54044,152b053835f02861ee94012710a71f9ff465baff6a7287573d3dd8cc198a8ee9,152b053835f02861ee94012710a71f9ff465baff6a7287573d3dd8cc198a8ee9
door-relax-envelope-fdd35cee-envBaseL1/cases/carry_b-v6g_teacher_E_y+0.170_h+3.0_s911_pPOST_L1_VENV/case.json,2684,16d615e8ed558298c417a2caf277cc4543eb5ceabe5e4bccff23394fd1e10577,16d615e8ed558298c417a2caf277cc4543eb5ceabe5e4bccff23394fd1e10577
door-relax-envelope-fdd35cee-envBaseL1/cases/carry_b-v6g_teacher_E_y+0.170_h+3.0_s911_pPOST_L1_VENV/result.json,26459,1200af342b56d005fe60c8656eafa481207605bbd99c59f057679092b1d586a6,1200af342b56d005fe60c8656eafa481207605bbd99c59f057679092b1d586a6
door-relax-envelope-fdd35cee-envBaseL1/cases/carry_b-v6g_teacher_E_y+0.170_h+7.0_s911_pPOST_L1_VENV/case.json,2685,07d857e3b3744f4ddb114cb8eb0e32bf5e0266714b5a28627ec5486c0e308687,07d857e3b3744f4ddb114cb8eb0e32bf5e0266714b5a28627ec5486c0e308687
door-relax-envelope-fdd35cee-envBaseL1/cases/carry_b-v6g_teacher_E_y+0.170_h+7.0_s911_pPOST_L1_VENV/result.json,26443,238f76a67fc78f61e86795bac538a558441c3d4601393ee58dd3d1cc1d3da0cb,238f76a67fc78f61e86795bac538a558441c3d4601393ee58dd3d1cc1d3da0cb
door-relax-envelope-fdd35cee-envBaseL1/cases/carry_b-v6g_teacher_E_y+0.200_h+0.0_s911_pPOST_L1_VENV/case.json,2606,8e4c6d1844b2ef6de455d82e7b5e3f4305d9ebab4a2297c384f25c7763ec17f6,8e4c6d1844b2ef6de455d82e7b5e3f4305d9ebab4a2297c384f25c7763ec17f6
door-relax-envelope-fdd35cee-envBaseL1/cases/carry_b-v6g_teacher_E_y+0.200_h+0.0_s911_pPOST_L1_VENV/result.json,26454,a2ac100ce16e8234274e191a5d11dd6e09d426be0716086e199029f57f9a077f,a2ac100ce16e8234274e191a5d11dd6e09d426be0716086e199029f57f9a077f
door-relax-envelope-fdd35cee-envBaseL1/cases/carry_b-v6g_teacher_E_y+0.200_h-3.9_s911_pPOST_L1_VENV/case.json,2673,2141f4ab20ab74b2f1b1ac6c5ec04b9c0d464f5ba5665e518b1e0922ba7c7233,2141f4ab20ab74b2f1b1ac6c5ec04b9c0d464f5ba5665e518b1e0922ba7c7233
door-relax-envelope-fdd35cee-envBaseL1/cases/carry_b-v6g_teacher_E_y+0.200_h-3.9_s911_pPOST_L1_VENV/result.json,26474,8f9d1609789e6b0c2893f2bfb5a48467e401c2e7e57cb363ae142ef59eee5613,8f9d1609789e6b0c2893f2bfb5a48467e401c2e7e57cb363ae142ef59eee5613
door-relax-envelope-fdd35cee-envBaseL1/cases/carry_b-v6g_teacher_E_y+0.200_h+3.0_s911_pPOST_L1_VENV/case.json,2670,c1329dff7e64ad41b84c1b00487416f336d5e6aa7866bf7a7fabe1e2e9f933c7,c1329dff7e64ad41b84c1b00487416f336d5e6aa7866bf7a7fabe1e2e9f933c7
door-relax-envelope-fdd35cee-envBaseL1/cases/carry_b-v6g_teacher_E_y+0.200_h+3.0_s911_pPOST_L1_VENV/result.json,26449,d6e53b63a077fa72ebab7a12fcca62c122a87d0b70fff81ff4c9ebb47936659f,d6e53b63a077fa72ebab7a12fcca62c122a87d0b70fff81ff4c9ebb47936659f
door-relax-envelope-fdd35cee-envBaseL1/cases/carry_b-v6g_teacher_E_y+0.200_h-7.0_s911_pPOST_L1_VENV/case.json,2670,276046033275a9efa9cce55d12ba43d9e291805320699a8a211ec259fd109876,276046033275a9efa9cce55d12ba43d9e291805320699a8a211ec259fd109876
door-relax-envelope-fdd35cee-envBaseL1/cases/carry_b-v6g_teacher_E_y+0.200_h-7.0_s911_pPOST_L1_VENV/result.json,26503,ee955203895c2e4b06a372bcb38fb72b1b2229085e9d3d778351d05599916370,ee955203895c2e4b06a372bcb38fb72b1b2229085e9d3d778351d05599916370
door-relax-envelope-fdd35cee-envBaseL1/cases/carry_b-v6g_teacher_E_y+0.200_h+7.0_s911_pPOST_L1_VENV/case.json,2670,16edf01ae650c17096f859a48790ac136a11e767f8b12d1dc7fb7d3bedd30213,16edf01ae650c17096f859a48790ac136a11e767f8b12d1dc7fb7d3bedd30213
door-relax-envelope-fdd35cee-envBaseL1/cases/carry_b-v6g_teacher_E_y+0.200_h+7.0_s911_pPOST_L1_VENV/result.json,26408,9d7dbcfd9236ebab95b5e4c6eefe432aab530d998786ba43f377d94f4a9c0042,9d7dbcfd9236ebab95b5e4c6eefe432aab530d998786ba43f377d94f4a9c0042
door-relax-envelope-fdd35cee-envBaseL1/cases/carry_b-v6g_teacher_E_y+0.170_h-7.0_s911_pPOST_L1_VENV/case.json,2687,1ff1eced3447729fc1fda145ff609f7d897c71de8e085ba176d94ac7424a1021,1ff1eced3447729fc1fda145ff609f7d897c71de8e085ba176d94ac7424a1021
door-relax-envelope-fdd35cee-envBaseL1/cases/carry_b-v6g_teacher_E_y+0.170_h-7.0_s911_pPOST_L1_VENV/result.json,54054,27ebfb6565a95e7f89e3a0e3cf13058d2703c71437880907c30094da5a558092,27ebfb6565a95e7f89e3a0e3cf13058d2703c71437880907c30094da5a558092
door-relax-envelope-fdd35cee-envK1gL0/manifest.json,167847,93377e1cd4cd49060e060498e83caf6eecb9b4f3fea81252c36148f59a2df9bb,
door-relax-envelope-fdd35cee-envK1gL0/cases.jsonl,42884,338a3c5f33b34a65e9335878cf73d6bd79480bc945e35a9cff66bb6b82ad2d85,338a3c5f33b34a65e9335878cf73d6bd79480bc945e35a9cff66bb6b82ad2d85
door-relax-envelope-fdd35cee-envK1gL0/artifacts.sha256.json,1308894,7f840d8de0a2dd6ef90b21ac7660c8129f763f21019fe8988b34822133027aa9,
door-relax-envelope-fdd35cee-envK1gL0/plan.json,37184,00da886e1608370127049fafd179134b7a4a1d2e63c1544237b7d41b1670fee7,
door-relax-envelope-fdd35cee-envK1gL0/cases/carry_b-v6h.k1g_teacher_E_y-0.100_h-7.0_s911_pPOST_VENV/case.json,2712,0b4388b28fd021ba9ca732bff59e97aabf5d44145332334d2d929eb766d8c43e,0b4388b28fd021ba9ca732bff59e97aabf5d44145332334d2d929eb766d8c43e
door-relax-envelope-fdd35cee-envK1gL0/cases/carry_b-v6h.k1g_teacher_E_y-0.100_h-7.0_s911_pPOST_VENV/result.json,55927,f857d6b6915f213e2d92810012093d9c84d9b23e4bb41d88b1aaeeaac45bcb9c,f857d6b6915f213e2d92810012093d9c84d9b23e4bb41d88b1aaeeaac45bcb9c
door-relax-envelope-fdd35cee-envK1gL0/cases/carry_b-v6h.k1g_teacher_E_y-0.100_h+0.0_s911_pPOST_VENV/case.json,2620,55372fe450c692d0aad93c2ccf608d7a78617ad95d1a0ec3bd47014052c5f4f9,55372fe450c692d0aad93c2ccf608d7a78617ad95d1a0ec3bd47014052c5f4f9
door-relax-envelope-fdd35cee-envK1gL0/cases/carry_b-v6h.k1g_teacher_E_y-0.100_h+0.0_s911_pPOST_VENV/result.json,55982,329079c947054bc1809faa8cf3a6875d765fe8cfc9f09d79c82d7aba5958b005,329079c947054bc1809faa8cf3a6875d765fe8cfc9f09d79c82d7aba5958b005
door-relax-envelope-fdd35cee-envK1gL0/cases/carry_b-v6h.k1g_teacher_E_y-0.100_h+7.0_s911_pPOST_VENV/case.json,2712,69d2931a12874563e8abd53ab05b1f36a5bbdf119811298b41f237d04260b34b,69d2931a12874563e8abd53ab05b1f36a5bbdf119811298b41f237d04260b34b
door-relax-envelope-fdd35cee-envK1gL0/cases/carry_b-v6h.k1g_teacher_E_y-0.100_h+7.0_s911_pPOST_VENV/result.json,55952,554fab9e62a5916c8f1a0356c9d7c093085aba6a2424e7fd19508072531bab66,554fab9e62a5916c8f1a0356c9d7c093085aba6a2424e7fd19508072531bab66
door-relax-envelope-fdd35cee-envK1gL0/cases/carry_b-v6h.k1g_teacher_E_y-0.020_h+0.0_s911_pPOST_VENV/case.json,2623,b58dea4ec75b087b1aa30ca59bb69f7269b5831236ba437c4d39f19f535ad7ca,b58dea4ec75b087b1aa30ca59bb69f7269b5831236ba437c4d39f19f535ad7ca
door-relax-envelope-fdd35cee-envK1gL0/cases/carry_b-v6h.k1g_teacher_E_y-0.020_h+0.0_s911_pPOST_VENV/result.json,55953,2f9a6a7e9bf1bf97c2f94225776420433269228a930a65fbdc9565331fb1a09b,2f9a6a7e9bf1bf97c2f94225776420433269228a930a65fbdc9565331fb1a09b
door-relax-envelope-fdd35cee-envK1gL0/cases/carry_b-v6h.k1g_teacher_E_y-0.020_h-7.0_s911_pPOST_VENV/case.json,2712,1e864339fb60d6cfa7993a053575c3d7859bfa8af7b5b16fe937b91aa2c3502f,1e864339fb60d6cfa7993a053575c3d7859bfa8af7b5b16fe937b91aa2c3502f
door-relax-envelope-fdd35cee-envK1gL0/cases/carry_b-v6h.k1g_teacher_E_y-0.020_h-7.0_s911_pPOST_VENV/result.json,55980,329095e00a7c6b5cd1bba2c294502bef2cafca6209fec001f353873f58e0abeb,329095e00a7c6b5cd1bba2c294502bef2cafca6209fec001f353873f58e0abeb
door-relax-envelope-fdd35cee-envK1gL0/cases/carry_b-v6h.k1g_teacher_E_y-0.020_h+7.0_s911_pPOST_VENV/case.json,2711,fdaa135ed5e062654f63a5ae7070ddb873151e3b412b50dc096f7c92a1ae0923,fdaa135ed5e062654f63a5ae7070ddb873151e3b412b50dc096f7c92a1ae0923
door-relax-envelope-fdd35cee-envK1gL0/cases/carry_b-v6h.k1g_teacher_E_y-0.020_h+7.0_s911_pPOST_VENV/result.json,55985,9ead3a32552364afbfbe7abee6f431f8a789874260849dea38d8fb55e39ae039,9ead3a32552364afbfbe7abee6f431f8a789874260849dea38d8fb55e39ae039
door-relax-envelope-fdd35cee-envK1gL0/cases/carry_b-v6h.k1g_teacher_E_y+0.130_h+0.0_s911_pPOST_VENV/case.json,2616,ca6843a774c6e99eb36b6507d99d1245a04edee11925f45516569d9286e67bd2,ca6843a774c6e99eb36b6507d99d1245a04edee11925f45516569d9286e67bd2
door-relax-envelope-fdd35cee-envK1gL0/cases/carry_b-v6h.k1g_teacher_E_y+0.130_h+0.0_s911_pPOST_VENV/result.json,55985,856e872b19f1c6b3e0e0d8ba639e92f56104e83112477ce838b78af33a6897b6,856e872b19f1c6b3e0e0d8ba639e92f56104e83112477ce838b78af33a6897b6
door-relax-envelope-fdd35cee-envK1gL0/cases/carry_b-v6h.k1g_teacher_E_y+0.130_h-7.0_s911_pPOST_VENV/case.json,2708,977fe96ef7b94d77dddc4b56af99e9e54a39e5f0fbaae00c8f04e300bb9e673a,977fe96ef7b94d77dddc4b56af99e9e54a39e5f0fbaae00c8f04e300bb9e673a
door-relax-envelope-fdd35cee-envK1gL0/cases/carry_b-v6h.k1g_teacher_E_y+0.130_h-7.0_s911_pPOST_VENV/result.json,55941,4acb2de1eb9a9f1c8be426d59136e35f55624a42c8787a84496d0a72ebd5b64e,4acb2de1eb9a9f1c8be426d59136e35f55624a42c8787a84496d0a72ebd5b64e
door-relax-envelope-fdd35cee-envK1gL0/cases/carry_b-v6h.k1g_teacher_E_y+0.130_h+7.0_s911_pPOST_VENV/case.json,2708,355042ce0d476843e0c9d4afd3f5959d52369bc12358744f4564eb462fc7f0f5,355042ce0d476843e0c9d4afd3f5959d52369bc12358744f4564eb462fc7f0f5
door-relax-envelope-fdd35cee-envK1gL0/cases/carry_b-v6h.k1g_teacher_E_y+0.130_h+7.0_s911_pPOST_VENV/result.json,55915,bf9593347095fa1d4826d10c35682db11f339268580317d3169787c5bab8b8db,bf9593347095fa1d4826d10c35682db11f339268580317d3169787c5bab8b8db
door-relax-envelope-fdd35cee-envK1gL0/cases/carry_b-v6h.k1g_teacher_E_y+0.200_h+7.0_s911_pPOST_VENV/case.json,2705,6cc06173e865ea4ce0ca855a9bf150a82397fabd757cbdf211ce5089f5939dae,6cc06173e865ea4ce0ca855a9bf150a82397fabd757cbdf211ce5089f5939dae
door-relax-envelope-fdd35cee-envK1gL0/cases/carry_b-v6h.k1g_teacher_E_y+0.200_h+7.0_s911_pPOST_VENV/result.json,47392,07eaef27e87061b7bf32c8b2f6f8ee6b84d2bb6076ad83ce5096fe596a43d34c,07eaef27e87061b7bf32c8b2f6f8ee6b84d2bb6076ad83ce5096fe596a43d34c
door-relax-envelope-fdd35cee-envK1gL0/cases/carry_b-v6h.k1g_teacher_E_y+0.200_h-7.0_s911_pPOST_VENV/case.json,2705,3bae3da87ed6ee443b83c43032ae07da408d0c3955004a317bbfa2f7fcb2ecd0,3bae3da87ed6ee443b83c43032ae07da408d0c3955004a317bbfa2f7fcb2ecd0
door-relax-envelope-fdd35cee-envK1gL0/cases/carry_b-v6h.k1g_teacher_E_y+0.200_h-7.0_s911_pPOST_VENV/result.json,55922,3ccbdb140e00ecbfbdf037d46e4b280fa195f4e3e5151208e32eaa62fc226125,3ccbdb140e00ecbfbdf037d46e4b280fa195f4e3e5151208e32eaa62fc226125
door-relax-envelope-fdd35cee-envK1gL0/cases/carry_b-v6h.k1g_teacher_E_y+0.200_h+0.0_s911_pPOST_VENV/case.json,2613,b70c45f796c8bc3326c2f7625c3af200444ac0d98dd5d10a98acaebd0e063b79,b70c45f796c8bc3326c2f7625c3af200444ac0d98dd5d10a98acaebd0e063b79
door-relax-envelope-fdd35cee-envK1gL0/cases/carry_b-v6h.k1g_teacher_E_y+0.200_h+0.0_s911_pPOST_VENV/result.json,55941,f7c8636cb5c5798bff1abf6496b924b249b1fe033d3c3c1e8e13756fdd22d2d6,f7c8636cb5c5798bff1abf6496b924b249b1fe033d3c3c1e8e13756fdd22d2d6
door-relax-envelope-fdd35cee-envK1gL1/manifest.json,167835,8631361416a804f59ad87997e47d3c2be0bd7b9e728bb9b05f003b54e5a0d095,
door-relax-envelope-fdd35cee-envK1gL1/cases.jsonl,118014,f2f881e96a3864880b7432b2ac9ef239283e9291ec489c9082e7d530d7b2f85e,f2f881e96a3864880b7432b2ac9ef239283e9291ec489c9082e7d530d7b2f85e
door-relax-envelope-fdd35cee-envK1gL1/artifacts.sha256.json,3043907,ba33a3f1d79523b4b8fb945d3dd7d6ed14d7abd19e63404fd391206aae1c91d3,
door-relax-envelope-fdd35cee-envK1gL1/plan.json,109626,40bdb86610141f4011080b44de655d5c691641cacebbcb44647777d09699d112,
door-relax-envelope-fdd35cee-envK1gL1/cases/carry_b-v6h.k1g_teacher_E_y-0.100_h+3.0_s911_pPOST_L1_VENV/case.json,2725,7776303ce37c6eecb1d8d2e3e94fb3dbdf0017b39df3255c870af4129f1987d7,7776303ce37c6eecb1d8d2e3e94fb3dbdf0017b39df3255c870af4129f1987d7
door-relax-envelope-fdd35cee-envK1gL1/cases/carry_b-v6h.k1g_teacher_E_y-0.100_h+3.0_s911_pPOST_L1_VENV/result.json,27300,ee0f02deee240abf6097bdffb779957d3a1cfb3635188add35b5f823869dd08a,ee0f02deee240abf6097bdffb779957d3a1cfb3635188add35b5f823869dd08a
door-relax-envelope-fdd35cee-envK1gL1/cases/carry_b-v6h.k1g_teacher_E_y-0.100_h-3.9_s911_pPOST_L1_VENV/case.json,2728,e19bad714f3fb117dc837f488a95a14950b48fa42dd7679da5fdf1e787fac97f,e19bad714f3fb117dc837f488a95a14950b48fa42dd7679da5fdf1e787fac97f
door-relax-envelope-fdd35cee-envK1gL1/cases/carry_b-v6h.k1g_teacher_E_y-0.100_h-3.9_s911_pPOST_L1_VENV/result.json,27305,5660bfbf5e7e18c84d40d76cf23c6c845ec90c474fc33e5e644fb7ab4bc81653,5660bfbf5e7e18c84d40d76cf23c6c845ec90c474fc33e5e644fb7ab4bc81653
door-relax-envelope-fdd35cee-envK1gL1/cases/carry_b-v6h.k1g_teacher_E_y-0.100_h+0.0_s911_pPOST_L1_VENV/case.json,2664,9a8cd256fcaa32168363e664fac2de47f98d235d7fbd6806dc1da9802bb8de68,9a8cd256fcaa32168363e664fac2de47f98d235d7fbd6806dc1da9802bb8de68
door-relax-envelope-fdd35cee-envK1gL1/cases/carry_b-v6h.k1g_teacher_E_y-0.100_h+0.0_s911_pPOST_L1_VENV/result.json,27315,08b4a620eb6d7a4f898c1e55e9c939ddf0e4e46a9a0385b503097b12bb37dcf2,08b4a620eb6d7a4f898c1e55e9c939ddf0e4e46a9a0385b503097b12bb37dcf2
door-relax-envelope-fdd35cee-envK1gL1/cases/carry_b-v6h.k1g_teacher_E_y-0.100_h-7.0_s911_pPOST_L1_VENV/case.json,2728,7ddc80c1f565db1b8a0e42af64a5b7dace788f98c13772909716326e7c839fb9,7ddc80c1f565db1b8a0e42af64a5b7dace788f98c13772909716326e7c839fb9
door-relax-envelope-fdd35cee-envK1gL1/cases/carry_b-v6h.k1g_teacher_E_y-0.100_h-7.0_s911_pPOST_L1_VENV/result.json,27288,eb4c78b4a09f58333aed790fbb1e95d9218ba30d6cf4914e09a086680293bbde,eb4c78b4a09f58333aed790fbb1e95d9218ba30d6cf4914e09a086680293bbde
door-relax-envelope-fdd35cee-envK1gL1/cases/carry_b-v6h.k1g_teacher_E_y-0.060_h-3.9_s911_pPOST_L1_VENV/case.json,2733,c99213b64ca553435c26a02af563a5240662bbae422bd6d7c8fdec56a04169d7,c99213b64ca553435c26a02af563a5240662bbae422bd6d7c8fdec56a04169d7
door-relax-envelope-fdd35cee-envK1gL1/cases/carry_b-v6h.k1g_teacher_E_y-0.060_h-3.9_s911_pPOST_L1_VENV/result.json,27296,df0dc4597258a9fb78f56c6fb2dc6c9fe7ef141b27ceaab11803138b48d4ece6,df0dc4597258a9fb78f56c6fb2dc6c9fe7ef141b27ceaab11803138b48d4ece6
door-relax-envelope-fdd35cee-envK1gL1/cases/carry_b-v6h.k1g_teacher_E_y-0.060_h+0.0_s911_pPOST_L1_VENV/case.json,2668,97102b70eee7f902d642ab5c8bb75fd0673c45e3fc841697db11be65c4663024,97102b70eee7f902d642ab5c8bb75fd0673c45e3fc841697db11be65c4663024
door-relax-envelope-fdd35cee-envK1gL1/cases/carry_b-v6h.k1g_teacher_E_y-0.060_h+0.0_s911_pPOST_L1_VENV/result.json,63917,baa2e04b86fe71b5f5ebdd7408bea08c599cb7b02222a25953ddaebe4d9f561d,baa2e04b86fe71b5f5ebdd7408bea08c599cb7b02222a25953ddaebe4d9f561d
door-relax-envelope-fdd35cee-envK1gL1/cases/carry_b-v6h.k1g_teacher_E_y-0.100_h+7.0_s911_pPOST_L1_VENV/case.json,2728,92a642c779cfb641a17a350fcbf2a511f8f406ac323e5886aad3f620eb9f3ffb,92a642c779cfb641a17a350fcbf2a511f8f406ac323e5886aad3f620eb9f3ffb
door-relax-envelope-fdd35cee-envK1gL1/cases/carry_b-v6h.k1g_teacher_E_y-0.100_h+7.0_s911_pPOST_L1_VENV/result.json,63856,25c52c6142f53106966adbc45890934c25fe75b7097676123f8d1a5b6d961cf5,25c52c6142f53106966adbc45890934c25fe75b7097676123f8d1a5b6d961cf5
door-relax-envelope-fdd35cee-envK1gL1/cases/carry_b-v6h.k1g_teacher_E_y-0.060_h-7.0_s911_pPOST_L1_VENV/case.json,2731,650c18a705ef46c27bf1b3349cf1d76a969137e13dfcd57fbf86e9a609933a96,650c18a705ef46c27bf1b3349cf1d76a969137e13dfcd57fbf86e9a609933a96
door-relax-envelope-fdd35cee-envK1gL1/cases/carry_b-v6h.k1g_teacher_E_y-0.060_h-7.0_s911_pPOST_L1_VENV/result.json,27293,d7b8a4bc8bcc183972746be61dd96209143ff0b511c40b0e5a9c485caaedd13b,d7b8a4bc8bcc183972746be61dd96209143ff0b511c40b0e5a9c485caaedd13b
door-relax-envelope-fdd35cee-envK1gL1/cases/carry_b-v6h.k1g_teacher_E_y-0.060_h+3.0_s911_pPOST_L1_VENV/case.json,2727,37a443eb1198ff9c945822f9616657a0287d2502657678f22a99acdd0bebace2,37a443eb1198ff9c945822f9616657a0287d2502657678f22a99acdd0bebace2
door-relax-envelope-fdd35cee-envK1gL1/cases/carry_b-v6h.k1g_teacher_E_y-0.060_h+3.0_s911_pPOST_L1_VENV/result.json,63918,bde161c3551de038d75e820a1d4e176594ff3f2267c3a117d3d3fa3f2beacaf6,bde161c3551de038d75e820a1d4e176594ff3f2267c3a117d3d3fa3f2beacaf6
door-relax-envelope-fdd35cee-envK1gL1/cases/carry_b-v6h.k1g_teacher_E_y-0.060_h+7.0_s911_pPOST_L1_VENV/case.json,2730,3795829b1c8d25eaf83116eb95962b13d0f3fd225f5c4b6f8722ee1bc9ecd877,3795829b1c8d25eaf83116eb95962b13d0f3fd225f5c4b6f8722ee1bc9ecd877
door-relax-envelope-fdd35cee-envK1gL1/cases/carry_b-v6h.k1g_teacher_E_y-0.060_h+7.0_s911_pPOST_L1_VENV/result.json,63910,5a2f1b22b048ac69ec1070cde30a14d7b81274687036fd8f5dafd0d4844a8a4d,5a2f1b22b048ac69ec1070cde30a14d7b81274687036fd8f5dafd0d4844a8a4d
door-relax-envelope-fdd35cee-envK1gL1/cases/carry_b-v6h.k1g_teacher_E_y-0.020_h+0.0_s911_pPOST_L1_VENV/case.json,2667,4a41132b63f41adbe81570ccf4aa88718a34e3dcf955991804cd6205cafda280,4a41132b63f41adbe81570ccf4aa88718a34e3dcf955991804cd6205cafda280
door-relax-envelope-fdd35cee-envK1gL1/cases/carry_b-v6h.k1g_teacher_E_y-0.020_h+0.0_s911_pPOST_L1_VENV/result.json,63874,e8841942f160637040caeaaefa4d3c3c5500fe334db8ddf130866b9f7f1c6796,e8841942f160637040caeaaefa4d3c3c5500fe334db8ddf130866b9f7f1c6796
door-relax-envelope-fdd35cee-envK1gL1/cases/carry_b-v6h.k1g_teacher_E_y-0.020_h-7.0_s911_pPOST_L1_VENV/case.json,2728,b58caaf724d2d876bad126995c79d7e0ed5e66b8b7f7030ca0be93402b56fa8d,b58caaf724d2d876bad126995c79d7e0ed5e66b8b7f7030ca0be93402b56fa8d
door-relax-envelope-fdd35cee-envK1gL1/cases/carry_b-v6h.k1g_teacher_E_y-0.020_h-7.0_s911_pPOST_L1_VENV/result.json,27308,f72e654204656aa855eeba1141993b108a28242dcf379d9fa87d8df38695d056,f72e654204656aa855eeba1141993b108a28242dcf379d9fa87d8df38695d056
door-relax-envelope-fdd35cee-envK1gL1/cases/carry_b-v6h.k1g_teacher_E_y-0.020_h-3.9_s911_pPOST_L1_VENV/case.json,2730,dc566faf3c9bc67a376bdcf2dfcce32f102d3e97fb13b0ea0380de0ef091c304,dc566faf3c9bc67a376bdcf2dfcce32f102d3e97fb13b0ea0380de0ef091c304
door-relax-envelope-fdd35cee-envK1gL1/cases/carry_b-v6h.k1g_teacher_E_y-0.020_h-3.9_s911_pPOST_L1_VENV/result.json,63880,507daba850122a694ed42b99ba5c4fde31e72ae9aaafa3c7a6b87716f3e0d61d,507daba850122a694ed42b99ba5c4fde31e72ae9aaafa3c7a6b87716f3e0d61d
door-relax-envelope-fdd35cee-envK1gL1/cases/carry_b-v6h.k1g_teacher_E_y-0.020_h+3.0_s911_pPOST_L1_VENV/case.json,2727,4ae174dcb83a4fa7b913b3698d57b65da7f5e8b878654dc50465158a0cb3d21c,4ae174dcb83a4fa7b913b3698d57b65da7f5e8b878654dc50465158a0cb3d21c
door-relax-envelope-fdd35cee-envK1gL1/cases/carry_b-v6h.k1g_teacher_E_y-0.020_h+3.0_s911_pPOST_L1_VENV/result.json,63895,8cd6dba89202ea6eaf0374f254ec041c6bcd732a4c057a79a32ebc9ffe901b0a,8cd6dba89202ea6eaf0374f254ec041c6bcd732a4c057a79a32ebc9ffe901b0a
door-relax-envelope-fdd35cee-envK1gL1/cases/carry_b-v6h.k1g_teacher_E_y-0.020_h+7.0_s911_pPOST_L1_VENV/case.json,2727,75f3d4d141340a48996aee05cc8ac6c9a1287c9c189f13625a670d64bd206f58,75f3d4d141340a48996aee05cc8ac6c9a1287c9c189f13625a670d64bd206f58
door-relax-envelope-fdd35cee-envK1gL1/cases/carry_b-v6h.k1g_teacher_E_y-0.020_h+7.0_s911_pPOST_L1_VENV/result.json,63848,e4136472a033f62ca49a5d770beb9d0ef10302f90e0e409bdafde16f81f74fba,e4136472a033f62ca49a5d770beb9d0ef10302f90e0e409bdafde16f81f74fba
door-relax-envelope-fdd35cee-envK1gL1/cases/carry_b-v6h.k1g_teacher_E_y+0.090_h+0.0_s911_pPOST_L1_VENV/case.json,2707,190803bd291bab58fc1e7aa32a6293a36d17ef80080ab4e8e2342148ae54dc23,190803bd291bab58fc1e7aa32a6293a36d17ef80080ab4e8e2342148ae54dc23
door-relax-envelope-fdd35cee-envK1gL1/cases/carry_b-v6h.k1g_teacher_E_y+0.090_h+0.0_s911_pPOST_L1_VENV/result.json,63876,a9f066bdb85d684822e9fe3ca00626507072efbcade3544b46e4dfa647f40106,a9f066bdb85d684822e9fe3ca00626507072efbcade3544b46e4dfa647f40106
door-relax-envelope-fdd35cee-envK1gL1/cases/carry_b-v6h.k1g_teacher_E_y+0.090_h-3.9_s911_pPOST_L1_VENV/case.json,2741,8e06a66ba07aad0f8ddfb840e276aa03ff26a56e57e79f595889f7d774ca59f5,8e06a66ba07aad0f8ddfb840e276aa03ff26a56e57e79f595889f7d774ca59f5
door-relax-envelope-fdd35cee-envK1gL1/cases/carry_b-v6h.k1g_teacher_E_y+0.090_h-3.9_s911_pPOST_L1_VENV/result.json,63929,c8e8e7e414e03f8b6de2a892d9b62d945f44b4fb92bcb252a4c6b144f0df7509,c8e8e7e414e03f8b6de2a892d9b62d945f44b4fb92bcb252a4c6b144f0df7509
door-relax-envelope-fdd35cee-envK1gL1/cases/carry_b-v6h.k1g_teacher_E_y+0.090_h+3.0_s911_pPOST_L1_VENV/case.json,2737,4af36bba639020dbe499b7e3e84ed8e74cec7eabb46a41d0a3e8c24605e86139,4af36bba639020dbe499b7e3e84ed8e74cec7eabb46a41d0a3e8c24605e86139
door-relax-envelope-fdd35cee-envK1gL1/cases/carry_b-v6h.k1g_teacher_E_y+0.090_h+3.0_s911_pPOST_L1_VENV/result.json,63915,09483cd89ca822819baa66418e3242dc74d9bca04d6034c9f44b109a69d375b8,09483cd89ca822819baa66418e3242dc74d9bca04d6034c9f44b109a69d375b8
door-relax-envelope-fdd35cee-envK1gL1/cases/carry_b-v6h.k1g_teacher_E_y+0.090_h-7.0_s911_pPOST_L1_VENV/case.json,2738,236c6556de32aefe03ec2d17c29e393552cc2408fd84a5ffce6e015c13955894,236c6556de32aefe03ec2d17c29e393552cc2408fd84a5ffce6e015c13955894
door-relax-envelope-fdd35cee-envK1gL1/cases/carry_b-v6h.k1g_teacher_E_y+0.090_h-7.0_s911_pPOST_L1_VENV/result.json,63901,be1b6774763b07d8a93613c772cd590d7264e2a3aafd3b4ce29b8e451b2e8f03,be1b6774763b07d8a93613c772cd590d7264e2a3aafd3b4ce29b8e451b2e8f03
door-relax-envelope-fdd35cee-envK1gL1/cases/carry_b-v6h.k1g_teacher_E_y+0.090_h+7.0_s911_pPOST_L1_VENV/case.json,2739,12471a244eb36607c6321e7ffb4b5195819dcf12a2ed3606c36de0401988300d,12471a244eb36607c6321e7ffb4b5195819dcf12a2ed3606c36de0401988300d
door-relax-envelope-fdd35cee-envK1gL1/cases/carry_b-v6h.k1g_teacher_E_y+0.090_h+7.0_s911_pPOST_L1_VENV/result.json,63888,2423b5e536335744af7a460532bd782db899ff64afc54803087303f5f0de9a7c,2423b5e536335744af7a460532bd782db899ff64afc54803087303f5f0de9a7c
door-relax-envelope-fdd35cee-envK1gL1/cases/carry_b-v6h.k1g_teacher_E_y+0.130_h+3.0_s911_pPOST_L1_VENV/case.json,2721,e8c3726effa40dc5181273f0d04f8935b6b4cb671a9bf687ac5dabb7eeb0c8c4,e8c3726effa40dc5181273f0d04f8935b6b4cb671a9bf687ac5dabb7eeb0c8c4
door-relax-envelope-fdd35cee-envK1gL1/cases/carry_b-v6h.k1g_teacher_E_y+0.130_h+3.0_s911_pPOST_L1_VENV/result.json,27304,4cea24bede0c9c219a9db2d175b8203489097b4ca89fe192849d11f705154660,4cea24bede0c9c219a9db2d175b8203489097b4ca89fe192849d11f705154660
door-relax-envelope-fdd35cee-envK1gL1/cases/carry_b-v6h.k1g_teacher_E_y+0.130_h-3.9_s911_pPOST_L1_VENV/case.json,2725,1544496462ecafbfc7067ec90c223669e08079dbcff18749730564f96748f56d,1544496462ecafbfc7067ec90c223669e08079dbcff18749730564f96748f56d
door-relax-envelope-fdd35cee-envK1gL1/cases/carry_b-v6h.k1g_teacher_E_y+0.130_h-3.9_s911_pPOST_L1_VENV/result.json,63911,4c9923d22ddc366c1abd26978fd36d41fcba04b0e26f3b7aabfb45d0192d515a,4c9923d22ddc366c1abd26978fd36d41fcba04b0e26f3b7aabfb45d0192d515a
door-relax-envelope-fdd35cee-envK1gL1/cases/carry_b-v6h.k1g_teacher_E_y+0.130_h+0.0_s911_pPOST_L1_VENV/case.json,2660,c62821b31a653411472f7e4676c2a972bfe0a5637d82f659a40d8324a46c1d3b,c62821b31a653411472f7e4676c2a972bfe0a5637d82f659a40d8324a46c1d3b
door-relax-envelope-fdd35cee-envK1gL1/cases/carry_b-v6h.k1g_teacher_E_y+0.130_h+0.0_s911_pPOST_L1_VENV/result.json,63886,8dda454b288b9132dc477d096bc58c9f171ece8ee2086a5b983a02a0ff066f37,8dda454b288b9132dc477d096bc58c9f171ece8ee2086a5b983a02a0ff066f37
door-relax-envelope-fdd35cee-envK1gL1/cases/carry_b-v6h.k1g_teacher_E_y+0.170_h+0.0_s911_pPOST_L1_VENV/case.json,2707,6b27d700fec13b61f556c080d69014b79fb2d0a874fc523b1b78e559c5c5aa9b,6b27d700fec13b61f556c080d69014b79fb2d0a874fc523b1b78e559c5c5aa9b
door-relax-envelope-fdd35cee-envK1gL1/cases/carry_b-v6h.k1g_teacher_E_y+0.170_h+0.0_s911_pPOST_L1_VENV/result.json,27326,9f6ac951543b96fb0be565a3b89a0b7a6e64c9244d23387b2731a6d0db999eb7,9f6ac951543b96fb0be565a3b89a0b7a6e64c9244d23387b2731a6d0db999eb7
door-relax-envelope-fdd35cee-envK1gL1/cases/carry_b-v6h.k1g_teacher_E_y+0.130_h+7.0_s911_pPOST_L1_VENV/case.json,2724,d69182601d82b5d3ec0fc67264d470f7e6b62efc52c7fd96e6b8c8895cbac52d,d69182601d82b5d3ec0fc67264d470f7e6b62efc52c7fd96e6b8c8895cbac52d
door-relax-envelope-fdd35cee-envK1gL1/cases/carry_b-v6h.k1g_teacher_E_y+0.130_h+7.0_s911_pPOST_L1_VENV/result.json,27258,e67d48ebdbdbc6e5cce786e6636c4a51ba191f2e692c6a71d6a5127ffe32b2e4,e67d48ebdbdbc6e5cce786e6636c4a51ba191f2e692c6a71d6a5127ffe32b2e4
door-relax-envelope-fdd35cee-envK1gL1/cases/carry_b-v6h.k1g_teacher_E_y+0.170_h+3.0_s911_pPOST_L1_VENV/case.json,2735,dff03a9072b75d00a62bd5e650a511a3ec7e98ada29d80ebbad46a008d0143ac,dff03a9072b75d00a62bd5e650a511a3ec7e98ada29d80ebbad46a008d0143ac
door-relax-envelope-fdd35cee-envK1gL1/cases/carry_b-v6h.k1g_teacher_E_y+0.170_h+3.0_s911_pPOST_L1_VENV/result.json,27275,e8898b9f50cd9aa857313e0c6f64389b7bd760c3ef9fc64986125a88f163b428,e8898b9f50cd9aa857313e0c6f64389b7bd760c3ef9fc64986125a88f163b428
door-relax-envelope-fdd35cee-envK1gL1/cases/carry_b-v6h.k1g_teacher_E_y+0.130_h-7.0_s911_pPOST_L1_VENV/case.json,2724,bf035794094e73b2f7cc8d4b476e07e554416d101c5c5163f6755b70eaaa5fc8,bf035794094e73b2f7cc8d4b476e07e554416d101c5c5163f6755b70eaaa5fc8
door-relax-envelope-fdd35cee-envK1gL1/cases/carry_b-v6h.k1g_teacher_E_y+0.130_h-7.0_s911_pPOST_L1_VENV/result.json,63890,9a1778eb351394daed332533f72b164c718efd0da2d551dfa20087cdeb98ff64,9a1778eb351394daed332533f72b164c718efd0da2d551dfa20087cdeb98ff64
door-relax-envelope-fdd35cee-envK1gL1/cases/carry_b-v6h.k1g_teacher_E_y+0.170_h+7.0_s911_pPOST_L1_VENV/case.json,2736,2af6673dad2cff6bb2b59ad03d70fceae0b1ffc3845b2346f5ab97fc2d73291a,2af6673dad2cff6bb2b59ad03d70fceae0b1ffc3845b2346f5ab97fc2d73291a
door-relax-envelope-fdd35cee-envK1gL1/cases/carry_b-v6h.k1g_teacher_E_y+0.170_h+7.0_s911_pPOST_L1_VENV/result.json,27252,a3076ecf033421e966e610f8fe86b933c4d3218afbe188a326a40a59dd58e7e4,a3076ecf033421e966e610f8fe86b933c4d3218afbe188a326a40a59dd58e7e4
door-relax-envelope-fdd35cee-envK1gL1/cases/carry_b-v6h.k1g_teacher_E_y+0.170_h-3.9_s911_pPOST_L1_VENV/case.json,2740,dd0b041fb2f62b8d8fae5ce51d989d9b69a404ab8f66da9a6d893387a0138ea9,dd0b041fb2f62b8d8fae5ce51d989d9b69a404ab8f66da9a6d893387a0138ea9
door-relax-envelope-fdd35cee-envK1gL1/cases/carry_b-v6h.k1g_teacher_E_y+0.170_h-3.9_s911_pPOST_L1_VENV/result.json,63844,66f2ab3246cebb05f519ca703d36441654068e3e8b1b01a398bd03d23b08344c,66f2ab3246cebb05f519ca703d36441654068e3e8b1b01a398bd03d23b08344c
door-relax-envelope-fdd35cee-envK1gL1/cases/carry_b-v6h.k1g_teacher_E_y+0.200_h+0.0_s911_pPOST_L1_VENV/case.json,2657,fb5140d37024849e8f4656cfc5762fa9e1c25072b700ce77822c5d325685dceb,fb5140d37024849e8f4656cfc5762fa9e1c25072b700ce77822c5d325685dceb
door-relax-envelope-fdd35cee-envK1gL1/cases/carry_b-v6h.k1g_teacher_E_y+0.200_h+0.0_s911_pPOST_L1_VENV/result.json,27250,97018fe7bee501176c085b2b2ebcde11791b0b4c8e0bf6a878358df4d06eff0e,97018fe7bee501176c085b2b2ebcde11791b0b4c8e0bf6a878358df4d06eff0e
door-relax-envelope-fdd35cee-envK1gL1/cases/carry_b-v6h.k1g_teacher_E_y+0.200_h-3.9_s911_pPOST_L1_VENV/case.json,2724,2dec0fa0a490da9a0c01c248759097519bb57697e2eab44dc592aaff3a169568,2dec0fa0a490da9a0c01c248759097519bb57697e2eab44dc592aaff3a169568
door-relax-envelope-fdd35cee-envK1gL1/cases/carry_b-v6h.k1g_teacher_E_y+0.200_h-3.9_s911_pPOST_L1_VENV/result.json,27267,236cba3e0cf96b0022e80c82e753c1d16b28bbef51d4cc272362db9c30ce7380,236cba3e0cf96b0022e80c82e753c1d16b28bbef51d4cc272362db9c30ce7380
door-relax-envelope-fdd35cee-envK1gL1/cases/carry_b-v6h.k1g_teacher_E_y+0.170_h-7.0_s911_pPOST_L1_VENV/case.json,2738,4bf3eac3af1eb6ba4ea2eca25ecccff3bb416edc13726c91f10df4d04bd2c469,4bf3eac3af1eb6ba4ea2eca25ecccff3bb416edc13726c91f10df4d04bd2c469
door-relax-envelope-fdd35cee-envK1gL1/cases/carry_b-v6h.k1g_teacher_E_y+0.170_h-7.0_s911_pPOST_L1_VENV/result.json,63867,f0706438bc3baac75f6fa676da67b71c85b88d76ab713e865516843f6807eeda,f0706438bc3baac75f6fa676da67b71c85b88d76ab713e865516843f6807eeda
door-relax-envelope-fdd35cee-envK1gL1/cases/carry_b-v6h.k1g_teacher_E_y+0.200_h+3.0_s911_pPOST_L1_VENV/case.json,2721,46a5738355908ac72ca04273464ee98bc7d9f63f06a52d7b39cbcdfb4b1afd45,46a5738355908ac72ca04273464ee98bc7d9f63f06a52d7b39cbcdfb4b1afd45
door-relax-envelope-fdd35cee-envK1gL1/cases/carry_b-v6h.k1g_teacher_E_y+0.200_h+3.0_s911_pPOST_L1_VENV/result.json,27250,1b8b39f60a6d51b17e821a640a05a1404cb369c7377fabe1711fa2499fda5a43,1b8b39f60a6d51b17e821a640a05a1404cb369c7377fabe1711fa2499fda5a43
door-relax-envelope-fdd35cee-envK1gL1/cases/carry_b-v6h.k1g_teacher_E_y+0.200_h+7.0_s911_pPOST_L1_VENV/case.json,2721,06270c7cc24811cbec858f98e05b5628d671b1413f7425d2a306236fee8ed389,06270c7cc24811cbec858f98e05b5628d671b1413f7425d2a306236fee8ed389
door-relax-envelope-fdd35cee-envK1gL1/cases/carry_b-v6h.k1g_teacher_E_y+0.200_h+7.0_s911_pPOST_L1_VENV/result.json,27223,f23e1406d59860508f06ed8b454cdde98f1a0a058d984ce23bbed97fa6176a04,f23e1406d59860508f06ed8b454cdde98f1a0a058d984ce23bbed97fa6176a04
door-relax-envelope-fdd35cee-envK1gL1/cases/carry_b-v6h.k1g_teacher_E_y+0.200_h-7.0_s911_pPOST_L1_VENV/case.json,2721,a25768b5d78c4fd242fc97799a4fd854f60248152f81bede157fa746757d5371,a25768b5d78c4fd242fc97799a4fd854f60248152f81bede157fa746757d5371
door-relax-envelope-fdd35cee-envK1gL1/cases/carry_b-v6h.k1g_teacher_E_y+0.200_h-7.0_s911_pPOST_L1_VENV/result.json,63890,847631ea781fc36af12f8be49bfebdaf5a6ca3b34cd0635748a2b1c698ac9ce7,847631ea781fc36af12f8be49bfebdaf5a6ca3b34cd0635748a2b1c698ac9ce7
pair-stage-probes-052e3eba-v6d-align-combined/manifest.json,3598,a78bf43f694c6aaad6aef356b027d4e2159045518468c9cf0329c9bd56318d21,
pair-stage-probes-052e3eba-v6d-align-combined/cases.jsonl,45994,33b6376fb66b6ea62c456563c28b8e3ef9e299e33dc29e3228bd449ffb837215,
pair-stage-probes-052e3eba-v6d-align-combined/artifacts.sha256.json,361,5776af3a28849bae410e1a4354e7af13ff1f41f236ba39c6b1fd3a91dbe15ad5,
pair-stage-probes-052e3eba-v6d-bound-e2e/manifest.json,160935,872f03c8e582b1a7665216675c8ffd701f59523dae45a44d038faf621cea73ed,
pair-stage-probes-052e3eba-v6d-bound-e2e/cases.jsonl,29361,28defe461ee45da6efe4c65ff3c9d22519ee7c73ba2f08a47852d69ad1a924b7,
pair-stage-probes-052e3eba-v6d-bound-e2e/artifacts.sha256.json,883114,1522668b982695649b8981113a89eba44ce6044db208c68164d68c9892c5f179,
pair-stage-probes-052e3eba-v6d-bound-e2e/plan.json,56206,0fbef75b34f3bae9472c053037cc9bf5ad4f24b4d161debf18743993efc3f34e,
pair-stage-probes-052e3eba-v6d-diag-ex12-b-v6c-omp1/manifest.json,160983,c6922c263b12980506fdc6476ed31a2dd315ac5974bcf7554c1f4acc98a0fe40,
pair-stage-probes-052e3eba-v6d-diag-ex12-b-v6c-omp1/cases.jsonl,1048,635c791cfaa6c841e9ed6932a248e3455a7df4389a8d097401c7270217dd176e,
pair-stage-probes-052e3eba-v6d-diag-ex12-b-v6c-omp1/artifacts.sha256.json,14582,36d729b9e9b1b6167de0b64bb709fba3e45273600c04f858b5470af3c46ac349,
pair-stage-probes-052e3eba-v6d-diag-ex12-b-v6c-omp1/plan.json,2532,63c26c64c70d088131ea0e58d7293af00f4d7dddf76ee410419e7d970ab3c142,
pair-stage-probes-052e3eba-v6d-diag-ex12-b-v6c-omp2/manifest.json,160983,ff709b2fdfc45254dc84802a63e4110fbb8860ee784813f065aa02d653339159,
pair-stage-probes-052e3eba-v6d-diag-ex12-b-v6c-omp2/cases.jsonl,1048,875215fd8b8406a530572f654f4c173e3413bf546518374692e8fc5ac0efb549,
pair-stage-probes-052e3eba-v6d-diag-ex12-b-v6c-omp2/artifacts.sha256.json,14582,eb1e88de3451a1d05845e8e20e965cd27a0bdc7c005adb998bb4c0d239c54bb9,
pair-stage-probes-052e3eba-v6d-diag-ex12-b-v6c-omp2/plan.json,2532,63c26c64c70d088131ea0e58d7293af00f4d7dddf76ee410419e7d970ab3c142,
pair-stage-probes-052e3eba-v6d-diag-ex12-b-v6d-omp1/manifest.json,160977,65ea603cbcdd4a958726ad2f3e0e64fca765b3f86ab04f4b1ad115762df3720f,
pair-stage-probes-052e3eba-v6d-diag-ex12-b-v6d-omp1/cases.jsonl,1048,a1a5196d733e46e88ebc619bf04061ad14b9ee0526932a30e85e7a285d0af4e0,
pair-stage-probes-052e3eba-v6d-diag-ex12-b-v6d-omp1/artifacts.sha256.json,14582,63787907848cb26dc0f32797a720e8ec989946ed7b7c5f40a88971fe774f6bf5,
pair-stage-probes-052e3eba-v6d-diag-ex12-b-v6d-omp1/plan.json,2532,636b947c06f3cf1c158b96b2679007b0458da8b97de873cc7fa50e881333e2b5,
pair-stage-probes-052e3eba-v6d-diag-ex12-b-v6d-omp2/manifest.json,160985,b3d5ca563023d33575d897467062551827374dddb03d9fb45cb7cbd339ee4a8a,
pair-stage-probes-052e3eba-v6d-diag-ex12-b-v6d-omp2/cases.jsonl,1048,bb3c69a06ee2468f03a8c5876c14f3d91a640737b7f0608d4f941eee6c83f1a7,
pair-stage-probes-052e3eba-v6d-diag-ex12-b-v6d-omp2/artifacts.sha256.json,14582,62548c73d232ff684e5010afa4f6772d6426c9f12b4b16dc749b44fc4f644d9a,
pair-stage-probes-052e3eba-v6d-diag-ex12-b-v6d-omp2/plan.json,2532,636b947c06f3cf1c158b96b2679007b0458da8b97de873cc7fa50e881333e2b5,
pair-stage-probes-052e3eba-v6d-venv-align-0/manifest.json,161178,027318c4c9eeab9aecfe61d023e9cee48cbeb8f0cb306be13cdd6ba48810d5c4,
pair-stage-probes-052e3eba-v6d-venv-align-0/cases.jsonl,21557,c455297a05aebedd356d9ab4b53abf29da0fa7b890efe9b9695a894c1f6ee207,
pair-stage-probes-052e3eba-v6d-venv-align-0/artifacts.sha256.json,2200134,26fe523a42e547b26007666739d9e3991250cdc086edcdfc2b4d1ec2ee3d32f3,
pair-stage-probes-052e3eba-v6d-venv-align-0/plan.json,33424,14f868d705613d86adc45dd5f71af69a3541b2c5a5f82fabf3c06b073cea10ab,
pair-stage-probes-052e3eba-v6d-venv-align-1/manifest.json,161176,885452943a1a9154af9906c23a8e36d444ea8563420dbdac4caae60f985dc55b,
pair-stage-probes-052e3eba-v6d-venv-align-1/cases.jsonl,19932,69a695a25f49f5a60b87a6b02cb0ac68939d3351db686a05e11c3a3c9ab58293,
pair-stage-probes-052e3eba-v6d-venv-align-1/artifacts.sha256.json,2006000,3790e451dafc593ab02ac267f982d1e6f3ea55123195420157c27aba9eea2af9,
pair-stage-probes-052e3eba-v6d-venv-align-1/plan.json,31102,485d8e1428e62c2010d1087305c51e5306f7d07bcbbb97da615bf0cdfad167d3,
pair-stage-probes-052e3eba-v6d-venv-align-combined/manifest.json,2267,4806c19e60f67951486fbde80d9d68fb1dc95a6199f549ec10057524edcb0ce9,
pair-stage-probes-052e3eba-v6d-venv-align-combined/cases.jsonl,46139,bb6c2075f19bf282b1ebf763a68a8dd4a5493e7e8ab5959c225f13c5ea9544a6,
pair-stage-probes-052e3eba-v6d-venv-align-combined/artifacts.sha256.json,360,202243f6c81c05cba51c1ae4460e2b7f457960b7cd63192d7a83dc8b3373a8ba,
pair-stage-probes-052e3eba-v6d-venv-bound-e2e/manifest.json,160966,0b841f4029ab05484f8d34bc684a547082e566c31d66f4c59c62a9bc9d89f7bf,
pair-stage-probes-052e3eba-v6d-venv-bound-e2e/cases.jsonl,29614,a86bcd5b2a39776541ca61163c1013980e024acfa45b01f8801c38b47a6bc75e,
pair-stage-probes-052e3eba-v6d-venv-bound-e2e/artifacts.sha256.json,908188,6a100cd6c114dda10a13b2c467fdec5e41b93c10c9b870b6b9f8c5569daf266d,
pair-stage-probes-052e3eba-v6d-venv-bound-e2e/plan.json,56206,0fbef75b34f3bae9472c053037cc9bf5ad4f24b4d161debf18743993efc3f34e,
pair-stage-probes-099f4466-smoke/manifest.json,160284,b01de09474d123312b5476534dcff7dca60106306205bce73a5a840f59d29508,
pair-stage-probes-099f4466-smoke/cases.jsonl,2180,91cee7174f18a278725001b9f7735294d02d849305c2d96cf79f5a3a1a6a0ede,
pair-stage-probes-099f4466-smoke/artifacts.sha256.json,82151,40ae29a91f268a91c51f71d4c121146b9d25efae0caceb4bdb51265dbfd682f8,
pair-stage-probes-099f4466-smoke/plan.json,4655,6fbd80337d976e864b275d0e26b18d16cdc8e325793962412f950287d95b2f35,
pair-stage-probes-099f4466-smoke/cases/carry_b-v6c_teacher_nominal_s911_pE2E/case.json,2040,4953d6b83bb34c12c2881f301ef831626e27a0a85ed98386df2f7ddba5e23001,4953d6b83bb34c12c2881f301ef831626e27a0a85ed98386df2f7ddba5e23001
pair-stage-probes-099f4466-smoke/cases/carry_b-v6c_teacher_nominal_s911_pE2E/result.json,24010,19f0c2f76401ce1a3787b8e3c782ea402cf9ea4158af84317987384a228baba8,19f0c2f76401ce1a3787b8e3c782ea402cf9ea4158af84317987384a228baba8
pair-stage-probes-0a96718b-dxTinyS/manifest.json,160113,a3701542bf42a95ffc2b85e9e42172a2b2773caf8c7786738de6a17b91993900,
pair-stage-probes-0a96718b-dxTinyS/cases.jsonl,8878,8ca6dfbda8ddfc22260e4de9efed15a397bce674bfa7c41d5c6441fdc21b3183,
pair-stage-probes-0a96718b-dxTinyS/artifacts.sha256.json,194501,8f16b3ecdd86722d58ce44acb89dcda1b4f5b265221f89ca1abc0cd26c2d0721,
pair-stage-probes-0a96718b-dxTinyS/plan.json,10967,804e6de3bee0435f2d09b166073691a513de8922bbc129739fd22279f6fb7162,
pair-stage-probes-19c8f0b2-ghG/manifest.json,166704,319cd136e62c23d77dfeed152b3410bb56b35a8d1d4cf0d1c43a8d630e776efc,
pair-stage-probes-19c8f0b2-ghG/cases.jsonl,30106,724267056a4dbd008aed65b8ecc7fe20a37dc96545e6a97699220d8174fe60e5,
pair-stage-probes-19c8f0b2-ghG/artifacts.sha256.json,394203,c351cf5306af8404552a2edc42e5e1ef39c88ec9b700e60c5ac2fbaab241f81d,
pair-stage-probes-19c8f0b2-ghG/plan.json,25147,36668bca2433a5f972bcae35e8738dd7e260d588e7f52633ca07f01cc0a0c2a8,
pair-stage-probes-1b776a34-dAdv/manifest.json,167514,890360581000d4b2c11231944abb9aadc0dff5c5dd4ac7c83bbd53709c309ab7,
pair-stage-probes-1b776a34-dAdv/cases.jsonl,72096,9cbfbc205554b6ee9be219c5bc81f30e49a60981c98a2c7abfca4a87e2c9bd30,
pair-stage-probes-1b776a34-dAdv/artifacts.sha256.json,2442914,a6460f8a2300c62f8e2e25723ac996ddfa016372fd54e28c67ce1f32cff6395c,
pair-stage-probes-1b776a34-dAdv/plan.json,65175,94a48b7a9903a9e8cd51325784382b7ecec2abe2c60e06b03a53b8db6606c109,
pair-stage-probes-1b776a34-dAdv/cases/carry_b-v6h.adv_teacher_hR2_02_s911_pPOST_VhR2/case.json,2845,acf6c205b78023de0f79e0b9b7d36195910ce14114ccaf8de28345e473ca2fb5,acf6c205b78023de0f79e0b9b7d36195910ce14114ccaf8de28345e473ca2fb5
pair-stage-probes-1b776a34-dAdv/cases/carry_b-v6h.adv_teacher_hR2_02_s911_pPOST_VhR2/result.json,55902,d6bb3237d647834e146d71e0d3d8f889d0216388d229901f93ffbac8c3ef109c,d6bb3237d647834e146d71e0d3d8f889d0216388d229901f93ffbac8c3ef109c
pair-stage-probes-1b776a34-dAdv/cases/carry_b-v6h.adv_teacher_hR2_01_s911_pPOST_VhR2/case.json,2843,1cf4a0bce1141e2dca3bea0775c188b1f5c6bf8a9b62dcfbddd2c6f675d94996,1cf4a0bce1141e2dca3bea0775c188b1f5c6bf8a9b62dcfbddd2c6f675d94996
pair-stage-probes-1b776a34-dAdv/cases/carry_b-v6h.adv_teacher_hR2_01_s911_pPOST_VhR2/result.json,56235,71bbc839e568891dff2fc112de1a86193acf69e0517a46a358b6d1f118c2c573,71bbc839e568891dff2fc112de1a86193acf69e0517a46a358b6d1f118c2c573
pair-stage-probes-1b776a34-dAdv/cases/carry_b-v6h.adv_teacher_hR2_03_s911_pPOST_VhR2/case.json,2839,9b4660b4b5931794415da1e922c99b16df2e42ee9bcb50086b6bbb7d22202253,9b4660b4b5931794415da1e922c99b16df2e42ee9bcb50086b6bbb7d22202253
pair-stage-probes-1b776a34-dAdv/cases/carry_b-v6h.adv_teacher_hR2_03_s911_pPOST_VhR2/result.json,55900,a95c31454528513e0b8f51f7a7099036307e01c04b603c1c71a1599c967f8c4a,a95c31454528513e0b8f51f7a7099036307e01c04b603c1c71a1599c967f8c4a
pair-stage-probes-1b776a34-dAdv/cases/carry_b-v6h.adv_teacher_hR2_04_s911_pPOST_VhR2/case.json,2845,7732000822527a3f0bfa9596db799c7d10c46a0b9df92c9e7fa93d34f777f55d,7732000822527a3f0bfa9596db799c7d10c46a0b9df92c9e7fa93d34f777f55d
pair-stage-probes-1b776a34-dAdv/cases/carry_b-v6h.adv_teacher_hR2_04_s911_pPOST_VhR2/result.json,58785,6f84b6dbe7abd67c9837f4a2c251a7903ebca36d4f0eea4f0eadb35aabd7d029,6f84b6dbe7abd67c9837f4a2c251a7903ebca36d4f0eea4f0eadb35aabd7d029
pair-stage-probes-1b776a34-dAdv/cases/carry_b-v6h.adv_teacher_hR2_05_s911_pPOST_VhR2/case.json,2843,d04800a68aeea6044f8602d67aa65c249a7847e790b4102889e8ffc4b8a4398f,d04800a68aeea6044f8602d67aa65c249a7847e790b4102889e8ffc4b8a4398f
pair-stage-probes-1b776a34-dAdv/cases/carry_b-v6h.adv_teacher_hR2_05_s911_pPOST_VhR2/result.json,58777,c972658d61805069533928d154ebe90ff4cb32b50df032b6fc08e0cdc22a40b8,c972658d61805069533928d154ebe90ff4cb32b50df032b6fc08e0cdc22a40b8
pair-stage-probes-1b776a34-dAdv/cases/carry_b-v6h.adv_teacher_hR2_06_s911_pPOST_VhR2/case.json,2842,b62eab778d420512260e69035183275a6c81141abb041c19c3c9beef4b2c7e0f,b62eab778d420512260e69035183275a6c81141abb041c19c3c9beef4b2c7e0f
pair-stage-probes-1b776a34-dAdv/cases/carry_b-v6h.adv_teacher_hR2_06_s911_pPOST_VhR2/result.json,58803,19ca9253c44d93815d91da749b0f0aacdfaad8a81818ddbe029bc42950893e7e,19ca9253c44d93815d91da749b0f0aacdfaad8a81818ddbe029bc42950893e7e
pair-stage-probes-1b776a34-dAdv/cases/carry_b-v6h.adv_teacher_hR2_07_s911_pPOST_VhR2/case.json,2846,7ac972b1a5696f228f80b708eab998bc45a1fac20c5124cb85e00d97d2314546,7ac972b1a5696f228f80b708eab998bc45a1fac20c5124cb85e00d97d2314546
pair-stage-probes-1b776a34-dAdv/cases/carry_b-v6h.adv_teacher_hR2_07_s911_pPOST_VhR2/result.json,55903,f0752e1792841de9af1b28654ac5ba3b020f473e9875ba0787e4ea9b285b2780,f0752e1792841de9af1b28654ac5ba3b020f473e9875ba0787e4ea9b285b2780
pair-stage-probes-1b776a34-dAdv/cases/carry_b-v6h.adv_teacher_hR2_08_s911_pPOST_VhR2/case.json,2836,ea873ec0e03c090593fc9a34061c690a23b83892af98774fc266697d37a00dc1,ea873ec0e03c090593fc9a34061c690a23b83892af98774fc266697d37a00dc1
pair-stage-probes-1b776a34-dAdv/cases/carry_b-v6h.adv_teacher_hR2_08_s911_pPOST_VhR2/result.json,55908,8584bbfed49dc247593adab17d73dc0ed15705175282045ba147fd834a165a21,8584bbfed49dc247593adab17d73dc0ed15705175282045ba147fd834a165a21
pair-stage-probes-1b776a34-dAdv/cases/carry_b-v6h.adv_teacher_hR2_09_s911_pPOST_VhR2/case.json,2841,2d2cf86686b9c644df0226853cfa7a2fa5b1e7aae5ce1359f2d55b74fc498edc,2d2cf86686b9c644df0226853cfa7a2fa5b1e7aae5ce1359f2d55b74fc498edc
pair-stage-probes-1b776a34-dAdv/cases/carry_b-v6h.adv_teacher_hR2_09_s911_pPOST_VhR2/result.json,56007,278cdc848d249dc3fd09e945a4f2020c736a5ef69a2c460c353a86e790c52b1b,278cdc848d249dc3fd09e945a4f2020c736a5ef69a2c460c353a86e790c52b1b
pair-stage-probes-1b776a34-dAdv/cases/carry_b-v6h.adv_teacher_hR2_10_s911_pPOST_VhR2/case.json,2840,e6f644ef8ae955a0458d081d110fec95708a78b2084d8ee9f7ff65787654fd74,e6f644ef8ae955a0458d081d110fec95708a78b2084d8ee9f7ff65787654fd74
pair-stage-probes-1b776a34-dAdv/cases/carry_b-v6h.adv_teacher_hR2_10_s911_pPOST_VhR2/result.json,55914,e8e630eb75d40cc60d7f91bf4da9dad17d37d5a488d2addcd7cc4a4698b24f7b,e8e630eb75d40cc60d7f91bf4da9dad17d37d5a488d2addcd7cc4a4698b24f7b
pair-stage-probes-1b776a34-dAdv/cases/carry_b-v6h.adv_teacher_hR2_01_s911_pPOST_L1_VhR2/case.json,2846,c96b51759e0373d2ce8fbb594caa3bceffd55882dab7f24299e53b3691030aa5,c96b51759e0373d2ce8fbb594caa3bceffd55882dab7f24299e53b3691030aa5
pair-stage-probes-1b776a34-dAdv/cases/carry_b-v6h.adv_teacher_hR2_01_s911_pPOST_L1_VhR2/result.json,64338,5f42140a652f271fa3a36c0f4b7772696ee4cf0d749a1cfcd2a65c1f6f83877a,5f42140a652f271fa3a36c0f4b7772696ee4cf0d749a1cfcd2a65c1f6f83877a
pair-stage-probes-1b776a34-dAdv/cases/carry_b-v6h.adv_teacher_hR2_02_s911_pPOST_L1_VhR2/case.json,2842,a2fa52303cd3ea1e982c7fbab6ef062e1017dca77fd619bc1d0af0db5ecc8bc5,a2fa52303cd3ea1e982c7fbab6ef062e1017dca77fd619bc1d0af0db5ecc8bc5
pair-stage-probes-1b776a34-dAdv/cases/carry_b-v6h.adv_teacher_hR2_02_s911_pPOST_L1_VhR2/result.json,63903,dd70db3ef6668c1afaf056d5e027676df9cc1e1209dd5dc1e276e7ced5233a26,dd70db3ef6668c1afaf056d5e027676df9cc1e1209dd5dc1e276e7ced5233a26
pair-stage-probes-1b776a34-dAdv/cases/carry_b-v6h.adv_teacher_hR2_03_s911_pPOST_L1_VhR2/case.json,2840,638cfbec3815f1e3cc16802c9c95a11a131365bbccb33391f74527ab9e2f7759,638cfbec3815f1e3cc16802c9c95a11a131365bbccb33391f74527ab9e2f7759
pair-stage-probes-1b776a34-dAdv/cases/carry_b-v6h.adv_teacher_hR2_03_s911_pPOST_L1_VhR2/result.json,63870,b890aefd73904f95843041fc0b11a2b9caf62ea9bc6e431c9a7ed6789a9e4547,b890aefd73904f95843041fc0b11a2b9caf62ea9bc6e431c9a7ed6789a9e4547
pair-stage-probes-1b776a34-dAdv/cases/carry_b-v6h.adv_teacher_hR2_04_s911_pPOST_L1_VhR2/case.json,2845,713d0dd284c80e8d57c43ecc699479f8737d077a2f4ff24b6c8574364e4c3cdd,713d0dd284c80e8d57c43ecc699479f8737d077a2f4ff24b6c8574364e4c3cdd
pair-stage-probes-1b776a34-dAdv/cases/carry_b-v6h.adv_teacher_hR2_04_s911_pPOST_L1_VhR2/result.json,64347,bff8c5705adf647f7e547727202c1f1c824b7bae179ee9e73ea54225a3acf6ff,bff8c5705adf647f7e547727202c1f1c824b7bae179ee9e73ea54225a3acf6ff
pair-stage-probes-1b776a34-dAdv/cases/carry_b-v6h.adv_teacher_hR2_05_s911_pPOST_L1_VhR2/case.json,2843,5c7c6b6ef6b7c0ab70b98cb309c4c442979b0e1d71ab48fe88c039c150437c83,5c7c6b6ef6b7c0ab70b98cb309c4c442979b0e1d71ab48fe88c039c150437c83
pair-stage-probes-1b776a34-dAdv/cases/carry_b-v6h.adv_teacher_hR2_05_s911_pPOST_L1_VhR2/result.json,64378,8b2234ef6a0ba7895b269eeec9d00f80b928355b6552624d675db570399ba24f,8b2234ef6a0ba7895b269eeec9d00f80b928355b6552624d675db570399ba24f
pair-stage-probes-1b776a34-dAdv/cases/carry_b-v6h.adv_teacher_hR2_06_s911_pPOST_L1_VhR2/case.json,2842,5afd458b90e42da1f1e8a5adc53235114014c5216c3b4496a6a85a61229524ca,5afd458b90e42da1f1e8a5adc53235114014c5216c3b4496a6a85a61229524ca
pair-stage-probes-1b776a34-dAdv/cases/carry_b-v6h.adv_teacher_hR2_06_s911_pPOST_L1_VhR2/result.json,64355,eccfb4073e833a1ec1570398c21525b2b5149952a92b7870f7d0c2894cc4b08c,eccfb4073e833a1ec1570398c21525b2b5149952a92b7870f7d0c2894cc4b08c
pair-stage-probes-1b776a34-dAdv/cases/carry_b-v6h.adv_teacher_hR2_07_s911_pPOST_L1_VhR2/case.json,2849,743ab21f6e21b26a7ecba889aae29c112391a6b453d7f6b1ffc47edb963af9ed,743ab21f6e21b26a7ecba889aae29c112391a6b453d7f6b1ffc47edb963af9ed
pair-stage-probes-1b776a34-dAdv/cases/carry_b-v6h.adv_teacher_hR2_07_s911_pPOST_L1_VhR2/result.json,63889,178febc21aff7052254af51b60c6487560adfbac79c50c8ba8b8284758216546,178febc21aff7052254af51b60c6487560adfbac79c50c8ba8b8284758216546
pair-stage-probes-1b776a34-dAdv/cases/carry_b-v6h.adv_teacher_hR2_08_s911_pPOST_L1_VhR2/case.json,2841,2c737c67349d2c5368e5483609558695703d8e1dfef017c175fc92ebf50bfe3a,2c737c67349d2c5368e5483609558695703d8e1dfef017c175fc92ebf50bfe3a
pair-stage-probes-1b776a34-dAdv/cases/carry_b-v6h.adv_teacher_hR2_08_s911_pPOST_L1_VhR2/result.json,63869,46c72456a8776584b6ec7722bc395fbe0e284f599da003fad46d01a37154246f,46c72456a8776584b6ec7722bc395fbe0e284f599da003fad46d01a37154246f
pair-stage-probes-1b776a34-dAdv/cases/carry_b-v6h.adv_teacher_hR2_09_s911_pPOST_L1_VhR2/case.json,2844,bd827d4835ceb8ce45474d2b4dbf55937694d86a7d7750246d73f6a4a8de9136,bd827d4835ceb8ce45474d2b4dbf55937694d86a7d7750246d73f6a4a8de9136
pair-stage-probes-1b776a34-dAdv/cases/carry_b-v6h.adv_teacher_hR2_09_s911_pPOST_L1_VhR2/result.json,64000,5d7374c2b1b072f5bc49c7c22705c8be878dcd01daf8810619172530e62944ff,5d7374c2b1b072f5bc49c7c22705c8be878dcd01daf8810619172530e62944ff
pair-stage-probes-1b776a34-dAdv/cases/carry_b-v6h.adv_teacher_hR2_10_s911_pPOST_L1_VhR2/case.json,2844,97e8ec099e68ddab2ed4eb34ed9b094c9da6e3fdfc865bf8c6e7acff6ae43b04,97e8ec099e68ddab2ed4eb34ed9b094c9da6e3fdfc865bf8c6e7acff6ae43b04
pair-stage-probes-1b776a34-dAdv/cases/carry_b-v6h.adv_teacher_hR2_10_s911_pPOST_L1_VhR2/result.json,63883,bf7676237b2a704cc9b25e0cd88f4800edfd5c7f6914d79718f132818de07dfc,bf7676237b2a704cc9b25e0cd88f4800edfd5c7f6914d79718f132818de07dfc
pair-stage-probes-1b776a34-dBase/manifest.json,167515,0a2dbf078cc80a3f971e7d55616d9b6160643cc2485630259d19c5e96eea0836,
pair-stage-probes-1b776a34-dBase/cases.jsonl,63346,994d0dad8fc4e3cddbb1d21fa933a38242e9c9cbc6075bbe0866a3f72b68133b,
pair-stage-probes-1b776a34-dBase/artifacts.sha256.json,1997613,334097fbf4ae0955209ac980f3166f27315a38226adca4eedafc80ac69e69ff9,
pair-stage-probes-1b776a34-dBase/plan.json,63995,3f45c555cdb292de5c3d413dc24eaa7a38d7223ad0e88111e3ab437aa17501bd,
pair-stage-probes-1b776a34-dBase/cases/carry_b-v6g_teacher_hR2_02_s911_pPOST_VhR2/case.json,2794,9e25d1cee49d9fee08f001c7e15ca40ec7b3a5cc732ea33c945d17804337f7b9,9e25d1cee49d9fee08f001c7e15ca40ec7b3a5cc732ea33c945d17804337f7b9
pair-stage-probes-1b776a34-dBase/cases/carry_b-v6g_teacher_hR2_02_s911_pPOST_VhR2/result.json,47051,d7ed3876133cd914e896b10a552097e2c7b0f8b729768bdc69ceec0c5f2ec0cc,d7ed3876133cd914e896b10a552097e2c7b0f8b729768bdc69ceec0c5f2ec0cc
pair-stage-probes-1b776a34-dBase/cases/carry_b-v6g_teacher_hR2_01_s911_pPOST_VhR2/case.json,2792,59dd43254633dc2a8e1c651f2712bc8db48a2282ec1ef22ac34eeda4a879568a,59dd43254633dc2a8e1c651f2712bc8db48a2282ec1ef22ac34eeda4a879568a
pair-stage-probes-1b776a34-dBase/cases/carry_b-v6g_teacher_hR2_01_s911_pPOST_VhR2/result.json,55375,92de144a5e7fdc61e5c54bd991d4075319dbc30bab99f83a6987f9c980839376,92de144a5e7fdc61e5c54bd991d4075319dbc30bab99f83a6987f9c980839376
pair-stage-probes-1b776a34-dBase/cases/carry_b-v6g_teacher_hR2_03_s911_pPOST_VhR2/case.json,2788,b85ad69669b4cf8fc8b034de02517fdbcc3b1a7d2ee4fe7315c40deda66f1454,b85ad69669b4cf8fc8b034de02517fdbcc3b1a7d2ee4fe7315c40deda66f1454
pair-stage-probes-1b776a34-dBase/cases/carry_b-v6g_teacher_hR2_03_s911_pPOST_VhR2/result.json,47562,e539543af85f6961e858849c09db4e13f34495a1341a5558672124909b9815a0,e539543af85f6961e858849c09db4e13f34495a1341a5558672124909b9815a0
pair-stage-probes-1b776a34-dBase/cases/carry_b-v6g_teacher_hR2_04_s911_pPOST_VhR2/case.json,2794,93349e028d7f9e727a776b86d7fb1767075f9e4937593eb00cb78d0a1cce528f,93349e028d7f9e727a776b86d7fb1767075f9e4937593eb00cb78d0a1cce528f
pair-stage-probes-1b776a34-dBase/cases/carry_b-v6g_teacher_hR2_04_s911_pPOST_VhR2/result.json,47904,4bf0a0ee5568cf1a40363b01170834a2b939da41fb1952a58172b9578184f63b,4bf0a0ee5568cf1a40363b01170834a2b939da41fb1952a58172b9578184f63b
pair-stage-probes-1b776a34-dBase/cases/carry_b-v6g_teacher_hR2_05_s911_pPOST_VhR2/case.json,2792,0a6c8bec55dc0d77a177f101c88ed55d8006885328388aaa7e60c06ec151c300,0a6c8bec55dc0d77a177f101c88ed55d8006885328388aaa7e60c06ec151c300
pair-stage-probes-1b776a34-dBase/cases/carry_b-v6g_teacher_hR2_05_s911_pPOST_VhR2/result.json,47919,c9404411bfb472d6e70f17dee39b46589204a24893a62793a0a120059404ca9f,c9404411bfb472d6e70f17dee39b46589204a24893a62793a0a120059404ca9f
pair-stage-probes-1b776a34-dBase/cases/carry_b-v6g_teacher_hR2_06_s911_pPOST_VhR2/case.json,2791,1a2a3d1de1eb9776dcaccb6e91ab0b525931a399e318a39468eeee2380ce2cb6,1a2a3d1de1eb9776dcaccb6e91ab0b525931a399e318a39468eeee2380ce2cb6
pair-stage-probes-1b776a34-dBase/cases/carry_b-v6g_teacher_hR2_06_s911_pPOST_VhR2/result.json,47909,2bec336939025cd506273edaff43f363656bc0bdbd60fffcdc68f9b654c6aced,2bec336939025cd506273edaff43f363656bc0bdbd60fffcdc68f9b654c6aced
pair-stage-probes-1b776a34-dBase/cases/carry_b-v6g_teacher_hR2_07_s911_pPOST_VhR2/case.json,2795,1776ba49bf2932f3d7da80d5c44cb355e05dd01bd7d18e9d601252961f4311c5,1776ba49bf2932f3d7da80d5c44cb355e05dd01bd7d18e9d601252961f4311c5
pair-stage-probes-1b776a34-dBase/cases/carry_b-v6g_teacher_hR2_07_s911_pPOST_VhR2/result.json,55066,63e46eea66f20cd5dae8a83325a5ffcaea6588ee84ed50ce22995da9234813ec,63e46eea66f20cd5dae8a83325a5ffcaea6588ee84ed50ce22995da9234813ec
pair-stage-probes-1b776a34-dBase/cases/carry_b-v6g_teacher_hR2_08_s911_pPOST_VhR2/case.json,2785,d773a23df26db70be38592552adacf4aba836da98b8582e6ee24be9206637ca1,d773a23df26db70be38592552adacf4aba836da98b8582e6ee24be9206637ca1
pair-stage-probes-1b776a34-dBase/cases/carry_b-v6g_teacher_hR2_08_s911_pPOST_VhR2/result.json,55052,bbe9a776d4fcd41f592e6b6e5c5eb5afbb650bcc995048a1940d927a1112cc16,bbe9a776d4fcd41f592e6b6e5c5eb5afbb650bcc995048a1940d927a1112cc16
pair-stage-probes-1b776a34-dBase/cases/carry_b-v6g_teacher_hR2_09_s911_pPOST_VhR2/case.json,2790,2b1290031130ae7ea2fd5e8a0cc2110fd13a15dcf521a66b46ff018d062af8c5,2b1290031130ae7ea2fd5e8a0cc2110fd13a15dcf521a66b46ff018d062af8c5
pair-stage-probes-1b776a34-dBase/cases/carry_b-v6g_teacher_hR2_09_s911_pPOST_VhR2/result.json,55154,7624c48feb7e8647a02647c9773f8286518d892aa5a18f1d25cfce0e46a9fbaa,7624c48feb7e8647a02647c9773f8286518d892aa5a18f1d25cfce0e46a9fbaa
pair-stage-probes-1b776a34-dBase/cases/carry_b-v6g_teacher_hR2_10_s911_pPOST_VhR2/case.json,2789,b9aebf96576df378529f553c6d38ac4a2ab1bc9fe94bbb1b68b2ffccc9605ec1,b9aebf96576df378529f553c6d38ac4a2ab1bc9fe94bbb1b68b2ffccc9605ec1
pair-stage-probes-1b776a34-dBase/cases/carry_b-v6g_teacher_hR2_10_s911_pPOST_VhR2/result.json,47062,e5de56ccacbedd2e40e9053bfb276af65c47b9f3e3991cb8381c559b92bc4490,e5de56ccacbedd2e40e9053bfb276af65c47b9f3e3991cb8381c559b92bc4490
pair-stage-probes-1b776a34-dBase/cases/carry_b-v6g_teacher_hR2_02_s911_pPOST_L1_VhR2/case.json,2791,82ce0c21ccfa1356e4adf54f94ba6624bc821518b0369aecd3044f2f0636a5fc,82ce0c21ccfa1356e4adf54f94ba6624bc821518b0369aecd3044f2f0636a5fc
pair-stage-probes-1b776a34-dBase/cases/carry_b-v6g_teacher_hR2_02_s911_pPOST_L1_VhR2/result.json,55548,6edd7b26e5d6c080ee42701a6c2bd98f17f2656a68c5cb6b6c779c5542762371,6edd7b26e5d6c080ee42701a6c2bd98f17f2656a68c5cb6b6c779c5542762371
pair-stage-probes-1b776a34-dBase/cases/carry_b-v6g_teacher_hR2_01_s911_pPOST_L1_VhR2/case.json,2795,67a36fab4d84762a5f678364d17556157b815dc19bba07c07d011fe2b6566063,67a36fab4d84762a5f678364d17556157b815dc19bba07c07d011fe2b6566063
pair-stage-probes-1b776a34-dBase/cases/carry_b-v6g_teacher_hR2_01_s911_pPOST_L1_VhR2/result.json,56005,f85ed4de93980f71470a08b162bb80b598e5e615a18490dcffdb5ebc5b894a9e,f85ed4de93980f71470a08b162bb80b598e5e615a18490dcffdb5ebc5b894a9e
pair-stage-probes-1b776a34-dBase/cases/carry_b-v6g_teacher_hR2_04_s911_pPOST_L1_VhR2/case.json,2794,2cb11c66767b93098155ce7776cd4b4c2050109951ee57207e5db572ff6d5d1d,2cb11c66767b93098155ce7776cd4b4c2050109951ee57207e5db572ff6d5d1d
pair-stage-probes-1b776a34-dBase/cases/carry_b-v6g_teacher_hR2_04_s911_pPOST_L1_VhR2/result.json,26369,a85973310455d76a54c4b741b6dd9170047617cbaa9236d7654950de3770484b,a85973310455d76a54c4b741b6dd9170047617cbaa9236d7654950de3770484b
pair-stage-probes-1b776a34-dBase/cases/carry_b-v6g_teacher_hR2_05_s911_pPOST_L1_VhR2/case.json,2792,7e0427952cd403efe040be30b024fafe4cfde2e2ae65f3d0b4af45fd1a8a7339,7e0427952cd403efe040be30b024fafe4cfde2e2ae65f3d0b4af45fd1a8a7339
pair-stage-probes-1b776a34-dBase/cases/carry_b-v6g_teacher_hR2_05_s911_pPOST_L1_VhR2/result.json,26365,10cbc9b933cfc2e3b8c360a138a8e94fd00e573ecc60507fb490f0f5daab3c42,10cbc9b933cfc2e3b8c360a138a8e94fd00e573ecc60507fb490f0f5daab3c42
pair-stage-probes-1b776a34-dBase/cases/carry_b-v6g_teacher_hR2_06_s911_pPOST_L1_VhR2/case.json,2791,9ad10c6f9be15aebbe204e3f09aafaaeadaf4dcf816349e0d75a25afee271b28,9ad10c6f9be15aebbe204e3f09aafaaeadaf4dcf816349e0d75a25afee271b28
pair-stage-probes-1b776a34-dBase/cases/carry_b-v6g_teacher_hR2_06_s911_pPOST_L1_VhR2/result.json,26355,399f1238b5e401eea5fcf6a2a313c33c2fa6af4311bc75079b1c1b39497d9ad7,399f1238b5e401eea5fcf6a2a313c33c2fa6af4311bc75079b1c1b39497d9ad7
pair-stage-probes-1b776a34-dBase/cases/carry_b-v6g_teacher_hR2_03_s911_pPOST_L1_VhR2/case.json,2789,057e8f92ed07e52e20a35491f0992a754362a29e594b0518002c778eecb3c49b,057e8f92ed07e52e20a35491f0992a754362a29e594b0518002c778eecb3c49b
pair-stage-probes-1b776a34-dBase/cases/carry_b-v6g_teacher_hR2_03_s911_pPOST_L1_VhR2/result.json,55556,0080dc3a0bb265d2070a3c1bb5e7e4bc3b65ae085552e11a2259d3573d90943b,0080dc3a0bb265d2070a3c1bb5e7e4bc3b65ae085552e11a2259d3573d90943b
pair-stage-probes-1b776a34-dBase/cases/carry_b-v6g_teacher_hR2_07_s911_pPOST_L1_VhR2/case.json,2798,fe33d8304b25f033bac308b5a03a1b22f357bfcf134298ee01d49883b9aa02c4,fe33d8304b25f033bac308b5a03a1b22f357bfcf134298ee01d49883b9aa02c4
pair-stage-probes-1b776a34-dBase/cases/carry_b-v6g_teacher_hR2_07_s911_pPOST_L1_VhR2/result.json,55041,4823bb9baee2f0d3e75b73c01b566b9d1660b8fbc7b9043aa2c7b951f1d72688,4823bb9baee2f0d3e75b73c01b566b9d1660b8fbc7b9043aa2c7b951f1d72688
pair-stage-probes-1b776a34-dBase/cases/carry_b-v6g_teacher_hR2_08_s911_pPOST_L1_VhR2/case.json,2790,5bf74ddf3d12f4f7f38602477a6cbc785e7e8da175164062d625267b399a6994,5bf74ddf3d12f4f7f38602477a6cbc785e7e8da175164062d625267b399a6994
pair-stage-probes-1b776a34-dBase/cases/carry_b-v6g_teacher_hR2_08_s911_pPOST_L1_VhR2/result.json,55523,41cd32aedee9d0ab474895f622978ffe3e4a74a55a810623c6f5381e6ea8bcb2,41cd32aedee9d0ab474895f622978ffe3e4a74a55a810623c6f5381e6ea8bcb2
pair-stage-probes-1b776a34-dBase/cases/carry_b-v6g_teacher_hR2_09_s911_pPOST_L1_VhR2/case.json,2793,a6b523dbf828fe9fdb6b2294179f97c70e7802ca5b6e3ad2aa63ab0b231301a3,a6b523dbf828fe9fdb6b2294179f97c70e7802ca5b6e3ad2aa63ab0b231301a3
pair-stage-probes-1b776a34-dBase/cases/carry_b-v6g_teacher_hR2_09_s911_pPOST_L1_VhR2/result.json,63144,29b13057f603afedfdcc0a2270f60a63fa5e62fba039de068cae2da203cebec3,29b13057f603afedfdcc0a2270f60a63fa5e62fba039de068cae2da203cebec3
pair-stage-probes-1b776a34-dBase/cases/carry_b-v6g_teacher_hR2_10_s911_pPOST_L1_VhR2/case.json,2793,335ff62db03b9fa4b7381c8071992e3b9fffa4bd76488226268593ecb5a8429d,335ff62db03b9fa4b7381c8071992e3b9fffa4bd76488226268593ecb5a8429d
pair-stage-probes-1b776a34-dBase/cases/carry_b-v6g_teacher_hR2_10_s911_pPOST_L1_VhR2/result.json,63021,0393005e494bb24e0b2de1fc7f55b6560c818ad2006f75908e25466ae09b1142,0393005e494bb24e0b2de1fc7f55b6560c818ad2006f75908e25466ae09b1142
pair-stage-probes-1b776a34-dK0/manifest.json,167514,041f5cfbaa2b3a527eafb5bec4ba7e1737a556093dbcee21535ba22ce18fb599,
pair-stage-probes-1b776a34-dK0/cases.jsonl,69412,c5b20b86076b774c464c2082c4a9c059e22c4ab3aa138f373630bb386318d3aa,
pair-stage-probes-1b776a34-dK0/artifacts.sha256.json,2426327,6dace2551badbf62e9b0af878abf196faea1cc9cf20220c4a08cea95a6146ee9,
pair-stage-probes-1b776a34-dK0/plan.json,65135,01aba08a5a4d8ce6276319200ec73a0058947d3768097dc6c401b42192d41537,
pair-stage-probes-1b776a34-dK0/cases/carry_b-v6h.k0_teacher_hR2_02_s911_pPOST_VhR2/case.json,2843,666313d17ac36a7a347a2b029f4719a2813bab9ae1166a72c538e61559e8db6e,666313d17ac36a7a347a2b029f4719a2813bab9ae1166a72c538e61559e8db6e
pair-stage-probes-1b776a34-dK0/cases/carry_b-v6h.k0_teacher_hR2_02_s911_pPOST_VhR2/result.json,55689,80ee692bb4751b8cfcb57c727786e4124ef6644db3202faad9c820cf61191453,80ee692bb4751b8cfcb57c727786e4124ef6644db3202faad9c820cf61191453
pair-stage-probes-1b776a34-dK0/cases/carry_b-v6h.k0_teacher_hR2_01_s911_pPOST_VhR2/case.json,2841,d3d766227a3752c2edca5e31c16ff2bde71ee12f76bafe66cd40d14a574202c2,d3d766227a3752c2edca5e31c16ff2bde71ee12f76bafe66cd40d14a574202c2
pair-stage-probes-1b776a34-dK0/cases/carry_b-v6h.k0_teacher_hR2_01_s911_pPOST_VhR2/result.json,56024,770df106c8f8ccf37d17870b11bb9de0c4720ba396d3d7c79d1a1e961f3ee7db,770df106c8f8ccf37d17870b11bb9de0c4720ba396d3d7c79d1a1e961f3ee7db
pair-stage-probes-1b776a34-dK0/cases/carry_b-v6h.k0_teacher_hR2_03_s911_pPOST_VhR2/case.json,2837,d1707f87b916399e1d5691f1bbb43b55c9875ce9f725c2637ee6c819f144136c,d1707f87b916399e1d5691f1bbb43b55c9875ce9f725c2637ee6c819f144136c
pair-stage-probes-1b776a34-dK0/cases/carry_b-v6h.k0_teacher_hR2_03_s911_pPOST_VhR2/result.json,55679,10a82119941647dd9188b330f5fa40e630a459bbbe0ccc882b9bd2c8cd894b22,10a82119941647dd9188b330f5fa40e630a459bbbe0ccc882b9bd2c8cd894b22
pair-stage-probes-1b776a34-dK0/cases/carry_b-v6h.k0_teacher_hR2_04_s911_pPOST_VhR2/case.json,2843,cfbb97f20d7088680964d8c5e0cdf992add0fcd3fc130469375a9d8dd5810190,cfbb97f20d7088680964d8c5e0cdf992add0fcd3fc130469375a9d8dd5810190
pair-stage-probes-1b776a34-dK0/cases/carry_b-v6h.k0_teacher_hR2_04_s911_pPOST_VhR2/result.json,58564,5866500de7c08e4d59bae328c392714009e38d14fbf6ac441e80115bbbc614ec,5866500de7c08e4d59bae328c392714009e38d14fbf6ac441e80115bbbc614ec
pair-stage-probes-1b776a34-dK0/cases/carry_b-v6h.k0_teacher_hR2_05_s911_pPOST_VhR2/case.json,2841,579934199bd867b88900da658b234fa2fe8a86eb999c1e09e092617d2bf68f95,579934199bd867b88900da658b234fa2fe8a86eb999c1e09e092617d2bf68f95
pair-stage-probes-1b776a34-dK0/cases/carry_b-v6h.k0_teacher_hR2_05_s911_pPOST_VhR2/result.json,58571,57c8e949e6327c3ac568a91655855d0259da2e0cdb80f93616e207fc42f9b3ae,57c8e949e6327c3ac568a91655855d0259da2e0cdb80f93616e207fc42f9b3ae
pair-stage-probes-1b776a34-dK0/cases/carry_b-v6h.k0_teacher_hR2_06_s911_pPOST_VhR2/case.json,2840,1b324564ba2ded5e8a772dc94c0ecbd0686d4c8c9c51313090fe7dd3b6bb9edc,1b324564ba2ded5e8a772dc94c0ecbd0686d4c8c9c51313090fe7dd3b6bb9edc
pair-stage-probes-1b776a34-dK0/cases/carry_b-v6h.k0_teacher_hR2_06_s911_pPOST_VhR2/result.json,58588,9c0d580c75ac30b89ea524060f3a21b18320a6a29287aecd326ef1ae489602e7,9c0d580c75ac30b89ea524060f3a21b18320a6a29287aecd326ef1ae489602e7
pair-stage-probes-1b776a34-dK0/cases/carry_b-v6h.k0_teacher_hR2_07_s911_pPOST_VhR2/case.json,2844,9b38a7f21bc5833ba7622ac2f60b151f898d38af2cc17c205234b65c2adab0eb,9b38a7f21bc5833ba7622ac2f60b151f898d38af2cc17c205234b65c2adab0eb
pair-stage-probes-1b776a34-dK0/cases/carry_b-v6h.k0_teacher_hR2_07_s911_pPOST_VhR2/result.json,55696,61e948fbb7d812f5937b83005f6055fbf6855826f6b0be7f09cc458142c4dc0c,61e948fbb7d812f5937b83005f6055fbf6855826f6b0be7f09cc458142c4dc0c
pair-stage-probes-1b776a34-dK0/cases/carry_b-v6h.k0_teacher_hR2_08_s911_pPOST_VhR2/case.json,2834,77fbb93fc7249c3cc5c29e4e2da507065b0e2cfcb39891556d7a552a43084108,77fbb93fc7249c3cc5c29e4e2da507065b0e2cfcb39891556d7a552a43084108
pair-stage-probes-1b776a34-dK0/cases/carry_b-v6h.k0_teacher_hR2_08_s911_pPOST_VhR2/result.json,55689,765825a3651cdec6dd28b15864da091dc7974a343908695aa977dbff94e74b5e,765825a3651cdec6dd28b15864da091dc7974a343908695aa977dbff94e74b5e
pair-stage-probes-1b776a34-dK0/cases/carry_b-v6h.k0_teacher_hR2_09_s911_pPOST_VhR2/case.json,2839,050f4f55d28432b05fc70e81ecd42efabae58842668e2704abeef6ad65334c02,050f4f55d28432b05fc70e81ecd42efabae58842668e2704abeef6ad65334c02
pair-stage-probes-1b776a34-dK0/cases/carry_b-v6h.k0_teacher_hR2_09_s911_pPOST_VhR2/result.json,55792,3c2b86416713da314f108be0838b91d26f1ea901dce93d08c0f8ac7b3e9491c0,3c2b86416713da314f108be0838b91d26f1ea901dce93d08c0f8ac7b3e9491c0
pair-stage-probes-1b776a34-dK0/cases/carry_b-v6h.k0_teacher_hR2_10_s911_pPOST_VhR2/case.json,2838,ac086b1e0314068c422f1aa77c5c4d11e7b94ba071e57d65b13dd03c4d8b0751,ac086b1e0314068c422f1aa77c5c4d11e7b94ba071e57d65b13dd03c4d8b0751
pair-stage-probes-1b776a34-dK0/cases/carry_b-v6h.k0_teacher_hR2_10_s911_pPOST_VhR2/result.json,55698,5a6fee58fcdd622aae89f6f4fc7ac110602b71631c4f00cc2d5ec2e2891a0c00,5a6fee58fcdd622aae89f6f4fc7ac110602b71631c4f00cc2d5ec2e2891a0c00
pair-stage-probes-1b776a34-dK0/cases/carry_b-v6h.k0_teacher_hR2_01_s911_pPOST_L1_VhR2/case.json,2844,623cb060ff512732beef8e1fbc9c1fcfbdeca66a22fefec00e4dbda584893815,623cb060ff512732beef8e1fbc9c1fcfbdeca66a22fefec00e4dbda584893815
pair-stage-probes-1b776a34-dK0/cases/carry_b-v6h.k0_teacher_hR2_01_s911_pPOST_L1_VhR2/result.json,57035,e6e4383e7e77ee5d42cd420f4ea0c27b603c9c7a5ac91f20bb649e78654400f0,e6e4383e7e77ee5d42cd420f4ea0c27b603c9c7a5ac91f20bb649e78654400f0
pair-stage-probes-1b776a34-dK0/cases/carry_b-v6h.k0_teacher_hR2_02_s911_pPOST_L1_VhR2/case.json,2840,70bc6ea76c52243729b45fa7fce578ea9101ffbb7c229392c2d12393bf4f876d,70bc6ea76c52243729b45fa7fce578ea9101ffbb7c229392c2d12393bf4f876d
pair-stage-probes-1b776a34-dK0/cases/carry_b-v6h.k0_teacher_hR2_02_s911_pPOST_L1_VhR2/result.json,56554,6a23acec580356c62ff2597259f06e91e7fd161bb9a30167c867dc1b3bb4dbf1,6a23acec580356c62ff2597259f06e91e7fd161bb9a30167c867dc1b3bb4dbf1
pair-stage-probes-1b776a34-dK0/cases/carry_b-v6h.k0_teacher_hR2_03_s911_pPOST_L1_VhR2/case.json,2838,636b866abd9acc5e10122bd14424af68cd445989845bfddea5ccb6e689130041,636b866abd9acc5e10122bd14424af68cd445989845bfddea5ccb6e689130041
pair-stage-probes-1b776a34-dK0/cases/carry_b-v6h.k0_teacher_hR2_03_s911_pPOST_L1_VhR2/result.json,56563,6d25883ccdcf5b0ff35f105b823f558cd5c1b811ac490af5e80327ec85ddba15,6d25883ccdcf5b0ff35f105b823f558cd5c1b811ac490af5e80327ec85ddba15
pair-stage-probes-1b776a34-dK0/cases/carry_b-v6h.k0_teacher_hR2_04_s911_pPOST_L1_VhR2/case.json,2843,db269b5e6a24f41abe037204b377e5678bc76c43c00ea1e1e261a17914cc3a86,db269b5e6a24f41abe037204b377e5678bc76c43c00ea1e1e261a17914cc3a86
pair-stage-probes-1b776a34-dK0/cases/carry_b-v6h.k0_teacher_hR2_04_s911_pPOST_L1_VhR2/result.json,56959,22c2e7e52b5c4799753bee53c8e9f0aeaeaab4ecf3ba43d42705eaeddc195af3,22c2e7e52b5c4799753bee53c8e9f0aeaeaab4ecf3ba43d42705eaeddc195af3
pair-stage-probes-1b776a34-dK0/cases/carry_b-v6h.k0_teacher_hR2_05_s911_pPOST_L1_VhR2/case.json,2841,f97b47636609fe6ab27847d9c7e97306153e76c480bbe486be6f823951e8a847,f97b47636609fe6ab27847d9c7e97306153e76c480bbe486be6f823951e8a847
pair-stage-probes-1b776a34-dK0/cases/carry_b-v6h.k0_teacher_hR2_05_s911_pPOST_L1_VhR2/result.json,64143,4cb771e7ddf4caef23a65733a3bcd7350b5bf7ac99186f396ac7475d3c156bb3,4cb771e7ddf4caef23a65733a3bcd7350b5bf7ac99186f396ac7475d3c156bb3
pair-stage-probes-1b776a34-dK0/cases/carry_b-v6h.k0_teacher_hR2_06_s911_pPOST_L1_VhR2/case.json,2840,adbd38286e118444a5267c5480a56713f12521d4fd0b412bea55d3710dc26759,adbd38286e118444a5267c5480a56713f12521d4fd0b412bea55d3710dc26759
pair-stage-probes-1b776a34-dK0/cases/carry_b-v6h.k0_teacher_hR2_06_s911_pPOST_L1_VhR2/result.json,56953,3c4a52587e0c2373c37defb2b10d8e2f4975f3d139a2298325be1e081dc0ead0,3c4a52587e0c2373c37defb2b10d8e2f4975f3d139a2298325be1e081dc0ead0
pair-stage-probes-1b776a34-dK0/cases/carry_b-v6h.k0_teacher_hR2_07_s911_pPOST_L1_VhR2/case.json,2847,e03793dcc75ea6882961b6951fd91caa502b641fcdb51585fc2918262cb89b0f,e03793dcc75ea6882961b6951fd91caa502b641fcdb51585fc2918262cb89b0f
pair-stage-probes-1b776a34-dK0/cases/carry_b-v6h.k0_teacher_hR2_07_s911_pPOST_L1_VhR2/result.json,63674,f89299b18599aa5c31c2b8d0394d23c618e83ba05c26a2efb35136d393ddefcf,f89299b18599aa5c31c2b8d0394d23c618e83ba05c26a2efb35136d393ddefcf
pair-stage-probes-1b776a34-dK0/cases/carry_b-v6h.k0_teacher_hR2_08_s911_pPOST_L1_VhR2/case.json,2839,4f8e2d7f878f20945ad8833a78be7713d169f7fbef9097c0d8bb36ad419b9ed7,4f8e2d7f878f20945ad8833a78be7713d169f7fbef9097c0d8bb36ad419b9ed7
pair-stage-probes-1b776a34-dK0/cases/carry_b-v6h.k0_teacher_hR2_08_s911_pPOST_L1_VhR2/result.json,63634,4766b92c3b492950eee326279b9bb6a6a1a37ffc872d3da3bdc83905338b41d0,4766b92c3b492950eee326279b9bb6a6a1a37ffc872d3da3bdc83905338b41d0
pair-stage-probes-1b776a34-dK0/cases/carry_b-v6h.k0_teacher_hR2_09_s911_pPOST_L1_VhR2/case.json,2842,917a4815cea158bdd39ab699954e184beee35c3671bca0062abad920d1a6d4cf,917a4815cea158bdd39ab699954e184beee35c3671bca0062abad920d1a6d4cf
pair-stage-probes-1b776a34-dK0/cases/carry_b-v6h.k0_teacher_hR2_09_s911_pPOST_L1_VhR2/result.json,63787,c92ea96aa5c79b3dc7feec2ad7bdd8338f84b01d1730db047f9f14a4f7234d59,c92ea96aa5c79b3dc7feec2ad7bdd8338f84b01d1730db047f9f14a4f7234d59
pair-stage-probes-1b776a34-dK0/cases/carry_b-v6h.k0_teacher_hR2_10_s911_pPOST_L1_VhR2/case.json,2842,e8e6e755398e5872396713a7cf43a4795980cd88d00af1e8616633b0e9853a75,e8e6e755398e5872396713a7cf43a4795980cd88d00af1e8616633b0e9853a75
pair-stage-probes-1b776a34-dK0/cases/carry_b-v6h.k0_teacher_hR2_10_s911_pPOST_L1_VhR2/result.json,63664,1b0d3acb6f084b73531799b4e355f085cd5030cb04df7224513c4b718d0fab09,1b0d3acb6f084b73531799b4e355f085cd5030cb04df7224513c4b718d0fab09
pair-stage-probes-1b776a34-dK0g/manifest.json,167521,6b98842449f4d1fefc78e34ce44d6b060f80d3940f8d2eb030e1576fd9dc9988,
pair-stage-probes-1b776a34-dK0g/cases.jsonl,72124,5f8d2723b75e31def274123ec200bcf2d3cc9d00a013ad5c60ba888272061512,
pair-stage-probes-1b776a34-dK0g/artifacts.sha256.json,2442914,5298821b4f303167db758f4e1b5f626706b52d4d72d9827186232030b672d4e5,
pair-stage-probes-1b776a34-dK0g/plan.json,65175,7a37e20472d750fb2c48ec5634ca9526041d6b2196f9b9aa9b6d976eb46dd852,
pair-stage-probes-1b776a34-dK0g/cases/carry_b-v6h.k0g_teacher_hR2_02_s911_pPOST_VhR2/case.json,2845,135508066d53d0bd44478552db9dac16207e8cdc09ee173337d17a92130a9bed,135508066d53d0bd44478552db9dac16207e8cdc09ee173337d17a92130a9bed
pair-stage-probes-1b776a34-dK0g/cases/carry_b-v6h.k0g_teacher_hR2_02_s911_pPOST_VhR2/result.json,55802,098af325a219d370fe50919dc1e8d9fc54d971d79ee66ee0631b72d60060aebd,098af325a219d370fe50919dc1e8d9fc54d971d79ee66ee0631b72d60060aebd
pair-stage-probes-1b776a34-dK0g/cases/carry_b-v6h.k0g_teacher_hR2_01_s911_pPOST_VhR2/case.json,2843,f8117866fa752012dfbabe0d7a2b7d172a3505ab9389ad8ed0c99b7895d0af1a,f8117866fa752012dfbabe0d7a2b7d172a3505ab9389ad8ed0c99b7895d0af1a
pair-stage-probes-1b776a34-dK0g/cases/carry_b-v6h.k0g_teacher_hR2_01_s911_pPOST_VhR2/result.json,56128,7dfa53db41258dc4cc78abd44f9f020318d23a96a58eb6dc91041ee2281bc9c0,7dfa53db41258dc4cc78abd44f9f020318d23a96a58eb6dc91041ee2281bc9c0
pair-stage-probes-1b776a34-dK0g/cases/carry_b-v6h.k0g_teacher_hR2_03_s911_pPOST_VhR2/case.json,2839,63b045d20f4992097bd0d9475935671205ec25e269583fa5f6147ba87f6af0a5,63b045d20f4992097bd0d9475935671205ec25e269583fa5f6147ba87f6af0a5
pair-stage-probes-1b776a34-dK0g/cases/carry_b-v6h.k0g_teacher_hR2_03_s911_pPOST_VhR2/result.json,55784,5ac8768b52f732ea271a789da7f23cf91394c9fbb35d24b4801daf37337ec045,5ac8768b52f732ea271a789da7f23cf91394c9fbb35d24b4801daf37337ec045
pair-stage-probes-1b776a34-dK0g/cases/carry_b-v6h.k0g_teacher_hR2_04_s911_pPOST_VhR2/case.json,2845,805380fc56dd9a039f7e989d8007c1df00e12f29287bfac3ae51ba36f1b8eb64,805380fc56dd9a039f7e989d8007c1df00e12f29287bfac3ae51ba36f1b8eb64
pair-stage-probes-1b776a34-dK0g/cases/carry_b-v6h.k0g_teacher_hR2_04_s911_pPOST_VhR2/result.json,58670,7247b3bd33be62ae379fc7ca887c3d6eaef182e271a3f86993dcd5d9bcf28e8e,7247b3bd33be62ae379fc7ca887c3d6eaef182e271a3f86993dcd5d9bcf28e8e
pair-stage-probes-1b776a34-dK0g/cases/carry_b-v6h.k0g_teacher_hR2_05_s911_pPOST_VhR2/case.json,2843,2b63358a9ead0e260a9546ccf0ef97756c084b7772d55c883c82d4b9d4d281f0,2b63358a9ead0e260a9546ccf0ef97756c084b7772d55c883c82d4b9d4d281f0
pair-stage-probes-1b776a34-dK0g/cases/carry_b-v6h.k0g_teacher_hR2_05_s911_pPOST_VhR2/result.json,58677,1261573a5a369c7bf435ec0a46bcccc4d303612c70cb692400423bf4c76969d6,1261573a5a369c7bf435ec0a46bcccc4d303612c70cb692400423bf4c76969d6
pair-stage-probes-1b776a34-dK0g/cases/carry_b-v6h.k0g_teacher_hR2_06_s911_pPOST_VhR2/case.json,2842,3d921a00c5bb705ca1c2c6ebcc4aa433edccc1c79b7c29062fa086b66b712bdd,3d921a00c5bb705ca1c2c6ebcc4aa433edccc1c79b7c29062fa086b66b712bdd
pair-stage-probes-1b776a34-dK0g/cases/carry_b-v6h.k0g_teacher_hR2_06_s911_pPOST_VhR2/result.json,58688,6c1a51555da1b518d2ff351a935f20afc2d226f92113b57485d484652ff6d3d6,6c1a51555da1b518d2ff351a935f20afc2d226f92113b57485d484652ff6d3d6
pair-stage-probes-1b776a34-dK0g/cases/carry_b-v6h.k0g_teacher_hR2_07_s911_pPOST_VhR2/case.json,2846,de30dcb09ce557fb0781a6c4a85592a7aac0616b891e639b36f220caa4ca85e8,de30dcb09ce557fb0781a6c4a85592a7aac0616b891e639b36f220caa4ca85e8
pair-stage-probes-1b776a34-dK0g/cases/carry_b-v6h.k0g_teacher_hR2_07_s911_pPOST_VhR2/result.json,55809,700b28d527d14e2ad4fef39b21a01262efc8c760ee8f7d2bbfb561aec4cf8033,700b28d527d14e2ad4fef39b21a01262efc8c760ee8f7d2bbfb561aec4cf8033
pair-stage-probes-1b776a34-dK0g/cases/carry_b-v6h.k0g_teacher_hR2_08_s911_pPOST_VhR2/case.json,2836,b6d848ae66f2511813933beee11c753d8d0f5c93b12af4c030cdb6cb581d9b1d,b6d848ae66f2511813933beee11c753d8d0f5c93b12af4c030cdb6cb581d9b1d
pair-stage-probes-1b776a34-dK0g/cases/carry_b-v6h.k0g_teacher_hR2_08_s911_pPOST_VhR2/result.json,55793,baec61f56b1c6525fb4190ab7c64f36d4d055cc9100eb420e6859234990292a8,baec61f56b1c6525fb4190ab7c64f36d4d055cc9100eb420e6859234990292a8
pair-stage-probes-1b776a34-dK0g/cases/carry_b-v6h.k0g_teacher_hR2_09_s911_pPOST_VhR2/case.json,2841,00058d0315a1adc5ad852d2380c861a54a4252fbf802906c42d7c17bec94615b,00058d0315a1adc5ad852d2380c861a54a4252fbf802906c42d7c17bec94615b
pair-stage-probes-1b776a34-dK0g/cases/carry_b-v6h.k0g_teacher_hR2_09_s911_pPOST_VhR2/result.json,55903,e599f43c64b954c5da697f2d114b182edf3647029f65b0be6f93067ae974b338,e599f43c64b954c5da697f2d114b182edf3647029f65b0be6f93067ae974b338
pair-stage-probes-1b776a34-dK0g/cases/carry_b-v6h.k0g_teacher_hR2_10_s911_pPOST_VhR2/case.json,2840,21f2657c97b6a12655b932aa4711d97edf5784fdd8d92f343b475e50356ee1d3,21f2657c97b6a12655b932aa4711d97edf5784fdd8d92f343b475e50356ee1d3
pair-stage-probes-1b776a34-dK0g/cases/carry_b-v6h.k0g_teacher_hR2_10_s911_pPOST_VhR2/result.json,55786,92e79f6182aa27c78abfbc81cf85cf9d82204929378472a4275cbdb25b9043e0,92e79f6182aa27c78abfbc81cf85cf9d82204929378472a4275cbdb25b9043e0
pair-stage-probes-1b776a34-dK0g/cases/carry_b-v6h.k0g_teacher_hR2_01_s911_pPOST_L1_VhR2/case.json,2846,cc7fa7ac2908568375ad2c2282c76fd62fe14ae3e636cebdc444ab420f9c098f,cc7fa7ac2908568375ad2c2282c76fd62fe14ae3e636cebdc444ab420f9c098f
pair-stage-probes-1b776a34-dK0g/cases/carry_b-v6h.k0g_teacher_hR2_01_s911_pPOST_L1_VhR2/result.json,64237,9c6405eae77db4a12b13757168995089e1b9a22ab78e41da4f7d3942eb432e8b,9c6405eae77db4a12b13757168995089e1b9a22ab78e41da4f7d3942eb432e8b
pair-stage-probes-1b776a34-dK0g/cases/carry_b-v6h.k0g_teacher_hR2_02_s911_pPOST_L1_VhR2/case.json,2842,031a7253d374b3cfb295d030d09f687e869aeb5dff6936d3366bc0bb902420dc,031a7253d374b3cfb295d030d09f687e869aeb5dff6936d3366bc0bb902420dc
pair-stage-probes-1b776a34-dK0g/cases/carry_b-v6h.k0g_teacher_hR2_02_s911_pPOST_L1_VhR2/result.json,63768,a1137a3e6de86c06e0db64a9c73ca3f2e57c35be45277e383a7f07f3336e4d00,a1137a3e6de86c06e0db64a9c73ca3f2e57c35be45277e383a7f07f3336e4d00
pair-stage-probes-1b776a34-dK0g/cases/carry_b-v6h.k0g_teacher_hR2_03_s911_pPOST_L1_VhR2/case.json,2840,1192223401a830daeffd2d4b680c3895fa3c54c556ae4f8abdd2d1441c609cd5,1192223401a830daeffd2d4b680c3895fa3c54c556ae4f8abdd2d1441c609cd5
pair-stage-probes-1b776a34-dK0g/cases/carry_b-v6h.k0g_teacher_hR2_03_s911_pPOST_L1_VhR2/result.json,63763,ae86dfbd952a76947f91173777ffb0db62d1a6ba1a491dfe652c6980ccdfc843,ae86dfbd952a76947f91173777ffb0db62d1a6ba1a491dfe652c6980ccdfc843
pair-stage-probes-1b776a34-dK0g/cases/carry_b-v6h.k0g_teacher_hR2_04_s911_pPOST_L1_VhR2/case.json,2845,dff658badf372fdc2a23a8ae12a67aff70a75498cf1f18453508f9b32da73ea3,dff658badf372fdc2a23a8ae12a67aff70a75498cf1f18453508f9b32da73ea3
pair-stage-probes-1b776a34-dK0g/cases/carry_b-v6h.k0g_teacher_hR2_04_s911_pPOST_L1_VhR2/result.json,64248,ae12e86c6b08cee574600aece9849675f8ceaccb4dbd0a9a539a4fb2478aaf87,ae12e86c6b08cee574600aece9849675f8ceaccb4dbd0a9a539a4fb2478aaf87
pair-stage-probes-1b776a34-dK0g/cases/carry_b-v6h.k0g_teacher_hR2_05_s911_pPOST_L1_VhR2/case.json,2843,4886d2cffd71db161c2cf53de99d68dd79b41a72ffe7a378060834d1fcdd27dd,4886d2cffd71db161c2cf53de99d68dd79b41a72ffe7a378060834d1fcdd27dd
pair-stage-probes-1b776a34-dK0g/cases/carry_b-v6h.k0g_teacher_hR2_05_s911_pPOST_L1_VhR2/result.json,64259,eaeb7351cfaa2e43c1c9398a26b71b3473ec352295f6da8a6e12e28efc35d064,eaeb7351cfaa2e43c1c9398a26b71b3473ec352295f6da8a6e12e28efc35d064
pair-stage-probes-1b776a34-dK0g/cases/carry_b-v6h.k0g_teacher_hR2_06_s911_pPOST_L1_VhR2/case.json,2842,bdc189d89c7f67f7b48e37e22116232b665d887b20ef1fe6f676e3e54ce2e168,bdc189d89c7f67f7b48e37e22116232b665d887b20ef1fe6f676e3e54ce2e168
pair-stage-probes-1b776a34-dK0g/cases/carry_b-v6h.k0g_teacher_hR2_06_s911_pPOST_L1_VhR2/result.json,64238,0f113e1c850c7359a7874bc43b94ed56d7975f6dfbadd8f70ae6020c4bd8404a,0f113e1c850c7359a7874bc43b94ed56d7975f6dfbadd8f70ae6020c4bd8404a
pair-stage-probes-1b776a34-dK0g/cases/carry_b-v6h.k0g_teacher_hR2_07_s911_pPOST_L1_VhR2/case.json,2849,ef9074a120b450d272859933d3bef2090c58fdb8be92a26f613a207ee33f2915,ef9074a120b450d272859933d3bef2090c58fdb8be92a26f613a207ee33f2915
pair-stage-probes-1b776a34-dK0g/cases/carry_b-v6h.k0g_teacher_hR2_07_s911_pPOST_L1_VhR2/result.json,63770,46a6fb745ebcec3a60675b10cd82177d491ed0c9889789bbd24a9bda953b2044,46a6fb745ebcec3a60675b10cd82177d491ed0c9889789bbd24a9bda953b2044
pair-stage-probes-1b776a34-dK0g/cases/carry_b-v6h.k0g_teacher_hR2_08_s911_pPOST_L1_VhR2/case.json,2841,b047fc388058a628773cbb95eb51395fcea4d533860ec315857ace2a6ee7185b,b047fc388058a628773cbb95eb51395fcea4d533860ec315857ace2a6ee7185b
pair-stage-probes-1b776a34-dK0g/cases/carry_b-v6h.k0g_teacher_hR2_08_s911_pPOST_L1_VhR2/result.json,63740,dbe9b6ddbf8d21acac90b02c5117fdf57ac2560f3ccb8f3263d9f8847bd6a69e,dbe9b6ddbf8d21acac90b02c5117fdf57ac2560f3ccb8f3263d9f8847bd6a69e
pair-stage-probes-1b776a34-dK0g/cases/carry_b-v6h.k0g_teacher_hR2_09_s911_pPOST_L1_VhR2/case.json,2844,ca62cfadc3624f2786e405e2091dd30e2c19c59e1fb5df8ec9639ac2aae96761,ca62cfadc3624f2786e405e2091dd30e2c19c59e1fb5df8ec9639ac2aae96761
pair-stage-probes-1b776a34-dK0g/cases/carry_b-v6h.k0g_teacher_hR2_09_s911_pPOST_L1_VhR2/result.json,63882,d1c38e1e8fde361913a4b8fb4937eb3333cec7278f2173f6f07bb49685090e0b,d1c38e1e8fde361913a4b8fb4937eb3333cec7278f2173f6f07bb49685090e0b
pair-stage-probes-1b776a34-dK0g/cases/carry_b-v6h.k0g_teacher_hR2_10_s911_pPOST_L1_VhR2/case.json,2844,0974bf097929524c242eeda10944bfa584f63738697bb8478b80583e86d8f261,0974bf097929524c242eeda10944bfa584f63738697bb8478b80583e86d8f261
pair-stage-probes-1b776a34-dK0g/cases/carry_b-v6h.k0g_teacher_hR2_10_s911_pPOST_L1_VhR2/result.json,63770,43b170e8a9fbcbf29c0d4b8d41d19173c4b533d95efe43d36980a54fdb5aac2e,43b170e8a9fbcbf29c0d4b8d41d19173c4b533d95efe43d36980a54fdb5aac2e
pair-stage-probes-1b776a34-dK1/manifest.json,167518,a924c3386a439241e01bde9db95efa2c18a55b56a7350aa16de9e6e35d4f07b4,
pair-stage-probes-1b776a34-dK1/cases.jsonl,69437,fe10f27add0c54886a70c8f4ae00ad7bced34bc3fe2c9fc664710471ae97269a,fe10f27add0c54886a70c8f4ae00ad7bced34bc3fe2c9fc664710471ae97269a
pair-stage-probes-1b776a34-dK1/artifacts.sha256.json,2426327,28c807dc04a13575074709a13d7bc101e04bd9caeaa2c1a9fe9b2251e7e921ab,
pair-stage-probes-1b776a34-dK1/plan.json,65135,7361d403d5d167911911d7ed0a09ab02674526e85cf30886771581e8d8961606,
pair-stage-probes-1b776a34-dK1/cases/carry_b-v6h.k1_teacher_hR2_02_s911_pPOST_VhR2/case.json,2843,2d3597cd22019f22eeb2ad04b41a9ce2bcdb731093b17887836a4820baaa35de,2d3597cd22019f22eeb2ad04b41a9ce2bcdb731093b17887836a4820baaa35de
pair-stage-probes-1b776a34-dK1/cases/carry_b-v6h.k1_teacher_hR2_02_s911_pPOST_VhR2/result.json,55697,20f9cc9060cf110de5a9e1eb16f7969c5cf21ec9891669864500f054f5a41cf5,20f9cc9060cf110de5a9e1eb16f7969c5cf21ec9891669864500f054f5a41cf5
pair-stage-probes-1b776a34-dK1/cases/carry_b-v6h.k1_teacher_hR2_01_s911_pPOST_VhR2/case.json,2841,ba436c12eea89c37093002a4e1040dc85c4de2369da2bb6205530d199771e798,ba436c12eea89c37093002a4e1040dc85c4de2369da2bb6205530d199771e798
pair-stage-probes-1b776a34-dK1/cases/carry_b-v6h.k1_teacher_hR2_01_s911_pPOST_VhR2/result.json,56030,b5a9718100c073937b668fd99ba0bd86a00959adf07269dadc3b42da9958f461,b5a9718100c073937b668fd99ba0bd86a00959adf07269dadc3b42da9958f461
pair-stage-probes-1b776a34-dK1/cases/carry_b-v6h.k1_teacher_hR2_03_s911_pPOST_VhR2/case.json,2837,0be8cb80794410d419047a6ab116040f7662c13264a8f87f2d03f8e2b19e04f8,0be8cb80794410d419047a6ab116040f7662c13264a8f87f2d03f8e2b19e04f8
pair-stage-probes-1b776a34-dK1/cases/carry_b-v6h.k1_teacher_hR2_03_s911_pPOST_VhR2/result.json,55690,82d9f73c0491fa1dce130ff6acace1fb9c69de061730f82d267ed0e827a9eb3d,82d9f73c0491fa1dce130ff6acace1fb9c69de061730f82d267ed0e827a9eb3d
pair-stage-probes-1b776a34-dK1/cases/carry_b-v6h.k1_teacher_hR2_04_s911_pPOST_VhR2/case.json,2843,1a385b74f80d90f68c76581a3ab3e56539f4f2a7e9fead68e515d4575e3b9877,1a385b74f80d90f68c76581a3ab3e56539f4f2a7e9fead68e515d4575e3b9877
pair-stage-probes-1b776a34-dK1/cases/carry_b-v6h.k1_teacher_hR2_04_s911_pPOST_VhR2/result.json,58570,09a6b1c6eab4ef10721623c5bbf1e162b02085b8bf3adc09949ef2f00acf7c8e,09a6b1c6eab4ef10721623c5bbf1e162b02085b8bf3adc09949ef2f00acf7c8e
pair-stage-probes-1b776a34-dK1/cases/carry_b-v6h.k1_teacher_hR2_05_s911_pPOST_VhR2/case.json,2841,efab280531e4c9107b0f0747ecbe3ddaf1ad6450d345c7cffb232012e587b434,efab280531e4c9107b0f0747ecbe3ddaf1ad6450d345c7cffb232012e587b434
pair-stage-probes-1b776a34-dK1/cases/carry_b-v6h.k1_teacher_hR2_05_s911_pPOST_VhR2/result.json,58575,a6b8c04041edea8c20694bbd39a1a1dea476f03bfdd70b241e4d1fe5692a435c,a6b8c04041edea8c20694bbd39a1a1dea476f03bfdd70b241e4d1fe5692a435c
pair-stage-probes-1b776a34-dK1/cases/carry_b-v6h.k1_teacher_hR2_06_s911_pPOST_VhR2/case.json,2840,437b4591998638213530a7d946b4d5b5876e64f592054ddd57860880e5b9bde1,437b4591998638213530a7d946b4d5b5876e64f592054ddd57860880e5b9bde1
pair-stage-probes-1b776a34-dK1/cases/carry_b-v6h.k1_teacher_hR2_06_s911_pPOST_VhR2/result.json,58583,d152cbe6c3e8d1982c62bdda06f802244720598146859a3dbc64965b048199de,d152cbe6c3e8d1982c62bdda06f802244720598146859a3dbc64965b048199de
pair-stage-probes-1b776a34-dK1/cases/carry_b-v6h.k1_teacher_hR2_07_s911_pPOST_VhR2/case.json,2844,afc43a15bb681052f74ffda8b3a5e148c5db821a70152a0c9d193bcc9240dcca,afc43a15bb681052f74ffda8b3a5e148c5db821a70152a0c9d193bcc9240dcca
pair-stage-probes-1b776a34-dK1/cases/carry_b-v6h.k1_teacher_hR2_07_s911_pPOST_VhR2/result.json,55705,5e399469787c143ea67893810a4d1b48cd94e9540a2c233d9bc262cc0c961a15,5e399469787c143ea67893810a4d1b48cd94e9540a2c233d9bc262cc0c961a15
pair-stage-probes-1b776a34-dK1/cases/carry_b-v6h.k1_teacher_hR2_08_s911_pPOST_VhR2/case.json,2834,01557211c2366f00e1cd0571a9034eceae65dd461a938f2f4e25f7ad72f157bf,01557211c2366f00e1cd0571a9034eceae65dd461a938f2f4e25f7ad72f157bf
pair-stage-probes-1b776a34-dK1/cases/carry_b-v6h.k1_teacher_hR2_08_s911_pPOST_VhR2/result.json,55686,1943bf5a252a21bfe9848eaa644da314314d84f5f3f0d05e62d1ac8e87623a0d,1943bf5a252a21bfe9848eaa644da314314d84f5f3f0d05e62d1ac8e87623a0d
pair-stage-probes-1b776a34-dK1/cases/carry_b-v6h.k1_teacher_hR2_09_s911_pPOST_VhR2/case.json,2839,5c66258e855a1909a1ca7d63126a84c70c5479d4a34bd81ad2ed29393398c2e3,5c66258e855a1909a1ca7d63126a84c70c5479d4a34bd81ad2ed29393398c2e3
pair-stage-probes-1b776a34-dK1/cases/carry_b-v6h.k1_teacher_hR2_09_s911_pPOST_VhR2/result.json,55803,004d41d63df70be3f51bce8a6ebaf93d0f03d362d03d001dac0c6ec3c9cc13ef,004d41d63df70be3f51bce8a6ebaf93d0f03d362d03d001dac0c6ec3c9cc13ef
pair-stage-probes-1b776a34-dK1/cases/carry_b-v6h.k1_teacher_hR2_10_s911_pPOST_VhR2/case.json,2838,1fee62bfadc8d2cfc40493ee4ff796ecbe9a2c17df9e9d2ba6cb669bdd234362,1fee62bfadc8d2cfc40493ee4ff796ecbe9a2c17df9e9d2ba6cb669bdd234362
pair-stage-probes-1b776a34-dK1/cases/carry_b-v6h.k1_teacher_hR2_10_s911_pPOST_VhR2/result.json,55696,a2afe554d766bb5b82de72836ff54150a7ed365f34231b877d813e202642ea66,a2afe554d766bb5b82de72836ff54150a7ed365f34231b877d813e202642ea66
pair-stage-probes-1b776a34-dK1/cases/carry_b-v6h.k1_teacher_hR2_01_s911_pPOST_L1_VhR2/case.json,2844,1eb657e0dab20897969155c1489f0f373936b57037653bf771608146f895b01a,1eb657e0dab20897969155c1489f0f373936b57037653bf771608146f895b01a
pair-stage-probes-1b776a34-dK1/cases/carry_b-v6h.k1_teacher_hR2_01_s911_pPOST_L1_VhR2/result.json,57008,ccce5b7b7f50434d805dc72dff2b614f7fd1765635db60c6ee47944a2217c3c9,ccce5b7b7f50434d805dc72dff2b614f7fd1765635db60c6ee47944a2217c3c9
pair-stage-probes-1b776a34-dK1/cases/carry_b-v6h.k1_teacher_hR2_02_s911_pPOST_L1_VhR2/case.json,2840,388f7ee73e3c18fcb13233a16e27efdea42806f1afe447103ac43874a91dd263,388f7ee73e3c18fcb13233a16e27efdea42806f1afe447103ac43874a91dd263
pair-stage-probes-1b776a34-dK1/cases/carry_b-v6h.k1_teacher_hR2_02_s911_pPOST_L1_VhR2/result.json,56564,35356eca98601bdf13e41aad18e25a18604de30100828594a4de07126579893e,35356eca98601bdf13e41aad18e25a18604de30100828594a4de07126579893e
pair-stage-probes-1b776a34-dK1/cases/carry_b-v6h.k1_teacher_hR2_03_s911_pPOST_L1_VhR2/case.json,2838,5e10abeb3201cf09445535b2e8e4fe932f77f128d9fb330b510c28afa2abed1a,5e10abeb3201cf09445535b2e8e4fe932f77f128d9fb330b510c28afa2abed1a
pair-stage-probes-1b776a34-dK1/cases/carry_b-v6h.k1_teacher_hR2_03_s911_pPOST_L1_VhR2/result.json,56533,70d362b08df39547c59e5d2858c7878ec12c39e376075501d6d65a5d60ebb36d,70d362b08df39547c59e5d2858c7878ec12c39e376075501d6d65a5d60ebb36d
pair-stage-probes-1b776a34-dK1/cases/carry_b-v6h.k1_teacher_hR2_04_s911_pPOST_L1_VhR2/case.json,2843,e80355cdda415a0acb0251bb34dca374df944581ad2dc3e2516b32822cac97d5,e80355cdda415a0acb0251bb34dca374df944581ad2dc3e2516b32822cac97d5
pair-stage-probes-1b776a34-dK1/cases/carry_b-v6h.k1_teacher_hR2_04_s911_pPOST_L1_VhR2/result.json,56974,6dcc1454fc6a99166c31cc93cf1b0808eb83f48f72ba240a391aa93c38c25545,6dcc1454fc6a99166c31cc93cf1b0808eb83f48f72ba240a391aa93c38c25545
pair-stage-probes-1b776a34-dK1/cases/carry_b-v6h.k1_teacher_hR2_05_s911_pPOST_L1_VhR2/case.json,2841,857969a282133014e6d2701dc22a511547e1221eb7d8d377ccb0d82a3cb5bc42,857969a282133014e6d2701dc22a511547e1221eb7d8d377ccb0d82a3cb5bc42
pair-stage-probes-1b776a34-dK1/cases/carry_b-v6h.k1_teacher_hR2_05_s911_pPOST_L1_VhR2/result.json,64145,a5ea0acdc3a045a9034e8caa93ec638e8a25b2f129ef6f561fc46fb7aa1d0259,a5ea0acdc3a045a9034e8caa93ec638e8a25b2f129ef6f561fc46fb7aa1d0259
pair-stage-probes-1b776a34-dK1/cases/carry_b-v6h.k1_teacher_hR2_06_s911_pPOST_L1_VhR2/case.json,2840,4e45002947fde7d99aabfcd1df6833f18dd3d64ebd98f2d255fce5d1384697eb,4e45002947fde7d99aabfcd1df6833f18dd3d64ebd98f2d255fce5d1384697eb
pair-stage-probes-1b776a34-dK1/cases/carry_b-v6h.k1_teacher_hR2_06_s911_pPOST_L1_VhR2/result.json,56984,3a1d4307ecd9c697dd182ea212c940c0664655dcbf5475fcc75da5e163d4bc31,3a1d4307ecd9c697dd182ea212c940c0664655dcbf5475fcc75da5e163d4bc31
pair-stage-probes-1b776a34-dK1/cases/carry_b-v6h.k1_teacher_hR2_07_s911_pPOST_L1_VhR2/case.json,2847,6eee7f47b7351d5c03542790c26508b808549db116c7306a9853647ca361769b,6eee7f47b7351d5c03542790c26508b808549db116c7306a9853647ca361769b
pair-stage-probes-1b776a34-dK1/cases/carry_b-v6h.k1_teacher_hR2_07_s911_pPOST_L1_VhR2/result.json,63672,dabcc01d7e0ccdfe3f16268c384a0f47b2a2e6dc98bfbcae76a18230bd7d38c9,dabcc01d7e0ccdfe3f16268c384a0f47b2a2e6dc98bfbcae76a18230bd7d38c9
pair-stage-probes-1b776a34-dK1/cases/carry_b-v6h.k1_teacher_hR2_08_s911_pPOST_L1_VhR2/case.json,2839,55d62ad69919583da86e5311d57df76252cfc846ea7550bbc158fe5ddd6adbc4,55d62ad69919583da86e5311d57df76252cfc846ea7550bbc158fe5ddd6adbc4
pair-stage-probes-1b776a34-dK1/cases/carry_b-v6h.k1_teacher_hR2_08_s911_pPOST_L1_VhR2/result.json,63650,c3782b964542d15090fd526bf295dff3a6f93219539fca0b7877354458d60463,c3782b964542d15090fd526bf295dff3a6f93219539fca0b7877354458d60463
pair-stage-probes-1b776a34-dK1/cases/carry_b-v6h.k1_teacher_hR2_09_s911_pPOST_L1_VhR2/case.json,2842,c96772f1bec0bb16ffe6fbad2f0640cfd54a2cde50c4e04542c1ad1d33484932,c96772f1bec0bb16ffe6fbad2f0640cfd54a2cde50c4e04542c1ad1d33484932
pair-stage-probes-1b776a34-dK1/cases/carry_b-v6h.k1_teacher_hR2_09_s911_pPOST_L1_VhR2/result.json,63788,8a609fb6fb48041196321725de1a4599c4ce2f4267dd6fb1edb67ad4cbef6d5b,8a609fb6fb48041196321725de1a4599c4ce2f4267dd6fb1edb67ad4cbef6d5b
pair-stage-probes-1b776a34-dK1/cases/carry_b-v6h.k1_teacher_hR2_10_s911_pPOST_L1_VhR2/case.json,2842,0eac00ce91ff1c141915485fb2612cf8b4f63d604a87e4a40e15a4d2370fa7be,0eac00ce91ff1c141915485fb2612cf8b4f63d604a87e4a40e15a4d2370fa7be
pair-stage-probes-1b776a34-dK1/cases/carry_b-v6h.k1_teacher_hR2_10_s911_pPOST_L1_VhR2/result.json,63663,44f7e86abdca78874eeb86afe6fe81c1daba9f434653f676c6834b92377ee4c5,44f7e86abdca78874eeb86afe6fe81c1daba9f434653f676c6834b92377ee4c5
pair-stage-probes-1b776a34-dsmokeK0/manifest.json,167518,badb616b732fd2b09deb0cc0959d460fd938150ec7bfa72deeb2ee7180c6d58c,
pair-stage-probes-1b776a34-dsmokeK0/cases.jsonl,20017,42fa52ad2f5ce5746c27aa82526891f08bea35ac0de45a6cf248556102de0224,
pair-stage-probes-1b776a34-dsmokeK0/artifacts.sha256.json,728272,3727f513206aae87ad3d9381f2d84f6daa718b80c6baaca18c4dccdb9da65ee8,
pair-stage-probes-1b776a34-dsmokeK0/plan.json,19633,601a6eddc71c250456b9c39b0b3fd2c982235b88edb4ef5b588fdb946c4f8916,
pair-stage-probes-1b776a34-dsmokeK0/cases/carry_b-v6h.k0_teacher_hR2_02_s911_pPOST_VhR2/case.json,2843,666313d17ac36a7a347a2b029f4719a2813bab9ae1166a72c538e61559e8db6e,666313d17ac36a7a347a2b029f4719a2813bab9ae1166a72c538e61559e8db6e
pair-stage-probes-1b776a34-dsmokeK0/cases/carry_b-v6h.k0_teacher_hR2_02_s911_pPOST_VhR2/result.json,55693,df3c6c68347abaa7e6ccfa5d9a428a973c8da7ef96e3338af45b933271474a08,df3c6c68347abaa7e6ccfa5d9a428a973c8da7ef96e3338af45b933271474a08
pair-stage-probes-1b776a34-dsmokeK0/cases/carry_b-v6h.k0_teacher_hR2_01_s911_pPOST_VhR2/case.json,2841,d3d766227a3752c2edca5e31c16ff2bde71ee12f76bafe66cd40d14a574202c2,d3d766227a3752c2edca5e31c16ff2bde71ee12f76bafe66cd40d14a574202c2
pair-stage-probes-1b776a34-dsmokeK0/cases/carry_b-v6h.k0_teacher_hR2_01_s911_pPOST_VhR2/result.json,56025,03bfad363fd1b5b44fe2cfcf52450cef3bc52fdde1e9f371d4d90f4e61a99411,03bfad363fd1b5b44fe2cfcf52450cef3bc52fdde1e9f371d4d90f4e61a99411
pair-stage-probes-1b776a34-dsmokeK0/cases/carry_b-v6h.k0_teacher_hR2_04_s911_pPOST_VhR2/case.json,2843,cfbb97f20d7088680964d8c5e0cdf992add0fcd3fc130469375a9d8dd5810190,cfbb97f20d7088680964d8c5e0cdf992add0fcd3fc130469375a9d8dd5810190
pair-stage-probes-1b776a34-dsmokeK0/cases/carry_b-v6h.k0_teacher_hR2_04_s911_pPOST_VhR2/result.json,58552,81b7ebde3a019f1e392bf4424c618a6edeb3afaa0108decac87527f8c9da0d79,81b7ebde3a019f1e392bf4424c618a6edeb3afaa0108decac87527f8c9da0d79
pair-stage-probes-1b776a34-dsmokeK0/cases/carry_b-v6h.k0_teacher_hR2_01_s911_pPOST_L1_VhR2/case.json,2844,623cb060ff512732beef8e1fbc9c1fcfbdeca66a22fefec00e4dbda584893815,623cb060ff512732beef8e1fbc9c1fcfbdeca66a22fefec00e4dbda584893815
pair-stage-probes-1b776a34-dsmokeK0/cases/carry_b-v6h.k0_teacher_hR2_01_s911_pPOST_L1_VhR2/result.json,57026,2c9f76828d19c1b9b254768e991ac1acc22851b5787487ffec46f63eaafca407,2c9f76828d19c1b9b254768e991ac1acc22851b5787487ffec46f63eaafca407
pair-stage-probes-1b776a34-dsmokeK0/cases/carry_b-v6h.k0_teacher_hR2_02_s911_pPOST_L1_VhR2/case.json,2840,70bc6ea76c52243729b45fa7fce578ea9101ffbb7c229392c2d12393bf4f876d,70bc6ea76c52243729b45fa7fce578ea9101ffbb7c229392c2d12393bf4f876d
pair-stage-probes-1b776a34-dsmokeK0/cases/carry_b-v6h.k0_teacher_hR2_02_s911_pPOST_L1_VhR2/result.json,56548,ce8c2ab1d639224570f65ea93a408ae09aaed502919bf19b5a4972f5b4b526dc,ce8c2ab1d639224570f65ea93a408ae09aaed502919bf19b5a4972f5b4b526dc
pair-stage-probes-1b776a34-dsmokeK0/cases/carry_b-v6h.k0_teacher_hR2_04_s911_pPOST_L1_VhR2/case.json,2843,db269b5e6a24f41abe037204b377e5678bc76c43c00ea1e1e261a17914cc3a86,db269b5e6a24f41abe037204b377e5678bc76c43c00ea1e1e261a17914cc3a86
pair-stage-probes-1b776a34-dsmokeK0/cases/carry_b-v6h.k0_teacher_hR2_04_s911_pPOST_L1_VhR2/result.json,56961,6645e52d73f9701733350deb47843533e3cd8b3dd47a106a5954db7685cd8961,6645e52d73f9701733350deb47843533e3cd8b3dd47a106a5954db7685cd8961
pair-stage-probes-1b776a34-nBase/manifest.json,167514,d37b152e71737dbe08f0e1e75ae9dad75e6922b0e1a008d9b5c86050188fdff2,
pair-stage-probes-1b776a34-nBase/cases.jsonl,35287,be3df1966114c0306dbd0805d65050b00fa638277a050db167ca99b20df26ce4,
pair-stage-probes-1b776a34-nBase/artifacts.sha256.json,1196664,c7b9674e0ffaef339036d089f0c45c6749755bec2221d6ffdeb265b881ba316b,
pair-stage-probes-1b776a34-nBase/plan.json,32048,2c9de3b72e9ea6adea57bdf5f3a8a48332039eb80f72b913c87fe553ffad156d,
pair-stage-probes-1b776a34-nBase/cases/carry_b-v6g_teacher_hR2_07_s911_pPOST_L2_VhR2/case.json,2797,c5bf93df9e83427bd431e273836c8e3bd17e2c177f9245b5198904eb38495acf,c5bf93df9e83427bd431e273836c8e3bd17e2c177f9245b5198904eb38495acf
pair-stage-probes-1b776a34-nBase/cases/carry_b-v6g_teacher_hR2_07_s911_pPOST_L2_VhR2/result.json,60556,ee980584cd501adedaed69cee34daf8c2f4a6cd50c35949ce47e987a011a3b57,ee980584cd501adedaed69cee34daf8c2f4a6cd50c35949ce47e987a011a3b57
pair-stage-probes-1b776a34-nBase/cases/carry_b-v6g_teacher_hR2_04_s911_pPOST_L2_VhR2/case.json,2796,fd1da3a128b9cbb253f1c3d2c38ba43331cb6f9324a0acc5b59ecbb00a3e1988,fd1da3a128b9cbb253f1c3d2c38ba43331cb6f9324a0acc5b59ecbb00a3e1988
pair-stage-probes-1b776a34-nBase/cases/carry_b-v6g_teacher_hR2_04_s911_pPOST_L2_VhR2/result.json,60926,5d916eb292706a12b98fa5ff4ce07283204a952447ce42690b4ad3e86994ae32,5d916eb292706a12b98fa5ff4ce07283204a952447ce42690b4ad3e86994ae32
pair-stage-probes-1b776a34-nBase/cases/carry_b-v6g_teacher_hR2_07_s911_pPOST_L3_VhR2/case.json,2795,42b641786c62b9660e90484dab53c905c8cdde5c84f6e585b891d0628a3b6643,42b641786c62b9660e90484dab53c905c8cdde5c84f6e585b891d0628a3b6643
pair-stage-probes-1b776a34-nBase/cases/carry_b-v6g_teacher_hR2_07_s911_pPOST_L3_VhR2/result.json,58541,a667b70bc23d97330200aa6bf5febecfa7978d926aae6bb6405083d2330d3fe8,a667b70bc23d97330200aa6bf5febecfa7978d926aae6bb6405083d2330d3fe8
pair-stage-probes-1b776a34-nBase/cases/carry_b-v6g_teacher_hR2_04_s911_pPOST_L3_VhR2/case.json,2794,655c73f72e60ca51e0b8442321f85d5dfc6c0287fec12e9a1b707c712853fc00,655c73f72e60ca51e0b8442321f85d5dfc6c0287fec12e9a1b707c712853fc00
pair-stage-probes-1b776a34-nBase/cases/carry_b-v6g_teacher_hR2_04_s911_pPOST_L3_VhR2/result.json,58874,fc1af7e257b8b0ce35503888283c1a6082f01370eb291a509e51f35429a95a65,fc1af7e257b8b0ce35503888283c1a6082f01370eb291a509e51f35429a95a65
pair-stage-probes-1b776a34-nBase/cases/carry_b-v6g_teacher_hR2_04_s911_pPOST_L4_VhR2/case.json,2784,3bca2af86c8c1f2908be6750e20a8e7a83ddc501419430d48e92bb7b0616ccbe,3bca2af86c8c1f2908be6750e20a8e7a83ddc501419430d48e92bb7b0616ccbe
pair-stage-probes-1b776a34-nBase/cases/carry_b-v6g_teacher_hR2_04_s911_pPOST_L4_VhR2/result.json,58872,7db9c8399dd578a6c0786056cab92daa6e36fdbb185d936aa0005adf513b75fe,7db9c8399dd578a6c0786056cab92daa6e36fdbb185d936aa0005adf513b75fe
pair-stage-probes-1b776a34-nBase/cases/carry_b-v6g_teacher_hR2_07_s911_pPOST_L4_VhR2/case.json,2790,11df2eb0e452eb5d44c81726d151801b0424958258951eeb3921b2899952ec49,11df2eb0e452eb5d44c81726d151801b0424958258951eeb3921b2899952ec49
pair-stage-probes-1b776a34-nBase/cases/carry_b-v6g_teacher_hR2_07_s911_pPOST_L4_VhR2/result.json,58531,6083cecdc1c55dd5980952c2535f29cfa611fa0aabfaa10d599056a6af54aa9a,6083cecdc1c55dd5980952c2535f29cfa611fa0aabfaa10d599056a6af54aa9a
pair-stage-probes-1b776a34-nBase/cases/carry_b-v6g_teacher_hR2_07_s911_pPOST_L5_VhR2/case.json,2792,c2955953f1976973e7be87a9448a7a33f33bcdc50e7e2d73a1b07da17e31ce41,c2955953f1976973e7be87a9448a7a33f33bcdc50e7e2d73a1b07da17e31ce41
pair-stage-probes-1b776a34-nBase/cases/carry_b-v6g_teacher_hR2_07_s911_pPOST_L5_VhR2/result.json,58506,b91ee6b6e7ded4c2b805747653f51b10cf66dce074d169f992c6d9eb8cfb5716,b91ee6b6e7ded4c2b805747653f51b10cf66dce074d169f992c6d9eb8cfb5716
pair-stage-probes-1b776a34-nBase/cases/carry_b-v6g_teacher_hR2_04_s911_pPOST_L5_VhR2/case.json,2786,91d068ab9345fee9b03eba425cbbef2808979b71d612373b7a5f345023594ab9,91d068ab9345fee9b03eba425cbbef2808979b71d612373b7a5f345023594ab9
pair-stage-probes-1b776a34-nBase/cases/carry_b-v6g_teacher_hR2_04_s911_pPOST_L5_VhR2/result.json,58858,206cef6bc766e951047c2cb5db01a5c39f5ae829a5696173b438df6448884725,206cef6bc766e951047c2cb5db01a5c39f5ae829a5696173b438df6448884725
pair-stage-probes-1b776a34-nBase/cases/carry_b-v6g_teacher_hR2_07_s911_pPOST_L6_VhR2/case.json,2790,11bcdcddc15bf5253c9426a84ab9d890ac21a8f21eec630f35edafc2aa575585,11bcdcddc15bf5253c9426a84ab9d890ac21a8f21eec630f35edafc2aa575585
pair-stage-probes-1b776a34-nBase/cases/carry_b-v6g_teacher_hR2_07_s911_pPOST_L6_VhR2/result.json,59013,b44d75b0974f15fa606cb07dea5a408807e3c5c952368f39208c9c841c6e294e,b44d75b0974f15fa606cb07dea5a408807e3c5c952368f39208c9c841c6e294e
pair-stage-probes-1b776a34-nBase/cases/carry_b-v6g_teacher_hR2_04_s911_pPOST_L6_VhR2/case.json,2785,6e4d233c152e91e1851bf9e749882f8f7e0ffd005704c325cc4709053088ce14,6e4d233c152e91e1851bf9e749882f8f7e0ffd005704c325cc4709053088ce14
pair-stage-probes-1b776a34-nBase/cases/carry_b-v6g_teacher_hR2_04_s911_pPOST_L6_VhR2/result.json,59398,faa74531cd286d913559a8459d119b3e1538298021779960b08bc91cce5d0580,faa74531cd286d913559a8459d119b3e1538298021779960b08bc91cce5d0580
pair-stage-probes-1b776a34-nK0g/manifest.json,167514,faf21e4ed0c4c953b5107b2f94637e9a86ebad92af165c305360b573ce76c870,
pair-stage-probes-1b776a34-nK0g/cases.jsonl,36065,8cbfc70966a3c7493741bf389ed8429e3938cde1368e10e095e5b09f1a6badce,
pair-stage-probes-1b776a34-nK0g/artifacts.sha256.json,1222528,1d79bea009cb3db0a33958d8d6e26f229f736719b1dc0e9458c328593561abf9,
pair-stage-probes-1b776a34-nK0g/plan.json,32638,0b9e4643a60223cb4fc64e1859dda8abe5a51653fe6ee579d7bac13c17360c96,
pair-stage-probes-1b776a34-nK0g/cases/carry_b-v6h.k0g_teacher_hR2_07_s911_pPOST_L2_VhR2/case.json,2848,4a64213cd3898fd28045af225417c4d0387fb7444bf0bf811d2c4aec6221e678,4a64213cd3898fd28045af225417c4d0387fb7444bf0bf811d2c4aec6221e678
pair-stage-probes-1b776a34-nK0g/cases/carry_b-v6h.k0g_teacher_hR2_07_s911_pPOST_L2_VhR2/result.json,61315,beb6b8f4a399af1989f44da1afcfdb6b8a9d8758f7258a05e4b3ea960eb30c7e,beb6b8f4a399af1989f44da1afcfdb6b8a9d8758f7258a05e4b3ea960eb30c7e
pair-stage-probes-1b776a34-nK0g/cases/carry_b-v6h.k0g_teacher_hR2_04_s911_pPOST_L2_VhR2/case.json,2847,e01d830739a84b758083065e67b05e3b1a40e08a1f589a95154de62d4e2d3678,e01d830739a84b758083065e67b05e3b1a40e08a1f589a95154de62d4e2d3678
pair-stage-probes-1b776a34-nK0g/cases/carry_b-v6h.k0g_teacher_hR2_04_s911_pPOST_L2_VhR2/result.json,61684,f20e68bcca958160cd5ee28d97c48025964e3d8beea2898b5a024ec2b0d78805,f20e68bcca958160cd5ee28d97c48025964e3d8beea2898b5a024ec2b0d78805
pair-stage-probes-1b776a34-nK0g/cases/carry_b-v6h.k0g_teacher_hR2_07_s911_pPOST_L3_VhR2/case.json,2846,4448286c32d39ce5eba8f37aaf2a2b5fa19f0515636d2a04f3dbf41a0605c4ff,4448286c32d39ce5eba8f37aaf2a2b5fa19f0515636d2a04f3dbf41a0605c4ff
pair-stage-probes-1b776a34-nK0g/cases/carry_b-v6h.k0g_teacher_hR2_07_s911_pPOST_L3_VhR2/result.json,59293,4bf91fbe519b9e01878bd17f54dc77fa51f595857c536985aa07cd73bf64c70b,4bf91fbe519b9e01878bd17f54dc77fa51f595857c536985aa07cd73bf64c70b
pair-stage-probes-1b776a34-nK0g/cases/carry_b-v6h.k0g_teacher_hR2_04_s911_pPOST_L3_VhR2/case.json,2845,bd25e122449adaa951ad0fb22cb3e438d1fc9802411af50b4e3e9492b8380eb1,bd25e122449adaa951ad0fb22cb3e438d1fc9802411af50b4e3e9492b8380eb1
pair-stage-probes-1b776a34-nK0g/cases/carry_b-v6h.k0g_teacher_hR2_04_s911_pPOST_L3_VhR2/result.json,59627,cf251c4888d66cbff1adb8d65ddd0bb0ebf1a04f2bcbb7b59d55ad6e08c9fab4,cf251c4888d66cbff1adb8d65ddd0bb0ebf1a04f2bcbb7b59d55ad6e08c9fab4
pair-stage-probes-1b776a34-nK0g/cases/carry_b-v6h.k0g_teacher_hR2_07_s911_pPOST_L4_VhR2/case.json,2841,27a1d6d2f32c3f569027ebeeab214ebbdede8e36035aba58903262f5ed29bb3f,27a1d6d2f32c3f569027ebeeab214ebbdede8e36035aba58903262f5ed29bb3f
pair-stage-probes-1b776a34-nK0g/cases/carry_b-v6h.k0g_teacher_hR2_07_s911_pPOST_L4_VhR2/result.json,59296,f71920b262e7d1b96edd09807672ad777741175705ae323b6769736001f2a932,f71920b262e7d1b96edd09807672ad777741175705ae323b6769736001f2a932
pair-stage-probes-1b776a34-nK0g/cases/carry_b-v6h.k0g_teacher_hR2_04_s911_pPOST_L4_VhR2/case.json,2835,5e14d7c66117ae1ac3ee53da1c0082c9be0f56790e817f6cd05284d0d4cbd5e8,5e14d7c66117ae1ac3ee53da1c0082c9be0f56790e817f6cd05284d0d4cbd5e8
pair-stage-probes-1b776a34-nK0g/cases/carry_b-v6h.k0g_teacher_hR2_04_s911_pPOST_L4_VhR2/result.json,59637,a6fcd6f9ee426976eb4c5f4fb1b9b09c268dc75a62cab9005a5f5892c9d3559e,a6fcd6f9ee426976eb4c5f4fb1b9b09c268dc75a62cab9005a5f5892c9d3559e
pair-stage-probes-1b776a34-nK0g/cases/carry_b-v6h.k0g_teacher_hR2_07_s911_pPOST_L5_VhR2/case.json,2843,b59dee7bdd7746d5c07fab441a74af0543a3e301d0f80f2079afe3200f13108d,b59dee7bdd7746d5c07fab441a74af0543a3e301d0f80f2079afe3200f13108d
pair-stage-probes-1b776a34-nK0g/cases/carry_b-v6h.k0g_teacher_hR2_07_s911_pPOST_L5_VhR2/result.json,59265,48c1406ab7a377b9c606514c522808b9387f683719114e9e9d83ccd601e2a51e,48c1406ab7a377b9c606514c522808b9387f683719114e9e9d83ccd601e2a51e
pair-stage-probes-1b776a34-nK0g/cases/carry_b-v6h.k0g_teacher_hR2_04_s911_pPOST_L5_VhR2/case.json,2837,0e43d253678b6fcaf55ea29cdaa69c330b13e28e3e9eda79081aedda6a94e696,0e43d253678b6fcaf55ea29cdaa69c330b13e28e3e9eda79081aedda6a94e696
pair-stage-probes-1b776a34-nK0g/cases/carry_b-v6h.k0g_teacher_hR2_04_s911_pPOST_L5_VhR2/result.json,59617,d82bfa2c0aa9cbdef353170ecad11f5bb5f7ebf2000f9a9244d3621d3f3e4a53,d82bfa2c0aa9cbdef353170ecad11f5bb5f7ebf2000f9a9244d3621d3f3e4a53
pair-stage-probes-1b776a34-nK0g/cases/carry_b-v6h.k0g_teacher_hR2_07_s911_pPOST_L6_VhR2/case.json,2841,7ed5dd940ed423e088cad76698cb636a1d87bd4482eb68b949fa3cc3168b9eb4,7ed5dd940ed423e088cad76698cb636a1d87bd4482eb68b949fa3cc3168b9eb4
pair-stage-probes-1b776a34-nK0g/cases/carry_b-v6h.k0g_teacher_hR2_07_s911_pPOST_L6_VhR2/result.json,59766,7c086b4777bb275effd0b7bebff74eb860f2baf6f1a2c8bd9b32f5f43e514671,7c086b4777bb275effd0b7bebff74eb860f2baf6f1a2c8bd9b32f5f43e514671
pair-stage-probes-1b776a34-nK0g/cases/carry_b-v6h.k0g_teacher_hR2_04_s911_pPOST_L6_VhR2/case.json,2836,d8c91227c1e2de03665922d0d9fc97f013b849e42671092c7bb9a8b9268046b0,d8c91227c1e2de03665922d0d9fc97f013b849e42671092c7bb9a8b9268046b0
pair-stage-probes-1b776a34-nK0g/cases/carry_b-v6h.k0g_teacher_hR2_04_s911_pPOST_L6_VhR2/result.json,60144,0e1696ae55a6e289270b8fb8c17bf7e30931574b52b4658dfc27e4a47c52d177,0e1696ae55a6e289270b8fb8c17bf7e30931574b52b4658dfc27e4a47c52d177
pair-stage-probes-1f70b1a6-v6c-bound-e2e/manifest.json,159835,ab8dd1a85c39c373c2c7208c9442ae39a62dc5d338ed7778dc73a23814094f5c,
pair-stage-probes-1f70b1a6-v6c-bound-e2e/cases.jsonl,35039,bc7e093e9410e9709727821876a21d60d87a0505ed48ac85c7a77162e3be20ae,
pair-stage-probes-1f70b1a6-v6c-bound-e2e/plan.json,112339,0b0a0fe061bd4ff2490b4ebb95867652906356aedcf7a6c8df6d80dcfa459e0e,
pair-stage-probes-1f70b1a6-v6c-bound-grid/manifest.json,160067,d2c728185c7e37aedbbe94743f02c2c88d5880ca620d21719b80f903e31c1029,
pair-stage-probes-1f70b1a6-v6c-bound-grid/cases.jsonl,26702,fb2e7a5a09a8d16e602e74f46503793144e952e03fd9f8e70c5a562cb6352e5b,
pair-stage-probes-1f70b1a6-v6c-bound-grid/artifacts.sha256.json,711876,4d850055c68c3d740533036900a50c7701e3166cf9d93c1de23664d9798946ce,
pair-stage-probes-1f70b1a6-v6c-bound-grid/plan.json,49306,89551c04af41a06bda251e7cbb6eba57777aa3ad04e98597c6c3391287f6a572,
pair-stage-probes-2aa03454-grid1/manifest.json,160164,8c5ffbd15513aec85c4533945b3c35e814ae0a5b6eeb313d7ca71271541b0559,
pair-stage-probes-2aa03454-grid1/cases.jsonl,50223,170f78f5a0d3250466c7913d5cba870de8004e88cf8f1e38b601e19ad50985b3,
pair-stage-probes-2aa03454-grid1/artifacts.sha256.json,5032936,d6df55d72392d642ea569e3f9ecf42d0b8fbbeea21892acb28cef52feb9023f5,
pair-stage-probes-2aa03454-grid1/plan.json,156760,b5b525dcc227d2013fab17e8c293ec31fb0464bb754a071e7e5447ff8b99dde6,
pair-stage-probes-3061a66e-dxAllC/manifest.json,160254,ea692442cbb3687460f63f97c4e042e7c808ef5bc9b000763f952e5f6bf84b2d,
pair-stage-probes-3061a66e-dxAllC/cases.jsonl,25995,09b084825f0f034c1aba514395353c43f05ab969967bc2e4abef69c40e1dba35,
pair-stage-probes-3061a66e-dxAllC/artifacts.sha256.json,1038190,17c8dcac58f1b373179da1465c846b7b3f73be81c6b846a8bb5c5d491f0cf402,
pair-stage-probes-3061a66e-dxAllC/plan.json,26846,23d24f6e94955fa8ae419699c51dadc174c3899968d2e4c7a6195f890046785c,
pair-stage-probes-3061a66e-dxAllC/cases/carry_b-v6c_teacher_nominal_s911_pE2E_diag-carry_all_three/case.json,2891,acc4a0ee9d8da0c55a8bfb311518f3f841e9b1d4f7cb80abe2ec6fda25cdc4b5,acc4a0ee9d8da0c55a8bfb311518f3f841e9b1d4f7cb80abe2ec6fda25cdc4b5
pair-stage-probes-3061a66e-dxAllC/cases/carry_b-v6c_teacher_nominal_s911_pE2E_diag-carry_all_three/result.json,52693,d30c831f8dbbf2ec3c7aac5b35959a0b233d2b7066f013f1687d376f9bdb3dfc,d30c831f8dbbf2ec3c7aac5b35959a0b233d2b7066f013f1687d376f9bdb3dfc
pair-stage-probes-3061a66e-dxAllC/cases/carry_b-v6c_teacher_nominal_s911_pE2E_L1_diag-carry_all_three/case.json,2961,456c14c8b21a567fa5c16b20d054578a10488e1e7a93a05fa3c5b54550c8b258,456c14c8b21a567fa5c16b20d054578a10488e1e7a93a05fa3c5b54550c8b258
pair-stage-probes-3061a66e-dxAllC/cases/carry_b-v6c_teacher_nominal_s911_pE2E_L1_diag-carry_all_three/result.json,60747,86e0cf01a0fa4605b5a28be0b2c098492c2ad78b9a02764eca31e876f1764bfe,86e0cf01a0fa4605b5a28be0b2c098492c2ad78b9a02764eca31e876f1764bfe
pair-stage-probes-3061a66e-dxAllC/cases/carry_b-v6c_teacher_nominal_s911_pE2E_L2_diag-carry_all_three/case.json,2946,578c1bcbe48442b73d186c4effd16852b0839eebd473d8503555700140965e6c,578c1bcbe48442b73d186c4effd16852b0839eebd473d8503555700140965e6c
pair-stage-probes-3061a66e-dxAllC/cases/carry_b-v6c_teacher_nominal_s911_pE2E_L2_diag-carry_all_three/result.json,58111,51b4e65767689656c943b9a2240f03fcb23e4712375c5802fa1e90f123e1c20b,51b4e65767689656c943b9a2240f03fcb23e4712375c5802fa1e90f123e1c20b
pair-stage-probes-3061a66e-dxAllC/cases/carry_b-v6c_teacher_nominal_s911_pE2E_L3_diag-carry_all_three/case.json,2920,7e9f9cbab3961967960b14c569248ff1a8c2a211bda3483e16932ad226797879,7e9f9cbab3961967960b14c569248ff1a8c2a211bda3483e16932ad226797879
pair-stage-probes-3061a66e-dxAllC/cases/carry_b-v6c_teacher_nominal_s911_pE2E_L3_diag-carry_all_three/result.json,56240,83592c1a1d7be181a9d40833feec51e842a0453034d66fb2e42bf4558202185d,83592c1a1d7be181a9d40833feec51e842a0453034d66fb2e42bf4558202185d
pair-stage-probes-3061a66e-dxAllC/cases/carry_b-v6c_teacher_nominal_s911_pE2E_L4_diag-carry_all_three/case.json,2997,22fb01ae3cde4ab879a27885af59bd96a741ae4299a579398cd72268b9ee6d64,22fb01ae3cde4ab879a27885af59bd96a741ae4299a579398cd72268b9ee6d64
pair-stage-probes-3061a66e-dxAllC/cases/carry_b-v6c_teacher_nominal_s911_pE2E_L4_diag-carry_all_three/result.json,56212,f012db7f62f8f1e8a6fe58654e0bfeabcf4c87d5a083c70fa769807a70cd842b,f012db7f62f8f1e8a6fe58654e0bfeabcf4c87d5a083c70fa769807a70cd842b
pair-stage-probes-3061a66e-dxAllC/cases/carry_b-v6c_teacher_nominal_s911_pE2E_L5_diag-carry_all_three/case.json,2997,5e6d642f8e1f89b56164d29191f2cbd43419e0675f9fdd043f4c43f43ae594ad,5e6d642f8e1f89b56164d29191f2cbd43419e0675f9fdd043f4c43f43ae594ad
pair-stage-probes-3061a66e-dxAllC/cases/carry_b-v6c_teacher_nominal_s911_pE2E_L5_diag-carry_all_three/result.json,56225,ac8119b9c9f9ec495646f010e4b7f3f12d6ff4df73acb3c4ce9a076eeb35f330,ac8119b9c9f9ec495646f010e4b7f3f12d6ff4df73acb3c4ce9a076eeb35f330
pair-stage-probes-3061a66e-dxAllC/cases/carry_b-v6c_teacher_nominal_s911_pE2E_L6_diag-carry_all_three/case.json,2924,684e2836c4fcef506987d925ecb050953fa95181d6775fe6f5be0cb47d427ac2,684e2836c4fcef506987d925ecb050953fa95181d6775fe6f5be0cb47d427ac2
pair-stage-probes-3061a66e-dxAllC/cases/carry_b-v6c_teacher_nominal_s911_pE2E_L6_diag-carry_all_three/result.json,56655,7910f38b69503fdb8e9ffcbe5d7544541e765c09f508beb1703a410809a42f05,7910f38b69503fdb8e9ffcbe5d7544541e765c09f508beb1703a410809a42f05
pair-stage-probes-3061a66e-dxAllC/cases/carry_b-v6c_teacher_nominal_s911_pE2E_L7_diag-carry_all_three/case.json,2939,2ece3d4030316f47c9f9476d473c33c80bbf2d80c18c2a259df8c269c0f9e355,2ece3d4030316f47c9f9476d473c33c80bbf2d80c18c2a259df8c269c0f9e355
pair-stage-probes-3061a66e-dxAllC/cases/carry_b-v6c_teacher_nominal_s911_pE2E_L7_diag-carry_all_three/result.json,56654,0a67cb15fbdf5bc0938f61c885651331e9a9a9a28f829792c2cf04ce259ee8c2,0a67cb15fbdf5bc0938f61c885651331e9a9a9a28f829792c2cf04ce259ee8c2
pair-stage-probes-3f6ca985-ghR2/manifest.json,166861,65ac5392727c6b8c7e3bfb289fc649fa5849097bb70f5782070fd1faa6af7d65,
pair-stage-probes-3f6ca985-ghR2/cases.jsonl,221809,029fa9bdf437880420c7dd2beb825bc1f8c8b3df3ff6629a47ef82e7245a178b,029fa9bdf437880420c7dd2beb825bc1f8c8b3df3ff6629a47ef82e7245a178b
pair-stage-probes-3f6ca985-ghR2/artifacts.sha256.json,7978415,dd100ae449abced7f0cc9170566ff1d698d6e8a43f7141051aa76ad84b2fb47c,
pair-stage-probes-3f6ca985-ghR2/plan.json,221511,374eb86792f59366b5e97c4b628a66ba0beb7987effdc8edf6170db0ab166fed,
pair-stage-probes-3f6ca985-ghR2/cases/carry_b-v6g_teacher_hR2_02_s911_pPOST_VhR2/case.json,2769,a7811e37843c0b735566024bd4005e1fb54c73bdf7a278b1646cbebd8a330273,a7811e37843c0b735566024bd4005e1fb54c73bdf7a278b1646cbebd8a330273
pair-stage-probes-3f6ca985-ghR2/cases/carry_b-v6g_teacher_hR2_02_s911_pPOST_VhR2/result.json,46527,6483fffcec2001508984357eb7161b65c6cab76be78fcf97af7488dd9899f416,6483fffcec2001508984357eb7161b65c6cab76be78fcf97af7488dd9899f416
pair-stage-probes-3f6ca985-ghR2/cases/carry_b-v6g_teacher_hR2_01_s911_pPOST_VhR2/case.json,2767,b20e213ee7733ed0e55900163db21132802ad224e139c4cabc8b691943a43f2d,b20e213ee7733ed0e55900163db21132802ad224e139c4cabc8b691943a43f2d
pair-stage-probes-3f6ca985-ghR2/cases/carry_b-v6g_teacher_hR2_01_s911_pPOST_VhR2/result.json,54845,ff3101d14789a09fa20cf0ddfaaa4f8c4cf454de1e760d6aaa2725bae5aae8b5,ff3101d14789a09fa20cf0ddfaaa4f8c4cf454de1e760d6aaa2725bae5aae8b5
pair-stage-probes-3f6ca985-ghR2/cases/carry_b-v6g_teacher_hR2_03_s911_pPOST_VhR2/case.json,2763,5752c9dfb228002877afa03b9f8619b7429db683470cceeeb893b6c6e7f57bae,5752c9dfb228002877afa03b9f8619b7429db683470cceeeb893b6c6e7f57bae
pair-stage-probes-3f6ca985-ghR2/cases/carry_b-v6g_teacher_hR2_03_s911_pPOST_VhR2/result.json,47020,0b05702890e6c3e78cc57d1f203bdf8ad9dac40cd73ebb176369a3d44e82813f,0b05702890e6c3e78cc57d1f203bdf8ad9dac40cd73ebb176369a3d44e82813f
pair-stage-probes-3f6ca985-ghR2/cases/carry_b-v6g_teacher_hR2_04_s911_pPOST_VhR2/case.json,2769,ff0e1d38652b42510363cfa42f2fca1008c9790c7b742b800d7b4dc7272d7b73,ff0e1d38652b42510363cfa42f2fca1008c9790c7b742b800d7b4dc7272d7b73
pair-stage-probes-3f6ca985-ghR2/cases/carry_b-v6g_teacher_hR2_04_s911_pPOST_VhR2/result.json,47364,7ca41a97d626a9d019a0d64950cc87cc8e8c1c58b18901aa12d410aa0f940fa7,7ca41a97d626a9d019a0d64950cc87cc8e8c1c58b18901aa12d410aa0f940fa7
pair-stage-probes-3f6ca985-ghR2/cases/carry_b-v6g_teacher_hR2_05_s911_pPOST_VhR2/case.json,2767,03dc39544f5bf1cfd72c01ca6cc3ac79871ac1aaae620503e8b79a6b7426c06f,03dc39544f5bf1cfd72c01ca6cc3ac79871ac1aaae620503e8b79a6b7426c06f
pair-stage-probes-3f6ca985-ghR2/cases/carry_b-v6g_teacher_hR2_05_s911_pPOST_VhR2/result.json,47368,348473c71049d7a915a80626a63bce858754c5b6aea4caa9a5347e082e6f082d,348473c71049d7a915a80626a63bce858754c5b6aea4caa9a5347e082e6f082d
pair-stage-probes-3f6ca985-ghR2/cases/carry_b-v6g_teacher_hR2_06_s911_pPOST_VhR2/case.json,2766,fe3880d967606db2e897870ea5d59b3c0c9163d3a422177a5ef9c994d74d1c0c,fe3880d967606db2e897870ea5d59b3c0c9163d3a422177a5ef9c994d74d1c0c
pair-stage-probes-3f6ca985-ghR2/cases/carry_b-v6g_teacher_hR2_06_s911_pPOST_VhR2/result.json,47360,a2648ab03bfe755ef85127fd37e8fa51f11cdfd0e239dad425e06751705bb936,a2648ab03bfe755ef85127fd37e8fa51f11cdfd0e239dad425e06751705bb936
pair-stage-probes-3f6ca985-ghR2/cases/carry_b-v6g_teacher_hR2_07_s911_pPOST_VhR2/case.json,2770,587e3c6355c70693a0bd98631def318802e3bb6e68d632888b9a01e5ab7b9fe2,587e3c6355c70693a0bd98631def318802e3bb6e68d632888b9a01e5ab7b9fe2
pair-stage-probes-3f6ca985-ghR2/cases/carry_b-v6g_teacher_hR2_07_s911_pPOST_VhR2/result.json,54520,4e870e1bef3999ceb7c6210772ff31021eead131c790681a4e9c87a8c68a44d9,4e870e1bef3999ceb7c6210772ff31021eead131c790681a4e9c87a8c68a44d9
pair-stage-probes-3f6ca985-ghR2/cases/carry_b-v6g_teacher_hR2_08_s911_pPOST_VhR2/case.json,2760,64507a0dc2b2e7054ceedfebd8d258c91cf3e7203db7debc128cf28b304c331e,64507a0dc2b2e7054ceedfebd8d258c91cf3e7203db7debc128cf28b304c331e
pair-stage-probes-3f6ca985-ghR2/cases/carry_b-v6g_teacher_hR2_08_s911_pPOST_VhR2/result.json,54506,a7351eec867117e2335e1024aea8066ff2857df963b478d97372a8b8e6199f6b,a7351eec867117e2335e1024aea8066ff2857df963b478d97372a8b8e6199f6b
pair-stage-probes-3f6ca985-ghR2/cases/carry_b-v6g_teacher_hR2_09_s911_pPOST_VhR2/case.json,2765,26a454dbd57843baf72016c1438ac15135b98b52f067f30190900beba6b02473,26a454dbd57843baf72016c1438ac15135b98b52f067f30190900beba6b02473
pair-stage-probes-3f6ca985-ghR2/cases/carry_b-v6g_teacher_hR2_09_s911_pPOST_VhR2/result.json,54626,c5e791362b32adb0b48e60daa45dcd0050d852f159a08bea54a20d48b01076a5,c5e791362b32adb0b48e60daa45dcd0050d852f159a08bea54a20d48b01076a5
pair-stage-probes-3f6ca985-ghR2/cases/carry_b-v6g_teacher_hR2_10_s911_pPOST_VhR2/case.json,2764,50ab7d05ad6173d6aaae074b082b9e3b3507848573371b25a90d0332eb2b84b7,50ab7d05ad6173d6aaae074b082b9e3b3507848573371b25a90d0332eb2b84b7
pair-stage-probes-3f6ca985-ghR2/cases/carry_b-v6g_teacher_hR2_10_s911_pPOST_VhR2/result.json,46523,ccb62d32e2d6359a2250e9d0684d6c62ac8152681b2df843636320c65a0c60d8,ccb62d32e2d6359a2250e9d0684d6c62ac8152681b2df843636320c65a0c60d8
pair-stage-probes-3f6ca985-ghR2/cases/carry_b-v6g_teacher_hR2_01_s911_pPOST_L1_VhR2/case.json,2770,c6a6e9cbfcb114d54f41bceec7919243b75bbbef7b943e23fead8a116aaea955,c6a6e9cbfcb114d54f41bceec7919243b75bbbef7b943e23fead8a116aaea955
pair-stage-probes-3f6ca985-ghR2/cases/carry_b-v6g_teacher_hR2_01_s911_pPOST_L1_VhR2/result.json,55492,8f3ed27ae4feb9451d8fd6bea2b0a0f40ff71bb2492aecb035208ffa61508e06,8f3ed27ae4feb9451d8fd6bea2b0a0f40ff71bb2492aecb035208ffa61508e06
pair-stage-probes-3f6ca985-ghR2/cases/carry_b-v6g_teacher_hR2_02_s911_pPOST_L1_VhR2/case.json,2766,bbb9d5291f6763b9f4f9cc962842b9854cfcb50175b2905a98298e63dd98fb4e,bbb9d5291f6763b9f4f9cc962842b9854cfcb50175b2905a98298e63dd98fb4e
pair-stage-probes-3f6ca985-ghR2/cases/carry_b-v6g_teacher_hR2_02_s911_pPOST_L1_VhR2/result.json,55020,68a7559d15b166b90cd2e7f3740cd6cee28bc272d10379a68fc247f1464754b7,68a7559d15b166b90cd2e7f3740cd6cee28bc272d10379a68fc247f1464754b7
pair-stage-probes-3f6ca985-ghR2/cases/carry_b-v6g_teacher_hR2_04_s911_pPOST_L1_VhR2/case.json,2769,c727c0489ad4bf8f74ec3fea7795c9ba55c154834e78e90f296c7c79503947b8,c727c0489ad4bf8f74ec3fea7795c9ba55c154834e78e90f296c7c79503947b8
pair-stage-probes-3f6ca985-ghR2/cases/carry_b-v6g_teacher_hR2_04_s911_pPOST_L1_VhR2/result.json,25837,eed6a3a0fba5730d63056c560f10d06aae204fb510dc1dddec9a6f93b4803e47,eed6a3a0fba5730d63056c560f10d06aae204fb510dc1dddec9a6f93b4803e47
pair-stage-probes-3f6ca985-ghR2/cases/carry_b-v6g_teacher_hR2_05_s911_pPOST_L1_VhR2/case.json,2767,9ffb4bab5b4d4961dc03b332b48d8d2d7dac6a189997a371db8137bfd1910fe6,9ffb4bab5b4d4961dc03b332b48d8d2d7dac6a189997a371db8137bfd1910fe6
pair-stage-probes-3f6ca985-ghR2/cases/carry_b-v6g_teacher_hR2_05_s911_pPOST_L1_VhR2/result.json,25841,6ab020417f247fefd131fde59d20ce69dccae29ef1284a4ff02845c330794c31,6ab020417f247fefd131fde59d20ce69dccae29ef1284a4ff02845c330794c31
pair-stage-probes-3f6ca985-ghR2/cases/carry_b-v6g_teacher_hR2_06_s911_pPOST_L1_VhR2/case.json,2766,773419b11a48187d97ab1f35c4bf2655c94ad54092a9732ede3ae369eb38491e,773419b11a48187d97ab1f35c4bf2655c94ad54092a9732ede3ae369eb38491e
pair-stage-probes-3f6ca985-ghR2/cases/carry_b-v6g_teacher_hR2_06_s911_pPOST_L1_VhR2/result.json,25832,86640c510daa428541e96d9af97df66573d03509849c27700ed6818340a54cae,86640c510daa428541e96d9af97df66573d03509849c27700ed6818340a54cae
pair-stage-probes-3f6ca985-ghR2/cases/carry_b-v6g_teacher_hR2_03_s911_pPOST_L1_VhR2/case.json,2764,5030a911363ebafeb413bc1bf0dda3fb7b50dabe3eca70ef82c05ede6a418cd9,5030a911363ebafeb413bc1bf0dda3fb7b50dabe3eca70ef82c05ede6a418cd9
pair-stage-probes-3f6ca985-ghR2/cases/carry_b-v6g_teacher_hR2_03_s911_pPOST_L1_VhR2/result.json,55029,baf55ecd1c90c9cc5ae2f6a7a416b07c9a30210eb13c7afc0de4102b45f0c458,baf55ecd1c90c9cc5ae2f6a7a416b07c9a30210eb13c7afc0de4102b45f0c458
pair-stage-probes-3f6ca985-ghR2/cases/carry_b-v6g_teacher_hR2_07_s911_pPOST_L1_VhR2/case.json,2773,7de78d3a776ea7b9306b510fa2db3fb970b5ef1a163b2e7a4fb438d435dfb675,7de78d3a776ea7b9306b510fa2db3fb970b5ef1a163b2e7a4fb438d435dfb675
pair-stage-probes-3f6ca985-ghR2/cases/carry_b-v6g_teacher_hR2_07_s911_pPOST_L1_VhR2/result.json,54511,3184ef704464489e97c374c0e2f546d2edccab5a38cedc101bdd9da0853c2702,3184ef704464489e97c374c0e2f546d2edccab5a38cedc101bdd9da0853c2702
pair-stage-probes-3f6ca985-ghR2/cases/carry_b-v6g_teacher_hR2_08_s911_pPOST_L1_VhR2/case.json,2765,0cae23c97426ba7b7004490af69cd58e90458b22d251a8f7622f63f9381e4aff,0cae23c97426ba7b7004490af69cd58e90458b22d251a8f7622f63f9381e4aff
pair-stage-probes-3f6ca985-ghR2/cases/carry_b-v6g_teacher_hR2_08_s911_pPOST_L1_VhR2/result.json,54998,84033350376e03ff6ab8118d4d930c4dfdd1e1dd02f862749f7786a782492026,84033350376e03ff6ab8118d4d930c4dfdd1e1dd02f862749f7786a782492026
pair-stage-probes-3f6ca985-ghR2/cases/carry_b-v6g_teacher_hR2_09_s911_pPOST_L1_VhR2/case.json,2768,421c5fb87797b3e27a94be8f4d5c93bffaa2cb92c47a726035d78387efa7fc3b,421c5fb87797b3e27a94be8f4d5c93bffaa2cb92c47a726035d78387efa7fc3b
pair-stage-probes-3f6ca985-ghR2/cases/carry_b-v6g_teacher_hR2_09_s911_pPOST_L1_VhR2/result.json,62603,ca28489ec00a13a9edd1cf18952f63cb9a8f9481867bfaef0dc07313b40b2b0b,ca28489ec00a13a9edd1cf18952f63cb9a8f9481867bfaef0dc07313b40b2b0b
pair-stage-probes-3f6ca985-ghR2/cases/carry_b-v6g_teacher_hR2_10_s911_pPOST_L1_VhR2/case.json,2768,47ee7aea82e0938c7625f92e8e05f2b706d66d3d763e726d15ddb2c4706c3bbb,47ee7aea82e0938c7625f92e8e05f2b706d66d3d763e726d15ddb2c4706c3bbb
pair-stage-probes-3f6ca985-ghR2/cases/carry_b-v6g_teacher_hR2_10_s911_pPOST_L1_VhR2/result.json,62493,9e88f6a2dafe6593b03084a3d13872993616333698ec56d7f04a47a032a79af0,9e88f6a2dafe6593b03084a3d13872993616333698ec56d7f04a47a032a79af0
pair-stage-probes-3f6ca985-ghR2/cases/carry_b-v6g_teacher_hR2_01_s911_pPOST_L2_VhR2/case.json,2766,9577ce408396ff07504fa44aa3d0eaf9dcac5c90af71b9affb9c10d8639dffca,9577ce408396ff07504fa44aa3d0eaf9dcac5c90af71b9affb9c10d8639dffca
pair-stage-probes-3f6ca985-ghR2/cases/carry_b-v6g_teacher_hR2_01_s911_pPOST_L2_VhR2/result.json,60387,067925413f2a8bfbde8ad2429484485392ff357aa5e8829e89d6a6303f3ce752,067925413f2a8bfbde8ad2429484485392ff357aa5e8829e89d6a6303f3ce752
pair-stage-probes-3f6ca985-ghR2/cases/carry_b-v6g_teacher_hR2_02_s911_pPOST_L2_VhR2/case.json,2766,3b0e4aa2405b689a79d00a03b9a7671d7ec1d93790be2868ccb75b9cf26a54cb,3b0e4aa2405b689a79d00a03b9a7671d7ec1d93790be2868ccb75b9cf26a54cb
pair-stage-probes-3f6ca985-ghR2/cases/carry_b-v6g_teacher_hR2_02_s911_pPOST_L2_VhR2/result.json,60009,de39c43b1cce04ae4a8426b9d99a0ebcef046cd96149241814524c638dd4431a,de39c43b1cce04ae4a8426b9d99a0ebcef046cd96149241814524c638dd4431a
pair-stage-probes-3f6ca985-ghR2/cases/carry_b-v6g_teacher_hR2_03_s911_pPOST_L2_VhR2/case.json,2764,066176f960a54dd0815edbfeb6a23b98a581de80c34ce88996272b29cc57ec5a,066176f960a54dd0815edbfeb6a23b98a581de80c34ce88996272b29cc57ec5a
pair-stage-probes-3f6ca985-ghR2/cases/carry_b-v6g_teacher_hR2_03_s911_pPOST_L2_VhR2/result.json,60025,cfd18623d5600ef7814ba0ad03bd63b2cf85b5c2beec4820626dc4b7411b6afb,cfd18623d5600ef7814ba0ad03bd63b2cf85b5c2beec4820626dc4b7411b6afb
pair-stage-probes-3f6ca985-ghR2/cases/carry_b-v6g_teacher_hR2_04_s911_pPOST_L2_VhR2/case.json,2771,4f41d2b345ed8835d93dbd9acfb6966be6b67d2366f8e07a2814d6b8a4ca72b1,4f41d2b345ed8835d93dbd9acfb6966be6b67d2366f8e07a2814d6b8a4ca72b1
pair-stage-probes-3f6ca985-ghR2/cases/carry_b-v6g_teacher_hR2_04_s911_pPOST_L2_VhR2/result.json,60392,97ecf832175a55e1c404ce494052aef38c5495698b2b2b7445f1cc40e5293d39,97ecf832175a55e1c404ce494052aef38c5495698b2b2b7445f1cc40e5293d39
pair-stage-probes-3f6ca985-ghR2/cases/carry_b-v6g_teacher_hR2_05_s911_pPOST_L2_VhR2/case.json,2770,cea96f1faeae959a6738a1a7b581d1eeda55817bafa322ec4cd4b4d4d4223361,cea96f1faeae959a6738a1a7b581d1eeda55817bafa322ec4cd4b4d4d4223361
pair-stage-probes-3f6ca985-ghR2/cases/carry_b-v6g_teacher_hR2_05_s911_pPOST_L2_VhR2/result.json,60408,5ade4ad356ad076f6a87ab9fa96dbeec5d59eaa445d97ca86b0a4836a785ec7e,5ade4ad356ad076f6a87ab9fa96dbeec5d59eaa445d97ca86b0a4836a785ec7e
pair-stage-probes-3f6ca985-ghR2/cases/carry_b-v6g_teacher_hR2_06_s911_pPOST_L2_VhR2/case.json,2768,056a34acd0f275e854a16ac9b6223f7a3c1c95a23c766f06f019f33fe1e5cfb1,056a34acd0f275e854a16ac9b6223f7a3c1c95a23c766f06f019f33fe1e5cfb1
pair-stage-probes-3f6ca985-ghR2/cases/carry_b-v6g_teacher_hR2_06_s911_pPOST_L2_VhR2/result.json,60406,e0ad37b6c6b678af320d62d22cbd117f9b17d2a537675c1ba7c0ca1226e96b80,e0ad37b6c6b678af320d62d22cbd117f9b17d2a537675c1ba7c0ca1226e96b80
pair-stage-probes-3f6ca985-ghR2/cases/carry_b-v6g_teacher_hR2_07_s911_pPOST_L2_VhR2/case.json,2772,81429958280da0fa8b911dac042580ca4f54f4da00da0d22996e7179841f425c,81429958280da0fa8b911dac042580ca4f54f4da00da0d22996e7179841f425c
pair-stage-probes-3f6ca985-ghR2/cases/carry_b-v6g_teacher_hR2_07_s911_pPOST_L2_VhR2/result.json,60034,fe421f49800ff051b856aac1ec2b2a83d2dfe1acedaad15cf0fffb025044591c,fe421f49800ff051b856aac1ec2b2a83d2dfe1acedaad15cf0fffb025044591c
pair-stage-probes-3f6ca985-ghR2/cases/carry_b-v6g_teacher_hR2_08_s911_pPOST_L2_VhR2/case.json,2764,2bcc3ebd33e1395c8a6e33bf822c48afdf939f9cafb6d96bccccdd3dcde2be4d,2bcc3ebd33e1395c8a6e33bf822c48afdf939f9cafb6d96bccccdd3dcde2be4d
pair-stage-probes-3f6ca985-ghR2/cases/carry_b-v6g_teacher_hR2_08_s911_pPOST_L2_VhR2/result.json,59923,ce91d587cd71c0e7d763a83fd07efe0910f2880c486b31b227e0ed4c705206c8,ce91d587cd71c0e7d763a83fd07efe0910f2880c486b31b227e0ed4c705206c8
pair-stage-probes-3f6ca985-ghR2/cases/carry_b-v6g_teacher_hR2_09_s911_pPOST_L2_VhR2/case.json,2770,b773bec042a77e2978afa3b3f7b7bd5744753ad07c73f33ee3a0b90eb18ffc97,b773bec042a77e2978afa3b3f7b7bd5744753ad07c73f33ee3a0b90eb18ffc97
pair-stage-probes-3f6ca985-ghR2/cases/carry_b-v6g_teacher_hR2_09_s911_pPOST_L2_VhR2/result.json,60107,bbc21dee953a216db7c88b7244df950415c7e0f21afacf614ac9aed5edfd3db4,bbc21dee953a216db7c88b7244df950415c7e0f21afacf614ac9aed5edfd3db4
pair-stage-probes-3f6ca985-ghR2/cases/carry_b-v6g_teacher_hR2_10_s911_pPOST_L2_VhR2/case.json,2764,0fd6923f60f744788c283c3ba01a3b733a2e9f89b7870d4f2787fee525327675,0fd6923f60f744788c283c3ba01a3b733a2e9f89b7870d4f2787fee525327675
pair-stage-probes-3f6ca985-ghR2/cases/carry_b-v6g_teacher_hR2_10_s911_pPOST_L2_VhR2/result.json,60000,d73a5c133e7ed0b38bf6e8be6974584e543e1756606ef85af7bf38d48701907b,d73a5c133e7ed0b38bf6e8be6974584e543e1756606ef85af7bf38d48701907b
pair-stage-probes-3f6ca985-ghR2/cases/carry_b-v6g_teacher_hR2_01_s911_pPOST_L3_VhR2/case.json,2769,a4244a1c2587afa3f6245d1f8c9b1dfabac811b6da0336cb31ecad33499ed97f,a4244a1c2587afa3f6245d1f8c9b1dfabac811b6da0336cb31ecad33499ed97f
pair-stage-probes-3f6ca985-ghR2/cases/carry_b-v6g_teacher_hR2_01_s911_pPOST_L3_VhR2/result.json,58403,cf0993780d686c1f2511d7e528a91cc2e0857cb997b54f7e649aab5726b34690,cf0993780d686c1f2511d7e528a91cc2e0857cb997b54f7e649aab5726b34690
pair-stage-probes-3f6ca985-ghR2/cases/carry_b-v6g_teacher_hR2_02_s911_pPOST_L3_VhR2/case.json,2762,fc7c2a9a971f0d109c11e154166c7b566cc71c26cca8a6dcbd0ae4aaefe23b21,fc7c2a9a971f0d109c11e154166c7b566cc71c26cca8a6dcbd0ae4aaefe23b21
pair-stage-probes-3f6ca985-ghR2/cases/carry_b-v6g_teacher_hR2_02_s911_pPOST_L3_VhR2/result.json,58011,6d97eb2579dcbfced8659337e5dcefbd3646bb960e173af988d25a93c732db8c,6d97eb2579dcbfced8659337e5dcefbd3646bb960e173af988d25a93c732db8c
pair-stage-probes-3f6ca985-ghR2/cases/carry_b-v6g_teacher_hR2_03_s911_pPOST_L3_VhR2/case.json,2760,60414af77f1617161bbbfd6418082045e22e770ca4b2c4344de9ec622dec5c2f,60414af77f1617161bbbfd6418082045e22e770ca4b2c4344de9ec622dec5c2f
pair-stage-probes-3f6ca985-ghR2/cases/carry_b-v6g_teacher_hR2_03_s911_pPOST_L3_VhR2/result.json,58055,1c15a0153101c717f26eac3355d405d1a5090036cb922166f9af1e7b4ca37169,1c15a0153101c717f26eac3355d405d1a5090036cb922166f9af1e7b4ca37169
pair-stage-probes-3f6ca985-ghR2/cases/carry_b-v6g_teacher_hR2_04_s911_pPOST_L3_VhR2/case.json,2769,7732fd162ea217fcfb9a345d0b450d43a1e3139477f5cdf529c450bddac1bfe7,7732fd162ea217fcfb9a345d0b450d43a1e3139477f5cdf529c450bddac1bfe7
pair-stage-probes-3f6ca985-ghR2/cases/carry_b-v6g_teacher_hR2_04_s911_pPOST_L3_VhR2/result.json,58356,1455f9a3fb4579e9bd75f44046fe443ab73cb646df572ba25036ec389f1cc32a,1455f9a3fb4579e9bd75f44046fe443ab73cb646df572ba25036ec389f1cc32a
pair-stage-probes-3f6ca985-ghR2/cases/carry_b-v6g_teacher_hR2_05_s911_pPOST_L3_VhR2/case.json,2769,c905f3844150527ecf567563f4090ba2d85f8ab75b57de6f0ccd510e88959ac7,c905f3844150527ecf567563f4090ba2d85f8ab75b57de6f0ccd510e88959ac7
pair-stage-probes-3f6ca985-ghR2/cases/carry_b-v6g_teacher_hR2_05_s911_pPOST_L3_VhR2/result.json,58349,79a8761f555266a7f4b0b598592c5831dd10481956ed193878b013a88677719a,79a8761f555266a7f4b0b598592c5831dd10481956ed193878b013a88677719a
pair-stage-probes-3f6ca985-ghR2/cases/carry_b-v6g_teacher_hR2_06_s911_pPOST_L3_VhR2/case.json,2766,8af2e5fed99bfeca9181d4d4f62d31b25e49bbc7b94f53b86b89dfe326c03ee8,8af2e5fed99bfeca9181d4d4f62d31b25e49bbc7b94f53b86b89dfe326c03ee8
pair-stage-probes-3f6ca985-ghR2/cases/carry_b-v6g_teacher_hR2_06_s911_pPOST_L3_VhR2/result.json,58384,5019e954c4eb63c97e091966cac6b83659545f81421c5dcb9cfadff0c1921d12,5019e954c4eb63c97e091966cac6b83659545f81421c5dcb9cfadff0c1921d12
pair-stage-probes-3f6ca985-ghR2/cases/carry_b-v6g_teacher_hR2_07_s911_pPOST_L3_VhR2/case.json,2770,90dddb2618ddd900c8ccd15b919880a501e9cf06e640355c51507f6b11986c4a,90dddb2618ddd900c8ccd15b919880a501e9cf06e640355c51507f6b11986c4a
pair-stage-probes-3f6ca985-ghR2/cases/carry_b-v6g_teacher_hR2_07_s911_pPOST_L3_VhR2/result.json,58029,b67bfd221258bf7c718156957b2223e21c4a811afd63d44c7e8b43e4619d7e41,b67bfd221258bf7c718156957b2223e21c4a811afd63d44c7e8b43e4619d7e41
pair-stage-probes-3f6ca985-ghR2/cases/carry_b-v6g_teacher_hR2_08_s911_pPOST_L3_VhR2/case.json,2763,6e237f0e7f0ac6fe852711ddb0f42328573f7d6efd6e577d677df407ef27b6b7,6e237f0e7f0ac6fe852711ddb0f42328573f7d6efd6e577d677df407ef27b6b7
pair-stage-probes-3f6ca985-ghR2/cases/carry_b-v6g_teacher_hR2_08_s911_pPOST_L3_VhR2/result.json,57987,fc30a98ff17412e20998fd0cfd4c4f0126d25be804f38eabec41ecd17ab328f2,fc30a98ff17412e20998fd0cfd4c4f0126d25be804f38eabec41ecd17ab328f2
pair-stage-probes-3f6ca985-ghR2/cases/carry_b-v6g_teacher_hR2_09_s911_pPOST_L3_VhR2/case.json,2766,6680b488a3fd817e20cdc9a87345c5f642fc3db115650530a7ae77b700746771,6680b488a3fd817e20cdc9a87345c5f642fc3db115650530a7ae77b700746771
pair-stage-probes-3f6ca985-ghR2/cases/carry_b-v6g_teacher_hR2_09_s911_pPOST_L3_VhR2/result.json,58142,98ce9653628a65d99cdf1410421a0b08779b79154c6e2496d51430ce9ab6926c,98ce9653628a65d99cdf1410421a0b08779b79154c6e2496d51430ce9ab6926c
pair-stage-probes-3f6ca985-ghR2/cases/carry_b-v6g_teacher_hR2_10_s911_pPOST_L3_VhR2/case.json,2766,0da8014402677d4e8e186dc1baf0f967c1d58d2e862fedd30fdc42572a6e362e,0da8014402677d4e8e186dc1baf0f967c1d58d2e862fedd30fdc42572a6e362e
pair-stage-probes-3f6ca985-ghR2/cases/carry_b-v6g_teacher_hR2_10_s911_pPOST_L3_VhR2/result.json,58040,f05a718b4a0cea1a0db95888d6c02c1b31ea2673f8a364a55faaa8fde17176d3,f05a718b4a0cea1a0db95888d6c02c1b31ea2673f8a364a55faaa8fde17176d3
pair-stage-probes-3f6ca985-ghR2/cases/carry_b-v6g_teacher_hR2_01_s911_pPOST_L4_VhR2/case.json,2768,0b0c3a1b3a15221446bd9fa21657531441a705bffe62169718fcecc87d484e85,0b0c3a1b3a15221446bd9fa21657531441a705bffe62169718fcecc87d484e85
pair-stage-probes-3f6ca985-ghR2/cases/carry_b-v6g_teacher_hR2_01_s911_pPOST_L4_VhR2/result.json,58357,25141f085e72d37e4ef8820a01951b8d7046fcc8ec15c6132bae9252d7c62a99,25141f085e72d37e4ef8820a01951b8d7046fcc8ec15c6132bae9252d7c62a99
pair-stage-probes-3f6ca985-ghR2/cases/carry_b-v6g_teacher_hR2_02_s911_pPOST_L4_VhR2/case.json,2762,e00679bd73eeb4c01d3a365838c92ea07f7be615d934c9323cf4d36cded6897e,e00679bd73eeb4c01d3a365838c92ea07f7be615d934c9323cf4d36cded6897e
pair-stage-probes-3f6ca985-ghR2/cases/carry_b-v6g_teacher_hR2_02_s911_pPOST_L4_VhR2/result.json,58019,cdbc97bbd212d249750e176aa41de6c7d252495690939231843f64978d96833d,cdbc97bbd212d249750e176aa41de6c7d252495690939231843f64978d96833d
pair-stage-probes-3f6ca985-ghR2/cases/carry_b-v6g_teacher_hR2_03_s911_pPOST_L4_VhR2/case.json,2760,5a15d1f41adbcf2e4fba4774f90bf791365488cc187a3f1617adb649be509fda,5a15d1f41adbcf2e4fba4774f90bf791365488cc187a3f1617adb649be509fda
pair-stage-probes-3f6ca985-ghR2/cases/carry_b-v6g_teacher_hR2_03_s911_pPOST_L4_VhR2/result.json,58014,6c1e4a643a61d1974c72d1317643d739216dad2859fb90563a61ecd0b118f7f1,6c1e4a643a61d1974c72d1317643d739216dad2859fb90563a61ecd0b118f7f1
pair-stage-probes-3f6ca985-ghR2/cases/carry_b-v6g_teacher_hR2_04_s911_pPOST_L4_VhR2/case.json,2759,358e8e7f9139b050372f4d67b1a77948292ae7a6cc9732afd53eb481471b7bc8,358e8e7f9139b050372f4d67b1a77948292ae7a6cc9732afd53eb481471b7bc8
pair-stage-probes-3f6ca985-ghR2/cases/carry_b-v6g_teacher_hR2_04_s911_pPOST_L4_VhR2/result.json,58362,e795b073cd3e6c7dbe4e546d2ebc01c2fee3056f76852c48a2567218b1d17127,e795b073cd3e6c7dbe4e546d2ebc01c2fee3056f76852c48a2567218b1d17127
pair-stage-probes-3f6ca985-ghR2/cases/carry_b-v6g_teacher_hR2_05_s911_pPOST_L4_VhR2/case.json,2759,48643bd624844b8d859dbcf7a60147615d61481c6589d77e9ddc7dbf15eb33fb,48643bd624844b8d859dbcf7a60147615d61481c6589d77e9ddc7dbf15eb33fb
pair-stage-probes-3f6ca985-ghR2/cases/carry_b-v6g_teacher_hR2_05_s911_pPOST_L4_VhR2/result.json,58357,99e1af68fcbf5b899c563006e7ff2289ed85bc2c5b146c0b2c4c374bb396d6a0,99e1af68fcbf5b899c563006e7ff2289ed85bc2c5b146c0b2c4c374bb396d6a0
pair-stage-probes-3f6ca985-ghR2/cases/carry_b-v6g_teacher_hR2_06_s911_pPOST_L4_VhR2/case.json,2759,03ee8b6f8fa7753d3838e46ddd5222c89e4ce2f78eb6b5db8ba4315a97af4791,03ee8b6f8fa7753d3838e46ddd5222c89e4ce2f78eb6b5db8ba4315a97af4791
pair-stage-probes-3f6ca985-ghR2/cases/carry_b-v6g_teacher_hR2_06_s911_pPOST_L4_VhR2/result.json,58367,2d7d3674e912b0db3f137241f2d995b2320a83a28d79b2a839e06db65916fd56,2d7d3674e912b0db3f137241f2d995b2320a83a28d79b2a839e06db65916fd56
pair-stage-probes-3f6ca985-ghR2/cases/carry_b-v6g_teacher_hR2_07_s911_pPOST_L4_VhR2/case.json,2765,5070e3f39a2493fdc4b0a6085928f1c05c9f234192c6d3d56d0378fcfc3d653e,5070e3f39a2493fdc4b0a6085928f1c05c9f234192c6d3d56d0378fcfc3d653e
pair-stage-probes-3f6ca985-ghR2/cases/carry_b-v6g_teacher_hR2_07_s911_pPOST_L4_VhR2/result.json,58024,2b68a292b5899c7dd13f6875a853fe08a16390f90e73b31aabf8ddf169b9135f,2b68a292b5899c7dd13f6875a853fe08a16390f90e73b31aabf8ddf169b9135f
pair-stage-probes-3f6ca985-ghR2/cases/carry_b-v6g_teacher_hR2_08_s911_pPOST_L4_VhR2/case.json,2761,4deb925280260900a835fa5f5e309594aca4b1ac1d68b45f72f624eae7a5296d,4deb925280260900a835fa5f5e309594aca4b1ac1d68b45f72f624eae7a5296d
pair-stage-probes-3f6ca985-ghR2/cases/carry_b-v6g_teacher_hR2_08_s911_pPOST_L4_VhR2/result.json,57986,971eb3a1c535c0f2a55bbf1d766660f1a94d6ad727ecb13f846024775c9cea26,971eb3a1c535c0f2a55bbf1d766660f1a94d6ad727ecb13f846024775c9cea26
pair-stage-probes-3f6ca985-ghR2/cases/carry_b-v6g_teacher_hR2_09_s911_pPOST_L4_VhR2/case.json,2765,1b8136c4968a078e30c249028016e86e3b267a93f71a3dfb8a4eb420a3568946,1b8136c4968a078e30c249028016e86e3b267a93f71a3dfb8a4eb420a3568946
pair-stage-probes-3f6ca985-ghR2/cases/carry_b-v6g_teacher_hR2_09_s911_pPOST_L4_VhR2/result.json,58131,afa7e3d3d0d60cadf67a2e1463073afa3506be7ad1245579d8128c4d03687b2a,afa7e3d3d0d60cadf67a2e1463073afa3506be7ad1245579d8128c4d03687b2a
pair-stage-probes-3f6ca985-ghR2/cases/carry_b-v6g_teacher_hR2_10_s911_pPOST_L4_VhR2/case.json,2764,eb5a515ea15cc8ceb0b16d28af8042d83b24ec4a9a30e0f1c7daf56a7f282eb4,eb5a515ea15cc8ceb0b16d28af8042d83b24ec4a9a30e0f1c7daf56a7f282eb4
pair-stage-probes-3f6ca985-ghR2/cases/carry_b-v6g_teacher_hR2_10_s911_pPOST_L4_VhR2/result.json,58001,d60c22039c9da787f16c5618a75df397fa49f753e669346b13cabf6fe88a78dd,d60c22039c9da787f16c5618a75df397fa49f753e669346b13cabf6fe88a78dd
pair-stage-probes-3f6ca985-ghR2/cases/carry_b-v6g_teacher_hR2_01_s911_pPOST_L5_VhR2/case.json,2768,ee62e413c9f91d343c6a51a34089d3da16e653e9b8d3c0a8d909750ae65c2aff,ee62e413c9f91d343c6a51a34089d3da16e653e9b8d3c0a8d909750ae65c2aff
pair-stage-probes-3f6ca985-ghR2/cases/carry_b-v6g_teacher_hR2_01_s911_pPOST_L5_VhR2/result.json,58368,7f70fcbf5a708e70cbc970adb9a16ba98507ea9a30c1db5f8a824fdd69dfc5ec,7f70fcbf5a708e70cbc970adb9a16ba98507ea9a30c1db5f8a824fdd69dfc5ec
pair-stage-probes-3f6ca985-ghR2/cases/carry_b-v6g_teacher_hR2_02_s911_pPOST_L5_VhR2/case.json,2763,eddb81b2c0e380b5532f40144d421f19bf1cd89b7e96d4dc5f265d772e0ab946,eddb81b2c0e380b5532f40144d421f19bf1cd89b7e96d4dc5f265d772e0ab946
pair-stage-probes-3f6ca985-ghR2/cases/carry_b-v6g_teacher_hR2_02_s911_pPOST_L5_VhR2/result.json,57975,5659ce0da266949a89f14cb2fb867fb9d0a5ec7b5efc415101018c126a212db5,5659ce0da266949a89f14cb2fb867fb9d0a5ec7b5efc415101018c126a212db5
pair-stage-probes-3f6ca985-ghR2/cases/carry_b-v6g_teacher_hR2_03_s911_pPOST_L5_VhR2/case.json,2760,84baf2d3ba778a4900cdd4b8467e15f0c28a896fd60febff68028e93feafb0c6,84baf2d3ba778a4900cdd4b8467e15f0c28a896fd60febff68028e93feafb0c6
pair-stage-probes-3f6ca985-ghR2/cases/carry_b-v6g_teacher_hR2_03_s911_pPOST_L5_VhR2/result.json,57999,05b7f93b1ff9a8c468c9ddefc38bb18e659ba1a714054b1ff68beb7349d26e5d,05b7f93b1ff9a8c468c9ddefc38bb18e659ba1a714054b1ff68beb7349d26e5d
pair-stage-probes-3f6ca985-ghR2/cases/carry_b-v6g_teacher_hR2_04_s911_pPOST_L5_VhR2/case.json,2761,423b61e9eaa7f538d9667b341a61d79f5ddc8ecf0d47d791863ec08153569515,423b61e9eaa7f538d9667b341a61d79f5ddc8ecf0d47d791863ec08153569515
pair-stage-probes-3f6ca985-ghR2/cases/carry_b-v6g_teacher_hR2_04_s911_pPOST_L5_VhR2/result.json,58337,9a50fea76849edf4020d59cdb6e77f224687bc2e9b7cb771a7770ae5093359d8,9a50fea76849edf4020d59cdb6e77f224687bc2e9b7cb771a7770ae5093359d8
pair-stage-probes-3f6ca985-ghR2/cases/carry_b-v6g_teacher_hR2_05_s911_pPOST_L5_VhR2/case.json,2761,86a3da0233aeac1a71bad5e8fdf0030823e36d1150d832467c7d81f9df954dd3,86a3da0233aeac1a71bad5e8fdf0030823e36d1150d832467c7d81f9df954dd3
pair-stage-probes-3f6ca985-ghR2/cases/carry_b-v6g_teacher_hR2_05_s911_pPOST_L5_VhR2/result.json,58328,c28762f195a6430163cd90b6abf5d1aa038d7889c073793b14722fbb796e1062,c28762f195a6430163cd90b6abf5d1aa038d7889c073793b14722fbb796e1062
pair-stage-probes-3f6ca985-ghR2/cases/carry_b-v6g_teacher_hR2_06_s911_pPOST_L5_VhR2/case.json,2759,b25a873dd4cb174644e3e26f296d14f17d66301d7a628d5aa6bba8b4c1c86070,b25a873dd4cb174644e3e26f296d14f17d66301d7a628d5aa6bba8b4c1c86070
pair-stage-probes-3f6ca985-ghR2/cases/carry_b-v6g_teacher_hR2_06_s911_pPOST_L5_VhR2/result.json,58332,11f8b81e2e540bce1ebedd22066f0b8797ad867ad166298063f13d3cbbbcd0fe,11f8b81e2e540bce1ebedd22066f0b8797ad867ad166298063f13d3cbbbcd0fe
pair-stage-probes-3f6ca985-ghR2/cases/carry_b-v6g_teacher_hR2_07_s911_pPOST_L5_VhR2/case.json,2767,c3d2b1b2522f2a8ab778cbb6dfb5a2a4b4a97a8f39054b038fdccc2a41d5f5db,c3d2b1b2522f2a8ab778cbb6dfb5a2a4b4a97a8f39054b038fdccc2a41d5f5db
pair-stage-probes-3f6ca985-ghR2/cases/carry_b-v6g_teacher_hR2_07_s911_pPOST_L5_VhR2/result.json,57981,9acb5d8cd9febfc3625dbf86d21192a56062670ea014ab3a0a9242d94ac72601,9acb5d8cd9febfc3625dbf86d21192a56062670ea014ab3a0a9242d94ac72601
pair-stage-probes-3f6ca985-ghR2/cases/carry_b-v6g_teacher_hR2_08_s911_pPOST_L5_VhR2/case.json,2762,9ea889f55759db2670c9f8f0d714e468a90e37e989e48b286461de0009ffa186,9ea889f55759db2670c9f8f0d714e468a90e37e989e48b286461de0009ffa186
pair-stage-probes-3f6ca985-ghR2/cases/carry_b-v6g_teacher_hR2_08_s911_pPOST_L5_VhR2/result.json,57951,e3dff2d108bcc4b981242ed01e2223ba8e3b69bb720d07841f1a9d285801ee26,e3dff2d108bcc4b981242ed01e2223ba8e3b69bb720d07841f1a9d285801ee26
pair-stage-probes-3f6ca985-ghR2/cases/carry_b-v6g_teacher_hR2_09_s911_pPOST_L5_VhR2/case.json,2764,56c2ae6df5a03df5e60828cf9aaa4df777d60eb0f06dc92ae2732ef872763ac7,56c2ae6df5a03df5e60828cf9aaa4df777d60eb0f06dc92ae2732ef872763ac7
pair-stage-probes-3f6ca985-ghR2/cases/carry_b-v6g_teacher_hR2_09_s911_pPOST_L5_VhR2/result.json,58125,c0e9a2de9731c7520394d5e2093316be316055420ec10084e613e7b43453ff5e,c0e9a2de9731c7520394d5e2093316be316055420ec10084e613e7b43453ff5e
pair-stage-probes-3f6ca985-ghR2/cases/carry_b-v6g_teacher_hR2_10_s911_pPOST_L5_VhR2/case.json,2763,7d100ab2b1c7ee2fa1dd0c5ee8b2c9605526e922705c8a2324319980f030653f,7d100ab2b1c7ee2fa1dd0c5ee8b2c9605526e922705c8a2324319980f030653f
pair-stage-probes-3f6ca985-ghR2/cases/carry_b-v6g_teacher_hR2_10_s911_pPOST_L5_VhR2/result.json,58006,201fc7ca687c723b0801226bb548757c549042c999ddd316e4449cdea68ca4bc,201fc7ca687c723b0801226bb548757c549042c999ddd316e4449cdea68ca4bc
pair-stage-probes-3f6ca985-ghR2/cases/carry_b-v6g_teacher_hR2_01_s911_pPOST_L6_VhR2/case.json,2763,8038c2d95a515a9e8919e5cae8bec708ba3ac0fcbad396b1fa4e24f3ffd4059e,8038c2d95a515a9e8919e5cae8bec708ba3ac0fcbad396b1fa4e24f3ffd4059e
pair-stage-probes-3f6ca985-ghR2/cases/carry_b-v6g_teacher_hR2_01_s911_pPOST_L6_VhR2/result.json,58856,6a01e33db37969bdf28007f101deb950f5acde4a677f33989fca9ae52764626d,6a01e33db37969bdf28007f101deb950f5acde4a677f33989fca9ae52764626d
pair-stage-probes-3f6ca985-ghR2/cases/carry_b-v6g_teacher_hR2_02_s911_pPOST_L6_VhR2/case.json,2761,919197f65d11a7d30c37069360d5a3358e425d2fcbbf6ec7dd9b5c5b17669745,919197f65d11a7d30c37069360d5a3358e425d2fcbbf6ec7dd9b5c5b17669745
pair-stage-probes-3f6ca985-ghR2/cases/carry_b-v6g_teacher_hR2_02_s911_pPOST_L6_VhR2/result.json,58484,190668247be135106d140c9c43e808ae60c95fcd2f3be55076854176c431fef9,190668247be135106d140c9c43e808ae60c95fcd2f3be55076854176c431fef9
pair-stage-probes-3f6ca985-ghR2/cases/carry_b-v6g_teacher_hR2_03_s911_pPOST_L6_VhR2/case.json,2758,09e6d4ded3d3ef79d60ed86cff4fb4bddbd618bb726143ebc6f9fbc7c3e70dd5,09e6d4ded3d3ef79d60ed86cff4fb4bddbd618bb726143ebc6f9fbc7c3e70dd5
pair-stage-probes-3f6ca985-ghR2/cases/carry_b-v6g_teacher_hR2_03_s911_pPOST_L6_VhR2/result.json,58462,c069a3e8d5a5b0bdefe55da19c4425b212493d8ba1fa487c2b8c4fe28dc6660c,c069a3e8d5a5b0bdefe55da19c4425b212493d8ba1fa487c2b8c4fe28dc6660c
pair-stage-probes-3f6ca985-ghR2/cases/carry_b-v6g_teacher_hR2_04_s911_pPOST_L6_VhR2/case.json,2760,ebc640ca3ba639857681952e922835ede4e3de729af66ae07170c70bc5da2f7b,ebc640ca3ba639857681952e922835ede4e3de729af66ae07170c70bc5da2f7b
pair-stage-probes-3f6ca985-ghR2/cases/carry_b-v6g_teacher_hR2_04_s911_pPOST_L6_VhR2/result.json,58842,f24461bb0ddd99c2fdbaed4378935e6106af39620bb107d30aa82ecc56631546,f24461bb0ddd99c2fdbaed4378935e6106af39620bb107d30aa82ecc56631546
pair-stage-probes-3f6ca985-ghR2/cases/carry_b-v6g_teacher_hR2_05_s911_pPOST_L6_VhR2/case.json,2759,15fc792d007e63fc7b5ee4500546b7692bc600f58c218420c1b99d2299bb5175,15fc792d007e63fc7b5ee4500546b7692bc600f58c218420c1b99d2299bb5175
pair-stage-probes-3f6ca985-ghR2/cases/carry_b-v6g_teacher_hR2_05_s911_pPOST_L6_VhR2/result.json,58836,3b617e7f5d55f1ea5bb6c3be8218ed2337d9ca3e0b9ef5e66211f25361c3af45,3b617e7f5d55f1ea5bb6c3be8218ed2337d9ca3e0b9ef5e66211f25361c3af45
pair-stage-probes-3f6ca985-ghR2/cases/carry_b-v6g_teacher_hR2_06_s911_pPOST_L6_VhR2/case.json,2760,197c7327ad10a2b462695b4f090162d6bd69a52c889e92ddd386b05678a35659,197c7327ad10a2b462695b4f090162d6bd69a52c889e92ddd386b05678a35659
pair-stage-probes-3f6ca985-ghR2/cases/carry_b-v6g_teacher_hR2_06_s911_pPOST_L6_VhR2/result.json,58813,ae7d10ae6b93ea48ecd400d3238a677b7075f3ff3aed22a9dfa8a6bd9e7de19b,ae7d10ae6b93ea48ecd400d3238a677b7075f3ff3aed22a9dfa8a6bd9e7de19b
pair-stage-probes-3f6ca985-ghR2/cases/carry_b-v6g_teacher_hR2_07_s911_pPOST_L6_VhR2/case.json,2765,7f20884a25c704eaec680381c2310faa97946aa88fcb536049c3c3b77f243ba0,7f20884a25c704eaec680381c2310faa97946aa88fcb536049c3c3b77f243ba0
pair-stage-probes-3f6ca985-ghR2/cases/carry_b-v6g_teacher_hR2_07_s911_pPOST_L6_VhR2/result.json,58483,3e18db7db96cc8efd723bced0c99feed24f7596a9f48107e0398a7f6ffbaa02b,3e18db7db96cc8efd723bced0c99feed24f7596a9f48107e0398a7f6ffbaa02b
pair-stage-probes-3f6ca985-ghR2/cases/carry_b-v6g_teacher_hR2_08_s911_pPOST_L6_VhR2/case.json,2760,050ae85914ecf0ff7d1f4f07999ea123ad9b20fa27efa5e0df7df6b3db4479d0,050ae85914ecf0ff7d1f4f07999ea123ad9b20fa27efa5e0df7df6b3db4479d0
pair-stage-probes-3f6ca985-ghR2/cases/carry_b-v6g_teacher_hR2_08_s911_pPOST_L6_VhR2/result.json,58428,03c52c60f76eb4cfd1a4c7de5ba853dd4c73518c613732e3efff2c839d6c7ef0,03c52c60f76eb4cfd1a4c7de5ba853dd4c73518c613732e3efff2c839d6c7ef0
pair-stage-probes-3f6ca985-ghR2/cases/carry_b-v6g_teacher_hR2_09_s911_pPOST_L6_VhR2/case.json,2763,9fe4f789f82b447a1961d5cc04020305878efca3494f996abea8f222a738b094,9fe4f789f82b447a1961d5cc04020305878efca3494f996abea8f222a738b094
pair-stage-probes-3f6ca985-ghR2/cases/carry_b-v6g_teacher_hR2_09_s911_pPOST_L6_VhR2/result.json,58571,634f1f3475a4adec1d51d38c751e0cb12874db7f1c9e1f351fc018942f2d8148,634f1f3475a4adec1d51d38c751e0cb12874db7f1c9e1f351fc018942f2d8148
pair-stage-probes-3f6ca985-ghR2/cases/carry_b-v6g_teacher_hR2_10_s911_pPOST_L6_VhR2/case.json,2762,86c6cf4007173d39792b764005c38b12c39d329e62722b67f01f8c3437292b50,86c6cf4007173d39792b764005c38b12c39d329e62722b67f01f8c3437292b50
pair-stage-probes-3f6ca985-ghR2/cases/carry_b-v6g_teacher_hR2_10_s911_pPOST_L6_VhR2/result.json,58515,acbb219108b9be2b1f82523d6869cb8f8a4eb0ead1d19fd137b3faf6b1db35be,acbb219108b9be2b1f82523d6869cb8f8a4eb0ead1d19fd137b3faf6b1db35be
pair-stage-probes-3f6ca985-ghR2L7/manifest.json,166865,8946c1f59c12dde2b72124214cabaa50b8889076fb3f1f65e628729b8f383764,
pair-stage-probes-3f6ca985-ghR2L7/cases.jsonl,32931,07ec5b415a97ddb4b31b696857e0fd84512d9026293478f8307c6e861b8b60b8,07ec5b415a97ddb4b31b696857e0fd84512d9026293478f8307c6e861b8b60b8
pair-stage-probes-3f6ca985-ghR2L7/artifacts.sha256.json,1107773,2e5170c233a10ac64d29255474744f69d97ff3d868ea39ddfc37e9a5069097b9,
pair-stage-probes-3f6ca985-ghR2L7/plan.json,31769,a5a2f398cd0f8f0ed773603be00ab6d08efc7c74e5482969948a74435a68042c,
pair-stage-probes-3f6ca985-ghR2L7/cases/carry_b-v6g-l7_teacher_hR2_02_s911_pPOST_L7_VhR2/case.json,2769,6b51eeea3f3207f386d37907b48edc481cff711b2414d50b076badfbb5307fab,6b51eeea3f3207f386d37907b48edc481cff711b2414d50b076badfbb5307fab
pair-stage-probes-3f6ca985-ghR2L7/cases/carry_b-v6g-l7_teacher_hR2_02_s911_pPOST_L7_VhR2/result.json,55986,23cf20cd726de01f2b1b6ad8077ebc4ec3de7e9b20e1c86ddbe7d9913cc11bcd,23cf20cd726de01f2b1b6ad8077ebc4ec3de7e9b20e1c86ddbe7d9913cc11bcd
pair-stage-probes-3f6ca985-ghR2L7/cases/carry_b-v6g-l7_teacher_hR2_01_s911_pPOST_L7_VhR2/case.json,2765,73e145fea572769ff2719882e219b8a85ee95415240ebf379e109d25ba15b5c3,73e145fea572769ff2719882e219b8a85ee95415240ebf379e109d25ba15b5c3
pair-stage-probes-3f6ca985-ghR2L7/cases/carry_b-v6g-l7_teacher_hR2_01_s911_pPOST_L7_VhR2/result.json,56328,f9ba51b5bcd245f43714438945b643855b60c5cd3c34a978c1714deddd7cf3d7,f9ba51b5bcd245f43714438945b643855b60c5cd3c34a978c1714deddd7cf3d7
pair-stage-probes-3f6ca985-ghR2L7/cases/carry_b-v6g-l7_teacher_hR2_03_s911_pPOST_L7_VhR2/case.json,2767,b161de81758d10ad033dfd59c651b504d1d8d3b4add262d011444ffbe61811ae,b161de81758d10ad033dfd59c651b504d1d8d3b4add262d011444ffbe61811ae
pair-stage-probes-3f6ca985-ghR2L7/cases/carry_b-v6g-l7_teacher_hR2_03_s911_pPOST_L7_VhR2/result.json,55961,764109b14acbdd179e34353b833d067d78a089013556ccdbda888a23fdbe1cd2,764109b14acbdd179e34353b833d067d78a089013556ccdbda888a23fdbe1cd2
pair-stage-probes-3f6ca985-ghR2L7/cases/carry_b-v6g-l7_teacher_hR2_04_s911_pPOST_L7_VhR2/case.json,2765,5d23737ff30b01e1234d72c0ba195aa221d96eab120a2e4765b11daec9071b1f,5d23737ff30b01e1234d72c0ba195aa221d96eab120a2e4765b11daec9071b1f
pair-stage-probes-3f6ca985-ghR2L7/cases/carry_b-v6g-l7_teacher_hR2_04_s911_pPOST_L7_VhR2/result.json,56337,8bc7fe31da1bedd987b3a79878abfa3b5d0f46b6bda5f8c5754ecbc632e27e0b,8bc7fe31da1bedd987b3a79878abfa3b5d0f46b6bda5f8c5754ecbc632e27e0b
pair-stage-probes-3f6ca985-ghR2L7/cases/carry_b-v6g-l7_teacher_hR2_05_s911_pPOST_L7_VhR2/case.json,2764,ca1f8661e185ef4aead4836b99df669d01a9d373b8467034e08798c3cfcc4a52,ca1f8661e185ef4aead4836b99df669d01a9d373b8467034e08798c3cfcc4a52
pair-stage-probes-3f6ca985-ghR2L7/cases/carry_b-v6g-l7_teacher_hR2_05_s911_pPOST_L7_VhR2/result.json,56337,d221fe537d01b9851e6a5d24bd3b4a4467b81c55c2dc3fd6dd683e74f4931f82,d221fe537d01b9851e6a5d24bd3b4a4467b81c55c2dc3fd6dd683e74f4931f82
pair-stage-probes-3f6ca985-ghR2L7/cases/carry_b-v6g-l7_teacher_hR2_06_s911_pPOST_L7_VhR2/case.json,2768,2e3c488ee274354d5fb370e15ac254c5dbf8f9999785831cc7e9c7684c92d7fa,2e3c488ee274354d5fb370e15ac254c5dbf8f9999785831cc7e9c7684c92d7fa
pair-stage-probes-3f6ca985-ghR2L7/cases/carry_b-v6g-l7_teacher_hR2_06_s911_pPOST_L7_VhR2/result.json,56321,9eabf5ce016cc3220fc4db56b36a8a41777c55f41669d79f4c56ebdbee483943,9eabf5ce016cc3220fc4db56b36a8a41777c55f41669d79f4c56ebdbee483943
pair-stage-probes-3f6ca985-ghR2L7/cases/carry_b-v6g-l7_teacher_hR2_08_s911_pPOST_L7_VhR2/case.json,2765,f0845c709344ed6fa911eab4a1218584a5087bfc507c23321d9e049693a13c31,f0845c709344ed6fa911eab4a1218584a5087bfc507c23321d9e049693a13c31
pair-stage-probes-3f6ca985-ghR2L7/cases/carry_b-v6g-l7_teacher_hR2_08_s911_pPOST_L7_VhR2/result.json,55957,05eda190ba1da91e022c4c84f2d70c686debea8a8ac2aac969e5881af440025f,05eda190ba1da91e022c4c84f2d70c686debea8a8ac2aac969e5881af440025f
pair-stage-probes-3f6ca985-ghR2L7/cases/carry_b-v6g-l7_teacher_hR2_07_s911_pPOST_L7_VhR2/case.json,2771,27910d076942590aec071cf131ce6a42978343e4524cd2cd6ac4b8eb662885a0,27910d076942590aec071cf131ce6a42978343e4524cd2cd6ac4b8eb662885a0
pair-stage-probes-3f6ca985-ghR2L7/cases/carry_b-v6g-l7_teacher_hR2_07_s911_pPOST_L7_VhR2/result.json,55950,51fcd588edee299ad44f03bdfa0e12149dedb4959e9f812be242c470df000a37,51fcd588edee299ad44f03bdfa0e12149dedb4959e9f812be242c470df000a37
pair-stage-probes-3f6ca985-ghR2L7/cases/carry_b-v6g-l7_teacher_hR2_09_s911_pPOST_L7_VhR2/case.json,2769,49937ae7b45ab52c7894a388cedc42764d0f9ed640d616d15aac9bd36117f481,49937ae7b45ab52c7894a388cedc42764d0f9ed640d616d15aac9bd36117f481
pair-stage-probes-3f6ca985-ghR2L7/cases/carry_b-v6g-l7_teacher_hR2_09_s911_pPOST_L7_VhR2/result.json,56095,f6a3850bb630732333373165f0c9aa8d9665d1ec3f7a2cfd8a6f528bf1751f5d,f6a3850bb630732333373165f0c9aa8d9665d1ec3f7a2cfd8a6f528bf1751f5d
pair-stage-probes-3f6ca985-ghR2L7/cases/carry_b-v6g-l7_teacher_hR2_10_s911_pPOST_L7_VhR2/case.json,2767,b27716f4442920cebcb571a1082acf22e9c00cf6a0c9c862e19118559097b21a,b27716f4442920cebcb571a1082acf22e9c00cf6a0c9c862e19118559097b21a
pair-stage-probes-3f6ca985-ghR2L7/cases/carry_b-v6g-l7_teacher_hR2_10_s911_pPOST_L7_VhR2/result.json,55998,d9acbc40dec47890704bdd80965d09c2232b1b32cb701daf5b227b011ea6de3f,d9acbc40dec47890704bdd80965d09c2232b1b32cb701daf5b227b011ea6de3f
pair-stage-probes-4237b182-s45/manifest.json,159811,b615e5a9fb88989add768c3fae85c807b5488943c15cd2748558ccdedf9cf777,
pair-stage-probes-4237b182-s45/cases.jsonl,1303,ad680f828bf1246f56a7d75fe9b20f3dbd6c99620cdaf25445d2030f5aaa4f83,
pair-stage-probes-4237b182-s45/artifacts.sha256.json,74345,364eb858edef51b58dd1b2c61ee24d7cc56d9d67f04c6828ff441513b1e7ccf4,
pair-stage-probes-4237b182-s45/plan.json,3929,4db54df0d8ac5c95b127465b0cda29e8d3c3be40b599f63ff9d4d5d7203bb1aa,
pair-stage-probes-4237b182-s45/cases/carry_teacher_nominal_s911/case.json,1685,51917d9967fac6a889a15e92bd5f2531e3f7961994b89be4f226d9414ad98649,51917d9967fac6a889a15e92bd5f2531e3f7961994b89be4f226d9414ad98649
pair-stage-probes-4237b182-s45/cases/carry_teacher_nominal_s911/result.json,17286,ebffbb1ebb772a304a79d971d4f8182d335aa032c2c294c1a53dc668af60484e,ebffbb1ebb772a304a79d971d4f8182d335aa032c2c294c1a53dc668af60484e
pair-stage-probes-4714263a-v6d-final-align-subset/manifest.json,164949,0f6dbc68b52b3b0320081378f987912f4bbd1521bfb7c9e24978e3d89bf9fb36,
pair-stage-probes-4714263a-v6d-final-align-subset/cases.jsonl,9948,5895a85ba2b4399efae22ec489f150885e5e3c6cd7f86b19222c67337b3c4825,
pair-stage-probes-4714263a-v6d-final-align-subset/artifacts.sha256.json,983139,23049f9b7d6e48005f6c00736894d4447e0c363549104a0f6a52598d0921538f,
pair-stage-probes-4714263a-v6d-final-align-subset/plan.json,16012,02709768e93c49ffb6a511c9329a3fabb59b9773932111a8b50c2d76108be5d0,
pair-stage-probes-4714263a-v6d-final-bound-e2e/manifest.json,164692,cd36ccd0515e2b89a994b470845c99c5a0744451fcddc9d6c44097151510564d,
pair-stage-probes-4714263a-v6d-final-bound-e2e/cases.jsonl,29613,fb1ad7effc62d6e05f1032929f04781ae7100e6a53f52ec5839b11eb3daf71da,
pair-stage-probes-4714263a-v6d-final-bound-e2e/artifacts.sha256.json,908188,c46a253faa800814814e55a2d12abebc4fa24fe87f7eae6017f1f72739fc83ac,
pair-stage-probes-4714263a-v6d-final-bound-e2e/plan.json,56206,0fbef75b34f3bae9472c053037cc9bf5ad4f24b4d161debf18743993efc3f34e,
pair-stage-probes-495c1173-ghR/manifest.json,166853,73ac8e3ea5330e7e925adb406adf5b5db518f8bbace799af518feb1088322f31,
pair-stage-probes-495c1173-ghR/cases.jsonl,202604,20dfd8d50a0930e63b414360c6e8a839ea8939943c385284ca256fda0d6b0fd8,20dfd8d50a0930e63b414360c6e8a839ea8939943c385284ca256fda0d6b0fd8
pair-stage-probes-495c1173-ghR/artifacts.sha256.json,6575430,87284085e932c9f5fa7d0d7c7709978598502ada04c4d3fc1171ce8fba8caa22,
pair-stage-probes-495c1173-ghR/plan.json,229273,bfa829dce24276343e2f757e9228917f2c8faa71dda0797ba3cfcd936443599f,
pair-stage-probes-495c1173-ghR/cases/carry_b-v6g_teacher_hR02_s911_pE2E_VhR/case.json,2832,cc4e852e4f6762397d866ac58b233c743cde14ae0828cf81d34db3d63aa9c6c4,cc4e852e4f6762397d866ac58b233c743cde14ae0828cf81d34db3d63aa9c6c4
pair-stage-probes-495c1173-ghR/cases/carry_b-v6g_teacher_hR02_s911_pE2E_VhR/result.json,45471,cbee783d2eeee96a17cd0d973201e8804f18610aa1eee37f9e48d1cb27c56a94,cbee783d2eeee96a17cd0d973201e8804f18610aa1eee37f9e48d1cb27c56a94
pair-stage-probes-495c1173-ghR/cases/carry_b-v6g_teacher_hR01_s911_pE2E_VhR/case.json,2838,1b6a86274961501c177f515236d7a0f77781d9530c494d662e38462d2f06e5a5,1b6a86274961501c177f515236d7a0f77781d9530c494d662e38462d2f06e5a5
pair-stage-probes-495c1173-ghR/cases/carry_b-v6g_teacher_hR01_s911_pE2E_VhR/result.json,54666,a3a3878157d9963df9f08ed9a9380075da2b7ef2471c0e5075c279d850cd248e,a3a3878157d9963df9f08ed9a9380075da2b7ef2471c0e5075c279d850cd248e
pair-stage-probes-495c1173-ghR/cases/carry_b-v6g_teacher_hR03_s911_pE2E_VhR/case.json,2841,ab4e1292279316cc7fffffe74afe60b83e51ae15f8354f90af288a9253fd77fb,ab4e1292279316cc7fffffe74afe60b83e51ae15f8354f90af288a9253fd77fb
pair-stage-probes-495c1173-ghR/cases/carry_b-v6g_teacher_hR03_s911_pE2E_VhR/result.json,46623,10c7e4da529a3e7525df797c12b5c718bc366d4b39ea8e194f8b1553fdd96274,10c7e4da529a3e7525df797c12b5c718bc366d4b39ea8e194f8b1553fdd96274
pair-stage-probes-495c1173-ghR/cases/carry_b-v6g_teacher_hR04_s911_pE2E_VhR/case.json,2837,c1badc5dd1200f4017ea397b3170e9ac9e68b878ddb0fc85d9608132635d3427,c1badc5dd1200f4017ea397b3170e9ac9e68b878ddb0fc85d9608132635d3427
pair-stage-probes-495c1173-ghR/cases/carry_b-v6g_teacher_hR04_s911_pE2E_VhR/result.json,46000,ecdd308524c607aa919ffafd4166b894ddd261988b5c9391b40e3b971e118eba,ecdd308524c607aa919ffafd4166b894ddd261988b5c9391b40e3b971e118eba
pair-stage-probes-495c1173-ghR/cases/carry_b-v6g_teacher_hR06_s911_pE2E_VhR/case.json,2842,6655f181010e8ae30f85785c3ee88bc27ccea0b4d07fce76edd8d7c6f31fa869,6655f181010e8ae30f85785c3ee88bc27ccea0b4d07fce76edd8d7c6f31fa869
pair-stage-probes-495c1173-ghR/cases/carry_b-v6g_teacher_hR06_s911_pE2E_VhR/result.json,10838,57e51628d1e88ecadcc4b8ed183567ca47c0084d3ccb3605aa24e13942be045b,57e51628d1e88ecadcc4b8ed183567ca47c0084d3ccb3605aa24e13942be045b
pair-stage-probes-495c1173-ghR/cases/carry_b-v6g_teacher_hR07_s911_pE2E_VhR/case.json,2833,b2a9cb4f9198e42a7bf58a49b065af858b130b3c01ec22318dbe7d1829d550e9,b2a9cb4f9198e42a7bf58a49b065af858b130b3c01ec22318dbe7d1829d550e9
pair-stage-probes-495c1173-ghR/cases/carry_b-v6g_teacher_hR07_s911_pE2E_VhR/result.json,10842,80ed6bc7bb51372800b01b53df04aef789da1e530475f2acaceed7e8b0d22dc3,80ed6bc7bb51372800b01b53df04aef789da1e530475f2acaceed7e8b0d22dc3
pair-stage-probes-495c1173-ghR/cases/carry_b-v6g_teacher_hR05_s911_pE2E_VhR/case.json,2835,129408a18c74160622b768ce03ca0746e71eae025c7bf06988c9162c8cddd5c8,129408a18c74160622b768ce03ca0746e71eae025c7bf06988c9162c8cddd5c8
pair-stage-probes-495c1173-ghR/cases/carry_b-v6g_teacher_hR05_s911_pE2E_VhR/result.json,45937,2b7903218ded1113fc01486fb7b7744836df43d2983939e018cda651690eb0f6,2b7903218ded1113fc01486fb7b7744836df43d2983939e018cda651690eb0f6
pair-stage-probes-495c1173-ghR/cases/carry_b-v6g_teacher_hR08_s911_pE2E_VhR/case.json,2836,0effe27c6679abe77f2d064c782d82b14f64191dc6f26165041bdba07d0311b1,0effe27c6679abe77f2d064c782d82b14f64191dc6f26165041bdba07d0311b1
pair-stage-probes-495c1173-ghR/cases/carry_b-v6g_teacher_hR08_s911_pE2E_VhR/result.json,54403,fe4383870c67f9f9b0c41179b5e0f7001b988c756671e2773bec83685eaad380,fe4383870c67f9f9b0c41179b5e0f7001b988c756671e2773bec83685eaad380
pair-stage-probes-495c1173-ghR/cases/carry_b-v6g_teacher_hR09_s911_pE2E_VhR/case.json,2840,2e3dd867c897947c6c42234f23d17440a1fa406ffca5459ae555217c2493c0c2,2e3dd867c897947c6c42234f23d17440a1fa406ffca5459ae555217c2493c0c2
pair-stage-probes-495c1173-ghR/cases/carry_b-v6g_teacher_hR09_s911_pE2E_VhR/result.json,46834,3bae3afcafd1099652a83c978af8e67c8f38b5d9b3b7954d083f9fe38ad601c4,3bae3afcafd1099652a83c978af8e67c8f38b5d9b3b7954d083f9fe38ad601c4
pair-stage-probes-495c1173-ghR/cases/carry_b-v6g_teacher_hR10_s911_pE2E_VhR/case.json,2835,ff305592197c060b90089db455d259ce3c2ecfd31e27941264ccc13a3f77aa22,ff305592197c060b90089db455d259ce3c2ecfd31e27941264ccc13a3f77aa22
pair-stage-probes-495c1173-ghR/cases/carry_b-v6g_teacher_hR10_s911_pE2E_VhR/result.json,46810,088df233a8a2bdb955f3efac9480e0155831089623261cb1837f61f9333dddad,088df233a8a2bdb955f3efac9480e0155831089623261cb1837f61f9333dddad
pair-stage-probes-495c1173-ghR/cases/carry_b-v6g_teacher_hR01_s911_pE2E_L1_VhR/case.json,2901,9ccccb1dddc6e99a0b54abdcf23c2e300280a42b502a9a0385dcbf6eaa7cd193,9ccccb1dddc6e99a0b54abdcf23c2e300280a42b502a9a0385dcbf6eaa7cd193
pair-stage-probes-495c1173-ghR/cases/carry_b-v6g_teacher_hR01_s911_pE2E_L1_VhR/result.json,54753,5c369d0d64e764026d7404883e5680e775cd918bfb0dc657eb461481acd6fde1,5c369d0d64e764026d7404883e5680e775cd918bfb0dc657eb461481acd6fde1
pair-stage-probes-495c1173-ghR/cases/carry_b-v6g_teacher_hR02_s911_pE2E_L1_VhR/case.json,2894,38eec087049885a23c7d1cd16ba526b73555584dd846f5cb9b6919b12e483e4b,38eec087049885a23c7d1cd16ba526b73555584dd846f5cb9b6919b12e483e4b
pair-stage-probes-495c1173-ghR/cases/carry_b-v6g_teacher_hR02_s911_pE2E_L1_VhR/result.json,54454,17db88714dddb7a1d1116e2c78190abac9a782ce89fe6a5333a020108be9a532,17db88714dddb7a1d1116e2c78190abac9a782ce89fe6a5333a020108be9a532
pair-stage-probes-495c1173-ghR/cases/carry_b-v6g_teacher_hR03_s911_pE2E_L1_VhR/case.json,2903,97acadac58cc4634bb7595c89dd2245b5cde8a24bb59a093b1d5494375135ab2,97acadac58cc4634bb7595c89dd2245b5cde8a24bb59a093b1d5494375135ab2
pair-stage-probes-495c1173-ghR/cases/carry_b-v6g_teacher_hR03_s911_pE2E_L1_VhR/result.json,56312,2066da24def2cbcf3a14837ddc88cc7f20fabd920e54159316754351117d264d,2066da24def2cbcf3a14837ddc88cc7f20fabd920e54159316754351117d264d
pair-stage-probes-495c1173-ghR/cases/carry_b-v6g_teacher_hR04_s911_pE2E_L1_VhR/case.json,2901,18cbc2fc250650560f381a783d0db08ae43ff13fb4af45787ea5ced56ac3fecb,18cbc2fc250650560f381a783d0db08ae43ff13fb4af45787ea5ced56ac3fecb
pair-stage-probes-495c1173-ghR/cases/carry_b-v6g_teacher_hR04_s911_pE2E_L1_VhR/result.json,54871,5324fb24062cd2eb32d21dc651374a94f2521127d353a41a511a7df9f2901a5c,5324fb24062cd2eb32d21dc651374a94f2521127d353a41a511a7df9f2901a5c
pair-stage-probes-495c1173-ghR/cases/carry_b-v6g_teacher_hR06_s911_pE2E_L1_VhR/case.json,2900,d9d1df501262c22e91b887cd1bdc459fd06379246a811b84e43f1b3e494208ac,d9d1df501262c22e91b887cd1bdc459fd06379246a811b84e43f1b3e494208ac
pair-stage-probes-495c1173-ghR/cases/carry_b-v6g_teacher_hR06_s911_pE2E_L1_VhR/result.json,10844,6e90c88be82cfb311fe558d51c16a9ab4b2770b0c2a881a2d731fafed667ecdb,6e90c88be82cfb311fe558d51c16a9ab4b2770b0c2a881a2d731fafed667ecdb
pair-stage-probes-495c1173-ghR/cases/carry_b-v6g_teacher_hR07_s911_pE2E_L1_VhR/case.json,2893,548f8e0bd7beafc67bf4f800dbcb08e82c7c0d84a74f73760ed0ed1ff52616fb,548f8e0bd7beafc67bf4f800dbcb08e82c7c0d84a74f73760ed0ed1ff52616fb
pair-stage-probes-495c1173-ghR/cases/carry_b-v6g_teacher_hR07_s911_pE2E_L1_VhR/result.json,10872,f52fcb864a7401ee11b711650aec9d1a5d06da0ccad5f952f28d0633b803b214,f52fcb864a7401ee11b711650aec9d1a5d06da0ccad5f952f28d0633b803b214
pair-stage-probes-495c1173-ghR/cases/carry_b-v6g_teacher_hR05_s911_pE2E_L1_VhR/case.json,2863,109a38b71351c27e720587074593782e89b6d97a687a2dee516a8325e547496b,109a38b71351c27e720587074593782e89b6d97a687a2dee516a8325e547496b
pair-stage-probes-495c1173-ghR/cases/carry_b-v6g_teacher_hR05_s911_pE2E_L1_VhR/result.json,62465,fe46ebcfc5014f62b594a38650799c5c247921d926366a0b2feeee94b9b1e675,fe46ebcfc5014f62b594a38650799c5c247921d926366a0b2feeee94b9b1e675
pair-stage-probes-495c1173-ghR/cases/carry_b-v6g_teacher_hR08_s911_pE2E_L1_VhR/case.json,2896,5f694f99ac411f7efd0d36c46b26732f275b8fb1da91dc43ddfd0119050bf056,5f694f99ac411f7efd0d36c46b26732f275b8fb1da91dc43ddfd0119050bf056
pair-stage-probes-495c1173-ghR/cases/carry_b-v6g_teacher_hR08_s911_pE2E_L1_VhR/result.json,53432,5fdcc7e2116e4f7cffe8691886843a9493b4acb55d05bb4ef5c367bb47be6698,5fdcc7e2116e4f7cffe8691886843a9493b4acb55d05bb4ef5c367bb47be6698
pair-stage-probes-495c1173-ghR/cases/carry_b-v6g_teacher_hR09_s911_pE2E_L1_VhR/case.json,2903,6f745ee2046fabd2bf9f403a29dd4fedb106ab26b2c6c8a4f34915bae6f92f09,6f745ee2046fabd2bf9f403a29dd4fedb106ab26b2c6c8a4f34915bae6f92f09
pair-stage-probes-495c1173-ghR/cases/carry_b-v6g_teacher_hR09_s911_pE2E_L1_VhR/result.json,62970,49632fa0a5a1d009c8426de547f744f51438a4942e8432dcd01d4f0df7ea8a88,49632fa0a5a1d009c8426de547f744f51438a4942e8432dcd01d4f0df7ea8a88
pair-stage-probes-495c1173-ghR/cases/carry_b-v6g_teacher_hR10_s911_pE2E_L1_VhR/case.json,2896,e8b49434e26e37abecbfc88cd9519452e68cbcdbd0cd5f4602a394518fe12e8e,e8b49434e26e37abecbfc88cd9519452e68cbcdbd0cd5f4602a394518fe12e8e
pair-stage-probes-495c1173-ghR/cases/carry_b-v6g_teacher_hR10_s911_pE2E_L1_VhR/result.json,54930,2f84dd94de046b63c7b5bdd426b83e5f3421c776c3addea18856c96be39ae335,2f84dd94de046b63c7b5bdd426b83e5f3421c776c3addea18856c96be39ae335
pair-stage-probes-495c1173-ghR/cases/carry_b-v6g_teacher_hR01_s911_pE2E_L2_VhR/case.json,2901,3e5be58e35368265d73c529592a4ff9b3814f9f4efc2a823cb5bb588776aed94,3e5be58e35368265d73c529592a4ff9b3814f9f4efc2a823cb5bb588776aed94
pair-stage-probes-495c1173-ghR/cases/carry_b-v6g_teacher_hR01_s911_pE2E_L2_VhR/result.json,60117,6ccaf21c3fb121b8c3c6788c70d5bcb3af7e7c01b241e0b8822686d06da2c459,6ccaf21c3fb121b8c3c6788c70d5bcb3af7e7c01b241e0b8822686d06da2c459
pair-stage-probes-495c1173-ghR/cases/carry_b-v6g_teacher_hR02_s911_pE2E_L2_VhR/case.json,2892,db09b46c7c03feffd7e4db3375f1dbfd7b67a0d6e97a79e48754cad6461d5d4e,db09b46c7c03feffd7e4db3375f1dbfd7b67a0d6e97a79e48754cad6461d5d4e
pair-stage-probes-495c1173-ghR/cases/carry_b-v6g_teacher_hR02_s911_pE2E_L2_VhR/result.json,59680,8a7dc0b236839ed10b71d1c49232e64b016b580b665778a10bcf6681a91ca85f,8a7dc0b236839ed10b71d1c49232e64b016b580b665778a10bcf6681a91ca85f
pair-stage-probes-495c1173-ghR/cases/carry_b-v6g_teacher_hR03_s911_pE2E_L2_VhR/case.json,2899,9958506e8a884f64605e18f36cd0d17ff8a2cd260040ab5bd421a8f9a7db8c8f,9958506e8a884f64605e18f36cd0d17ff8a2cd260040ab5bd421a8f9a7db8c8f
pair-stage-probes-495c1173-ghR/cases/carry_b-v6g_teacher_hR03_s911_pE2E_L2_VhR/result.json,60100,08be26f37cd7137e2f3c008a7fac4a65771a4575f1b6c4aeb627ed770d3c8385,08be26f37cd7137e2f3c008a7fac4a65771a4575f1b6c4aeb627ed770d3c8385
pair-stage-probes-495c1173-ghR/cases/carry_b-v6g_teacher_hR04_s911_pE2E_L2_VhR/case.json,2899,ca6f8173d71eb6cbb7b8241a7d4fd040550a76da631939d1f66666f48f699a96,ca6f8173d71eb6cbb7b8241a7d4fd040550a76da631939d1f66666f48f699a96
pair-stage-probes-495c1173-ghR/cases/carry_b-v6g_teacher_hR04_s911_pE2E_L2_VhR/result.json,59995,0fa6694097d03445f2b3715f5eb025b5ae072adae6b0307d7ed48ac8b9409a3b,0fa6694097d03445f2b3715f5eb025b5ae072adae6b0307d7ed48ac8b9409a3b
pair-stage-probes-495c1173-ghR/cases/carry_b-v6g_teacher_hR06_s911_pE2E_L2_VhR/case.json,2903,0b0dffb77a036c79a4ddd34e20598649f2a84ae0924e633b1c4e214e28a07905,0b0dffb77a036c79a4ddd34e20598649f2a84ae0924e633b1c4e214e28a07905
pair-stage-probes-495c1173-ghR/cases/carry_b-v6g_teacher_hR06_s911_pE2E_L2_VhR/result.json,10823,48a103338cf401f047cf692a99f36ed1396a5453bbedfdd4b72ec1c770f0d181,48a103338cf401f047cf692a99f36ed1396a5453bbedfdd4b72ec1c770f0d181
pair-stage-probes-495c1173-ghR/cases/carry_b-v6g_teacher_hR07_s911_pE2E_L2_VhR/case.json,2894,2a39b609797f0fb39bc82422f15f5c529c37e3cfa98caf57b6627a6dd062b091,2a39b609797f0fb39bc82422f15f5c529c37e3cfa98caf57b6627a6dd062b091
pair-stage-probes-495c1173-ghR/cases/carry_b-v6g_teacher_hR07_s911_pE2E_L2_VhR/result.json,10857,d97077fecc980d2e6cfc366a1ac407d40c233f52e2c8fb68e1271cfb61a4fe24,d97077fecc980d2e6cfc366a1ac407d40c233f52e2c8fb68e1271cfb61a4fe24
pair-stage-probes-495c1173-ghR/cases/carry_b-v6g_teacher_hR05_s911_pE2E_L2_VhR/case.json,2863,d4311b489412c21cc57291b39d339221fbc9252818340c0519a4fed9876c6c76,d4311b489412c21cc57291b39d339221fbc9252818340c0519a4fed9876c6c76
pair-stage-probes-495c1173-ghR/cases/carry_b-v6g_teacher_hR05_s911_pE2E_L2_VhR/result.json,60001,43efae1676dc3d76a5634a6890425a317dc4f2ad1ba9bb1fa0aad3b47968ed1c,43efae1676dc3d76a5634a6890425a317dc4f2ad1ba9bb1fa0aad3b47968ed1c
pair-stage-probes-495c1173-ghR/cases/carry_b-v6g_teacher_hR08_s911_pE2E_L2_VhR/case.json,2896,3ecace04d9225b32d1cb11b13c22d6afbda325d95252c5b7db357b31dd66f3d4,3ecace04d9225b32d1cb11b13c22d6afbda325d95252c5b7db357b31dd66f3d4
pair-stage-probes-495c1173-ghR/cases/carry_b-v6g_teacher_hR08_s911_pE2E_L2_VhR/result.json,59815,e0aa1665434f14c9ea06a613320d07a9d5adae8bf1197a2d0f4237cdcfd2ce00,e0aa1665434f14c9ea06a613320d07a9d5adae8bf1197a2d0f4237cdcfd2ce00
pair-stage-probes-495c1173-ghR/cases/carry_b-v6g_teacher_hR09_s911_pE2E_L2_VhR/case.json,2900,3b8bbdfe576d99ef70bc68c88203b7b957f7431b0d9fe39babaffbb319bd0af3,3b8bbdfe576d99ef70bc68c88203b7b957f7431b0d9fe39babaffbb319bd0af3
pair-stage-probes-495c1173-ghR/cases/carry_b-v6g_teacher_hR09_s911_pE2E_L2_VhR/result.json,60192,a11830caa9aac255c4d3e701ec605c6e44a86a31179bb99222ca3fb6ade9f3a9,a11830caa9aac255c4d3e701ec605c6e44a86a31179bb99222ca3fb6ade9f3a9
pair-stage-probes-495c1173-ghR/cases/carry_b-v6g_teacher_hR10_s911_pE2E_L2_VhR/case.json,2896,2d8fd72faa3a059a5be6b713a19f0b98b8a66da74e03c9f669c6197bd0fd3a72,2d8fd72faa3a059a5be6b713a19f0b98b8a66da74e03c9f669c6197bd0fd3a72
pair-stage-probes-495c1173-ghR/cases/carry_b-v6g_teacher_hR10_s911_pE2E_L2_VhR/result.json,60153,f4c8d23a628898251ae87a5d1631d3ef1f8782ed7302b250bd5e4cc6c6cfe52d,f4c8d23a628898251ae87a5d1631d3ef1f8782ed7302b250bd5e4cc6c6cfe52d
pair-stage-probes-495c1173-ghR/cases/carry_b-v6g_teacher_hR01_s911_pE2E_L3_VhR/case.json,2887,fded4e4f43ea12f862f3ddc6c9f160279d4094695c8b5ae57a668f61aaa9f0cb,fded4e4f43ea12f862f3ddc6c9f160279d4094695c8b5ae57a668f61aaa9f0cb
pair-stage-probes-495c1173-ghR/cases/carry_b-v6g_teacher_hR01_s911_pE2E_L3_VhR/result.json,58192,4cef959ee2a398327f79864cecac8bc9f0b7c109e28fd92e80ca909aa4f48e3e,4cef959ee2a398327f79864cecac8bc9f0b7c109e28fd92e80ca909aa4f48e3e
pair-stage-probes-495c1173-ghR/cases/carry_b-v6g_teacher_hR02_s911_pE2E_L3_VhR/case.json,2879,f9117f0280812472b0cb272fa36b8c8af20425905e0415e9949f6c817af428bb,f9117f0280812472b0cb272fa36b8c8af20425905e0415e9949f6c817af428bb
pair-stage-probes-495c1173-ghR/cases/carry_b-v6g_teacher_hR02_s911_pE2E_L3_VhR/result.json,57921,ea115e224a479a3e8d9532d9c17dddbb92e7d69c0aaaf89c051face6a48c0326,ea115e224a479a3e8d9532d9c17dddbb92e7d69c0aaaf89c051face6a48c0326
pair-stage-probes-495c1173-ghR/cases/carry_b-v6g_teacher_hR03_s911_pE2E_L3_VhR/case.json,2890,e28a8ed773e50020c7c7bd35bd552d4cb54462cfb1d09af029440a76fc0eeaa1,e28a8ed773e50020c7c7bd35bd552d4cb54462cfb1d09af029440a76fc0eeaa1
pair-stage-probes-495c1173-ghR/cases/carry_b-v6g_teacher_hR03_s911_pE2E_L3_VhR/result.json,58081,925b3980d2c4e2b4e091f499200a9619f91b8f2886852aa633fe80c308c2b181,925b3980d2c4e2b4e091f499200a9619f91b8f2886852aa633fe80c308c2b181
pair-stage-probes-495c1173-ghR/cases/carry_b-v6g_teacher_hR04_s911_pE2E_L3_VhR/case.json,2886,fa568785fc879d97590da978e8521cb72903130cfd9e26a15939ff441788c0d0,fa568785fc879d97590da978e8521cb72903130cfd9e26a15939ff441788c0d0
pair-stage-probes-495c1173-ghR/cases/carry_b-v6g_teacher_hR04_s911_pE2E_L3_VhR/result.json,58010,2e38ff5bbb6ce901a8c1c3d542bd88ca9ae8cc4761bf9e6370c0e910625f9c26,2e38ff5bbb6ce901a8c1c3d542bd88ca9ae8cc4761bf9e6370c0e910625f9c26
pair-stage-probes-495c1173-ghR/cases/carry_b-v6g_teacher_hR06_s911_pE2E_L3_VhR/case.json,2889,57fe7ae9a1b2c7299417c96b4d13d9ec156de162eaefe82f596d8d49686c5a48,57fe7ae9a1b2c7299417c96b4d13d9ec156de162eaefe82f596d8d49686c5a48
pair-stage-probes-495c1173-ghR/cases/carry_b-v6g_teacher_hR06_s911_pE2E_L3_VhR/result.json,10847,e0d4d0b932604efc55a438e927287f875f78e935794b989c846065fd00d39237,e0d4d0b932604efc55a438e927287f875f78e935794b989c846065fd00d39237
pair-stage-probes-495c1173-ghR/cases/carry_b-v6g_teacher_hR07_s911_pE2E_L3_VhR/case.json,2880,fb1f803584012f6cd99668173e83d1160b1c5d73b5faaf4a1eaebac2d99c1dca,fb1f803584012f6cd99668173e83d1160b1c5d73b5faaf4a1eaebac2d99c1dca
pair-stage-probes-495c1173-ghR/cases/carry_b-v6g_teacher_hR07_s911_pE2E_L3_VhR/result.json,10849,f81055524596ec22f7844e2fb1b8ee9ad00c076b23015a32b919e95709e230c6,f81055524596ec22f7844e2fb1b8ee9ad00c076b23015a32b919e95709e230c6
pair-stage-probes-495c1173-ghR/cases/carry_b-v6g_teacher_hR05_s911_pE2E_L3_VhR/case.json,2851,84d406b258c2ea6551fa9a4e8205cf339c8921c45c98cd09c01bf59a31be67aa,84d406b258c2ea6551fa9a4e8205cf339c8921c45c98cd09c01bf59a31be67aa
pair-stage-probes-495c1173-ghR/cases/carry_b-v6g_teacher_hR05_s911_pE2E_L3_VhR/result.json,57987,3a4a42f746e3ab289cbcd3d5cb70abfe34778465ae71a6192b4730c016cad124,3a4a42f746e3ab289cbcd3d5cb70abfe34778465ae71a6192b4730c016cad124
pair-stage-probes-495c1173-ghR/cases/carry_b-v6g_teacher_hR08_s911_pE2E_L3_VhR/case.json,2883,09eb601f083fdd1dfe7e98fbd4620d1601cda6b19ae34da0bb885dc6f0607ae7,09eb601f083fdd1dfe7e98fbd4620d1601cda6b19ae34da0bb885dc6f0607ae7
pair-stage-probes-495c1173-ghR/cases/carry_b-v6g_teacher_hR08_s911_pE2E_L3_VhR/result.json,57887,ab12511b12262a42fb9d544f5239b848ea16a4e47e13677fcf08b66bb0045dcf,ab12511b12262a42fb9d544f5239b848ea16a4e47e13677fcf08b66bb0045dcf
pair-stage-probes-495c1173-ghR/cases/carry_b-v6g_teacher_hR09_s911_pE2E_L3_VhR/case.json,2889,bac011fc0548a7111d0e60ed147bda246ebd712c479492874e0c3244d4b0148d,bac011fc0548a7111d0e60ed147bda246ebd712c479492874e0c3244d4b0148d
pair-stage-probes-495c1173-ghR/cases/carry_b-v6g_teacher_hR09_s911_pE2E_L3_VhR/result.json,58402,aa8eaa3e34d113a9fce8ac1d74db2f79edd2ca50e9fb1cbab50d1c0cb19a1b73,aa8eaa3e34d113a9fce8ac1d74db2f79edd2ca50e9fb1cbab50d1c0cb19a1b73
pair-stage-probes-495c1173-ghR/cases/carry_b-v6g_teacher_hR10_s911_pE2E_L3_VhR/case.json,2882,aba76be24226d1d5b07c117eb1e0a8d026de51b6eea074434341adc8633ad56a,aba76be24226d1d5b07c117eb1e0a8d026de51b6eea074434341adc8633ad56a
pair-stage-probes-495c1173-ghR/cases/carry_b-v6g_teacher_hR10_s911_pE2E_L3_VhR/result.json,58373,ac8d4dba14160be0bffc6883534f75f641292e3d6ff12f43e0c5c0f0750d6750,ac8d4dba14160be0bffc6883534f75f641292e3d6ff12f43e0c5c0f0750d6750
pair-stage-probes-495c1173-ghR/cases/carry_b-v6g_teacher_hR01_s911_pE2E_L4_VhR/case.json,2884,754f87aef3e1b3bd7ee5e3f290547244d532cd5153438fbc56ba046a10734a29,754f87aef3e1b3bd7ee5e3f290547244d532cd5153438fbc56ba046a10734a29
pair-stage-probes-495c1173-ghR/cases/carry_b-v6g_teacher_hR01_s911_pE2E_L4_VhR/result.json,58158,c85eca2d813e9ecda37568359bd4c0b9d6ca4008943b12b1c1c9c7e5a24f98ef,c85eca2d813e9ecda37568359bd4c0b9d6ca4008943b12b1c1c9c7e5a24f98ef
pair-stage-probes-495c1173-ghR/cases/carry_b-v6g_teacher_hR02_s911_pE2E_L4_VhR/case.json,2878,7d5e6b1f22a2442c596b3e3735b3674cd854fe1b0b8351bec7d3e466250b266f,7d5e6b1f22a2442c596b3e3735b3674cd854fe1b0b8351bec7d3e466250b266f
pair-stage-probes-495c1173-ghR/cases/carry_b-v6g_teacher_hR02_s911_pE2E_L4_VhR/result.json,57952,a0a6932f48cf2976eff4b8638118a0a419bbaef3067660adf2e8c82111f2092b,a0a6932f48cf2976eff4b8638118a0a419bbaef3067660adf2e8c82111f2092b
pair-stage-probes-495c1173-ghR/cases/carry_b-v6g_teacher_hR03_s911_pE2E_L4_VhR/case.json,2890,fbca8d27b24906045e159635c1728d09ba5b8754e6c385b079fd3b9cc8f4347f,fbca8d27b24906045e159635c1728d09ba5b8754e6c385b079fd3b9cc8f4347f
pair-stage-probes-495c1173-ghR/cases/carry_b-v6g_teacher_hR03_s911_pE2E_L4_VhR/result.json,58070,8698a02a3d57989e00c3624438bfb01a407f628b47884d47d6538658e953564b,8698a02a3d57989e00c3624438bfb01a407f628b47884d47d6538658e953564b
pair-stage-probes-495c1173-ghR/cases/carry_b-v6g_teacher_hR04_s911_pE2E_L4_VhR/case.json,2883,c55d2f9355a5ae88ca51509ebb98a5423a2f506a5fb8479e8a29d2ecf210f0a4,c55d2f9355a5ae88ca51509ebb98a5423a2f506a5fb8479e8a29d2ecf210f0a4
pair-stage-probes-495c1173-ghR/cases/carry_b-v6g_teacher_hR04_s911_pE2E_L4_VhR/result.json,57974,911ae5ca7258e3dced68eb91435b4defc7af6e278c1cc101674160f2cc6ec1d8,911ae5ca7258e3dced68eb91435b4defc7af6e278c1cc101674160f2cc6ec1d8
pair-stage-probes-495c1173-ghR/cases/carry_b-v6g_teacher_hR06_s911_pE2E_L4_VhR/case.json,2889,f41b16ffad1e4ece4a3ce610df216e2c69aecced8da976855d7e7b9a8dbe865e,f41b16ffad1e4ece4a3ce610df216e2c69aecced8da976855d7e7b9a8dbe865e
pair-stage-probes-495c1173-ghR/cases/carry_b-v6g_teacher_hR06_s911_pE2E_L4_VhR/result.json,10826,b9a8c37e9604e2e88150dbd990cf6f181d5a708406150e76ea3351ab3ed9e74f,b9a8c37e9604e2e88150dbd990cf6f181d5a708406150e76ea3351ab3ed9e74f
pair-stage-probes-495c1173-ghR/cases/carry_b-v6g_teacher_hR07_s911_pE2E_L4_VhR/case.json,2879,aafd4db3e7eda73372310f7a6e4fe74ddac413e5e47691ec1571207526d5bfb6,aafd4db3e7eda73372310f7a6e4fe74ddac413e5e47691ec1571207526d5bfb6
pair-stage-probes-495c1173-ghR/cases/carry_b-v6g_teacher_hR07_s911_pE2E_L4_VhR/result.json,10863,74c63bea1b2c37cc35f20a3f59fac7d0e1fb08a072082141a4156aed49a706cb,74c63bea1b2c37cc35f20a3f59fac7d0e1fb08a072082141a4156aed49a706cb
pair-stage-probes-495c1173-ghR/cases/carry_b-v6g_teacher_hR05_s911_pE2E_L4_VhR/case.json,2883,12fcbe3aa77719f9e01ff1e566dc42c8c517caaef4a53771b24cd67000a5ef8f,12fcbe3aa77719f9e01ff1e566dc42c8c517caaef4a53771b24cd67000a5ef8f
pair-stage-probes-495c1173-ghR/cases/carry_b-v6g_teacher_hR05_s911_pE2E_L4_VhR/result.json,58005,52d51110cceed5656a93748297e06162d12a82f3ee6ed7f2f38c388d90887103,52d51110cceed5656a93748297e06162d12a82f3ee6ed7f2f38c388d90887103
pair-stage-probes-495c1173-ghR/cases/carry_b-v6g_teacher_hR08_s911_pE2E_L4_VhR/case.json,2882,2fc728724b619ec49d96fd9c00a306fa85fcbe6bb6e5a6b9e84a39ef866f7f15,2fc728724b619ec49d96fd9c00a306fa85fcbe6bb6e5a6b9e84a39ef866f7f15
pair-stage-probes-495c1173-ghR/cases/carry_b-v6g_teacher_hR08_s911_pE2E_L4_VhR/result.json,57912,ee7f43fe5896b029cbe16135fc975c2ee174b985231af231b31c28dc843f748d,ee7f43fe5896b029cbe16135fc975c2ee174b985231af231b31c28dc843f748d
pair-stage-probes-495c1173-ghR/cases/carry_b-v6g_teacher_hR09_s911_pE2E_L4_VhR/case.json,2888,9be2ffa6290b2b8ac2e470edf894c732ff58a35163dc0875ad574ab36df32b3c,9be2ffa6290b2b8ac2e470edf894c732ff58a35163dc0875ad574ab36df32b3c
pair-stage-probes-495c1173-ghR/cases/carry_b-v6g_teacher_hR09_s911_pE2E_L4_VhR/result.json,58383,624c54695ef39fa64cccf2bc178f559f600282b45106da52c91990a161334d8c,624c54695ef39fa64cccf2bc178f559f600282b45106da52c91990a161334d8c
pair-stage-probes-495c1173-ghR/cases/carry_b-v6g_teacher_hR10_s911_pE2E_L4_VhR/case.json,2881,bb71924845edafa1d629f00b421f491772bff8471f48a723d93b2d03725d1d98,bb71924845edafa1d629f00b421f491772bff8471f48a723d93b2d03725d1d98
pair-stage-probes-495c1173-ghR/cases/carry_b-v6g_teacher_hR10_s911_pE2E_L4_VhR/result.json,58314,d67925d2f30d0ce097e1d68e8ea1023a5b341cec73d089234e0442d4e5fe6b05,d67925d2f30d0ce097e1d68e8ea1023a5b341cec73d089234e0442d4e5fe6b05
pair-stage-probes-495c1173-ghR/cases/carry_b-v6g_teacher_hR01_s911_pE2E_L5_VhR/case.json,2885,76040dee24be56b47fb3faec29218061f5acb8e39ad350b332e85c2ee8bef931,76040dee24be56b47fb3faec29218061f5acb8e39ad350b332e85c2ee8bef931
pair-stage-probes-495c1173-ghR/cases/carry_b-v6g_teacher_hR01_s911_pE2E_L5_VhR/result.json,58134,f994fb6fb53a5cd580b66f36bce60ee8e3ca401bcd53d7b45f8ba92b51151f1d,f994fb6fb53a5cd580b66f36bce60ee8e3ca401bcd53d7b45f8ba92b51151f1d
pair-stage-probes-495c1173-ghR/cases/carry_b-v6g_teacher_hR02_s911_pE2E_L5_VhR/case.json,2877,d66f5e76beb3e97d8ac307a6a2c90d6514f99dedefb2624ad47c67d63644054d,d66f5e76beb3e97d8ac307a6a2c90d6514f99dedefb2624ad47c67d63644054d
pair-stage-probes-495c1173-ghR/cases/carry_b-v6g_teacher_hR02_s911_pE2E_L5_VhR/result.json,57925,53dd342428607ece3f819175004573083607b7b6facbebd970ae1cac67b1fd4a,53dd342428607ece3f819175004573083607b7b6facbebd970ae1cac67b1fd4a
pair-stage-probes-495c1173-ghR/cases/carry_b-v6g_teacher_hR03_s911_pE2E_L5_VhR/case.json,2889,30bfd036a150c2cc59b260646ec1b10b6a3947d62248df0a9ae50a0828986ea4,30bfd036a150c2cc59b260646ec1b10b6a3947d62248df0a9ae50a0828986ea4
pair-stage-probes-495c1173-ghR/cases/carry_b-v6g_teacher_hR03_s911_pE2E_L5_VhR/result.json,58043,447383a93d88870e012bbb6db14cd70d2c130bf70d3da4473fc9bf5b800da7f4,447383a93d88870e012bbb6db14cd70d2c130bf70d3da4473fc9bf5b800da7f4
pair-stage-probes-495c1173-ghR/cases/carry_b-v6g_teacher_hR04_s911_pE2E_L5_VhR/case.json,2884,47fda5ebd56230d979144f40aa9ddc11c3ce1a814e5d798c223a8693c5c9fe42,47fda5ebd56230d979144f40aa9ddc11c3ce1a814e5d798c223a8693c5c9fe42
pair-stage-probes-495c1173-ghR/cases/carry_b-v6g_teacher_hR04_s911_pE2E_L5_VhR/result.json,58009,7e80f201ca00d253cc7d888486495aadbaba1c4ab9f55e599bcd42a2975ea56c,7e80f201ca00d253cc7d888486495aadbaba1c4ab9f55e599bcd42a2975ea56c
pair-stage-probes-495c1173-ghR/cases/carry_b-v6g_teacher_hR06_s911_pE2E_L5_VhR/case.json,2889,cba6e63c158318ccc6ebdbc3ace30f3b1cf59cd60d73000eee969bdc160b61c0,cba6e63c158318ccc6ebdbc3ace30f3b1cf59cd60d73000eee969bdc160b61c0
pair-stage-probes-495c1173-ghR/cases/carry_b-v6g_teacher_hR06_s911_pE2E_L5_VhR/result.json,10824,6f50ef62b822674fc0ded48a9e3540cadf0b19a349b6bd71e3858f9a6b485b61,6f50ef62b822674fc0ded48a9e3540cadf0b19a349b6bd71e3858f9a6b485b61
pair-stage-probes-495c1173-ghR/cases/carry_b-v6g_teacher_hR07_s911_pE2E_L5_VhR/case.json,2878,37692a72abeae81a205f476abfc9fb4d2205dcc68f3e9a7224fce2668fd8f49c,37692a72abeae81a205f476abfc9fb4d2205dcc68f3e9a7224fce2668fd8f49c
pair-stage-probes-495c1173-ghR/cases/carry_b-v6g_teacher_hR07_s911_pE2E_L5_VhR/result.json,10876,4237a33f4ce27254cc4467baad833e5ed2955aaa93ffd31eeac2acc1a9412d82,4237a33f4ce27254cc4467baad833e5ed2955aaa93ffd31eeac2acc1a9412d82
pair-stage-probes-495c1173-ghR/cases/carry_b-v6g_teacher_hR05_s911_pE2E_L5_VhR/case.json,2882,3efb7eecbb9e81cae8605de76fc369b518f3b1b0e6854dbea71de6de9dfb24c8,3efb7eecbb9e81cae8605de76fc369b518f3b1b0e6854dbea71de6de9dfb24c8
pair-stage-probes-495c1173-ghR/cases/carry_b-v6g_teacher_hR05_s911_pE2E_L5_VhR/result.json,57985,95fb7d87e511026c5b916b98a70c83252adf7899c7bb9065a604962b21433892,95fb7d87e511026c5b916b98a70c83252adf7899c7bb9065a604962b21433892
pair-stage-probes-495c1173-ghR/cases/carry_b-v6g_teacher_hR08_s911_pE2E_L5_VhR/case.json,2881,799ded91d0df9ab360fad5b3251c389c3c7ebb9a1961267e07ec17745bb40bb9,799ded91d0df9ab360fad5b3251c389c3c7ebb9a1961267e07ec17745bb40bb9
pair-stage-probes-495c1173-ghR/cases/carry_b-v6g_teacher_hR08_s911_pE2E_L5_VhR/result.json,57948,248b92f39dc991d7d5c7fcfdaa0dbb0be956790756cfc37ac8b32891c08b9802,248b92f39dc991d7d5c7fcfdaa0dbb0be956790756cfc37ac8b32891c08b9802
pair-stage-probes-495c1173-ghR/cases/carry_b-v6g_teacher_hR09_s911_pE2E_L5_VhR/case.json,2888,c3265a6d3bb4a85fd481272d00998b45571e888b84fe5d945fcb2dcf6f75f290,c3265a6d3bb4a85fd481272d00998b45571e888b84fe5d945fcb2dcf6f75f290
pair-stage-probes-495c1173-ghR/cases/carry_b-v6g_teacher_hR09_s911_pE2E_L5_VhR/result.json,58338,8c31d204b89b8f70424aa624c89a58b49abf0d8a59b95bc6a1c18379b048ff83,8c31d204b89b8f70424aa624c89a58b49abf0d8a59b95bc6a1c18379b048ff83
pair-stage-probes-495c1173-ghR/cases/carry_b-v6g_teacher_hR10_s911_pE2E_L5_VhR/case.json,2880,debcedfc8553102fae112043c04e2ad2ff06b730ca801d47643b0bec732ee5f6,debcedfc8553102fae112043c04e2ad2ff06b730ca801d47643b0bec732ee5f6
pair-stage-probes-495c1173-ghR/cases/carry_b-v6g_teacher_hR10_s911_pE2E_L5_VhR/result.json,58279,bbbe78765cee4a1367ccd6698f37323fd2ed09b61785469557a3e7ee14f8a26b,bbbe78765cee4a1367ccd6698f37323fd2ed09b61785469557a3e7ee14f8a26b
pair-stage-probes-495c1173-ghR/cases/carry_b-v6g_teacher_hR01_s911_pE2E_L6_VhR/case.json,2856,b0ac8b88c5d2775986f6e1ed5d4c22c1cc0f43fcafacf8235d31d240f4dcd8e6,b0ac8b88c5d2775986f6e1ed5d4c22c1cc0f43fcafacf8235d31d240f4dcd8e6
pair-stage-probes-495c1173-ghR/cases/carry_b-v6g_teacher_hR01_s911_pE2E_L6_VhR/result.json,58631,c35154806c2893d45098eb24f17f4d4ecc21eab14b0e3a3fafbcb8f242bbae47,c35154806c2893d45098eb24f17f4d4ecc21eab14b0e3a3fafbcb8f242bbae47
pair-stage-probes-495c1173-ghR/cases/carry_b-v6g_teacher_hR02_s911_pE2E_L6_VhR/case.json,2849,81572ce747dd28bc482e38748500acafaa299a659b163860f65f23acb3d51e26,81572ce747dd28bc482e38748500acafaa299a659b163860f65f23acb3d51e26
pair-stage-probes-495c1173-ghR/cases/carry_b-v6g_teacher_hR02_s911_pE2E_L6_VhR/result.json,58417,8e8bd8672097a2a97258870849aa81450e8e2f6b3b17c01db535adebe96eb614,8e8bd8672097a2a97258870849aa81450e8e2f6b3b17c01db535adebe96eb614
pair-stage-probes-495c1173-ghR/cases/carry_b-v6g_teacher_hR03_s911_pE2E_L6_VhR/case.json,2860,343451321e8873d1807b8fba11143ed787ff4920537293175e2e835fda753591,343451321e8873d1807b8fba11143ed787ff4920537293175e2e835fda753591
pair-stage-probes-495c1173-ghR/cases/carry_b-v6g_teacher_hR03_s911_pE2E_L6_VhR/result.json,58547,c13e4a4420c2730c3e8d0ff580f58f1207e506e0b70f27407a844576af00992a,c13e4a4420c2730c3e8d0ff580f58f1207e506e0b70f27407a844576af00992a
pair-stage-probes-495c1173-ghR/cases/carry_b-v6g_teacher_hR04_s911_pE2E_L6_VhR/case.json,2855,0e3138ce5731c88a95a81a3178009d1dbb47a1044fec33e73be8cee0c30b1033,0e3138ce5731c88a95a81a3178009d1dbb47a1044fec33e73be8cee0c30b1033
pair-stage-probes-495c1173-ghR/cases/carry_b-v6g_teacher_hR04_s911_pE2E_L6_VhR/result.json,58478,f270cd53530235bc5ed9ea4a621e44b0341e340c67710bb0e954bcb372de078c,f270cd53530235bc5ed9ea4a621e44b0341e340c67710bb0e954bcb372de078c
pair-stage-probes-495c1173-ghR/cases/carry_b-v6g_teacher_hR06_s911_pE2E_L6_VhR/case.json,2859,c9ed18099fdacb0fa565eb9590b227682723e97a75d65e74e746d1d4224d2a45,c9ed18099fdacb0fa565eb9590b227682723e97a75d65e74e746d1d4224d2a45
pair-stage-probes-495c1173-ghR/cases/carry_b-v6g_teacher_hR06_s911_pE2E_L6_VhR/result.json,10839,da3938893bbf34ee14cf20a7a8ad1b6f33fea70af589f81a586d189cf4738095,da3938893bbf34ee14cf20a7a8ad1b6f33fea70af589f81a586d189cf4738095
pair-stage-probes-495c1173-ghR/cases/carry_b-v6g_teacher_hR07_s911_pE2E_L6_VhR/case.json,2850,909858eb5c7ea9654d5da1cbdba9e1ec3956fe0e3e29090c42cdc19cac4ffa7d,909858eb5c7ea9654d5da1cbdba9e1ec3956fe0e3e29090c42cdc19cac4ffa7d
pair-stage-probes-495c1173-ghR/cases/carry_b-v6g_teacher_hR07_s911_pE2E_L6_VhR/result.json,10873,9f245ba73f0dae93f698a214a31c711379a02b56801114efa09a5af77cd1d913,9f245ba73f0dae93f698a214a31c711379a02b56801114efa09a5af77cd1d913
pair-stage-probes-495c1173-ghR/cases/carry_b-v6g_teacher_hR05_s911_pE2E_L6_VhR/case.json,2854,3c0581301b5cf25af000918b89f737c1d1d9c8dafceea2aa2d13745af8312507,3c0581301b5cf25af000918b89f737c1d1d9c8dafceea2aa2d13745af8312507
pair-stage-probes-495c1173-ghR/cases/carry_b-v6g_teacher_hR05_s911_pE2E_L6_VhR/result.json,58467,629744ab61f000ca31ac50649e6a8f36446326d4e4943d6a9d92c1a5196cc4dc,629744ab61f000ca31ac50649e6a8f36446326d4e4943d6a9d92c1a5196cc4dc
pair-stage-probes-495c1173-ghR/cases/carry_b-v6g_teacher_hR08_s911_pE2E_L6_VhR/case.json,2852,68ae7338f8bebde78363fa1c85195db65649fe8e5c86c7f8c012c4a80b645429,68ae7338f8bebde78363fa1c85195db65649fe8e5c86c7f8c012c4a80b645429
pair-stage-probes-495c1173-ghR/cases/carry_b-v6g_teacher_hR08_s911_pE2E_L6_VhR/result.json,58448,4d8cc9d00ad7472df0e68044d03090f75b6da3190bf0d6acdc72ee5a349dcbdd,4d8cc9d00ad7472df0e68044d03090f75b6da3190bf0d6acdc72ee5a349dcbdd
pair-stage-probes-495c1173-ghR/cases/carry_b-v6g_teacher_hR09_s911_pE2E_L6_VhR/case.json,2858,e0a3c0f2421eb073081d26c0f05d9f4430a1af12e86b52ae1b988c572e6f399b,e0a3c0f2421eb073081d26c0f05d9f4430a1af12e86b52ae1b988c572e6f399b
pair-stage-probes-495c1173-ghR/cases/carry_b-v6g_teacher_hR09_s911_pE2E_L6_VhR/result.json,58843,e800c9ed2fe3b0567831963b1d4da176730a7aa3973bd60ea64c484b2fd1b45e,e800c9ed2fe3b0567831963b1d4da176730a7aa3973bd60ea64c484b2fd1b45e
pair-stage-probes-495c1173-ghR/cases/carry_b-v6g_teacher_hR10_s911_pE2E_L6_VhR/case.json,2853,017de8956d53bd969dccc2d7f354645b6b3db331e340f1f417ca6bf388921c7a,017de8956d53bd969dccc2d7f354645b6b3db331e340f1f417ca6bf388921c7a
pair-stage-probes-495c1173-ghR/cases/carry_b-v6g_teacher_hR10_s911_pE2E_L6_VhR/result.json,58791,7fe8f5393a6550cbea8fd20712cd8d73ae3fdbf38cd0dc73fb976f0d7def5ad3,7fe8f5393a6550cbea8fd20712cd8d73ae3fdbf38cd0dc73fb976f0d7def5ad3
pair-stage-probes-495c1173-ghRL7/manifest.json,166864,225d2357a02e6ff887c055a2da08b912e667fe1dbad5ed78b8f1021b115e5195,
pair-stage-probes-495c1173-ghRL7/cases.jsonl,30029,4fbb454920000ef0165957de321553181a41b319fdb62d053ad3f529a24ff81e,4fbb454920000ef0165957de321553181a41b319fdb62d053ad3f529a24ff81e
pair-stage-probes-495c1173-ghRL7/artifacts.sha256.json,879482,e93c97c2d152adc0a2f590eae2a8258cf47d11e7f7d88cff5097bc39d93f1edc,
pair-stage-probes-495c1173-ghRL7/plan.json,32694,8b81db1ee6bf3bf5d1ab0960c36b95cad55071810f532dd80ff769c832a91c5d,
pair-stage-probes-495c1173-ghRL7/cases/carry_b-v6g-l7_teacher_hR02_s911_pE2E_L7_VhR/case.json,2854,49659624171063c54180d9b4679bc74ad94d00d25a4cea4dca40c8257bb79323,49659624171063c54180d9b4679bc74ad94d00d25a4cea4dca40c8257bb79323
pair-stage-probes-495c1173-ghRL7/cases/carry_b-v6g-l7_teacher_hR02_s911_pE2E_L7_VhR/result.json,55981,6118a696abb9ffddf932fe4656d939ff7baeceb98a0905c3775240a8ba4847d2,6118a696abb9ffddf932fe4656d939ff7baeceb98a0905c3775240a8ba4847d2
pair-stage-probes-495c1173-ghRL7/cases/carry_b-v6g-l7_teacher_hR01_s911_pE2E_L7_VhR/case.json,2862,7ac49f39e3efccb8fe5fba511ceeea5ca493bd7e60d41aaff39ec0bcfef7d448,7ac49f39e3efccb8fe5fba511ceeea5ca493bd7e60d41aaff39ec0bcfef7d448
pair-stage-probes-495c1173-ghRL7/cases/carry_b-v6g-l7_teacher_hR01_s911_pE2E_L7_VhR/result.json,56123,7e81fb8a71fd004b59d3ccbd447ed8c03be5bdf6a9c947b506a59cfc854251c9,7e81fb8a71fd004b59d3ccbd447ed8c03be5bdf6a9c947b506a59cfc854251c9
pair-stage-probes-495c1173-ghRL7/cases/carry_b-v6g-l7_teacher_hR03_s911_pE2E_L7_VhR/case.json,2861,5573684c9d3b5313f86a1003405af9ffb10b27c735cd8ece90216ba2fbcf1d52,5573684c9d3b5313f86a1003405af9ffb10b27c735cd8ece90216ba2fbcf1d52
pair-stage-probes-495c1173-ghRL7/cases/carry_b-v6g-l7_teacher_hR03_s911_pE2E_L7_VhR/result.json,56065,84ed35d9df186ddfd2c6b55921fffc3645da1124e411a5a5f4ffa5838da24aa4,84ed35d9df186ddfd2c6b55921fffc3645da1124e411a5a5f4ffa5838da24aa4
pair-stage-probes-495c1173-ghRL7/cases/carry_b-v6g-l7_teacher_hR04_s911_pE2E_L7_VhR/case.json,2860,e4ed8344cf3d7ec9ad8aaf22db6b77183cc2c419ab02fcf87e10f7d3fc34d0be,e4ed8344cf3d7ec9ad8aaf22db6b77183cc2c419ab02fcf87e10f7d3fc34d0be
pair-stage-probes-495c1173-ghRL7/cases/carry_b-v6g-l7_teacher_hR04_s911_pE2E_L7_VhR/result.json,55983,56a504981596a866a7f737a26c85d2d5132f7e613aa6e4eff249d6ec81e85e3c,56a504981596a866a7f737a26c85d2d5132f7e613aa6e4eff249d6ec81e85e3c
pair-stage-probes-495c1173-ghRL7/cases/carry_b-v6g-l7_teacher_hR06_s911_pE2E_L7_VhR/case.json,2863,0cfe02a4518b1d9aa48f9f26bef02f6312865b03002bcb3db9074c611d6e90aa,0cfe02a4518b1d9aa48f9f26bef02f6312865b03002bcb3db9074c611d6e90aa
pair-stage-probes-495c1173-ghRL7/cases/carry_b-v6g-l7_teacher_hR06_s911_pE2E_L7_VhR/result.json,10846,cc857377278b8157baa3a0845d67a04dcd9f50b1fa1da6791e2b3fdcd2bafbfc,cc857377278b8157baa3a0845d67a04dcd9f50b1fa1da6791e2b3fdcd2bafbfc
pair-stage-probes-495c1173-ghRL7/cases/carry_b-v6g-l7_teacher_hR07_s911_pE2E_L7_VhR/case.json,2855,c2fa30b0c2af6ee75420edc3d5960aefc8275ebb98cde384b521b2672d0f18ae,c2fa30b0c2af6ee75420edc3d5960aefc8275ebb98cde384b521b2672d0f18ae
pair-stage-probes-495c1173-ghRL7/cases/carry_b-v6g-l7_teacher_hR07_s911_pE2E_L7_VhR/result.json,10874,2ad3f1eb777ecb13e6c818e9962a3dbd4486f8b3c84302a4437b42208d7cfada,2ad3f1eb777ecb13e6c818e9962a3dbd4486f8b3c84302a4437b42208d7cfada
pair-stage-probes-495c1173-ghRL7/cases/carry_b-v6g-l7_teacher_hR05_s911_pE2E_L7_VhR/case.json,2860,04aae42547d54ec2a8e273fa13b2320eed90acdeb001fe9177c09c1717576242,04aae42547d54ec2a8e273fa13b2320eed90acdeb001fe9177c09c1717576242
pair-stage-probes-495c1173-ghRL7/cases/carry_b-v6g-l7_teacher_hR05_s911_pE2E_L7_VhR/result.json,55992,668f931bf58441a8c65fc86a9c0dc190ab96867cdb0b26570df7c0038edaaf4f,668f931bf58441a8c65fc86a9c0dc190ab96867cdb0b26570df7c0038edaaf4f
pair-stage-probes-495c1173-ghRL7/cases/carry_b-v6g-l7_teacher_hR08_s911_pE2E_L7_VhR/case.json,2857,ef13be3af27af49e777571517ce050bc51025fff64d96cc120984eecb2e41dba,ef13be3af27af49e777571517ce050bc51025fff64d96cc120984eecb2e41dba
pair-stage-probes-495c1173-ghRL7/cases/carry_b-v6g-l7_teacher_hR08_s911_pE2E_L7_VhR/result.json,55925,7d3ec447da72754fa4d2937b864669d143214f96322d42a1f86602db129541da,7d3ec447da72754fa4d2937b864669d143214f96322d42a1f86602db129541da
pair-stage-probes-495c1173-ghRL7/cases/carry_b-v6g-l7_teacher_hR09_s911_pE2E_L7_VhR/case.json,2863,119863d79cfef170f054f754106dbd1870226889884808f6f32b0ddf37267c20,119863d79cfef170f054f754106dbd1870226889884808f6f32b0ddf37267c20
pair-stage-probes-495c1173-ghRL7/cases/carry_b-v6g-l7_teacher_hR09_s911_pE2E_L7_VhR/result.json,56356,8ed756d43b8b4234d1bc5cf9db026b0ddd3164ea787b66a6d5f4d6590d57e35a,8ed756d43b8b4234d1bc5cf9db026b0ddd3164ea787b66a6d5f4d6590d57e35a
pair-stage-probes-495c1173-ghRL7/cases/carry_b-v6g-l7_teacher_hR10_s911_pE2E_L7_VhR/case.json,2860,1850c1cceddb78fbdba68c6b99ba0c189d41bf5597951f549738fca55d20a9ef,1850c1cceddb78fbdba68c6b99ba0c189d41bf5597951f549738fca55d20a9ef
pair-stage-probes-495c1173-ghRL7/cases/carry_b-v6g-l7_teacher_hR10_s911_pE2E_L7_VhR/result.json,56259,bbd98e99fe1850b6fdec259d69fd6458b8c50802b3e5c57bb83123af61ac8c17,bbd98e99fe1850b6fdec259d69fd6458b8c50802b3e5c57bb83123af61ac8c17
pair-stage-probes-4fac772d-yawcal/manifest.json,165142,cee0c11db6d668934d41c1bcc98d15ca7bf391e6f7974a243bd01a29c8506f29,
pair-stage-probes-4fac772d-yawcal/cases.jsonl,126928,97c39c53ef3dab0c7460ab4afcf173538241742fa5ebb546ddc6a8c9a3adf4f8,97c39c53ef3dab0c7460ab4afcf173538241742fa5ebb546ddc6a8c9a3adf4f8
pair-stage-probes-4fac772d-yawcal/artifacts.sha256.json,4818505,cd782d8c8bea91ec5bc53c90916814f8ad2a9f7d2922baa387bd0f8e9eb2e46d,
pair-stage-probes-4fac772d-yawcal/plan.json,120893,4c0354bfde7e0d9d4d6c0048ab0fa5521e5ecee2cea87b82b97d20f05ca8ff18,
pair-stage-probes-4fac772d-yawcal/cases/carry_b-v6e_teacher_nominal_s912_pE2E_Vcal/case.json,2595,6e5d10e17b16d558af8f7b3d15a4de5bd000a0e56db8f2a408ae1f1b3f2a4c63,6e5d10e17b16d558af8f7b3d15a4de5bd000a0e56db8f2a408ae1f1b3f2a4c63
pair-stage-probes-4fac772d-yawcal/cases/carry_b-v6e_teacher_nominal_s912_pE2E_Vcal/result.json,55208,510ab8c93c122caf19958469da1e4993bda807c91d5353b0d2ff5686266e434f,510ab8c93c122caf19958469da1e4993bda807c91d5353b0d2ff5686266e434f
pair-stage-probes-4fac772d-yawcal/cases/carry_b-v6e_teacher_nominal_s911_pE2E_Vcal/case.json,2595,8f38a7f4ec01f3062b73394d4fabd663ee508346fb89f65179309c9b352b912c,8f38a7f4ec01f3062b73394d4fabd663ee508346fb89f65179309c9b352b912c
pair-stage-probes-4fac772d-yawcal/cases/carry_b-v6e_teacher_nominal_s911_pE2E_Vcal/result.json,55228,8b030a796607d0b4058407bbe5e2ba0464d6c51f33352dc94bba8f710b8d05bb,8b030a796607d0b4058407bbe5e2ba0464d6c51f33352dc94bba8f710b8d05bb
pair-stage-probes-4fac772d-yawcal/cases/carry_b-v6e_teacher_nominal_s913_pE2E_Vcal/case.json,2595,f016b31dc3c6353bfec08d3ef91203b233afa128daee03e087ee33f56c04ba06,f016b31dc3c6353bfec08d3ef91203b233afa128daee03e087ee33f56c04ba06
pair-stage-probes-4fac772d-yawcal/cases/carry_b-v6e_teacher_nominal_s913_pE2E_Vcal/result.json,55216,5235793e57e701c3b7fbdc34309e27ed7d4a8f726d9208726ec7bf9c2d00d24e,5235793e57e701c3b7fbdc34309e27ed7d4a8f726d9208726ec7bf9c2d00d24e
pair-stage-probes-4fac772d-yawcal/cases/carry_b-v6e_teacher_lat-_opp_s911_pE2E_Vcal/case.json,2608,1f8100760d7d56c9db15cb92dddea6798e400bebe3787481e1933f63bc2a099d,1f8100760d7d56c9db15cb92dddea6798e400bebe3787481e1933f63bc2a099d
pair-stage-probes-4fac772d-yawcal/cases/carry_b-v6e_teacher_lat-_opp_s911_pE2E_Vcal/result.json,55166,5c15d4c85df024ef8641e1dc68c8b5c551629cd90eea1ddd9245a5eeae93b1e4,5c15d4c85df024ef8641e1dc68c8b5c551629cd90eea1ddd9245a5eeae93b1e4
pair-stage-probes-4fac772d-yawcal/cases/carry_b-v6e_teacher_yaw+_same_s911_pE2E_Vcal/case.json,2623,036b6d2ced79c42c81706f2fc63bd001e7cc073b40cdb41c9aeafd1fd00af59f,036b6d2ced79c42c81706f2fc63bd001e7cc073b40cdb41c9aeafd1fd00af59f
pair-stage-probes-4fac772d-yawcal/cases/carry_b-v6e_teacher_yaw+_same_s911_pE2E_Vcal/result.json,55170,f052281b00eea6d76775549f3c195b572a44da01c3aaf6945a95dc30165ca20f,f052281b00eea6d76775549f3c195b572a44da01c3aaf6945a95dc30165ca20f
pair-stage-probes-4fac772d-yawcal/cases/carry_b-v6e_teacher_nominal_s911_pE2E_L1_Vcal/case.json,2597,16f62de2172244efd0496bbc82f0f4a4f5c68d6bd1ac3fcd063394947b9182b9,16f62de2172244efd0496bbc82f0f4a4f5c68d6bd1ac3fcd063394947b9182b9
pair-stage-probes-4fac772d-yawcal/cases/carry_b-v6e_teacher_nominal_s911_pE2E_L1_Vcal/result.json,60726,024cf7c97ba39ee9982f2e2d7e7fc8ca7ed845d32280dfd0287ce7ccb4cf8dec,024cf7c97ba39ee9982f2e2d7e7fc8ca7ed845d32280dfd0287ce7ccb4cf8dec
pair-stage-probes-4fac772d-yawcal/cases/carry_b-v6e_teacher_nominal_s912_pE2E_L1_Vcal/case.json,2597,76014d5bf048bcba8d8015fc408e6fe5ccdeaaf0f4c951b2040a296a1868adb6,76014d5bf048bcba8d8015fc408e6fe5ccdeaaf0f4c951b2040a296a1868adb6
pair-stage-probes-4fac772d-yawcal/cases/carry_b-v6e_teacher_nominal_s912_pE2E_L1_Vcal/result.json,60749,783bd54155f075b06323003ec7fb7fc55a4544f40c14f3bb5e721fd560a90dfb,783bd54155f075b06323003ec7fb7fc55a4544f40c14f3bb5e721fd560a90dfb
pair-stage-probes-4fac772d-yawcal/cases/carry_b-v6e_teacher_nominal_s913_pE2E_L1_Vcal/case.json,2597,9e12bfe383147ce6ff8a88dc632646408d1566baf7934d1e2231a047b3688ab1,9e12bfe383147ce6ff8a88dc632646408d1566baf7934d1e2231a047b3688ab1
pair-stage-probes-4fac772d-yawcal/cases/carry_b-v6e_teacher_nominal_s913_pE2E_L1_Vcal/result.json,60766,97ac44915b7f520a6ea18957371a6ab6ba984e624658070dca54811ad5a08805,97ac44915b7f520a6ea18957371a6ab6ba984e624658070dca54811ad5a08805
pair-stage-probes-4fac772d-yawcal/cases/carry_b-v6e_teacher_lat-_opp_s911_pE2E_L1_Vcal/case.json,2610,3d858ec5741eadcb87f70aa2c0079a40040fcdb5f675a95401888d8f3f694b89,3d858ec5741eadcb87f70aa2c0079a40040fcdb5f675a95401888d8f3f694b89
pair-stage-probes-4fac772d-yawcal/cases/carry_b-v6e_teacher_lat-_opp_s911_pE2E_L1_Vcal/result.json,60637,58a330a7f560f7ec1491c3937cfd01469fecd7d1667a8990b300521815df4029,58a330a7f560f7ec1491c3937cfd01469fecd7d1667a8990b300521815df4029
pair-stage-probes-4fac772d-yawcal/cases/carry_b-v6e_teacher_yaw+_same_s911_pE2E_L1_Vcal/case.json,2625,c2890e61b14c0f58d3bae4c7a00476a9a17bd629743b9bc574756f5c3da35da3,c2890e61b14c0f58d3bae4c7a00476a9a17bd629743b9bc574756f5c3da35da3
pair-stage-probes-4fac772d-yawcal/cases/carry_b-v6e_teacher_yaw+_same_s911_pE2E_L1_Vcal/result.json,60683,7b99a280d2ed7a16796bb8e91835542630dd33631829aa0ba44ea44f0382137a,7b99a280d2ed7a16796bb8e91835542630dd33631829aa0ba44ea44f0382137a
pair-stage-probes-4fac772d-yawcal/cases/carry_b-v6e_teacher_nominal_s911_pE2E_L2_Vcal/case.json,2610,85c04c82473dcef7ad72c6cfe638c66f354612e1ea2dec6effe6c0469b69a0ff,85c04c82473dcef7ad72c6cfe638c66f354612e1ea2dec6effe6c0469b69a0ff
pair-stage-probes-4fac772d-yawcal/cases/carry_b-v6e_teacher_nominal_s911_pE2E_L2_Vcal/result.json,58243,e9d85023696e5da978cdeac3f9d78adcc65733caddac8caafce92279bcd47ea2,e9d85023696e5da978cdeac3f9d78adcc65733caddac8caafce92279bcd47ea2
pair-stage-probes-4fac772d-yawcal/cases/carry_b-v6e_teacher_nominal_s912_pE2E_L2_Vcal/case.json,2610,ebabc9b992bb2ef370adb64a230ac310f2dc2983b4f3e32b8062f97a3d58cd52,ebabc9b992bb2ef370adb64a230ac310f2dc2983b4f3e32b8062f97a3d58cd52
pair-stage-probes-4fac772d-yawcal/cases/carry_b-v6e_teacher_nominal_s912_pE2E_L2_Vcal/result.json,58275,20f3bf45cfa608ad8a4e7bc68d4f43d43e1accdc067b5eddc0b6202ca35e0e93,20f3bf45cfa608ad8a4e7bc68d4f43d43e1accdc067b5eddc0b6202ca35e0e93
pair-stage-probes-4fac772d-yawcal/cases/carry_b-v6e_teacher_nominal_s913_pE2E_L2_Vcal/case.json,2610,64e6fc39f86224fb75258d0aa1ebf827360ba6330e105e718d0c8b2025403def,64e6fc39f86224fb75258d0aa1ebf827360ba6330e105e718d0c8b2025403def
pair-stage-probes-4fac772d-yawcal/cases/carry_b-v6e_teacher_nominal_s913_pE2E_L2_Vcal/result.json,58249,0b97e6d35e057a7e8e36836962f19035da0742bcd1af43d4af8cbd2cdae6dd50,0b97e6d35e057a7e8e36836962f19035da0742bcd1af43d4af8cbd2cdae6dd50
pair-stage-probes-4fac772d-yawcal/cases/carry_b-v6e_teacher_lat-_opp_s911_pE2E_L2_Vcal/case.json,2623,eacb1866f23725048f996d9c2badd50c0bc0d9a9c97b8d6a3aa0b11890e7b343,eacb1866f23725048f996d9c2badd50c0bc0d9a9c97b8d6a3aa0b11890e7b343
pair-stage-probes-4fac772d-yawcal/cases/carry_b-v6e_teacher_lat-_opp_s911_pE2E_L2_Vcal/result.json,58143,f3aafeb010976a45b13dbadfbe3dee1828796c68f94904fc2342426e5a388591,f3aafeb010976a45b13dbadfbe3dee1828796c68f94904fc2342426e5a388591
pair-stage-probes-4fac772d-yawcal/cases/carry_b-v6e_teacher_yaw+_same_s911_pE2E_L2_Vcal/case.json,2638,de36d821f18314a483ab12955014ff5f65bf414bfa8c977deedfcf11d7e6b06f,de36d821f18314a483ab12955014ff5f65bf414bfa8c977deedfcf11d7e6b06f
pair-stage-probes-4fac772d-yawcal/cases/carry_b-v6e_teacher_yaw+_same_s911_pE2E_L2_Vcal/result.json,58211,63b13f86b4fd618fa074f0faaaacafc304de1b495a3b608f34b9fe3cb0f638e9,63b13f86b4fd618fa074f0faaaacafc304de1b495a3b608f34b9fe3cb0f638e9
pair-stage-probes-4fac772d-yawcal/cases/carry_b-v6e_teacher_nominal_s911_pE2E_L3_Vcal/case.json,2596,0514571137eefb3bfdb194f22350ffd91a42c5ebf610412a50e818aec3abdb1a,0514571137eefb3bfdb194f22350ffd91a42c5ebf610412a50e818aec3abdb1a
pair-stage-probes-4fac772d-yawcal/cases/carry_b-v6e_teacher_nominal_s911_pE2E_L3_Vcal/result.json,56280,e66b6dee1b3c9ab523ccdbfd328434efb12713769748f8ee2534e35fc6e0dd5a,e66b6dee1b3c9ab523ccdbfd328434efb12713769748f8ee2534e35fc6e0dd5a
pair-stage-probes-4fac772d-yawcal/cases/carry_b-v6e_teacher_nominal_s912_pE2E_L3_Vcal/case.json,2596,26b8c5af5677f429edd7512bb055c6de2ef507cd988b2c1392349f7769bca995,26b8c5af5677f429edd7512bb055c6de2ef507cd988b2c1392349f7769bca995
pair-stage-probes-4fac772d-yawcal/cases/carry_b-v6e_teacher_nominal_s912_pE2E_L3_Vcal/result.json,56290,24f18ed577dcd562a7711e5ba47bf13de8f67834e23da4c6d62f8c2b6979b4d9,24f18ed577dcd562a7711e5ba47bf13de8f67834e23da4c6d62f8c2b6979b4d9
pair-stage-probes-4fac772d-yawcal/cases/carry_b-v6e_teacher_nominal_s913_pE2E_L3_Vcal/case.json,2596,6c8ad18c535c2497d25328441af386fad2595b97a5dbeb0fd2e685d947edc294,6c8ad18c535c2497d25328441af386fad2595b97a5dbeb0fd2e685d947edc294
pair-stage-probes-4fac772d-yawcal/cases/carry_b-v6e_teacher_nominal_s913_pE2E_L3_Vcal/result.json,56290,fc8d691e04f914f4c6a7afcf6aed9c2c2619a83f2d2e860ff66673a126105dfd,fc8d691e04f914f4c6a7afcf6aed9c2c2619a83f2d2e860ff66673a126105dfd
pair-stage-probes-4fac772d-yawcal/cases/carry_b-v6e_teacher_lat-_opp_s911_pE2E_L3_Vcal/case.json,2609,864e64a3534bd2241fdc4b470c665e56a999503ccdb622a8c0fee0c2579726ec,864e64a3534bd2241fdc4b470c665e56a999503ccdb622a8c0fee0c2579726ec
pair-stage-probes-4fac772d-yawcal/cases/carry_b-v6e_teacher_lat-_opp_s911_pE2E_L3_Vcal/result.json,56222,1f2d2e47356a82485b7e286c3c12964c170b7e4e51406f129343738b76999714,1f2d2e47356a82485b7e286c3c12964c170b7e4e51406f129343738b76999714
pair-stage-probes-4fac772d-yawcal/cases/carry_b-v6e_teacher_yaw+_same_s911_pE2E_L3_Vcal/case.json,2624,509244434c1d6693de177f57bb3ba8f4727ca5fb9de2aaa0f1b3ad397359a39e,509244434c1d6693de177f57bb3ba8f4727ca5fb9de2aaa0f1b3ad397359a39e
pair-stage-probes-4fac772d-yawcal/cases/carry_b-v6e_teacher_yaw+_same_s911_pE2E_L3_Vcal/result.json,56214,0129df1901aec24d6b20be273c2d70546f22d58342353808106ddbd20c79eb00,0129df1901aec24d6b20be273c2d70546f22d58342353808106ddbd20c79eb00
pair-stage-probes-4fac772d-yawcal/cases/carry_b-v6e_teacher_nominal_s911_pE2E_L4_Vcal/case.json,2673,98a26b8b8dd5a363af90e2e0e65205003f7bd89e55184cde23c3e47a2eefdc5e,98a26b8b8dd5a363af90e2e0e65205003f7bd89e55184cde23c3e47a2eefdc5e
pair-stage-probes-4fac772d-yawcal/cases/carry_b-v6e_teacher_nominal_s911_pE2E_L4_Vcal/result.json,56238,06e79b510428393e41649d7b67f84e81d44ea6e89b1c9ffe9a1be378e96f3ad2,06e79b510428393e41649d7b67f84e81d44ea6e89b1c9ffe9a1be378e96f3ad2
pair-stage-probes-4fac772d-yawcal/cases/carry_b-v6e_teacher_nominal_s912_pE2E_L4_Vcal/case.json,2673,efdd03029a6fc7a6fd886c63a182bad23ce23b8bbe4439687a8ddba65b01837b,efdd03029a6fc7a6fd886c63a182bad23ce23b8bbe4439687a8ddba65b01837b
pair-stage-probes-4fac772d-yawcal/cases/carry_b-v6e_teacher_nominal_s912_pE2E_L4_Vcal/result.json,56274,1feb6132346d9c766ed89a6c932851d06a89512f72aaab467fb2ff2192ed815c,1feb6132346d9c766ed89a6c932851d06a89512f72aaab467fb2ff2192ed815c
pair-stage-probes-4fac772d-yawcal/cases/carry_b-v6e_teacher_nominal_s913_pE2E_L4_Vcal/case.json,2673,6ed0ca23b6ae57e6ef01f771f7ab9a1a8184d1729dbbbe7e1b648d5f73534790,6ed0ca23b6ae57e6ef01f771f7ab9a1a8184d1729dbbbe7e1b648d5f73534790
pair-stage-probes-4fac772d-yawcal/cases/carry_b-v6e_teacher_nominal_s913_pE2E_L4_Vcal/result.json,56274,c1f0e2e3110cdffdf50c7404916e2ab7010ddc36f1a38756eb508eff1905eb48,c1f0e2e3110cdffdf50c7404916e2ab7010ddc36f1a38756eb508eff1905eb48
pair-stage-probes-4fac772d-yawcal/cases/carry_b-v6e_teacher_lat-_opp_s911_pE2E_L4_Vcal/case.json,2684,2204ad542ee6fdee7622218f017ec45d0d3d136e3959d0d0a4d48deadcae0a11,2204ad542ee6fdee7622218f017ec45d0d3d136e3959d0d0a4d48deadcae0a11
pair-stage-probes-4fac772d-yawcal/cases/carry_b-v6e_teacher_lat-_opp_s911_pE2E_L4_Vcal/result.json,56195,0fd9fb8ff42ca7a9064cc6ee61a08f94f4b7d2456282f9652e9dc6043e9b600d,0fd9fb8ff42ca7a9064cc6ee61a08f94f4b7d2456282f9652e9dc6043e9b600d
pair-stage-probes-4fac772d-yawcal/cases/carry_b-v6e_teacher_yaw+_same_s911_pE2E_L4_Vcal/case.json,2701,3a2c0c3aed9c27268b3aa6b502199640c40379e3b6b6c04fc61e963289989a99,3a2c0c3aed9c27268b3aa6b502199640c40379e3b6b6c04fc61e963289989a99
pair-stage-probes-4fac772d-yawcal/cases/carry_b-v6e_teacher_yaw+_same_s911_pE2E_L4_Vcal/result.json,56220,2098e0a0027393a51eab715f0cf4c1dd4b283e39daa080a58148d6e0680aae0e,2098e0a0027393a51eab715f0cf4c1dd4b283e39daa080a58148d6e0680aae0e
pair-stage-probes-4fac772d-yawcal/cases/carry_b-v6e_teacher_nominal_s911_pE2E_L5_Vcal/case.json,2673,f2110a84539273006c8a06b46e2a1ddfe6e4285095565d3bac66feb44982f40f,f2110a84539273006c8a06b46e2a1ddfe6e4285095565d3bac66feb44982f40f
pair-stage-probes-4fac772d-yawcal/cases/carry_b-v6e_teacher_nominal_s911_pE2E_L5_Vcal/result.json,56255,44efd7bfdefe883310a952b3f99159dd402dc64116cfd2025f549e746484ec0b,44efd7bfdefe883310a952b3f99159dd402dc64116cfd2025f549e746484ec0b
pair-stage-probes-4fac772d-yawcal/cases/carry_b-v6e_teacher_nominal_s912_pE2E_L5_Vcal/case.json,2673,6f599dd9c19be8c8556414e7ce641ab7b72b1b8c4eddce090441af769fcacfa5,6f599dd9c19be8c8556414e7ce641ab7b72b1b8c4eddce090441af769fcacfa5
pair-stage-probes-4fac772d-yawcal/cases/carry_b-v6e_teacher_nominal_s912_pE2E_L5_Vcal/result.json,56235,252cccb118d6a7b7bd75a9d5b48dba0d2f5fe554cf19c3a8284c1dcb8a2a02ae,252cccb118d6a7b7bd75a9d5b48dba0d2f5fe554cf19c3a8284c1dcb8a2a02ae
pair-stage-probes-4fac772d-yawcal/cases/carry_b-v6e_teacher_nominal_s913_pE2E_L5_Vcal/case.json,2673,6a1b6174cddfe11aea7efe7348d75f1e803b9f2fe911816bf4a007f3e2413a49,6a1b6174cddfe11aea7efe7348d75f1e803b9f2fe911816bf4a007f3e2413a49
pair-stage-probes-4fac772d-yawcal/cases/carry_b-v6e_teacher_nominal_s913_pE2E_L5_Vcal/result.json,56237,2c91df87dd11869ee5d4e04ec59e09fbd3fad634d6bcee6b4f3c7f0cd2ccd1a3,2c91df87dd11869ee5d4e04ec59e09fbd3fad634d6bcee6b4f3c7f0cd2ccd1a3
pair-stage-probes-4fac772d-yawcal/cases/carry_b-v6e_teacher_lat-_opp_s911_pE2E_L5_Vcal/case.json,2684,d4efda1898140cba6201416b003169d67354368e1d856916b8817453500c4963,d4efda1898140cba6201416b003169d67354368e1d856916b8817453500c4963
pair-stage-probes-4fac772d-yawcal/cases/carry_b-v6e_teacher_lat-_opp_s911_pE2E_L5_Vcal/result.json,56158,94bb5f2f84f98c452992c704b9275e21ccb0d7f89168250d304a5cf3dc880a16,94bb5f2f84f98c452992c704b9275e21ccb0d7f89168250d304a5cf3dc880a16
pair-stage-probes-4fac772d-yawcal/cases/carry_b-v6e_teacher_yaw+_same_s911_pE2E_L5_Vcal/case.json,2701,b05ed4ad1215fd7dfa00a092eecf61512ed4cda2e05ff4e23e523b0b4e96a6ae,b05ed4ad1215fd7dfa00a092eecf61512ed4cda2e05ff4e23e523b0b4e96a6ae
pair-stage-probes-4fac772d-yawcal/cases/carry_b-v6e_teacher_yaw+_same_s911_pE2E_L5_Vcal/result.json,56182,ea509ae722a2005df08ef2250511574ea7ebf298619d0db530196eabb20b5299,ea509ae722a2005df08ef2250511574ea7ebf298619d0db530196eabb20b5299
pair-stage-probes-4fac772d-yawcal/cases/carry_b-v6e_teacher_nominal_s911_pE2E_L6_Vcal/case.json,2603,6308ffd37833d3aac7ecf86d7c9ff4a631911dbc282b26d933e8f4c9478baee0,6308ffd37833d3aac7ecf86d7c9ff4a631911dbc282b26d933e8f4c9478baee0
pair-stage-probes-4fac772d-yawcal/cases/carry_b-v6e_teacher_nominal_s911_pE2E_L6_Vcal/result.json,56733,e51b0f204c91ddd19b1f6a92000ecfb417a35ba83acd38e4d1510e18d1cf62d0,e51b0f204c91ddd19b1f6a92000ecfb417a35ba83acd38e4d1510e18d1cf62d0
pair-stage-probes-4fac772d-yawcal/cases/carry_b-v6e_teacher_nominal_s912_pE2E_L6_Vcal/case.json,2603,c0054ea6a9ff028411e92b11db2111c1636d665e14e9713ff2f2a12ec4cf8ad4,c0054ea6a9ff028411e92b11db2111c1636d665e14e9713ff2f2a12ec4cf8ad4
pair-stage-probes-4fac772d-yawcal/cases/carry_b-v6e_teacher_nominal_s912_pE2E_L6_Vcal/result.json,56696,77d42efe82f378af147496a0b43a41b9251c29a7673d22706a075fb91ac13436,77d42efe82f378af147496a0b43a41b9251c29a7673d22706a075fb91ac13436
pair-stage-probes-4fac772d-yawcal/cases/carry_b-v6e_teacher_nominal_s913_pE2E_L6_Vcal/case.json,2603,a321d46c6a8f57c7456d4ee13ab6b84d722684a1d3787021ee02adb7e3e72c6f,a321d46c6a8f57c7456d4ee13ab6b84d722684a1d3787021ee02adb7e3e72c6f
pair-stage-probes-4fac772d-yawcal/cases/carry_b-v6e_teacher_nominal_s913_pE2E_L6_Vcal/result.json,56708,ea663af1635ca11193eb84faca70e523d9cb582705957b2c8dbe47fcaa374e6a,ea663af1635ca11193eb84faca70e523d9cb582705957b2c8dbe47fcaa374e6a
pair-stage-probes-4fac772d-yawcal/cases/carry_b-v6e_teacher_lat-_opp_s911_pE2E_L6_Vcal/case.json,2616,299803f6fa1693c4b93d1f35daec5d2b4cf361b742f290b7cc78f5c1a766ac32,299803f6fa1693c4b93d1f35daec5d2b4cf361b742f290b7cc78f5c1a766ac32
pair-stage-probes-4fac772d-yawcal/cases/carry_b-v6e_teacher_lat-_opp_s911_pE2E_L6_Vcal/result.json,56687,ef613751a88610a01fe8c0daa3d6aba9c466c0870fd92e68284f72d092ac7ece,ef613751a88610a01fe8c0daa3d6aba9c466c0870fd92e68284f72d092ac7ece
pair-stage-probes-4fac772d-yawcal/cases/carry_b-v6e_teacher_yaw+_same_s911_pE2E_L6_Vcal/case.json,2631,bcfdb7a2a7fd5a129c5419318ac13b02172fce4394a4080c65534d6512c776d8,bcfdb7a2a7fd5a129c5419318ac13b02172fce4394a4080c65534d6512c776d8
pair-stage-probes-4fac772d-yawcal/cases/carry_b-v6e_teacher_yaw+_same_s911_pE2E_L6_Vcal/result.json,56608,613dacbf113bf01fdaaaf473ce71a7d8a88816dc8c8405b02b394c209bd38a44,613dacbf113bf01fdaaaf473ce71a7d8a88816dc8c8405b02b394c209bd38a44
pair-stage-probes-4fac772d-yawcal/cases/carry_b-v6e_teacher_nominal_s911_pE2E_L7_Vcal/case.json,2591,87e105465cf7fdd3b2a07844419a022d24005d3c663fe3e1d369b671aca30dac,87e105465cf7fdd3b2a07844419a022d24005d3c663fe3e1d369b671aca30dac
pair-stage-probes-4fac772d-yawcal/cases/carry_b-v6e_teacher_nominal_s911_pE2E_L7_Vcal/result.json,49185,9bdca883b43ee0acf820dc6729df7c6c920df3a9c0b7d3c3484e2a16b482487f,9bdca883b43ee0acf820dc6729df7c6c920df3a9c0b7d3c3484e2a16b482487f
pair-stage-probes-4fac772d-yawcal/cases/carry_b-v6e_teacher_nominal_s912_pE2E_L7_Vcal/case.json,2591,00c345e2c9298a84ce9081ff575845653ee2e4a0c9d5cebe8bbb44dcbc1f1de6,00c345e2c9298a84ce9081ff575845653ee2e4a0c9d5cebe8bbb44dcbc1f1de6
pair-stage-probes-4fac772d-yawcal/cases/carry_b-v6e_teacher_nominal_s912_pE2E_L7_Vcal/result.json,49177,9a448c2b849b56aae1c8d8e7173cec02c593127ad64baa56eb10afe89fee61d8,9a448c2b849b56aae1c8d8e7173cec02c593127ad64baa56eb10afe89fee61d8
pair-stage-probes-4fac772d-yawcal/cases/carry_b-v6e_teacher_nominal_s913_pE2E_L7_Vcal/case.json,2591,f0a4fa929ba524c2e84468c029046551f050fae2160b0bc76724af718caa5966,f0a4fa929ba524c2e84468c029046551f050fae2160b0bc76724af718caa5966
pair-stage-probes-4fac772d-yawcal/cases/carry_b-v6e_teacher_nominal_s913_pE2E_L7_Vcal/result.json,49170,d48dbb3dc5ad9571f78486c3d817c8368a2bd887991642fc7c3013ede49418c5,d48dbb3dc5ad9571f78486c3d817c8368a2bd887991642fc7c3013ede49418c5
pair-stage-probes-4fac772d-yawcal/cases/carry_b-v6e_teacher_lat-_opp_s911_pE2E_L7_Vcal/case.json,2604,9a6e981849d59b0134aa320e9f285a38e56305ff42b11236a9f7fee261f345f4,9a6e981849d59b0134aa320e9f285a38e56305ff42b11236a9f7fee261f345f4
pair-stage-probes-4fac772d-yawcal/cases/carry_b-v6e_teacher_lat-_opp_s911_pE2E_L7_Vcal/result.json,49128,e2de5ba744b58cf650212c03643462c325eec1120455377942afc0fd06f04eb6,e2de5ba744b58cf650212c03643462c325eec1120455377942afc0fd06f04eb6
pair-stage-probes-4fac772d-yawcal/cases/carry_b-v6e_teacher_yaw+_same_s911_pE2E_L7_Vcal/case.json,2619,4724736ba7ca628e0a3614294f49b684765830b1fbebeed597553e851e34f12d,4724736ba7ca628e0a3614294f49b684765830b1fbebeed597553e851e34f12d
pair-stage-probes-4fac772d-yawcal/cases/carry_b-v6e_teacher_yaw+_same_s911_pE2E_L7_Vcal/result.json,49164,84927a812185d1c691bd9dc9870a9483fcd86daa7e5458334e3e56c2152f3acf,84927a812185d1c691bd9dc9870a9483fcd86daa7e5458334e3e56c2152f3acf
pair-stage-probes-4fac772d-yawhA/manifest.json,165139,92f27ef44b75a3f6ada9079c07c8061bbe2d50bac02668783886130a6e1c6b20,
pair-stage-probes-4fac772d-yawhA/cases.jsonl,31504,592e6e7576389906f7965fbc2c169fdf46f883a0f46907a048f9b010318f054b,
pair-stage-probes-4fac772d-yawhA/artifacts.sha256.json,1212869,514261899cfc1a108ee6f6cb4440a0b054618a28c629a1f24d5051afe1590a07,
pair-stage-probes-4fac772d-yawhA/plan.json,30251,55f60825cfd7eb4659ee1dae84ba3078f5c7ae95d4d72256a3f427fa90aed286,
pair-stage-probes-4fac772d-yawhA/cases/carry_b-v6e_teacher_nominal_s914_pE2E_VhA/case.json,2580,f5440943a35a6c2de878a3600d01ce46ff868244a02359a7b4b58c1ca1130ab4,f5440943a35a6c2de878a3600d01ce46ff868244a02359a7b4b58c1ca1130ab4
pair-stage-probes-4fac772d-yawhA/cases/carry_b-v6e_teacher_nominal_s914_pE2E_VhA/result.json,58234,8d237939668603883663ea51f864cee56291648e8ddce1663123d850ac6fb39b,8d237939668603883663ea51f864cee56291648e8ddce1663123d850ac6fb39b
pair-stage-probes-4fac772d-yawhA/cases/carry_b-v6e_teacher_yaw-_opp_s911_pE2E_VhA/case.json,2608,4666a0e48fac312a83f3890bb04b24340eed9badd3a37ff38578f6af13adff2c,4666a0e48fac312a83f3890bb04b24340eed9badd3a37ff38578f6af13adff2c
pair-stage-probes-4fac772d-yawhA/cases/carry_b-v6e_teacher_yaw-_opp_s911_pE2E_VhA/result.json,58216,20ae9f4701649532dde6e57676d3e768c3e80c17c8691ef1b688a4707d031145,20ae9f4701649532dde6e57676d3e768c3e80c17c8691ef1b688a4707d031145
pair-stage-probes-4fac772d-yawhA/cases/carry_b-v6e_teacher_yaw-_opp_s911_pE2E_L1_VhA/case.json,2629,dc081479173e4395cd2a92b8e40b0d6bb998a00e3a5d571bd507f7432f32d593,dc081479173e4395cd2a92b8e40b0d6bb998a00e3a5d571bd507f7432f32d593
pair-stage-probes-4fac772d-yawhA/cases/carry_b-v6e_teacher_yaw-_opp_s911_pE2E_L1_VhA/result.json,60747,16c52d46c2a09c565f70cb9557da7e9627ad976908c24129170cf6914c5af8b7,16c52d46c2a09c565f70cb9557da7e9627ad976908c24129170cf6914c5af8b7
pair-stage-probes-4fac772d-yawhA/cases/carry_b-v6e_teacher_nominal_s914_pE2E_L1_VhA/case.json,2601,c3840c58ba86d821011116b0f506288d57873520a657c855c2b8fb249eeb1f01,c3840c58ba86d821011116b0f506288d57873520a657c855c2b8fb249eeb1f01
pair-stage-probes-4fac772d-yawhA/cases/carry_b-v6e_teacher_nominal_s914_pE2E_L1_VhA/result.json,60715,b52cabf71a7adf1d2ae284ca9e3797aedc7367a931d6a641f4ccd0b580c6f2a5,b52cabf71a7adf1d2ae284ca9e3797aedc7367a931d6a641f4ccd0b580c6f2a5
pair-stage-probes-4fac772d-yawhA/cases/carry_b-v6e_teacher_nominal_s914_pE2E_L3_VhA/case.json,2627,37b31230a4d5164258c9e10c00780c2dcb54ea18660de3d07475e6f2c11b25c6,37b31230a4d5164258c9e10c00780c2dcb54ea18660de3d07475e6f2c11b25c6
pair-stage-probes-4fac772d-yawhA/cases/carry_b-v6e_teacher_nominal_s914_pE2E_L3_VhA/result.json,56308,4945e7c9ca0ad6ee490e30c3cfdf2f04d6de0c17884ac5196d7f6eaf4297f288,4945e7c9ca0ad6ee490e30c3cfdf2f04d6de0c17884ac5196d7f6eaf4297f288
pair-stage-probes-4fac772d-yawhA/cases/carry_b-v6e_teacher_yaw-_opp_s911_pE2E_L3_VhA/case.json,2655,cae05fc863d9a1cd985dd45d9621007f5542b17b2defeb5a6dcb65beb4f70d16,cae05fc863d9a1cd985dd45d9621007f5542b17b2defeb5a6dcb65beb4f70d16
pair-stage-probes-4fac772d-yawhA/cases/carry_b-v6e_teacher_yaw-_opp_s911_pE2E_L3_VhA/result.json,56239,753a6102eb90e3a48682428fd0a5ce23a50cae965a482b1dba451517d571bf61,753a6102eb90e3a48682428fd0a5ce23a50cae965a482b1dba451517d571bf61
pair-stage-probes-4fac772d-yawhA/cases/carry_b-v6e_teacher_nominal_s914_pE2E_L6_VhA/case.json,2602,524f5087a6f6a3b4a6a16bddc8c4ccb81ef0204f97329b00e08e0466359d4051,524f5087a6f6a3b4a6a16bddc8c4ccb81ef0204f97329b00e08e0466359d4051
pair-stage-probes-4fac772d-yawhA/cases/carry_b-v6e_teacher_nominal_s914_pE2E_L6_VhA/result.json,56705,2a5e310f5ed7fe63a39babfb02ce6a61729023527706d0abc43c54050dc99a8c,2a5e310f5ed7fe63a39babfb02ce6a61729023527706d0abc43c54050dc99a8c
pair-stage-probes-4fac772d-yawhA/cases/carry_b-v6e_teacher_yaw-_opp_s911_pE2E_L6_VhA/case.json,2630,6f93f27b67fb94a87bdbd4ce45416bd0da1ccc5dbd580bf9a1e51a01a6c5c802,6f93f27b67fb94a87bdbd4ce45416bd0da1ccc5dbd580bf9a1e51a01a6c5c802
pair-stage-probes-4fac772d-yawhA/cases/carry_b-v6e_teacher_yaw-_opp_s911_pE2E_L6_VhA/result.json,56686,2620948c6e57074cf658fec01cdcdccea913521335754e21964a3afd729ee489,2620948c6e57074cf658fec01cdcdccea913521335754e21964a3afd729ee489
pair-stage-probes-4fac772d-yawhA/cases/carry_b-v6e_teacher_nominal_s914_pE2E_L7_VhA/case.json,2616,bf93a4ca009dd47e1cdb4f1d3da268b2e9d5acb0943555dfb0bcaf642c1a0af7,bf93a4ca009dd47e1cdb4f1d3da268b2e9d5acb0943555dfb0bcaf642c1a0af7
pair-stage-probes-4fac772d-yawhA/cases/carry_b-v6e_teacher_nominal_s914_pE2E_L7_VhA/result.json,48685,a336173e642a3098c4e83102ffa3529ff355874d529de0590bc43afb801787f9,a336173e642a3098c4e83102ffa3529ff355874d529de0590bc43afb801787f9
pair-stage-probes-4fac772d-yawhA/cases/carry_b-v6e_teacher_yaw-_opp_s911_pE2E_L7_VhA/case.json,2644,33d66f2b58f1f3ec229ae127533c2454de26d574c63255034f59177056ac2355,33d66f2b58f1f3ec229ae127533c2454de26d574c63255034f59177056ac2355
pair-stage-probes-4fac772d-yawhA/cases/carry_b-v6e_teacher_yaw-_opp_s911_pE2E_L7_VhA/result.json,49150,4d244f6c7ed0f50741975733e45d55f697bbfdd147f312523317368b5ac010ac,4d244f6c7ed0f50741975733e45d55f697bbfdd147f312523317368b5ac010ac
pair-stage-probes-4fac772d-yawsmoke/manifest.json,165146,d1b1fcee9f149516e558d8a68987bb7de3aaff37c24bcfddefe09e7d3e9d3418,
pair-stage-probes-4fac772d-yawsmoke/cases.jsonl,6461,8852c99fcbe1278fce03f5216652bbae1df4bbef64cec5951a1dc5fdd3e1ebbb,
pair-stage-probes-4fac772d-yawsmoke/artifacts.sha256.json,246544,3b6adb1d10ca86787a2d3202b94ee481fa5a4d269d0c78885f867b0b096a896c,
pair-stage-probes-4fac772d-yawsmoke/plan.json,6099,532ace0dc9bfd3b22590e097a033486cc02bb013c26e316916d3f453bc78e38d,
pair-stage-probes-4fac772d-yawsmoke/cases/carry_b-v6e_teacher_nominal_s911_pE2E_Vcal/case.json,2595,8f38a7f4ec01f3062b73394d4fabd663ee508346fb89f65179309c9b352b912c,8f38a7f4ec01f3062b73394d4fabd663ee508346fb89f65179309c9b352b912c
pair-stage-probes-4fac772d-yawsmoke/cases/carry_b-v6e_teacher_nominal_s911_pE2E_Vcal/result.json,55235,d255d381f59bd729d2aa411d34bbfc09448007bd0eafdf86ece041241fb86270,d255d381f59bd729d2aa411d34bbfc09448007bd0eafdf86ece041241fb86270
pair-stage-probes-4fac772d-yawsmoke/cases/carry_b-v6e_teacher_nominal_s911_pE2E_L1_Vcal/case.json,2597,16f62de2172244efd0496bbc82f0f4a4f5c68d6bd1ac3fcd063394947b9182b9,16f62de2172244efd0496bbc82f0f4a4f5c68d6bd1ac3fcd063394947b9182b9
pair-stage-probes-4fac772d-yawsmoke/cases/carry_b-v6e_teacher_nominal_s911_pE2E_L1_Vcal/result.json,60734,63adb3afc6a408c9678d465aaf9b109c6b71b27474d83c942c84f33f88851cf1,63adb3afc6a408c9678d465aaf9b109c6b71b27474d83c942c84f33f88851cf1
pair-stage-probes-4fac772d-yawsmoke2/manifest.json,165145,9c83409c19a58249d21d07e2c6da06931562dd6ea32077a8cf2aab6ce08f0cfb,
pair-stage-probes-4fac772d-yawsmoke2/cases.jsonl,6490,95cd444f9cc0b9d023781637e2fbe92b92a29f68e4aa795c745557b676d30435,
pair-stage-probes-4fac772d-yawsmoke2/artifacts.sha256.json,252508,e4469ca20d73fc832dc1f868667c3fb3541b0b3881412133d6344fa9ad5f6615,
pair-stage-probes-4fac772d-yawsmoke2/plan.json,6126,1a44999e3073c503d3ecff014cb12cf1cdcfbc40eece83a63ae2a6b16d71e349,
pair-stage-probes-4fac772d-yawsmoke2/cases/carry_b-v6e_teacher_lat-_opp_s911_pE2E_L3_Vcal/case.json,2609,864e64a3534bd2241fdc4b470c665e56a999503ccdb622a8c0fee0c2579726ec,864e64a3534bd2241fdc4b470c665e56a999503ccdb622a8c0fee0c2579726ec
pair-stage-probes-4fac772d-yawsmoke2/cases/carry_b-v6e_teacher_lat-_opp_s911_pE2E_L3_Vcal/result.json,56221,09e93cc7d73123c87f779036e39fef183a3714428da1f18d4ce0f65e42373ed6,09e93cc7d73123c87f779036e39fef183a3714428da1f18d4ce0f65e42373ed6
pair-stage-probes-4fac772d-yawsmoke2/cases/carry_b-v6e_teacher_lat-_opp_s911_pE2E_L1_Vcal/case.json,2610,3d858ec5741eadcb87f70aa2c0079a40040fcdb5f675a95401888d8f3f694b89,3d858ec5741eadcb87f70aa2c0079a40040fcdb5f675a95401888d8f3f694b89
pair-stage-probes-4fac772d-yawsmoke2/cases/carry_b-v6e_teacher_lat-_opp_s911_pE2E_L1_Vcal/result.json,60624,f4da7fab96b7a8454604b45477fa5a8533afb300055bad4a47ae6272ce9fc160,f4da7fab96b7a8454604b45477fa5a8533afb300055bad4a47ae6272ce9fc160
pair-stage-probes-6184c119-smoke/manifest.json,159989,d674be280ffab5f547bb5c07c79c02593a3e364761e2e86d18af7fd88ea8689d,
pair-stage-probes-6184c119-smoke/cases.jsonl,5804,16961b959b4fe1248a4651585bd5e76f92c6d07478ab0bd9d123e268f9934b60,
pair-stage-probes-6184c119-smoke/artifacts.sha256.json,102924,1b8d7737537e1e667302871be526c7331445542e12b7a84c78eba19674a09fd8,
pair-stage-probes-6184c119-smoke/plan.json,12315,671806e503284a359277aba37d304f0336a16236594bded1d4c2bb90cbc82a6e,
pair-stage-probes-64767041-dxAllC2/manifest.json,160279,9a23942f079322ad308dd3c3b89af051af4971004a46222738b205b21d1f7498,
pair-stage-probes-64767041-dxAllC2/cases.jsonl,51993,7df9ae0ad61f92f8a3533c5ef9455e09d743f9292de1722c9e825a17bcd31a04,
pair-stage-probes-64767041-dxAllC2/artifacts.sha256.json,2075870,af294ecd64f0d9d73d72355036adc530cdff34b41ee983fc27357c4e57a07e1c,
pair-stage-probes-64767041-dxAllC2/plan.json,53573,27db81019fc2c4ca4675003f12b3b0258a2d18ee6dd38fdf44feccfc4397cb73,
pair-stage-probes-64767041-dxAllC2/cases/carry_b-v6c_teacher_nominal_s912_pE2E_diag-carry_all_three/case.json,2891,a3222812e08f1d66457a0c2720283caf494a6a4f94e5466fe573d6e389f768f3,a3222812e08f1d66457a0c2720283caf494a6a4f94e5466fe573d6e389f768f3
pair-stage-probes-64767041-dxAllC2/cases/carry_b-v6c_teacher_nominal_s912_pE2E_diag-carry_all_three/result.json,52729,db6e9d244bce775b9577954ef3a6b85647ba6c52cfe922a200f1e7ce23908b8e,db6e9d244bce775b9577954ef3a6b85647ba6c52cfe922a200f1e7ce23908b8e
pair-stage-probes-64767041-dxAllC2/cases/carry_b-v6c_teacher_nominal_s913_pE2E_diag-carry_all_three/case.json,2891,2419c60e443172e49dd65c599ee487967a4ab49d38c0743a89c9f68499550b6b,2419c60e443172e49dd65c599ee487967a4ab49d38c0743a89c9f68499550b6b
pair-stage-probes-64767041-dxAllC2/cases/carry_b-v6c_teacher_nominal_s913_pE2E_diag-carry_all_three/result.json,52716,3554e4a20c44f2e93d65897657ba491149a383ebe5b0ea162318ec38ebfd92df,3554e4a20c44f2e93d65897657ba491149a383ebe5b0ea162318ec38ebfd92df
pair-stage-probes-64767041-dxAllC2/cases/carry_b-v6c_teacher_nominal_s912_pE2E_L1_diag-carry_all_three/case.json,2961,4ebe4b857cf29d5e816f4991b805b211620c149fef02381f95cf22a543a2408c,4ebe4b857cf29d5e816f4991b805b211620c149fef02381f95cf22a543a2408c
pair-stage-probes-64767041-dxAllC2/cases/carry_b-v6c_teacher_nominal_s912_pE2E_L1_diag-carry_all_three/result.json,60791,4f2f8c6de822b7b991897f10ce23b47db88948e5a161d2fe5317cf64450a09bc,4f2f8c6de822b7b991897f10ce23b47db88948e5a161d2fe5317cf64450a09bc
pair-stage-probes-64767041-dxAllC2/cases/carry_b-v6c_teacher_nominal_s913_pE2E_L1_diag-carry_all_three/case.json,2961,809bf8673447d7e90ce445ebe8eb42e8b21b685f21d2273f800c013938d83419,809bf8673447d7e90ce445ebe8eb42e8b21b685f21d2273f800c013938d83419
pair-stage-probes-64767041-dxAllC2/cases/carry_b-v6c_teacher_nominal_s913_pE2E_L1_diag-carry_all_three/result.json,60798,bb78b8de493c001d75808074b11b524da89dcd3fe6ce4a90b2287d3bcf9e353e,bb78b8de493c001d75808074b11b524da89dcd3fe6ce4a90b2287d3bcf9e353e
pair-stage-probes-64767041-dxAllC2/cases/carry_b-v6c_teacher_nominal_s912_pE2E_L2_diag-carry_all_three/case.json,2946,d2adc664f167e788d82046660ae38adb76d5fceb14afa0ffd56ae97ccc119f0c,d2adc664f167e788d82046660ae38adb76d5fceb14afa0ffd56ae97ccc119f0c
pair-stage-probes-64767041-dxAllC2/cases/carry_b-v6c_teacher_nominal_s912_pE2E_L2_diag-carry_all_three/result.json,58125,8dad0119819f3e4f9e98bfc287dd7c68fe3f4fe3293bcc2e42ac117e90a58c55,8dad0119819f3e4f9e98bfc287dd7c68fe3f4fe3293bcc2e42ac117e90a58c55
pair-stage-probes-64767041-dxAllC2/cases/carry_b-v6c_teacher_nominal_s913_pE2E_L2_diag-carry_all_three/case.json,2946,7bc271010c4764382a05a7b7b6a7a5562d7290bb44d3f0380b08aa9a5281cef7,7bc271010c4764382a05a7b7b6a7a5562d7290bb44d3f0380b08aa9a5281cef7
pair-stage-probes-64767041-dxAllC2/cases/carry_b-v6c_teacher_nominal_s913_pE2E_L2_diag-carry_all_three/result.json,58108,f817cb2a001b3cf11ae51773be4b3db4e5bdc6b79088d42bcd26cfb5cbdb37a8,f817cb2a001b3cf11ae51773be4b3db4e5bdc6b79088d42bcd26cfb5cbdb37a8
pair-stage-probes-64767041-dxAllC2/cases/carry_b-v6c_teacher_nominal_s912_pE2E_L3_diag-carry_all_three/case.json,2920,0c044e1089456b202bb81219da472ff65b17a54c151e0cf8ad992c0e53857e27,0c044e1089456b202bb81219da472ff65b17a54c151e0cf8ad992c0e53857e27
pair-stage-probes-64767041-dxAllC2/cases/carry_b-v6c_teacher_nominal_s912_pE2E_L3_diag-carry_all_three/result.json,56279,b4931a888381bd764a4df2f841fbcf1de5e9025b327b9a693b9b9272ea08ad68,b4931a888381bd764a4df2f841fbcf1de5e9025b327b9a693b9b9272ea08ad68
pair-stage-probes-64767041-dxAllC2/cases/carry_b-v6c_teacher_nominal_s913_pE2E_L3_diag-carry_all_three/case.json,2920,99e257f930e57a5c03a1bc1559960d01fb54e76ab13fca2a38f13c7b2b89c64a,99e257f930e57a5c03a1bc1559960d01fb54e76ab13fca2a38f13c7b2b89c64a
pair-stage-probes-64767041-dxAllC2/cases/carry_b-v6c_teacher_nominal_s913_pE2E_L3_diag-carry_all_three/result.json,56287,d0d61d522bd152fa2f93d695a08d13c147877e4d494347627f8a948e2995f4a0,d0d61d522bd152fa2f93d695a08d13c147877e4d494347627f8a948e2995f4a0
pair-stage-probes-64767041-dxAllC2/cases/carry_b-v6c_teacher_nominal_s912_pE2E_L4_diag-carry_all_three/case.json,2997,f1c2c9d3f542638247908fcb98d79cc1c9222121ea015fd016daf78e1b4f4bbd,f1c2c9d3f542638247908fcb98d79cc1c9222121ea015fd016daf78e1b4f4bbd
pair-stage-probes-64767041-dxAllC2/cases/carry_b-v6c_teacher_nominal_s912_pE2E_L4_diag-carry_all_three/result.json,56262,abcc536bb1d323a731686dc0b2b0be5ef21601aa84b22df9682435c08e3eb469,abcc536bb1d323a731686dc0b2b0be5ef21601aa84b22df9682435c08e3eb469
pair-stage-probes-64767041-dxAllC2/cases/carry_b-v6c_teacher_nominal_s913_pE2E_L4_diag-carry_all_three/case.json,2997,fb1b9b8dd8146708232f93589b09bacd46ec59d0d00b4b888d3f15981c756138,fb1b9b8dd8146708232f93589b09bacd46ec59d0d00b4b888d3f15981c756138
pair-stage-probes-64767041-dxAllC2/cases/carry_b-v6c_teacher_nominal_s913_pE2E_L4_diag-carry_all_three/result.json,56267,b4f3ef944978bd4eb4eb67c3427a09144c0dc157e2d3b1a0d0c406d7578dd237,b4f3ef944978bd4eb4eb67c3427a09144c0dc157e2d3b1a0d0c406d7578dd237
pair-stage-probes-64767041-dxAllC2/cases/carry_b-v6c_teacher_nominal_s912_pE2E_L5_diag-carry_all_three/case.json,2997,d2c11c21050d2c798fb650b91fe0542dae4a455ac9c9acb32f1c9376f8e018c4,d2c11c21050d2c798fb650b91fe0542dae4a455ac9c9acb32f1c9376f8e018c4
pair-stage-probes-64767041-dxAllC2/cases/carry_b-v6c_teacher_nominal_s912_pE2E_L5_diag-carry_all_three/result.json,56259,dd858025b38da55329be520c6e54797ece3cd995cad00f885ddf5e6b5e9b9fbc,dd858025b38da55329be520c6e54797ece3cd995cad00f885ddf5e6b5e9b9fbc
pair-stage-probes-64767041-dxAllC2/cases/carry_b-v6c_teacher_nominal_s913_pE2E_L5_diag-carry_all_three/case.json,2997,32e73e0ff21483b910ca4d6cab8c1bc9b7f94fbb6a2b711359b7825eb09b449b,32e73e0ff21483b910ca4d6cab8c1bc9b7f94fbb6a2b711359b7825eb09b449b
pair-stage-probes-64767041-dxAllC2/cases/carry_b-v6c_teacher_nominal_s913_pE2E_L5_diag-carry_all_three/result.json,56257,09f49a56236dc5279e4eb09ad7e139157c6bd870a41f79a6bde2209e34d646c9,09f49a56236dc5279e4eb09ad7e139157c6bd870a41f79a6bde2209e34d646c9
pair-stage-probes-64767041-dxAllC2/cases/carry_b-v6c_teacher_nominal_s912_pE2E_L6_diag-carry_all_three/case.json,2924,153851dc46bd989f4fe1deda606e7fef7aad25b1ba21156f1c032915c04dddc2,153851dc46bd989f4fe1deda606e7fef7aad25b1ba21156f1c032915c04dddc2
pair-stage-probes-64767041-dxAllC2/cases/carry_b-v6c_teacher_nominal_s912_pE2E_L6_diag-carry_all_three/result.json,56696,8cf65d3d3c256cfbba1aa5f53930fcb3aaa9cb8554f6ec6c366e04a12bbfe46c,8cf65d3d3c256cfbba1aa5f53930fcb3aaa9cb8554f6ec6c366e04a12bbfe46c
pair-stage-probes-64767041-dxAllC2/cases/carry_b-v6c_teacher_nominal_s913_pE2E_L6_diag-carry_all_three/case.json,2924,8107d1b5478327b2de22349b9f166f9858be15d75d2779183da6f7a9e6e5d53f,8107d1b5478327b2de22349b9f166f9858be15d75d2779183da6f7a9e6e5d53f
pair-stage-probes-64767041-dxAllC2/cases/carry_b-v6c_teacher_nominal_s913_pE2E_L6_diag-carry_all_three/result.json,56714,862ddd0dfa87c31d9c403b0eaebb9d3142b154f3682e1019e29b1afc280d5de7,862ddd0dfa87c31d9c403b0eaebb9d3142b154f3682e1019e29b1afc280d5de7
pair-stage-probes-64767041-dxAllC2/cases/carry_b-v6c_teacher_nominal_s912_pE2E_L7_diag-carry_all_three/case.json,2939,50db0061b1cb240cc612e0f75ecfd6c33f08c976ce876ede2ee50c1b4d159c28,50db0061b1cb240cc612e0f75ecfd6c33f08c976ce876ede2ee50c1b4d159c28
pair-stage-probes-64767041-dxAllC2/cases/carry_b-v6c_teacher_nominal_s912_pE2E_L7_diag-carry_all_three/result.json,56681,10244bc3a60a29eb10ed311771e25ea89bf5c8970ca8485c4fb69a63e7ec1e65,10244bc3a60a29eb10ed311771e25ea89bf5c8970ca8485c4fb69a63e7ec1e65
pair-stage-probes-64767041-dxAllC2/cases/carry_b-v6c_teacher_nominal_s913_pE2E_L7_diag-carry_all_three/case.json,2939,31f4d2de2c591842e1750ed7fce79393bdd0b9cc9f4a526d41fad8ed65a8e8ef,31f4d2de2c591842e1750ed7fce79393bdd0b9cc9f4a526d41fad8ed65a8e8ef
pair-stage-probes-64767041-dxAllC2/cases/carry_b-v6c_teacher_nominal_s913_pE2E_L7_diag-carry_all_three/result.json,56674,f2a3388a0d4f21e5aa8e18e07b0e9c0294e72d4ede855a513382573042e1d4e3,f2a3388a0d4f21e5aa8e18e07b0e9c0294e72d4ede855a513382573042e1d4e3
pair-stage-probes-64767041-dxAllD/manifest.json,160303,d762b52bb2871854c760867c70e0417ceef25cc36e50eef9655f01b23f5bdc20,
pair-stage-probes-64767041-dxAllD/cases.jsonl,43784,ae4a303ca90706aed4d4fe9a8200db97a79e59eb55dd51f34fa6534e010ddbb5,
pair-stage-probes-64767041-dxAllD/artifacts.sha256.json,1332937,5798bc8ce7909c6661ddf7b09f0d43e19e158979f266a7ab007a48baaf987c4a,
pair-stage-probes-64767041-dxAllD/plan.json,53599,4c32ce816d329406249aa98cbcf00b1389c2fdb227df505b78b32d7a869d78ab,
pair-stage-probes-64767041-dxAllD/cases/carry_b-v6c_teacher_along+_same_s911_pE2E_L3_diag-carry_all_three/case.json,2936,71efb9db8c13d6ea8810b1738e3b5b5e7a3e95924fec317a6f9eb19671f28657,71efb9db8c13d6ea8810b1738e3b5b5e7a3e95924fec317a6f9eb19671f28657
pair-stage-probes-64767041-dxAllD/cases/carry_b-v6c_teacher_along+_same_s911_pE2E_L3_diag-carry_all_three/result.json,9032,9484c2a010e04b3e5ce0d2f08b647a782b7df9e1bf55d4da62e487a8e9f940aa,9484c2a010e04b3e5ce0d2f08b647a782b7df9e1bf55d4da62e487a8e9f940aa
pair-stage-probes-64767041-dxAllD/cases/carry_b-v6c_teacher_along+_opp_s911_pE2E_L3_diag-carry_all_three/case.json,2935,05d1a9c1ee6320f3c665270cac15195201b6dc1dc13c27a1aa2b490aca83d886,05d1a9c1ee6320f3c665270cac15195201b6dc1dc13c27a1aa2b490aca83d886
pair-stage-probes-64767041-dxAllD/cases/carry_b-v6c_teacher_along+_opp_s911_pE2E_L3_diag-carry_all_three/result.json,9028,118df151ef3841e87ce5a5aeba6b7b43f98dbbf3c13f106671c2d9032a7b1a26,118df151ef3841e87ce5a5aeba6b7b43f98dbbf3c13f106671c2d9032a7b1a26
pair-stage-probes-64767041-dxAllD/cases/carry_b-v6c_teacher_along-_same_s911_pE2E_L3_diag-carry_all_three/case.json,2938,c15d40d880eb74b778c86eff93b53ec57da8e7b4b527b91e4c6a23eed9a2455d,c15d40d880eb74b778c86eff93b53ec57da8e7b4b527b91e4c6a23eed9a2455d
pair-stage-probes-64767041-dxAllD/cases/carry_b-v6c_teacher_along-_same_s911_pE2E_L3_diag-carry_all_three/result.json,56299,dd7aacaa8668517c4ea56906cc26f0f74f4510f265fefa1ee0c7117351f6457b,dd7aacaa8668517c4ea56906cc26f0f74f4510f265fefa1ee0c7117351f6457b
pair-stage-probes-64767041-dxAllD/cases/carry_b-v6c_teacher_along-_opp_s911_pE2E_L3_diag-carry_all_three/case.json,2935,6e9c08f9012b3949a3642e349716b1b438e1ef0ebf11d6b006a051052e524401,6e9c08f9012b3949a3642e349716b1b438e1ef0ebf11d6b006a051052e524401
pair-stage-probes-64767041-dxAllD/cases/carry_b-v6c_teacher_along-_opp_s911_pE2E_L3_diag-carry_all_three/result.json,9036,594c82baf2f9b4561cc0059c74dcabc6ed83319c54fbd902c1c9948575e394c5,594c82baf2f9b4561cc0059c74dcabc6ed83319c54fbd902c1c9948575e394c5
pair-stage-probes-64767041-dxAllD/cases/carry_b-v6c_teacher_lat+_same_s911_pE2E_L3_diag-carry_all_three/case.json,2934,99f0de025dfeb732346b13b54aa65c3b16027d47a5fb9503edb85116231c0981,99f0de025dfeb732346b13b54aa65c3b16027d47a5fb9503edb85116231c0981
pair-stage-probes-64767041-dxAllD/cases/carry_b-v6c_teacher_lat+_same_s911_pE2E_L3_diag-carry_all_three/result.json,56185,882e37eb78df3e998585338e82a9fbc699d8f0e3412b6773a58d847ec34b665d,882e37eb78df3e998585338e82a9fbc699d8f0e3412b6773a58d847ec34b665d
pair-stage-probes-64767041-dxAllD/cases/carry_b-v6c_teacher_lat+_opp_s911_pE2E_L3_diag-carry_all_three/case.json,2933,c13607ff7c8af1dde2a5aa65b4f3711f6ecdcb8aebc1980a1eb45e54fa2cfda1,c13607ff7c8af1dde2a5aa65b4f3711f6ecdcb8aebc1980a1eb45e54fa2cfda1
pair-stage-probes-64767041-dxAllD/cases/carry_b-v6c_teacher_lat+_opp_s911_pE2E_L3_diag-carry_all_three/result.json,56146,ba6cfe3816ced30de214a1547cb3d39f583d65973c5eb039a51cca64af50359d,ba6cfe3816ced30de214a1547cb3d39f583d65973c5eb039a51cca64af50359d
pair-stage-probes-64767041-dxAllD/cases/carry_b-v6c_teacher_lat-_same_s911_pE2E_L3_diag-carry_all_three/case.json,2936,b9d869e9349194fdb55f572d54ec8d97758c02460286bb39a7f752b6d17b1b3b,b9d869e9349194fdb55f572d54ec8d97758c02460286bb39a7f752b6d17b1b3b
pair-stage-probes-64767041-dxAllD/cases/carry_b-v6c_teacher_lat-_same_s911_pE2E_L3_diag-carry_all_three/result.json,56128,4c0b73cd15743cf694ede9d2d42490432cae8d71078ec47fb6e49545d82f706f,4c0b73cd15743cf694ede9d2d42490432cae8d71078ec47fb6e49545d82f706f
pair-stage-probes-64767041-dxAllD/cases/carry_b-v6c_teacher_lat-_opp_s911_pE2E_L3_diag-carry_all_three/case.json,2933,745244550f211516c77fde271b060e44cfa968e25d2df1e40915c2ab54ba68bb,745244550f211516c77fde271b060e44cfa968e25d2df1e40915c2ab54ba68bb
pair-stage-probes-64767041-dxAllD/cases/carry_b-v6c_teacher_lat-_opp_s911_pE2E_L3_diag-carry_all_three/result.json,56173,bfe5ed9e4ea6858ff983daeca919828915bbb5f36a974e8ecaf4dd32e7ab8a32,bfe5ed9e4ea6858ff983daeca919828915bbb5f36a974e8ecaf4dd32e7ab8a32
pair-stage-probes-64767041-dxAllD/cases/carry_b-v6c_teacher_yaw+_same_s911_pE2E_L3_diag-carry_all_three/case.json,2948,beb88916b65f636b4eba95205374f7f664e6ecb4da4a9d630b6f0bbfe96a15db,beb88916b65f636b4eba95205374f7f664e6ecb4da4a9d630b6f0bbfe96a15db
pair-stage-probes-64767041-dxAllD/cases/carry_b-v6c_teacher_yaw+_same_s911_pE2E_L3_diag-carry_all_three/result.json,56167,30a61b64aaa65255b416e82a2e64efd90aaf43072c0e97384116a77232d8ae40,30a61b64aaa65255b416e82a2e64efd90aaf43072c0e97384116a77232d8ae40
pair-stage-probes-64767041-dxAllD/cases/carry_b-v6c_teacher_yaw+_opp_s911_pE2E_L3_diag-carry_all_three/case.json,2946,b63c05feb2c22d1134a3e86e12bf7719375088b967c713900b6d2a407f17fd5d,b63c05feb2c22d1134a3e86e12bf7719375088b967c713900b6d2a407f17fd5d
pair-stage-probes-64767041-dxAllD/cases/carry_b-v6c_teacher_yaw+_opp_s911_pE2E_L3_diag-carry_all_three/result.json,56159,0c4715208103e6c3b25ff158d983f54d8d8408686a8823d2387d37a9491c3435,0c4715208103e6c3b25ff158d983f54d8d8408686a8823d2387d37a9491c3435
pair-stage-probes-64767041-dxAllD/cases/carry_b-v6c_teacher_yaw-_same_s911_pE2E_L3_diag-carry_all_three/case.json,2950,4957c09f8c2ce0889e989e224a6e9e9b7221a7867be24e96a20a521a1e599910,4957c09f8c2ce0889e989e224a6e9e9b7221a7867be24e96a20a521a1e599910
pair-stage-probes-64767041-dxAllD/cases/carry_b-v6c_teacher_yaw-_same_s911_pE2E_L3_diag-carry_all_three/result.json,56185,f9bac0e5eb866f8c7a1b08f04b3890dd3cc0bb2b125c43ebc838b78f599e17f2,f9bac0e5eb866f8c7a1b08f04b3890dd3cc0bb2b125c43ebc838b78f599e17f2
pair-stage-probes-64767041-dxAllD/cases/carry_b-v6c_teacher_yaw-_opp_s911_pE2E_L3_diag-carry_all_three/case.json,2948,ce4706cea9477bdc36636c0e735ecb47c01ab654eb99fc8ec433a75025b4fe19,ce4706cea9477bdc36636c0e735ecb47c01ab654eb99fc8ec433a75025b4fe19
pair-stage-probes-64767041-dxAllD/cases/carry_b-v6c_teacher_yaw-_opp_s911_pE2E_L3_diag-carry_all_three/result.json,56171,f4a57b87884f07bd54c77df9a26cd3c6e60575722c5cba2cbc188cebcb46fdf9,f4a57b87884f07bd54c77df9a26cd3c6e60575722c5cba2cbc188cebcb46fdf9
pair-stage-probes-64767041-dxAllD/cases/carry_b-v6c_teacher_corner++_same_s911_pE2E_L3_diag-carry_all_three/case.json,2974,53b49b0b12b81b7fa0a2e91b0b9ff195c1cd4739951f69a159f476288459a5fb,53b49b0b12b81b7fa0a2e91b0b9ff195c1cd4739951f69a159f476288459a5fb
pair-stage-probes-64767041-dxAllD/cases/carry_b-v6c_teacher_corner++_same_s911_pE2E_L3_diag-carry_all_three/result.json,9023,3ba73651c37cce48b3cd02d0dd13c101de0b477fd091ed5c0f1daa72e5855dd3,3ba73651c37cce48b3cd02d0dd13c101de0b477fd091ed5c0f1daa72e5855dd3
pair-stage-probes-64767041-dxAllD/cases/carry_b-v6c_teacher_corner++_opp_s911_pE2E_L3_diag-carry_all_three/case.json,2974,313b15b37c4f1e2ed3572591f7af497f95091e32b66287a1826ca0dfed79106e,313b15b37c4f1e2ed3572591f7af497f95091e32b66287a1826ca0dfed79106e
pair-stage-probes-64767041-dxAllD/cases/carry_b-v6c_teacher_corner++_opp_s911_pE2E_L3_diag-carry_all_three/result.json,9010,01c7e1c0bf5090a632e1c736eb685214fc7d879ae2b13d84041efd5f27a16976,01c7e1c0bf5090a632e1c736eb685214fc7d879ae2b13d84041efd5f27a16976
pair-stage-probes-64767041-dxAllD/cases/carry_b-v6c_teacher_corner--_same_s911_pE2E_L3_diag-carry_all_three/case.json,2980,c01f61f9371b7487f3c74e4cef80e58bea33361b8937fb83b469629c0afb64c3,c01f61f9371b7487f3c74e4cef80e58bea33361b8937fb83b469629c0afb64c3
pair-stage-probes-64767041-dxAllD/cases/carry_b-v6c_teacher_corner--_same_s911_pE2E_L3_diag-carry_all_three/result.json,56135,35b62df185137008b296d2418873fee4ee00d9b7d35c29a568a9e3414bb455cc,35b62df185137008b296d2418873fee4ee00d9b7d35c29a568a9e3414bb455cc
pair-stage-probes-64767041-dxAllD/cases/carry_b-v6c_teacher_corner--_opp_s911_pE2E_L3_diag-carry_all_three/case.json,2976,55b3d924dab59ad0f9402a3d7aa2f6d94ff4de747e41ecce3dd81f4988ac585c,55b3d924dab59ad0f9402a3d7aa2f6d94ff4de747e41ecce3dd81f4988ac585c
pair-stage-probes-64767041-dxAllD/cases/carry_b-v6c_teacher_corner--_opp_s911_pE2E_L3_diag-carry_all_three/result.json,9031,adbc87651152819f0d17b44dcb02fb027f532af16d3d89be41b6085a4ca6a44f,adbc87651152819f0d17b44dcb02fb027f532af16d3d89be41b6085a4ca6a44f
pair-stage-probes-64767041-dxAllS/manifest.json,160150,e66a3642c93728c9eb91e63f3656b87c2dbf7b3616369ea1ff2a272b97c75aca,
pair-stage-probes-64767041-dxAllS/cases.jsonl,50947,1f9061e1c5c444c98d8e447e0f3cc512622d41a0ce2d27a3d5386db4b53c9cad,
pair-stage-probes-64767041-dxAllS/artifacts.sha256.json,758328,cd2851f637f05145aab256cf1f1b633d787e1eb205e304b324d32e15ed77279d,
pair-stage-probes-64767041-dxAllS/plan.json,68242,69e8f3d91a0701d6edd7aaf5f0d35f4faf85f23a0cf8edbc785974695ed4a245,
pair-stage-probes-7392cb49-rsmoke2/manifest.json,166865,f5a4cb2303545196e33966faa336e9715cfccf1f5c2b4db97aab394ab3950c15,
pair-stage-probes-7392cb49-rsmoke2/cases.jsonl,6569,c5d85d2ae0c34f2b4db519d276426c467644a595c45fc7091490c41b7549fb75,
pair-stage-probes-7392cb49-rsmoke2/artifacts.sha256.json,252522,cd820bf17c31b894d7a28370251a989ed48f268349c723b53bb784d4e4bc8ed8,
pair-stage-probes-7392cb49-rsmoke2/plan.json,6210,ca030a16553dd22e80d1ed38c58f4723a9074d6fc2e1cb93c31a358a13f9179e,
pair-stage-probes-7392cb49-rsmoke2/cases/carry_b-v6e_teacher_lat-_opp_s911_pE2E_L3_Vcal/case.json,2647,164de6dfcbe0c7ab867181ea46325fbf85826b00c2d131d98ade2a2169ad0bfb,164de6dfcbe0c7ab867181ea46325fbf85826b00c2d131d98ade2a2169ad0bfb
pair-stage-probes-7392cb49-rsmoke2/cases/carry_b-v6e_teacher_lat-_opp_s911_pE2E_L3_Vcal/result.json,58018,f7720713efecce2c70b8e872bee473c7c9076cd3ab1b0dd0fddbde8bad6c6390,f7720713efecce2c70b8e872bee473c7c9076cd3ab1b0dd0fddbde8bad6c6390
pair-stage-probes-7392cb49-rsmoke2/cases/carry_b-v6e_teacher_lat-_opp_s911_pE2E_L1_Vcal/case.json,2648,0a15c408a1b2bcc28b7163ab768b3fd2d16c893ecf4d7cd753553d42aea53c8c,0a15c408a1b2bcc28b7163ab768b3fd2d16c893ecf4d7cd753553d42aea53c8c
pair-stage-probes-7392cb49-rsmoke2/cases/carry_b-v6e_teacher_lat-_opp_s911_pE2E_L1_Vcal/result.json,62423,7c722ff761739d64046d7e58a24cecee4caad97c0d37e64447f9bc1659024965,7c722ff761739d64046d7e58a24cecee4caad97c0d37e64447f9bc1659024965
pair-stage-probes-78332709-bound/manifest.json,159488,4e01544a72a1b898bee4c34c177c8cc8c859f793de02a0276f63fc41297fbbaa,
pair-stage-probes-78332709-bound/cases.jsonl,31306,baeef72b15ff6a03c33c6507c003dbfb6ec753779dd527aba40c827c3b903322,
pair-stage-probes-78332709-bound/artifacts.sha256.json,801591,9242276a80418db5b6b87fa3526a7012c27237262cc08bbb76fabda6775c178b,
pair-stage-probes-78332709-bound/plan.json,98355,3a59b79343b4a78c8de0fc830e054e4fe09f712d64623f8f367d269d95a5fb1d,
pair-stage-probes-78332709-bound2/manifest.json,159750,0ac56cc6029e6cde4f0686f2e844271af7a6f8eee45565cef54b813ff18607bf,
pair-stage-probes-78332709-bound2/cases.jsonl,18432,4c761f3b9d2e52edc031fc0266a89ea6f2291ec8b5cfa031af2a704df2206b63,
pair-stage-probes-78332709-bound2/artifacts.sha256.json,393707,e3cd9b1b8e2a35ea41a884ef3181bf0de11fed2636a68b16729e74ba6c398028,
pair-stage-probes-78332709-bound2/plan.json,38850,af277d5a9278302619d7ee404d612a18ef1a7bc99b25727b5c03ef230904c0ee,
pair-stage-probes-78332709-diagC/manifest.json,159772,9eacebc1869f5aa8935cd5f5968b047a14533ceeb47d22bf2a95ec36ca17a343,
pair-stage-probes-78332709-diagC/cases.jsonl,66078,393b48e7ec8cabe9f2054cdd3d16545b7a89bf63566adaa82902230de19579ae,
pair-stage-probes-78332709-diagC/artifacts.sha256.json,4929468,cbed44cf776690bf915bbec8b9d698bf384d0a0f492dabbf621db577ab0ab1b4,
pair-stage-probes-78332709-diagC/plan.json,151245,e006dc8186ac66f4ab4b61420b22f54b7a446f52b27a21a23535664d9ea30478,
pair-stage-probes-78332709-v5hctl/manifest.json,159796,47f3a4f9f37c766ac59627bc5f4d3d26bb456517fadf81e2da11aa65d8676c70,
pair-stage-probes-78332709-v5hctl/cases.jsonl,21798,a858fd3455704d37efd56a050bba91f6329db6e72f56d64db90914e272b54138,
pair-stage-probes-78332709-v5hctl/artifacts.sha256.json,2017397,8ebdaa3fa7774851fa42f6f47727d6eeed1bdb900723e1c3271623795288daaa,
pair-stage-probes-78332709-v5hctl/plan.json,45052,7ca0ccbfbbf28b29e08c40afde22b3b3c7c67ec1ab6b8e0074b7c2dde19b67ef,
pair-stage-probes-7cecaf9b-fcal2/manifest.json,166863,66d4038462cb16709ff23da9726ce83a5ef05e6e2355bfd1e036167452fcbeb1,
pair-stage-probes-7cecaf9b-fcal2/cases.jsonl,64907,711fc4215348e6435885117da2c7c313cb107efad2d7bff446f25394c875555e,711fc4215348e6435885117da2c7c313cb107efad2d7bff446f25394c875555e
pair-stage-probes-7cecaf9b-fcal2/artifacts.sha256.json,2468705,fb46fe22dc6ac2e1db2fd346852c9c3c2a242ccb26b89f09c0d068367fdb6e2c,
pair-stage-probes-7cecaf9b-fcal2/plan.json,62244,9bebb0f028135663fda34337601a68d6f254920a1d8f1bb0258eaf94e7ba45e1,
pair-stage-probes-7cecaf9b-fcal2/cases/carry_b-v6e_teacher_nominal_s911_pE2E_Vcal2/case.json,2635,d6314351325b811ebde5de7a0248ade6df2bddaca05d6ae08aeda04cfe5452f3,d6314351325b811ebde5de7a0248ade6df2bddaca05d6ae08aeda04cfe5452f3
pair-stage-probes-7cecaf9b-fcal2/cases/carry_b-v6e_teacher_nominal_s911_pE2E_Vcal2/result.json,57086,7905298c274a84bc6687046cd37158560e3463a2df708d336afe85a0f945c884,7905298c274a84bc6687046cd37158560e3463a2df708d336afe85a0f945c884
pair-stage-probes-7cecaf9b-fcal2/cases/carry_b-v6e_teacher_lat-_opp_s911_pE2E_Vcal2/case.json,2676,3436aef2ef4a718f1b64f78590ca370fe41ac790d491dec983de61b1bc1f12ae,3436aef2ef4a718f1b64f78590ca370fe41ac790d491dec983de61b1bc1f12ae
pair-stage-probes-7cecaf9b-fcal2/cases/carry_b-v6e_teacher_lat-_opp_s911_pE2E_Vcal2/result.json,56985,2dd8cb92d20752fa627553504bdb57f94f9d9c1e616690c0cfb2c2c2e51af4d2,2dd8cb92d20752fa627553504bdb57f94f9d9c1e616690c0cfb2c2c2e51af4d2
pair-stage-probes-7cecaf9b-fcal2/cases/carry_b-v6e_teacher_yaw+_same_s911_pE2E_Vcal2/case.json,2663,8432f8861a78957e14ce9d8a414e15d8dc67586b0e2b7ed0fb244981b0e00544,8432f8861a78957e14ce9d8a414e15d8dc67586b0e2b7ed0fb244981b0e00544
pair-stage-probes-7cecaf9b-fcal2/cases/carry_b-v6e_teacher_yaw+_same_s911_pE2E_Vcal2/result.json,56960,d4a841253cfafbbf4aeba39cc45b29d289d3cf2a40f39cff30e288e3d4ec3b33,d4a841253cfafbbf4aeba39cc45b29d289d3cf2a40f39cff30e288e3d4ec3b33
pair-stage-probes-7cecaf9b-fcal2/cases/carry_b-v6e_teacher_yaw-_opp_s911_pE2E_Vcal2/case.json,2663,88293cd0e1c51a22f101b96d2da69c0033a9562fa37abdbdb532cea1654b72cd,88293cd0e1c51a22f101b96d2da69c0033a9562fa37abdbdb532cea1654b72cd
pair-stage-probes-7cecaf9b-fcal2/cases/carry_b-v6e_teacher_yaw-_opp_s911_pE2E_Vcal2/result.json,56989,069ad3e96d4adde1744dd5042da895ae340783208987bea16b605071c224216c,069ad3e96d4adde1744dd5042da895ae340783208987bea16b605071c224216c
pair-stage-probes-7cecaf9b-fcal2/cases/carry_b-v6e_teacher_nominal_s911_pE2E_L1_Vcal2/case.json,2709,a0698be46a164c60513dc427b620f18ba49642460106035d3639ecc97e23a774,a0698be46a164c60513dc427b620f18ba49642460106035d3639ecc97e23a774
pair-stage-probes-7cecaf9b-fcal2/cases/carry_b-v6e_teacher_nominal_s911_pE2E_L1_Vcal2/result.json,62532,32b3cddd16b6c4ba49bde440f1a54873d031c273c263fd39770107b37f12d67d,32b3cddd16b6c4ba49bde440f1a54873d031c273c263fd39770107b37f12d67d
pair-stage-probes-7cecaf9b-fcal2/cases/carry_b-v6e_teacher_lat-_opp_s911_pE2E_L1_Vcal2/case.json,2750,6b6d84afeff84ea92ab27dbb0a23ce4fcff8276423dac8680c7b00387a646796,6b6d84afeff84ea92ab27dbb0a23ce4fcff8276423dac8680c7b00387a646796
pair-stage-probes-7cecaf9b-fcal2/cases/carry_b-v6e_teacher_lat-_opp_s911_pE2E_L1_Vcal2/result.json,55006,312d7c0b77b5ef9e9c876005343a644afd6b37ba315d9a5ca7b49cf39322e910,312d7c0b77b5ef9e9c876005343a644afd6b37ba315d9a5ca7b49cf39322e910
pair-stage-probes-7cecaf9b-fcal2/cases/carry_b-v6e_teacher_yaw+_same_s911_pE2E_L1_Vcal2/case.json,2737,095541c14d9c90932183ca7a8559b1d5b0603ca44cc188d12ee6ac03979173e5,095541c14d9c90932183ca7a8559b1d5b0603ca44cc188d12ee6ac03979173e5
pair-stage-probes-7cecaf9b-fcal2/cases/carry_b-v6e_teacher_yaw+_same_s911_pE2E_L1_Vcal2/result.json,62505,2252acc020191d31569f30e9356f4ca1f7bfea529ba36358682fb76931a82bf5,2252acc020191d31569f30e9356f4ca1f7bfea529ba36358682fb76931a82bf5
pair-stage-probes-7cecaf9b-fcal2/cases/carry_b-v6e_teacher_yaw-_opp_s911_pE2E_L1_Vcal2/case.json,2737,234062574f08e5dc2e330ae4acd7ebe8a1d953d64b50e319917bf43ed528fd19,234062574f08e5dc2e330ae4acd7ebe8a1d953d64b50e319917bf43ed528fd19
pair-stage-probes-7cecaf9b-fcal2/cases/carry_b-v6e_teacher_yaw-_opp_s911_pE2E_L1_Vcal2/result.json,62496,9e67e010832e3a5a9528becf7dcf542e3e96ab20f2c75a57cb1bbb662b565c8d,9e67e010832e3a5a9528becf7dcf542e3e96ab20f2c75a57cb1bbb662b565c8d
pair-stage-probes-7cecaf9b-fcal2/cases/carry_b-v6e_teacher_nominal_s911_pE2E_L2_Vcal2/case.json,2694,b5e04a4e75f8a50c95d6e2770f2209d51de110c952116627844bfec9b7decbb8,b5e04a4e75f8a50c95d6e2770f2209d51de110c952116627844bfec9b7decbb8
pair-stage-probes-7cecaf9b-fcal2/cases/carry_b-v6e_teacher_nominal_s911_pE2E_L2_Vcal2/result.json,59957,ca8cf4860828d55a799932a2f829770cdb55d5bc57896d31e3360797c8e29c69,ca8cf4860828d55a799932a2f829770cdb55d5bc57896d31e3360797c8e29c69
pair-stage-probes-7cecaf9b-fcal2/cases/carry_b-v6e_teacher_lat-_opp_s911_pE2E_L2_Vcal2/case.json,2735,64cb81ae1c9cf0be0051e94042355c3223b544f036ac9e0a7b686ea7088dfbb1,64cb81ae1c9cf0be0051e94042355c3223b544f036ac9e0a7b686ea7088dfbb1
pair-stage-probes-7cecaf9b-fcal2/cases/carry_b-v6e_teacher_lat-_opp_s911_pE2E_L2_Vcal2/result.json,59949,7ae061811aa2b9aba466bec2f924e5431d2b8e6f0791c76f175dbee09a1a85f1,7ae061811aa2b9aba466bec2f924e5431d2b8e6f0791c76f175dbee09a1a85f1
pair-stage-probes-7cecaf9b-fcal2/cases/carry_b-v6e_teacher_yaw+_same_s911_pE2E_L2_Vcal2/case.json,2722,70d8142e2d09f0306f667e84304b12aadacb8a12e883cbdd07d9aaff9200921c,70d8142e2d09f0306f667e84304b12aadacb8a12e883cbdd07d9aaff9200921c
pair-stage-probes-7cecaf9b-fcal2/cases/carry_b-v6e_teacher_yaw+_same_s911_pE2E_L2_Vcal2/result.json,59851,6886d8a003c8b2050b88e99dde8168c0816d156a8581d385d61d4e70dc6e02bc,6886d8a003c8b2050b88e99dde8168c0816d156a8581d385d61d4e70dc6e02bc
pair-stage-probes-7cecaf9b-fcal2/cases/carry_b-v6e_teacher_yaw-_opp_s911_pE2E_L2_Vcal2/case.json,2722,a46011edbd7fb0771bf005fe919a4e1139ed23d9b91b0bc9846b274f5412320d,a46011edbd7fb0771bf005fe919a4e1139ed23d9b91b0bc9846b274f5412320d
pair-stage-probes-7cecaf9b-fcal2/cases/carry_b-v6e_teacher_yaw-_opp_s911_pE2E_L2_Vcal2/result.json,59813,83d943afa61190665d1a225ed38bed92746487be1ebca130d90c43a0ec95f34d,83d943afa61190665d1a225ed38bed92746487be1ebca130d90c43a0ec95f34d
pair-stage-probes-7cecaf9b-fcal2/cases/carry_b-v6e_teacher_nominal_s911_pE2E_L3_Vcal2/case.json,2707,6694f81a3c3dceb4060739edfc1fc5a9433707752a409c1c83104d87631b970f,6694f81a3c3dceb4060739edfc1fc5a9433707752a409c1c83104d87631b970f
pair-stage-probes-7cecaf9b-fcal2/cases/carry_b-v6e_teacher_nominal_s911_pE2E_L3_Vcal2/result.json,58076,4a61d17e79c6931f1d63d82e77aa1bb34dd8c77636da1fd604648a8621ea6d17,4a61d17e79c6931f1d63d82e77aa1bb34dd8c77636da1fd604648a8621ea6d17
pair-stage-probes-7cecaf9b-fcal2/cases/carry_b-v6e_teacher_lat-_opp_s911_pE2E_L3_Vcal2/case.json,2748,2e4d8b6c8e8240308254670612049cf45f0f9f6c83a7ecb7d62cfd2e22506ab9,2e4d8b6c8e8240308254670612049cf45f0f9f6c83a7ecb7d62cfd2e22506ab9
pair-stage-probes-7cecaf9b-fcal2/cases/carry_b-v6e_teacher_lat-_opp_s911_pE2E_L3_Vcal2/result.json,57995,92b94f36a8eb46645b9a0b9969c29112170729e0dc2418a39e7f36d2852f0dcc,92b94f36a8eb46645b9a0b9969c29112170729e0dc2418a39e7f36d2852f0dcc
pair-stage-probes-7cecaf9b-fcal2/cases/carry_b-v6e_teacher_yaw+_same_s911_pE2E_L3_Vcal2/case.json,2735,393a1ffcbff6dec4aa4bd65ffe1be48d3adaf5eaf6248698918c927c9d6894f8,393a1ffcbff6dec4aa4bd65ffe1be48d3adaf5eaf6248698918c927c9d6894f8
pair-stage-probes-7cecaf9b-fcal2/cases/carry_b-v6e_teacher_yaw+_same_s911_pE2E_L3_Vcal2/result.json,58001,fa8bb950d06a1159787b91d92d78198f67e32a6dab444a8a567bd21e2c117b20,fa8bb950d06a1159787b91d92d78198f67e32a6dab444a8a567bd21e2c117b20
pair-stage-probes-7cecaf9b-fcal2/cases/carry_b-v6e_teacher_yaw-_opp_s911_pE2E_L3_Vcal2/case.json,2735,6256312504fb009beed5f0b7f4b6ee54a67418a161387d3f97631194efbcc723,6256312504fb009beed5f0b7f4b6ee54a67418a161387d3f97631194efbcc723
pair-stage-probes-7cecaf9b-fcal2/cases/carry_b-v6e_teacher_yaw-_opp_s911_pE2E_L3_Vcal2/result.json,58009,1f4ea5995e2cba4fb8266e8a4b6c9ba626aab7e3671b5dd380350a90f674a617,1f4ea5995e2cba4fb8266e8a4b6c9ba626aab7e3671b5dd380350a90f674a617
pair-stage-probes-7cecaf9b-fcal2/cases/carry_b-v6e_teacher_nominal_s911_pE2E_L6_Vcal2/case.json,2682,b0dab4db8e91ed8715fe342c312ff246a62345a940e2feff507c7db94227f1d1,b0dab4db8e91ed8715fe342c312ff246a62345a940e2feff507c7db94227f1d1
pair-stage-probes-7cecaf9b-fcal2/cases/carry_b-v6e_teacher_nominal_s911_pE2E_L6_Vcal2/result.json,58505,c5e82be2ad189f69dd63b13e292e06fb22e3686a94092db13a2745cd4f3119bc,c5e82be2ad189f69dd63b13e292e06fb22e3686a94092db13a2745cd4f3119bc
pair-stage-probes-7cecaf9b-fcal2/cases/carry_b-v6e_teacher_lat-_opp_s911_pE2E_L6_Vcal2/case.json,2695,56f98b53d08681be942c1c29a946611084351e669461b17f549baa609869575f,56f98b53d08681be942c1c29a946611084351e669461b17f549baa609869575f
pair-stage-probes-7cecaf9b-fcal2/cases/carry_b-v6e_teacher_lat-_opp_s911_pE2E_L6_Vcal2/result.json,58455,64612c399825fe9a4e76e74b6f78778ffa4dfef79f81d67c7654f3633de577ca,64612c399825fe9a4e76e74b6f78778ffa4dfef79f81d67c7654f3633de577ca
pair-stage-probes-7cecaf9b-fcal2/cases/carry_b-v6e_teacher_yaw+_same_s911_pE2E_L6_Vcal2/case.json,2710,4e0458d63a38dd52d900b0fc57981f50af608ba930b62f922980b87bc5cce47a,4e0458d63a38dd52d900b0fc57981f50af608ba930b62f922980b87bc5cce47a
pair-stage-probes-7cecaf9b-fcal2/cases/carry_b-v6e_teacher_yaw+_same_s911_pE2E_L6_Vcal2/result.json,58430,4a94414322e09031f33980bd65ccb136b71603ad0d48572a62ee1e548dc87945,4a94414322e09031f33980bd65ccb136b71603ad0d48572a62ee1e548dc87945
pair-stage-probes-7cecaf9b-fcal2/cases/carry_b-v6e_teacher_yaw-_opp_s911_pE2E_L6_Vcal2/case.json,2710,21dffd058c1110357378d3824fc574463f3553493fa26154d3d2fb7328d771fe,21dffd058c1110357378d3824fc574463f3553493fa26154d3d2fb7328d771fe
pair-stage-probes-7cecaf9b-fcal2/cases/carry_b-v6e_teacher_yaw-_opp_s911_pE2E_L6_Vcal2/result.json,58424,8e42f5104766e0f91090088be4ebbbd42ba10602848c580cdb68494ebcb80df7,8e42f5104766e0f91090088be4ebbbd42ba10602848c580cdb68494ebcb80df7
pair-stage-probes-7cecaf9b-fcal3/manifest.json,166864,88d242777ac1b9c06fc39062b668f6dee58903d2dc8c591d962c98fa6f016a8b,
pair-stage-probes-7cecaf9b-fcal3/cases.jsonl,64910,e0f7bec2cfa029bcb7dbd27337b638cabb36cb73b3c2ef4ced5653c90a1061d3,
pair-stage-probes-7cecaf9b-fcal3/artifacts.sha256.json,2427320,8da68abdbf1a4d0acab8fe2f71d83ecfe55b244b5eef1e172d967e700da76d04,
pair-stage-probes-7cecaf9b-fcal3/plan.json,62621,697e3b169a7a673ebb0e7ebba0e5da420bdd02c4f40e12fe77e76d22e9d820bd,
pair-stage-probes-7cecaf9b-fcal3/cases/carry_b-v6e_teacher_lat-_opp_s911_pE2E_Vcal3/case.json,2700,e431397bd22be09d1c0b12804ce72b23fc2e6fb73484017e99a3322672860ad8,e431397bd22be09d1c0b12804ce72b23fc2e6fb73484017e99a3322672860ad8
pair-stage-probes-7cecaf9b-fcal3/cases/carry_b-v6e_teacher_lat-_opp_s911_pE2E_Vcal3/result.json,46494,7407165fbf11f69f15a8584ed95a9d6dd01421f209e1f9b7029d1202694b3757,7407165fbf11f69f15a8584ed95a9d6dd01421f209e1f9b7029d1202694b3757
pair-stage-probes-7cecaf9b-fcal3/cases/carry_b-v6e_teacher_nominal_s911_pE2E_Vcal3/case.json,2688,ebcb7cfd3eb7e68d719999e27ed62588e3d0c01584cffce886f3ec883da7a875,ebcb7cfd3eb7e68d719999e27ed62588e3d0c01584cffce886f3ec883da7a875
pair-stage-probes-7cecaf9b-fcal3/cases/carry_b-v6e_teacher_nominal_s911_pE2E_Vcal3/result.json,54556,29a36ba0c5538703ac2c684cd8f83d40ebb6967332b455ac8fd3bc9c4fe452e5,29a36ba0c5538703ac2c684cd8f83d40ebb6967332b455ac8fd3bc9c4fe452e5
pair-stage-probes-7cecaf9b-fcal3/cases/carry_b-v6e_teacher_yaw-_opp_s911_pE2E_Vcal3/case.json,2701,30a6839bdcce835406442cb6418f579edbf26ed07aeeb074e6c6ffae377e9020,30a6839bdcce835406442cb6418f579edbf26ed07aeeb074e6c6ffae377e9020
pair-stage-probes-7cecaf9b-fcal3/cases/carry_b-v6e_teacher_yaw-_opp_s911_pE2E_Vcal3/result.json,54448,ef9ef6d27f6258fc7e98a8db73894571a315af93f13af5690e33abf4cbdfab1c,ef9ef6d27f6258fc7e98a8db73894571a315af93f13af5690e33abf4cbdfab1c
pair-stage-probes-7cecaf9b-fcal3/cases/carry_b-v6e_teacher_yaw+_same_s911_pE2E_Vcal3/case.json,2699,69e999a3f852e52728742524506e94d57437a63cd81ba150a1dd4d86f9bea324,69e999a3f852e52728742524506e94d57437a63cd81ba150a1dd4d86f9bea324
pair-stage-probes-7cecaf9b-fcal3/cases/carry_b-v6e_teacher_yaw+_same_s911_pE2E_Vcal3/result.json,54482,269df0b783ff8305381ac2dad2837d8a917a64fba1828870d0f67d03c1ef7c42,269df0b783ff8305381ac2dad2837d8a917a64fba1828870d0f67d03c1ef7c42
pair-stage-probes-7cecaf9b-fcal3/cases/carry_b-v6e_teacher_nominal_s911_pE2E_L1_Vcal3/case.json,2743,270ac4d0152ac6ce0425c5fcf97e6db3a7fdd68c4e24cc0cf37a2578a73c6ae4,270ac4d0152ac6ce0425c5fcf97e6db3a7fdd68c4e24cc0cf37a2578a73c6ae4
pair-stage-probes-7cecaf9b-fcal3/cases/carry_b-v6e_teacher_nominal_s911_pE2E_L1_Vcal3/result.json,62494,64ac3e83c0f2d8fb8d7e00e277ba7b5a0de4a6244e45086e8c9302ce2d0374ee,64ac3e83c0f2d8fb8d7e00e277ba7b5a0de4a6244e45086e8c9302ce2d0374ee
pair-stage-probes-7cecaf9b-fcal3/cases/carry_b-v6e_teacher_lat-_opp_s911_pE2E_L1_Vcal3/case.json,2754,bd5b4e2fdd57933cea237f613fcbb1c6bdfa58b5cc15e9db735c7535dcfd3fc5,bd5b4e2fdd57933cea237f613fcbb1c6bdfa58b5cc15e9db735c7535dcfd3fc5
pair-stage-probes-7cecaf9b-fcal3/cases/carry_b-v6e_teacher_lat-_opp_s911_pE2E_L1_Vcal3/result.json,62488,ea45f3e0b28ae23e9258bd99a159da10f1878776aa0db1d01c4f6dbf8a4b46ff,ea45f3e0b28ae23e9258bd99a159da10f1878776aa0db1d01c4f6dbf8a4b46ff
pair-stage-probes-7cecaf9b-fcal3/cases/carry_b-v6e_teacher_yaw+_same_s911_pE2E_L1_Vcal3/case.json,2754,60c5644b594e53f4bd8d809731faac92f8762596e1a66938eaf1d1609b3d4fd5,60c5644b594e53f4bd8d809731faac92f8762596e1a66938eaf1d1609b3d4fd5
pair-stage-probes-7cecaf9b-fcal3/cases/carry_b-v6e_teacher_yaw+_same_s911_pE2E_L1_Vcal3/result.json,62499,cb209be344bfa21bdd5e4f7a1fe5d0993b6ae4be9606c2d6dd4109ab76e35d0b,cb209be344bfa21bdd5e4f7a1fe5d0993b6ae4be9606c2d6dd4109ab76e35d0b
pair-stage-probes-7cecaf9b-fcal3/cases/carry_b-v6e_teacher_yaw-_opp_s911_pE2E_L1_Vcal3/case.json,2756,c60e97e3c711516923d73916927657f0150596dcc58401ff18a99e578e1586d6,c60e97e3c711516923d73916927657f0150596dcc58401ff18a99e578e1586d6
pair-stage-probes-7cecaf9b-fcal3/cases/carry_b-v6e_teacher_yaw-_opp_s911_pE2E_L1_Vcal3/result.json,62511,16667c29d649fd90f08e9b745c65c72055f484d3856fced4da71feec5a721aae,16667c29d649fd90f08e9b745c65c72055f484d3856fced4da71feec5a721aae
pair-stage-probes-7cecaf9b-fcal3/cases/carry_b-v6e_teacher_nominal_s911_pE2E_L2_Vcal3/case.json,2729,623cd9236de4bdcf10bd3e69b6954fa33c9c3214dbb20715d56f76fb3f521a09,623cd9236de4bdcf10bd3e69b6954fa33c9c3214dbb20715d56f76fb3f521a09
pair-stage-probes-7cecaf9b-fcal3/cases/carry_b-v6e_teacher_nominal_s911_pE2E_L2_Vcal3/result.json,59964,e2bcc208a0d345ea4ee1e872d9f9c878e33142f0f39d710452e56f2ddbedb66c,e2bcc208a0d345ea4ee1e872d9f9c878e33142f0f39d710452e56f2ddbedb66c
pair-stage-probes-7cecaf9b-fcal3/cases/carry_b-v6e_teacher_lat-_opp_s911_pE2E_L2_Vcal3/case.json,2740,616666ee56819d4083738b7e441d749d6927b3a88be2406eee1d2499fdae906d,616666ee56819d4083738b7e441d749d6927b3a88be2406eee1d2499fdae906d
pair-stage-probes-7cecaf9b-fcal3/cases/carry_b-v6e_teacher_lat-_opp_s911_pE2E_L2_Vcal3/result.json,59929,b45f774f2d76bf2b2d54527221e0c44b5e720e3423d33bcf93433e7c3d7c6d00,b45f774f2d76bf2b2d54527221e0c44b5e720e3423d33bcf93433e7c3d7c6d00
pair-stage-probes-7cecaf9b-fcal3/cases/carry_b-v6e_teacher_yaw+_same_s911_pE2E_L2_Vcal3/case.json,2740,e0a2babde09de1d3dda15935e9b8d94e7b5aed08d1d182751d5d857229a3d1f5,e0a2babde09de1d3dda15935e9b8d94e7b5aed08d1d182751d5d857229a3d1f5
pair-stage-probes-7cecaf9b-fcal3/cases/carry_b-v6e_teacher_yaw+_same_s911_pE2E_L2_Vcal3/result.json,59961,fbe61fbaacda84294e701996c33607c1df174b2c896292a1017f875beae4b0c0,fbe61fbaacda84294e701996c33607c1df174b2c896292a1017f875beae4b0c0
pair-stage-probes-7cecaf9b-fcal3/cases/carry_b-v6e_teacher_yaw-_opp_s911_pE2E_L2_Vcal3/case.json,2742,1cb37003b6976d502cd8e9a9b7b370e17a28441d50a6e2e7e674d143fa0f7af7,1cb37003b6976d502cd8e9a9b7b370e17a28441d50a6e2e7e674d143fa0f7af7
pair-stage-probes-7cecaf9b-fcal3/cases/carry_b-v6e_teacher_yaw-_opp_s911_pE2E_L2_Vcal3/result.json,59951,29afd0b53528a4c4f595a9e3517cf7fa849a715b4bf2cba71095c05d8fa59b9c,29afd0b53528a4c4f595a9e3517cf7fa849a715b4bf2cba71095c05d8fa59b9c
pair-stage-probes-7cecaf9b-fcal3/cases/carry_b-v6e_teacher_nominal_s911_pE2E_L3_Vcal3/case.json,2716,8e0d85264a0a270a890a4ed29668f57af0b9bd0080d1796b1a4d804bf04e67f2,8e0d85264a0a270a890a4ed29668f57af0b9bd0080d1796b1a4d804bf04e67f2
pair-stage-probes-7cecaf9b-fcal3/cases/carry_b-v6e_teacher_nominal_s911_pE2E_L3_Vcal3/result.json,58008,b84f33ac0de8b9fc5670d9026e2a69b9825388290464008ddd16e11465ba787d,b84f33ac0de8b9fc5670d9026e2a69b9825388290464008ddd16e11465ba787d
pair-stage-probes-7cecaf9b-fcal3/cases/carry_b-v6e_teacher_lat-_opp_s911_pE2E_L3_Vcal3/case.json,2728,1e66e3249e8ae935fb167717a3c7ccda7cc1f1db629cd901220e88a47ff73663,1e66e3249e8ae935fb167717a3c7ccda7cc1f1db629cd901220e88a47ff73663
pair-stage-probes-7cecaf9b-fcal3/cases/carry_b-v6e_teacher_lat-_opp_s911_pE2E_L3_Vcal3/result.json,57991,0ecfed07838c1360671ee4ead9c2a86206bc3cd9623d83d12286bafbb57e6e97,0ecfed07838c1360671ee4ead9c2a86206bc3cd9623d83d12286bafbb57e6e97
pair-stage-probes-7cecaf9b-fcal3/cases/carry_b-v6e_teacher_yaw+_same_s911_pE2E_L3_Vcal3/case.json,2727,de184e8900fc97c3f5f3d075adb4e88ce4fbd10369f9b4462777a37c41c8c1af,de184e8900fc97c3f5f3d075adb4e88ce4fbd10369f9b4462777a37c41c8c1af
pair-stage-probes-7cecaf9b-fcal3/cases/carry_b-v6e_teacher_yaw+_same_s911_pE2E_L3_Vcal3/result.json,57939,244afe123e3878f9eaafeeb726c3f4dc15f73e930b3ffe91b05e580740fffc2a,244afe123e3878f9eaafeeb726c3f4dc15f73e930b3ffe91b05e580740fffc2a
pair-stage-probes-7cecaf9b-fcal3/cases/carry_b-v6e_teacher_yaw-_opp_s911_pE2E_L3_Vcal3/case.json,2729,e3daf011715faf202257a3a7a2638f64a285231238d7e3666fcb565045110787,e3daf011715faf202257a3a7a2638f64a285231238d7e3666fcb565045110787
pair-stage-probes-7cecaf9b-fcal3/cases/carry_b-v6e_teacher_yaw-_opp_s911_pE2E_L3_Vcal3/result.json,57973,5bc4c476f36c597cf5c944479d1125d2c9de096f84a2b324dd0e320f7c2f53e4,5bc4c476f36c597cf5c944479d1125d2c9de096f84a2b324dd0e320f7c2f53e4
pair-stage-probes-7cecaf9b-fcal3/cases/carry_b-v6e_teacher_nominal_s911_pE2E_L6_Vcal3/case.json,2715,343f4ab86873e5eae007029b071db56b67e24c4a2e25cd3ca304f2bfcbaadd7b,343f4ab86873e5eae007029b071db56b67e24c4a2e25cd3ca304f2bfcbaadd7b
pair-stage-probes-7cecaf9b-fcal3/cases/carry_b-v6e_teacher_nominal_s911_pE2E_L6_Vcal3/result.json,58499,6ed341c60b9a2fe54014ae9cb93c1467e1472762c693aeeb82277274f48ef980,6ed341c60b9a2fe54014ae9cb93c1467e1472762c693aeeb82277274f48ef980
pair-stage-probes-7cecaf9b-fcal3/cases/carry_b-v6e_teacher_lat-_opp_s911_pE2E_L6_Vcal3/case.json,2727,79c532afe859a2a7e1088a99e8e532e8c3141be6646bbce3f8b2f850cec8a8fa,79c532afe859a2a7e1088a99e8e532e8c3141be6646bbce3f8b2f850cec8a8fa
pair-stage-probes-7cecaf9b-fcal3/cases/carry_b-v6e_teacher_lat-_opp_s911_pE2E_L6_Vcal3/result.json,58407,c25191fd81368e25e4d2285d5ee18431537012222e7a381edd43e5cbb75d2375,c25191fd81368e25e4d2285d5ee18431537012222e7a381edd43e5cbb75d2375
pair-stage-probes-7cecaf9b-fcal3/cases/carry_b-v6e_teacher_yaw+_same_s911_pE2E_L6_Vcal3/case.json,2726,129d718fd6d3a441ace095439a672a4b965f7e327b25d51725106b5a162ca307,129d718fd6d3a441ace095439a672a4b965f7e327b25d51725106b5a162ca307
pair-stage-probes-7cecaf9b-fcal3/cases/carry_b-v6e_teacher_yaw+_same_s911_pE2E_L6_Vcal3/result.json,58414,75bdd3b8c397fffedf677f2e10dd0e944f383a4aefe8fd300f1be2c09b4df24b,75bdd3b8c397fffedf677f2e10dd0e944f383a4aefe8fd300f1be2c09b4df24b
pair-stage-probes-7cecaf9b-fcal3/cases/carry_b-v6e_teacher_yaw-_opp_s911_pE2E_L6_Vcal3/case.json,2728,896fd01ae080953a9d083d932d3adf35bcd3ec342a22dba73a8cd6a0639ac4fb,896fd01ae080953a9d083d932d3adf35bcd3ec342a22dba73a8cd6a0639ac4fb
pair-stage-probes-7cecaf9b-fcal3/cases/carry_b-v6e_teacher_yaw-_opp_s911_pE2E_L6_Vcal3/result.json,58444,ea33a53a4d59cfc89981415ed04e174c117932d6d4e4187358be3e24dd2d49ac,ea33a53a4d59cfc89981415ed04e174c117932d6d4e4187358be3e24dd2d49ac
pair-stage-probes-7cecaf9b-fcal4/manifest.json,166870,0e2c1ad26e4d23433174b9786d59205acd282a0daf121c3b26033e141fd49544,
pair-stage-probes-7cecaf9b-fcal4/cases.jsonl,64468,81d4738c7ea0a6dd2090ff361df448764611349945c43290e0476c2920f8b2d8,
pair-stage-probes-7cecaf9b-fcal4/artifacts.sha256.json,2196771,85dd9954dd473b3810743584481594091cf309ff25202ed2818c6f06f649e34b,
pair-stage-probes-7cecaf9b-fcal4/plan.json,62641,86aa856e3f14919dcf2667340f38a2bae7dd4ac298bd9d20bea197e6e75f13e4,
pair-stage-probes-7cecaf9b-fcal4/cases/carry_b-v6e_teacher_nominal_s911_pE2E_Vcal4/case.json,2684,7b5535c2e7e9ae2cfdf1c7c00308c6ad027ab79f2656bb0743a3a831788edd37,7b5535c2e7e9ae2cfdf1c7c00308c6ad027ab79f2656bb0743a3a831788edd37
pair-stage-probes-7cecaf9b-fcal4/cases/carry_b-v6e_teacher_nominal_s911_pE2E_Vcal4/result.json,54548,7708b3584d7e5f53c3f53a8e9f9bb3a3598cfd46335613b0dc0ea603b0fd7730,7708b3584d7e5f53c3f53a8e9f9bb3a3598cfd46335613b0dc0ea603b0fd7730
pair-stage-probes-7cecaf9b-fcal4/cases/carry_b-v6e_teacher_lat-_opp_s911_pE2E_Vcal4/case.json,2695,68ba1b93e4b1e77afbea94030102dec5db276aa89be18a85551c99ef762ebc4f,68ba1b93e4b1e77afbea94030102dec5db276aa89be18a85551c99ef762ebc4f
pair-stage-probes-7cecaf9b-fcal4/cases/carry_b-v6e_teacher_lat-_opp_s911_pE2E_Vcal4/result.json,54412,90ee7bab126459406e50cace9138856bc69bf38ea9925771efd6b90555b3d94a,90ee7bab126459406e50cace9138856bc69bf38ea9925771efd6b90555b3d94a
pair-stage-probes-7cecaf9b-fcal4/cases/carry_b-v6e_teacher_yaw+_same_s911_pE2E_Vcal4/case.json,2697,3da48f08657fe5e68e915c3db2fa606efc191f84b72fb55b61b2315f399195e0,3da48f08657fe5e68e915c3db2fa606efc191f84b72fb55b61b2315f399195e0
pair-stage-probes-7cecaf9b-fcal4/cases/carry_b-v6e_teacher_yaw+_same_s911_pE2E_Vcal4/result.json,54463,ce77a1604f63cec26551dc0dc02f1a0e6f8c4d8e97bb3e971ccfcbdb72ba35dc,ce77a1604f63cec26551dc0dc02f1a0e6f8c4d8e97bb3e971ccfcbdb72ba35dc
pair-stage-probes-7cecaf9b-fcal4/cases/carry_b-v6e_teacher_yaw-_opp_s911_pE2E_Vcal4/case.json,2695,48be6c907dfdc744337a301ce7f4bac42b5ce188d9ca1068dcf9bd7670af8cc5,48be6c907dfdc744337a301ce7f4bac42b5ce188d9ca1068dcf9bd7670af8cc5
pair-stage-probes-7cecaf9b-fcal4/cases/carry_b-v6e_teacher_yaw-_opp_s911_pE2E_Vcal4/result.json,54458,d07551a93c55d86e740a1b936e54fa195eb06de2c4e95c30469ca19bb17b02cd,d07551a93c55d86e740a1b936e54fa195eb06de2c4e95c30469ca19bb17b02cd
pair-stage-probes-7cecaf9b-fcal4/cases/carry_b-v6e_teacher_nominal_s911_pE2E_L1_Vcal4/case.json,2742,bc1fe4453d5fa5d941329631c9d6aedd1a4d148a83dc233f1a4f3c2aeb6ae83a,bc1fe4453d5fa5d941329631c9d6aedd1a4d148a83dc233f1a4f3c2aeb6ae83a
pair-stage-probes-7cecaf9b-fcal4/cases/carry_b-v6e_teacher_nominal_s911_pE2E_L1_Vcal4/result.json,25932,01e49ce799083d2a2145b2648a50c6f81a24f27513d400f261a903f4d88475fd,01e49ce799083d2a2145b2648a50c6f81a24f27513d400f261a903f4d88475fd
pair-stage-probes-7cecaf9b-fcal4/cases/carry_b-v6e_teacher_lat-_opp_s911_pE2E_L1_Vcal4/case.json,2752,19f4dcfc6525ebd9a4dc56029cc73f3d81ceaf5a6c5c89772517bf7016f38bb4,19f4dcfc6525ebd9a4dc56029cc73f3d81ceaf5a6c5c89772517bf7016f38bb4
pair-stage-probes-7cecaf9b-fcal4/cases/carry_b-v6e_teacher_lat-_opp_s911_pE2E_L1_Vcal4/result.json,25831,1375c8a409586a4c2a2793b92099cf0014fa702db72752df787742708762e9b3,1375c8a409586a4c2a2793b92099cf0014fa702db72752df787742708762e9b3
pair-stage-probes-7cecaf9b-fcal4/cases/carry_b-v6e_teacher_yaw+_same_s911_pE2E_L1_Vcal4/case.json,2755,626518df873cb69c9c81f1e223ae8dd9eb75fee11b902c11d6dfba6efec279de,626518df873cb69c9c81f1e223ae8dd9eb75fee11b902c11d6dfba6efec279de
pair-stage-probes-7cecaf9b-fcal4/cases/carry_b-v6e_teacher_yaw+_same_s911_pE2E_L1_Vcal4/result.json,62521,3e5f374cf8022fe2a8082c696977131fa96f0ed37dd195adf3eb767d822909df,3e5f374cf8022fe2a8082c696977131fa96f0ed37dd195adf3eb767d822909df
pair-stage-probes-7cecaf9b-fcal4/cases/carry_b-v6e_teacher_yaw-_opp_s911_pE2E_L1_Vcal4/case.json,2753,babea071dfe4ce494da0f778ddf2f2d9d2e873c56f1d5a055d838591407e633b,babea071dfe4ce494da0f778ddf2f2d9d2e873c56f1d5a055d838591407e633b
pair-stage-probes-7cecaf9b-fcal4/cases/carry_b-v6e_teacher_yaw-_opp_s911_pE2E_L1_Vcal4/result.json,62525,3354ad4b2a625041e8af5d99f6234be9c074b9bad14e9f7f65cf7cf4dd67110b,3354ad4b2a625041e8af5d99f6234be9c074b9bad14e9f7f65cf7cf4dd67110b
pair-stage-probes-7cecaf9b-fcal4/cases/carry_b-v6e_teacher_nominal_s911_pE2E_L2_Vcal4/case.json,2743,78e163ba891852e7bd6b19cb10f0d9c67f486bed89e2adba80c15c4c1f8d93f9,78e163ba891852e7bd6b19cb10f0d9c67f486bed89e2adba80c15c4c1f8d93f9
pair-stage-probes-7cecaf9b-fcal4/cases/carry_b-v6e_teacher_nominal_s911_pE2E_L2_Vcal4/result.json,60471,fd6e936b073992975c963ee82ad3dcfe587d8e4f1b2bad2963403a2bd99cd2b8,fd6e936b073992975c963ee82ad3dcfe587d8e4f1b2bad2963403a2bd99cd2b8
pair-stage-probes-7cecaf9b-fcal4/cases/carry_b-v6e_teacher_lat-_opp_s911_pE2E_L2_Vcal4/case.json,2753,dd0923159c7415719d5262adf0c75b4f2db4388660ccca186331d2b4ab19d5b9,dd0923159c7415719d5262adf0c75b4f2db4388660ccca186331d2b4ab19d5b9
pair-stage-probes-7cecaf9b-fcal4/cases/carry_b-v6e_teacher_lat-_opp_s911_pE2E_L2_Vcal4/result.json,60474,ab86ef64f81daa9337935080666437dd724b558022532cf466b4ba73ce300ab0,ab86ef64f81daa9337935080666437dd724b558022532cf466b4ba73ce300ab0
pair-stage-probes-7cecaf9b-fcal4/cases/carry_b-v6e_teacher_yaw+_same_s911_pE2E_L2_Vcal4/case.json,2756,703b0eff514bf8393ea1e6e1ef367a3f79ad0a76534fcf888a53671b45bf8e43,703b0eff514bf8393ea1e6e1ef367a3f79ad0a76534fcf888a53671b45bf8e43
pair-stage-probes-7cecaf9b-fcal4/cases/carry_b-v6e_teacher_yaw+_same_s911_pE2E_L2_Vcal4/result.json,60463,933e462bc75db7213196b9f7f24701d4109b369da4c6a21393e91cab1dc3a5e7,933e462bc75db7213196b9f7f24701d4109b369da4c6a21393e91cab1dc3a5e7
pair-stage-probes-7cecaf9b-fcal4/cases/carry_b-v6e_teacher_yaw-_opp_s911_pE2E_L2_Vcal4/case.json,2754,ba951f4dcc483f06cd29a2e1d33f7ae186f82d879a841e8da60afa3010241691,ba951f4dcc483f06cd29a2e1d33f7ae186f82d879a841e8da60afa3010241691
pair-stage-probes-7cecaf9b-fcal4/cases/carry_b-v6e_teacher_yaw-_opp_s911_pE2E_L2_Vcal4/result.json,60518,d310b97e0ef5de8a10be03d0b2883aa1fa3d29534c078a2876a1e3aebeeed3bc,d310b97e0ef5de8a10be03d0b2883aa1fa3d29534c078a2876a1e3aebeeed3bc
pair-stage-probes-7cecaf9b-fcal4/cases/carry_b-v6e_teacher_nominal_s911_pE2E_L3_Vcal4/case.json,2728,b43f22d2aee681f1d630246d870989346f10341020c547b0df3a61bd107ab3fe,b43f22d2aee681f1d630246d870989346f10341020c547b0df3a61bd107ab3fe
pair-stage-probes-7cecaf9b-fcal4/cases/carry_b-v6e_teacher_nominal_s911_pE2E_L3_Vcal4/result.json,58050,6edc91a30edde812df7f4b3faf650754c1b168f5aa7f700baa853ec3f5285bde,6edc91a30edde812df7f4b3faf650754c1b168f5aa7f700baa853ec3f5285bde
pair-stage-probes-7cecaf9b-fcal4/cases/carry_b-v6e_teacher_lat-_opp_s911_pE2E_L3_Vcal4/case.json,2738,037c0f12b6ad271c1062b2922f4143eb7093ca66902e1d83ba983b650da745db,037c0f12b6ad271c1062b2922f4143eb7093ca66902e1d83ba983b650da745db
pair-stage-probes-7cecaf9b-fcal4/cases/carry_b-v6e_teacher_lat-_opp_s911_pE2E_L3_Vcal4/result.json,57979,5800e08311ed7e0643eb0686473ecdb59ec8def7b579e3c95270dd8466440c39,5800e08311ed7e0643eb0686473ecdb59ec8def7b579e3c95270dd8466440c39
pair-stage-probes-7cecaf9b-fcal4/cases/carry_b-v6e_teacher_yaw+_same_s911_pE2E_L3_Vcal4/case.json,2741,cdc48181956725cc8004f56bed85b91eaa2c7de9237e0e64b72b65b51a502a96,cdc48181956725cc8004f56bed85b91eaa2c7de9237e0e64b72b65b51a502a96
pair-stage-probes-7cecaf9b-fcal4/cases/carry_b-v6e_teacher_yaw+_same_s911_pE2E_L3_Vcal4/result.json,58032,7faae404c4e9bb00ba1782931ae3561cd0c19d6855f80a10e0a018492587b45c,7faae404c4e9bb00ba1782931ae3561cd0c19d6855f80a10e0a018492587b45c
pair-stage-probes-7cecaf9b-fcal4/cases/carry_b-v6e_teacher_yaw-_opp_s911_pE2E_L3_Vcal4/case.json,2739,81f518ab2892d8dfe5c02a7e905b6ed2d88eb0a7f371a5e6f0f6e6bf3542e0ea,81f518ab2892d8dfe5c02a7e905b6ed2d88eb0a7f371a5e6f0f6e6bf3542e0ea
pair-stage-probes-7cecaf9b-fcal4/cases/carry_b-v6e_teacher_yaw-_opp_s911_pE2E_L3_Vcal4/result.json,58008,750f0311367d39bb4507d4b2c6e281aa545e42c37215e776406cced403d7b39c,750f0311367d39bb4507d4b2c6e281aa545e42c37215e776406cced403d7b39c
pair-stage-probes-7cecaf9b-fcal4/cases/carry_b-v6e_teacher_nominal_s911_pE2E_L6_Vcal4/case.json,2701,9ddd2a4eca350290eb84298257e96cff8db5348161fe73cca6c2f649f5e763bd,9ddd2a4eca350290eb84298257e96cff8db5348161fe73cca6c2f649f5e763bd
pair-stage-probes-7cecaf9b-fcal4/cases/carry_b-v6e_teacher_nominal_s911_pE2E_L6_Vcal4/result.json,58509,c0c4d5e005dc3a49797f9c8ac449da13c34d59715279355ef0774c22305dd0ff,c0c4d5e005dc3a49797f9c8ac449da13c34d59715279355ef0774c22305dd0ff
pair-stage-probes-7cecaf9b-fcal4/cases/carry_b-v6e_teacher_lat-_opp_s911_pE2E_L6_Vcal4/case.json,2710,bd44b9909ec60d2aa8a045901792bfca3cb4b23a005ce46b71f64aa445846147,bd44b9909ec60d2aa8a045901792bfca3cb4b23a005ce46b71f64aa445846147
pair-stage-probes-7cecaf9b-fcal4/cases/carry_b-v6e_teacher_lat-_opp_s911_pE2E_L6_Vcal4/result.json,58409,ddb74da9b74a97768cade1447bbe4bf997a46e12facf0cee66981875f41c5403,ddb74da9b74a97768cade1447bbe4bf997a46e12facf0cee66981875f41c5403
pair-stage-probes-7cecaf9b-fcal4/cases/carry_b-v6e_teacher_yaw+_same_s911_pE2E_L6_Vcal4/case.json,2714,12c2e1af0ab09e7f6b5299432f0ad1e4dbd5bf087b8b41d8611f5f76c312c727,12c2e1af0ab09e7f6b5299432f0ad1e4dbd5bf087b8b41d8611f5f76c312c727
pair-stage-probes-7cecaf9b-fcal4/cases/carry_b-v6e_teacher_yaw+_same_s911_pE2E_L6_Vcal4/result.json,58442,204b642f596ed10127b64c66685f8b9570fe76897dd1da33a9e5c6f268eb1d37,204b642f596ed10127b64c66685f8b9570fe76897dd1da33a9e5c6f268eb1d37
pair-stage-probes-7cecaf9b-fcal4/cases/carry_b-v6e_teacher_yaw-_opp_s911_pE2E_L6_Vcal4/case.json,2712,1cf3e826c3184ccbaef480012d7dea566e401a118bf9e67e637e4b00249294ad,1cf3e826c3184ccbaef480012d7dea566e401a118bf9e67e637e4b00249294ad
pair-stage-probes-7cecaf9b-fcal4/cases/carry_b-v6e_teacher_yaw-_opp_s911_pE2E_L6_Vcal4/result.json,58435,70659451e4185e9028247648236f06bd1bc1960eba0ff915cfd579029fbeb288,70659451e4185e9028247648236f06bd1bc1960eba0ff915cfd579029fbeb288
pair-stage-probes-7ded27cc-dxGate/manifest.json,159972,9f258c2fe441853d036793f35d1d97deb5f9a14cc3e3914ecb0741919c555b55,
pair-stage-probes-7ded27cc-dxGate/cases.jsonl,33177,246a6e3a66c0d1006ee69e9b403c4bbdcab05fcc97e41d8640354e5ed662cd2f,
pair-stage-probes-7ded27cc-dxGate/plan.json,118307,fdee81e389df7dab6f341563818078b2bb48e33b413a77e71ef97fa539658e58,
pair-stage-probes-7ded27cc-dxGate/cases/carry_b-v6c_teacher_nominal_s911_pE2E_diag-loaded_yaw_gate_wide/case.json,2928,bf64e9462a788b0d812edaac77c36aa8dc7da67361b7d5dd61ebea75a8b001e5,
pair-stage-probes-7ded27cc-dxGate/cases/carry_b-v6c_teacher_nominal_s911_pE2E_diag-loaded_yaw_gate_wide/result.json,38166,7051192d38c60d77caefe8c2a396cb9ee8d281e260a36585607afd9175c43f2b,
pair-stage-probes-7ded27cc-dxGate/cases/carry_b-v6c_teacher_nominal_s912_pE2E_diag-loaded_yaw_gate_wide/case.json,2928,4a12893212c82fa2bd7fbb47f67aca8cc7c1613d03ec394d08fbb40d5eebd215,
pair-stage-probes-7ded27cc-dxGate/cases/carry_b-v6c_teacher_nominal_s912_pE2E_diag-loaded_yaw_gate_wide/result.json,38148,2c2281cf0a0442a98986df7405285e84c0621797ff9ade9d1ca24f29cc16dba3,
pair-stage-probes-7ded27cc-dxGate/cases/carry_b-v6c_teacher_lat+_same_s911_pE2E_diag-loaded_yaw_gate_wide/case.json,2942,972a70d9076c6ee0c3ec6216d05f6753ca793e896a0b430f5f7249f07aab918f,
pair-stage-probes-7ded27cc-dxGate/cases/carry_b-v6c_teacher_lat+_same_s911_pE2E_diag-loaded_yaw_gate_wide/result.json,38387,018197437b3eb21940586e174f323afa0245246e06b833fb70cb6edb4bfed5a1,
pair-stage-probes-7ded27cc-dxGate/cases/carry_b-v6c_teacher_nominal_s913_pE2E_diag-loaded_yaw_gate_wide/case.json,2928,10972215de4014ff1d8184debc17ff626580b1722f2c2b235697b90b46d918f5,
pair-stage-probes-7ded27cc-dxGate/cases/carry_b-v6c_teacher_nominal_s913_pE2E_diag-loaded_yaw_gate_wide/result.json,38385,16a8598de5a332ee073db412d5959a3442ade60d46793c6f866d8d87fed2ca23,
pair-stage-probes-7ded27cc-dxGate/cases/carry_b-v6c_teacher_yaw-_same_s911_pE2E_diag-loaded_yaw_gate_wide/case.json,2958,2e340492e4c877d3466fe37668518c0bf4cda99101ed6d9f72566603e4873f0b,
pair-stage-probes-7ded27cc-dxGate/cases/carry_b-v6c_teacher_yaw-_same_s911_pE2E_diag-loaded_yaw_gate_wide/result.json,38103,96be8d26f46509064af97b277e9ab99df892db8d7615825e4ff0d175f9c8ce54,
pair-stage-probes-7ded27cc-dxGate/cases/carry_b-v6c_teacher_yaw+_opp_s911_pE2E_diag-loaded_yaw_gate_wide/case.json,2954,a3ba21e6405efa44abb33e31995ca729f8ab0805395b0990c20149bcf1638419,
pair-stage-probes-7ded27cc-dxGate/cases/carry_b-v6c_teacher_yaw+_opp_s911_pE2E_diag-loaded_yaw_gate_wide/result.json,38859,aee6fb66a4b1183ecc9b0d1689214b148d6f8c714c522a97000107fc384e7907,
pair-stage-probes-7ded27cc-dxGate/cases/carry_b-v6c_teacher_nominal_s911_pE2E_L1_diag-loaded_yaw_gate_wide/case.json,2998,d1880d1138c86526027eaa4153cf4b2019890f422084070acd76c8bf4373fea3,
pair-stage-probes-7ded27cc-dxGate/cases/carry_b-v6c_teacher_nominal_s911_pE2E_L1_diag-loaded_yaw_gate_wide/result.json,35315,1b48f084dccd62122bc42e45680da0ed5332126082f1786a4abe30d2c980bd19,
pair-stage-probes-7ded27cc-dxGate/cases/carry_b-v6c_teacher_corner--_same_s911_pE2E_diag-loaded_yaw_gate_wide/case.json,2988,e96d3892269fbc43c6f0467a3b7179ced35cb43f0b0bd7cfa200d16843e43c1c,
pair-stage-probes-7ded27cc-dxGate/cases/carry_b-v6c_teacher_corner--_same_s911_pE2E_diag-loaded_yaw_gate_wide/result.json,38149,caef45115b583b28e5849696ed35cc4e358b331d1b0dafd69e9d5e8bf6dfc501,
pair-stage-probes-7ded27cc-dxGate/cases/carry_b-v6c_teacher_nominal_s912_pE2E_L1_diag-loaded_yaw_gate_wide/case.json,2998,5a001248c4c7bb8ba489d0844d4012028ec9cc6f4c8b7b2453b62e55dea3b703,
pair-stage-probes-7ded27cc-dxGate/cases/carry_b-v6c_teacher_nominal_s912_pE2E_L1_diag-loaded_yaw_gate_wide/result.json,35311,d11f7e9bb854ee138b891e93897bf81d9c2ceb846162f0143a21727c987a947a,
pair-stage-probes-7ded27cc-dxGate/cases/carry_b-v6c_teacher_nominal_s913_pE2E_L1_diag-loaded_yaw_gate_wide/case.json,2998,d971b66e8f2130f064cafdd7b6c4b8791d26a341add8e9ba920d02429283a0c6,
pair-stage-probes-7ded27cc-dxGate/cases/carry_b-v6c_teacher_nominal_s913_pE2E_L1_diag-loaded_yaw_gate_wide/result.json,35312,d85690ffc63363dbd45a9fa387275fa56dd7c19799ca9f54fa2d1d562bc0a2ec,
pair-stage-probes-7ded27cc-dxGate/cases/carry_b-v6c_teacher_lat+_same_s911_pE2E_L1_diag-loaded_yaw_gate_wide/case.json,3012,aeb1132440442362889e6478e732a715b869bcd256f81f4fe07b38e8c11a250d,
pair-stage-probes-7ded27cc-dxGate/cases/carry_b-v6c_teacher_lat+_same_s911_pE2E_L1_diag-loaded_yaw_gate_wide/result.json,35230,f8337a710d31e3335702bb94e88ce0349979dcab56a02a2df00b60abdf1504e2,
pair-stage-probes-7ded27cc-dxGate/cases/carry_b-v6c_teacher_yaw+_opp_s911_pE2E_L1_diag-loaded_yaw_gate_wide/case.json,3024,ccc745a258568f2e20329cfa878e5b65e2a6357fd824e2a707b64f57f2e61a3d,
pair-stage-probes-7ded27cc-dxGate/cases/carry_b-v6c_teacher_yaw+_opp_s911_pE2E_L1_diag-loaded_yaw_gate_wide/result.json,35751,58c33061adc314fe59b88440a6077decf2c80e7e21558176b24134fbf844429c,
pair-stage-probes-7ded27cc-dxGateB/manifest.json,160220,2011d966cce891d421e0408f71a8ac57f1e747ac184c1749cb073c3041974b80,
pair-stage-probes-7ded27cc-dxGateB/cases.jsonl,5553,c2fa165d5b166bb0d38fbe2e808879267478132c7e3a6a535ffbcca68203d6b9,
pair-stage-probes-7ded27cc-dxGateB/artifacts.sha256.json,154210,67e2db549ad7bf25b3654f56828dcc889658b1268868425143974bb945cbccca,
pair-stage-probes-7ded27cc-dxGateB/plan.json,6993,1767b2d9724f9336edd13682d317478856ad6a169b200dd95feac2009412f8c0,
pair-stage-probes-7ded27cc-dxGateB/cases/carry_b-v6c_teacher_yaw-_same_s911_pE2E_L1_diag-loaded_yaw_gate_wide/case.json,3028,976a823d70e3bf3aaf9c6b40e70634d95c5aa37c726ba7ae039b94d97d04bc00,976a823d70e3bf3aaf9c6b40e70634d95c5aa37c726ba7ae039b94d97d04bc00
pair-stage-probes-7ded27cc-dxGateB/cases/carry_b-v6c_teacher_yaw-_same_s911_pE2E_L1_diag-loaded_yaw_gate_wide/result.json,35736,750ebe471de1aa5baaec8c8e262d13f4ca83ebcb2b041c8631e71ff43ee6fd32,750ebe471de1aa5baaec8c8e262d13f4ca83ebcb2b041c8631e71ff43ee6fd32
pair-stage-probes-7ded27cc-dxGateB/cases/carry_b-v6c_teacher_corner--_same_s911_pE2E_L1_diag-loaded_yaw_gate_wide/case.json,3058,8fbfa131a994609dd76c7b12576aeaf956e1d56970c60f415cb243ec4cc28122,8fbfa131a994609dd76c7b12576aeaf956e1d56970c60f415cb243ec4cc28122
pair-stage-probes-7ded27cc-dxGateB/cases/carry_b-v6c_teacher_corner--_same_s911_pE2E_L1_diag-loaded_yaw_gate_wide/result.json,35774,3fdde94206157353dd9ae87ff7e09ea65516f1ad7af36f2f21185e9a425da0d5,3fdde94206157353dd9ae87ff7e09ea65516f1ad7af36f2f21185e9a425da0d5
pair-stage-probes-7ded27cc-dxGateC/manifest.json,160220,2ea491da7badd95c8367bcf7e1e1dcf8496eacda03c36e1084b9c21158691b56,
pair-stage-probes-7ded27cc-dxGateC/cases.jsonl,24863,0493fcef9eb35187e58b918cd3e0bfb6be6bfbc13888efe6e5938c7408748178,
pair-stage-probes-7ded27cc-dxGateC/artifacts.sha256.json,768312,3f331cd082ede30afdd46a12b9795c740292d916fec7103fc8f17092f71903e9,
pair-stage-probes-7ded27cc-dxGateC/plan.json,30347,cbe3573924bae57bb290b6f6e1e4e5aeadee91506b068b0225cdd057b0bff254,
pair-stage-probes-7ded27cc-dxGateC/cases/carry_b-v6c_teacher_nominal_s911_pE2E_L3_diag-loaded_yaw_gate_wide/case.json,2957,91749242e968693e5e43d0730041eda9e885c0f0ff486afd3b368af4694e43da,91749242e968693e5e43d0730041eda9e885c0f0ff486afd3b368af4694e43da
pair-stage-probes-7ded27cc-dxGateC/cases/carry_b-v6c_teacher_nominal_s911_pE2E_L3_diag-loaded_yaw_gate_wide/result.json,38668,85393524d711e31076e8aad2bdd1f400f11842b3f2f425312808c619f0c129c7,85393524d711e31076e8aad2bdd1f400f11842b3f2f425312808c619f0c129c7
pair-stage-probes-7ded27cc-dxGateC/cases/carry_b-v6c_teacher_nominal_s912_pE2E_L3_diag-loaded_yaw_gate_wide/case.json,2957,0c4c379a6ced49f0731a97557b0fb552a1d9d142052f58d9709efad2171e9560,0c4c379a6ced49f0731a97557b0fb552a1d9d142052f58d9709efad2171e9560
pair-stage-probes-7ded27cc-dxGateC/cases/carry_b-v6c_teacher_nominal_s912_pE2E_L3_diag-loaded_yaw_gate_wide/result.json,39160,5e3ed621b6254ab067cf3547836f21ef44bc3d5e449d8b3e71b7c2f8671ea6d8,5e3ed621b6254ab067cf3547836f21ef44bc3d5e449d8b3e71b7c2f8671ea6d8
pair-stage-probes-7ded27cc-dxGateC/cases/carry_b-v6c_teacher_nominal_s913_pE2E_L3_diag-loaded_yaw_gate_wide/case.json,2957,68ca3f6281c6e990393e9cf2e639f56e79dc4d5be57d123de12af29641a9a988,68ca3f6281c6e990393e9cf2e639f56e79dc4d5be57d123de12af29641a9a988
pair-stage-probes-7ded27cc-dxGateC/cases/carry_b-v6c_teacher_nominal_s913_pE2E_L3_diag-loaded_yaw_gate_wide/result.json,39166,018dd88b07c4f565864f6719b698e3b345d6f1f5ef3d9e9cb4a1c5b49c2b7827,018dd88b07c4f565864f6719b698e3b345d6f1f5ef3d9e9cb4a1c5b49c2b7827
pair-stage-probes-7ded27cc-dxGateC/cases/carry_b-v6c_teacher_nominal_s911_pE2E_L6_diag-loaded_yaw_gate_wide/case.json,2961,661c00ce10d3405cecabf8340bd5d794aab692bba94a2df0257acac6ac43d097,661c00ce10d3405cecabf8340bd5d794aab692bba94a2df0257acac6ac43d097
pair-stage-probes-7ded27cc-dxGateC/cases/carry_b-v6c_teacher_nominal_s911_pE2E_L6_diag-loaded_yaw_gate_wide/result.json,37855,b08c4d6a7edc2daa723d077088a54b5f23fcdc88ca8bf6f390c2625137e1bb0b,b08c4d6a7edc2daa723d077088a54b5f23fcdc88ca8bf6f390c2625137e1bb0b
pair-stage-probes-7ded27cc-dxGateC/cases/carry_b-v6c_teacher_nominal_s912_pE2E_L6_diag-loaded_yaw_gate_wide/case.json,2961,e0d2f08288576b5b007b3a39db0b38bc214d9953523fe68176c42589e86df856,e0d2f08288576b5b007b3a39db0b38bc214d9953523fe68176c42589e86df856
pair-stage-probes-7ded27cc-dxGateC/cases/carry_b-v6c_teacher_nominal_s912_pE2E_L6_diag-loaded_yaw_gate_wide/result.json,38100,f887b5b0eb6980fe440af477d69ab901c5b791b2e9153e2a66bb52e2e3ad3712,f887b5b0eb6980fe440af477d69ab901c5b791b2e9153e2a66bb52e2e3ad3712
pair-stage-probes-7ded27cc-dxGateC/cases/carry_b-v6c_teacher_nominal_s913_pE2E_L6_diag-loaded_yaw_gate_wide/case.json,2961,2f603c407d086cf4b32913a277d2902d77bcd42a0e604e14a462335273deab4f,2f603c407d086cf4b32913a277d2902d77bcd42a0e604e14a462335273deab4f
pair-stage-probes-7ded27cc-dxGateC/cases/carry_b-v6c_teacher_nominal_s913_pE2E_L6_diag-loaded_yaw_gate_wide/result.json,38124,0e41c0761ec192a2a7df7c51ba318001cae66ff55946d5954c8f8ab054c4b5cc,0e41c0761ec192a2a7df7c51ba318001cae66ff55946d5954c8f8ab054c4b5cc
pair-stage-probes-7ded27cc-dxGateC/cases/carry_b-v6c_teacher_nominal_s911_pE2E_L7_diag-loaded_yaw_gate_wide/case.json,2976,a96ecf9a00a0e33f8e463314fa81a7c30d8fa3fe43a2a3b981e5f14bdbc71da6,a96ecf9a00a0e33f8e463314fa81a7c30d8fa3fe43a2a3b981e5f14bdbc71da6
pair-stage-probes-7ded27cc-dxGateC/cases/carry_b-v6c_teacher_nominal_s911_pE2E_L7_diag-loaded_yaw_gate_wide/result.json,38095,64d60ef391b90970ad206efa6b897d640b2554986df295ad6c2f50e6167c18ed,64d60ef391b90970ad206efa6b897d640b2554986df295ad6c2f50e6167c18ed
pair-stage-probes-7ded27cc-dxGateC/cases/carry_b-v6c_teacher_nominal_s912_pE2E_L7_diag-loaded_yaw_gate_wide/case.json,2976,10f2d97e28369975aa2ae2efae0dfd0aac1e433f0c572a5abe318e083ac3fb99,10f2d97e28369975aa2ae2efae0dfd0aac1e433f0c572a5abe318e083ac3fb99
pair-stage-probes-7ded27cc-dxGateC/cases/carry_b-v6c_teacher_nominal_s912_pE2E_L7_diag-loaded_yaw_gate_wide/result.json,38098,221a304f1c40f947ae94445156eec6cac97b985371f3451105949c27bf378618,221a304f1c40f947ae94445156eec6cac97b985371f3451105949c27bf378618
pair-stage-probes-7ded27cc-dxGateC/cases/carry_b-v6c_teacher_nominal_s913_pE2E_L7_diag-loaded_yaw_gate_wide/case.json,2976,54e0a1afc8ba2ca1feaf4c3bfcf5fd6a4d0d4c9e3b62c4bf22551ebc1b2731c9,54e0a1afc8ba2ca1feaf4c3bfcf5fd6a4d0d4c9e3b62c4bf22551ebc1b2731c9
pair-stage-probes-7ded27cc-dxGateC/cases/carry_b-v6c_teacher_nominal_s913_pE2E_L7_diag-loaded_yaw_gate_wide/result.json,38596,11f205972d039c14ca0bc584754ba90ce2141f83e7175ed2f6ea21e9d6095989,11f205972d039c14ca0bc584754ba90ce2141f83e7175ed2f6ea21e9d6095989
pair-stage-probes-7ded27cc-dxImg/manifest.json,160081,be1ea8cfd548547de3125ff08c227816f07960151db0c3275f1830082089ca49,
pair-stage-probes-7ded27cc-dxImg/cases.jsonl,15079,4d576c8abd66fdc6a73e6efe1052f8bebd24e1984a043dadcb83b6d0061e207c,
pair-stage-probes-7ded27cc-dxImg/artifacts.sha256.json,269644,28c7f78c0229d8e509fe3a1706ade1f246f1f7690e3485dc096213be25eac348,
pair-stage-probes-7ded27cc-dxImg/plan.json,18931,823ec57938815db8267b066504e80bf7c422994f6bef3e4f647f903abce55ee8,
pair-stage-probes-836ea32d-smoke2-carry-L3/manifest.json,160192,e4611197242ef12030a263398b97190613d890d83764c478fbe2b1ee9e6dc9e0,
pair-stage-probes-836ea32d-smoke2-carry-L3/cases.jsonl,5260,0472d7d984a264774f567dc711d478f7abb7968de3007ea68b64762873118d8f,
pair-stage-probes-836ea32d-smoke2-carry-L3/artifacts.sha256.json,61104,d616a5f5df434f735a09c505de50ea44094fdc1dd8da8949b00503cda0d7ec57,
pair-stage-probes-836ea32d-smoke2-carry-L3/plan.json,5981,f32c86e1c09fb4ee64c80b57d7ec39496c21cc64f5d43715a218af2cc4bb93a6,
pair-stage-probes-836ea32d-smoke2-carry-L3/cases/carry_b-v6c_teacher_nominal_s911_pE2E_L3/case.json,2545,aecdfe0d0898ee83a9367f40dce7dbef912fc58742e6393c904717291013c3c4,aecdfe0d0898ee83a9367f40dce7dbef912fc58742e6393c904717291013c3c4
pair-stage-probes-836ea32d-smoke2-carry-L3/cases/carry_b-v6c_teacher_nominal_s911_pE2E_L3/result.json,27314,0d4ebc0acf60406cbe715fa4c529638528dd51c8397a393c13b43c0986da3b1f,0d4ebc0acf60406cbe715fa4c529638528dd51c8397a393c13b43c0986da3b1f
pair-stage-probes-836ea32d-smoke2-carry-L3/cases/carry_b-v6c_teacher_nominal_s912_pE2E_L3/case.json,2545,f4e247818f4fd8097bf884181acee5adac343abc6c2e588e5748627a506c748b,f4e247818f4fd8097bf884181acee5adac343abc6c2e588e5748627a506c748b
pair-stage-probes-836ea32d-smoke2-carry-L3/cases/carry_b-v6c_teacher_nominal_s912_pE2E_L3/result.json,27829,54ff9df8d555e2d00fcbb8a07f6d7c544c58de7bd7be68d74d4705a7dd6b687e,54ff9df8d555e2d00fcbb8a07f6d7c544c58de7bd7be68d74d4705a7dd6b687e
pair-stage-probes-836ea32d-smoke2-setdown-end/manifest.json,160061,ffffa340f25161451ccd6075b82735c95c3f21154f05834b59a8f021a2f2711b,
pair-stage-probes-836ea32d-smoke2-setdown-end/cases.jsonl,2162,c6d1a85234e7c5c9fc0d33fc48b679f3b619c3fc16dbf2b5529c6f5f3524e641,
pair-stage-probes-836ea32d-smoke2-setdown-end/artifacts.sha256.json,17374,dd27f99a500e779163ada998ee24f8b3448afe1d876305107906b11caca8cecd,
pair-stage-probes-836ea32d-smoke2-setdown-end/plan.json,3060,2420e0a1017ddcf81e81d2e955f8f794b536cc5a4047d83d892892640bb4ca00,
pair-stage-probes-8985db82-smoke/manifest.json,159994,4847eaf7b09528e9cd50f409a92c51634f64139f840837b35c521327933b29f4,
pair-stage-probes-8985db82-smoke/cases.jsonl,2725,59ccd086b421bd8701b42c21787a7d44c604c80d135f9075f20b4a6e8bbd24ca,
pair-stage-probes-8985db82-smoke/artifacts.sha256.json,22946,f5371cb09580e038ba91520120eb355a8f11a2cb6f8a1f24032951259f4bab6c,
pair-stage-probes-8985db82-smoke/plan.json,6208,9c649ff688515147aa8c6dc3372e6925e5fa902452d300da6d0bf87a0ec6ba8f,
pair-stage-probes-8ec4b7f8-alignv6/manifest.json,159770,277b92d88b52f536fec0d60975cbcb8f04f118b58427c332197b8bd24335f88f,
pair-stage-probes-8ec4b7f8-alignv6/cases.jsonl,51820,5f2f52ca740872bf5739f000e158302187f48962591fef66538c1a625c1b2ba4,
pair-stage-probes-8ec4b7f8-alignv6/artifacts.sha256.json,1067852,d895a6070d756b392b28cc91cd3d1d3f3f586b282b491aca25ea976c83e08c59,
pair-stage-probes-8ec4b7f8-alignv6/plan.json,128645,80b0ca73f9b20dc978a8a93e3b45c5f214c6814f5322c9ee4ddab92e4efb1cf6,
pair-stage-probes-9622bc43-v6d-pilot/manifest.json,161610,01b97848dc7ba74b3dce037a457e804a635293566749c1fc54acdb8055deff18,
pair-stage-probes-9622bc43-v6d-pilot/cases.jsonl,9962,c265be02f0c2e56a44cd15d2486128c0004edad41da34c665d07ee91a15c61f9,
pair-stage-probes-9622bc43-v6d-pilot/plan.json,31332,a7104b6cce7238c0a83e4cbecd6ee0a23491b3694d94c7360a557c6aab385851,
pair-stage-probes-a704ecc6-calB/manifest.json,164405,8edfe9e406280af501871f53af056c894e1c42f6ce83eb3847f46d27cf585743,
pair-stage-probes-a704ecc6-calB/cases.jsonl,78691,b84fd24cbc5c8a66ab6bcbcd7eeb123420d29ce92507a723ef94221cf2728460,
pair-stage-probes-a704ecc6-calB/artifacts.sha256.json,2939779,2ea9919c40000587e32900b755690ef9b738de8ab398d594cacb26e530c29268,
pair-stage-probes-a704ecc6-calB/plan.json,75850,c238b57b91bce45c58366945b9dc933026e164d9fe54a0563b3c7757ed7ae59f,
pair-stage-probes-a704ecc6-calB/cases/carry_b-v6e_teacher_nominal_s912_pE2E_L3_Vcal/case.json,2596,26b8c5af5677f429edd7512bb055c6de2ef507cd988b2c1392349f7769bca995,26b8c5af5677f429edd7512bb055c6de2ef507cd988b2c1392349f7769bca995
pair-stage-probes-a704ecc6-calB/cases/carry_b-v6e_teacher_nominal_s912_pE2E_L3_Vcal/result.json,56291,2eac26b794d330bc19d7cc9610d2f8e312082f5ff9212310a50ecba1403ce0ad,2eac26b794d330bc19d7cc9610d2f8e312082f5ff9212310a50ecba1403ce0ad
pair-stage-probes-a704ecc6-calB/cases/carry_b-v6e_teacher_nominal_s911_pE2E_L3_Vcal/case.json,2596,0514571137eefb3bfdb194f22350ffd91a42c5ebf610412a50e818aec3abdb1a,0514571137eefb3bfdb194f22350ffd91a42c5ebf610412a50e818aec3abdb1a
pair-stage-probes-a704ecc6-calB/cases/carry_b-v6e_teacher_nominal_s911_pE2E_L3_Vcal/result.json,56284,4085a5264666c3b57610e568ebaba29e18168513c45b10c34a066258b744214e,4085a5264666c3b57610e568ebaba29e18168513c45b10c34a066258b744214e
pair-stage-probes-a704ecc6-calB/cases/carry_b-v6e_teacher_nominal_s913_pE2E_L3_Vcal/case.json,2596,6c8ad18c535c2497d25328441af386fad2595b97a5dbeb0fd2e685d947edc294,6c8ad18c535c2497d25328441af386fad2595b97a5dbeb0fd2e685d947edc294
pair-stage-probes-a704ecc6-calB/cases/carry_b-v6e_teacher_nominal_s913_pE2E_L3_Vcal/result.json,56293,734fac933915f35a2e4c7f4e601c6600000a34d77e1b853e97c09853283403b2,734fac933915f35a2e4c7f4e601c6600000a34d77e1b853e97c09853283403b2
pair-stage-probes-a704ecc6-calB/cases/carry_b-v6e_teacher_lat-_opp_s911_pE2E_L3_Vcal/case.json,2609,864e64a3534bd2241fdc4b470c665e56a999503ccdb622a8c0fee0c2579726ec,864e64a3534bd2241fdc4b470c665e56a999503ccdb622a8c0fee0c2579726ec
pair-stage-probes-a704ecc6-calB/cases/carry_b-v6e_teacher_lat-_opp_s911_pE2E_L3_Vcal/result.json,56232,db6fd9f5bd8e1adffd62abde18cc2a57834e4cbfdba8df6cd48f6fc9f6e8d63b,db6fd9f5bd8e1adffd62abde18cc2a57834e4cbfdba8df6cd48f6fc9f6e8d63b
pair-stage-probes-a704ecc6-calB/cases/carry_b-v6e_teacher_yaw+_same_s911_pE2E_L3_Vcal/case.json,2624,509244434c1d6693de177f57bb3ba8f4727ca5fb9de2aaa0f1b3ad397359a39e,509244434c1d6693de177f57bb3ba8f4727ca5fb9de2aaa0f1b3ad397359a39e
pair-stage-probes-a704ecc6-calB/cases/carry_b-v6e_teacher_yaw+_same_s911_pE2E_L3_Vcal/result.json,56214,11ff3a28c5c23bd08d59466ac78a3dd1a5a35b83eba74f3b5d87f44a5552fffb,11ff3a28c5c23bd08d59466ac78a3dd1a5a35b83eba74f3b5d87f44a5552fffb
pair-stage-probes-a704ecc6-calB/cases/carry_b-v6e_teacher_nominal_s911_pE2E_L4_Vcal/case.json,2673,98a26b8b8dd5a363af90e2e0e65205003f7bd89e55184cde23c3e47a2eefdc5e,98a26b8b8dd5a363af90e2e0e65205003f7bd89e55184cde23c3e47a2eefdc5e
pair-stage-probes-a704ecc6-calB/cases/carry_b-v6e_teacher_nominal_s911_pE2E_L4_Vcal/result.json,56249,fde46f65d775838a2a25d6d35051b9a2e3a297e1bf4e24b3e69ac4a442c92f65,fde46f65d775838a2a25d6d35051b9a2e3a297e1bf4e24b3e69ac4a442c92f65
pair-stage-probes-a704ecc6-calB/cases/carry_b-v6e_teacher_nominal_s912_pE2E_L4_Vcal/case.json,2673,efdd03029a6fc7a6fd886c63a182bad23ce23b8bbe4439687a8ddba65b01837b,efdd03029a6fc7a6fd886c63a182bad23ce23b8bbe4439687a8ddba65b01837b
pair-stage-probes-a704ecc6-calB/cases/carry_b-v6e_teacher_nominal_s912_pE2E_L4_Vcal/result.json,56291,985d06e9e9cb86d26ed05b4cda285eb988462afaf8578e811be5ae482d4aa017,985d06e9e9cb86d26ed05b4cda285eb988462afaf8578e811be5ae482d4aa017
pair-stage-probes-a704ecc6-calB/cases/carry_b-v6e_teacher_nominal_s913_pE2E_L4_Vcal/case.json,2673,6ed0ca23b6ae57e6ef01f771f7ab9a1a8184d1729dbbbe7e1b648d5f73534790,6ed0ca23b6ae57e6ef01f771f7ab9a1a8184d1729dbbbe7e1b648d5f73534790
pair-stage-probes-a704ecc6-calB/cases/carry_b-v6e_teacher_nominal_s913_pE2E_L4_Vcal/result.json,56277,5667011f68b81ad085dbf0b818aa5b9561885620c9f52cbf4302385803135179,5667011f68b81ad085dbf0b818aa5b9561885620c9f52cbf4302385803135179
pair-stage-probes-a704ecc6-calB/cases/carry_b-v6e_teacher_lat-_opp_s911_pE2E_L4_Vcal/case.json,2684,2204ad542ee6fdee7622218f017ec45d0d3d136e3959d0d0a4d48deadcae0a11,2204ad542ee6fdee7622218f017ec45d0d3d136e3959d0d0a4d48deadcae0a11
pair-stage-probes-a704ecc6-calB/cases/carry_b-v6e_teacher_lat-_opp_s911_pE2E_L4_Vcal/result.json,56204,dd8ae2fb2fc816262ad7b9b52a46fedd7b8228a95ac9549506548add73bdc5e8,dd8ae2fb2fc816262ad7b9b52a46fedd7b8228a95ac9549506548add73bdc5e8
pair-stage-probes-a704ecc6-calB/cases/carry_b-v6e_teacher_yaw+_same_s911_pE2E_L4_Vcal/case.json,2701,3a2c0c3aed9c27268b3aa6b502199640c40379e3b6b6c04fc61e963289989a99,3a2c0c3aed9c27268b3aa6b502199640c40379e3b6b6c04fc61e963289989a99
pair-stage-probes-a704ecc6-calB/cases/carry_b-v6e_teacher_yaw+_same_s911_pE2E_L4_Vcal/result.json,56228,3e9cb32b636dbdfc28870bf371d7b318df7841e6cb750529dfa380f2b5813d9b,3e9cb32b636dbdfc28870bf371d7b318df7841e6cb750529dfa380f2b5813d9b
pair-stage-probes-a704ecc6-calB/cases/carry_b-v6e_teacher_nominal_s911_pE2E_L5_Vcal/case.json,2673,f2110a84539273006c8a06b46e2a1ddfe6e4285095565d3bac66feb44982f40f,f2110a84539273006c8a06b46e2a1ddfe6e4285095565d3bac66feb44982f40f
pair-stage-probes-a704ecc6-calB/cases/carry_b-v6e_teacher_nominal_s911_pE2E_L5_Vcal/result.json,56265,ccd58fac1c2d8b56f8635a4c8e1fa87b6558d20be1412910013c3ab50f34dd1a,ccd58fac1c2d8b56f8635a4c8e1fa87b6558d20be1412910013c3ab50f34dd1a
pair-stage-probes-a704ecc6-calB/cases/carry_b-v6e_teacher_nominal_s912_pE2E_L5_Vcal/case.json,2673,6f599dd9c19be8c8556414e7ce641ab7b72b1b8c4eddce090441af769fcacfa5,6f599dd9c19be8c8556414e7ce641ab7b72b1b8c4eddce090441af769fcacfa5
pair-stage-probes-a704ecc6-calB/cases/carry_b-v6e_teacher_nominal_s912_pE2E_L5_Vcal/result.json,56256,9844d81500f04936f793c1a94c69dd78d5c6fb2c78adeb540aa3e76d15091855,9844d81500f04936f793c1a94c69dd78d5c6fb2c78adeb540aa3e76d15091855
pair-stage-probes-a704ecc6-calB/cases/carry_b-v6e_teacher_nominal_s913_pE2E_L5_Vcal/case.json,2673,6a1b6174cddfe11aea7efe7348d75f1e803b9f2fe911816bf4a007f3e2413a49,6a1b6174cddfe11aea7efe7348d75f1e803b9f2fe911816bf4a007f3e2413a49
pair-stage-probes-a704ecc6-calB/cases/carry_b-v6e_teacher_nominal_s913_pE2E_L5_Vcal/result.json,56240,c11033444067555b9a7ec0670488c798ce295b79ac4e1e2657ea4a1263bbaff6,c11033444067555b9a7ec0670488c798ce295b79ac4e1e2657ea4a1263bbaff6
pair-stage-probes-a704ecc6-calB/cases/carry_b-v6e_teacher_lat-_opp_s911_pE2E_L5_Vcal/case.json,2684,d4efda1898140cba6201416b003169d67354368e1d856916b8817453500c4963,d4efda1898140cba6201416b003169d67354368e1d856916b8817453500c4963
pair-stage-probes-a704ecc6-calB/cases/carry_b-v6e_teacher_lat-_opp_s911_pE2E_L5_Vcal/result.json,56170,140ad5f19b6d1251e95a02b85ea0b4ad899baa51a49496d61849eb6f31709c20,140ad5f19b6d1251e95a02b85ea0b4ad899baa51a49496d61849eb6f31709c20
pair-stage-probes-a704ecc6-calB/cases/carry_b-v6e_teacher_yaw+_same_s911_pE2E_L5_Vcal/case.json,2701,b05ed4ad1215fd7dfa00a092eecf61512ed4cda2e05ff4e23e523b0b4e96a6ae,b05ed4ad1215fd7dfa00a092eecf61512ed4cda2e05ff4e23e523b0b4e96a6ae
pair-stage-probes-a704ecc6-calB/cases/carry_b-v6e_teacher_yaw+_same_s911_pE2E_L5_Vcal/result.json,56191,dee09bcbec61d8bedc5be08a62dbfe7c4036b2e4433964f710a7e1a7b212882b,dee09bcbec61d8bedc5be08a62dbfe7c4036b2e4433964f710a7e1a7b212882b
pair-stage-probes-a704ecc6-calB/cases/carry_b-v6e_teacher_nominal_s911_pE2E_L6_Vcal/case.json,2603,6308ffd37833d3aac7ecf86d7c9ff4a631911dbc282b26d933e8f4c9478baee0,6308ffd37833d3aac7ecf86d7c9ff4a631911dbc282b26d933e8f4c9478baee0
pair-stage-probes-a704ecc6-calB/cases/carry_b-v6e_teacher_nominal_s911_pE2E_L6_Vcal/result.json,56732,8d3760b0ae5f771f741e11586ecd180e0049339e8a44c6add2a5048ec73f2f66,8d3760b0ae5f771f741e11586ecd180e0049339e8a44c6add2a5048ec73f2f66
pair-stage-probes-a704ecc6-calB/cases/carry_b-v6e_teacher_nominal_s912_pE2E_L6_Vcal/case.json,2603,c0054ea6a9ff028411e92b11db2111c1636d665e14e9713ff2f2a12ec4cf8ad4,c0054ea6a9ff028411e92b11db2111c1636d665e14e9713ff2f2a12ec4cf8ad4
pair-stage-probes-a704ecc6-calB/cases/carry_b-v6e_teacher_nominal_s912_pE2E_L6_Vcal/result.json,56697,86c8b7fdd954ceaaefc141f4bee328fde89b993e5490835b11f42def8197172c,86c8b7fdd954ceaaefc141f4bee328fde89b993e5490835b11f42def8197172c
pair-stage-probes-a704ecc6-calB/cases/carry_b-v6e_teacher_nominal_s913_pE2E_L6_Vcal/case.json,2603,a321d46c6a8f57c7456d4ee13ab6b84d722684a1d3787021ee02adb7e3e72c6f,a321d46c6a8f57c7456d4ee13ab6b84d722684a1d3787021ee02adb7e3e72c6f
pair-stage-probes-a704ecc6-calB/cases/carry_b-v6e_teacher_nominal_s913_pE2E_L6_Vcal/result.json,56704,41b4183739b5f30c31a7a77ad7a398e91270f33a0b084d59e0396ed87491edc3,41b4183739b5f30c31a7a77ad7a398e91270f33a0b084d59e0396ed87491edc3
pair-stage-probes-a704ecc6-calB/cases/carry_b-v6e_teacher_lat-_opp_s911_pE2E_L6_Vcal/case.json,2616,299803f6fa1693c4b93d1f35daec5d2b4cf361b742f290b7cc78f5c1a766ac32,299803f6fa1693c4b93d1f35daec5d2b4cf361b742f290b7cc78f5c1a766ac32
pair-stage-probes-a704ecc6-calB/cases/carry_b-v6e_teacher_lat-_opp_s911_pE2E_L6_Vcal/result.json,56673,7de81673b562df1c3458450f38aab5fb2376311259011fff98846bf26594fbb4,7de81673b562df1c3458450f38aab5fb2376311259011fff98846bf26594fbb4
pair-stage-probes-a704ecc6-calB/cases/carry_b-v6e_teacher_yaw+_same_s911_pE2E_L6_Vcal/case.json,2631,bcfdb7a2a7fd5a129c5419318ac13b02172fce4394a4080c65534d6512c776d8,bcfdb7a2a7fd5a129c5419318ac13b02172fce4394a4080c65534d6512c776d8
pair-stage-probes-a704ecc6-calB/cases/carry_b-v6e_teacher_yaw+_same_s911_pE2E_L6_Vcal/result.json,56620,924fe33d424b7eb32754806cfb357e70a34b5cb54e179e5dbd58287a9c31bc39,924fe33d424b7eb32754806cfb357e70a34b5cb54e179e5dbd58287a9c31bc39
pair-stage-probes-a704ecc6-calB/cases/carry_b-v6e_teacher_nominal_s911_pE2E_L7_Vcal/case.json,2591,87e105465cf7fdd3b2a07844419a022d24005d3c663fe3e1d369b671aca30dac,87e105465cf7fdd3b2a07844419a022d24005d3c663fe3e1d369b671aca30dac
pair-stage-probes-a704ecc6-calB/cases/carry_b-v6e_teacher_nominal_s911_pE2E_L7_Vcal/result.json,49190,7c8634c0c9e455bbcfb3cedc1def61dc5d893d5f8aacb414bfa16f58e6a5fc9d,7c8634c0c9e455bbcfb3cedc1def61dc5d893d5f8aacb414bfa16f58e6a5fc9d
pair-stage-probes-a704ecc6-calB/cases/carry_b-v6e_teacher_nominal_s912_pE2E_L7_Vcal/case.json,2591,00c345e2c9298a84ce9081ff575845653ee2e4a0c9d5cebe8bbb44dcbc1f1de6,00c345e2c9298a84ce9081ff575845653ee2e4a0c9d5cebe8bbb44dcbc1f1de6
pair-stage-probes-a704ecc6-calB/cases/carry_b-v6e_teacher_nominal_s912_pE2E_L7_Vcal/result.json,49183,eb89b1751317d0fff961237fa55a15f162db80f66852790b482205e467894748,eb89b1751317d0fff961237fa55a15f162db80f66852790b482205e467894748
pair-stage-probes-a704ecc6-calB/cases/carry_b-v6e_teacher_nominal_s913_pE2E_L7_Vcal/case.json,2591,f0a4fa929ba524c2e84468c029046551f050fae2160b0bc76724af718caa5966,f0a4fa929ba524c2e84468c029046551f050fae2160b0bc76724af718caa5966
pair-stage-probes-a704ecc6-calB/cases/carry_b-v6e_teacher_nominal_s913_pE2E_L7_Vcal/result.json,49186,60c09c644a4796f5cff5d4ca1684cede51133b4680262c526c515beaeb73db76,60c09c644a4796f5cff5d4ca1684cede51133b4680262c526c515beaeb73db76
pair-stage-probes-a704ecc6-calB/cases/carry_b-v6e_teacher_lat-_opp_s911_pE2E_L7_Vcal/case.json,2604,9a6e981849d59b0134aa320e9f285a38e56305ff42b11236a9f7fee261f345f4,9a6e981849d59b0134aa320e9f285a38e56305ff42b11236a9f7fee261f345f4
pair-stage-probes-a704ecc6-calB/cases/carry_b-v6e_teacher_lat-_opp_s911_pE2E_L7_Vcal/result.json,49139,b1f1aaec1d5d9e9f2bf1e0faed0c4b1c82446d8184942f40157b2e9f9fad4086,b1f1aaec1d5d9e9f2bf1e0faed0c4b1c82446d8184942f40157b2e9f9fad4086
pair-stage-probes-a704ecc6-calB/cases/carry_b-v6e_teacher_yaw+_same_s911_pE2E_L7_Vcal/case.json,2619,4724736ba7ca628e0a3614294f49b684765830b1fbebeed597553e851e34f12d,4724736ba7ca628e0a3614294f49b684765830b1fbebeed597553e851e34f12d
pair-stage-probes-a704ecc6-calB/cases/carry_b-v6e_teacher_yaw+_same_s911_pE2E_L7_Vcal/result.json,49172,b418eeffefe22eb304e7866b86fbe7d7e0ea40f3a596006d1ab201e377d8b7ce,b418eeffefe22eb304e7866b86fbe7d7e0ea40f3a596006d1ab201e377d8b7ce
pair-stage-probes-a704ecc6-calB2/manifest.json,164404,b1ba9196696600fd66ade1cf48e517bc23582803f5b15ed76e9d53287220e905,
pair-stage-probes-a704ecc6-calB2/cases.jsonl,3205,8be128221d53a23374a1ad1a2f82bf4ea8102e16c8505f8901ce1f172a688ce9,
pair-stage-probes-a704ecc6-calB2/artifacts.sha256.json,130648,a5724426b63191f41eabe5a015ac1e353db9a67f3171f7d7e7d43d524ca06702,
pair-stage-probes-a704ecc6-calB2/plan.json,3151,fc1f30fe071aceb7fd0e144d7d2d1dd0b25cb6c252606e53a3d42d0745302b19,
pair-stage-probes-a704ecc6-calB2/cases/carry_b-v6e_teacher_yaw+_same_s911_pE2E_L2_Vcal/case.json,2638,de36d821f18314a483ab12955014ff5f65bf414bfa8c977deedfcf11d7e6b06f,de36d821f18314a483ab12955014ff5f65bf414bfa8c977deedfcf11d7e6b06f
pair-stage-probes-a704ecc6-calB2/cases/carry_b-v6e_teacher_yaw+_same_s911_pE2E_L2_Vcal/result.json,58203,944f63f05ff6def71054918941daa008b380124accbad15f6069b44fc227c628,944f63f05ff6def71054918941daa008b380124accbad15f6069b44fc227c628
pair-stage-probes-a704ecc6-smokeC/manifest.json,164402,49058fb80193aaf450f916515c44c970ba129b54a307cc51c46778a7fd49b3af,
pair-stage-probes-a704ecc6-smokeC/cases.jsonl,16165,8219921f024af1ec213fe4dbc108c1ece590b4c734210718b4754876e5c070bc,
pair-stage-probes-a704ecc6-smokeC/artifacts.sha256.json,574558,ad17fd422df6aec821987328c42544fdc2764ae54cb5ea956f2033b5d71ef49e,
pair-stage-probes-a704ecc6-smokeC/plan.json,14809,4294493d2bc203b8224944a2f9534be11892b7c2f87b482103a33952f63346f8,
pair-stage-probes-a704ecc6-smokeC/cases/carry_b-v6e_teacher_nominal_s911_pE2E/case.json,2516,5558c1e4fada9eeda6d49c05ef88f64c1881fa927a49840ed926f1f05b4270e3,5558c1e4fada9eeda6d49c05ef88f64c1881fa927a49840ed926f1f05b4270e3
pair-stage-probes-a704ecc6-smokeC/cases/carry_b-v6e_teacher_nominal_s911_pE2E/result.json,52705,7038216d861e0b3e82c2c6d92781672c8061599f7fb9ac47be22a958fbe34020,7038216d861e0b3e82c2c6d92781672c8061599f7fb9ac47be22a958fbe34020
pair-stage-probes-a704ecc6-smokeC/cases/carry_b-v6e_teacher_nominal_s911_pE2E_L1/case.json,2586,0203f523515cc4a4be289d5e09562c758668e0cb0778b2f177a2d225b6372b56,0203f523515cc4a4be289d5e09562c758668e0cb0778b2f177a2d225b6372b56
pair-stage-probes-a704ecc6-smokeC/cases/carry_b-v6e_teacher_nominal_s911_pE2E_L1/result.json,60781,33a5f39843fc703e60419c41295d13c9a677fc19ed629449b54ce5998bc6e24a,33a5f39843fc703e60419c41295d13c9a677fc19ed629449b54ce5998bc6e24a
pair-stage-probes-a704ecc6-smokeC/cases/carry_b-v6e_teacher_nominal_s911_pE2E_L3/case.json,2545,6edd4d50e7deb24989cedb6399688a44033960a0f1cdbe1d95c7ba97218eea14,6edd4d50e7deb24989cedb6399688a44033960a0f1cdbe1d95c7ba97218eea14
pair-stage-probes-a704ecc6-smokeC/cases/carry_b-v6e_teacher_nominal_s911_pE2E_L3/result.json,56232,c82bdf4b0af5fccca61475f81a5f87f81a18805a52a87317fb6637d9328f6600,c82bdf4b0af5fccca61475f81a5f87f81a18805a52a87317fb6637d9328f6600
pair-stage-probes-a704ecc6-smokeC/cases/carry_b-v6e_teacher_nominal_s911_pE2E_L6/case.json,2549,dfe31c7711effaeb281dab1c0ea4a82dd0a975d4b3c618397e5302596c78aee1,dfe31c7711effaeb281dab1c0ea4a82dd0a975d4b3c618397e5302596c78aee1
pair-stage-probes-a704ecc6-smokeC/cases/carry_b-v6e_teacher_nominal_s911_pE2E_L6/result.json,56689,5d96e5fb98c58389c890c43a2ca749a32aaa4222eed648c108bec35aa45a1835,5d96e5fb98c58389c890c43a2ca749a32aaa4222eed648c108bec35aa45a1835
pair-stage-probes-a704ecc6-smokeC/cases/carry_b-v6e_teacher_nominal_s911_pE2E_L7/case.json,2564,37eab2c9c478b73059eb76dccf0366bd1622a70462cc7b329aa2f34e01c4c12e,37eab2c9c478b73059eb76dccf0366bd1622a70462cc7b329aa2f34e01c4c12e
pair-stage-probes-a704ecc6-smokeC/cases/carry_b-v6e_teacher_nominal_s911_pE2E_L7/result.json,56660,662cd4aa5b0ba3f958c40029b4f2abdbf7f23d73f17f42f1e98cd50a358081a9,662cd4aa5b0ba3f958c40029b4f2abdbf7f23d73f17f42f1e98cd50a358081a9
pair-stage-probes-a704ecc6-smokeSD/manifest.json,164269,ce3d3fdc5ce2bb13bdee2e9af3ca951885887dfe94fee4b71b0c063cd0ac9bc7,
pair-stage-probes-a704ecc6-smokeSD/cases.jsonl,8607,1ddd9b5897b17a50d8e3c7f587c71b671c335d5e0ddc60c864451178c2a87de4,
pair-stage-probes-a704ecc6-smokeSD/artifacts.sha256.json,165909,d58d947e4966db7f1910e17357b188258ae3a4ac8f545d8370efc046776cd377,
pair-stage-probes-a704ecc6-smokeSD/plan.json,9696,aca58aead4cb0025cdd0b7aee38e8d77674951d069e07b354ba72384c40fa5c6,
pair-stage-probes-a704ecc6-smokeSP/manifest.json,164272,94ea66d8cb3dfbbdf879dfcfd57b21a89661bb9b6d2e3b94113ca5cd39ed8e3a,
pair-stage-probes-a704ecc6-smokeSP/cases.jsonl,5728,ca7e52fbabaa3de65ebc53a7fb118a792a37c5195a3803d3cb2ac80456398c79,
pair-stage-probes-a704ecc6-smokeSP/artifacts.sha256.json,107531,eec7e8ae138464fc4ac8e1d8acd64f2529b9e28a96a2921572878500b7975591,
pair-stage-probes-a704ecc6-smokeSP/plan.json,5999,87964414b4e2a5b07bf5cdc609c3a19dd56e74c95f675ccfe57cb1116e5ccb45,
pair-stage-probes-b16f7987-yawhA/manifest.json,164908,139e3645eacef6888bf23ced19deadab01b6244460467f1fd3f8aa808f8bdbfb,
pair-stage-probes-b16f7987-yawhA/cases.jsonl,0,e3b0c44298fc1c149afbf4c8996fb92427ae41e4649b934ca495991b7852b855,
pair-stage-probes-b16f7987-yawhA/plan.json,30251,55f60825cfd7eb4659ee1dae84ba3078f5c7ae95d4d72256a3f427fa90aed286,
pair-stage-probes-b5234b7a-v6c-align/manifest.json,160103,67b63c4ac602498607d5d9a020ea7e44fb278c7d465c0445eef3475a69a19fea,
pair-stage-probes-b5234b7a-v6c-align/cases.jsonl,38608,2805da62afdb1864eaafd43b05ed496eb8c006a7ae72ac39e053ac0bc10ac817,
pair-stage-probes-b5234b7a-v6c-align/artifacts.sha256.json,3958057,e01242b78469a686ad99565d23846b4de583f82cf133f2f0273d40842bd64a98,
pair-stage-probes-b5234b7a-v6c-align/plan.json,64407,d82e32908437d21c87189c18d964cde3ab4ffc8248acfbe194d3a3eb17527643,
pair-stage-probes-b534a9b5-v6c-bound-e2e/manifest.json,160076,37a24ca5066e670410996e6838134b58220bd1403d7fc8306746b4da8ca2ce08,
pair-stage-probes-b534a9b5-v6c-bound-e2e/cases.jsonl,55599,8fc97b96b1fbc56bb6bff26c84bbf5fb78e100148cf7b793e173df828a064678,
pair-stage-probes-b534a9b5-v6c-bound-e2e/artifacts.sha256.json,1556188,a9f68abf7c927b53fd26a467cea71f5fe5fb48a031fdba824610ba59c5f25def,
pair-stage-probes-b534a9b5-v6c-bound-e2e/plan.json,112339,0b0a0fe061bd4ff2490b4ebb95867652906356aedcf7a6c8df6d80dcfa459e0e,
pair-stage-probes-b534a9b5-v6c-bound-grid/manifest.json,160076,f470d1e71189104c168482302e6809bd20b1ba1eaad07b0d866237de5ce07e6c,
pair-stage-probes-b534a9b5-v6c-bound-grid/cases.jsonl,26704,55b9c47d59cd28946360baca0ec22228f69af9877ee883d5109528d41397b1f3,
pair-stage-probes-b534a9b5-v6c-bound-grid/artifacts.sha256.json,711876,106b9586f6bdaa549a8d2c5f049b40361f59adfc455bdb5db6de3930d6e95366,
pair-stage-probes-b534a9b5-v6c-bound-grid/plan.json,49306,89551c04af41a06bda251e7cbb6eba57777aa3ad04e98597c6c3391287f6a572,
pair-stage-probes-b534a9b5-v6c-grasp-grid/manifest.json,160065,2bbf82087157ec61c3bb6ae9a08d7356172017abb47cb76f16e8bcfb77728535,
pair-stage-probes-b534a9b5-v6c-grasp-grid/cases.jsonl,43571,c2dee54b5c135dde7fff6721913875613263d8826cc9fa1cdac71e34891a4a85,
pair-stage-probes-b534a9b5-v6c-grasp-grid/artifacts.sha256.json,1257954,d2e847c47fee68b2c486be1e4205aaa3f962a78b87aa05f364e389edf25234e5,
pair-stage-probes-b534a9b5-v6c-grasp-grid/plan.json,70226,5c317bcf8ba615997ee9aa04c076c0527e07c55b7fa310b31c85bb402883ab81,
pair-stage-probes-b604499d-carryL0/manifest.json,160197,9dec1c7f765a9374122058ce2beee5cbbc198c1c4af7a20c24495ef668361718,
pair-stage-probes-b604499d-carryL0/cases.jsonl,44758,9f383f697d4a0a42ca15197f628b46ce0e0fc16f8c75333df402601625222cb1,
pair-stage-probes-b604499d-carryL0/artifacts.sha256.json,415717,585be075d671ae813d95e92cc9e0c345d3780d898c3a38c6a201acf3f3642393,
pair-stage-probes-b604499d-carryL0/plan.json,55713,492c31f5da12c7f5d78ca58cf9a7cc7e55c6ecf00aec63060f23ccedc3d57553,
pair-stage-probes-b604499d-carryL0/cases/carry_b-v6c_teacher_nominal_s911_pE2E/case.json,2516,a7912d6dac6082e2a1ecee5b1a69b18d012da4014c5706c300bcf93ca3c4b97b,a7912d6dac6082e2a1ecee5b1a69b18d012da4014c5706c300bcf93ca3c4b97b
pair-stage-probes-b604499d-carryL0/cases/carry_b-v6c_teacher_nominal_s911_pE2E/result.json,27374,7c554739926de904b09f97d97092ed8ee1951dde204d2e4827c88a94bf9ee4be,7c554739926de904b09f97d97092ed8ee1951dde204d2e4827c88a94bf9ee4be
pair-stage-probes-b604499d-carryL0/cases/carry_b-v6c_teacher_nominal_s912_pE2E/case.json,2516,c0240a71a56193f20552593e3ea256a99c882732dd52e46a11519001613a94f8,c0240a71a56193f20552593e3ea256a99c882732dd52e46a11519001613a94f8
pair-stage-probes-b604499d-carryL0/cases/carry_b-v6c_teacher_nominal_s912_pE2E/result.json,27865,35217d74fe01e21b6b3b45b2d58f2f7284fc79fbf5d5b811ed7ebdd567f4acd5,35217d74fe01e21b6b3b45b2d58f2f7284fc79fbf5d5b811ed7ebdd567f4acd5
pair-stage-probes-b604499d-carryL0/cases/carry_b-v6c_teacher_along+_same_s911_pE2E/case.json,2532,29a4df9df9eed23650d679069a3ebe2a6a50e4be874543b06aac09b6a7e58346,29a4df9df9eed23650d679069a3ebe2a6a50e4be874543b06aac09b6a7e58346
pair-stage-probes-b604499d-carryL0/cases/carry_b-v6c_teacher_along+_same_s911_pE2E/result.json,8890,638647f6b62d068b2a94e5f432143921677ae43bebabdaf7f8488ce9cee68495,638647f6b62d068b2a94e5f432143921677ae43bebabdaf7f8488ce9cee68495
pair-stage-probes-b604499d-carryL0/cases/carry_b-v6c_teacher_along+_opp_s911_pE2E/case.json,2531,36f2153ec39d4cf86f862ad2803bea5fabd1a8beee294a511a507e887ec0d70e,36f2153ec39d4cf86f862ad2803bea5fabd1a8beee294a511a507e887ec0d70e
pair-stage-probes-b604499d-carryL0/cases/carry_b-v6c_teacher_along+_opp_s911_pE2E/result.json,8891,2927e1bc2c7d2f8230b1859159a7e1a34675359fa7e42436f91234b9cf4f19db,2927e1bc2c7d2f8230b1859159a7e1a34675359fa7e42436f91234b9cf4f19db
pair-stage-probes-b604499d-carryL0/cases/carry_b-v6c_teacher_nominal_s913_pE2E/case.json,2516,4f5c5d3341fdbea40e93751d21f42948df435e50749e4483979ff6b1acb09feb,4f5c5d3341fdbea40e93751d21f42948df435e50749e4483979ff6b1acb09feb
pair-stage-probes-b604499d-carryL0/cases/carry_b-v6c_teacher_nominal_s913_pE2E/result.json,27886,d554fd10a97931056e3be60c9a4cfeafe3c3b23f1856c540f20531c5d1d2d7d2,d554fd10a97931056e3be60c9a4cfeafe3c3b23f1856c540f20531c5d1d2d7d2
pair-stage-probes-b604499d-carryL0/cases/carry_b-v6c_teacher_along-_opp_s911_pE2E/case.json,2531,f45eea4191a76847223641d8b96307214e7e4094a3588de7a3bbc20578868288,f45eea4191a76847223641d8b96307214e7e4094a3588de7a3bbc20578868288
pair-stage-probes-b604499d-carryL0/cases/carry_b-v6c_teacher_along-_opp_s911_pE2E/result.json,8902,ef30456ebdbc0523b73b34c32cb8f1c47737bf933b0a54ff4a3e5e65043de048,ef30456ebdbc0523b73b34c32cb8f1c47737bf933b0a54ff4a3e5e65043de048
pair-stage-probes-b604499d-carryL0/cases/carry_b-v6c_teacher_along-_same_s911_pE2E/case.json,2534,491e17f5c4ae9ed5c75d3f401ee451be442e317a6dab58f82d9e012c6f01d8ed,491e17f5c4ae9ed5c75d3f401ee451be442e317a6dab58f82d9e012c6f01d8ed
pair-stage-probes-b604499d-carryL0/cases/carry_b-v6c_teacher_along-_same_s911_pE2E/result.json,27438,4b9d6009cc02e461f65966fcb8626ccaed8a4c70fe5c2cb7d8f9d3389b4aaead,4b9d6009cc02e461f65966fcb8626ccaed8a4c70fe5c2cb7d8f9d3389b4aaead
pair-stage-probes-b604499d-carryL0/cases/carry_b-v6c_teacher_lat+_same_s911_pE2E/case.json,2530,11faed6ed44ce1cc2aa4adc8e9329fd63acc3735012e118cdb5e636453fbc605,11faed6ed44ce1cc2aa4adc8e9329fd63acc3735012e118cdb5e636453fbc605
pair-stage-probes-b604499d-carryL0/cases/carry_b-v6c_teacher_lat+_same_s911_pE2E/result.json,27373,88b255dd33dc338e0e7520d97d7180c142a161734aaa70a2c3956863578e3bc7,88b255dd33dc338e0e7520d97d7180c142a161734aaa70a2c3956863578e3bc7
pair-stage-probes-b604499d-carryL0/cases/carry_b-v6c_teacher_lat+_opp_s911_pE2E/case.json,2529,84df65cc7fe2247fab326acf02bbf9499d9306ef4072b1373d0c6dafadf378a9,84df65cc7fe2247fab326acf02bbf9499d9306ef4072b1373d0c6dafadf378a9
pair-stage-probes-b604499d-carryL0/cases/carry_b-v6c_teacher_lat+_opp_s911_pE2E/result.json,27343,80df149a776f83c899bdea224254a7a377637b10b6baeb2208fdf5635df83af8,80df149a776f83c899bdea224254a7a377637b10b6baeb2208fdf5635df83af8
pair-stage-probes-b604499d-carryL0/cases/carry_b-v6c_teacher_lat-_same_s911_pE2E/case.json,2532,c6f7e05d90b1838de9a229e9676ae97066c10ad45a9b55bde9e2209ee2e018e2,c6f7e05d90b1838de9a229e9676ae97066c10ad45a9b55bde9e2209ee2e018e2
pair-stage-probes-b604499d-carryL0/cases/carry_b-v6c_teacher_lat-_same_s911_pE2E/result.json,27368,dcf4e463dec79d80319b68fe72cd0610ef0cea1406c9ebbc7db5d3a79028818d,dcf4e463dec79d80319b68fe72cd0610ef0cea1406c9ebbc7db5d3a79028818d
pair-stage-probes-b604499d-carryL0/cases/carry_b-v6c_teacher_lat-_opp_s911_pE2E/case.json,2529,c25976a90b15c98919485ae907ed58abe9ea6fca97df32219c1fa7c0dae670bd,c25976a90b15c98919485ae907ed58abe9ea6fca97df32219c1fa7c0dae670bd
pair-stage-probes-b604499d-carryL0/cases/carry_b-v6c_teacher_lat-_opp_s911_pE2E/result.json,27375,5b88f1667349afd51305cab21b5f16b739140221f1c30930591d231f8117babc,5b88f1667349afd51305cab21b5f16b739140221f1c30930591d231f8117babc
pair-stage-probes-b604499d-carryL0/cases/carry_b-v6c_teacher_yaw+_same_s911_pE2E/case.json,2544,05fa7ba73a2db7021a0352a6f8e50fd41048c104e2e6a6ff9327570978bdf9d5,05fa7ba73a2db7021a0352a6f8e50fd41048c104e2e6a6ff9327570978bdf9d5
pair-stage-probes-b604499d-carryL0/cases/carry_b-v6c_teacher_yaw+_same_s911_pE2E/result.json,27356,cb86bf18019e4f4138de811d321e9c254e833504ab019193e5d70c0d495e960f,cb86bf18019e4f4138de811d321e9c254e833504ab019193e5d70c0d495e960f
pair-stage-probes-b604499d-carryL0/cases/carry_b-v6c_teacher_yaw+_opp_s911_pE2E/case.json,2542,f40a76700b974a738d7b1735899d320527705e469a76edc700c5d2f610b1e473,f40a76700b974a738d7b1735899d320527705e469a76edc700c5d2f610b1e473
pair-stage-probes-b604499d-carryL0/cases/carry_b-v6c_teacher_yaw+_opp_s911_pE2E/result.json,27837,e18af17e20b02ad39c2366d90954dc7f8034c11dc66dd05dbaa51d70f9db87fc,e18af17e20b02ad39c2366d90954dc7f8034c11dc66dd05dbaa51d70f9db87fc
pair-stage-probes-b604499d-carryL0/cases/carry_b-v6c_teacher_yaw-_same_s911_pE2E/case.json,2546,f2f0c20060c26b240e8bc032ca47815a2959724d14057ed7237f4054df9f577c,f2f0c20060c26b240e8bc032ca47815a2959724d14057ed7237f4054df9f577c
pair-stage-probes-b604499d-carryL0/cases/carry_b-v6c_teacher_yaw-_same_s911_pE2E/result.json,27335,4e6ab64faba10adc700e1952e29b511c6a5a8c3ab14891e221ba9786bd2eb8ad,4e6ab64faba10adc700e1952e29b511c6a5a8c3ab14891e221ba9786bd2eb8ad
pair-stage-probes-b604499d-carryL0/cases/carry_b-v6c_teacher_corner++_same_s911_pE2E/case.json,2570,3c8c39c50c8c0dfb247998d8fec504b680e20543f2602e7296f24f682e18c873,3c8c39c50c8c0dfb247998d8fec504b680e20543f2602e7296f24f682e18c873
pair-stage-probes-b604499d-carryL0/cases/carry_b-v6c_teacher_corner++_same_s911_pE2E/result.json,8907,5eb695e7f0aa2b8ddcdbc0a29e5ac6d4f701136ed76c03908fe8063f455b4cad,5eb695e7f0aa2b8ddcdbc0a29e5ac6d4f701136ed76c03908fe8063f455b4cad
pair-stage-probes-b604499d-carryL0/cases/carry_b-v6c_teacher_yaw-_opp_s911_pE2E/case.json,2544,98c4f4c54e8d47b09b4e72dd3977a114517220992c046000fcb1acf41b32864e,98c4f4c54e8d47b09b4e72dd3977a114517220992c046000fcb1acf41b32864e
pair-stage-probes-b604499d-carryL0/cases/carry_b-v6c_teacher_yaw-_opp_s911_pE2E/result.json,27338,868834cc16573d241f00c9c37195d60eaefbefaa67de973e042a46135ca3b082,868834cc16573d241f00c9c37195d60eaefbefaa67de973e042a46135ca3b082
pair-stage-probes-b604499d-carryL0/cases/carry_b-v6c_teacher_corner++_opp_s911_pE2E/case.json,2570,e426462fee42a592ba23a1e772023e3bf500df4cf8d00339788a1c3def498d1c,e426462fee42a592ba23a1e772023e3bf500df4cf8d00339788a1c3def498d1c
pair-stage-probes-b604499d-carryL0/cases/carry_b-v6c_teacher_corner++_opp_s911_pE2E/result.json,8898,94662312abeb27730213cd73c1cbcd15228e36ee2cfd6c8465f44801061d05ab,94662312abeb27730213cd73c1cbcd15228e36ee2cfd6c8465f44801061d05ab
pair-stage-probes-b604499d-carryL0/cases/carry_b-v6c_teacher_corner--_opp_s911_pE2E/case.json,2572,eef21e518a5d07d9489c8c07ab2f1ffff69c0f1208b4ec754a2b75e845eaf065,eef21e518a5d07d9489c8c07ab2f1ffff69c0f1208b4ec754a2b75e845eaf065
pair-stage-probes-b604499d-carryL0/cases/carry_b-v6c_teacher_corner--_opp_s911_pE2E/result.json,8897,46699290e6f4191afb7fbdc8a97d78e9d5ceaf709d3be57f18c9dd193a4e7e6a,46699290e6f4191afb7fbdc8a97d78e9d5ceaf709d3be57f18c9dd193a4e7e6a
pair-stage-probes-b604499d-carryL0/cases/carry_b-v6c_teacher_corner--_same_s911_pE2E/case.json,2576,87617fa63733365e7afc6e3951777378d811bd420e68ca0d24bff3211192597e,87617fa63733365e7afc6e3951777378d811bd420e68ca0d24bff3211192597e
pair-stage-probes-b604499d-carryL0/cases/carry_b-v6c_teacher_corner--_same_s911_pE2E/result.json,26871,9216bc0eab9f66fefc242847b911a94223ff79d2bd30505ca29a7822e3f64cf8,9216bc0eab9f66fefc242847b911a94223ff79d2bd30505ca29a7822e3f64cf8
pair-stage-probes-b604499d-carryL1367/manifest.json,160199,574ddb909cf2e88cc49282ce8c2ba3606186e26c25847369ee2f80c45d7965e6,
pair-stage-probes-b604499d-carryL1367/cases.jsonl,66792,a83f4ac48849e813d336e199fde89a97b54ad4053546ae5c3ec6b104e13bc887,
pair-stage-probes-b604499d-carryL1367/artifacts.sha256.json,647257,4fafe0c808a336e7f46dc13b0ac79f2bc9bc16a05fb22410585a755cbeff0b1a,
pair-stage-probes-b604499d-carryL1367/plan.json,83115,43d2eb300842ba1c5b0328dbbeba5e389aed6894e4a67c3dc14d11013a75a582,
pair-stage-probes-b604499d-carryL1367/cases/carry_b-v6c_teacher_nominal_s911_pE2E_L1/case.json,2586,fa55e39fbe5e14c40e2ae5eca88ac07cfa0dd7d842a743be56e1b3135d6c1175,fa55e39fbe5e14c40e2ae5eca88ac07cfa0dd7d842a743be56e1b3135d6c1175
pair-stage-probes-b604499d-carryL1367/cases/carry_b-v6c_teacher_nominal_s911_pE2E_L1/result.json,27435,c01a5da5a242cb484225c3402aa9677a6c23c973e2a33ffce68ad4c8c989e32b,c01a5da5a242cb484225c3402aa9677a6c23c973e2a33ffce68ad4c8c989e32b
pair-stage-probes-b604499d-carryL1367/cases/carry_b-v6c_teacher_nominal_s912_pE2E_L1/case.json,2586,ea2f736fe228c4d5be79ca2ed20612ec002d5897ec24eb83566e04852b7621f6,ea2f736fe228c4d5be79ca2ed20612ec002d5897ec24eb83566e04852b7621f6
pair-stage-probes-b604499d-carryL1367/cases/carry_b-v6c_teacher_nominal_s912_pE2E_L1/result.json,27423,ac70f32b30f8dacfdf8944c38561cb9bf8723fa1f0537269722f84260d1bec8c,ac70f32b30f8dacfdf8944c38561cb9bf8723fa1f0537269722f84260d1bec8c
pair-stage-probes-b604499d-carryL1367/cases/carry_b-v6c_teacher_along+_same_s911_pE2E_L1/case.json,2602,255d49f0b1e079b07dd4811e52a180fb70ee28c770993c10c8e1cc9283573f1f,255d49f0b1e079b07dd4811e52a180fb70ee28c770993c10c8e1cc9283573f1f
pair-stage-probes-b604499d-carryL1367/cases/carry_b-v6c_teacher_along+_same_s911_pE2E_L1/result.json,8924,17cc022e5b3835f5e170cb7ac4ef9cd62fa5c8b043712401228786130b3f08b7,17cc022e5b3835f5e170cb7ac4ef9cd62fa5c8b043712401228786130b3f08b7
pair-stage-probes-b604499d-carryL1367/cases/carry_b-v6c_teacher_nominal_s913_pE2E_L1/case.json,2586,588e30a8b1e231c3550dff3c705956286d86bbee83e53162aecc7b3f04f28390,588e30a8b1e231c3550dff3c705956286d86bbee83e53162aecc7b3f04f28390
pair-stage-probes-b604499d-carryL1367/cases/carry_b-v6c_teacher_nominal_s913_pE2E_L1/result.json,27925,e17d4099817cba485c190deeabd6f8ab43076f0fbafb0e976cd888f5bb12e36d,e17d4099817cba485c190deeabd6f8ab43076f0fbafb0e976cd888f5bb12e36d
pair-stage-probes-b604499d-carryL1367/cases/carry_b-v6c_teacher_lat+_same_s911_pE2E_L1/case.json,2600,fa299cfa9351414a2746cde3448993d1eb2ca9f53a2439af5e85b988644e5d80,fa299cfa9351414a2746cde3448993d1eb2ca9f53a2439af5e85b988644e5d80
pair-stage-probes-b604499d-carryL1367/cases/carry_b-v6c_teacher_lat+_same_s911_pE2E_L1/result.json,27331,a01f741dabcb33a81c147f30f229ff1921ee57c5d8eb5d68c4b2a10bdebb1af7,a01f741dabcb33a81c147f30f229ff1921ee57c5d8eb5d68c4b2a10bdebb1af7
pair-stage-probes-b604499d-carryL1367/cases/carry_b-v6c_teacher_corner++_same_s911_pE2E_L1/case.json,2640,591dc4a76e7f7e6ecaf25a1175617e9db16691227ce04504efbec141c69f7b3c,591dc4a76e7f7e6ecaf25a1175617e9db16691227ce04504efbec141c69f7b3c
pair-stage-probes-b604499d-carryL1367/cases/carry_b-v6c_teacher_corner++_same_s911_pE2E_L1/result.json,8930,1149d0f4175d0f592e6b7d70ad347ef16314a71ebe1c81ee76e7e20b40c56408,1149d0f4175d0f592e6b7d70ad347ef16314a71ebe1c81ee76e7e20b40c56408
pair-stage-probes-b604499d-carryL1367/cases/carry_b-v6c_teacher_yaw+_same_s911_pE2E_L1/case.json,2614,e64fb9771a520683a7614e14bf662ae29c168c43fc3807c2ebf771330779ef01,e64fb9771a520683a7614e14bf662ae29c168c43fc3807c2ebf771330779ef01
pair-stage-probes-b604499d-carryL1367/cases/carry_b-v6c_teacher_yaw+_same_s911_pE2E_L1/result.json,27341,f527f176305397ef86226e74e92ab7088f847b43f841892defe155729e4b9505,f527f176305397ef86226e74e92ab7088f847b43f841892defe155729e4b9505
pair-stage-probes-b604499d-carryL1367/cases/carry_b-v6c_teacher_nominal_s911_pE2E_L3/case.json,2545,aecdfe0d0898ee83a9367f40dce7dbef912fc58742e6393c904717291013c3c4,aecdfe0d0898ee83a9367f40dce7dbef912fc58742e6393c904717291013c3c4
pair-stage-probes-b604499d-carryL1367/cases/carry_b-v6c_teacher_nominal_s911_pE2E_L3/result.json,27385,91d463c0c736e15c9f41a8f493c382962e5983efda1aef8107c4336c8daf98cd,91d463c0c736e15c9f41a8f493c382962e5983efda1aef8107c4336c8daf98cd
pair-stage-probes-b604499d-carryL1367/cases/carry_b-v6c_teacher_nominal_s912_pE2E_L3/case.json,2545,f4e247818f4fd8097bf884181acee5adac343abc6c2e588e5748627a506c748b,f4e247818f4fd8097bf884181acee5adac343abc6c2e588e5748627a506c748b
pair-stage-probes-b604499d-carryL1367/cases/carry_b-v6c_teacher_nominal_s912_pE2E_L3/result.json,27901,665e63930b2063393361557101375ecb216ea9522a172e369584ecab52afe384,665e63930b2063393361557101375ecb216ea9522a172e369584ecab52afe384
pair-stage-probes-b604499d-carryL1367/cases/carry_b-v6c_teacher_along+_same_s911_pE2E_L3/case.json,2561,b87ae8d52302b01ed00e7b8941b0d94d5716971d9fab3b40e6d675a95c89b741,b87ae8d52302b01ed00e7b8941b0d94d5716971d9fab3b40e6d675a95c89b741
pair-stage-probes-b604499d-carryL1367/cases/carry_b-v6c_teacher_along+_same_s911_pE2E_L3/result.json,8915,3e9c0db150b8aafa657ca54651a8eaba4c526c7c21804219ee4da428fcefd0f3,3e9c0db150b8aafa657ca54651a8eaba4c526c7c21804219ee4da428fcefd0f3
pair-stage-probes-b604499d-carryL1367/cases/carry_b-v6c_teacher_nominal_s913_pE2E_L3/case.json,2545,64230b2e9c3c003a21b02d11b0f812c06798bf75222ba951693063dea57a0f80,64230b2e9c3c003a21b02d11b0f812c06798bf75222ba951693063dea57a0f80
pair-stage-probes-b604499d-carryL1367/cases/carry_b-v6c_teacher_nominal_s913_pE2E_L3/result.json,27883,8729ae55fe66615ec98b105411aef32c39137b4abba3b4dd0f2c3fa80de32d29,8729ae55fe66615ec98b105411aef32c39137b4abba3b4dd0f2c3fa80de32d29
pair-stage-probes-b604499d-carryL1367/cases/carry_b-v6c_teacher_lat+_same_s911_pE2E_L3/case.json,2559,48eca85d9c015ef1e7e36b8ad3389b3e679773b1b6a7b7e742675633e2abe4ef,48eca85d9c015ef1e7e36b8ad3389b3e679773b1b6a7b7e742675633e2abe4ef
pair-stage-probes-b604499d-carryL1367/cases/carry_b-v6c_teacher_lat+_same_s911_pE2E_L3/result.json,27349,451f163aba37531b6af30c8793d27df93b2108539658ff0f4285e50ab2a208ac,451f163aba37531b6af30c8793d27df93b2108539658ff0f4285e50ab2a208ac
pair-stage-probes-b604499d-carryL1367/cases/carry_b-v6c_teacher_yaw+_same_s911_pE2E_L3/case.json,2573,b6427f32e66ff8ad9751781b781b584a28a1ab4685ca69b5b4e6fdd8fc11b4ef,b6427f32e66ff8ad9751781b781b584a28a1ab4685ca69b5b4e6fdd8fc11b4ef
pair-stage-probes-b604499d-carryL1367/cases/carry_b-v6c_teacher_yaw+_same_s911_pE2E_L3/result.json,27084,8eaa2a74bf9213f5a26b5f56e2d783fb8c840d0bfb67c71f7f8476a623bef79a,8eaa2a74bf9213f5a26b5f56e2d783fb8c840d0bfb67c71f7f8476a623bef79a
pair-stage-probes-b604499d-carryL1367/cases/carry_b-v6c_teacher_corner++_same_s911_pE2E_L3/case.json,2599,9d79b4cb3ac3d2c71b53b5fb8812007e34c02adeb97c22567873bb4dfc0724b5,9d79b4cb3ac3d2c71b53b5fb8812007e34c02adeb97c22567873bb4dfc0724b5
pair-stage-probes-b604499d-carryL1367/cases/carry_b-v6c_teacher_corner++_same_s911_pE2E_L3/result.json,8898,5405f20b35bcad26bb1d08e1e1d819202243d9cdbce6dc0932eb8d02aea4eea9,5405f20b35bcad26bb1d08e1e1d819202243d9cdbce6dc0932eb8d02aea4eea9
pair-stage-probes-b604499d-carryL1367/cases/carry_b-v6c_teacher_nominal_s911_pE2E_L6/case.json,2549,c1d880d21d630aff9cb8c6ed8c0c0c62576e4e9275612d7b44cd677c18deda4d,c1d880d21d630aff9cb8c6ed8c0c0c62576e4e9275612d7b44cd677c18deda4d
pair-stage-probes-b604499d-carryL1367/cases/carry_b-v6c_teacher_nominal_s911_pE2E_L6/result.json,27333,b0ca1e9e900be6f4798a91ebaa867cf725d6d1d3a8ad806480cd238771246b15,b0ca1e9e900be6f4798a91ebaa867cf725d6d1d3a8ad806480cd238771246b15
pair-stage-probes-b604499d-carryL1367/cases/carry_b-v6c_teacher_nominal_s912_pE2E_L6/case.json,2549,daf655b6e66efd5b5eb906ec30fc63c87e00bb4303f7e5149945e4305ba7bf5c,daf655b6e66efd5b5eb906ec30fc63c87e00bb4303f7e5149945e4305ba7bf5c
pair-stage-probes-b604499d-carryL1367/cases/carry_b-v6c_teacher_nominal_s912_pE2E_L6/result.json,27845,22828aaf0e9f036ffd0f470884028eeb85e44a6ef4ffa3f021f60b82d6c7826f,22828aaf0e9f036ffd0f470884028eeb85e44a6ef4ffa3f021f60b82d6c7826f
pair-stage-probes-b604499d-carryL1367/cases/carry_b-v6c_teacher_along+_same_s911_pE2E_L6/case.json,2565,f217b647363c7e027fc1233386b0589462bb263cf3b0b9b63c272ed1c14f5879,f217b647363c7e027fc1233386b0589462bb263cf3b0b9b63c272ed1c14f5879
pair-stage-probes-b604499d-carryL1367/cases/carry_b-v6c_teacher_along+_same_s911_pE2E_L6/result.json,8919,1603c49882e14556a5283b3093ba01066d57b1bdcad05a29564cff6241ad2a6a,1603c49882e14556a5283b3093ba01066d57b1bdcad05a29564cff6241ad2a6a
pair-stage-probes-b604499d-carryL1367/cases/carry_b-v6c_teacher_nominal_s913_pE2E_L6/case.json,2549,08b43d52dd72f7322ed622c5426a6b62cbdb505c6d7c85748259aa342d4b17b4,08b43d52dd72f7322ed622c5426a6b62cbdb505c6d7c85748259aa342d4b17b4
pair-stage-probes-b604499d-carryL1367/cases/carry_b-v6c_teacher_nominal_s913_pE2E_L6/result.json,27844,e681af4629ba234d4f24f0f747cbd454538e4955aad0dcee8d0aebe4dbed259c,e681af4629ba234d4f24f0f747cbd454538e4955aad0dcee8d0aebe4dbed259c
pair-stage-probes-b604499d-carryL1367/cases/carry_b-v6c_teacher_lat+_same_s911_pE2E_L6/case.json,2565,9f14fc8cd237d3a634c897095899d8d4dbfa2923d3d3bf767ebc9dc41241df20,9f14fc8cd237d3a634c897095899d8d4dbfa2923d3d3bf767ebc9dc41241df20
pair-stage-probes-b604499d-carryL1367/cases/carry_b-v6c_teacher_lat+_same_s911_pE2E_L6/result.json,27534,132d8f21c810a3275a6586336556897c98417726f78019203b534c34c419511d,132d8f21c810a3275a6586336556897c98417726f78019203b534c34c419511d
pair-stage-probes-b604499d-carryL1367/cases/carry_b-v6c_teacher_corner++_same_s911_pE2E_L6/case.json,2605,b3b3eb257dd1c376a79f2f435070c568f78bcb054cf87f1363a1f8ab25478b84,b3b3eb257dd1c376a79f2f435070c568f78bcb054cf87f1363a1f8ab25478b84
pair-stage-probes-b604499d-carryL1367/cases/carry_b-v6c_teacher_corner++_same_s911_pE2E_L6/result.json,8900,6a46b2abaff290f97cfa2500bc21bf20a68ed6cfc7e0ec0d1737c106fe36b32f,6a46b2abaff290f97cfa2500bc21bf20a68ed6cfc7e0ec0d1737c106fe36b32f
pair-stage-probes-b604499d-carryL1367/cases/carry_b-v6c_teacher_yaw+_same_s911_pE2E_L6/case.json,2577,5eb9b459712c42ca1a6284e85478a5cac8016d1f92d125a29a06ccbdad752c52,5eb9b459712c42ca1a6284e85478a5cac8016d1f92d125a29a06ccbdad752c52
pair-stage-probes-b604499d-carryL1367/cases/carry_b-v6c_teacher_yaw+_same_s911_pE2E_L6/result.json,27312,66176bad4ee7740c2570cd8a9bfd9a0e2aeec804bc2b47afc47269d4d1a1cb27,66176bad4ee7740c2570cd8a9bfd9a0e2aeec804bc2b47afc47269d4d1a1cb27
pair-stage-probes-b604499d-carryL1367/cases/carry_b-v6c_teacher_nominal_s911_pE2E_L7/case.json,2564,9bc376b88c84bf36743625d90fbd5ab13fdaeca0a45df67454346573f4475d9d,9bc376b88c84bf36743625d90fbd5ab13fdaeca0a45df67454346573f4475d9d
pair-stage-probes-b604499d-carryL1367/cases/carry_b-v6c_teacher_nominal_s911_pE2E_L7/result.json,27328,6e253abbcc9a7580fddca6fc98c3213b560a25028f449f5cdabc82af4cc2741e,6e253abbcc9a7580fddca6fc98c3213b560a25028f449f5cdabc82af4cc2741e
pair-stage-probes-b604499d-carryL1367/cases/carry_b-v6c_teacher_nominal_s912_pE2E_L7/case.json,2564,c2258c236b867ca20a69c3b35bc10ffe07b6bde7db9acc4d1cd0572a2c125d27,c2258c236b867ca20a69c3b35bc10ffe07b6bde7db9acc4d1cd0572a2c125d27
pair-stage-probes-b604499d-carryL1367/cases/carry_b-v6c_teacher_nominal_s912_pE2E_L7/result.json,27320,c75313145974271aa96b27c4d7be738a2f3c20ac9032de9d1b509f99901755d6,c75313145974271aa96b27c4d7be738a2f3c20ac9032de9d1b509f99901755d6
pair-stage-probes-b604499d-carryL1367/cases/carry_b-v6c_teacher_along+_same_s911_pE2E_L7/case.json,2592,211e6c934945401b457eaf626cf990fcf8df54b4578211caac73c449dafa6331,211e6c934945401b457eaf626cf990fcf8df54b4578211caac73c449dafa6331
pair-stage-probes-b604499d-carryL1367/cases/carry_b-v6c_teacher_along+_same_s911_pE2E_L7/result.json,8912,aa458585fafced6bc2d7a76effa52e18736cacb89f157bcb6c484d22253e3c33,aa458585fafced6bc2d7a76effa52e18736cacb89f157bcb6c484d22253e3c33
pair-stage-probes-b604499d-carryL1367/cases/carry_b-v6c_teacher_nominal_s913_pE2E_L7/case.json,2564,797c551fa032ebe74a15036b44dc7cce02861479ef5daab05c3dd3880688ea75,797c551fa032ebe74a15036b44dc7cce02861479ef5daab05c3dd3880688ea75
pair-stage-probes-b604499d-carryL1367/cases/carry_b-v6c_teacher_nominal_s913_pE2E_L7/result.json,27835,a13a8175395c544cdf16432bb99df78d00ff6e84dae6df927e4fd0cffae8464f,a13a8175395c544cdf16432bb99df78d00ff6e84dae6df927e4fd0cffae8464f
pair-stage-probes-b604499d-carryL1367/cases/carry_b-v6c_teacher_lat+_same_s911_pE2E_L7/case.json,2580,65f607a448ec465db40d5162347575d698053fc785920ce3a836439c56425bf2,65f607a448ec465db40d5162347575d698053fc785920ce3a836439c56425bf2
pair-stage-probes-b604499d-carryL1367/cases/carry_b-v6c_teacher_lat+_same_s911_pE2E_L7/result.json,26833,46ff2edf55c64b0929f0ec01a149aeb8692e1f93fe55effbbda695d58df3574a,46ff2edf55c64b0929f0ec01a149aeb8692e1f93fe55effbbda695d58df3574a
pair-stage-probes-b604499d-carryL1367/cases/carry_b-v6c_teacher_corner++_same_s911_pE2E_L7/case.json,2632,37a34ae1af566e11d16266c85c919a20d6bd088b33f445bfbcfdd49c094827e1,37a34ae1af566e11d16266c85c919a20d6bd088b33f445bfbcfdd49c094827e1
pair-stage-probes-b604499d-carryL1367/cases/carry_b-v6c_teacher_corner++_same_s911_pE2E_L7/result.json,8923,244b1e1534d0b29e09c62236e655cb908a6c51d17d2920e2e9dacb56fc038fdf,244b1e1534d0b29e09c62236e655cb908a6c51d17d2920e2e9dacb56fc038fdf
pair-stage-probes-b604499d-carryL1367/cases/carry_b-v6c_teacher_yaw+_same_s911_pE2E_L7/case.json,2592,c25ab214ab459f5d9875c7dae846d236d4f23b256eda47919203b4a29d99b43c,c25ab214ab459f5d9875c7dae846d236d4f23b256eda47919203b4a29d99b43c
pair-stage-probes-b604499d-carryL1367/cases/carry_b-v6c_teacher_yaw+_same_s911_pE2E_L7/result.json,27322,28837dd9ef356d4221720adb79a2fd16ec622cdcd9f6af5bd4de37dc1f809f70,28837dd9ef356d4221720adb79a2fd16ec622cdcd9f6af5bd4de37dc1f809f70
pair-stage-probes-b604499d-sdEnd/manifest.json,160064,2490f6dcd68f554a209945184961cccaf48c64804ff4c112c90096cd3827d6b9,
pair-stage-probes-b604499d-sdEnd/cases.jsonl,40968,1afe957098fafaa03cd84927fd334a088c20c3c78d6d7c08bac607eeb1baf32c,
pair-stage-probes-b604499d-sdEnd/artifacts.sha256.json,2073335,f5da4ff9cbd4323bc199c61a5b07df1ce550bfbb9afce7392026c2af6dfb2a82,
pair-stage-probes-b604499d-sdEnd/plan.json,60965,b31362094f43478fa4a42e73dffb3d342860d03aaf75d25284b769f2d67c4e73,
pair-stage-probes-b604499d-sdPickup/manifest.json,160064,aaa163b01d2856b2da8b4c4c1670769d8abde3a1aac63c05c172d52ade246b25,
pair-stage-probes-b604499d-sdPickup/cases.jsonl,8378,c06a6dbfd2fafc557def933274be3f484fef5ebf2a351a37dbd534c179e65247,
pair-stage-probes-b604499d-sdPickup/artifacts.sha256.json,161046,e2c37957935d2d42733e5a193d5dac41be523e987e30e707ee73699f4b82da54,
pair-stage-probes-b604499d-sdPickup/plan.json,8939,ecc57f6bcffec65153ed4cc6a8b7da43885b87fd4b9de0d88388f3deb7ff160e,
pair-stage-probes-ba834d02-gcal2/manifest.json,165141,801a2aa72ebbce36ee2123b1f2e084ae64fd52604ce94671e86c0c20b5f0435f,
pair-stage-probes-ba834d02-gcal2/cases.jsonl,64742,fb47db7b7e3fc2aff8fb47f3407b73bd6c9244900022c913ca2b509ac0a09a14,
pair-stage-probes-ba834d02-gcal2/artifacts.sha256.json,2468093,a05d479f975c9c1974a645908f76446b734fd8465a600745154ce311e53ffe57,
pair-stage-probes-ba834d02-gcal2/plan.json,61404,394f155816dced0339057cfb212f53d73267a01c0ad41041dd03b1f89eab41f8,
pair-stage-probes-ba834d02-gcal2/cases/carry_b-v6e_teacher_nominal_s911_pE2E_Vcal2/case.json,2597,9a5afb7994738514d6b5fe21999ed46b3d26fe0985f1a6acf9efa7c59ea5005b,9a5afb7994738514d6b5fe21999ed46b3d26fe0985f1a6acf9efa7c59ea5005b
pair-stage-probes-ba834d02-gcal2/cases/carry_b-v6e_teacher_nominal_s911_pE2E_Vcal2/result.json,55265,25e1d60b691664561d5b407d9332324aa44cff2905bbcc6f83cd7f1d37dc2c80,25e1d60b691664561d5b407d9332324aa44cff2905bbcc6f83cd7f1d37dc2c80
pair-stage-probes-ba834d02-gcal2/cases/carry_b-v6e_teacher_lat-_opp_s911_pE2E_Vcal2/case.json,2638,ad3f706a91b076aaabdc69086366fb962f6d5e73e126004fa3c99d7ae92062f5,ad3f706a91b076aaabdc69086366fb962f6d5e73e126004fa3c99d7ae92062f5
pair-stage-probes-ba834d02-gcal2/cases/carry_b-v6e_teacher_lat-_opp_s911_pE2E_Vcal2/result.json,55200,d87f7e90d6b4e78dc5162b62c7b88b51b468e0413a8e568e3254adfb5fe92c1c,d87f7e90d6b4e78dc5162b62c7b88b51b468e0413a8e568e3254adfb5fe92c1c
pair-stage-probes-ba834d02-gcal2/cases/carry_b-v6e_teacher_yaw+_same_s911_pE2E_Vcal2/case.json,2625,1cd8d7a27d9d0295ad49cd8d01bd19f342f93779eae9be2bf75c8735584bf51b,1cd8d7a27d9d0295ad49cd8d01bd19f342f93779eae9be2bf75c8735584bf51b
pair-stage-probes-ba834d02-gcal2/cases/carry_b-v6e_teacher_yaw+_same_s911_pE2E_Vcal2/result.json,55220,876b1d70ceb4ab8c5dd2d47433334ad7a3766517d49c687083981ab4a0a43a8f,876b1d70ceb4ab8c5dd2d47433334ad7a3766517d49c687083981ab4a0a43a8f
pair-stage-probes-ba834d02-gcal2/cases/carry_b-v6e_teacher_yaw-_opp_s911_pE2E_Vcal2/case.json,2625,2216135271fd579c638472827bab028e2e2ad4cf83ff7b57121d4d9013c77edd,2216135271fd579c638472827bab028e2e2ad4cf83ff7b57121d4d9013c77edd
pair-stage-probes-ba834d02-gcal2/cases/carry_b-v6e_teacher_yaw-_opp_s911_pE2E_Vcal2/result.json,55194,56dad43223fc42324987f997edc440ef30a426fbb49e476d0955b397fd2c70bc,56dad43223fc42324987f997edc440ef30a426fbb49e476d0955b397fd2c70bc
pair-stage-probes-ba834d02-gcal2/cases/carry_b-v6e_teacher_nominal_s911_pE2E_L1_Vcal2/case.json,2671,f1eaf67a6a7e6bea34709c46f7e65bda5313e2439213d4bec061081b8f190374,f1eaf67a6a7e6bea34709c46f7e65bda5313e2439213d4bec061081b8f190374
pair-stage-probes-ba834d02-gcal2/cases/carry_b-v6e_teacher_nominal_s911_pE2E_L1_Vcal2/result.json,60786,b963f9bbcc697ccb170d92c3f7d5770b5734c57ac88d160b97cb09f45575876c,b963f9bbcc697ccb170d92c3f7d5770b5734c57ac88d160b97cb09f45575876c
pair-stage-probes-ba834d02-gcal2/cases/carry_b-v6e_teacher_lat-_opp_s911_pE2E_L1_Vcal2/case.json,2712,09f24b9ee2d64bfe44b40d4ebcd4cd51aca0fe7e3d0b04e5675278c03e09fb72,09f24b9ee2d64bfe44b40d4ebcd4cd51aca0fe7e3d0b04e5675278c03e09fb72
pair-stage-probes-ba834d02-gcal2/cases/carry_b-v6e_teacher_lat-_opp_s911_pE2E_L1_Vcal2/result.json,60660,87a4efe18aea3491db45f1e743851fc96424e08061b5464412295ff5ba22d706,87a4efe18aea3491db45f1e743851fc96424e08061b5464412295ff5ba22d706
pair-stage-probes-ba834d02-gcal2/cases/carry_b-v6e_teacher_yaw+_same_s911_pE2E_L1_Vcal2/case.json,2699,4c7b52df1394f46c0a8a50289d37b4a13fe6a411a46111abca725ac81a6813bf,4c7b52df1394f46c0a8a50289d37b4a13fe6a411a46111abca725ac81a6813bf
pair-stage-probes-ba834d02-gcal2/cases/carry_b-v6e_teacher_yaw+_same_s911_pE2E_L1_Vcal2/result.json,60716,a4e793c5047e178a05deba8bd76aa98f9a9e1204087bf9ed63baf32ee447f6e3,a4e793c5047e178a05deba8bd76aa98f9a9e1204087bf9ed63baf32ee447f6e3
pair-stage-probes-ba834d02-gcal2/cases/carry_b-v6e_teacher_yaw-_opp_s911_pE2E_L1_Vcal2/case.json,2699,904d36182f2f7653f5aa05907a1a4da811763c76208a5c50c9e34f985b6e989e,904d36182f2f7653f5aa05907a1a4da811763c76208a5c50c9e34f985b6e989e
pair-stage-probes-ba834d02-gcal2/cases/carry_b-v6e_teacher_yaw-_opp_s911_pE2E_L1_Vcal2/result.json,60701,4f4930d3c2eafb97753f11b54f89462732952201e30e1a6730949b66186d516e,4f4930d3c2eafb97753f11b54f89462732952201e30e1a6730949b66186d516e
pair-stage-probes-ba834d02-gcal2/cases/carry_b-v6e_teacher_nominal_s911_pE2E_L2_Vcal2/case.json,2656,7e98a13e1a5ea4e38570cd8cb65d9f617cd1cc647cf63084fef320a91892b1b1,7e98a13e1a5ea4e38570cd8cb65d9f617cd1cc647cf63084fef320a91892b1b1
pair-stage-probes-ba834d02-gcal2/cases/carry_b-v6e_teacher_nominal_s911_pE2E_L2_Vcal2/result.json,58236,2d9eca9f606d94b022a95155cd31571f73da578608277a1e505d34c86f4b8c9a,2d9eca9f606d94b022a95155cd31571f73da578608277a1e505d34c86f4b8c9a
pair-stage-probes-ba834d02-gcal2/cases/carry_b-v6e_teacher_lat-_opp_s911_pE2E_L2_Vcal2/case.json,2697,64c28aa5f243e6adad24d46468bc8f4101a408ae7994a24e95a472d758b95d46,64c28aa5f243e6adad24d46468bc8f4101a408ae7994a24e95a472d758b95d46
pair-stage-probes-ba834d02-gcal2/cases/carry_b-v6e_teacher_lat-_opp_s911_pE2E_L2_Vcal2/result.json,58123,e928cf9990e0e76a1e05d8011c99350350fe2a65f92c0b2439d8a5af82b21938,e928cf9990e0e76a1e05d8011c99350350fe2a65f92c0b2439d8a5af82b21938
pair-stage-probes-ba834d02-gcal2/cases/carry_b-v6e_teacher_yaw+_same_s911_pE2E_L2_Vcal2/case.json,2684,22dbca000dca02cada322b6e6296fd0e5f6081d648483df3e3854f25c434f9d1,22dbca000dca02cada322b6e6296fd0e5f6081d648483df3e3854f25c434f9d1
pair-stage-probes-ba834d02-gcal2/cases/carry_b-v6e_teacher_yaw+_same_s911_pE2E_L2_Vcal2/result.json,58165,ecf1be35eb78767d1e6562bca6cc813486ad424d55f1c9dbcde6a87f907aed17,ecf1be35eb78767d1e6562bca6cc813486ad424d55f1c9dbcde6a87f907aed17
pair-stage-probes-ba834d02-gcal2/cases/carry_b-v6e_teacher_yaw-_opp_s911_pE2E_L2_Vcal2/case.json,2684,2930942a99d54e394ab1cf55b929a963f0a4e26b024950b25982d14074469ea2,2930942a99d54e394ab1cf55b929a963f0a4e26b024950b25982d14074469ea2
pair-stage-probes-ba834d02-gcal2/cases/carry_b-v6e_teacher_yaw-_opp_s911_pE2E_L2_Vcal2/result.json,58029,962b0f093d928382db8e412459439562594ba17038a757268924a868d9416c63,962b0f093d928382db8e412459439562594ba17038a757268924a868d9416c63
pair-stage-probes-ba834d02-gcal2/cases/carry_b-v6e_teacher_nominal_s911_pE2E_L3_Vcal2/case.json,2669,a5c70c4160ffc2b41cb1c34ffbc4875608b9b94b6a4ea1b4e5221cee77280328,a5c70c4160ffc2b41cb1c34ffbc4875608b9b94b6a4ea1b4e5221cee77280328
pair-stage-probes-ba834d02-gcal2/cases/carry_b-v6e_teacher_nominal_s911_pE2E_L3_Vcal2/result.json,56282,3962ed43729921b7f35ba524b6519b2dffda40412c23183c93a9ca616d9ccc95,3962ed43729921b7f35ba524b6519b2dffda40412c23183c93a9ca616d9ccc95
pair-stage-probes-ba834d02-gcal2/cases/carry_b-v6e_teacher_lat-_opp_s911_pE2E_L3_Vcal2/case.json,2710,c6da630fac42910dc979d58ab61bf59031160de04b629558130bb8496b8b5d43,c6da630fac42910dc979d58ab61bf59031160de04b629558130bb8496b8b5d43
pair-stage-probes-ba834d02-gcal2/cases/carry_b-v6e_teacher_lat-_opp_s911_pE2E_L3_Vcal2/result.json,56213,48ac550321c1fde7fe0d1b7a5c024747eb9aaf4f636e436192b49dadfe073688,48ac550321c1fde7fe0d1b7a5c024747eb9aaf4f636e436192b49dadfe073688
pair-stage-probes-ba834d02-gcal2/cases/carry_b-v6e_teacher_yaw+_same_s911_pE2E_L3_Vcal2/case.json,2697,1e987ea222538ac5001a7581f04981f1c7516439ce26d19cff8c6762cfe42309,1e987ea222538ac5001a7581f04981f1c7516439ce26d19cff8c6762cfe42309
pair-stage-probes-ba834d02-gcal2/cases/carry_b-v6e_teacher_yaw+_same_s911_pE2E_L3_Vcal2/result.json,56239,d797093240e55c92890af02e19b51260aad156ebd5f36cff78b789e79712b6f4,d797093240e55c92890af02e19b51260aad156ebd5f36cff78b789e79712b6f4
pair-stage-probes-ba834d02-gcal2/cases/carry_b-v6e_teacher_yaw-_opp_s911_pE2E_L3_Vcal2/case.json,2697,9a6e89d0d8328c7a065fa071bfd121eca48297502d6a5d420c5e59d5128a3016,9a6e89d0d8328c7a065fa071bfd121eca48297502d6a5d420c5e59d5128a3016
pair-stage-probes-ba834d02-gcal2/cases/carry_b-v6e_teacher_yaw-_opp_s911_pE2E_L3_Vcal2/result.json,56256,03b111b6de3acf5d20c4bce1c59a70303268ecd7e365cbab5e185dc4f6448345,03b111b6de3acf5d20c4bce1c59a70303268ecd7e365cbab5e185dc4f6448345
pair-stage-probes-ba834d02-gcal2/cases/carry_b-v6e_teacher_nominal_s911_pE2E_L6_Vcal2/case.json,2644,535380618f551200dd7bb57097e0899ac16ccbc1d6c668ecdbefbb06c79d6eca,535380618f551200dd7bb57097e0899ac16ccbc1d6c668ecdbefbb06c79d6eca
pair-stage-probes-ba834d02-gcal2/cases/carry_b-v6e_teacher_nominal_s911_pE2E_L6_Vcal2/result.json,56716,cda8b12df43ccde483ee0efb2d11a89d91ca288766c15fe8e2df17a0803d5b42,cda8b12df43ccde483ee0efb2d11a89d91ca288766c15fe8e2df17a0803d5b42
pair-stage-probes-ba834d02-gcal2/cases/carry_b-v6e_teacher_lat-_opp_s911_pE2E_L6_Vcal2/case.json,2657,936e1951854f3d305b7bba94372226d39209cd3fb7840cd70ab72cc1c7308a22,936e1951854f3d305b7bba94372226d39209cd3fb7840cd70ab72cc1c7308a22
pair-stage-probes-ba834d02-gcal2/cases/carry_b-v6e_teacher_lat-_opp_s911_pE2E_L6_Vcal2/result.json,56621,cbd6fd1d8c7f6ec8b5c02ceba2c632606f6c80ba65cd84e8527b2a53590a662f,cbd6fd1d8c7f6ec8b5c02ceba2c632606f6c80ba65cd84e8527b2a53590a662f
pair-stage-probes-ba834d02-gcal2/cases/carry_b-v6e_teacher_yaw+_same_s911_pE2E_L6_Vcal2/case.json,2672,76435e8abf6c92c8df9d245ce3f86939bdc479a05837f31177ca59aa1bab0ac6,76435e8abf6c92c8df9d245ce3f86939bdc479a05837f31177ca59aa1bab0ac6
pair-stage-probes-ba834d02-gcal2/cases/carry_b-v6e_teacher_yaw+_same_s911_pE2E_L6_Vcal2/result.json,56631,4c3d181f9ecc55e0014cf197ed954f698822964b3be53ca17f3b018f3c5c1835,4c3d181f9ecc55e0014cf197ed954f698822964b3be53ca17f3b018f3c5c1835
pair-stage-probes-ba834d02-gcal2/cases/carry_b-v6e_teacher_yaw-_opp_s911_pE2E_L6_Vcal2/case.json,2672,71397679fc96b2ed73b67e60a3a6368eeedf85e88cdd86988491694d4fdd464d,71397679fc96b2ed73b67e60a3a6368eeedf85e88cdd86988491694d4fdd464d
pair-stage-probes-ba834d02-gcal2/cases/carry_b-v6e_teacher_yaw-_opp_s911_pE2E_L6_Vcal2/result.json,56628,3fb082f9db4a6eb1a077cb8345459b170aafa01f1141d8e743b38717ab5e5346,3fb082f9db4a6eb1a077cb8345459b170aafa01f1141d8e743b38717ab5e5346
pair-stage-probes-ba834d02-gcal3/manifest.json,165140,aa602a5ba1da087078a01f8cbf82bd2c94fe3489aab79a9b27954070b9cf7e4f,
pair-stage-probes-ba834d02-gcal3/cases.jsonl,64254,8722fc6ba08de18d7a7563245535c3b2b1348139d88f55008097612a489549bd,
pair-stage-probes-ba834d02-gcal3/artifacts.sha256.json,2425736,1df9dd1978653d543a502dbb83cc0240ae56a0cb6fcf134f0d3d885be55872a0,
pair-stage-probes-ba834d02-gcal3/plan.json,61781,aa00e9b2539e6088c68cda109609bc8c9e9089b54bb053f36b58a0609acdb438,
pair-stage-probes-ba834d02-gcal3/cases/carry_b-v6e_teacher_lat-_opp_s911_pE2E_Vcal3/case.json,2662,a51d69bcc33f82a6970023cef49c95ff92cd8e0171bff244c5452a690ec62c57,a51d69bcc33f82a6970023cef49c95ff92cd8e0171bff244c5452a690ec62c57
pair-stage-probes-ba834d02-gcal3/cases/carry_b-v6e_teacher_lat-_opp_s911_pE2E_Vcal3/result.json,44712,978161f559bb7821680085612f33c958cb3dbc4c4a77373474026e4fccb3d57d,978161f559bb7821680085612f33c958cb3dbc4c4a77373474026e4fccb3d57d
pair-stage-probes-ba834d02-gcal3/cases/carry_b-v6e_teacher_nominal_s911_pE2E_Vcal3/case.json,2650,920d8810448c9f2b106a34fac0686371326ece8ef0b4b4c17040b4bcf8d5735d,920d8810448c9f2b106a34fac0686371326ece8ef0b4b4c17040b4bcf8d5735d
pair-stage-probes-ba834d02-gcal3/cases/carry_b-v6e_teacher_nominal_s911_pE2E_Vcal3/result.json,52714,ea5222fb0a2c5624d6d859fee0652189aa9eb7a87bae414c181522fea540c9a9,ea5222fb0a2c5624d6d859fee0652189aa9eb7a87bae414c181522fea540c9a9
pair-stage-probes-ba834d02-gcal3/cases/carry_b-v6e_teacher_yaw+_same_s911_pE2E_Vcal3/case.json,2661,c19a2f9990937d94b47d84b4f4e759e44c13dd323372167940b653584d2f9775,c19a2f9990937d94b47d84b4f4e759e44c13dd323372167940b653584d2f9775
pair-stage-probes-ba834d02-gcal3/cases/carry_b-v6e_teacher_yaw+_same_s911_pE2E_Vcal3/result.json,52711,8b9e4f8ded2f033c058c7edb86f915bca9681b6784e16241d67128c3d719f8cc,8b9e4f8ded2f033c058c7edb86f915bca9681b6784e16241d67128c3d719f8cc
pair-stage-probes-ba834d02-gcal3/cases/carry_b-v6e_teacher_yaw-_opp_s911_pE2E_Vcal3/case.json,2663,bd2241d6372af77384be6aa58e4f52defeb1f83482af5f2e54f7584bf822fb79,bd2241d6372af77384be6aa58e4f52defeb1f83482af5f2e54f7584bf822fb79
pair-stage-probes-ba834d02-gcal3/cases/carry_b-v6e_teacher_yaw-_opp_s911_pE2E_Vcal3/result.json,52640,d6ef07dd31b7735d823c874ea04d2b442bec615742967935da636b9a2973478f,d6ef07dd31b7735d823c874ea04d2b442bec615742967935da636b9a2973478f
pair-stage-probes-ba834d02-gcal3/cases/carry_b-v6e_teacher_nominal_s911_pE2E_L1_Vcal3/case.json,2705,a9b500b080cc006a972cb12e99b3edd8e2a94eae3c7ac451cb578cb6e6c358f3,a9b500b080cc006a972cb12e99b3edd8e2a94eae3c7ac451cb578cb6e6c358f3
pair-stage-probes-ba834d02-gcal3/cases/carry_b-v6e_teacher_nominal_s911_pE2E_L1_Vcal3/result.json,60767,44cdaae11f5b1f23adf0d5b939a04b68388d17d26db19cfd21886a75792be4d2,44cdaae11f5b1f23adf0d5b939a04b68388d17d26db19cfd21886a75792be4d2
pair-stage-probes-ba834d02-gcal3/cases/carry_b-v6e_teacher_lat-_opp_s911_pE2E_L1_Vcal3/case.json,2716,765d4b8f22303c7c13898067952ae135e82222b75b5653791f8b649836b2d5f0,765d4b8f22303c7c13898067952ae135e82222b75b5653791f8b649836b2d5f0
pair-stage-probes-ba834d02-gcal3/cases/carry_b-v6e_teacher_lat-_opp_s911_pE2E_L1_Vcal3/result.json,60694,5dc52820d73c12c4d018d303d9a014132e7a4781f1ae5573a22d00f7ac81f11c,5dc52820d73c12c4d018d303d9a014132e7a4781f1ae5573a22d00f7ac81f11c
pair-stage-probes-ba834d02-gcal3/cases/carry_b-v6e_teacher_yaw+_same_s911_pE2E_L1_Vcal3/case.json,2716,b85c1bc33848e360d8109ce3a227745319d6b8c167c0e8ca03c1975e88ec821f,b85c1bc33848e360d8109ce3a227745319d6b8c167c0e8ca03c1975e88ec821f
pair-stage-probes-ba834d02-gcal3/cases/carry_b-v6e_teacher_yaw+_same_s911_pE2E_L1_Vcal3/result.json,60697,62f590094ae880696789ffc56e004f5cf3b822bd6817f433019e906ed2e97d69,62f590094ae880696789ffc56e004f5cf3b822bd6817f433019e906ed2e97d69
pair-stage-probes-ba834d02-gcal3/cases/carry_b-v6e_teacher_yaw-_opp_s911_pE2E_L1_Vcal3/case.json,2718,d9f5eb10e3a1e6c81159aacbcc898e4665a1e6b9de1603c27377ed44deb6049d,d9f5eb10e3a1e6c81159aacbcc898e4665a1e6b9de1603c27377ed44deb6049d
pair-stage-probes-ba834d02-gcal3/cases/carry_b-v6e_teacher_yaw-_opp_s911_pE2E_L1_Vcal3/result.json,60733,8b6e71578a500f555a48c7ba4adc1f5f863db9061e3b2fdbd893c529a7dcc80b,8b6e71578a500f555a48c7ba4adc1f5f863db9061e3b2fdbd893c529a7dcc80b
pair-stage-probes-ba834d02-gcal3/cases/carry_b-v6e_teacher_nominal_s911_pE2E_L2_Vcal3/case.json,2691,67b1552b3d1f9e8d39c685cdaff86ec6697edc626e7441898b34eaed64459b0f,67b1552b3d1f9e8d39c685cdaff86ec6697edc626e7441898b34eaed64459b0f
pair-stage-probes-ba834d02-gcal3/cases/carry_b-v6e_teacher_nominal_s911_pE2E_L2_Vcal3/result.json,58236,e22290dbbccc1f1ba588cea107565ca63bd60ebc4663ee3ae96856c8655c539a,e22290dbbccc1f1ba588cea107565ca63bd60ebc4663ee3ae96856c8655c539a
pair-stage-probes-ba834d02-gcal3/cases/carry_b-v6e_teacher_lat-_opp_s911_pE2E_L2_Vcal3/case.json,2702,97be5c72f0159012ca968a66d7d6071611e446a243ec6ce8cdb22b5e47cd55e2,97be5c72f0159012ca968a66d7d6071611e446a243ec6ce8cdb22b5e47cd55e2
pair-stage-probes-ba834d02-gcal3/cases/carry_b-v6e_teacher_lat-_opp_s911_pE2E_L2_Vcal3/result.json,58157,162d64611cf40b4d2b4d5cd38d71659957afdc7f1ba99050fa23817d1b62a1e7,162d64611cf40b4d2b4d5cd38d71659957afdc7f1ba99050fa23817d1b62a1e7
pair-stage-probes-ba834d02-gcal3/cases/carry_b-v6e_teacher_yaw+_same_s911_pE2E_L2_Vcal3/case.json,2702,810fe5494e0b7346de50958f0e712c288f50975d30144fbdfae482d2b6b528e2,810fe5494e0b7346de50958f0e712c288f50975d30144fbdfae482d2b6b528e2
pair-stage-probes-ba834d02-gcal3/cases/carry_b-v6e_teacher_yaw+_same_s911_pE2E_L2_Vcal3/result.json,58175,10723e528ff509530de48a88ed88b32335d748ffcfc2920b97e014ae2f5f7a38,10723e528ff509530de48a88ed88b32335d748ffcfc2920b97e014ae2f5f7a38
pair-stage-probes-ba834d02-gcal3/cases/carry_b-v6e_teacher_yaw-_opp_s911_pE2E_L2_Vcal3/case.json,2704,4e6a13378aaba83458b4cecd9081c1391c70dd1509bf170e38dae9e6a108e8dd,4e6a13378aaba83458b4cecd9081c1391c70dd1509bf170e38dae9e6a108e8dd
pair-stage-probes-ba834d02-gcal3/cases/carry_b-v6e_teacher_yaw-_opp_s911_pE2E_L2_Vcal3/result.json,58158,c102d6103401ce5feaa90a008c99a53008feb574eb7f252e7511668533d6dbf3,c102d6103401ce5feaa90a008c99a53008feb574eb7f252e7511668533d6dbf3
pair-stage-probes-ba834d02-gcal3/cases/carry_b-v6e_teacher_nominal_s911_pE2E_L3_Vcal3/case.json,2678,fa752b5137b3e9bdbacafaa5ce5dca035ab1f611ada131955277a04de6360a95,fa752b5137b3e9bdbacafaa5ce5dca035ab1f611ada131955277a04de6360a95
pair-stage-probes-ba834d02-gcal3/cases/carry_b-v6e_teacher_nominal_s911_pE2E_L3_Vcal3/result.json,56247,2cd15498f7951cf098da6efb6924989400a453740933fa5d79fcbfaeea4c21ea,2cd15498f7951cf098da6efb6924989400a453740933fa5d79fcbfaeea4c21ea
pair-stage-probes-ba834d02-gcal3/cases/carry_b-v6e_teacher_lat-_opp_s911_pE2E_L3_Vcal3/case.json,2690,db46dec8c1d004a86962c5c8bbd857eb794e64c444d4f6ab4205b003c8898eba,db46dec8c1d004a86962c5c8bbd857eb794e64c444d4f6ab4205b003c8898eba
pair-stage-probes-ba834d02-gcal3/cases/carry_b-v6e_teacher_lat-_opp_s911_pE2E_L3_Vcal3/result.json,56189,e9ffd58cb2d1c8e4ea1e79185be689ab88035a866e992d030b4edfdfd0a61673,e9ffd58cb2d1c8e4ea1e79185be689ab88035a866e992d030b4edfdfd0a61673
pair-stage-probes-ba834d02-gcal3/cases/carry_b-v6e_teacher_yaw+_same_s911_pE2E_L3_Vcal3/case.json,2689,f2a23b5d22ee41cb74ce887d40285f43d20d22ca8ec0f1b18a3f95bddde65eef,f2a23b5d22ee41cb74ce887d40285f43d20d22ca8ec0f1b18a3f95bddde65eef
pair-stage-probes-ba834d02-gcal3/cases/carry_b-v6e_teacher_yaw+_same_s911_pE2E_L3_Vcal3/result.json,56217,d6392a0d34732c10a0e343c72edc65779ed35bfa9b79e6f0624b4b6ab0dc0511,d6392a0d34732c10a0e343c72edc65779ed35bfa9b79e6f0624b4b6ab0dc0511
pair-stage-probes-ba834d02-gcal3/cases/carry_b-v6e_teacher_yaw-_opp_s911_pE2E_L3_Vcal3/case.json,2691,af198ed2e783dfe7749bad67db8a90dbf6b0225ccb9a8f751a6e187b1d0de245,af198ed2e783dfe7749bad67db8a90dbf6b0225ccb9a8f751a6e187b1d0de245
pair-stage-probes-ba834d02-gcal3/cases/carry_b-v6e_teacher_yaw-_opp_s911_pE2E_L3_Vcal3/result.json,56227,b965ec6e4234c09c20e3818838ab4efa04fd3360dffbc0ddc106a34f1d15850f,b965ec6e4234c09c20e3818838ab4efa04fd3360dffbc0ddc106a34f1d15850f
pair-stage-probes-ba834d02-gcal3/cases/carry_b-v6e_teacher_nominal_s911_pE2E_L6_Vcal3/case.json,2677,c54ccff96e79c98c6ad88990adebe77187a630d2a5c70b0eefcff6412452c916,c54ccff96e79c98c6ad88990adebe77187a630d2a5c70b0eefcff6412452c916
pair-stage-probes-ba834d02-gcal3/cases/carry_b-v6e_teacher_nominal_s911_pE2E_L6_Vcal3/result.json,56681,fc35eb91a4620f9ad7e421b7d480cdfd48e00f6ed55ed5a542468c77cee08566,fc35eb91a4620f9ad7e421b7d480cdfd48e00f6ed55ed5a542468c77cee08566
pair-stage-probes-ba834d02-gcal3/cases/carry_b-v6e_teacher_lat-_opp_s911_pE2E_L6_Vcal3/case.json,2689,e8132392a2f6f0d921467147318b0fb44e4ce994b88bf6243b473b6d8973bc1e,e8132392a2f6f0d921467147318b0fb44e4ce994b88bf6243b473b6d8973bc1e
pair-stage-probes-ba834d02-gcal3/cases/carry_b-v6e_teacher_lat-_opp_s911_pE2E_L6_Vcal3/result.json,56631,8acd461f58a5fe673d7776bb6926fa6accc593b053f5dacb0001fa05e56673e8,8acd461f58a5fe673d7776bb6926fa6accc593b053f5dacb0001fa05e56673e8
pair-stage-probes-ba834d02-gcal3/cases/carry_b-v6e_teacher_yaw+_same_s911_pE2E_L6_Vcal3/case.json,2688,f3b505931ab3d1c7498bb71b75a30e721bc720dbf9c0701b08f2a0a4a8b3c7ac,f3b505931ab3d1c7498bb71b75a30e721bc720dbf9c0701b08f2a0a4a8b3c7ac
pair-stage-probes-ba834d02-gcal3/cases/carry_b-v6e_teacher_yaw+_same_s911_pE2E_L6_Vcal3/result.json,56582,d69e287f2d1cf4eb8981a326fd56f3cc6acb21aa9dbfab11fbae8262131f45ea,d69e287f2d1cf4eb8981a326fd56f3cc6acb21aa9dbfab11fbae8262131f45ea
pair-stage-probes-ba834d02-gcal3/cases/carry_b-v6e_teacher_yaw-_opp_s911_pE2E_L6_Vcal3/case.json,2690,cec19118f91f616294baadfc7bdb0cd47e2fdad99ace17d122d3daf0fc9a3bcf,cec19118f91f616294baadfc7bdb0cd47e2fdad99ace17d122d3daf0fc9a3bcf
pair-stage-probes-ba834d02-gcal3/cases/carry_b-v6e_teacher_yaw-_opp_s911_pE2E_L6_Vcal3/result.json,56590,fa92a3f7f9b519a3ca6b3c7179b513f4da4c16ee44f4f7095b4047d19ae9186c,fa92a3f7f9b519a3ca6b3c7179b513f4da4c16ee44f4f7095b4047d19ae9186c
pair-stage-probes-ba834d02-gcal4/manifest.json,164905,e56ab330411d13c94118f3932ce4494bce14929493ec558abc8e022013a500e6,
pair-stage-probes-ba834d02-gcal4/cases.jsonl,37712,1be397a5d036b99820027c3eeafce9a862a33daf79b8df3a64cb594496ac3247,
pair-stage-probes-ba834d02-gcal4/plan.json,61801,f455fe2735276ae9764d1c5eb10a9f4acad04bd873d686290c41c2ff27c82982,
pair-stage-probes-ba834d02-gcal4/cases/carry_b-v6e_teacher_nominal_s911_pE2E_Vcal4/case.json,2646,c2670111c69f0c0e24c74d4a0e6c3ec04787811a2eefe26a0c53a8b9f965ecd7,
pair-stage-probes-ba834d02-gcal4/cases/carry_b-v6e_teacher_nominal_s911_pE2E_Vcal4/result.json,52728,ba484d5a660fda4cdfe700876b32e381a02255ed51b4599b86b65b4f820147b4,
pair-stage-probes-ba834d02-gcal4/cases/carry_b-v6e_teacher_lat-_opp_s911_pE2E_Vcal4/case.json,2657,ed84d7f471759420bdbaaf561ff2660c1b36b0a352c172258706fae16fe29cfc,
pair-stage-probes-ba834d02-gcal4/cases/carry_b-v6e_teacher_lat-_opp_s911_pE2E_Vcal4/result.json,52637,eaff98e0dbd9c462d7c012b435b42e0de6878c0028847034000eb423c7c4b8e9,
pair-stage-probes-ba834d02-gcal4/cases/carry_b-v6e_teacher_yaw+_same_s911_pE2E_Vcal4/case.json,2659,cc769b06d57209feb61d7cbdd118691b5b5805e6c475ebb7bad06758963851a2,
pair-stage-probes-ba834d02-gcal4/cases/carry_b-v6e_teacher_yaw+_same_s911_pE2E_Vcal4/result.json,52653,d540b188b60106918b9603676861dfaf44bcb93e47c9ca320028b005a6410810,
pair-stage-probes-ba834d02-gcal4/cases/carry_b-v6e_teacher_yaw-_opp_s911_pE2E_Vcal4/case.json,2657,3dd152a3611323f0939d7a2b2b4de498a383afeace6ee1c7bec029ac20be3685,
pair-stage-probes-ba834d02-gcal4/cases/carry_b-v6e_teacher_yaw-_opp_s911_pE2E_Vcal4/result.json,52663,4f5261db17ccefe32bb86cce09f0c7505b2eef7af2f405be8758e9222ff4f5cd,
pair-stage-probes-ba834d02-gcal4/cases/carry_b-v6e_teacher_nominal_s911_pE2E_L1_Vcal4/case.json,2704,984bebe8715c9041ff7008c4efea5980f363c5befae80c95d4ec44512bdc1bbe,
pair-stage-probes-ba834d02-gcal4/cases/carry_b-v6e_teacher_nominal_s911_pE2E_L1_Vcal4/result.json,24073,607ed3faaabd204f8f75cddc200e84397c19e7bd8228b107706fde2118111762,
pair-stage-probes-ba834d02-gcal4/cases/carry_b-v6e_teacher_lat-_opp_s911_pE2E_L1_Vcal4/case.json,2714,1947fded6f4d76fda8af4b64d231210b68844021152539ec71068f383f19f342,
pair-stage-probes-ba834d02-gcal4/cases/carry_b-v6e_teacher_lat-_opp_s911_pE2E_L1_Vcal4/result.json,24018,0c703247fdec948c8e8fef3d432ee787fb2a4bf46afbf9b0fe39c8628afe8528,
pair-stage-probes-ba834d02-gcal4/cases/carry_b-v6e_teacher_yaw-_opp_s911_pE2E_L1_Vcal4/case.json,2715,cd5b37bca70c203a5d8f65caa45b1cc2389591b2a1216e445a2f50a5009de23b,
pair-stage-probes-ba834d02-gcal4/cases/carry_b-v6e_teacher_yaw-_opp_s911_pE2E_L1_Vcal4/result.json,60746,b090d30583bf2d254c8760c6e2545c08f25db2baa944c341a78f1f7540dbaf4b,
pair-stage-probes-ba834d02-gcal4/cases/carry_b-v6e_teacher_yaw+_same_s911_pE2E_L1_Vcal4/case.json,2717,0581b01a5bfcf6837e8e090b26c7bdf15a5d8a63bb6de50dc00fbd4894149497,
pair-stage-probes-ba834d02-gcal4/cases/carry_b-v6e_teacher_yaw+_same_s911_pE2E_L1_Vcal4/result.json,60725,f13c9a5a14705be02e9de889c1dd16081ff392cd121f67cb61295ebf265a79a8,
pair-stage-probes-ba834d02-gcal4/cases/carry_b-v6e_teacher_nominal_s911_pE2E_L2_Vcal4/case.json,2705,5066d1232bd326c62653807bdc4a78c0ead4658c6a31f672510f15ba8c8c0b91,
pair-stage-probes-ba834d02-gcal4/cases/carry_b-v6e_teacher_nominal_s911_pE2E_L2_Vcal4/result.json,58720,1fcd695a4a8187cb8b1b50e03fca7bb9372f12b1b04d133e4a5fc97f28393147,
pair-stage-probes-ba834d02-gcal4/cases/carry_b-v6e_teacher_lat-_opp_s911_pE2E_L2_Vcal4/case.json,2715,1f83084827565a724cea6f536394c565d2c2e83b075dd32e90fb5ac02426cda1,
pair-stage-probes-ba834d02-gcal4/cases/carry_b-v6e_teacher_lat-_opp_s911_pE2E_L2_Vcal4/result.json,58675,3d61d86f13413fd0c3b74ccf448dc836a3839aacb01682959500d53fe89fda2f,
pair-stage-probes-ba834d02-gcal4/cases/carry_b-v6e_teacher_yaw+_same_s911_pE2E_L2_Vcal4/case.json,2718,d181b1ad954ad2b33974c15f15de25b47cd0b221fe2837f91da2d8e9794324d8,
pair-stage-probes-ba834d02-gcal4/cases/carry_b-v6e_teacher_yaw+_same_s911_pE2E_L2_Vcal4/result.json,58658,bef59ec02edca3f06a669a7a47fa0f144a9b4a62104e8fdf7b2f6bed949fc49d,
pair-stage-probes-ba834d02-gcal4/cases/carry_b-v6e_teacher_yaw-_opp_s911_pE2E_L2_Vcal4/case.json,2716,e8a168ddc59b1f6c5b99843720ade5b2e57fea59884d785b3211bdea7b63d70b,
pair-stage-probes-ba834d02-gcal4/cases/carry_b-v6e_teacher_yaw-_opp_s911_pE2E_L2_Vcal4/result.json,58651,05980750b51a3abca7c06a6d02f1338d85d17a7217a64d21e3b944108257dc97,
pair-stage-probes-cb215732-rsmoke/manifest.json,166864,6e6b634e3916807d5b4232d5c1b0e3e5b09271f3121e880c040374ac3888ded5,
pair-stage-probes-cb215732-rsmoke/cases.jsonl,9804,b0796dc2ab7c6e72dd06cb1002fafefb256347b51e4f9ed4ab808ad30357e00d,
pair-stage-probes-cb215732-rsmoke/artifacts.sha256.json,365679,a6084a53d500479b56a5ca52768b9d456841093d859b16156371c12c36134cd1,
pair-stage-probes-cb215732-rsmoke/plan.json,9222,43846eb05ab085d6808f3960d7b8959c3d3c5accafa2138ce8b461d5fc1135da,
pair-stage-probes-cb215732-rsmoke/cases/carry_b-v6e_teacher_nominal_s911_pE2E_Vcal/case.json,2633,edf8dbfab46ee03bcd005c536255b1fcbf25daaf88e2bff2a9bebf1852dd501f,edf8dbfab46ee03bcd005c536255b1fcbf25daaf88e2bff2a9bebf1852dd501f
pair-stage-probes-cb215732-rsmoke/cases/carry_b-v6e_teacher_nominal_s911_pE2E_Vcal/result.json,57062,a382fbd2672ebb58887f5c1d09bc7e943ff72688ba6fd3693bbf7ce8f02f284f,a382fbd2672ebb58887f5c1d09bc7e943ff72688ba6fd3693bbf7ce8f02f284f
pair-stage-probes-cb215732-rsmoke/cases/carry_b-v6e_teacher_nominal_s911_pE2E_L1_Vcal/case.json,2635,e3c85c2fe621ecd6c10f020fb4c56c7354b9379bbca405689e186f5caf7a35bc,e3c85c2fe621ecd6c10f020fb4c56c7354b9379bbca405689e186f5caf7a35bc
pair-stage-probes-cb215732-rsmoke/cases/carry_b-v6e_teacher_nominal_s911_pE2E_L1_Vcal/result.json,62530,4273e5ba4a991248669b9ba3a698252c44d00839df8dc90d0e751440cc4de140,4273e5ba4a991248669b9ba3a698252c44d00839df8dc90d0e751440cc4de140
pair-stage-probes-cb215732-rsmoke/cases/carry_b-v6e_teacher_nominal_s911_pE2E_L6_Vcal/case.json,2641,01297d72a46cd88d328f48fcf69034126ea0e2ebe452c65dca34993ab56fc885,01297d72a46cd88d328f48fcf69034126ea0e2ebe452c65dca34993ab56fc885
pair-stage-probes-cb215732-rsmoke/cases/carry_b-v6e_teacher_nominal_s911_pE2E_L6_Vcal/result.json,58492,90741a988bda30c5ac8aca325b2a84bd709a4321468309883dc6384cae4651cc,90741a988bda30c5ac8aca325b2a84bd709a4321468309883dc6384cae4651cc
pair-stage-probes-cc84a791-postAllL3/manifest.json,163986,359f6ffb74d9d898957739cc6bf8aa6307a06348496b7811fe215b4113e8b261,
pair-stage-probes-cc84a791-postAllL3/cases.jsonl,3265,4bc9340eb499c2f647601faccb0fda6b55c7eb761410ccec1d5d42bf0ff13db5,
pair-stage-probes-cc84a791-postAllL3/artifacts.sha256.json,128265,0641bb6dfbcf200a9279648ba2fc510ed4af1b4f5f80dd20e20b24777cae94cd,
pair-stage-probes-cc84a791-postAllL3/plan.json,3433,9ca20346d0f0b9b0b266ad2448950cd386df9cfacea4bc8747020a4adb84a636,
pair-stage-probes-cc84a791-postAllL3/cases/carry_b-v6c_teacher_nominal_s911_pE2E_L3_diag-carry_all_three/case.json,2920,7e9f9cbab3961967960b14c569248ff1a8c2a211bda3483e16932ad226797879,7e9f9cbab3961967960b14c569248ff1a8c2a211bda3483e16932ad226797879
pair-stage-probes-cc84a791-postAllL3/cases/carry_b-v6c_teacher_nominal_s911_pE2E_L3_diag-carry_all_three/result.json,56235,729a4820ed47f9860966433690dc3a4b60d9a06122769829cf6f7c5b740c8384,729a4820ed47f9860966433690dc3a4b60d9a06122769829cf6f7c5b740c8384
pair-stage-probes-cc84a791-postBaseL0/manifest.json,163987,af5aa82aac5fe4b2812cf898fecf6661239afc35c9bbef8a8a39e0db41f39e4d,
pair-stage-probes-cc84a791-postBaseL0/cases.jsonl,2693,0f295b540612b41a2c9c6b4dfe11f9cf275bfbddd6da7541feedd544665180dd,
pair-stage-probes-cc84a791-postBaseL0/artifacts.sha256.json,28636,a3f4118bb87022e23e07238888329f45d89c424ba3805c30e6a0f19f368e2678,
pair-stage-probes-cc84a791-postBaseL0/plan.json,3021,069c4602ea137bbe1782c456b090abf866a55258140507b86a3cf0ce4f6ee904,
pair-stage-probes-cc84a791-postBaseL0/cases/carry_b-v6c_teacher_nominal_s911_pE2E/case.json,2516,a7912d6dac6082e2a1ecee5b1a69b18d012da4014c5706c300bcf93ca3c4b97b,a7912d6dac6082e2a1ecee5b1a69b18d012da4014c5706c300bcf93ca3c4b97b
pair-stage-probes-cc84a791-postBaseL0/cases/carry_b-v6c_teacher_nominal_s911_pE2E/result.json,27484,a3327b25a05884a42af7d4b24544eb66dcab95b09ca550347fa778f96ecee2da,a3327b25a05884a42af7d4b24544eb66dcab95b09ca550347fa778f96ecee2da
pair-stage-probes-d08818ef-cal2/manifest.json,164398,29f553d0be2d3a2ba2a430a7370da0d60722fe68060aa7f80c061d483832ad48,
pair-stage-probes-d08818ef-cal2/cases.jsonl,120788,59784ca56822a6409b5850c37ea45504a4c830353138d07a9cc8b751aed6da8a,59784ca56822a6409b5850c37ea45504a4c830353138d07a9cc8b751aed6da8a
pair-stage-probes-d08818ef-cal2/artifacts.sha256.json,4717521,54fcd9d00c011234c96d082676ca41d4b98e0ceb62497b507816e563ef0f96cc,
pair-stage-probes-d08818ef-cal2/plan.json,120893,4c0354bfde7e0d9d4d6c0048ab0fa5521e5ecee2cea87b82b97d20f05ca8ff18,
pair-stage-probes-d08818ef-cal2/cases/carry_b-v6e_teacher_nominal_s911_pE2E_Vcal/case.json,2595,8f38a7f4ec01f3062b73394d4fabd663ee508346fb89f65179309c9b352b912c,8f38a7f4ec01f3062b73394d4fabd663ee508346fb89f65179309c9b352b912c
pair-stage-probes-d08818ef-cal2/cases/carry_b-v6e_teacher_nominal_s911_pE2E_Vcal/result.json,55225,10f0aea2ea90fe1c58a516999b0a8316be492a254b40d8db0dc4f4ad459fddc3,10f0aea2ea90fe1c58a516999b0a8316be492a254b40d8db0dc4f4ad459fddc3
pair-stage-probes-d08818ef-cal2/cases/carry_b-v6e_teacher_nominal_s912_pE2E_Vcal/case.json,2595,6e5d10e17b16d558af8f7b3d15a4de5bd000a0e56db8f2a408ae1f1b3f2a4c63,6e5d10e17b16d558af8f7b3d15a4de5bd000a0e56db8f2a408ae1f1b3f2a4c63
pair-stage-probes-d08818ef-cal2/cases/carry_b-v6e_teacher_nominal_s912_pE2E_Vcal/result.json,55205,32c0d6f9b04b5a23ee09bc3b5332e992a52fa571b97bcff45c09f5210d135a3e,32c0d6f9b04b5a23ee09bc3b5332e992a52fa571b97bcff45c09f5210d135a3e
pair-stage-probes-d08818ef-cal2/cases/carry_b-v6e_teacher_nominal_s913_pE2E_Vcal/case.json,2595,f016b31dc3c6353bfec08d3ef91203b233afa128daee03e087ee33f56c04ba06,f016b31dc3c6353bfec08d3ef91203b233afa128daee03e087ee33f56c04ba06
pair-stage-probes-d08818ef-cal2/cases/carry_b-v6e_teacher_nominal_s913_pE2E_Vcal/result.json,55230,b00823e422acb4948e5436281c18aec20e73758d3b46d63dcf95c2dc1852f28f,b00823e422acb4948e5436281c18aec20e73758d3b46d63dcf95c2dc1852f28f
pair-stage-probes-d08818ef-cal2/cases/carry_b-v6e_teacher_lat-_opp_s911_pE2E_Vcal/case.json,2608,1f8100760d7d56c9db15cb92dddea6798e400bebe3787481e1933f63bc2a099d,1f8100760d7d56c9db15cb92dddea6798e400bebe3787481e1933f63bc2a099d
pair-stage-probes-d08818ef-cal2/cases/carry_b-v6e_teacher_lat-_opp_s911_pE2E_Vcal/result.json,55183,1b9fc056ea863672c21a7176559d8b2bc53a31f18845217dff823c2323b11613,1b9fc056ea863672c21a7176559d8b2bc53a31f18845217dff823c2323b11613
pair-stage-probes-d08818ef-cal2/cases/carry_b-v6e_teacher_yaw+_same_s911_pE2E_Vcal/case.json,2623,036b6d2ced79c42c81706f2fc63bd001e7cc073b40cdb41c9aeafd1fd00af59f,036b6d2ced79c42c81706f2fc63bd001e7cc073b40cdb41c9aeafd1fd00af59f
pair-stage-probes-d08818ef-cal2/cases/carry_b-v6e_teacher_yaw+_same_s911_pE2E_Vcal/result.json,47726,b29c94f247a8773cf81e848dbd3c2ba10d7bae328e504ba2c7e4f9104663a1f2,b29c94f247a8773cf81e848dbd3c2ba10d7bae328e504ba2c7e4f9104663a1f2
pair-stage-probes-d08818ef-cal2/cases/carry_b-v6e_teacher_nominal_s911_pE2E_L1_Vcal/case.json,2597,16f62de2172244efd0496bbc82f0f4a4f5c68d6bd1ac3fcd063394947b9182b9,16f62de2172244efd0496bbc82f0f4a4f5c68d6bd1ac3fcd063394947b9182b9
pair-stage-probes-d08818ef-cal2/cases/carry_b-v6e_teacher_nominal_s911_pE2E_L1_Vcal/result.json,50092,1338e6d82b1466fb87ad01dc7471b6d61b491291810ffb61a7f5e38b78e58a33,1338e6d82b1466fb87ad01dc7471b6d61b491291810ffb61a7f5e38b78e58a33
pair-stage-probes-d08818ef-cal2/cases/carry_b-v6e_teacher_nominal_s912_pE2E_L1_Vcal/case.json,2597,76014d5bf048bcba8d8015fc408e6fe5ccdeaaf0f4c951b2040a296a1868adb6,76014d5bf048bcba8d8015fc408e6fe5ccdeaaf0f4c951b2040a296a1868adb6
pair-stage-probes-d08818ef-cal2/cases/carry_b-v6e_teacher_nominal_s912_pE2E_L1_Vcal/result.json,50098,6a42f7e21df9ab9170c58ab345545d0b31c16154a4ad7113cc82f6499003bfda,6a42f7e21df9ab9170c58ab345545d0b31c16154a4ad7113cc82f6499003bfda
pair-stage-probes-d08818ef-cal2/cases/carry_b-v6e_teacher_nominal_s913_pE2E_L1_Vcal/case.json,2597,9e12bfe383147ce6ff8a88dc632646408d1566baf7934d1e2231a047b3688ab1,9e12bfe383147ce6ff8a88dc632646408d1566baf7934d1e2231a047b3688ab1
pair-stage-probes-d08818ef-cal2/cases/carry_b-v6e_teacher_nominal_s913_pE2E_L1_Vcal/result.json,49597,50df34d710fe57a47f36ffc64b1cd55fd430b05e9bda50d00d55dc2c30207a61,50df34d710fe57a47f36ffc64b1cd55fd430b05e9bda50d00d55dc2c30207a61
pair-stage-probes-d08818ef-cal2/cases/carry_b-v6e_teacher_lat-_opp_s911_pE2E_L1_Vcal/case.json,2610,3d858ec5741eadcb87f70aa2c0079a40040fcdb5f675a95401888d8f3f694b89,3d858ec5741eadcb87f70aa2c0079a40040fcdb5f675a95401888d8f3f694b89
pair-stage-probes-d08818ef-cal2/cases/carry_b-v6e_teacher_lat-_opp_s911_pE2E_L1_Vcal/result.json,50548,45a03092b7e8914eb049736b114fb8c3f0f2926d2cf4fbf1c46c1c49f11c32cc,45a03092b7e8914eb049736b114fb8c3f0f2926d2cf4fbf1c46c1c49f11c32cc
pair-stage-probes-d08818ef-cal2/cases/carry_b-v6e_teacher_yaw+_same_s911_pE2E_L1_Vcal/case.json,2625,c2890e61b14c0f58d3bae4c7a00476a9a17bd629743b9bc574756f5c3da35da3,c2890e61b14c0f58d3bae4c7a00476a9a17bd629743b9bc574756f5c3da35da3
pair-stage-probes-d08818ef-cal2/cases/carry_b-v6e_teacher_yaw+_same_s911_pE2E_L1_Vcal/result.json,51070,db419e0ec2c5b04d799eee1cfa0de0ab6c2fb85c1499a2e307719da413d6394e,db419e0ec2c5b04d799eee1cfa0de0ab6c2fb85c1499a2e307719da413d6394e
pair-stage-probes-d08818ef-cal2/cases/carry_b-v6e_teacher_nominal_s911_pE2E_L2_Vcal/case.json,2610,85c04c82473dcef7ad72c6cfe638c66f354612e1ea2dec6effe6c0469b69a0ff,85c04c82473dcef7ad72c6cfe638c66f354612e1ea2dec6effe6c0469b69a0ff
pair-stage-probes-d08818ef-cal2/cases/carry_b-v6e_teacher_nominal_s911_pE2E_L2_Vcal/result.json,50099,e93f9de7bdcdb25a4e5727b24bde6c6fe494fd3648d1cf1cb932bb28e030998d,e93f9de7bdcdb25a4e5727b24bde6c6fe494fd3648d1cf1cb932bb28e030998d
pair-stage-probes-d08818ef-cal2/cases/carry_b-v6e_teacher_nominal_s912_pE2E_L2_Vcal/case.json,2610,ebabc9b992bb2ef370adb64a230ac310f2dc2983b4f3e32b8062f97a3d58cd52,ebabc9b992bb2ef370adb64a230ac310f2dc2983b4f3e32b8062f97a3d58cd52
pair-stage-probes-d08818ef-cal2/cases/carry_b-v6e_teacher_nominal_s912_pE2E_L2_Vcal/result.json,48595,5dd67db91edfa53874e97f52196fd5c548bb21b0afab5582462328f85c0ae550,5dd67db91edfa53874e97f52196fd5c548bb21b0afab5582462328f85c0ae550
pair-stage-probes-d08818ef-cal2/cases/carry_b-v6e_teacher_nominal_s913_pE2E_L2_Vcal/case.json,2610,64e6fc39f86224fb75258d0aa1ebf827360ba6330e105e718d0c8b2025403def,64e6fc39f86224fb75258d0aa1ebf827360ba6330e105e718d0c8b2025403def
pair-stage-probes-d08818ef-cal2/cases/carry_b-v6e_teacher_nominal_s913_pE2E_L2_Vcal/result.json,49595,88eaca28c0fc0cbe2542553c5f81eb3f22069c0ede8d0873ae28501553965829,88eaca28c0fc0cbe2542553c5f81eb3f22069c0ede8d0873ae28501553965829
pair-stage-probes-d08818ef-cal2/cases/carry_b-v6e_teacher_lat-_opp_s911_pE2E_L2_Vcal/case.json,2623,eacb1866f23725048f996d9c2badd50c0bc0d9a9c97b8d6a3aa0b11890e7b343,eacb1866f23725048f996d9c2badd50c0bc0d9a9c97b8d6a3aa0b11890e7b343
pair-stage-probes-d08818ef-cal2/cases/carry_b-v6e_teacher_lat-_opp_s911_pE2E_L2_Vcal/result.json,50051,ee4cbfd86562c81ed243aa932c95eaa80d402a215d5c7b90052d14866dc864fb,ee4cbfd86562c81ed243aa932c95eaa80d402a215d5c7b90052d14866dc864fb
pair-stage-probes-d08818ef-cal2/cases/carry_b-v6e_teacher_yaw+_same_s911_pE2E_L2_Vcal/case.json,2638,de36d821f18314a483ab12955014ff5f65bf414bfa8c977deedfcf11d7e6b06f,de36d821f18314a483ab12955014ff5f65bf414bfa8c977deedfcf11d7e6b06f
pair-stage-probes-d08818ef-cal2/cases/carry_b-v6e_teacher_yaw+_same_s911_pE2E_L2_Vcal/result.json,50091,cf592e28a4c7b5b0999de31af1944be9c0320a729857582e1691039670342b32,cf592e28a4c7b5b0999de31af1944be9c0320a729857582e1691039670342b32
pair-stage-probes-d08818ef-cal2/cases/carry_b-v6e_teacher_nominal_s911_pE2E_L3_Vcal/case.json,2596,0514571137eefb3bfdb194f22350ffd91a42c5ebf610412a50e818aec3abdb1a,0514571137eefb3bfdb194f22350ffd91a42c5ebf610412a50e818aec3abdb1a
pair-stage-probes-d08818ef-cal2/cases/carry_b-v6e_teacher_nominal_s911_pE2E_L3_Vcal/result.json,56278,2d364bb8495501141fccb888f16abe896359aff03b3d17dee9a9d9a537d8223e,2d364bb8495501141fccb888f16abe896359aff03b3d17dee9a9d9a537d8223e
pair-stage-probes-d08818ef-cal2/cases/carry_b-v6e_teacher_nominal_s912_pE2E_L3_Vcal/case.json,2596,26b8c5af5677f429edd7512bb055c6de2ef507cd988b2c1392349f7769bca995,26b8c5af5677f429edd7512bb055c6de2ef507cd988b2c1392349f7769bca995
pair-stage-probes-d08818ef-cal2/cases/carry_b-v6e_teacher_nominal_s912_pE2E_L3_Vcal/result.json,56283,a3348adee7caf37cb495f2f0fe1dc12b1691f8519a335ba51d1a65c9ff05532c,a3348adee7caf37cb495f2f0fe1dc12b1691f8519a335ba51d1a65c9ff05532c
pair-stage-probes-d08818ef-cal2/cases/carry_b-v6e_teacher_nominal_s913_pE2E_L3_Vcal/case.json,2596,6c8ad18c535c2497d25328441af386fad2595b97a5dbeb0fd2e685d947edc294,6c8ad18c535c2497d25328441af386fad2595b97a5dbeb0fd2e685d947edc294
pair-stage-probes-d08818ef-cal2/cases/carry_b-v6e_teacher_nominal_s913_pE2E_L3_Vcal/result.json,56283,d7cf6948b1316cc01078ff151720933e608ee8e15ee44fbf7ad01b67048d1fbe,d7cf6948b1316cc01078ff151720933e608ee8e15ee44fbf7ad01b67048d1fbe
pair-stage-probes-d08818ef-cal2/cases/carry_b-v6e_teacher_lat-_opp_s911_pE2E_L3_Vcal/case.json,2609,864e64a3534bd2241fdc4b470c665e56a999503ccdb622a8c0fee0c2579726ec,864e64a3534bd2241fdc4b470c665e56a999503ccdb622a8c0fee0c2579726ec
pair-stage-probes-d08818ef-cal2/cases/carry_b-v6e_teacher_lat-_opp_s911_pE2E_L3_Vcal/result.json,56224,7cc0d0f077ebb40a05f63f43b6571a68dcc29a05747d2410784c1aea0f1d207b,7cc0d0f077ebb40a05f63f43b6571a68dcc29a05747d2410784c1aea0f1d207b
pair-stage-probes-d08818ef-cal2/cases/carry_b-v6e_teacher_yaw+_same_s911_pE2E_L3_Vcal/case.json,2624,509244434c1d6693de177f57bb3ba8f4727ca5fb9de2aaa0f1b3ad397359a39e,509244434c1d6693de177f57bb3ba8f4727ca5fb9de2aaa0f1b3ad397359a39e
pair-stage-probes-d08818ef-cal2/cases/carry_b-v6e_teacher_yaw+_same_s911_pE2E_L3_Vcal/result.json,56216,200238ec5d8b9682de8e6ce36bd475eaab450e5507d296eb2ac3fb15bd4a4fed,200238ec5d8b9682de8e6ce36bd475eaab450e5507d296eb2ac3fb15bd4a4fed
pair-stage-probes-d08818ef-cal2/cases/carry_b-v6e_teacher_nominal_s912_pE2E_L4_Vcal/case.json,2673,efdd03029a6fc7a6fd886c63a182bad23ce23b8bbe4439687a8ddba65b01837b,efdd03029a6fc7a6fd886c63a182bad23ce23b8bbe4439687a8ddba65b01837b
pair-stage-probes-d08818ef-cal2/cases/carry_b-v6e_teacher_nominal_s912_pE2E_L4_Vcal/result.json,56296,8a5305b64ffa426943ac3c7be25a67f88f5d18e3aa480db57ca073c16bfa08cd,8a5305b64ffa426943ac3c7be25a67f88f5d18e3aa480db57ca073c16bfa08cd
pair-stage-probes-d08818ef-cal2/cases/carry_b-v6e_teacher_nominal_s911_pE2E_L4_Vcal/case.json,2673,98a26b8b8dd5a363af90e2e0e65205003f7bd89e55184cde23c3e47a2eefdc5e,98a26b8b8dd5a363af90e2e0e65205003f7bd89e55184cde23c3e47a2eefdc5e
pair-stage-probes-d08818ef-cal2/cases/carry_b-v6e_teacher_nominal_s911_pE2E_L4_Vcal/result.json,56252,561bbc22f28c4306f57840b714c80e109a68bc7c9ed4313f7202716ed54d724a,561bbc22f28c4306f57840b714c80e109a68bc7c9ed4313f7202716ed54d724a
pair-stage-probes-d08818ef-cal2/cases/carry_b-v6e_teacher_nominal_s913_pE2E_L4_Vcal/case.json,2673,6ed0ca23b6ae57e6ef01f771f7ab9a1a8184d1729dbbbe7e1b648d5f73534790,6ed0ca23b6ae57e6ef01f771f7ab9a1a8184d1729dbbbe7e1b648d5f73534790
pair-stage-probes-d08818ef-cal2/cases/carry_b-v6e_teacher_nominal_s913_pE2E_L4_Vcal/result.json,56285,2f942dd5e581cb789a9ab9759a6b1e11e510ac036c31f36cd13090cea7d65321,2f942dd5e581cb789a9ab9759a6b1e11e510ac036c31f36cd13090cea7d65321
pair-stage-probes-d08818ef-cal2/cases/carry_b-v6e_teacher_lat-_opp_s911_pE2E_L4_Vcal/case.json,2684,2204ad542ee6fdee7622218f017ec45d0d3d136e3959d0d0a4d48deadcae0a11,2204ad542ee6fdee7622218f017ec45d0d3d136e3959d0d0a4d48deadcae0a11
pair-stage-probes-d08818ef-cal2/cases/carry_b-v6e_teacher_lat-_opp_s911_pE2E_L4_Vcal/result.json,56207,243b86bad2a051ac09946300cf1c83457c463cfc362ab48b3e96e5debea202aa,243b86bad2a051ac09946300cf1c83457c463cfc362ab48b3e96e5debea202aa
pair-stage-probes-d08818ef-cal2/cases/carry_b-v6e_teacher_yaw+_same_s911_pE2E_L4_Vcal/case.json,2701,3a2c0c3aed9c27268b3aa6b502199640c40379e3b6b6c04fc61e963289989a99,3a2c0c3aed9c27268b3aa6b502199640c40379e3b6b6c04fc61e963289989a99
pair-stage-probes-d08818ef-cal2/cases/carry_b-v6e_teacher_yaw+_same_s911_pE2E_L4_Vcal/result.json,56237,cf1260512c33aa271171c26bc2604c8539d62a66a1a0c16791ba389c78bb28d5,cf1260512c33aa271171c26bc2604c8539d62a66a1a0c16791ba389c78bb28d5
pair-stage-probes-d08818ef-cal2/cases/carry_b-v6e_teacher_nominal_s911_pE2E_L5_Vcal/case.json,2673,f2110a84539273006c8a06b46e2a1ddfe6e4285095565d3bac66feb44982f40f,f2110a84539273006c8a06b46e2a1ddfe6e4285095565d3bac66feb44982f40f
pair-stage-probes-d08818ef-cal2/cases/carry_b-v6e_teacher_nominal_s911_pE2E_L5_Vcal/result.json,56269,cdbb2fe4d4d3eba97b52668a01c2c875dd1666e2b9f193413f9c3ba47dc81bc2,cdbb2fe4d4d3eba97b52668a01c2c875dd1666e2b9f193413f9c3ba47dc81bc2
pair-stage-probes-d08818ef-cal2/cases/carry_b-v6e_teacher_nominal_s912_pE2E_L5_Vcal/case.json,2673,6f599dd9c19be8c8556414e7ce641ab7b72b1b8c4eddce090441af769fcacfa5,6f599dd9c19be8c8556414e7ce641ab7b72b1b8c4eddce090441af769fcacfa5
pair-stage-probes-d08818ef-cal2/cases/carry_b-v6e_teacher_nominal_s912_pE2E_L5_Vcal/result.json,56251,d8baaeade16279edaf5510436494b05d6c136098577b1d37374bb17f7ca5dbfc,d8baaeade16279edaf5510436494b05d6c136098577b1d37374bb17f7ca5dbfc
pair-stage-probes-d08818ef-cal2/cases/carry_b-v6e_teacher_nominal_s913_pE2E_L5_Vcal/case.json,2673,6a1b6174cddfe11aea7efe7348d75f1e803b9f2fe911816bf4a007f3e2413a49,6a1b6174cddfe11aea7efe7348d75f1e803b9f2fe911816bf4a007f3e2413a49
pair-stage-probes-d08818ef-cal2/cases/carry_b-v6e_teacher_nominal_s913_pE2E_L5_Vcal/result.json,56233,3fc2087510c280988aceb86d6aee25813f9f237d48faa103048bee3416d88f5a,3fc2087510c280988aceb86d6aee25813f9f237d48faa103048bee3416d88f5a
pair-stage-probes-d08818ef-cal2/cases/carry_b-v6e_teacher_yaw+_same_s911_pE2E_L5_Vcal/case.json,2701,b05ed4ad1215fd7dfa00a092eecf61512ed4cda2e05ff4e23e523b0b4e96a6ae,b05ed4ad1215fd7dfa00a092eecf61512ed4cda2e05ff4e23e523b0b4e96a6ae
pair-stage-probes-d08818ef-cal2/cases/carry_b-v6e_teacher_yaw+_same_s911_pE2E_L5_Vcal/result.json,56179,4d8ab7ebc48fd491cb85268af5842218707cc0a15c08aa1a782d9f334f3fa669,4d8ab7ebc48fd491cb85268af5842218707cc0a15c08aa1a782d9f334f3fa669
pair-stage-probes-d08818ef-cal2/cases/carry_b-v6e_teacher_lat-_opp_s911_pE2E_L5_Vcal/case.json,2684,d4efda1898140cba6201416b003169d67354368e1d856916b8817453500c4963,d4efda1898140cba6201416b003169d67354368e1d856916b8817453500c4963
pair-stage-probes-d08818ef-cal2/cases/carry_b-v6e_teacher_lat-_opp_s911_pE2E_L5_Vcal/result.json,56155,b02a87ba3345d9f0811db0b90c8e55fb542ff9a7baddba0ed0c04d9b3338cbeb,b02a87ba3345d9f0811db0b90c8e55fb542ff9a7baddba0ed0c04d9b3338cbeb
pair-stage-probes-d08818ef-cal2/cases/carry_b-v6e_teacher_nominal_s911_pE2E_L6_Vcal/case.json,2603,6308ffd37833d3aac7ecf86d7c9ff4a631911dbc282b26d933e8f4c9478baee0,6308ffd37833d3aac7ecf86d7c9ff4a631911dbc282b26d933e8f4c9478baee0
pair-stage-probes-d08818ef-cal2/cases/carry_b-v6e_teacher_nominal_s911_pE2E_L6_Vcal/result.json,56722,3c3cc333e721421b94a12894d80be56d5f2a4f1f3b9b25202c6371c9734b9ddc,3c3cc333e721421b94a12894d80be56d5f2a4f1f3b9b25202c6371c9734b9ddc
pair-stage-probes-d08818ef-cal2/cases/carry_b-v6e_teacher_nominal_s912_pE2E_L6_Vcal/case.json,2603,c0054ea6a9ff028411e92b11db2111c1636d665e14e9713ff2f2a12ec4cf8ad4,c0054ea6a9ff028411e92b11db2111c1636d665e14e9713ff2f2a12ec4cf8ad4
pair-stage-probes-d08818ef-cal2/cases/carry_b-v6e_teacher_nominal_s912_pE2E_L6_Vcal/result.json,56695,6bf9402fc6550684afe91f1640170842a6643717401a616fae24cfc2097c0c53,6bf9402fc6550684afe91f1640170842a6643717401a616fae24cfc2097c0c53
pair-stage-probes-d08818ef-cal2/cases/carry_b-v6e_teacher_nominal_s913_pE2E_L6_Vcal/case.json,2603,a321d46c6a8f57c7456d4ee13ab6b84d722684a1d3787021ee02adb7e3e72c6f,a321d46c6a8f57c7456d4ee13ab6b84d722684a1d3787021ee02adb7e3e72c6f
pair-stage-probes-d08818ef-cal2/cases/carry_b-v6e_teacher_nominal_s913_pE2E_L6_Vcal/result.json,53114,0756a86c5bc8764c6c9d88e465251e0f93647847c72e738ad79518df92c3cfcd,0756a86c5bc8764c6c9d88e465251e0f93647847c72e738ad79518df92c3cfcd
pair-stage-probes-d08818ef-cal2/cases/carry_b-v6e_teacher_lat-_opp_s911_pE2E_L6_Vcal/case.json,2616,299803f6fa1693c4b93d1f35daec5d2b4cf361b742f290b7cc78f5c1a766ac32,299803f6fa1693c4b93d1f35daec5d2b4cf361b742f290b7cc78f5c1a766ac32
pair-stage-probes-d08818ef-cal2/cases/carry_b-v6e_teacher_lat-_opp_s911_pE2E_L6_Vcal/result.json,56675,75bb07e353b8bbcf847d384604a7cb4084d8ba4009b02705840d80c443f37507,75bb07e353b8bbcf847d384604a7cb4084d8ba4009b02705840d80c443f37507
pair-stage-probes-d08818ef-cal2/cases/carry_b-v6e_teacher_yaw+_same_s911_pE2E_L6_Vcal/case.json,2631,bcfdb7a2a7fd5a129c5419318ac13b02172fce4394a4080c65534d6512c776d8,bcfdb7a2a7fd5a129c5419318ac13b02172fce4394a4080c65534d6512c776d8
pair-stage-probes-d08818ef-cal2/cases/carry_b-v6e_teacher_yaw+_same_s911_pE2E_L6_Vcal/result.json,56608,9252848d9d1f4634009f55341f0c230d66e3bfc083c032bcf938b3b28d4a848b,9252848d9d1f4634009f55341f0c230d66e3bfc083c032bcf938b3b28d4a848b
pair-stage-probes-d08818ef-cal2/cases/carry_b-v6e_teacher_nominal_s911_pE2E_L7_Vcal/case.json,2591,87e105465cf7fdd3b2a07844419a022d24005d3c663fe3e1d369b671aca30dac,87e105465cf7fdd3b2a07844419a022d24005d3c663fe3e1d369b671aca30dac
pair-stage-probes-d08818ef-cal2/cases/carry_b-v6e_teacher_nominal_s911_pE2E_L7_Vcal/result.json,48658,1ad8814d52284ca0fe61b34c04f2ff1a4b02a8a7954ccfb5682ba59a6361c41d,1ad8814d52284ca0fe61b34c04f2ff1a4b02a8a7954ccfb5682ba59a6361c41d
pair-stage-probes-d08818ef-cal2/cases/carry_b-v6e_teacher_nominal_s913_pE2E_L7_Vcal/case.json,2591,f0a4fa929ba524c2e84468c029046551f050fae2160b0bc76724af718caa5966,f0a4fa929ba524c2e84468c029046551f050fae2160b0bc76724af718caa5966
pair-stage-probes-d08818ef-cal2/cases/carry_b-v6e_teacher_nominal_s913_pE2E_L7_Vcal/result.json,48663,9acab5f4d6696ce155f976dd66cf03a172464a1860a30eddb56faf269656b1cc,9acab5f4d6696ce155f976dd66cf03a172464a1860a30eddb56faf269656b1cc
pair-stage-probes-d08818ef-cal2/cases/carry_b-v6e_teacher_nominal_s912_pE2E_L7_Vcal/case.json,2591,00c345e2c9298a84ce9081ff575845653ee2e4a0c9d5cebe8bbb44dcbc1f1de6,00c345e2c9298a84ce9081ff575845653ee2e4a0c9d5cebe8bbb44dcbc1f1de6
pair-stage-probes-d08818ef-cal2/cases/carry_b-v6e_teacher_nominal_s912_pE2E_L7_Vcal/result.json,48659,0fdbf341510ea6b26628b64a041e7cde6f427b43579dd28a54130bfe02c2a3c7,0fdbf341510ea6b26628b64a041e7cde6f427b43579dd28a54130bfe02c2a3c7
pair-stage-probes-d08818ef-cal2/cases/carry_b-v6e_teacher_yaw+_same_s911_pE2E_L7_Vcal/case.json,2619,4724736ba7ca628e0a3614294f49b684765830b1fbebeed597553e851e34f12d,4724736ba7ca628e0a3614294f49b684765830b1fbebeed597553e851e34f12d
pair-stage-probes-d08818ef-cal2/cases/carry_b-v6e_teacher_yaw+_same_s911_pE2E_L7_Vcal/result.json,48667,b11097c6355f4037e5d98dbbf46c6d036b3849b28b73431b851c81938fe7a35b,b11097c6355f4037e5d98dbbf46c6d036b3849b28b73431b851c81938fe7a35b
pair-stage-probes-d08818ef-cal2/cases/carry_b-v6e_teacher_lat-_opp_s911_pE2E_L7_Vcal/case.json,2604,9a6e981849d59b0134aa320e9f285a38e56305ff42b11236a9f7fee261f345f4,9a6e981849d59b0134aa320e9f285a38e56305ff42b11236a9f7fee261f345f4
pair-stage-probes-d08818ef-cal2/cases/carry_b-v6e_teacher_lat-_opp_s911_pE2E_L7_Vcal/result.json,48629,0b9038716ec76a0dbcc0530c2b0a52f7ecb5bd69ef5b247833cb8e1064f5869e,0b9038716ec76a0dbcc0530c2b0a52f7ecb5bd69ef5b247833cb8e1064f5869e
pair-stage-probes-d08818ef-placeD/manifest.json,164257,b78fc6fd29d78f86e4e3f4369815bcf87123fd1e307c85e8d3b460b9822b39f1,
pair-stage-probes-d08818ef-placeD/cases.jsonl,49239,be366619e32f8fad07c8dff702615ae38016cfbb1603fadc6f8bf6bdb4dd11db,
pair-stage-probes-d08818ef-placeD/artifacts.sha256.json,758148,114a379571e855a1432256fc8ea67c7dba7417416f075901dc99373f71d10ea0,
pair-stage-probes-d08818ef-placeD/plan.json,60965,895869aca07d34a8b03ed610603b3befa764e4008f3a34fac8c2daf614f186e9,
pair-stage-probes-d08818ef-placeP/manifest.json,164258,d78d2bc145fe6e51d1eff4c19349bc9f8374e1949ba55b9aaf16684d698fd050,
pair-stage-probes-d08818ef-placeP/cases.jsonl,8554,fd22c9bb9dd2fcc9a105d7eec51c3315c67a9679f309f47ec91e0f4e8e67920c,
pair-stage-probes-d08818ef-placeP/artifacts.sha256.json,161046,7e89077471af647dd77100c8928189308fdf0199f8401dda7317371a3a1b0b51,
pair-stage-probes-d08818ef-placeP/plan.json,8939,e872aeb3322886def6167aad5bdb81cc1829c02e0d56017a96e87ab7e3498804,
pair-stage-probes-d93909e5-dK1g/manifest.json,167520,c016fdeaafe01a2d5eb0930d3616a51550e6d24da94fdf16dc7dcf12a1ee46f0,
pair-stage-probes-d93909e5-dK1g/cases.jsonl,72199,7801c92c1722a5957c194a9abc6e48fa02eb1128d002abf0fbfced0e4976122c,7801c92c1722a5957c194a9abc6e48fa02eb1128d002abf0fbfced0e4976122c
pair-stage-probes-d93909e5-dK1g/artifacts.sha256.json,2442914,816f1e18232777e915c7495659030fb7c4a807108f7d40009f8d6b3a8d052e4c,
pair-stage-probes-d93909e5-dK1g/plan.json,65175,a08104108111c8f229c75edf7e0684dc883824ab0fc6c28cd7f7979322d890c7,
pair-stage-probes-d93909e5-dK1g/cases/carry_b-v6h.k1g_teacher_hR2_02_s911_pPOST_VhR2/case.json,2845,4c4616cb6cd1e928425a9431afb527967bca177f1a37fbcaa4f0cb00aa2b3715,4c4616cb6cd1e928425a9431afb527967bca177f1a37fbcaa4f0cb00aa2b3715
pair-stage-probes-d93909e5-dK1g/cases/carry_b-v6h.k1g_teacher_hR2_02_s911_pPOST_VhR2/result.json,55873,5a02adfa6120afc042b196ca343c78f3e60f95c7dfa370c7a014fbed7b53f71f,5a02adfa6120afc042b196ca343c78f3e60f95c7dfa370c7a014fbed7b53f71f
pair-stage-probes-d93909e5-dK1g/cases/carry_b-v6h.k1g_teacher_hR2_01_s911_pPOST_VhR2/case.json,2843,627b8aa6d945cf4c57c97ce6d6cac0c2448c5969ae13bb19b0dc6f12e5270db4,627b8aa6d945cf4c57c97ce6d6cac0c2448c5969ae13bb19b0dc6f12e5270db4
pair-stage-probes-d93909e5-dK1g/cases/carry_b-v6h.k1g_teacher_hR2_01_s911_pPOST_VhR2/result.json,56211,3d8fade89509ff285821a2f664b5fd5767e0ba5566ca20a6727a38396341ee67,3d8fade89509ff285821a2f664b5fd5767e0ba5566ca20a6727a38396341ee67
pair-stage-probes-d93909e5-dK1g/cases/carry_b-v6h.k1g_teacher_hR2_03_s911_pPOST_VhR2/case.json,2839,88598b4ebc89ae4d5717ea9f45289db669dda49a6b4e50974fb47f0089c965f2,88598b4ebc89ae4d5717ea9f45289db669dda49a6b4e50974fb47f0089c965f2
pair-stage-probes-d93909e5-dK1g/cases/carry_b-v6h.k1g_teacher_hR2_03_s911_pPOST_VhR2/result.json,55862,11a333dc50035d2e53451a73b2779bb8aac652b56dd3104c9c7f06534dbe1477,11a333dc50035d2e53451a73b2779bb8aac652b56dd3104c9c7f06534dbe1477
pair-stage-probes-d93909e5-dK1g/cases/carry_b-v6h.k1g_teacher_hR2_04_s911_pPOST_VhR2/case.json,2845,a377b9ecfd8366592536078dd41a42820b000c6fdbef9d67954085f7152ffc2f,a377b9ecfd8366592536078dd41a42820b000c6fdbef9d67954085f7152ffc2f
pair-stage-probes-d93909e5-dK1g/cases/carry_b-v6h.k1g_teacher_hR2_04_s911_pPOST_VhR2/result.json,58741,b57cd35e2db28dc70a2eb4cbaa3773b0e783f87ac560a7a265b7cee88039ed73,b57cd35e2db28dc70a2eb4cbaa3773b0e783f87ac560a7a265b7cee88039ed73
pair-stage-probes-d93909e5-dK1g/cases/carry_b-v6h.k1g_teacher_hR2_05_s911_pPOST_VhR2/case.json,2843,951a3aeeeff4ba531fb49ba3dd74c0c7ea1a6e1db3afc9d985caf572ffc1601d,951a3aeeeff4ba531fb49ba3dd74c0c7ea1a6e1db3afc9d985caf572ffc1601d
pair-stage-probes-d93909e5-dK1g/cases/carry_b-v6h.k1g_teacher_hR2_05_s911_pPOST_VhR2/result.json,58752,c0479ce1088a607e85349101de99b8f2a5eeb8a82ef544d57c43dbbd5a25f3db,c0479ce1088a607e85349101de99b8f2a5eeb8a82ef544d57c43dbbd5a25f3db
pair-stage-probes-d93909e5-dK1g/cases/carry_b-v6h.k1g_teacher_hR2_06_s911_pPOST_VhR2/case.json,2842,726e82e557e1506c2ce4dd7ed58f4eb9804e6acca5fdef3fd1f1ad563f65343e,726e82e557e1506c2ce4dd7ed58f4eb9804e6acca5fdef3fd1f1ad563f65343e
pair-stage-probes-d93909e5-dK1g/cases/carry_b-v6h.k1g_teacher_hR2_06_s911_pPOST_VhR2/result.json,58760,adc77f30306a89e88a851c0416940b74a56061e0f80e51167eb9208bb0cbfb8d,adc77f30306a89e88a851c0416940b74a56061e0f80e51167eb9208bb0cbfb8d
pair-stage-probes-d93909e5-dK1g/cases/carry_b-v6h.k1g_teacher_hR2_07_s911_pPOST_VhR2/case.json,2846,b443235215eb9e87921346e053c17dade16d1a138c33a0bd73c798cd9fb3a6fe,b443235215eb9e87921346e053c17dade16d1a138c33a0bd73c798cd9fb3a6fe
pair-stage-probes-d93909e5-dK1g/cases/carry_b-v6h.k1g_teacher_hR2_07_s911_pPOST_VhR2/result.json,55885,142bba2ca923135888a3469456fe3dde2c9799123fe3c4db125f6c737fb2539d,142bba2ca923135888a3469456fe3dde2c9799123fe3c4db125f6c737fb2539d
pair-stage-probes-d93909e5-dK1g/cases/carry_b-v6h.k1g_teacher_hR2_08_s911_pPOST_VhR2/case.json,2836,89938afa13215343553e7bbbb1bcd6b766f68126da1e9d7fa8f50cc72c6e060f,89938afa13215343553e7bbbb1bcd6b766f68126da1e9d7fa8f50cc72c6e060f
pair-stage-probes-d93909e5-dK1g/cases/carry_b-v6h.k1g_teacher_hR2_08_s911_pPOST_VhR2/result.json,55874,a93ee097f08f3dd5be12603e00937716cb17acebd199b51472fa57bae9ece3be,a93ee097f08f3dd5be12603e00937716cb17acebd199b51472fa57bae9ece3be
pair-stage-probes-d93909e5-dK1g/cases/carry_b-v6h.k1g_teacher_hR2_09_s911_pPOST_VhR2/case.json,2841,b817383ce169afa54b5b0e05a7eab54ce1052da2d96bee0224cc5ffa6a9aa944,b817383ce169afa54b5b0e05a7eab54ce1052da2d96bee0224cc5ffa6a9aa944
pair-stage-probes-d93909e5-dK1g/cases/carry_b-v6h.k1g_teacher_hR2_09_s911_pPOST_VhR2/result.json,55975,1a2573ebf9d59afc8305263c7fae30bd5cfa20cafc10062884d9fe8af3739827,1a2573ebf9d59afc8305263c7fae30bd5cfa20cafc10062884d9fe8af3739827
pair-stage-probes-d93909e5-dK1g/cases/carry_b-v6h.k1g_teacher_hR2_10_s911_pPOST_VhR2/case.json,2840,0ca1f10972b4cdcd76576351c1a565f8d33aa64f148195d2eea05317a7e001c0,0ca1f10972b4cdcd76576351c1a565f8d33aa64f148195d2eea05317a7e001c0
pair-stage-probes-d93909e5-dK1g/cases/carry_b-v6h.k1g_teacher_hR2_10_s911_pPOST_VhR2/result.json,55884,add2f14fb3debc4000b8492400db06724a49495259e107f9b7dd0261ff44d998,add2f14fb3debc4000b8492400db06724a49495259e107f9b7dd0261ff44d998
pair-stage-probes-d93909e5-dK1g/cases/carry_b-v6h.k1g_teacher_hR2_01_s911_pPOST_L1_VhR2/case.json,2846,f9d7fca484cbb64721f96251ff7751c8859177e33bca77ad0d51c0775a81fc67,f9d7fca484cbb64721f96251ff7751c8859177e33bca77ad0d51c0775a81fc67
pair-stage-probes-d93909e5-dK1g/cases/carry_b-v6h.k1g_teacher_hR2_01_s911_pPOST_L1_VhR2/result.json,64298,f871b77d80928ecd42d56a7479bde9981d7eaf4c69cbba6d541f54dbc11de09d,f871b77d80928ecd42d56a7479bde9981d7eaf4c69cbba6d541f54dbc11de09d
pair-stage-probes-d93909e5-dK1g/cases/carry_b-v6h.k1g_teacher_hR2_02_s911_pPOST_L1_VhR2/case.json,2842,95998c7a6d3b91ceb4e6fcf6ebee5cb21c02ec9fa98cdf326a9fc45e9460f74f,95998c7a6d3b91ceb4e6fcf6ebee5cb21c02ec9fa98cdf326a9fc45e9460f74f
pair-stage-probes-d93909e5-dK1g/cases/carry_b-v6h.k1g_teacher_hR2_02_s911_pPOST_L1_VhR2/result.json,63875,945b282bfe27d3c8704d89979038c3279f1f40c21f6692434f2630032903f432,945b282bfe27d3c8704d89979038c3279f1f40c21f6692434f2630032903f432
pair-stage-probes-d93909e5-dK1g/cases/carry_b-v6h.k1g_teacher_hR2_03_s911_pPOST_L1_VhR2/case.json,2840,d0bd7349707832476fb8dac9081915477b27e8d7e5b98d239627be911708c62c,d0bd7349707832476fb8dac9081915477b27e8d7e5b98d239627be911708c62c
pair-stage-probes-d93909e5-dK1g/cases/carry_b-v6h.k1g_teacher_hR2_03_s911_pPOST_L1_VhR2/result.json,63824,640f56f70745888f22dab3df4f92546611516ab214c8a38395147b46cc581ce0,640f56f70745888f22dab3df4f92546611516ab214c8a38395147b46cc581ce0
pair-stage-probes-d93909e5-dK1g/cases/carry_b-v6h.k1g_teacher_hR2_04_s911_pPOST_L1_VhR2/case.json,2845,4caf564bf907f66289cf297c368a8a15429b69523a8fea4c805ab0f7b61257dc,4caf564bf907f66289cf297c368a8a15429b69523a8fea4c805ab0f7b61257dc
pair-stage-probes-d93909e5-dK1g/cases/carry_b-v6h.k1g_teacher_hR2_04_s911_pPOST_L1_VhR2/result.json,64317,247da5fca80f81f82fc30d0271b55d1990fb0ad782028c287dba6f0692679f90,247da5fca80f81f82fc30d0271b55d1990fb0ad782028c287dba6f0692679f90
pair-stage-probes-d93909e5-dK1g/cases/carry_b-v6h.k1g_teacher_hR2_05_s911_pPOST_L1_VhR2/case.json,2843,67c9e3a039bb40dba8050779a39324cc3671e7ba6e1ecee0e07fe060a43cf5e0,67c9e3a039bb40dba8050779a39324cc3671e7ba6e1ecee0e07fe060a43cf5e0
pair-stage-probes-d93909e5-dK1g/cases/carry_b-v6h.k1g_teacher_hR2_05_s911_pPOST_L1_VhR2/result.json,64322,8899b23cc3a336c71cc9efa54df61301df5d2d0c4fa9e58d9a6ac8178b4a5de3,8899b23cc3a336c71cc9efa54df61301df5d2d0c4fa9e58d9a6ac8178b4a5de3
pair-stage-probes-d93909e5-dK1g/cases/carry_b-v6h.k1g_teacher_hR2_06_s911_pPOST_L1_VhR2/case.json,2842,2f9cddf6e2f18346e530cd1a285e6de103cecc4a463c776eaadd91d3f5d2310c,2f9cddf6e2f18346e530cd1a285e6de103cecc4a463c776eaadd91d3f5d2310c
pair-stage-probes-d93909e5-dK1g/cases/carry_b-v6h.k1g_teacher_hR2_06_s911_pPOST_L1_VhR2/result.json,64314,90d15a123ed208ecc33f922afb10bd98ff6edb1ec87383c5aa7ad41e058a26fe,90d15a123ed208ecc33f922afb10bd98ff6edb1ec87383c5aa7ad41e058a26fe
pair-stage-probes-d93909e5-dK1g/cases/carry_b-v6h.k1g_teacher_hR2_07_s911_pPOST_L1_VhR2/case.json,2849,e71482bd20f5b4d1fc90c695f7233b3017b0d1f326fedc2e1f332d7e98ed0fdc,e71482bd20f5b4d1fc90c695f7233b3017b0d1f326fedc2e1f332d7e98ed0fdc
pair-stage-probes-d93909e5-dK1g/cases/carry_b-v6h.k1g_teacher_hR2_07_s911_pPOST_L1_VhR2/result.json,63856,198e0f9c1ad8c6a3529eaae8c85606e17c6c67bae39aadbac903233b648d8f32,198e0f9c1ad8c6a3529eaae8c85606e17c6c67bae39aadbac903233b648d8f32
pair-stage-probes-d93909e5-dK1g/cases/carry_b-v6h.k1g_teacher_hR2_08_s911_pPOST_L1_VhR2/case.json,2841,377f40e89b6f490f970dbe13e67b62f96de670fef7dcca7b3a01b91593f07296,377f40e89b6f490f970dbe13e67b62f96de670fef7dcca7b3a01b91593f07296
pair-stage-probes-d93909e5-dK1g/cases/carry_b-v6h.k1g_teacher_hR2_08_s911_pPOST_L1_VhR2/result.json,63820,3996f91dd628396cd018ea727c10b4215e92ad578518db7dad65bd136bbbdb43,3996f91dd628396cd018ea727c10b4215e92ad578518db7dad65bd136bbbdb43
pair-stage-probes-d93909e5-dK1g/cases/carry_b-v6h.k1g_teacher_hR2_09_s911_pPOST_L1_VhR2/case.json,2844,7ba5b1b4c06f7e93c027c48c31238693a7e24ba4c3632346d766305aa242cc64,7ba5b1b4c06f7e93c027c48c31238693a7e24ba4c3632346d766305aa242cc64
pair-stage-probes-d93909e5-dK1g/cases/carry_b-v6h.k1g_teacher_hR2_09_s911_pPOST_L1_VhR2/result.json,63953,a54fd99fddfbed5d62805493ef931cb4fc8f8d897d88043ea4afabe188e3df3b,a54fd99fddfbed5d62805493ef931cb4fc8f8d897d88043ea4afabe188e3df3b
pair-stage-probes-d93909e5-dK1g/cases/carry_b-v6h.k1g_teacher_hR2_10_s911_pPOST_L1_VhR2/case.json,2844,9892cd4bf1ec5dc36a16823713c33a51305f32068b9f1ad0b64f9fa00e696335,9892cd4bf1ec5dc36a16823713c33a51305f32068b9f1ad0b64f9fa00e696335
pair-stage-probes-d93909e5-dK1g/cases/carry_b-v6h.k1g_teacher_hR2_10_s911_pPOST_L1_VhR2/result.json,63824,99add66da41fad8e89b56f54db3e738af0c2de4d2cf12a7f1360de77375c1bbb,99add66da41fad8e89b56f54db3e738af0c2de4d2cf12a7f1360de77375c1bbb
pair-stage-probes-df5bb798-v6d-align-a/manifest.json,162082,5419de834b4a77135ac101a2f183405349beebb59cb4c6bbcc663857eed24733,
pair-stage-probes-df5bb798-v6d-align-a/cases.jsonl,11611,8c99d22385ec08858693244f07c3885f07e5fc701d7cc18fc8312f279e15a5d3,
pair-stage-probes-df5bb798-v6d-align-a/artifacts.sha256.json,1169504,e0ba8a4e89a333c134a63713cb3266141f933d0ac1ab0252f58908ff4d07cb7d,
pair-stage-probes-df5bb798-v6d-align-a/plan.json,18254,c6d5f0d3882e0dd6a65563795785a51eb2fdf86bd0967754601ba278f59ada55,
pair-stage-probes-df5bb798-v6d-align-b/manifest.json,162079,844bba02f9162faec266ee726fd4a52e764941fb69311d279dfaf5dac1c42f8a,
pair-stage-probes-df5bb798-v6d-align-b/cases.jsonl,9963,067a6c0aca2693c7ef09526190e02f0496e5f54ef05e0d018bb18b4ed05c114d,
pair-stage-probes-df5bb798-v6d-align-b/artifacts.sha256.json,1016887,4b080b64cac9f71ef2dfc815904c897a907cdbc654964c2bc894bc417f4cd260,
pair-stage-probes-df5bb798-v6d-align-b/plan.json,15059,748f960212d06507e4e36802568cffb3e5048172145ee6a8cee1913751a89665,
pair-stage-probes-e1c99f99-dxSigB/manifest.json,160243,08d88b4c982c4a9fb9e55aefcf9c55e6ff3496b692c50877b2b8ce59ecb0e153,
pair-stage-probes-e1c99f99-dxSigB/cases.jsonl,9852,73bd4f5eaa44e5a3aef1787d80a4a1aad1bebadc5ac2bb69fdc07d0e19d88580,
pair-stage-probes-e1c99f99-dxSigB/artifacts.sha256.json,427455,dfd4a599e5c4828deca36230aa5b3cfb41d129d9c9eb3ebba7b5666527334799,
pair-stage-probes-e1c99f99-dxSigB/plan.json,11174,0a735fd32c3490f2bb5599a3a1053396fe4d1dcbb8f1a06de5789f644fdc1b7b,
pair-stage-probes-e1c99f99-dxSigB/cases/carry_b-v6c_teacher_nominal_s911_pE2E_L2_diag-sigma_held_at_prior/case.json,3257,973bd77950d19ea5d3d75732fc9279d8aa583c65752997b597c8364b7fcf4822,973bd77950d19ea5d3d75732fc9279d8aa583c65752997b597c8364b7fcf4822
pair-stage-probes-e1c99f99-dxSigB/cases/carry_b-v6c_teacher_nominal_s911_pE2E_L2_diag-sigma_held_at_prior/result.json,58133,5dfa5e106222a25f4c52c59261e9b18632150d8d1d2bafbf62cb90dbb0e80487,5dfa5e106222a25f4c52c59261e9b18632150d8d1d2bafbf62cb90dbb0e80487
pair-stage-probes-e1c99f99-dxSigB/cases/carry_b-v6c_teacher_nominal_s911_pE2E_L4_diag-sigma_held_at_prior/case.json,3308,ea70c30c1f75a94c92d00a8ee58b8d6b558030c4bb3e64d8f81af3241d87b736,ea70c30c1f75a94c92d00a8ee58b8d6b558030c4bb3e64d8f81af3241d87b736
pair-stage-probes-e1c99f99-dxSigB/cases/carry_b-v6c_teacher_nominal_s911_pE2E_L4_diag-sigma_held_at_prior/result.json,59324,1685be3f899fecc82faad00c40d5a99562dbfb1ed8b8f933f3d718ee2ea2d826,1685be3f899fecc82faad00c40d5a99562dbfb1ed8b8f933f3d718ee2ea2d826
pair-stage-probes-e1c99f99-dxSigB/cases/carry_b-v6c_teacher_nominal_s911_pE2E_L5_diag-sigma_held_at_prior/case.json,3308,1d75b228cdf2b8d360927ebb611a79ac11f3979916b98d550137238b40fd78d5,1d75b228cdf2b8d360927ebb611a79ac11f3979916b98d550137238b40fd78d5
pair-stage-probes-e1c99f99-dxSigB/cases/carry_b-v6c_teacher_nominal_s911_pE2E_L5_diag-sigma_held_at_prior/result.json,59315,9b6c31d9fc38cda5ebc491e62d9468b0e20c67e4ee6d71f77d785eb1a7444b0e,9b6c31d9fc38cda5ebc491e62d9468b0e20c67e4ee6d71f77d785eb1a7444b0e
pair-stage-probes-e1c99f99-dxSigC/manifest.json,160233,0d16915a98c5767918b8a6aa88d24d45354242ac6eaafffdc0936cbf03d448f6,
pair-stage-probes-e1c99f99-dxSigC/cases.jsonl,51320,3becab20b997ed4114ef69375c53fc47558b412c2c3271aa33d67254a14b5c4d,
pair-stage-probes-e1c99f99-dxSigC/artifacts.sha256.json,2117469,7ac65c52c360c90d83000f65e34418895db75f9f7da8afd45d987bb01283f204,
pair-stage-probes-e1c99f99-dxSigC/plan.json,58549,9013187882bcdc073ebb626c4ac157901e6fc21f37468f801cd16643cd3d1fda,
pair-stage-probes-e1c99f99-dxSigC/cases/carry_b-v6c_teacher_nominal_s912_pE2E_diag-sigma_held_at_prior/case.json,3202,02205fb278c31f2d9667b234c38166a48aa9a36db02eb5696582273b225a343d,02205fb278c31f2d9667b234c38166a48aa9a36db02eb5696582273b225a343d
pair-stage-probes-e1c99f99-dxSigC/cases/carry_b-v6c_teacher_nominal_s912_pE2E_diag-sigma_held_at_prior/result.json,52715,6c2d7da03d6c0eb1c8abfc09ddf96152fba2bc20b6beba6dc2bdbf87f1a2a780,6c2d7da03d6c0eb1c8abfc09ddf96152fba2bc20b6beba6dc2bdbf87f1a2a780
pair-stage-probes-e1c99f99-dxSigC/cases/carry_b-v6c_teacher_nominal_s913_pE2E_diag-sigma_held_at_prior/case.json,3202,a34ae26be66d001e7b5094311ec8932ee4c72c5a538366a0a85791471af2a233,a34ae26be66d001e7b5094311ec8932ee4c72c5a538366a0a85791471af2a233
pair-stage-probes-e1c99f99-dxSigC/cases/carry_b-v6c_teacher_nominal_s913_pE2E_diag-sigma_held_at_prior/result.json,52735,ea5f6680482b184fb5095a63dab20b63eba395696cf97ac0fcd3098c79caf218,ea5f6680482b184fb5095a63dab20b63eba395696cf97ac0fcd3098c79caf218
pair-stage-probes-e1c99f99-dxSigC/cases/carry_b-v6c_teacher_nominal_s912_pE2E_L1_diag-sigma_held_at_prior/case.json,3272,1571811bb063bf1f2a8d2f0028372835b39de3054e7574a672923e852ee19d8a,1571811bb063bf1f2a8d2f0028372835b39de3054e7574a672923e852ee19d8a
pair-stage-probes-e1c99f99-dxSigC/cases/carry_b-v6c_teacher_nominal_s912_pE2E_L1_diag-sigma_held_at_prior/result.json,60824,414878d7eaf1f17c88d66ce418189e27f08d01eecb9d396c9e38b3a40d34fbf7,414878d7eaf1f17c88d66ce418189e27f08d01eecb9d396c9e38b3a40d34fbf7
pair-stage-probes-e1c99f99-dxSigC/cases/carry_b-v6c_teacher_nominal_s913_pE2E_L1_diag-sigma_held_at_prior/case.json,3272,66d21f3c337d68dcb7382e28da54faee25e9f429a333d905716f41d49b5bb2a9,66d21f3c337d68dcb7382e28da54faee25e9f429a333d905716f41d49b5bb2a9
pair-stage-probes-e1c99f99-dxSigC/cases/carry_b-v6c_teacher_nominal_s913_pE2E_L1_diag-sigma_held_at_prior/result.json,60824,1285036d70cb0bd66e776cc02e63a107f3c010fdad2f2d7565b1bcc5aae85cad,1285036d70cb0bd66e776cc02e63a107f3c010fdad2f2d7565b1bcc5aae85cad
pair-stage-probes-e1c99f99-dxSigC/cases/carry_b-v6c_teacher_nominal_s912_pE2E_L2_diag-sigma_held_at_prior/case.json,3257,b0cf9262de7af35f77249c2f14d99678c1c3e5a6f2cb5a9210a47d0d7ed6abbe,b0cf9262de7af35f77249c2f14d99678c1c3e5a6f2cb5a9210a47d0d7ed6abbe
pair-stage-probes-e1c99f99-dxSigC/cases/carry_b-v6c_teacher_nominal_s912_pE2E_L2_diag-sigma_held_at_prior/result.json,58115,7d32455034a94b67fd6a96fe0e44571bbcc0f30bc1d0130cbb38f2e3e6923725,7d32455034a94b67fd6a96fe0e44571bbcc0f30bc1d0130cbb38f2e3e6923725
pair-stage-probes-e1c99f99-dxSigC/cases/carry_b-v6c_teacher_nominal_s913_pE2E_L2_diag-sigma_held_at_prior/case.json,3257,87304e8d7868efe08c0a99f7b4fd5c5e755677191b0fe2f7d16c1809f15723fd,87304e8d7868efe08c0a99f7b4fd5c5e755677191b0fe2f7d16c1809f15723fd
pair-stage-probes-e1c99f99-dxSigC/cases/carry_b-v6c_teacher_nominal_s913_pE2E_L2_diag-sigma_held_at_prior/result.json,58145,48ee11d91687907a73ad6c674967cfc14cdfacaae6a98329c3ef8dac225821d3,48ee11d91687907a73ad6c674967cfc14cdfacaae6a98329c3ef8dac225821d3
pair-stage-probes-e1c99f99-dxSigC/cases/carry_b-v6c_teacher_nominal_s912_pE2E_L3_diag-sigma_held_at_prior/case.json,3231,04809bd5cd9fe910a98f8686320b85892f94741acb3ae3cf24f571bbb003f8b1,04809bd5cd9fe910a98f8686320b85892f94741acb3ae3cf24f571bbb003f8b1
pair-stage-probes-e1c99f99-dxSigC/cases/carry_b-v6c_teacher_nominal_s912_pE2E_L3_diag-sigma_held_at_prior/result.json,59371,e35d952a9b1bb124f94874f89ad2ea20c1f1fc4bd20cab73aa21607048789b4c,e35d952a9b1bb124f94874f89ad2ea20c1f1fc4bd20cab73aa21607048789b4c
pair-stage-probes-e1c99f99-dxSigC/cases/carry_b-v6c_teacher_nominal_s913_pE2E_L3_diag-sigma_held_at_prior/case.json,3231,d2fc5dd508fb3c80912bb30cd0d1f85fca1126dc13b1a763fda5579ceb4b92c0,d2fc5dd508fb3c80912bb30cd0d1f85fca1126dc13b1a763fda5579ceb4b92c0
pair-stage-probes-e1c99f99-dxSigC/cases/carry_b-v6c_teacher_nominal_s913_pE2E_L3_diag-sigma_held_at_prior/result.json,59355,4c2bf2f59c4625d5490b927b69b5f56323d93c6a131ed53069f4096f09e4698d,4c2bf2f59c4625d5490b927b69b5f56323d93c6a131ed53069f4096f09e4698d
pair-stage-probes-e1c99f99-dxSigC/cases/carry_b-v6c_teacher_nominal_s912_pE2E_L4_diag-sigma_held_at_prior/case.json,3308,b4f0a2b403d0ab181eb66f1c34bbddc91141ba62c241cfb4c5e7dffda02ee793,b4f0a2b403d0ab181eb66f1c34bbddc91141ba62c241cfb4c5e7dffda02ee793
pair-stage-probes-e1c99f99-dxSigC/cases/carry_b-v6c_teacher_nominal_s912_pE2E_L4_diag-sigma_held_at_prior/result.json,59305,8ae9b75e47298efa3b94efedcce7b6606e412cbf8d6a87b234cfa9594ffb2d34,8ae9b75e47298efa3b94efedcce7b6606e412cbf8d6a87b234cfa9594ffb2d34
pair-stage-probes-e1c99f99-dxSigC/cases/carry_b-v6c_teacher_nominal_s913_pE2E_L4_diag-sigma_held_at_prior/case.json,3308,00cbadbad123469d12e33049e7fd9ba4a7707f870ee634813c8d8a34f4c18a3f,00cbadbad123469d12e33049e7fd9ba4a7707f870ee634813c8d8a34f4c18a3f
pair-stage-probes-e1c99f99-dxSigC/cases/carry_b-v6c_teacher_nominal_s913_pE2E_L4_diag-sigma_held_at_prior/result.json,59361,b88597f80512016a473541446e3538d43ced0d4b1a54a0f12fe96be12f33bb3a,b88597f80512016a473541446e3538d43ced0d4b1a54a0f12fe96be12f33bb3a
pair-stage-probes-e1c99f99-dxSigC/cases/carry_b-v6c_teacher_nominal_s912_pE2E_L5_diag-sigma_held_at_prior/case.json,3308,c61852ed28352117d48847960d106039a570e35b118c6968a5d3c6fc656fe579,c61852ed28352117d48847960d106039a570e35b118c6968a5d3c6fc656fe579
pair-stage-probes-e1c99f99-dxSigC/cases/carry_b-v6c_teacher_nominal_s912_pE2E_L5_diag-sigma_held_at_prior/result.json,59353,9ef02575169d65531c28980f264c028f4fcb27ff668db73a12d9e93a25cf08f8,9ef02575169d65531c28980f264c028f4fcb27ff668db73a12d9e93a25cf08f8
pair-stage-probes-e1c99f99-dxSigC/cases/carry_b-v6c_teacher_nominal_s913_pE2E_L5_diag-sigma_held_at_prior/case.json,3308,197eb3d0121adb294b21d3cbe7a71ea040cec4488246a2a053ed3ad78938dd35,197eb3d0121adb294b21d3cbe7a71ea040cec4488246a2a053ed3ad78938dd35
pair-stage-probes-e1c99f99-dxSigC/cases/carry_b-v6c_teacher_nominal_s913_pE2E_L5_diag-sigma_held_at_prior/result.json,59340,ccf9d973df192942dc1b6c03aa4177b7dcabd3eadf3e388e3ac6ea83374b0060,ccf9d973df192942dc1b6c03aa4177b7dcabd3eadf3e388e3ac6ea83374b0060
pair-stage-probes-e1c99f99-dxSigC/cases/carry_b-v6c_teacher_nominal_s912_pE2E_L6_diag-sigma_held_at_prior/case.json,3235,7160e649fc7057d5f0ff7bcd990d3c89167e51745174d421e507c41c5101258e,7160e649fc7057d5f0ff7bcd990d3c89167e51745174d421e507c41c5101258e
pair-stage-probes-e1c99f99-dxSigC/cases/carry_b-v6c_teacher_nominal_s912_pE2E_L6_diag-sigma_held_at_prior/result.json,56717,0026830d4edc8229943a7dd47434ef15e6530765b1b9f9cb4ad14f97c6f5b4ec,0026830d4edc8229943a7dd47434ef15e6530765b1b9f9cb4ad14f97c6f5b4ec
pair-stage-probes-e1c99f99-dxSigC/cases/carry_b-v6c_teacher_nominal_s913_pE2E_L6_diag-sigma_held_at_prior/case.json,3235,8a0862ac19f34a47a8c68e5831cbe39b84da21e825af987a658773768dcfbeb3,8a0862ac19f34a47a8c68e5831cbe39b84da21e825af987a658773768dcfbeb3
pair-stage-probes-e1c99f99-dxSigC/cases/carry_b-v6c_teacher_nominal_s913_pE2E_L6_diag-sigma_held_at_prior/result.json,56697,5455891f11f12e1166e270fab597a4b2ff9e713119cf5fc313815a9647ca3d83,5455891f11f12e1166e270fab597a4b2ff9e713119cf5fc313815a9647ca3d83
pair-stage-probes-e1c99f99-dxSigC/cases/carry_b-v6c_teacher_nominal_s912_pE2E_L7_diag-sigma_held_at_prior/case.json,3250,b4e2b583fa12eabdeadb2edba817969255d855f6684da90e934229a6a7cd2e9b,b4e2b583fa12eabdeadb2edba817969255d855f6684da90e934229a6a7cd2e9b
pair-stage-probes-e1c99f99-dxSigC/cases/carry_b-v6c_teacher_nominal_s912_pE2E_L7_diag-sigma_held_at_prior/result.json,40674,38f660de0932dc0e83f084a0e830fb482444d27bc34895094e0db8582baeac02,38f660de0932dc0e83f084a0e830fb482444d27bc34895094e0db8582baeac02
pair-stage-probes-e1c99f99-dxSigC/cases/carry_b-v6c_teacher_nominal_s913_pE2E_L7_diag-sigma_held_at_prior/case.json,3250,a4f54caa03a9f41e9fcd7e1d03e2f081d90c84a90527d2007a41d3fbded16200,a4f54caa03a9f41e9fcd7e1d03e2f081d90c84a90527d2007a41d3fbded16200
pair-stage-probes-e1c99f99-dxSigC/cases/carry_b-v6c_teacher_nominal_s913_pE2E_L7_diag-sigma_held_at_prior/result.json,40655,6c279a8e57f31211b8bbf27b628ec114595382b97da5435a8e222b038c377b35,6c279a8e57f31211b8bbf27b628ec114595382b97da5435a8e222b038c377b35
pair-stage-probes-e1c99f99-dxSigD/manifest.json,160244,6998562f3ed3821b1a62ffa55debb6f1a1ceb6bc6058c3271768df38f403ddd5,
pair-stage-probes-e1c99f99-dxSigD/cases.jsonl,43750,70ada100ad99f261f84848f818936130f50e423bf9b3b781be6410d464ae6670,
pair-stage-probes-e1c99f99-dxSigD/artifacts.sha256.json,1541622,e85e7047cc8fae006175921877eb975513929e157be046c87e0e19dc32b271b6,
pair-stage-probes-e1c99f99-dxSigD/plan.json,59231,354fbc6c1f68954be50295bbd6f7f4ef0a7225209779dd1c0a74bd5f187fc23f,
pair-stage-probes-e1c99f99-dxSigD/cases/carry_b-v6c_teacher_along+_same_s911_pE2E_L1_diag-sigma_held_at_prior/case.json,3288,a51d4b8fb5babcaee97229629fd55b8ffad97c7a4e4a31b4c75335ef0a545e4f,a51d4b8fb5babcaee97229629fd55b8ffad97c7a4e4a31b4c75335ef0a545e4f
pair-stage-probes-e1c99f99-dxSigD/cases/carry_b-v6c_teacher_along+_same_s911_pE2E_L1_diag-sigma_held_at_prior/result.json,9059,279895504a8e500db5e1856571a9237504f433078f5bedd1788091fd3830da74,279895504a8e500db5e1856571a9237504f433078f5bedd1788091fd3830da74
pair-stage-probes-e1c99f99-dxSigD/cases/carry_b-v6c_teacher_along+_opp_s911_pE2E_L1_diag-sigma_held_at_prior/case.json,3287,fbd97a373f113053a0425e181cca2387220b3c5cc4b8ac99df9ab661e91f5359,fbd97a373f113053a0425e181cca2387220b3c5cc4b8ac99df9ab661e91f5359
pair-stage-probes-e1c99f99-dxSigD/cases/carry_b-v6c_teacher_along+_opp_s911_pE2E_L1_diag-sigma_held_at_prior/result.json,9060,111ae68311fce186468900bfef9838e1e7ab108307324ee9d3aced9c47ee24ca,111ae68311fce186468900bfef9838e1e7ab108307324ee9d3aced9c47ee24ca
pair-stage-probes-e1c99f99-dxSigD/cases/carry_b-v6c_teacher_along-_same_s911_pE2E_L1_diag-sigma_held_at_prior/case.json,3290,a986bd9850734c55c3b60765f768024db1391af8eaaa87562cc63823c26196ac,a986bd9850734c55c3b60765f768024db1391af8eaaa87562cc63823c26196ac
pair-stage-probes-e1c99f99-dxSigD/cases/carry_b-v6c_teacher_along-_same_s911_pE2E_L1_diag-sigma_held_at_prior/result.json,60763,0e9c9149fcdaaab62b917533cda35c8a6759738e32dcdb703a02c696a0c1b5ce,0e9c9149fcdaaab62b917533cda35c8a6759738e32dcdb703a02c696a0c1b5ce
pair-stage-probes-e1c99f99-dxSigD/cases/carry_b-v6c_teacher_along-_opp_s911_pE2E_L1_diag-sigma_held_at_prior/case.json,3287,5562b78f176b54fef9b6def0e70da1a44c26b059a4b23d92899d4c595b3bdd85,5562b78f176b54fef9b6def0e70da1a44c26b059a4b23d92899d4c595b3bdd85
pair-stage-probes-e1c99f99-dxSigD/cases/carry_b-v6c_teacher_along-_opp_s911_pE2E_L1_diag-sigma_held_at_prior/result.json,9049,044d937bbfb493c724ed4cb994d9534dcfe539c3ec8b7bff6db9da0635d34b5e,044d937bbfb493c724ed4cb994d9534dcfe539c3ec8b7bff6db9da0635d34b5e
pair-stage-probes-e1c99f99-dxSigD/cases/carry_b-v6c_teacher_lat+_same_s911_pE2E_L1_diag-sigma_held_at_prior/case.json,3286,1183e8cbe56f344398191119585b660e1362005e1ef97fae8db30afe2bae392d,1183e8cbe56f344398191119585b660e1362005e1ef97fae8db30afe2bae392d
pair-stage-probes-e1c99f99-dxSigD/cases/carry_b-v6c_teacher_lat+_same_s911_pE2E_L1_diag-sigma_held_at_prior/result.json,60651,b225c274d36029d2e33dcf8703d87a8c19c72bf01d42cb4019cea3320549ff91,b225c274d36029d2e33dcf8703d87a8c19c72bf01d42cb4019cea3320549ff91
pair-stage-probes-e1c99f99-dxSigD/cases/carry_b-v6c_teacher_lat+_opp_s911_pE2E_L1_diag-sigma_held_at_prior/case.json,3285,0ea6c05687afd411ff73efde8eeb935a94d21787b5c65e4a97f5d797bf9111d9,0ea6c05687afd411ff73efde8eeb935a94d21787b5c65e4a97f5d797bf9111d9
pair-stage-probes-e1c99f99-dxSigD/cases/carry_b-v6c_teacher_lat+_opp_s911_pE2E_L1_diag-sigma_held_at_prior/result.json,60627,bbfa0ccb884f241a10cc77bd3306bf72ee399a3a237deb9ebbf472ef305fc04a,bbfa0ccb884f241a10cc77bd3306bf72ee399a3a237deb9ebbf472ef305fc04a
pair-stage-probes-e1c99f99-dxSigD/cases/carry_b-v6c_teacher_lat-_same_s911_pE2E_L1_diag-sigma_held_at_prior/case.json,3288,2690d695caea7a470b3fdd8973cbe50ea932084218d159c8f204c3d88f8a8fcd,2690d695caea7a470b3fdd8973cbe50ea932084218d159c8f204c3d88f8a8fcd
pair-stage-probes-e1c99f99-dxSigD/cases/carry_b-v6c_teacher_lat-_same_s911_pE2E_L1_diag-sigma_held_at_prior/result.json,60627,c70b3cc3307c0506a5e87c1c6eb2ad5b81fdc4e28c06f5ada98547c171a9803b,c70b3cc3307c0506a5e87c1c6eb2ad5b81fdc4e28c06f5ada98547c171a9803b
pair-stage-probes-e1c99f99-dxSigD/cases/carry_b-v6c_teacher_lat-_opp_s911_pE2E_L1_diag-sigma_held_at_prior/case.json,3285,817c777f59c95da5a768885e20e9c48afd19629e1b3c2f944dadf276e2838b81,817c777f59c95da5a768885e20e9c48afd19629e1b3c2f944dadf276e2838b81
pair-stage-probes-e1c99f99-dxSigD/cases/carry_b-v6c_teacher_lat-_opp_s911_pE2E_L1_diag-sigma_held_at_prior/result.json,60630,566c9a3dd5a2c22ff4fcf504444e2bcd0c9fbaade77c1751f89443e4d2208105,566c9a3dd5a2c22ff4fcf504444e2bcd0c9fbaade77c1751f89443e4d2208105
pair-stage-probes-e1c99f99-dxSigD/cases/carry_b-v6c_teacher_yaw+_same_s911_pE2E_L1_diag-sigma_held_at_prior/case.json,3300,055475477fea698abd1d0f90cf4ac36de4168702eeeda995ed5260212225a794,055475477fea698abd1d0f90cf4ac36de4168702eeeda995ed5260212225a794
pair-stage-probes-e1c99f99-dxSigD/cases/carry_b-v6c_teacher_yaw+_same_s911_pE2E_L1_diag-sigma_held_at_prior/result.json,60670,73476654ad349c868d3b7d8047da2c66561b42617563e7151c2e5b15468be61f,73476654ad349c868d3b7d8047da2c66561b42617563e7151c2e5b15468be61f
pair-stage-probes-e1c99f99-dxSigD/cases/carry_b-v6c_teacher_yaw+_opp_s911_pE2E_L1_diag-sigma_held_at_prior/case.json,3298,e7680dfe16263e7317f91798e1967362e45506079ea2d49aa1864f9c2d1035b2,e7680dfe16263e7317f91798e1967362e45506079ea2d49aa1864f9c2d1035b2
pair-stage-probes-e1c99f99-dxSigD/cases/carry_b-v6c_teacher_yaw+_opp_s911_pE2E_L1_diag-sigma_held_at_prior/result.json,60712,29d2c3745a2fd85e471dfd662ac9b3d6c23229611e5ebe0f87db4763e3818b58,29d2c3745a2fd85e471dfd662ac9b3d6c23229611e5ebe0f87db4763e3818b58
pair-stage-probes-e1c99f99-dxSigD/cases/carry_b-v6c_teacher_yaw-_same_s911_pE2E_L1_diag-sigma_held_at_prior/case.json,3302,00ef1b26c2bf939d586347d7d0d00db43f3c0bd41b32f4eef104de84ead704bb,00ef1b26c2bf939d586347d7d0d00db43f3c0bd41b32f4eef104de84ead704bb
pair-stage-probes-e1c99f99-dxSigD/cases/carry_b-v6c_teacher_yaw-_same_s911_pE2E_L1_diag-sigma_held_at_prior/result.json,60688,b3141985b1877720841fa5bd8bddd6bfee451f9adde4366bcac5e706958a04cb,b3141985b1877720841fa5bd8bddd6bfee451f9adde4366bcac5e706958a04cb
pair-stage-probes-e1c99f99-dxSigD/cases/carry_b-v6c_teacher_yaw-_opp_s911_pE2E_L1_diag-sigma_held_at_prior/case.json,3300,83a97142888d6f30b51c3374b7d71e90f4d2306128da323cd66f4e7d4e858eb7,83a97142888d6f30b51c3374b7d71e90f4d2306128da323cd66f4e7d4e858eb7
pair-stage-probes-e1c99f99-dxSigD/cases/carry_b-v6c_teacher_yaw-_opp_s911_pE2E_L1_diag-sigma_held_at_prior/result.json,60653,56a1b847e5a81f6a5ecc567374c2298a9b8628b718f8ff0bbbf212e0671e8f69,56a1b847e5a81f6a5ecc567374c2298a9b8628b718f8ff0bbbf212e0671e8f69
pair-stage-probes-e1c99f99-dxSigD/cases/carry_b-v6c_teacher_corner++_same_s911_pE2E_L1_diag-sigma_held_at_prior/case.json,3326,ec50e83bba19e8be5944306060708770a771f8cbb5a9ff143214c5a7d0d3a755,ec50e83bba19e8be5944306060708770a771f8cbb5a9ff143214c5a7d0d3a755
pair-stage-probes-e1c99f99-dxSigD/cases/carry_b-v6c_teacher_corner++_same_s911_pE2E_L1_diag-sigma_held_at_prior/result.json,9056,37f5b43eb9f9c7b2793c2b2a1327b98c378405498466d95b3091f1c10003b3b4,37f5b43eb9f9c7b2793c2b2a1327b98c378405498466d95b3091f1c10003b3b4
pair-stage-probes-e1c99f99-dxSigD/cases/carry_b-v6c_teacher_corner++_opp_s911_pE2E_L1_diag-sigma_held_at_prior/case.json,3326,470d4ddbe9045c6027419d4426c96bcc5278bb102656110ff69c78ef51d6d72a,470d4ddbe9045c6027419d4426c96bcc5278bb102656110ff69c78ef51d6d72a
pair-stage-probes-e1c99f99-dxSigD/cases/carry_b-v6c_teacher_corner++_opp_s911_pE2E_L1_diag-sigma_held_at_prior/result.json,9031,73cc69854a884f808d7ac39c277dad663aff8f976d167c60d3a8d793f2be3e04,73cc69854a884f808d7ac39c277dad663aff8f976d167c60d3a8d793f2be3e04
pair-stage-probes-e1c99f99-dxSigD/cases/carry_b-v6c_teacher_corner--_same_s911_pE2E_L1_diag-sigma_held_at_prior/case.json,3332,c9ffce3552260b2f96798dbc68096277395807c90f0d8fd32a38fd60fcd2570d,c9ffce3552260b2f96798dbc68096277395807c90f0d8fd32a38fd60fcd2570d
pair-stage-probes-e1c99f99-dxSigD/cases/carry_b-v6c_teacher_corner--_same_s911_pE2E_L1_diag-sigma_held_at_prior/result.json,60721,ea3a1f672ba50382e7689492c38d3de232f9e247e1f62002ab260df0cdf32171,ea3a1f672ba50382e7689492c38d3de232f9e247e1f62002ab260df0cdf32171
pair-stage-probes-e1c99f99-dxSigD/cases/carry_b-v6c_teacher_corner--_opp_s911_pE2E_L1_diag-sigma_held_at_prior/case.json,3328,2ed253fa66312f4a14389c29ce589ac5cc740db94ee0dd23dbefb340aaf07920,2ed253fa66312f4a14389c29ce589ac5cc740db94ee0dd23dbefb340aaf07920
pair-stage-probes-e1c99f99-dxSigD/cases/carry_b-v6c_teacher_corner--_opp_s911_pE2E_L1_diag-sigma_held_at_prior/result.json,9047,fc4b15ccd4a8a1fb16a518eb4320256b0e4e2537f1c4a6fd2607cc25a85aa709,fc4b15ccd4a8a1fb16a518eb4320256b0e4e2537f1c4a6fd2607cc25a85aa709
pair-stage-probes-e1c99f99-dxSigE/manifest.json,160246,b51c892b41099a8084d1d59c61b5353c7d93a7bdd1aaa2caaadd14df9e9fdaba,
pair-stage-probes-e1c99f99-dxSigE/cases.jsonl,43668,449ce345bc617655a9c2c7d67b5ba5a6b5ad3e1fd237d58348932c47f93b9b9c,
pair-stage-probes-e1c99f99-dxSigE/artifacts.sha256.json,1186461,02002bf2476373f4d8d9c1e55280b023a53ffc5c93336fea98dfc520fd94c990,
pair-stage-probes-e1c99f99-dxSigE/plan.json,58111,c9f5b81d08d62d3e11338467b3dbf94f80519f4ca593ceef7adf218d603389c0,
pair-stage-probes-e1c99f99-dxSigE/cases/carry_b-v6c_teacher_along+_same_s911_pE2E_diag-sigma_held_at_prior/case.json,3218,b11829218928e9b274cd2ad73bd14baeac6666cedc0cc711c27c57537d779e60,b11829218928e9b274cd2ad73bd14baeac6666cedc0cc711c27c57537d779e60
pair-stage-probes-e1c99f99-dxSigE/cases/carry_b-v6c_teacher_along+_same_s911_pE2E_diag-sigma_held_at_prior/result.json,9021,98aae1ca0dbe4e5d3f59632f8aa6585e45e0676a51a39c4d047ee5570095b430,98aae1ca0dbe4e5d3f59632f8aa6585e45e0676a51a39c4d047ee5570095b430
pair-stage-probes-e1c99f99-dxSigE/cases/carry_b-v6c_teacher_along+_opp_s911_pE2E_diag-sigma_held_at_prior/case.json,3217,c1e45ea8166c748a2ce7cae3d6ff6fb548e6f10bf490c7ae29bd015dc5d478e8,c1e45ea8166c748a2ce7cae3d6ff6fb548e6f10bf490c7ae29bd015dc5d478e8
pair-stage-probes-e1c99f99-dxSigE/cases/carry_b-v6c_teacher_along+_opp_s911_pE2E_diag-sigma_held_at_prior/result.json,9019,f4f547a1e11c5c12efdcbb470450caabe5ac6b85b46b5f103236d17f59629f28,f4f547a1e11c5c12efdcbb470450caabe5ac6b85b46b5f103236d17f59629f28
pair-stage-probes-e1c99f99-dxSigE/cases/carry_b-v6c_teacher_along-_same_s911_pE2E_diag-sigma_held_at_prior/case.json,3220,95fb4e78529ec74da4dd5d69aa97614a11b4c70b06dc4ed340017a6bd6fbd2be,95fb4e78529ec74da4dd5d69aa97614a11b4c70b06dc4ed340017a6bd6fbd2be
pair-stage-probes-e1c99f99-dxSigE/cases/carry_b-v6c_teacher_along-_same_s911_pE2E_diag-sigma_held_at_prior/result.json,52739,eca287df84162117f4be77895c94a768f94bded2b327ed97567aee0a15d44432,eca287df84162117f4be77895c94a768f94bded2b327ed97567aee0a15d44432
pair-stage-probes-e1c99f99-dxSigE/cases/carry_b-v6c_teacher_along-_opp_s911_pE2E_diag-sigma_held_at_prior/case.json,3217,9d38cff630f2c8bc315b17e3ad9353b3eb4e2b6e48510332b7e30c5ec7ce4c55,9d38cff630f2c8bc315b17e3ad9353b3eb4e2b6e48510332b7e30c5ec7ce4c55
pair-stage-probes-e1c99f99-dxSigE/cases/carry_b-v6c_teacher_along-_opp_s911_pE2E_diag-sigma_held_at_prior/result.json,9023,2d17fe88fadbcdb1e6b4fd04ed06a788e2d44d3faf8db2147bae4951dcacbeac,2d17fe88fadbcdb1e6b4fd04ed06a788e2d44d3faf8db2147bae4951dcacbeac
pair-stage-probes-e1c99f99-dxSigE/cases/carry_b-v6c_teacher_lat+_same_s911_pE2E_diag-sigma_held_at_prior/case.json,3216,d3291ff72395f2bdfb88e3a00997e7bfcae9158a097dbe9f62f7c3421de5859f,d3291ff72395f2bdfb88e3a00997e7bfcae9158a097dbe9f62f7c3421de5859f
pair-stage-probes-e1c99f99-dxSigE/cases/carry_b-v6c_teacher_lat+_same_s911_pE2E_diag-sigma_held_at_prior/result.json,52694,13ab7aecea657f066cb1b1320df20f6b58e3e534f26ae21bc5ab0b4444f33f58,13ab7aecea657f066cb1b1320df20f6b58e3e534f26ae21bc5ab0b4444f33f58
pair-stage-probes-e1c99f99-dxSigE/cases/carry_b-v6c_teacher_lat+_opp_s911_pE2E_diag-sigma_held_at_prior/case.json,3215,0bf96e6882e9de607c2f8e58a8e730399b8a3ad9f36a9d9579091d6089a98c8d,0bf96e6882e9de607c2f8e58a8e730399b8a3ad9f36a9d9579091d6089a98c8d
pair-stage-probes-e1c99f99-dxSigE/cases/carry_b-v6c_teacher_lat+_opp_s911_pE2E_diag-sigma_held_at_prior/result.json,52645,c0a47cc72675b337aba1485dd39077a812634ff847aa5dc8e8be7b2f2bbc9c4b,c0a47cc72675b337aba1485dd39077a812634ff847aa5dc8e8be7b2f2bbc9c4b
pair-stage-probes-e1c99f99-dxSigE/cases/carry_b-v6c_teacher_lat-_same_s911_pE2E_diag-sigma_held_at_prior/case.json,3218,dda875e6e9193edb4f5fee42ca77c94a473be3168b5e422f3d888fd467764fbe,dda875e6e9193edb4f5fee42ca77c94a473be3168b5e422f3d888fd467764fbe
pair-stage-probes-e1c99f99-dxSigE/cases/carry_b-v6c_teacher_lat-_same_s911_pE2E_diag-sigma_held_at_prior/result.json,52658,bcb995d6e9e98a35dffe2be792bb80605bfc3e08db390a2624b766c358dcbe4c,bcb995d6e9e98a35dffe2be792bb80605bfc3e08db390a2624b766c358dcbe4c
pair-stage-probes-e1c99f99-dxSigE/cases/carry_b-v6c_teacher_lat-_opp_s911_pE2E_diag-sigma_held_at_prior/case.json,3215,71e8b930e2432aabe8913341bf00d5b45bdb4162fa335cf8bf50c9a7367b83db,71e8b930e2432aabe8913341bf00d5b45bdb4162fa335cf8bf50c9a7367b83db
pair-stage-probes-e1c99f99-dxSigE/cases/carry_b-v6c_teacher_lat-_opp_s911_pE2E_diag-sigma_held_at_prior/result.json,52698,2a970cd49ff61f76e48e968b08959fdd5f4cc0370fdcac4444aed206e8643f1f,2a970cd49ff61f76e48e968b08959fdd5f4cc0370fdcac4444aed206e8643f1f
pair-stage-probes-e1c99f99-dxSigE/cases/carry_b-v6c_teacher_yaw+_same_s911_pE2E_diag-sigma_held_at_prior/case.json,3230,cdccaba44c024628b5328ea8ad0cc6046afb17f23dd9e5cb288b690bdb8bb84d,cdccaba44c024628b5328ea8ad0cc6046afb17f23dd9e5cb288b690bdb8bb84d
pair-stage-probes-e1c99f99-dxSigE/cases/carry_b-v6c_teacher_yaw+_same_s911_pE2E_diag-sigma_held_at_prior/result.json,52659,93c1175b0f8c718efbc510eabee5b392f01aa83a3cf6b8254b906dc1675c9211,93c1175b0f8c718efbc510eabee5b392f01aa83a3cf6b8254b906dc1675c9211
pair-stage-probes-e1c99f99-dxSigE/cases/carry_b-v6c_teacher_yaw+_opp_s911_pE2E_diag-sigma_held_at_prior/case.json,3228,1a1e2d295dba3fb10f00676bdeccb246b754315994cc38a2638a609f576d0768,1a1e2d295dba3fb10f00676bdeccb246b754315994cc38a2638a609f576d0768
pair-stage-probes-e1c99f99-dxSigE/cases/carry_b-v6c_teacher_yaw+_opp_s911_pE2E_diag-sigma_held_at_prior/result.json,52641,be4f06db268b82405cf6e41cf03a0be130997330f0d3bb78ab1cffbab58feb1e,be4f06db268b82405cf6e41cf03a0be130997330f0d3bb78ab1cffbab58feb1e
pair-stage-probes-e1c99f99-dxSigE/cases/carry_b-v6c_teacher_yaw-_same_s911_pE2E_diag-sigma_held_at_prior/case.json,3232,40ab894218db428ec2e09e0d2ac50aedb29025ed9d3ac8cdca740061185886a0,40ab894218db428ec2e09e0d2ac50aedb29025ed9d3ac8cdca740061185886a0
pair-stage-probes-e1c99f99-dxSigE/cases/carry_b-v6c_teacher_yaw-_same_s911_pE2E_diag-sigma_held_at_prior/result.json,52629,5a31cc8f3ff91b84353ca33721f637bb7d5df1b88182a16d924ba45d322867f1,5a31cc8f3ff91b84353ca33721f637bb7d5df1b88182a16d924ba45d322867f1
pair-stage-probes-e1c99f99-dxSigE/cases/carry_b-v6c_teacher_yaw-_opp_s911_pE2E_diag-sigma_held_at_prior/case.json,3230,d0f2e7841f330071c310b6fee95a4f9f647b4960a4fd94a7994e931d852022a4,d0f2e7841f330071c310b6fee95a4f9f647b4960a4fd94a7994e931d852022a4
pair-stage-probes-e1c99f99-dxSigE/cases/carry_b-v6c_teacher_yaw-_opp_s911_pE2E_diag-sigma_held_at_prior/result.json,52635,d272553c60e43d5eb39d2ff51d47bdc26480df7c92d6203f8d704719e28496d3,d272553c60e43d5eb39d2ff51d47bdc26480df7c92d6203f8d704719e28496d3
pair-stage-probes-e1c99f99-dxSigE/cases/carry_b-v6c_teacher_corner++_same_s911_pE2E_diag-sigma_held_at_prior/case.json,3256,3c169c99d315395903a3bfc722119365a7fd7276c8a3a9f06d6bd28e055a1f7b,3c169c99d315395903a3bfc722119365a7fd7276c8a3a9f06d6bd28e055a1f7b
pair-stage-probes-e1c99f99-dxSigE/cases/carry_b-v6c_teacher_corner++_same_s911_pE2E_diag-sigma_held_at_prior/result.json,9044,3eec453a70b21023077c0b9ad7a0fc3ac7e113eca0de8435aec72de6d45e0a07,3eec453a70b21023077c0b9ad7a0fc3ac7e113eca0de8435aec72de6d45e0a07
pair-stage-probes-e1c99f99-dxSigE/cases/carry_b-v6c_teacher_corner++_opp_s911_pE2E_diag-sigma_held_at_prior/case.json,3256,1201698172bed72f6c3a5385d6572b007c7d959cf364b089416c8f6674b242bd,1201698172bed72f6c3a5385d6572b007c7d959cf364b089416c8f6674b242bd
pair-stage-probes-e1c99f99-dxSigE/cases/carry_b-v6c_teacher_corner++_opp_s911_pE2E_diag-sigma_held_at_prior/result.json,9027,983dac556293fcf95d6f9a0dee81518c1f3eccca610ca0d4b3577a3cf0130b39,983dac556293fcf95d6f9a0dee81518c1f3eccca610ca0d4b3577a3cf0130b39
pair-stage-probes-e1c99f99-dxSigE/cases/carry_b-v6c_teacher_corner--_same_s911_pE2E_diag-sigma_held_at_prior/case.json,3262,110666eb0ee0ae50f2bba02310416cfc33646e2f2ad85f99e83a60f7c2854f41,110666eb0ee0ae50f2bba02310416cfc33646e2f2ad85f99e83a60f7c2854f41
pair-stage-probes-e1c99f99-dxSigE/cases/carry_b-v6c_teacher_corner--_same_s911_pE2E_diag-sigma_held_at_prior/result.json,52677,634ab55135d201355d77a55e0b787f1680083d79d4451888ebb0b6e6ac783998,634ab55135d201355d77a55e0b787f1680083d79d4451888ebb0b6e6ac783998
pair-stage-probes-e1c99f99-dxSigE/cases/carry_b-v6c_teacher_corner--_opp_s911_pE2E_diag-sigma_held_at_prior/case.json,3258,ee8cddfb6ceb00020487be9b85c7a1d549bdebbea9669d301c09ae52c8839ec1,ee8cddfb6ceb00020487be9b85c7a1d549bdebbea9669d301c09ae52c8839ec1
pair-stage-probes-e1c99f99-dxSigE/cases/carry_b-v6c_teacher_corner--_opp_s911_pE2E_diag-sigma_held_at_prior/result.json,9025,d755efd33dffaaa51c557b7d367d8d6c08677f43cbecc35b6f597d66a315fe0f,d755efd33dffaaa51c557b7d367d8d6c08677f43cbecc35b6f597d66a315fe0f
pair-stage-probes-e1c99f99-dxSigma/manifest.json,160224,704f8db04478e8f16ce61f90db6befe5da5e45a5f83feab6aa6b568da283449b,
pair-stage-probes-e1c99f99-dxSigma/cases.jsonl,15843,922246ec4e2c50229fc6e1c671aea9f52eda2ae5797304205791b208353a6671,
pair-stage-probes-e1c99f99-dxSigma/artifacts.sha256.json,631227,d6b268c736ae2fa9e6b0006b5574ff1933411a66c9aa02f873cb2a327a542eca,
pair-stage-probes-e1c99f99-dxSigma/plan.json,18279,6936d31241661afc2873328ceebc41a4c4d26d3eb9aabd8f6a8db452e5c5829e,
pair-stage-probes-e1c99f99-dxSigma/cases/carry_b-v6c_teacher_nominal_s911_pE2E_diag-sigma_held_at_prior/case.json,3202,2a23cee5a1629069a77b8de614b301ad2f48046546c9525f600be57f39bfda09,2a23cee5a1629069a77b8de614b301ad2f48046546c9525f600be57f39bfda09
pair-stage-probes-e1c99f99-dxSigma/cases/carry_b-v6c_teacher_nominal_s911_pE2E_diag-sigma_held_at_prior/result.json,52724,3cba74571ae7b320d202d212344bfb09f9a8c469a8f5b4e8e5400e98b40c8c07,3cba74571ae7b320d202d212344bfb09f9a8c469a8f5b4e8e5400e98b40c8c07
pair-stage-probes-e1c99f99-dxSigma/cases/carry_b-v6c_teacher_nominal_s911_pE2E_L1_diag-sigma_held_at_prior/case.json,3272,ffe52183cf823353d91d35acbf32f1bb6d4fe4fc35c634387542fa129e277a55,ffe52183cf823353d91d35acbf32f1bb6d4fe4fc35c634387542fa129e277a55
pair-stage-probes-e1c99f99-dxSigma/cases/carry_b-v6c_teacher_nominal_s911_pE2E_L1_diag-sigma_held_at_prior/result.json,60802,a113bf82c60d98f86bc30b9b374bc407c13910205ec99bb36db6350d92adfcb6,a113bf82c60d98f86bc30b9b374bc407c13910205ec99bb36db6350d92adfcb6
pair-stage-probes-e1c99f99-dxSigma/cases/carry_b-v6c_teacher_nominal_s911_pE2E_L3_diag-sigma_held_at_prior/case.json,3231,fea1cd5aaa75a7c7774eabbce7acac419f6dab8caed93f4799c4f32f74c885a9,fea1cd5aaa75a7c7774eabbce7acac419f6dab8caed93f4799c4f32f74c885a9
pair-stage-probes-e1c99f99-dxSigma/cases/carry_b-v6c_teacher_nominal_s911_pE2E_L3_diag-sigma_held_at_prior/result.json,59353,b6aeacef113cab732b998224effb9a2f295d8f55066752ba6fd76a3d9c3e9586,b6aeacef113cab732b998224effb9a2f295d8f55066752ba6fd76a3d9c3e9586
pair-stage-probes-e1c99f99-dxSigma/cases/carry_b-v6c_teacher_nominal_s911_pE2E_L6_diag-sigma_held_at_prior/case.json,3235,7d6ce17a7bcc031fd29a117b255ba452e09497e5ed11f5dfb0288b2916882f59,7d6ce17a7bcc031fd29a117b255ba452e09497e5ed11f5dfb0288b2916882f59
pair-stage-probes-e1c99f99-dxSigma/cases/carry_b-v6c_teacher_nominal_s911_pE2E_L6_diag-sigma_held_at_prior/result.json,56710,6e7acc23d4403205e92eefb2f7ebdeba786fe5e2cea51594dfcb942f79a2a939,6e7acc23d4403205e92eefb2f7ebdeba786fe5e2cea51594dfcb942f79a2a939
pair-stage-probes-e1c99f99-dxSigma/cases/carry_b-v6c_teacher_nominal_s911_pE2E_L7_diag-sigma_held_at_prior/case.json,3250,1a2e1bfb10f0b8b3a848bedbe0f51d5a19dbcda6fb065abe823265d7f22cbba9,1a2e1bfb10f0b8b3a848bedbe0f51d5a19dbcda6fb065abe823265d7f22cbba9
pair-stage-probes-e1c99f99-dxSigma/cases/carry_b-v6c_teacher_nominal_s911_pE2E_L7_diag-sigma_held_at_prior/result.json,40629,4885b212cdb552e3076b7920fe86dbd118561305b9ad5889a416f6909e28a51c,4885b212cdb552e3076b7920fe86dbd118561305b9ad5889a416f6909e28a51c
pair-stage-probes-ec30e57d-v6d-pilot2/manifest.json,162627,23bd6b3ed340699d1af98427b67aefae503d9aaec6c0d62c7f15c099f1b550aa,
pair-stage-probes-ec30e57d-v6d-pilot2/cases.jsonl,6620,b77894f45d3ff0c14d64948a026d12ef7b0e5e0dd29764d0d6bac353b4359ad6,
pair-stage-probes-ec30e57d-v6d-pilot2/artifacts.sha256.json,670928,0364d0a9eb15208dfcc685af65772a401bd88d9c0a8d63837b2659df31a1537b,
pair-stage-probes-ec30e57d-v6d-pilot2/plan.json,12139,54d18dc04daa1ad089baec8717f2265275f447d295cf12f9d3fac0fd7ddbce77,
pair-stage-probes-ece01311-fcal/manifest.json,166863,cf27472b204d7090e95605a019ae6d36ec1fcc88a85ed492ee11242fd3d6d076,
pair-stage-probes-ece01311-fcal/cases.jsonl,136960,261796438d939e2319350b801601c70e17d575a29f43fe601ae725ebc48ba660,261796438d939e2319350b801601c70e17d575a29f43fe601ae725ebc48ba660
pair-stage-probes-ece01311-fcal/artifacts.sha256.json,5082615,3f413f007298bd68be8169ae6490e9dc4f6e6c863eb062a3bcb65f786822c596,
pair-stage-probes-ece01311-fcal/plan.json,128992,865f22f22531528230c8169f28a3ffea3cb6438f8c88c61b39ef888e81351736,
pair-stage-probes-ece01311-fcal/cases/carry_b-v6e_teacher_nominal_s911_pE2E_Vcal/case.json,2633,edf8dbfab46ee03bcd005c536255b1fcbf25daaf88e2bff2a9bebf1852dd501f,edf8dbfab46ee03bcd005c536255b1fcbf25daaf88e2bff2a9bebf1852dd501f
pair-stage-probes-ece01311-fcal/cases/carry_b-v6e_teacher_nominal_s911_pE2E_Vcal/result.json,57068,d95eda35bd76ca8efcb7a47678bb5efc256bf1154ad15ba03b7d0cf0d7e76067,d95eda35bd76ca8efcb7a47678bb5efc256bf1154ad15ba03b7d0cf0d7e76067
pair-stage-probes-ece01311-fcal/cases/carry_b-v6e_teacher_nominal_s912_pE2E_Vcal/case.json,2633,27d7de03e3d843c355ad0ea37e810104e9a762f6989078ea8b00b7addc02fdfc,27d7de03e3d843c355ad0ea37e810104e9a762f6989078ea8b00b7addc02fdfc
pair-stage-probes-ece01311-fcal/cases/carry_b-v6e_teacher_nominal_s912_pE2E_Vcal/result.json,57065,00f381767a4bc71868bf2d41c9e302c813eac19de885fc5fea5f96f824c41679,00f381767a4bc71868bf2d41c9e302c813eac19de885fc5fea5f96f824c41679
pair-stage-probes-ece01311-fcal/cases/carry_b-v6e_teacher_nominal_s913_pE2E_Vcal/case.json,2633,1444a0587d2a909a46fb0c915084291e2ff96383d65d0d2e2080e40d2da390f8,1444a0587d2a909a46fb0c915084291e2ff96383d65d0d2e2080e40d2da390f8
pair-stage-probes-ece01311-fcal/cases/carry_b-v6e_teacher_nominal_s913_pE2E_Vcal/result.json,57058,cda4d102018db5e6b1582b578e02b642a7a9f58382e022c15c0258d276f5bd2c,cda4d102018db5e6b1582b578e02b642a7a9f58382e022c15c0258d276f5bd2c
pair-stage-probes-ece01311-fcal/cases/carry_b-v6e_teacher_lat-_opp_s911_pE2E_Vcal/case.json,2646,899bf58615b6cb5bcfd9c50bf6cb7886fff2a6fae4341cf4c76639fadb3a460c,899bf58615b6cb5bcfd9c50bf6cb7886fff2a6fae4341cf4c76639fadb3a460c
pair-stage-probes-ece01311-fcal/cases/carry_b-v6e_teacher_lat-_opp_s911_pE2E_Vcal/result.json,49511,7ecac5efbd9e27ae08dd134f2e9ea9b7a750c6e966fee669c3b58b60cce2e143,7ecac5efbd9e27ae08dd134f2e9ea9b7a750c6e966fee669c3b58b60cce2e143
pair-stage-probes-ece01311-fcal/cases/carry_b-v6e_teacher_yaw-_opp_s911_pE2E_Vcal/case.json,2661,a47e13906f65dc1271c134a8af5f0b5e8dc250d750ac530660105452a35b4280,a47e13906f65dc1271c134a8af5f0b5e8dc250d750ac530660105452a35b4280
pair-stage-probes-ece01311-fcal/cases/carry_b-v6e_teacher_yaw-_opp_s911_pE2E_Vcal/result.json,56951,f61586ef5a4b00c984a27f16121ab8491307df7b9950ce32aaf6a8be8dc81c0c,f61586ef5a4b00c984a27f16121ab8491307df7b9950ce32aaf6a8be8dc81c0c
pair-stage-probes-ece01311-fcal/cases/carry_b-v6e_teacher_yaw+_same_s911_pE2E_Vcal/case.json,2661,89ca3bb9af5753d51acdb9b2e5e17383f064fb22ebbe59d60f695f69d01d26ab,89ca3bb9af5753d51acdb9b2e5e17383f064fb22ebbe59d60f695f69d01d26ab
pair-stage-probes-ece01311-fcal/cases/carry_b-v6e_teacher_yaw+_same_s911_pE2E_Vcal/result.json,56988,29a8e02b678527d68999065bd25ee6e6f808d7f062b2149c6d6858099a537927,29a8e02b678527d68999065bd25ee6e6f808d7f062b2149c6d6858099a537927
pair-stage-probes-ece01311-fcal/cases/carry_b-v6e_teacher_nominal_s911_pE2E_L1_Vcal/case.json,2635,e3c85c2fe621ecd6c10f020fb4c56c7354b9379bbca405689e186f5caf7a35bc,e3c85c2fe621ecd6c10f020fb4c56c7354b9379bbca405689e186f5caf7a35bc
pair-stage-probes-ece01311-fcal/cases/carry_b-v6e_teacher_nominal_s911_pE2E_L1_Vcal/result.json,62514,6cf8230dcfe9d72a47590b7699b10238718b89bbe2aba84a64e2d66dbe7bf2a5,6cf8230dcfe9d72a47590b7699b10238718b89bbe2aba84a64e2d66dbe7bf2a5
pair-stage-probes-ece01311-fcal/cases/carry_b-v6e_teacher_nominal_s912_pE2E_L1_Vcal/case.json,2635,a733b7587215e441affc90a10f2beb9fc55dafb355109a4b3fb3fae3d858acfd,a733b7587215e441affc90a10f2beb9fc55dafb355109a4b3fb3fae3d858acfd
pair-stage-probes-ece01311-fcal/cases/carry_b-v6e_teacher_nominal_s912_pE2E_L1_Vcal/result.json,62480,4ea391820caba7c4a813da0b68884ec43dab2e76d503650b8e0ab17b63d04102,4ea391820caba7c4a813da0b68884ec43dab2e76d503650b8e0ab17b63d04102
pair-stage-probes-ece01311-fcal/cases/carry_b-v6e_teacher_nominal_s913_pE2E_L1_Vcal/case.json,2635,240b4d5796a99c2ac73a2a4b26597109d890647bad476754d4521f9e48f8210c,240b4d5796a99c2ac73a2a4b26597109d890647bad476754d4521f9e48f8210c
pair-stage-probes-ece01311-fcal/cases/carry_b-v6e_teacher_nominal_s913_pE2E_L1_Vcal/result.json,62520,0c3c702d487d91bc32059772e921934747a04d27fe68edd65a2162058201eb5b,0c3c702d487d91bc32059772e921934747a04d27fe68edd65a2162058201eb5b
pair-stage-probes-ece01311-fcal/cases/carry_b-v6e_teacher_lat-_opp_s911_pE2E_L1_Vcal/case.json,2648,0a15c408a1b2bcc28b7163ab768b3fd2d16c893ecf4d7cd753553d42aea53c8c,0a15c408a1b2bcc28b7163ab768b3fd2d16c893ecf4d7cd753553d42aea53c8c
pair-stage-probes-ece01311-fcal/cases/carry_b-v6e_teacher_lat-_opp_s911_pE2E_L1_Vcal/result.json,62427,99fe2fcb9d84ca6883bb65858d827e5e38a14c2ea01249a9670e2e03776ee923,99fe2fcb9d84ca6883bb65858d827e5e38a14c2ea01249a9670e2e03776ee923
pair-stage-probes-ece01311-fcal/cases/carry_b-v6e_teacher_yaw+_same_s911_pE2E_L1_Vcal/case.json,2663,e45188620c5849f815ee8ed19fd7d074483b2637b619c743e552fbd4e45d12ea,e45188620c5849f815ee8ed19fd7d074483b2637b619c743e552fbd4e45d12ea
pair-stage-probes-ece01311-fcal/cases/carry_b-v6e_teacher_yaw+_same_s911_pE2E_L1_Vcal/result.json,62447,a8f48a4fc4457d4b943050539cfb9268657dfdc86b1d30b28b9e855f111cc4ec,a8f48a4fc4457d4b943050539cfb9268657dfdc86b1d30b28b9e855f111cc4ec
pair-stage-probes-ece01311-fcal/cases/carry_b-v6e_teacher_yaw-_opp_s911_pE2E_L1_Vcal/case.json,2663,fc494dcbe69fc0c27a8941ba54557a00a09ec2a1426ac6fa0b019ab30c78aad7,fc494dcbe69fc0c27a8941ba54557a00a09ec2a1426ac6fa0b019ab30c78aad7
pair-stage-probes-ece01311-fcal/cases/carry_b-v6e_teacher_yaw-_opp_s911_pE2E_L1_Vcal/result.json,62467,dd61f785b7a97b92a739d293dfc1d1e6cda7f055d602dac1ceadcd307eb2afce,dd61f785b7a97b92a739d293dfc1d1e6cda7f055d602dac1ceadcd307eb2afce
pair-stage-probes-ece01311-fcal/cases/carry_b-v6e_teacher_nominal_s911_pE2E_L2_Vcal/case.json,2648,f9aa72241c55db0c9c1a6d064b8248c78b0dd55375598e262f18e1c075f260ef,f9aa72241c55db0c9c1a6d064b8248c78b0dd55375598e262f18e1c075f260ef
pair-stage-probes-ece01311-fcal/cases/carry_b-v6e_teacher_nominal_s911_pE2E_L2_Vcal/result.json,60018,52446448313300e6effed4475cd6e369ada147f8f183c6a4c2818f84634a4da7,52446448313300e6effed4475cd6e369ada147f8f183c6a4c2818f84634a4da7
pair-stage-probes-ece01311-fcal/cases/carry_b-v6e_teacher_nominal_s912_pE2E_L2_Vcal/case.json,2648,fb112c8850a9540e48d631933b1e2941425d6baf7388fc369f099365a73822a8,fb112c8850a9540e48d631933b1e2941425d6baf7388fc369f099365a73822a8
pair-stage-probes-ece01311-fcal/cases/carry_b-v6e_teacher_nominal_s912_pE2E_L2_Vcal/result.json,60053,28a7350da0b0122b5461fab30c049ad4ce7e2917152636b37ba03751bb411ae0,28a7350da0b0122b5461fab30c049ad4ce7e2917152636b37ba03751bb411ae0
pair-stage-probes-ece01311-fcal/cases/carry_b-v6e_teacher_nominal_s913_pE2E_L2_Vcal/case.json,2648,9fffa7478ab6dc12c4d3d7fb7ed27a6feaf76f7eff9dae007c17efd2938107c8,9fffa7478ab6dc12c4d3d7fb7ed27a6feaf76f7eff9dae007c17efd2938107c8
pair-stage-probes-ece01311-fcal/cases/carry_b-v6e_teacher_nominal_s913_pE2E_L2_Vcal/result.json,60032,d1f0bb5ad400eb42d4b3c49873665d507a805109b08f67f44961c5c01bdb70ce,d1f0bb5ad400eb42d4b3c49873665d507a805109b08f67f44961c5c01bdb70ce
pair-stage-probes-ece01311-fcal/cases/carry_b-v6e_teacher_lat-_opp_s911_pE2E_L2_Vcal/case.json,2661,1a23966a36dd9e9fa118f17078db1b3e12077e9a02971d65e158addebf8a665a,1a23966a36dd9e9fa118f17078db1b3e12077e9a02971d65e158addebf8a665a
pair-stage-probes-ece01311-fcal/cases/carry_b-v6e_teacher_lat-_opp_s911_pE2E_L2_Vcal/result.json,59962,64e7e889f93007b9352439366b8168ae426f5ced59ccd3a6e7bd643726fdecda,64e7e889f93007b9352439366b8168ae426f5ced59ccd3a6e7bd643726fdecda
pair-stage-probes-ece01311-fcal/cases/carry_b-v6e_teacher_yaw+_same_s911_pE2E_L2_Vcal/case.json,2676,59609b926f44536a17393b057546d9a8b5147269965a6a257ed0d24010de0ee1,59609b926f44536a17393b057546d9a8b5147269965a6a257ed0d24010de0ee1
pair-stage-probes-ece01311-fcal/cases/carry_b-v6e_teacher_yaw+_same_s911_pE2E_L2_Vcal/result.json,59972,a9c605de29ea382520a8bf8792788b22f5aefba3ebf15ed0f75aa97067a6d5b7,a9c605de29ea382520a8bf8792788b22f5aefba3ebf15ed0f75aa97067a6d5b7
pair-stage-probes-ece01311-fcal/cases/carry_b-v6e_teacher_yaw-_opp_s911_pE2E_L2_Vcal/case.json,2676,da30d103283959ffb1ab4ffe62c60a83a3a91482847fd685f29d80071117f44e,da30d103283959ffb1ab4ffe62c60a83a3a91482847fd685f29d80071117f44e
pair-stage-probes-ece01311-fcal/cases/carry_b-v6e_teacher_yaw-_opp_s911_pE2E_L2_Vcal/result.json,59950,b9eff85308fddc32ea899de38989fe3382396322530d3f0e49ee7c2c6b5c052f,b9eff85308fddc32ea899de38989fe3382396322530d3f0e49ee7c2c6b5c052f
pair-stage-probes-ece01311-fcal/cases/carry_b-v6e_teacher_nominal_s911_pE2E_L3_Vcal/case.json,2634,a243d923e2818537bed76521a881d4678d1ac2eb75fc8436191816bf3ff898ad,a243d923e2818537bed76521a881d4678d1ac2eb75fc8436191816bf3ff898ad
pair-stage-probes-ece01311-fcal/cases/carry_b-v6e_teacher_nominal_s911_pE2E_L3_Vcal/result.json,58033,8716d8bd6a7e324f6ce6f7fa37d5501365342b91b9a195e90696bca94cec9449,8716d8bd6a7e324f6ce6f7fa37d5501365342b91b9a195e90696bca94cec9449
pair-stage-probes-ece01311-fcal/cases/carry_b-v6e_teacher_nominal_s912_pE2E_L3_Vcal/case.json,2634,a047aaef7f39ddfc1fe4d76b478c673c4fa60998501603f9be9fdc0fa4630c40,a047aaef7f39ddfc1fe4d76b478c673c4fa60998501603f9be9fdc0fa4630c40
pair-stage-probes-ece01311-fcal/cases/carry_b-v6e_teacher_nominal_s912_pE2E_L3_Vcal/result.json,58017,d17a02d2218aeaccddc8e42b8930035201a5856bdea0553b5e27926a303be240,d17a02d2218aeaccddc8e42b8930035201a5856bdea0553b5e27926a303be240
pair-stage-probes-ece01311-fcal/cases/carry_b-v6e_teacher_nominal_s913_pE2E_L3_Vcal/case.json,2634,5d8bd6746d99b6ca278384270c08fe43507ef94d552dd6aef3f718a7589ff2ab,5d8bd6746d99b6ca278384270c08fe43507ef94d552dd6aef3f718a7589ff2ab
pair-stage-probes-ece01311-fcal/cases/carry_b-v6e_teacher_nominal_s913_pE2E_L3_Vcal/result.json,58032,908550dbbde0a052446f4f9720a91f8d7b216767501bc36162c150d621672e5e,908550dbbde0a052446f4f9720a91f8d7b216767501bc36162c150d621672e5e
pair-stage-probes-ece01311-fcal/cases/carry_b-v6e_teacher_lat-_opp_s911_pE2E_L3_Vcal/case.json,2647,164de6dfcbe0c7ab867181ea46325fbf85826b00c2d131d98ade2a2169ad0bfb,164de6dfcbe0c7ab867181ea46325fbf85826b00c2d131d98ade2a2169ad0bfb
pair-stage-probes-ece01311-fcal/cases/carry_b-v6e_teacher_lat-_opp_s911_pE2E_L3_Vcal/result.json,58020,43c6d406cc575456e763a97d50397f6123f47b00503888c9d57b9771ee9df177,43c6d406cc575456e763a97d50397f6123f47b00503888c9d57b9771ee9df177
pair-stage-probes-ece01311-fcal/cases/carry_b-v6e_teacher_yaw+_same_s911_pE2E_L3_Vcal/case.json,2662,49d68c49c5dd095ef3b28d462a2c47e3f59b7483a98d40fc69f46cc5b761596d,49d68c49c5dd095ef3b28d462a2c47e3f59b7483a98d40fc69f46cc5b761596d
pair-stage-probes-ece01311-fcal/cases/carry_b-v6e_teacher_yaw+_same_s911_pE2E_L3_Vcal/result.json,57965,81568b6abe0581ecc85d49ea7d936a2408b6eac8eb88698d2277f9675462826a,81568b6abe0581ecc85d49ea7d936a2408b6eac8eb88698d2277f9675462826a
pair-stage-probes-ece01311-fcal/cases/carry_b-v6e_teacher_yaw-_opp_s911_pE2E_L3_Vcal/case.json,2662,ea1e001bb98839b8137d26961d3069209a1f699cf1759fd1e8dfe26154c2d976,ea1e001bb98839b8137d26961d3069209a1f699cf1759fd1e8dfe26154c2d976
pair-stage-probes-ece01311-fcal/cases/carry_b-v6e_teacher_yaw-_opp_s911_pE2E_L3_Vcal/result.json,58003,83a468b7c0d388d31e3a4a4652ff5ddb06b92e4da973e6b19e81825ad13c4725,83a468b7c0d388d31e3a4a4652ff5ddb06b92e4da973e6b19e81825ad13c4725
pair-stage-probes-ece01311-fcal/cases/carry_b-v6e_teacher_nominal_s911_pE2E_L4_Vcal/case.json,2711,b7bfcb6a7139bfa1f214866eb3111c1a33e3f4a2d61bba85def05db73b752ee6,b7bfcb6a7139bfa1f214866eb3111c1a33e3f4a2d61bba85def05db73b752ee6
pair-stage-probes-ece01311-fcal/cases/carry_b-v6e_teacher_nominal_s911_pE2E_L4_Vcal/result.json,58040,b0b21789f99711483df3bdc2c86229c3ab1a9b3bd98f1223d36c8dfedf024b7f,b0b21789f99711483df3bdc2c86229c3ab1a9b3bd98f1223d36c8dfedf024b7f
pair-stage-probes-ece01311-fcal/cases/carry_b-v6e_teacher_nominal_s912_pE2E_L4_Vcal/case.json,2711,0b0de9ea1500eb677fccc470919fb6e7cb681ce0db80c20a9e43af5929c4c7ac,0b0de9ea1500eb677fccc470919fb6e7cb681ce0db80c20a9e43af5929c4c7ac
pair-stage-probes-ece01311-fcal/cases/carry_b-v6e_teacher_nominal_s912_pE2E_L4_Vcal/result.json,58052,0337da18842b57f187b9a40e7fc9f1c5659f40d69797b0b55145031303aa7364,0337da18842b57f187b9a40e7fc9f1c5659f40d69797b0b55145031303aa7364
pair-stage-probes-ece01311-fcal/cases/carry_b-v6e_teacher_nominal_s913_pE2E_L4_Vcal/case.json,2711,70c1052cef7fdf492a272699e65b6ba56bb9ac25f433735a97ac6880a8139473,70c1052cef7fdf492a272699e65b6ba56bb9ac25f433735a97ac6880a8139473
pair-stage-probes-ece01311-fcal/cases/carry_b-v6e_teacher_nominal_s913_pE2E_L4_Vcal/result.json,58044,b2eadbb3007865eb6e4d4ca62bc876a2e8f025d84e16bdf5791d404d68e0e017,b2eadbb3007865eb6e4d4ca62bc876a2e8f025d84e16bdf5791d404d68e0e017
pair-stage-probes-ece01311-fcal/cases/carry_b-v6e_teacher_lat-_opp_s911_pE2E_L4_Vcal/case.json,2722,25d168b1d73bea4255012c9f0d5fff20df7b7054f4a3c605c0687a851830f7bd,25d168b1d73bea4255012c9f0d5fff20df7b7054f4a3c605c0687a851830f7bd
pair-stage-probes-ece01311-fcal/cases/carry_b-v6e_teacher_lat-_opp_s911_pE2E_L4_Vcal/result.json,57980,1baac0a43062e4e4bb6a1e707b32edd94ba403053d8c3acf118dd7add1db003c,1baac0a43062e4e4bb6a1e707b32edd94ba403053d8c3acf118dd7add1db003c
pair-stage-probes-ece01311-fcal/cases/carry_b-v6e_teacher_yaw+_same_s911_pE2E_L4_Vcal/case.json,2739,ac7f3f4027d684366916d5317c6c7f464a15de9664cdc41e886f24382ccd1db0,ac7f3f4027d684366916d5317c6c7f464a15de9664cdc41e886f24382ccd1db0
pair-stage-probes-ece01311-fcal/cases/carry_b-v6e_teacher_yaw+_same_s911_pE2E_L4_Vcal/result.json,57964,9fd69dd2ecf67937557d4070efdffa47f2a16b1704905efd25a093e9d9afbeee,9fd69dd2ecf67937557d4070efdffa47f2a16b1704905efd25a093e9d9afbeee
pair-stage-probes-ece01311-fcal/cases/carry_b-v6e_teacher_yaw-_opp_s911_pE2E_L4_Vcal/case.json,2739,eda33b125a63781fce41fc3d3ed7a8cae00af88bb950eeb819bcd0e0ef4062e5,eda33b125a63781fce41fc3d3ed7a8cae00af88bb950eeb819bcd0e0ef4062e5
pair-stage-probes-ece01311-fcal/cases/carry_b-v6e_teacher_yaw-_opp_s911_pE2E_L4_Vcal/result.json,57962,0cfb806ebd947df198f947645ef85c2f767767b4763e7dfeb7a038404aaa86db,0cfb806ebd947df198f947645ef85c2f767767b4763e7dfeb7a038404aaa86db
pair-stage-probes-ece01311-fcal/cases/carry_b-v6e_teacher_nominal_s911_pE2E_L5_Vcal/case.json,2711,2a109894242abd8aac9d055866da403a2d0b3d96c781cd76aa31eb664f7fe052,2a109894242abd8aac9d055866da403a2d0b3d96c781cd76aa31eb664f7fe052
pair-stage-probes-ece01311-fcal/cases/carry_b-v6e_teacher_nominal_s911_pE2E_L5_Vcal/result.json,58045,2af43dfc4840d4a4264617637c483aeb00e9af46b7bd231aee0d0f6ccc1655f0,2af43dfc4840d4a4264617637c483aeb00e9af46b7bd231aee0d0f6ccc1655f0
pair-stage-probes-ece01311-fcal/cases/carry_b-v6e_teacher_nominal_s912_pE2E_L5_Vcal/case.json,2711,13b9ef771aca463a0d570300a6898d4c68e02ca0f0f33bb2a0c5eea4c6f6215a,13b9ef771aca463a0d570300a6898d4c68e02ca0f0f33bb2a0c5eea4c6f6215a
pair-stage-probes-ece01311-fcal/cases/carry_b-v6e_teacher_nominal_s912_pE2E_L5_Vcal/result.json,58042,58a2f713ec806fcb142177aaa545ddfa729745ee6da6ee990b6311df23215040,58a2f713ec806fcb142177aaa545ddfa729745ee6da6ee990b6311df23215040
pair-stage-probes-ece01311-fcal/cases/carry_b-v6e_teacher_nominal_s913_pE2E_L5_Vcal/case.json,2711,7f57ae57551144ad1bb65bfa46d7ede5e4bda0a7737c5ae7edf54e60547d5464,7f57ae57551144ad1bb65bfa46d7ede5e4bda0a7737c5ae7edf54e60547d5464
pair-stage-probes-ece01311-fcal/cases/carry_b-v6e_teacher_nominal_s913_pE2E_L5_Vcal/result.json,58046,320a3cecc29aba488b932b58f601e78e837ac7d10156b3e332e4ded6ef5ffa76,320a3cecc29aba488b932b58f601e78e837ac7d10156b3e332e4ded6ef5ffa76
pair-stage-probes-ece01311-fcal/cases/carry_b-v6e_teacher_lat-_opp_s911_pE2E_L5_Vcal/case.json,2722,e3e0faf9f06b851896e3f69eb7a1fc561cd0fb90bf2b633fafb4f20c9198aaff,e3e0faf9f06b851896e3f69eb7a1fc561cd0fb90bf2b633fafb4f20c9198aaff
pair-stage-probes-ece01311-fcal/cases/carry_b-v6e_teacher_lat-_opp_s911_pE2E_L5_Vcal/result.json,57968,1d3197d2ccb329f695c4904f73f76190cc6bba176077143a18ad94c23a0fb903,1d3197d2ccb329f695c4904f73f76190cc6bba176077143a18ad94c23a0fb903
pair-stage-probes-ece01311-fcal/cases/carry_b-v6e_teacher_yaw+_same_s911_pE2E_L5_Vcal/case.json,2739,97d9a40f78300613af05fafe16598069a917ea9c354a75704edbc1f06d049c46,97d9a40f78300613af05fafe16598069a917ea9c354a75704edbc1f06d049c46
pair-stage-probes-ece01311-fcal/cases/carry_b-v6e_teacher_yaw+_same_s911_pE2E_L5_Vcal/result.json,57940,75d9eb470659be1a9f13fda5880c5a767167887377058ea08427617c213fa305,75d9eb470659be1a9f13fda5880c5a767167887377058ea08427617c213fa305
pair-stage-probes-ece01311-fcal/cases/carry_b-v6e_teacher_yaw-_opp_s911_pE2E_L5_Vcal/case.json,2739,82521a11ab3ea6eed750193e9453b40130b668ae5b4c40a608f561f27002526a,82521a11ab3ea6eed750193e9453b40130b668ae5b4c40a608f561f27002526a
pair-stage-probes-ece01311-fcal/cases/carry_b-v6e_teacher_yaw-_opp_s911_pE2E_L5_Vcal/result.json,57935,d6a8e95e75b5dd9560db1af2c09f83fd5db5f2a47d453d7c2c42e662ee3cb167,d6a8e95e75b5dd9560db1af2c09f83fd5db5f2a47d453d7c2c42e662ee3cb167
pair-stage-probes-ece01311-fcal/cases/carry_b-v6e_teacher_nominal_s911_pE2E_L6_Vcal/case.json,2641,01297d72a46cd88d328f48fcf69034126ea0e2ebe452c65dca34993ab56fc885,01297d72a46cd88d328f48fcf69034126ea0e2ebe452c65dca34993ab56fc885
pair-stage-probes-ece01311-fcal/cases/carry_b-v6e_teacher_nominal_s911_pE2E_L6_Vcal/result.json,58473,5a334e0979f1d5e82c565afae648773e947996686bb46b05520c770878644681,5a334e0979f1d5e82c565afae648773e947996686bb46b05520c770878644681
pair-stage-probes-ece01311-fcal/cases/carry_b-v6e_teacher_nominal_s912_pE2E_L6_Vcal/case.json,2641,300c0385d946c3eb5a386c20355dcc71d1dcfc6316d38607e88f86eade8fcaf9,300c0385d946c3eb5a386c20355dcc71d1dcfc6316d38607e88f86eade8fcaf9
pair-stage-probes-ece01311-fcal/cases/carry_b-v6e_teacher_nominal_s912_pE2E_L6_Vcal/result.json,58514,d171e547e04fcd920c3f135ca74d46362a1a9ef9bf4d3e6f76b546659aba61d4,d171e547e04fcd920c3f135ca74d46362a1a9ef9bf4d3e6f76b546659aba61d4
pair-stage-probes-ece01311-fcal/cases/carry_b-v6e_teacher_nominal_s913_pE2E_L6_Vcal/case.json,2641,c56f51ca29fa53ca1aaec39088dc4c31da78ff560b1b45eee041b19e4056de11,c56f51ca29fa53ca1aaec39088dc4c31da78ff560b1b45eee041b19e4056de11
pair-stage-probes-ece01311-fcal/cases/carry_b-v6e_teacher_nominal_s913_pE2E_L6_Vcal/result.json,58537,878a4f799aa2894101553883054ea71a8e23bc1d99e60a029e1c2663bcd4d4f8,878a4f799aa2894101553883054ea71a8e23bc1d99e60a029e1c2663bcd4d4f8
pair-stage-probes-ece01311-fcal/cases/carry_b-v6e_teacher_lat-_opp_s911_pE2E_L6_Vcal/case.json,2654,52386b19b44fed49a4177877214af2c0d0d9cd16400f6ff2b74ccadb3b53fee5,52386b19b44fed49a4177877214af2c0d0d9cd16400f6ff2b74ccadb3b53fee5
pair-stage-probes-ece01311-fcal/cases/carry_b-v6e_teacher_lat-_opp_s911_pE2E_L6_Vcal/result.json,58513,6bb205fc2b61e6b8638846d98add3eeca857cffea33321538687788ee570d404,6bb205fc2b61e6b8638846d98add3eeca857cffea33321538687788ee570d404
pair-stage-probes-ece01311-fcal/cases/carry_b-v6e_teacher_yaw+_same_s911_pE2E_L6_Vcal/case.json,2669,3d34a65567ea75e98092ec563d2fd4e4b32cea4dd986a09550cbcabb23dc7d6e,3d34a65567ea75e98092ec563d2fd4e4b32cea4dd986a09550cbcabb23dc7d6e
pair-stage-probes-ece01311-fcal/cases/carry_b-v6e_teacher_yaw+_same_s911_pE2E_L6_Vcal/result.json,58448,536e23cf473d987210cce4cd55588b2160022e9303c7e1bb8497405ec625f6c3,536e23cf473d987210cce4cd55588b2160022e9303c7e1bb8497405ec625f6c3
pair-stage-probes-ece01311-fcal/cases/carry_b-v6e_teacher_yaw-_opp_s911_pE2E_L6_Vcal/case.json,2669,6cde879bca9e6dffbce56e0b16cb95861887bfad213162c753c4bada973a7005,6cde879bca9e6dffbce56e0b16cb95861887bfad213162c753c4bada973a7005
pair-stage-probes-ece01311-fcal/cases/carry_b-v6e_teacher_yaw-_opp_s911_pE2E_L6_Vcal/result.json,58458,1aa1d23f66a3a121ac1b103e31c10f875e73224ea8a608d844879d7528915423,1aa1d23f66a3a121ac1b103e31c10f875e73224ea8a608d844879d7528915423
pair-stage-probes-ece38792-cal/manifest.json,164160,0245a6ecb0aef6415b172059ae2f9f1dd4b92150ba3a5ca66dca904908c4446b,
pair-stage-probes-ece38792-cal/cases.jsonl,45138,3a34943858fb4acbc8f5a63406c5a689220665332617ee56ab02da840d16b74e,
pair-stage-probes-ece38792-cal/plan.json,120893,4c0354bfde7e0d9d4d6c0048ab0fa5521e5ecee2cea87b82b97d20f05ca8ff18,
pair-stage-probes-ece38792-cal/cases/carry_b-v6e_teacher_nominal_s911_pE2E_Vcal/case.json,2595,8f38a7f4ec01f3062b73394d4fabd663ee508346fb89f65179309c9b352b912c,
pair-stage-probes-ece38792-cal/cases/carry_b-v6e_teacher_nominal_s911_pE2E_Vcal/result.json,55233,6b8d6994ab4479f67122a774ed35be4208638d41c5a1158ed5a36e36fb24bdcc,
pair-stage-probes-ece38792-cal/cases/carry_b-v6e_teacher_nominal_s912_pE2E_Vcal/case.json,2595,6e5d10e17b16d558af8f7b3d15a4de5bd000a0e56db8f2a408ae1f1b3f2a4c63,
pair-stage-probes-ece38792-cal/cases/carry_b-v6e_teacher_nominal_s912_pE2E_Vcal/result.json,55211,27b23fdd2188b8ad59c0db1dd87476a4dd24bbbcf98f15fa3502b900e1210dc3,
pair-stage-probes-ece38792-cal/cases/carry_b-v6e_teacher_nominal_s913_pE2E_Vcal/case.json,2595,f016b31dc3c6353bfec08d3ef91203b233afa128daee03e087ee33f56c04ba06,
pair-stage-probes-ece38792-cal/cases/carry_b-v6e_teacher_nominal_s913_pE2E_Vcal/result.json,55229,509fd0ac6645dc8392140988113c216961c573a94f3e26f4da7794b8fa0aabe2,
pair-stage-probes-ece38792-cal/cases/carry_b-v6e_teacher_lat-_opp_s911_pE2E_Vcal/case.json,2608,1f8100760d7d56c9db15cb92dddea6798e400bebe3787481e1933f63bc2a099d,
pair-stage-probes-ece38792-cal/cases/carry_b-v6e_teacher_lat-_opp_s911_pE2E_Vcal/result.json,55187,d2cfe0da337c2aca43f466fe60745749b172497dd26e20b1a9b44f842e879e88,
pair-stage-probes-ece38792-cal/cases/carry_b-v6e_teacher_yaw+_same_s911_pE2E_Vcal/case.json,2623,036b6d2ced79c42c81706f2fc63bd001e7cc073b40cdb41c9aeafd1fd00af59f,
pair-stage-probes-ece38792-cal/cases/carry_b-v6e_teacher_yaw+_same_s911_pE2E_Vcal/result.json,55196,294e84d9e23fad0357c4ed1906905636d377e4e45d1fcaa47903cf8c88692e08,
pair-stage-probes-ece38792-cal/cases/carry_b-v6e_teacher_nominal_s911_pE2E_L1_Vcal/case.json,2597,16f62de2172244efd0496bbc82f0f4a4f5c68d6bd1ac3fcd063394947b9182b9,
pair-stage-probes-ece38792-cal/cases/carry_b-v6e_teacher_nominal_s911_pE2E_L1_Vcal/result.json,60736,86ea84258c1d2a75d5ca83aa60357efe018eb409d670531096eee795ff3a709b,
pair-stage-probes-ece38792-cal/cases/carry_b-v6e_teacher_nominal_s912_pE2E_L1_Vcal/case.json,2597,76014d5bf048bcba8d8015fc408e6fe5ccdeaaf0f4c951b2040a296a1868adb6,
pair-stage-probes-ece38792-cal/cases/carry_b-v6e_teacher_nominal_s912_pE2E_L1_Vcal/result.json,60756,3d670a187cb9fb367d4beedfcbfd57bb811143a89f28775982c7aff5c180c01b,
pair-stage-probes-ece38792-cal/cases/carry_b-v6e_teacher_nominal_s913_pE2E_L1_Vcal/case.json,2597,9e12bfe383147ce6ff8a88dc632646408d1566baf7934d1e2231a047b3688ab1,
pair-stage-probes-ece38792-cal/cases/carry_b-v6e_teacher_nominal_s913_pE2E_L1_Vcal/result.json,60759,e88f675326b8497bc309bdf8e4b8384a5abe57cd666fb9d15cff38a054bc0d64,
pair-stage-probes-ece38792-cal/cases/carry_b-v6e_teacher_lat-_opp_s911_pE2E_L1_Vcal/case.json,2610,3d858ec5741eadcb87f70aa2c0079a40040fcdb5f675a95401888d8f3f694b89,
pair-stage-probes-ece38792-cal/cases/carry_b-v6e_teacher_lat-_opp_s911_pE2E_L1_Vcal/result.json,60633,b6cfa5c76066cfc63293b68c03b82cb1112009737c8c5cf5fc97c4f8cfe28547,
pair-stage-probes-ece38792-cal/cases/carry_b-v6e_teacher_yaw+_same_s911_pE2E_L1_Vcal/case.json,2625,c2890e61b14c0f58d3bae4c7a00476a9a17bd629743b9bc574756f5c3da35da3,
pair-stage-probes-ece38792-cal/cases/carry_b-v6e_teacher_yaw+_same_s911_pE2E_L1_Vcal/result.json,60702,2d112d8bab47ccbde215e16601498f7c130ff73f1448fd91a9deac1650d2cf02,
pair-stage-probes-ece38792-cal/cases/carry_b-v6e_teacher_nominal_s911_pE2E_L2_Vcal/case.json,2610,85c04c82473dcef7ad72c6cfe638c66f354612e1ea2dec6effe6c0469b69a0ff,
pair-stage-probes-ece38792-cal/cases/carry_b-v6e_teacher_nominal_s911_pE2E_L2_Vcal/result.json,58238,382a2104e574b1916e1e29e28cfe28a15cb3ed412dac222d1ebccfbdff5c6484,
pair-stage-probes-ece38792-cal/cases/carry_b-v6e_teacher_nominal_s912_pE2E_L2_Vcal/case.json,2610,ebabc9b992bb2ef370adb64a230ac310f2dc2983b4f3e32b8062f97a3d58cd52,
pair-stage-probes-ece38792-cal/cases/carry_b-v6e_teacher_nominal_s912_pE2E_L2_Vcal/result.json,58273,7be3d2fe951f7b8764d3a5d61012f2029edfe1be5ef480f28bd51befee6956e3,
pair-stage-probes-ece38792-cal/cases/carry_b-v6e_teacher_nominal_s913_pE2E_L2_Vcal/case.json,2610,64e6fc39f86224fb75258d0aa1ebf827360ba6330e105e718d0c8b2025403def,
pair-stage-probes-ece38792-cal/cases/carry_b-v6e_teacher_nominal_s913_pE2E_L2_Vcal/result.json,58242,b47ffa3f13c286f97945ada093fffc09258b3832cc7d2de98a02c7436da195dc,
pair-stage-probes-ece38792-cal/cases/carry_b-v6e_teacher_lat-_opp_s911_pE2E_L2_Vcal/case.json,2623,eacb1866f23725048f996d9c2badd50c0bc0d9a9c97b8d6a3aa0b11890e7b343,
pair-stage-probes-ece38792-cal/cases/carry_b-v6e_teacher_lat-_opp_s911_pE2E_L2_Vcal/result.json,58154,55ff1ed78ce1d0911a26f9a5a646c82175a45aaf660c26d5fb248ce1e07cd11e,
pair-stage-probes-f0716773-ghB/manifest.json,166866,17da039db9b61a1ba328d0a77db0d9269743e512633aa88e3987304a4125699d,
pair-stage-probes-f0716773-ghB/cases.jsonl,31755,ce529e0275abc1b93652458dbddf739695c5fdc5f961310cfa20ae57660db0f9,ce529e0275abc1b93652458dbddf739695c5fdc5f961310cfa20ae57660db0f9
pair-stage-probes-f0716773-ghB/artifacts.sha256.json,1167134,e492afb6caba04d17614e4d1391f2072c81a3142f9fadded04616bbe78deef11,
pair-stage-probes-f0716773-ghB/plan.json,30731,c232042f23f5b4b6fd46dd20545821af12d166e0cfe6ff8e6a2f326b187fed41,
pair-stage-probes-f0716773-ghB/cases/carry_b-v6g_teacher_yaw-_opp_s911_pE2E_VhB/case.json,2661,cf191a6abad356c05063699b0ac4cf10b721c48d20e159eb68ea63839b1181a9,cf191a6abad356c05063699b0ac4cf10b721c48d20e159eb68ea63839b1181a9
pair-stage-probes-f0716773-ghB/cases/carry_b-v6g_teacher_yaw-_opp_s911_pE2E_VhB/result.json,51999,69ca0371ae4d84d00ff650685ce1dc603fbe68ab3db2a68a86c5a0604bbbfec4,69ca0371ae4d84d00ff650685ce1dc603fbe68ab3db2a68a86c5a0604bbbfec4
pair-stage-probes-f0716773-ghB/cases/carry_b-v6g_teacher_nominal_s914_pE2E_VhB/case.json,2633,aadbc47de834baa4e3680de14e674f8c86e0b75a43c4de0686522f8cf9ebc3ed,aadbc47de834baa4e3680de14e674f8c86e0b75a43c4de0686522f8cf9ebc3ed
pair-stage-probes-f0716773-ghB/cases/carry_b-v6g_teacher_nominal_s914_pE2E_VhB/result.json,52137,c0318a6d90ef8b6af3c8bd21da9a68d01d1d5ccb72b3a53c7a19612e554e0e72,c0318a6d90ef8b6af3c8bd21da9a68d01d1d5ccb72b3a53c7a19612e554e0e72
pair-stage-probes-f0716773-ghB/cases/carry_b-v6g_teacher_nominal_s914_pE2E_L1_VhB/case.json,2676,8f6f87fab162d4f6a831b0a10bb2091d82fd96f3816da6aadc96072fbbaa25d6,8f6f87fab162d4f6a831b0a10bb2091d82fd96f3816da6aadc96072fbbaa25d6
pair-stage-probes-f0716773-ghB/cases/carry_b-v6g_teacher_nominal_s914_pE2E_L1_VhB/result.json,53478,31fed416fedcc82f29ff714c4aaa2466ff2838534ff3842ba541d0b156fdc48b,31fed416fedcc82f29ff714c4aaa2466ff2838534ff3842ba541d0b156fdc48b
pair-stage-probes-f0716773-ghB/cases/carry_b-v6g_teacher_yaw-_opp_s911_pE2E_L1_VhB/case.json,2704,49b8e0641bb916034dd7775e8899bb77bc69065fdc176f8f937b2f3b72531728,49b8e0641bb916034dd7775e8899bb77bc69065fdc176f8f937b2f3b72531728
pair-stage-probes-f0716773-ghB/cases/carry_b-v6g_teacher_yaw-_opp_s911_pE2E_L1_VhB/result.json,53716,b25819dcd0ba86bdfd980630cfc5435e7dbeebb8abe70d2fecfbff14a3e52f2f,b25819dcd0ba86bdfd980630cfc5435e7dbeebb8abe70d2fecfbff14a3e52f2f
pair-stage-probes-f0716773-ghB/cases/carry_b-v6g_teacher_nominal_s914_pE2E_L2_VhB/case.json,2663,91b05a08db32059e6a469c21a019f53176b9a9bc3de304730b4d318a1df64f75,91b05a08db32059e6a469c21a019f53176b9a9bc3de304730b4d318a1df64f75
pair-stage-probes-f0716773-ghB/cases/carry_b-v6g_teacher_nominal_s914_pE2E_L2_VhB/result.json,59969,7b4fb93a6c75772a1e4078e4f3a8f2bcd426530a62742265a586c6fb08bf6ef6,7b4fb93a6c75772a1e4078e4f3a8f2bcd426530a62742265a586c6fb08bf6ef6
pair-stage-probes-f0716773-ghB/cases/carry_b-v6g_teacher_yaw-_opp_s911_pE2E_L2_VhB/case.json,2691,1048ab3698144bb7fa94d90282d3212539209eecadd9fe5895e2b87731e11209,1048ab3698144bb7fa94d90282d3212539209eecadd9fe5895e2b87731e11209
pair-stage-probes-f0716773-ghB/cases/carry_b-v6g_teacher_yaw-_opp_s911_pE2E_L2_VhB/result.json,60431,7ae9529c13654c657c422d6279e148d269171e5262079dcd4165138cabf8ff50,7ae9529c13654c657c422d6279e148d269171e5262079dcd4165138cabf8ff50
pair-stage-probes-f0716773-ghB/cases/carry_b-v6g_teacher_nominal_s914_pE2E_L3_VhB/case.json,2635,d003a6b8d889d0015575cb6d857832943f08356242a272985ed058b279d6a938,d003a6b8d889d0015575cb6d857832943f08356242a272985ed058b279d6a938
pair-stage-probes-f0716773-ghB/cases/carry_b-v6g_teacher_nominal_s914_pE2E_L3_VhB/result.json,58034,610a85885795dc795e6a98c127c6ef7c731552f655c407044e417eb43247423d,610a85885795dc795e6a98c127c6ef7c731552f655c407044e417eb43247423d
pair-stage-probes-f0716773-ghB/cases/carry_b-v6g_teacher_yaw-_opp_s911_pE2E_L3_VhB/case.json,2663,8de1285ef047cf6bdb0fc59209bec37596081ad3525ab03d9b15ce60fa18827d,8de1285ef047cf6bdb0fc59209bec37596081ad3525ab03d9b15ce60fa18827d
pair-stage-probes-f0716773-ghB/cases/carry_b-v6g_teacher_yaw-_opp_s911_pE2E_L3_VhB/result.json,58022,e0c268218d80ca795f807e7c73a8d530adcba2dc6ecd1743a43393e2e96cd81d,e0c268218d80ca795f807e7c73a8d530adcba2dc6ecd1743a43393e2e96cd81d
pair-stage-probes-f0716773-ghB/cases/carry_b-v6g_teacher_nominal_s914_pE2E_L6_VhB/case.json,2639,5f429d10fefaf59272926cc25eceb39cfc49dfa8df7ad094653db0bacc9451a4,5f429d10fefaf59272926cc25eceb39cfc49dfa8df7ad094653db0bacc9451a4
pair-stage-probes-f0716773-ghB/cases/carry_b-v6g_teacher_nominal_s914_pE2E_L6_VhB/result.json,58519,a9daa11d3bde6f9fe4953a63619ee105aa4153d9dd863975bbb7d276cd07228e,a9daa11d3bde6f9fe4953a63619ee105aa4153d9dd863975bbb7d276cd07228e
pair-stage-probes-f0716773-ghB/cases/carry_b-v6g_teacher_yaw-_opp_s911_pE2E_L6_VhB/case.json,2667,53d870f4977a792d8cd7ec07ec6667e83bf6ea9834edb539d0f73de0b61cdea2,53d870f4977a792d8cd7ec07ec6667e83bf6ea9834edb539d0f73de0b61cdea2
pair-stage-probes-f0716773-ghB/cases/carry_b-v6g_teacher_yaw-_opp_s911_pE2E_L6_VhB/result.json,58437,34eb28b7e76513dadc942235d4b576d2af15dec0c9c26c7ee5cd1645440c4b41,34eb28b7e76513dadc942235d4b576d2af15dec0c9c26c7ee5cd1645440c4b41
pair-stage-probes-f0716773-ghBL7/manifest.json,166863,27c00785cb52a2605a19b884b4cbdfa73ba412680051057b24028ad7fd876f90,
pair-stage-probes-f0716773-ghBL7/cases.jsonl,6588,a19295eecdd9cb0ac5394071c7886259524f6537092938ed4d8380f315298c59,a19295eecdd9cb0ac5394071c7886259524f6537092938ed4d8380f315298c59
pair-stage-probes-f0716773-ghBL7/artifacts.sha256.json,221366,d2493da528fb558f0e0b1f2b640e7c614fd472c9acc405315752636f2aa17531,
pair-stage-probes-f0716773-ghBL7/plan.json,6263,123041109adf73be4cb9243d6bd408ba182f9f9f4acc13ccb990ff79295db0ba,
pair-stage-probes-f0716773-ghBL7/cases/carry_b-v6g-l7_teacher_yaw-_opp_s911_pE2E_L7_VhB/case.json,2688,ba5340ec5857663b2fe9552f5ec052a2a82b644f06afaaee7575c3b8208a7679,ba5340ec5857663b2fe9552f5ec052a2a82b644f06afaaee7575c3b8208a7679
pair-stage-probes-f0716773-ghBL7/cases/carry_b-v6g-l7_teacher_yaw-_opp_s911_pE2E_L7_VhB/result.json,56003,4041105426d4890344796374ceb627e8ade670c3d756a72dcd74cd6e94f10ee3,4041105426d4890344796374ceb627e8ade670c3d756a72dcd74cd6e94f10ee3
pair-stage-probes-f0716773-ghBL7/cases/carry_b-v6g-l7_teacher_nominal_s914_pE2E_L7_VhB/case.json,2660,4ca99861fb1cb87510fed098cdcfd80554a9212ab591bd159cabe862b45a495d,4ca99861fb1cb87510fed098cdcfd80554a9212ab591bd159cabe862b45a495d
pair-stage-probes-f0716773-ghBL7/cases/carry_b-v6g-l7_teacher_nominal_s914_pE2E_L7_VhB/result.json,56051,cf7cd842bb83be0fba1cf2c33c53f745efc01eee0c565487e2a2809605329cb0,cf7cd842bb83be0fba1cf2c33c53f745efc01eee0c565487e2a2809605329cb0
pair-stage-probes-f0716773-ghC/manifest.json,166863,951e0b70a8ac086179a23a9563ffac85243a9e3e1c8dcb78f0b22de4e54d9ae8,
pair-stage-probes-f0716773-ghC/cases.jsonl,30703,3c2fd731005de0d9c178a687320e59267a212b4055dd475002b116c843a5fb88,3c2fd731005de0d9c178a687320e59267a212b4055dd475002b116c843a5fb88
pair-stage-probes-f0716773-ghC/artifacts.sha256.json,1180015,ea220f4d5a1f03388d7dcac6ee51f1dc957a1d2577b0245d64c2a4744164d2cd,
pair-stage-probes-f0716773-ghC/plan.json,31149,84f0a0e03ffe5c42f736b37ac74b5e7284e6b24e1bc5d872b257a47cda5d71d7,
pair-stage-probes-f0716773-ghC/cases/carry_b-v6g_teacher_nominal_s914_pE2E_VhC/case.json,2604,87b5170412a663e4bb696326d478b7c5796905fcb6e04afc629dbb82f253fb73,87b5170412a663e4bb696326d478b7c5796905fcb6e04afc629dbb82f253fb73
pair-stage-probes-f0716773-ghC/cases/carry_b-v6g_teacher_nominal_s914_pE2E_VhC/result.json,46578,3ade6e228fe7a640951d822241c90ebed879b1a418d1fbed6cb0766c8576e4bb,3ade6e228fe7a640951d822241c90ebed879b1a418d1fbed6cb0766c8576e4bb
pair-stage-probes-f0716773-ghC/cases/carry_b-v6g_teacher_yaw-_opp_s911_pE2E_VhC/case.json,2632,ae578a069332090e23e3725daae4a4e7a9ef49a5ee51b1b8ec180c372df35861,ae578a069332090e23e3725daae4a4e7a9ef49a5ee51b1b8ec180c372df35861
pair-stage-probes-f0716773-ghC/cases/carry_b-v6g_teacher_yaw-_opp_s911_pE2E_VhC/result.json,46511,6af3c8182514595dee78cd666d58d23c991216eac43c1030272acd351f58daa0,6af3c8182514595dee78cd666d58d23c991216eac43c1030272acd351f58daa0
pair-stage-probes-f0716773-ghC/cases/carry_b-v6g_teacher_nominal_s914_pE2E_L1_VhC/case.json,2710,7a65a3b08e2875f70e1c21dcbad5f850e33d6711ed70c2d679e18c500308140c,7a65a3b08e2875f70e1c21dcbad5f850e33d6711ed70c2d679e18c500308140c
pair-stage-probes-f0716773-ghC/cases/carry_b-v6g_teacher_nominal_s914_pE2E_L1_VhC/result.json,52981,8b4b0d37039595d8e1af86dcba48201a9c212dfb741df90025055be7e1169a8a,8b4b0d37039595d8e1af86dcba48201a9c212dfb741df90025055be7e1169a8a
pair-stage-probes-f0716773-ghC/cases/carry_b-v6g_teacher_yaw-_opp_s911_pE2E_L1_VhC/case.json,2738,15fa17f021e606408638de0a8261703ba074677705c9b915ecbfae9e64ce308e,15fa17f021e606408638de0a8261703ba074677705c9b915ecbfae9e64ce308e
pair-stage-probes-f0716773-ghC/cases/carry_b-v6g_teacher_yaw-_opp_s911_pE2E_L1_VhC/result.json,53984,69600aa4bbf6e0642a43cc640aa96bb04b9f2095851191edf351d2b5927a8c90,69600aa4bbf6e0642a43cc640aa96bb04b9f2095851191edf351d2b5927a8c90
pair-stage-probes-f0716773-ghC/cases/carry_b-v6g_teacher_nominal_s914_pE2E_L2_VhC/case.json,2737,c7820841c061ef4ca4b1c2a66865cd8cef723b0d56c95c31249f549eec8e0b03,c7820841c061ef4ca4b1c2a66865cd8cef723b0d56c95c31249f549eec8e0b03
pair-stage-probes-f0716773-ghC/cases/carry_b-v6g_teacher_nominal_s914_pE2E_L2_VhC/result.json,60436,ab271efe29b7e36fcb45019bfcff3137015d39ad893a590c37c2595239cdee19,ab271efe29b7e36fcb45019bfcff3137015d39ad893a590c37c2595239cdee19
pair-stage-probes-f0716773-ghC/cases/carry_b-v6g_teacher_yaw-_opp_s911_pE2E_L2_VhC/case.json,2765,566ad4419324c7441f1e57bdb6df6202058c76cc1bef3a1166e08addc0200dfe,566ad4419324c7441f1e57bdb6df6202058c76cc1bef3a1166e08addc0200dfe
pair-stage-probes-f0716773-ghC/cases/carry_b-v6g_teacher_yaw-_opp_s911_pE2E_L2_VhC/result.json,59971,6487c028f235602e556244743363823c4e9793b9a47a53bb47a4e6c19862ee19,6487c028f235602e556244743363823c4e9793b9a47a53bb47a4e6c19862ee19
pair-stage-probes-f0716773-ghC/cases/carry_b-v6g_teacher_nominal_s914_pE2E_L3_VhC/case.json,2737,44beac17c7867777748c1f775873638e64de04476750450d813bbc0b6970f294,44beac17c7867777748c1f775873638e64de04476750450d813bbc0b6970f294
pair-stage-probes-f0716773-ghC/cases/carry_b-v6g_teacher_nominal_s914_pE2E_L3_VhC/result.json,58058,b222332b017a4de6f6aae844069ee7fd4015c6e4d812b5295975babf2a57969c,b222332b017a4de6f6aae844069ee7fd4015c6e4d812b5295975babf2a57969c
pair-stage-probes-f0716773-ghC/cases/carry_b-v6g_teacher_yaw-_opp_s911_pE2E_L3_VhC/case.json,2765,dd5e3c28d0b8f0ed06214a72f9fd489a0bb43fc7475bec22f0bbbd1629fd6922,dd5e3c28d0b8f0ed06214a72f9fd489a0bb43fc7475bec22f0bbbd1629fd6922
pair-stage-probes-f0716773-ghC/cases/carry_b-v6g_teacher_yaw-_opp_s911_pE2E_L3_VhC/result.json,58006,3edad77f92063b6562351fda15286b3a82d1693f4b19bcf0a37ba34d22e4055b,3edad77f92063b6562351fda15286b3a82d1693f4b19bcf0a37ba34d22e4055b
pair-stage-probes-f0716773-ghC/cases/carry_b-v6g_teacher_nominal_s914_pE2E_L6_VhC/case.json,2667,9ac8893c61883c456bb15cb325927c53afc278b7e3b8757ccc153b38936ec3ae,9ac8893c61883c456bb15cb325927c53afc278b7e3b8757ccc153b38936ec3ae
pair-stage-probes-f0716773-ghC/cases/carry_b-v6g_teacher_nominal_s914_pE2E_L6_VhC/result.json,58488,20c006b1749492f46e2ebadc26b16ab26f944d93f1f1ebe08149e97cbf439c1b,20c006b1749492f46e2ebadc26b16ab26f944d93f1f1ebe08149e97cbf439c1b
pair-stage-probes-f0716773-ghC/cases/carry_b-v6g_teacher_yaw-_opp_s911_pE2E_L6_VhC/case.json,2695,d5bb16c898cf17c63bc006ce6b9239c812958bd1cb6b9fc72c7843101368fb8a,d5bb16c898cf17c63bc006ce6b9239c812958bd1cb6b9fc72c7843101368fb8a
pair-stage-probes-f0716773-ghC/cases/carry_b-v6g_teacher_yaw-_opp_s911_pE2E_L6_VhC/result.json,58494,2c12c2335717daa47ed09e89c96f1b8650dcb8eb04ab2f09e710389be7f86c69,2c12c2335717daa47ed09e89c96f1b8650dcb8eb04ab2f09e710389be7f86c69
pair-stage-probes-f0716773-ghCL7/manifest.json,166865,31f7133c054fad617d1d472a9f01dfd12fc9b5edd4517747e387aaac955bab2b,
pair-stage-probes-f0716773-ghCL7/cases.jsonl,6589,9f904bb50dad4f611a16680c156d7e7850a50c8836b7ff67e71f71f7706b41f4,9f904bb50dad4f611a16680c156d7e7850a50c8836b7ff67e71f71f7706b41f4
pair-stage-probes-f0716773-ghCL7/artifacts.sha256.json,221366,2593be403aa3d62ae09f14199cdc50fc580595541449aab35feea3a20f8bcd6d,
pair-stage-probes-f0716773-ghCL7/plan.json,6263,bf31eac69e67a1eea6246324cc1ca8b1e598810b9e7220a9c087a75d43f4ecab,
pair-stage-probes-f0716773-ghCL7/cases/carry_b-v6g-l7_teacher_nominal_s914_pE2E_L7_VhC/case.json,2660,35d11e1a5428c15ae6cb332c2c97d7b7edfbd48db9a7e898c52e27cf4724d46f,35d11e1a5428c15ae6cb332c2c97d7b7edfbd48db9a7e898c52e27cf4724d46f
pair-stage-probes-f0716773-ghCL7/cases/carry_b-v6g-l7_teacher_nominal_s914_pE2E_L7_VhC/result.json,56023,e0cc823749ada5dfd73e5efed479dbb565b5bfeac51148750d7ed6c9b57b88fd,e0cc823749ada5dfd73e5efed479dbb565b5bfeac51148750d7ed6c9b57b88fd
pair-stage-probes-f0716773-ghCL7/cases/carry_b-v6g-l7_teacher_yaw-_opp_s911_pE2E_L7_VhC/case.json,2688,fc4e6a6998916b851ca912da5a7cc4d4960bbaea96ae15111905eacd3c0f3cb0,fc4e6a6998916b851ca912da5a7cc4d4960bbaea96ae15111905eacd3c0f3cb0
pair-stage-probes-f0716773-ghCL7/cases/carry_b-v6g-l7_teacher_yaw-_opp_s911_pE2E_L7_VhC/result.json,55937,5212d716f8bb355632f997e1b14161b72b44627bcbbbf389d543b3675792399a,5212d716f8bb355632f997e1b14161b72b44627bcbbbf389d543b3675792399a
pair-stage-probes-f0716773-ghD/manifest.json,166868,a176ecd81480214c797cc0f7019478b81cba9bbe4f6cdf29afd44ab8d9a93462,
pair-stage-probes-f0716773-ghD/cases.jsonl,31158,511998aec6d1c7336f6e0e2ea9edd5626c58d2b17135568c6ffc12af988c64ef,511998aec6d1c7336f6e0e2ea9edd5626c58d2b17135568c6ffc12af988c64ef
pair-stage-probes-f0716773-ghD/artifacts.sha256.json,1186970,186b4288841f5caca57751f08ec78f74fde70961e4033305bad889184b60a013,
pair-stage-probes-f0716773-ghD/plan.json,31426,bd6f05ff2f9992296126da9512fb561de1b626c2c19428fded67eb042ca4cc9f,
pair-stage-probes-f0716773-ghD/cases/carry_b-v6g_teacher_nominal_s914_pE2E_VhD/case.json,2677,0cf3f67792d11419c60afa825e44536363368deeefbf7ea6a1fb90529c6acc2d,0cf3f67792d11419c60afa825e44536363368deeefbf7ea6a1fb90529c6acc2d
pair-stage-probes-f0716773-ghD/cases/carry_b-v6g_teacher_nominal_s914_pE2E_VhD/result.json,46530,d5183ba3af3ff44dfb4ba13638f0f484b623c43b180ebb4f9bc35ffd7a6eb149,d5183ba3af3ff44dfb4ba13638f0f484b623c43b180ebb4f9bc35ffd7a6eb149
pair-stage-probes-f0716773-ghD/cases/carry_b-v6g_teacher_yaw-_opp_s911_pE2E_VhD/case.json,2690,9b1eb2653e8d6bfb0420a0bfc955b094e02ea5b6c60cb1f69ec0f7cd5c4a169c,9b1eb2653e8d6bfb0420a0bfc955b094e02ea5b6c60cb1f69ec0f7cd5c4a169c
pair-stage-probes-f0716773-ghD/cases/carry_b-v6g_teacher_yaw-_opp_s911_pE2E_VhD/result.json,54457,9a1e9900175d483ca911df26674cadc70d413d5ed33e6e7bb2ab3b8bdbaf31a1,9a1e9900175d483ca911df26674cadc70d413d5ed33e6e7bb2ab3b8bdbaf31a1
pair-stage-probes-f0716773-ghD/cases/carry_b-v6g_teacher_nominal_s914_pE2E_L1_VhD/case.json,2767,eea11ad9a6d2aa693792923b5c0ddc1c2b072cdd5145591702699f72c44c0a99,eea11ad9a6d2aa693792923b5c0ddc1c2b072cdd5145591702699f72c44c0a99
pair-stage-probes-f0716773-ghD/cases/carry_b-v6g_teacher_nominal_s914_pE2E_L1_VhD/result.json,53486,006834efb8b069cf98233385c89692e300ac5028e4b3ff7a50629cf0690af181,006834efb8b069cf98233385c89692e300ac5028e4b3ff7a50629cf0690af181
pair-stage-probes-f0716773-ghD/cases/carry_b-v6g_teacher_yaw-_opp_s911_pE2E_L1_VhD/case.json,2780,858840b2d99390caee864d9287dee5f0bde100bd9698d1b34b3146c3e28547c8,858840b2d99390caee864d9287dee5f0bde100bd9698d1b34b3146c3e28547c8
pair-stage-probes-f0716773-ghD/cases/carry_b-v6g_teacher_yaw-_opp_s911_pE2E_L1_VhD/result.json,54248,cd586e6333f5f4b261dcabe7ee3533b370722ccf3a13a274a5821e5713318d78,cd586e6333f5f4b261dcabe7ee3533b370722ccf3a13a274a5821e5713318d78
pair-stage-probes-f0716773-ghD/cases/carry_b-v6g_teacher_nominal_s914_pE2E_L2_VhD/case.json,2752,3cc6ff2a049a7e186795680082483d9fd3223b80fabddc80c33491cd6b91d797,3cc6ff2a049a7e186795680082483d9fd3223b80fabddc80c33491cd6b91d797
pair-stage-probes-f0716773-ghD/cases/carry_b-v6g_teacher_nominal_s914_pE2E_L2_VhD/result.json,59944,f9712b0e267a9da4571fbc6e9c785e3d3e3642ce9a1ff9b2247db17882a087e8,f9712b0e267a9da4571fbc6e9c785e3d3e3642ce9a1ff9b2247db17882a087e8
pair-stage-probes-f0716773-ghD/cases/carry_b-v6g_teacher_yaw-_opp_s911_pE2E_L2_VhD/case.json,2765,1ace7c25eeb539d4166c845554a6907901d7b703e26d1383620a9b2bf45a666e,1ace7c25eeb539d4166c845554a6907901d7b703e26d1383620a9b2bf45a666e
pair-stage-probes-f0716773-ghD/cases/carry_b-v6g_teacher_yaw-_opp_s911_pE2E_L2_VhD/result.json,59952,7a75e9394aa26d0fb3bf597ee35da50b2dd0d8f00dc8b24113dc5903adea257c,7a75e9394aa26d0fb3bf597ee35da50b2dd0d8f00dc8b24113dc5903adea257c
pair-stage-probes-f0716773-ghD/cases/carry_b-v6g_teacher_nominal_s914_pE2E_L3_VhD/case.json,2739,e18bdc811ee10fed4e4de9e39015f678415aa7514a5b20299b525cae031ea876,e18bdc811ee10fed4e4de9e39015f678415aa7514a5b20299b525cae031ea876
pair-stage-probes-f0716773-ghD/cases/carry_b-v6g_teacher_nominal_s914_pE2E_L3_VhD/result.json,58014,3124136c1c288f9a72b6aa5025613926fba99d81c8bdbaf3aba8dce9e66fefbe,3124136c1c288f9a72b6aa5025613926fba99d81c8bdbaf3aba8dce9e66fefbe
pair-stage-probes-f0716773-ghD/cases/carry_b-v6g_teacher_yaw-_opp_s911_pE2E_L3_VhD/case.json,2752,e94ef95223409b47ec7a71af05068b7c4a946c7beb3adc46bd0207c4efdfa8b1,e94ef95223409b47ec7a71af05068b7c4a946c7beb3adc46bd0207c4efdfa8b1
pair-stage-probes-f0716773-ghD/cases/carry_b-v6g_teacher_yaw-_opp_s911_pE2E_L3_VhD/result.json,57945,1c4bedc82b9b117a1e6de81d15508200c229f6372d0b3de36344155c0e5470ed,1c4bedc82b9b117a1e6de81d15508200c229f6372d0b3de36344155c0e5470ed
pair-stage-probes-f0716773-ghD/cases/carry_b-v6g_teacher_nominal_s914_pE2E_L6_VhD/case.json,2696,c8b039079acc9f2820ffcda8b008cd832b146f550567a80fdff4b646772c2eff,c8b039079acc9f2820ffcda8b008cd832b146f550567a80fdff4b646772c2eff
pair-stage-probes-f0716773-ghD/cases/carry_b-v6g_teacher_nominal_s914_pE2E_L6_VhD/result.json,58480,8b8538a3a03bb275c1f303a757141028d6624026df226f557ecd72031a41646d,8b8538a3a03bb275c1f303a757141028d6624026df226f557ecd72031a41646d
pair-stage-probes-f0716773-ghD/cases/carry_b-v6g_teacher_yaw-_opp_s911_pE2E_L6_VhD/case.json,2709,e0723919045a965358767a7bb43576d2648ea04fccc4650acbeae075abd4aad2,e0723919045a965358767a7bb43576d2648ea04fccc4650acbeae075abd4aad2
pair-stage-probes-f0716773-ghD/cases/carry_b-v6g_teacher_yaw-_opp_s911_pE2E_L6_VhD/result.json,58417,81edac99aac085d93c34c5a496793bde31f9834d38f9eff9afc066da3d02431a,81edac99aac085d93c34c5a496793bde31f9834d38f9eff9afc066da3d02431a
pair-stage-probes-f0716773-ghDL7/manifest.json,166867,10ba173f7afd8ca3533618c9382096396550d25b844e3bb7b44d572366e429d7,
pair-stage-probes-f0716773-ghDL7/cases.jsonl,6594,3f6664a6dea39c8212a098bd33c02c7cf45107360a9078ffa842d65f16513f3e,3f6664a6dea39c8212a098bd33c02c7cf45107360a9078ffa842d65f16513f3e
pair-stage-probes-f0716773-ghDL7/artifacts.sha256.json,221366,e24c8c9efd21b42286d47681078bc9f71b363b14aa6ed5a96a1693c177c20cf6,
pair-stage-probes-f0716773-ghDL7/plan.json,6362,fac7416d1f30474f873c0635e1d232c7710712e0cc3f9985af3bce21bc2e8d73,
pair-stage-probes-f0716773-ghDL7/cases/carry_b-v6g-l7_teacher_nominal_s914_pE2E_L7_VhD/case.json,2717,8872a3353a5bbead2f1ab86b1b183d49d7e570399c9c86f24ad02fd82904638b,8872a3353a5bbead2f1ab86b1b183d49d7e570399c9c86f24ad02fd82904638b
pair-stage-probes-f0716773-ghDL7/cases/carry_b-v6g-l7_teacher_nominal_s914_pE2E_L7_VhD/result.json,56020,933d721a15bcd9bee9bbab8d943e3e7ab2512ce6cde231cec75a5eb5d91bfd59,933d721a15bcd9bee9bbab8d943e3e7ab2512ce6cde231cec75a5eb5d91bfd59
pair-stage-probes-f0716773-ghDL7/cases/carry_b-v6g-l7_teacher_yaw-_opp_s911_pE2E_L7_VhD/case.json,2730,d82ec37b47883324875efae2224558c80f0b3cc6a5074c44082c7f1254836da8,d82ec37b47883324875efae2224558c80f0b3cc6a5074c44082c7f1254836da8
pair-stage-probes-f0716773-ghDL7/cases/carry_b-v6g-l7_teacher_yaw-_opp_s911_pE2E_L7_VhD/result.json,55955,7927474b0641418db3897674e27f5806ffa53eac2803d6b89ca846d6f5d2b6df,7927474b0641418db3897674e27f5806ffa53eac2803d6b89ca846d6f5d2b6df
pair-stage-probes-f2186414-yawcal/manifest.json,165141,014e2233ec49be681027e14f7cee735d504cff772f83492f1c631b65eb885d5c,
pair-stage-probes-f2186414-yawcal/cases.jsonl,126950,ebab748c2d94f08c6f9abd2694160bb0171f64fe72852257a3b59de3b1972918,
pair-stage-probes-f2186414-yawcal/artifacts.sha256.json,4819611,3243e09338d942e188fc6d0d63d5772f6c0c9dad1fc3aa2c247d82ca81bcc278,
pair-stage-probes-f2186414-yawcal/plan.json,120893,4c0354bfde7e0d9d4d6c0048ab0fa5521e5ecee2cea87b82b97d20f05ca8ff18,
pair-stage-probes-f2186414-yawcal/cases/carry_b-v6e_teacher_nominal_s911_pE2E_Vcal/case.json,2595,8f38a7f4ec01f3062b73394d4fabd663ee508346fb89f65179309c9b352b912c,8f38a7f4ec01f3062b73394d4fabd663ee508346fb89f65179309c9b352b912c
pair-stage-probes-f2186414-yawcal/cases/carry_b-v6e_teacher_nominal_s911_pE2E_Vcal/result.json,55222,4d4f933cf5330faf5af37e445378060388afc9ca60207bc739c083ade8fe4433,4d4f933cf5330faf5af37e445378060388afc9ca60207bc739c083ade8fe4433
pair-stage-probes-f2186414-yawcal/cases/carry_b-v6e_teacher_nominal_s912_pE2E_Vcal/case.json,2595,6e5d10e17b16d558af8f7b3d15a4de5bd000a0e56db8f2a408ae1f1b3f2a4c63,6e5d10e17b16d558af8f7b3d15a4de5bd000a0e56db8f2a408ae1f1b3f2a4c63
pair-stage-probes-f2186414-yawcal/cases/carry_b-v6e_teacher_nominal_s912_pE2E_Vcal/result.json,55202,7a0832ce593ca562a176e58aba3256527bcb810c38faa5d520bc8c21d402de33,7a0832ce593ca562a176e58aba3256527bcb810c38faa5d520bc8c21d402de33
pair-stage-probes-f2186414-yawcal/cases/carry_b-v6e_teacher_nominal_s913_pE2E_Vcal/case.json,2595,f016b31dc3c6353bfec08d3ef91203b233afa128daee03e087ee33f56c04ba06,f016b31dc3c6353bfec08d3ef91203b233afa128daee03e087ee33f56c04ba06
pair-stage-probes-f2186414-yawcal/cases/carry_b-v6e_teacher_nominal_s913_pE2E_Vcal/result.json,55210,5e7e69403e9015bfe6a171fe9b197ea1d9f3fa1883379489a2f4d7fce918f142,5e7e69403e9015bfe6a171fe9b197ea1d9f3fa1883379489a2f4d7fce918f142
pair-stage-probes-f2186414-yawcal/cases/carry_b-v6e_teacher_lat-_opp_s911_pE2E_Vcal/case.json,2608,1f8100760d7d56c9db15cb92dddea6798e400bebe3787481e1933f63bc2a099d,1f8100760d7d56c9db15cb92dddea6798e400bebe3787481e1933f63bc2a099d
pair-stage-probes-f2186414-yawcal/cases/carry_b-v6e_teacher_lat-_opp_s911_pE2E_Vcal/result.json,55170,aba009c774c7955f19b88db4979601bc73807073154c572dab3656729a8996d5,aba009c774c7955f19b88db4979601bc73807073154c572dab3656729a8996d5
pair-stage-probes-f2186414-yawcal/cases/carry_b-v6e_teacher_yaw+_same_s911_pE2E_Vcal/case.json,2623,036b6d2ced79c42c81706f2fc63bd001e7cc073b40cdb41c9aeafd1fd00af59f,036b6d2ced79c42c81706f2fc63bd001e7cc073b40cdb41c9aeafd1fd00af59f
pair-stage-probes-f2186414-yawcal/cases/carry_b-v6e_teacher_yaw+_same_s911_pE2E_Vcal/result.json,55170,b553fcf5c965050f37b5f632d3b94c465e0337855cee076e210dfda24e879212,b553fcf5c965050f37b5f632d3b94c465e0337855cee076e210dfda24e879212
pair-stage-probes-f2186414-yawcal/cases/carry_b-v6e_teacher_nominal_s911_pE2E_L1_Vcal/case.json,2597,16f62de2172244efd0496bbc82f0f4a4f5c68d6bd1ac3fcd063394947b9182b9,16f62de2172244efd0496bbc82f0f4a4f5c68d6bd1ac3fcd063394947b9182b9
pair-stage-probes-f2186414-yawcal/cases/carry_b-v6e_teacher_nominal_s911_pE2E_L1_Vcal/result.json,60725,359c3bf5642e61e432ac1dcd5d63a17c03972bdb8a37df789f57f5a8393cfa55,359c3bf5642e61e432ac1dcd5d63a17c03972bdb8a37df789f57f5a8393cfa55
pair-stage-probes-f2186414-yawcal/cases/carry_b-v6e_teacher_nominal_s912_pE2E_L1_Vcal/case.json,2597,76014d5bf048bcba8d8015fc408e6fe5ccdeaaf0f4c951b2040a296a1868adb6,76014d5bf048bcba8d8015fc408e6fe5ccdeaaf0f4c951b2040a296a1868adb6
pair-stage-probes-f2186414-yawcal/cases/carry_b-v6e_teacher_nominal_s912_pE2E_L1_Vcal/result.json,60728,db637155d45bc6a812e2a636ec3eb5c87a099a05a32a0e7271b86d3e8d9c888b,db637155d45bc6a812e2a636ec3eb5c87a099a05a32a0e7271b86d3e8d9c888b
pair-stage-probes-f2186414-yawcal/cases/carry_b-v6e_teacher_nominal_s913_pE2E_L1_Vcal/case.json,2597,9e12bfe383147ce6ff8a88dc632646408d1566baf7934d1e2231a047b3688ab1,9e12bfe383147ce6ff8a88dc632646408d1566baf7934d1e2231a047b3688ab1
pair-stage-probes-f2186414-yawcal/cases/carry_b-v6e_teacher_nominal_s913_pE2E_L1_Vcal/result.json,60749,ac604ab647ac36a8ce8dd7222dbc8a83e7f0b3792277ad1712108f9615ff4b36,ac604ab647ac36a8ce8dd7222dbc8a83e7f0b3792277ad1712108f9615ff4b36
pair-stage-probes-f2186414-yawcal/cases/carry_b-v6e_teacher_lat-_opp_s911_pE2E_L1_Vcal/case.json,2610,3d858ec5741eadcb87f70aa2c0079a40040fcdb5f675a95401888d8f3f694b89,3d858ec5741eadcb87f70aa2c0079a40040fcdb5f675a95401888d8f3f694b89
pair-stage-probes-f2186414-yawcal/cases/carry_b-v6e_teacher_lat-_opp_s911_pE2E_L1_Vcal/result.json,60616,483ad3f03357363233ab1df5bd9864c924f06aa079eb2c39ba82c2817cfd7f39,483ad3f03357363233ab1df5bd9864c924f06aa079eb2c39ba82c2817cfd7f39
pair-stage-probes-f2186414-yawcal/cases/carry_b-v6e_teacher_yaw+_same_s911_pE2E_L1_Vcal/case.json,2625,c2890e61b14c0f58d3bae4c7a00476a9a17bd629743b9bc574756f5c3da35da3,c2890e61b14c0f58d3bae4c7a00476a9a17bd629743b9bc574756f5c3da35da3
pair-stage-probes-f2186414-yawcal/cases/carry_b-v6e_teacher_yaw+_same_s911_pE2E_L1_Vcal/result.json,60672,94f1863d5a498c6fadfcc80d4a9d0d9bd632f883bfc2fb1a11bf1c61ae07046d,94f1863d5a498c6fadfcc80d4a9d0d9bd632f883bfc2fb1a11bf1c61ae07046d
pair-stage-probes-f2186414-yawcal/cases/carry_b-v6e_teacher_nominal_s911_pE2E_L2_Vcal/case.json,2610,85c04c82473dcef7ad72c6cfe638c66f354612e1ea2dec6effe6c0469b69a0ff,85c04c82473dcef7ad72c6cfe638c66f354612e1ea2dec6effe6c0469b69a0ff
pair-stage-probes-f2186414-yawcal/cases/carry_b-v6e_teacher_nominal_s911_pE2E_L2_Vcal/result.json,58243,1b8ca40ee8b63192ce5947a4acb1c0a4643f7c25568ed0a3acbd6c7e49808fe7,1b8ca40ee8b63192ce5947a4acb1c0a4643f7c25568ed0a3acbd6c7e49808fe7
pair-stage-probes-f2186414-yawcal/cases/carry_b-v6e_teacher_nominal_s912_pE2E_L2_Vcal/case.json,2610,ebabc9b992bb2ef370adb64a230ac310f2dc2983b4f3e32b8062f97a3d58cd52,ebabc9b992bb2ef370adb64a230ac310f2dc2983b4f3e32b8062f97a3d58cd52
pair-stage-probes-f2186414-yawcal/cases/carry_b-v6e_teacher_nominal_s912_pE2E_L2_Vcal/result.json,58262,7cf7726d0539715d1931435cb13170dd364250aa8681f715356bf1681dafe2e2,7cf7726d0539715d1931435cb13170dd364250aa8681f715356bf1681dafe2e2
pair-stage-probes-f2186414-yawcal/cases/carry_b-v6e_teacher_nominal_s913_pE2E_L2_Vcal/case.json,2610,64e6fc39f86224fb75258d0aa1ebf827360ba6330e105e718d0c8b2025403def,64e6fc39f86224fb75258d0aa1ebf827360ba6330e105e718d0c8b2025403def
pair-stage-probes-f2186414-yawcal/cases/carry_b-v6e_teacher_nominal_s913_pE2E_L2_Vcal/result.json,58253,858d8b5e723ca9cedb535eaa93f0d0902bdfce89c78eb42bd81270828050fb91,858d8b5e723ca9cedb535eaa93f0d0902bdfce89c78eb42bd81270828050fb91
pair-stage-probes-f2186414-yawcal/cases/carry_b-v6e_teacher_lat-_opp_s911_pE2E_L2_Vcal/case.json,2623,eacb1866f23725048f996d9c2badd50c0bc0d9a9c97b8d6a3aa0b11890e7b343,eacb1866f23725048f996d9c2badd50c0bc0d9a9c97b8d6a3aa0b11890e7b343
pair-stage-probes-f2186414-yawcal/cases/carry_b-v6e_teacher_lat-_opp_s911_pE2E_L2_Vcal/result.json,58139,9f1c5772590e826e5fff9897680a35708b85f045ee14f52c2754663ac4274318,9f1c5772590e826e5fff9897680a35708b85f045ee14f52c2754663ac4274318
pair-stage-probes-f2186414-yawcal/cases/carry_b-v6e_teacher_yaw+_same_s911_pE2E_L2_Vcal/case.json,2638,de36d821f18314a483ab12955014ff5f65bf414bfa8c977deedfcf11d7e6b06f,de36d821f18314a483ab12955014ff5f65bf414bfa8c977deedfcf11d7e6b06f
pair-stage-probes-f2186414-yawcal/cases/carry_b-v6e_teacher_yaw+_same_s911_pE2E_L2_Vcal/result.json,58210,3f37680717ba4d93146f7c84a6ba8f059519dd263612ad2150710cd78985c3f0,3f37680717ba4d93146f7c84a6ba8f059519dd263612ad2150710cd78985c3f0
pair-stage-probes-f2186414-yawcal/cases/carry_b-v6e_teacher_nominal_s911_pE2E_L3_Vcal/case.json,2596,0514571137eefb3bfdb194f22350ffd91a42c5ebf610412a50e818aec3abdb1a,0514571137eefb3bfdb194f22350ffd91a42c5ebf610412a50e818aec3abdb1a
pair-stage-probes-f2186414-yawcal/cases/carry_b-v6e_teacher_nominal_s911_pE2E_L3_Vcal/result.json,56281,da8b736b78727fd86dc4da4758d0c1328577dcbca02a1e2c2a56573f45357cbe,da8b736b78727fd86dc4da4758d0c1328577dcbca02a1e2c2a56573f45357cbe
pair-stage-probes-f2186414-yawcal/cases/carry_b-v6e_teacher_nominal_s912_pE2E_L3_Vcal/case.json,2596,26b8c5af5677f429edd7512bb055c6de2ef507cd988b2c1392349f7769bca995,26b8c5af5677f429edd7512bb055c6de2ef507cd988b2c1392349f7769bca995
pair-stage-probes-f2186414-yawcal/cases/carry_b-v6e_teacher_nominal_s912_pE2E_L3_Vcal/result.json,56279,3ee1e65920bb4e4f2b0bb2295a40b750465797f281b302e549bd7850b447bb26,3ee1e65920bb4e4f2b0bb2295a40b750465797f281b302e549bd7850b447bb26
pair-stage-probes-f2186414-yawcal/cases/carry_b-v6e_teacher_nominal_s913_pE2E_L3_Vcal/case.json,2596,6c8ad18c535c2497d25328441af386fad2595b97a5dbeb0fd2e685d947edc294,6c8ad18c535c2497d25328441af386fad2595b97a5dbeb0fd2e685d947edc294
pair-stage-probes-f2186414-yawcal/cases/carry_b-v6e_teacher_nominal_s913_pE2E_L3_Vcal/result.json,56293,8f87d7f1f0f31c9500a3da70db738a30d5bda73a52cb3400db6c81e18357e6be,8f87d7f1f0f31c9500a3da70db738a30d5bda73a52cb3400db6c81e18357e6be
pair-stage-probes-f2186414-yawcal/cases/carry_b-v6e_teacher_lat-_opp_s911_pE2E_L3_Vcal/case.json,2609,864e64a3534bd2241fdc4b470c665e56a999503ccdb622a8c0fee0c2579726ec,864e64a3534bd2241fdc4b470c665e56a999503ccdb622a8c0fee0c2579726ec
pair-stage-probes-f2186414-yawcal/cases/carry_b-v6e_teacher_lat-_opp_s911_pE2E_L3_Vcal/result.json,56237,ec2cd536a6a6d5a12e053c768d493acfb92cd453efc72e729293d402b14afdd5,ec2cd536a6a6d5a12e053c768d493acfb92cd453efc72e729293d402b14afdd5
pair-stage-probes-f2186414-yawcal/cases/carry_b-v6e_teacher_yaw+_same_s911_pE2E_L3_Vcal/case.json,2624,509244434c1d6693de177f57bb3ba8f4727ca5fb9de2aaa0f1b3ad397359a39e,509244434c1d6693de177f57bb3ba8f4727ca5fb9de2aaa0f1b3ad397359a39e
pair-stage-probes-f2186414-yawcal/cases/carry_b-v6e_teacher_yaw+_same_s911_pE2E_L3_Vcal/result.json,56229,cbc7269df5836c02c73ba4da90944312e7b230054c6cbe0b664b17153c6f6c1d,cbc7269df5836c02c73ba4da90944312e7b230054c6cbe0b664b17153c6f6c1d
pair-stage-probes-f2186414-yawcal/cases/carry_b-v6e_teacher_nominal_s911_pE2E_L4_Vcal/case.json,2673,98a26b8b8dd5a363af90e2e0e65205003f7bd89e55184cde23c3e47a2eefdc5e,98a26b8b8dd5a363af90e2e0e65205003f7bd89e55184cde23c3e47a2eefdc5e
pair-stage-probes-f2186414-yawcal/cases/carry_b-v6e_teacher_nominal_s911_pE2E_L4_Vcal/result.json,56252,c3a7e49a93ba71dc0ac7a92cb40692422f89e1bb7cbba1357c429d548469e906,c3a7e49a93ba71dc0ac7a92cb40692422f89e1bb7cbba1357c429d548469e906
pair-stage-probes-f2186414-yawcal/cases/carry_b-v6e_teacher_nominal_s912_pE2E_L4_Vcal/case.json,2673,efdd03029a6fc7a6fd886c63a182bad23ce23b8bbe4439687a8ddba65b01837b,efdd03029a6fc7a6fd886c63a182bad23ce23b8bbe4439687a8ddba65b01837b
pair-stage-probes-f2186414-yawcal/cases/carry_b-v6e_teacher_nominal_s912_pE2E_L4_Vcal/result.json,56295,28e7438dee63e9c710201b4a9fb26df50954cf2f4ec09085fd5db9ddf9f2bc11,28e7438dee63e9c710201b4a9fb26df50954cf2f4ec09085fd5db9ddf9f2bc11
pair-stage-probes-f2186414-yawcal/cases/carry_b-v6e_teacher_nominal_s913_pE2E_L4_Vcal/case.json,2673,6ed0ca23b6ae57e6ef01f771f7ab9a1a8184d1729dbbbe7e1b648d5f73534790,6ed0ca23b6ae57e6ef01f771f7ab9a1a8184d1729dbbbe7e1b648d5f73534790
pair-stage-probes-f2186414-yawcal/cases/carry_b-v6e_teacher_nominal_s913_pE2E_L4_Vcal/result.json,56280,34021f2fb31d8067e55000432d24e17f19a9c661174d5ff58c8c9c2e7960aa08,34021f2fb31d8067e55000432d24e17f19a9c661174d5ff58c8c9c2e7960aa08
pair-stage-probes-f2186414-yawcal/cases/carry_b-v6e_teacher_lat-_opp_s911_pE2E_L4_Vcal/case.json,2684,2204ad542ee6fdee7622218f017ec45d0d3d136e3959d0d0a4d48deadcae0a11,2204ad542ee6fdee7622218f017ec45d0d3d136e3959d0d0a4d48deadcae0a11
pair-stage-probes-f2186414-yawcal/cases/carry_b-v6e_teacher_lat-_opp_s911_pE2E_L4_Vcal/result.json,56206,8f869236c6f8f93deb171da77fe698db51b82bd313b01b357343f728d922a392,8f869236c6f8f93deb171da77fe698db51b82bd313b01b357343f728d922a392
pair-stage-probes-f2186414-yawcal/cases/carry_b-v6e_teacher_yaw+_same_s911_pE2E_L4_Vcal/case.json,2701,3a2c0c3aed9c27268b3aa6b502199640c40379e3b6b6c04fc61e963289989a99,3a2c0c3aed9c27268b3aa6b502199640c40379e3b6b6c04fc61e963289989a99
pair-stage-probes-f2186414-yawcal/cases/carry_b-v6e_teacher_yaw+_same_s911_pE2E_L4_Vcal/result.json,56230,01a7636af3c0136da683b1d7c4b7c15ffa456a12f6f8f2741078814d15ba6a68,01a7636af3c0136da683b1d7c4b7c15ffa456a12f6f8f2741078814d15ba6a68
pair-stage-probes-f2186414-yawcal/cases/carry_b-v6e_teacher_nominal_s911_pE2E_L5_Vcal/case.json,2673,f2110a84539273006c8a06b46e2a1ddfe6e4285095565d3bac66feb44982f40f,f2110a84539273006c8a06b46e2a1ddfe6e4285095565d3bac66feb44982f40f
pair-stage-probes-f2186414-yawcal/cases/carry_b-v6e_teacher_nominal_s911_pE2E_L5_Vcal/result.json,56233,f6105cf2311c29125278f803acd1ed33494979edac4e3f7cdc6b4b27d9a3dbbd,f6105cf2311c29125278f803acd1ed33494979edac4e3f7cdc6b4b27d9a3dbbd
pair-stage-probes-f2186414-yawcal/cases/carry_b-v6e_teacher_nominal_s912_pE2E_L5_Vcal/case.json,2673,6f599dd9c19be8c8556414e7ce641ab7b72b1b8c4eddce090441af769fcacfa5,6f599dd9c19be8c8556414e7ce641ab7b72b1b8c4eddce090441af769fcacfa5
pair-stage-probes-f2186414-yawcal/cases/carry_b-v6e_teacher_nominal_s912_pE2E_L5_Vcal/result.json,56245,049054553647f2c0765c5cc486797a044d0541bf5bc4272d7ac6634531faf818,049054553647f2c0765c5cc486797a044d0541bf5bc4272d7ac6634531faf818
pair-stage-probes-f2186414-yawcal/cases/carry_b-v6e_teacher_nominal_s913_pE2E_L5_Vcal/case.json,2673,6a1b6174cddfe11aea7efe7348d75f1e803b9f2fe911816bf4a007f3e2413a49,6a1b6174cddfe11aea7efe7348d75f1e803b9f2fe911816bf4a007f3e2413a49
pair-stage-probes-f2186414-yawcal/cases/carry_b-v6e_teacher_nominal_s913_pE2E_L5_Vcal/result.json,56213,f5d5201ecbd910831b45a7413f639744a93b69514b83486ac6094c8707dbede4,f5d5201ecbd910831b45a7413f639744a93b69514b83486ac6094c8707dbede4
pair-stage-probes-f2186414-yawcal/cases/carry_b-v6e_teacher_lat-_opp_s911_pE2E_L5_Vcal/case.json,2684,d4efda1898140cba6201416b003169d67354368e1d856916b8817453500c4963,d4efda1898140cba6201416b003169d67354368e1d856916b8817453500c4963
pair-stage-probes-f2186414-yawcal/cases/carry_b-v6e_teacher_lat-_opp_s911_pE2E_L5_Vcal/result.json,56165,172d0ceba3ae6640afedf11654ce77a60b4d1feb65263e37d1f5bd3af993a369,172d0ceba3ae6640afedf11654ce77a60b4d1feb65263e37d1f5bd3af993a369
pair-stage-probes-f2186414-yawcal/cases/carry_b-v6e_teacher_yaw+_same_s911_pE2E_L5_Vcal/case.json,2701,b05ed4ad1215fd7dfa00a092eecf61512ed4cda2e05ff4e23e523b0b4e96a6ae,b05ed4ad1215fd7dfa00a092eecf61512ed4cda2e05ff4e23e523b0b4e96a6ae
pair-stage-probes-f2186414-yawcal/cases/carry_b-v6e_teacher_yaw+_same_s911_pE2E_L5_Vcal/result.json,56194,0c79b7c5d3dff5aaf817246d8fd54e7d8c7f77d46aa4ca39b8c6ff530751e476,0c79b7c5d3dff5aaf817246d8fd54e7d8c7f77d46aa4ca39b8c6ff530751e476
pair-stage-probes-f2186414-yawcal/cases/carry_b-v6e_teacher_nominal_s911_pE2E_L6_Vcal/case.json,2603,6308ffd37833d3aac7ecf86d7c9ff4a631911dbc282b26d933e8f4c9478baee0,6308ffd37833d3aac7ecf86d7c9ff4a631911dbc282b26d933e8f4c9478baee0
pair-stage-probes-f2186414-yawcal/cases/carry_b-v6e_teacher_nominal_s911_pE2E_L6_Vcal/result.json,56722,b52f2f7a702c4e5645453f3da2ec848de7b524cbcfa7f4e4d1302349f134d2a3,b52f2f7a702c4e5645453f3da2ec848de7b524cbcfa7f4e4d1302349f134d2a3
pair-stage-probes-f2186414-yawcal/cases/carry_b-v6e_teacher_nominal_s912_pE2E_L6_Vcal/case.json,2603,c0054ea6a9ff028411e92b11db2111c1636d665e14e9713ff2f2a12ec4cf8ad4,c0054ea6a9ff028411e92b11db2111c1636d665e14e9713ff2f2a12ec4cf8ad4
pair-stage-probes-f2186414-yawcal/cases/carry_b-v6e_teacher_nominal_s912_pE2E_L6_Vcal/result.json,56706,ef5e6953df8dc11bef984d6309efe0662639fe0062168424df9ce5586405d135,ef5e6953df8dc11bef984d6309efe0662639fe0062168424df9ce5586405d135
pair-stage-probes-f2186414-yawcal/cases/carry_b-v6e_teacher_nominal_s913_pE2E_L6_Vcal/case.json,2603,a321d46c6a8f57c7456d4ee13ab6b84d722684a1d3787021ee02adb7e3e72c6f,a321d46c6a8f57c7456d4ee13ab6b84d722684a1d3787021ee02adb7e3e72c6f
pair-stage-probes-f2186414-yawcal/cases/carry_b-v6e_teacher_nominal_s913_pE2E_L6_Vcal/result.json,56706,c22752f64b71c65844b6fdea8bf45a2203f0b30093b8cd2f53de3df2d5f751d7,c22752f64b71c65844b6fdea8bf45a2203f0b30093b8cd2f53de3df2d5f751d7
pair-stage-probes-f2186414-yawcal/cases/carry_b-v6e_teacher_lat-_opp_s911_pE2E_L6_Vcal/case.json,2616,299803f6fa1693c4b93d1f35daec5d2b4cf361b742f290b7cc78f5c1a766ac32,299803f6fa1693c4b93d1f35daec5d2b4cf361b742f290b7cc78f5c1a766ac32
pair-stage-probes-f2186414-yawcal/cases/carry_b-v6e_teacher_lat-_opp_s911_pE2E_L6_Vcal/result.json,56687,bf2a56a5dd191600d5306025811a4e4196a9a3c2e8fe0329a319b0d25ebd9f81,bf2a56a5dd191600d5306025811a4e4196a9a3c2e8fe0329a319b0d25ebd9f81
pair-stage-probes-f2186414-yawcal/cases/carry_b-v6e_teacher_yaw+_same_s911_pE2E_L6_Vcal/case.json,2631,bcfdb7a2a7fd5a129c5419318ac13b02172fce4394a4080c65534d6512c776d8,bcfdb7a2a7fd5a129c5419318ac13b02172fce4394a4080c65534d6512c776d8
pair-stage-probes-f2186414-yawcal/cases/carry_b-v6e_teacher_yaw+_same_s911_pE2E_L6_Vcal/result.json,56629,741b78274b099b8d9d7a1f872b0bf5c6d7ff295fad2a683e67dc712ed421bb07,741b78274b099b8d9d7a1f872b0bf5c6d7ff295fad2a683e67dc712ed421bb07
pair-stage-probes-f2186414-yawcal/cases/carry_b-v6e_teacher_nominal_s911_pE2E_L7_Vcal/case.json,2591,87e105465cf7fdd3b2a07844419a022d24005d3c663fe3e1d369b671aca30dac,87e105465cf7fdd3b2a07844419a022d24005d3c663fe3e1d369b671aca30dac
pair-stage-probes-f2186414-yawcal/cases/carry_b-v6e_teacher_nominal_s911_pE2E_L7_Vcal/result.json,49189,0a304fc93adb3ff5952d57ee565e6f894363b34f341e8e9af8e79690f1ad7b1d,0a304fc93adb3ff5952d57ee565e6f894363b34f341e8e9af8e79690f1ad7b1d
pair-stage-probes-f2186414-yawcal/cases/carry_b-v6e_teacher_nominal_s912_pE2E_L7_Vcal/case.json,2591,00c345e2c9298a84ce9081ff575845653ee2e4a0c9d5cebe8bbb44dcbc1f1de6,00c345e2c9298a84ce9081ff575845653ee2e4a0c9d5cebe8bbb44dcbc1f1de6
pair-stage-probes-f2186414-yawcal/cases/carry_b-v6e_teacher_nominal_s912_pE2E_L7_Vcal/result.json,49180,d41a2ca74afb80d7ab80c586d771eb413579f21bdb03d4fd92a75bb23eaa2769,d41a2ca74afb80d7ab80c586d771eb413579f21bdb03d4fd92a75bb23eaa2769
pair-stage-probes-f2186414-yawcal/cases/carry_b-v6e_teacher_nominal_s913_pE2E_L7_Vcal/case.json,2591,f0a4fa929ba524c2e84468c029046551f050fae2160b0bc76724af718caa5966,f0a4fa929ba524c2e84468c029046551f050fae2160b0bc76724af718caa5966
pair-stage-probes-f2186414-yawcal/cases/carry_b-v6e_teacher_nominal_s913_pE2E_L7_Vcal/result.json,49187,c312ff11679735c3f671fee5959db25a78adab422e67bc7538845a9b79281f0a,c312ff11679735c3f671fee5959db25a78adab422e67bc7538845a9b79281f0a
pair-stage-probes-f2186414-yawcal/cases/carry_b-v6e_teacher_lat-_opp_s911_pE2E_L7_Vcal/case.json,2604,9a6e981849d59b0134aa320e9f285a38e56305ff42b11236a9f7fee261f345f4,9a6e981849d59b0134aa320e9f285a38e56305ff42b11236a9f7fee261f345f4
pair-stage-probes-f2186414-yawcal/cases/carry_b-v6e_teacher_lat-_opp_s911_pE2E_L7_Vcal/result.json,49143,33df9fce7443e488c57b5007b7d5140690830d84096f7fe9169645790d0198e9,33df9fce7443e488c57b5007b7d5140690830d84096f7fe9169645790d0198e9
pair-stage-probes-f2186414-yawcal/cases/carry_b-v6e_teacher_yaw+_same_s911_pE2E_L7_Vcal/case.json,2619,4724736ba7ca628e0a3614294f49b684765830b1fbebeed597553e851e34f12d,4724736ba7ca628e0a3614294f49b684765830b1fbebeed597553e851e34f12d
pair-stage-probes-f2186414-yawcal/cases/carry_b-v6e_teacher_yaw+_same_s911_pE2E_L7_Vcal/result.json,49180,a526ded3ada822270ca887389848f595d7267cc339b4425fc15c667eb902be77,a526ded3ada822270ca887389848f595d7267cc339b4425fc15c667eb902be77
pair-stage-probes-f2186414-yawsmoke/manifest.json,165148,46cff02cf75817b46546da969c5d7248a66354d591e9e103663bab4cc2e712db,
pair-stage-probes-f2186414-yawsmoke/cases.jsonl,6466,bdc5c3691792473d6f8366a9f5cefe02ff76938ac68992542197d8766944c529,
pair-stage-probes-f2186414-yawsmoke/artifacts.sha256.json,246544,f4aa7f320348a100bb0ec3525a7c61b02414d3b2f14413a72f5c019ab6743ab6,
pair-stage-probes-f2186414-yawsmoke/plan.json,6099,532ace0dc9bfd3b22590e097a033486cc02bb013c26e316916d3f453bc78e38d,
pair-stage-probes-f2186414-yawsmoke/cases/carry_b-v6e_teacher_nominal_s911_pE2E_Vcal/case.json,2595,8f38a7f4ec01f3062b73394d4fabd663ee508346fb89f65179309c9b352b912c,8f38a7f4ec01f3062b73394d4fabd663ee508346fb89f65179309c9b352b912c
pair-stage-probes-f2186414-yawsmoke/cases/carry_b-v6e_teacher_nominal_s911_pE2E_Vcal/result.json,55234,f63c43cf24484892adfe36e357931ac1756fff1eca1c7e73a5ae7e1f42ddfe98,f63c43cf24484892adfe36e357931ac1756fff1eca1c7e73a5ae7e1f42ddfe98
pair-stage-probes-f2186414-yawsmoke/cases/carry_b-v6e_teacher_nominal_s911_pE2E_L1_Vcal/case.json,2597,16f62de2172244efd0496bbc82f0f4a4f5c68d6bd1ac3fcd063394947b9182b9,16f62de2172244efd0496bbc82f0f4a4f5c68d6bd1ac3fcd063394947b9182b9
pair-stage-probes-f2186414-yawsmoke/cases/carry_b-v6e_teacher_nominal_s911_pE2E_L1_Vcal/result.json,60745,7f0a368a855dcc5659510f68df0ce03172ad660e63f771d24821db618cdc5f8f,7f0a368a855dcc5659510f68df0ce03172ad660e63f771d24821db618cdc5f8f
pair-stage-probes-f2186414-yawsmoke2/manifest.json,165142,f75d0115e770228f37489991dd293493fc9d4e091befe6fdbf27a3dfc4e7fd7b,
pair-stage-probes-f2186414-yawsmoke2/cases.jsonl,6496,0b813dc13b16216428d877585d18f7307d515bbe2e98698c149badddffabb203,
pair-stage-probes-f2186414-yawsmoke2/artifacts.sha256.json,252508,7a859387af76ffa50b95bf8e19716e59195109ebd696049336f3066c19f6119a,
pair-stage-probes-f2186414-yawsmoke2/plan.json,6126,1a44999e3073c503d3ecff014cb12cf1cdcfbc40eece83a63ae2a6b16d71e349,
pair-stage-probes-f2186414-yawsmoke2/cases/carry_b-v6e_teacher_lat-_opp_s911_pE2E_L3_Vcal/case.json,2609,864e64a3534bd2241fdc4b470c665e56a999503ccdb622a8c0fee0c2579726ec,864e64a3534bd2241fdc4b470c665e56a999503ccdb622a8c0fee0c2579726ec
pair-stage-probes-f2186414-yawsmoke2/cases/carry_b-v6e_teacher_lat-_opp_s911_pE2E_L3_Vcal/result.json,56229,7040c35204c7ceb99b0efa0c8afb4137e85ff51d7c9533fb5de73ed3f4e4e2fe,7040c35204c7ceb99b0efa0c8afb4137e85ff51d7c9533fb5de73ed3f4e4e2fe
pair-stage-probes-f2186414-yawsmoke2/cases/carry_b-v6e_teacher_lat-_opp_s911_pE2E_L1_Vcal/case.json,2610,3d858ec5741eadcb87f70aa2c0079a40040fcdb5f675a95401888d8f3f694b89,3d858ec5741eadcb87f70aa2c0079a40040fcdb5f675a95401888d8f3f694b89
pair-stage-probes-f2186414-yawsmoke2/cases/carry_b-v6e_teacher_lat-_opp_s911_pE2E_L1_Vcal/result.json,60626,e6b36966edba1ffd5bded86c629ad36323164cf7e52685bfa2246ce064ac243c,e6b36966edba1ffd5bded86c629ad36323164cf7e52685bfa2246ce064ac243c
pair-stage-probes-f844a373-gsmoke/manifest.json,166870,696c0457896cc4e87a57bca52da33ac3f6a5da31152fda14ecee7e948758264d,
pair-stage-probes-f844a373-gsmoke/cases.jsonl,5526,8804a0b07e03bd9bb490cf5a2d7bc0c420bb266321b439f848f47a9cf4aafd3b,
pair-stage-probes-f844a373-gsmoke/artifacts.sha256.json,241084,cfb353d3f2702480bc0cbcf34c9d168615f6e865abfbddcc579e1e2be71f1eb4,
pair-stage-probes-f844a373-gsmoke/plan.json,6183,e74ef34bb2a303a35ea67c98885d860562a1b81f9f8d358b17e74dec9d885220,
pair-stage-probes-f844a373-gsmoke/cases/carry_b-v6g_teacher_nominal_s911_pE2E_Vcal/case.json,2633,2b9b67834a01ae0d30737c162f5310bbefe64958ba16aedd85a05f3b3122ffcb,2b9b67834a01ae0d30737c162f5310bbefe64958ba16aedd85a05f3b3122ffcb
pair-stage-probes-f844a373-gsmoke/cases/carry_b-v6g_teacher_nominal_s911_pE2E_Vcal/result.json,48562,1a5d35c6a77e720a8393af91eb998d3dcbdda27a0f297948fefcd5547574af8d,1a5d35c6a77e720a8393af91eb998d3dcbdda27a0f297948fefcd5547574af8d
pair-stage-probes-f844a373-gsmoke/cases/carry_b-v6g_teacher_nominal_s911_pE2E_L1_Vcal/case.json,2635,fd53e2a7810337c88d9c9c44841e777bddcfbfb7b678dd9d0f1e34059a1dcaeb,fd53e2a7810337c88d9c9c44841e777bddcfbfb7b678dd9d0f1e34059a1dcaeb
pair-stage-probes-f844a373-gsmoke/cases/carry_b-v6g_teacher_nominal_s911_pE2E_L1_Vcal/result.json,56245,24f187057cb8ab636927f8e7f43df5da3b48064e9ad4b86362d72c4bd2a38aa1,24f187057cb8ab636927f8e7f43df5da3b48064e9ad4b86362d72c4bd2a38aa1
pair-stage-probes-f844a373-gsmoke2/manifest.json,166870,5df791b6c9339bb55fe6bb56a038d63a0c597a805a88011b65d4f219e54e0698,
pair-stage-probes-f844a373-gsmoke2/cases.jsonl,6063,3c92c7fe9fefb90cc6608646741994707592b35fd4ec93d0ff55f8d4505c3f76,
pair-stage-probes-f844a373-gsmoke2/artifacts.sha256.json,244152,5cbf666f5a8dd8222dc9d598fa67fa45a7990c63c49a06b34a5293f789202684,
pair-stage-probes-f844a373-gsmoke2/plan.json,6210,5313006dc1ec4113bac7c2b4c3a00aedfcf65ddc24b75245a5b49826fa507afa,
pair-stage-probes-f844a373-gsmoke2/cases/carry_b-v6g_teacher_lat-_opp_s911_pE2E_L3_Vcal/case.json,2647,d3f51ad1931e27574a4f9a857169d1a538436e07e1979d2e52dfaa711af1d54e,d3f51ad1931e27574a4f9a857169d1a538436e07e1979d2e52dfaa711af1d54e
pair-stage-probes-f844a373-gsmoke2/cases/carry_b-v6g_teacher_lat-_opp_s911_pE2E_L3_Vcal/result.json,58015,7807f76c0b6a0caa6a1f4b92b0c0c80164d87800dca192121cceecba521fc3a3,7807f76c0b6a0caa6a1f4b92b0c0c80164d87800dca192121cceecba521fc3a3
pair-stage-probes-f844a373-gsmoke2/cases/carry_b-v6g_teacher_lat-_opp_s911_pE2E_L1_Vcal/case.json,2648,0262767829c76499f8f77550559d99503c917bba84baacac39a5debf433d7985,0262767829c76499f8f77550559d99503c917bba84baacac39a5debf433d7985
pair-stage-probes-f844a373-gsmoke2/cases/carry_b-v6g_teacher_lat-_opp_s911_pE2E_L1_Vcal/result.json,52971,2e3769e9204e53e7d4f75b1e3bd55d5cfca056166208e11116a6fda89c41d7e0,2e3769e9204e53e7d4f75b1e3bd55d5cfca056166208e11116a6fda89c41d7e0
pair-stage-probes-f844a373-gsmokeL7/manifest.json,166862,33305741a81c56609613a8c40db6849e083a4fd8cef6439553ae5a384257b1d1,
pair-stage-probes-f844a373-gsmokeL7/cases.jsonl,3289,f050d35a0c4049badc69d4c92fdc1bd043b49263a2ab724b465173192ba05888,
pair-stage-probes-f844a373-gsmokeL7/artifacts.sha256.json,111228,690078037b7b131bc37791f80822eba39412ceaa4be6d5a9b062415f795e53e9,
pair-stage-probes-f844a373-gsmokeL7/plan.json,3152,a8f4b33c55f2f61ed39ab1068b7e2a5e1970cfd6708a7ffdefda3dfc83cea1bf,
pair-stage-probes-f844a373-gsmokeL7/cases/carry_b-v6g-l7_teacher_nominal_s911_pE2E_L7_Vcal/case.json,2635,9d7752db497db44e194261c0fdd96d772e53b4543a3fc2ca8fa572c8fc5c16ba,9d7752db497db44e194261c0fdd96d772e53b4543a3fc2ca8fa572c8fc5c16ba
pair-stage-probes-f844a373-gsmokeL7/cases/carry_b-v6g-l7_teacher_nominal_s911_pE2E_L7_Vcal/result.json,56032,b33c9ccddee79c3cabd681335075df79d9442011da477e55e634c2f27c7de510,b33c9ccddee79c3cabd681335075df79d9442011da477e55e634c2f27c7de510
v6h1-acceptance-2c863fda-20260930/manifest.json,156047,8a1ff301288b67ad06c553888398e8dddae789a897230dd8d62d66b0ace1d3c0,
v6h1-acceptance-2c863fda-20260930/cases.jsonl,46722,c48e191393a11346008ea1d6e4b2ca919ca53969ebad295311d4757e4092d02a,c48e191393a11346008ea1d6e4b2ca919ca53969ebad295311d4757e4092d02a
v6h1-acceptance-2c863fda-20260930/plan.json,242407,845d2e17a77f87b20757bf4e3de32860e66591588a15096fb65fbf8bcb3894a8,845d2e17a77f87b20757bf4e3de32860e66591588a15096fb65fbf8bcb3894a8
v6h1-acceptance-2c863fda-20260930/acceptance_receipts.json,109206,601224912ff3ccda485264065834943b70b27b89d8a19948b1446de0f53222f5,
b-v6h-gain-5bfd95f0-tS/cases/chain_b-v6h.k1g+p2f+gain+alag_teacher_S01_s911_pPOST_VENVS/commands.json,356786,70bcb8ce94ffb9396d79fb8412b1b6c99b75190985af01cd11741610d2655004,70bcb8ce94ffb9396d79fb8412b1b6c99b75190985af01cd11741610d2655004
v6h1-acceptance-2c863fda-20260930/cases/chain_b-v6h1_teacher_S01_s911_pPOST_VENVS/result.json,12149,80d612b75e5ff69edd90b839cd6fe8e2bbb755df8e61404b653d3a50fd064479,
b-v6h-gain-5bfd95f0-tS/cases/chain_b-v6h.k1g+p2f+gain+alag_teacher_S02_s911_pPOST_VENVS/commands.json,356725,071532a4e2c59be92fc827815b6ba2f3c138f83ea657368e7dda65e75c331279,071532a4e2c59be92fc827815b6ba2f3c138f83ea657368e7dda65e75c331279
v6h1-acceptance-2c863fda-20260930/cases/chain_b-v6h1_teacher_S02_s911_pPOST_VENVS/result.json,12137,d3434e91d306b1c2e90036692dbcc42619621af39ee75192bad677f60018a07e,
b-v6h-gain-5bfd95f0-tS/cases/chain_b-v6h.k1g+p2f+gain+alag_teacher_S07_s911_pPOST_VENVS/commands.json,363311,c0c5fcd8dfe2492f9d312ed7962b08456ec731516f42111aa20d4923648e2872,c0c5fcd8dfe2492f9d312ed7962b08456ec731516f42111aa20d4923648e2872
v6h1-acceptance-2c863fda-20260930/cases/chain_b-v6h1_teacher_S07_s911_pPOST_VENVS/result.json,12137,41b169cd25053baccc6670af7cc5f17a280a2496d8333fb6aeda28c15aed988a,
b-v6h-gain-5bfd95f0-tS/cases/chain_b-v6h.k1g+p2f+gain+alag_teacher_S03_s911_pPOST_VENVS/commands.json,356489,0b699a18311d11a01c53a00f6fb2e5f2ff9fbff430536b612a36c947a529b542,0b699a18311d11a01c53a00f6fb2e5f2ff9fbff430536b612a36c947a529b542
v6h1-acceptance-2c863fda-20260930/cases/chain_b-v6h1_teacher_S03_s911_pPOST_VENVS/result.json,12137,aa22073d7ea2e1ae13b1ed0b6b8faf304f5dbd96c2ad41bb3c853563acf37dee,
b-v6h-gain-5bfd95f0-tR/cases/chain_b-v6h.k1g+p2f+gain+alag_teacher_hR2_01_s911_pPOST_VhR2/commands.json,356988,5f9da3641faf4a83d3817fc772985aedaba59db13f7ca25a3f1a18e61467d76b,5f9da3641faf4a83d3817fc772985aedaba59db13f7ca25a3f1a18e61467d76b
v6h1-acceptance-2c863fda-20260930/cases/chain_b-v6h1_teacher_hR2_01_s911_pPOST_VhR2/result.json,12147,f962c48dfe80c7b0ff0946204a7f56b2a8d48bb4169df51b19e8644ea679b701,
b-v6h-gain-5bfd95f0-tR/cases/chain_b-v6h.k1g+p2f+gain+alag_teacher_hR2_04_s913_pPOST_VhR2/commands.json,363218,cfd6df9a6e7eba01eb23b907b0a9446f75d6088196cc2c21cf39432b181fff74,cfd6df9a6e7eba01eb23b907b0a9446f75d6088196cc2c21cf39432b181fff74
v6h1-acceptance-2c863fda-20260930/cases/chain_b-v6h1_teacher_hR2_04_s913_pPOST_VhR2/result.json,12148,3d7b61812c06470b9a163c66d449a4cb03d7e7991655dd87b3b171118cb8b0ab,
b-v6h-gain-5bfd95f0-tX1b/cases/chain_b-v6h.k1g+p2f+gain+alag_teacher_X06_s911_pPOST_VENVS/commands.json,356607,d1ef368a7de5a6f85a187b710c7a0cf8422f3317290acf2c86422adacbb6a14a,d1ef368a7de5a6f85a187b710c7a0cf8422f3317290acf2c86422adacbb6a14a
v6h1-acceptance-2c863fda-20260930/cases/chain_b-v6h1_teacher_X06_s911_pPOST_VENVS/result.json,12138,1336c8801869ffcd9506318b490950cd0de95d09752ed32f062b4126d21d90f3,
b-v6h-gain-f5d83fdb-tX1/cases/chain_b-v6h.k1g+p2f+gain+alag_teacher_X01_s911_pPOST_VENVS/commands.json,363311,2d2f77a4d529f860a5dc2ac4c98e53ece4df2cee7d2c2c152430db6c7227730c,2d2f77a4d529f860a5dc2ac4c98e53ece4df2cee7d2c2c152430db6c7227730c
v6h1-acceptance-2c863fda-20260930/cases/chain_b-v6h1_teacher_X01_s911_pPOST_VENVS/result.json,12137,81bc47c9919edbc4fadd11cf699e8077e8a0467278af292eac7ba28c5ecdf252,
b-v6h-gain-f5d83fdb-tX1/cases/chain_b-v6h.k1g+p2f+gain+alag_teacher_X03_s913_pPOST_VENVS/commands.json,363191,c28c5a2e56636ed02e498ff1ae70f189e50c0d63b900798ea6cccb683c7329f8,c28c5a2e56636ed02e498ff1ae70f189e50c0d63b900798ea6cccb683c7329f8
v6h1-acceptance-2c863fda-20260930/cases/chain_b-v6h1_teacher_X03_s913_pPOST_VENVS/result.json,12138,056b719b01d134c095d37bd5a1f80f1e0576e67069aca3852eb9d042114c169c,
b-v6h-gain-5bfd95f0-tX0/cases/chain_b-v6h.k1g+p2f+gain_teacher_X01_s911_pPOST_VENVS/commands.json,367780,f9d3bd1482ff99daa8a0e910522349cb1aa99bf161cc1c61d9686691173a0d0d,f9d3bd1482ff99daa8a0e910522349cb1aa99bf161cc1c61d9686691173a0d0d
v6h1-acceptance-2c863fda-20260930/cases/chain_b-v6h1-lag-off-sanity_teacher_X01_s911_pPOST_VENVS/result.json,12168,55741e829f1bb6c58e23429b6ebbd3586b01cd30629ac519d14efe08f4223b65,
b-v6h-gain-f5d83fdb-tX1/cases/chain_b-v6h.k1g+p2f+gain+alag_teacher_X00_F_hR2_04_s911_pPOST_VENVS/commands.json,363249,2ae150658b670333f7357e2af48ec51059a6ae897372f938b564979ab798f98f,2ae150658b670333f7357e2af48ec51059a6ae897372f938b564979ab798f98f
v6h1-acceptance-2c863fda-20260930/cases/chain_b-v6h1_teacher_X00_F_hR2_04_s911_pPOST_VENVS/result.json,12174,b0d13eca5a97f72c570513ac6368b827a930ce55274d792149e8c8d82304cb69,
v6h1-acceptance-2c863fda-20260930/cases/chain_b-v6h1_teacher_S01_s911_pPOST_VENVS/case.json,2745,2d9233684545f9cdc94d2d533d262b9b47e8f8af9062d2c8328088c1abfbae3d,
v6h1-acceptance-2c863fda-20260930/cases/chain_b-v6h1_teacher_S02_s911_pPOST_VENVS/case.json,2750,1f8000b592feefc658f2f9cc09934100927f517d3d21a8bca7979004616944a7,
v6h1-acceptance-2c863fda-20260930/cases/chain_b-v6h1_teacher_S07_s911_pPOST_VENVS/case.json,2747,abc7a01c49b7a599885385d50fa1b9371582386a55873983ade19eddfcef69e6,
v6h1-acceptance-2c863fda-20260930/cases/chain_b-v6h1_teacher_S03_s911_pPOST_VENVS/case.json,2746,90a959956da2610e9b0a8f436ede39ca94bdf9dfa4115320e28b71d23526ffe7,
v6h1-acceptance-2c863fda-20260930/cases/chain_b-v6h1_teacher_hR2_01_s911_pPOST_VhR2/case.json,2902,da8dd7e1bf9d380ca929c5b919530af507b8427d63643113a330f8dfb27db601,
v6h1-acceptance-2c863fda-20260930/cases/chain_b-v6h1_teacher_hR2_04_s913_pPOST_VhR2/case.json,2904,a6c56a380d6b11798d31830e81baa298030e6f979316281ea73e0c27c5f1e976,
v6h1-acceptance-2c863fda-20260930/cases/chain_b-v6h1_teacher_X06_s911_pPOST_VENVS/case.json,2753,27df4af6c9e31251051e30bb21c29bf064e7c48b92c1b7202bfeac6e811ff1b3,
v6h1-acceptance-2c863fda-20260930/cases/chain_b-v6h1_teacher_X01_s911_pPOST_VENVS/case.json,2747,abbb5165999159c9ba962f28c0c138d0a033967af064125651346d4265928ce4,
v6h1-acceptance-2c863fda-20260930/cases/chain_b-v6h1_teacher_X03_s913_pPOST_VENVS/case.json,2746,b681e685484ec7d419a653d409117fc1a5b914a0ad8ea7b799c3c986af17477e,
v6h1-acceptance-2c863fda-20260930/cases/chain_b-v6h1-lag-off-sanity_teacher_X01_s911_pPOST_VENVS/case.json,2762,0ae11773a5c53e152faaf0173c375e4932b4589566865e2f1aff05007cfade15,
v6h1-acceptance-2c863fda-20260930/cases/chain_b-v6h1_teacher_X00_F_hR2_04_s911_pPOST_VENVS/case.json,2775,09250381a263f91a58c8dcf980dc14b82282438e3adf55aecfda58c15725eb19,
v6h1-acceptance-3afc61b0-claude-20260930-attr/manifest.json,156221,81a8ec19d5abff6001d06e3258f67111702f16854c3e22c36e8e18f4a09491fd,
v6h1-acceptance-3afc61b0-claude-20260930-attr/cases.jsonl,61957,6f35f83b019f6b54e66213bdbc0644301cdb1d79b389c90a81e93ab3540d6586,6f35f83b019f6b54e66213bdbc0644301cdb1d79b389c90a81e93ab3540d6586
v6h1-acceptance-3afc61b0-claude-20260930-attr/plan.json,120005,2dc85334674380a90843315d2c3ce14e7f1270e066cd996981a12df80ed6f02e,2dc85334674380a90843315d2c3ce14e7f1270e066cd996981a12df80ed6f02e
v6h1-acceptance-3afc61b0-claude-20260930-attr/acceptance_receipts.json,49804,1bd366e597f20ba110a631de9d367b31f98788e63e94cc366c9bdd8432a9fde6,
v6h1-acceptance-3afc61b0-claude-20260930-attr/cases/chain_b-v6h1_teacher_S03_s911_pPOST_VENVS/commands.json,356489,0b699a18311d11a01c53a00f6fb2e5f2ff9fbff430536b612a36c947a529b542,0b699a18311d11a01c53a00f6fb2e5f2ff9fbff430536b612a36c947a529b542
v6h1-acceptance-3afc61b0-claude-20260930-attr/cases/chain_b-v6h1_teacher_S03_s911_pPOST_VENVS/result.json,200466,a78e26cb47153de018d8fe4a0e69f42bbc4989aab307f218cf1df1a58054fa23,
v6h1-acceptance-3afc61b0-claude-20260930-attr/cases/chain_b-v6h1_teacher_X03_s913_pPOST_VENVS/commands.json,363191,c28c5a2e56636ed02e498ff1ae70f189e50c0d63b900798ea6cccb683c7329f8,c28c5a2e56636ed02e498ff1ae70f189e50c0d63b900798ea6cccb683c7329f8
v6h1-acceptance-3afc61b0-claude-20260930-attr/cases/chain_b-v6h1_teacher_X03_s913_pPOST_VENVS/result.json,203055,5fead3e1bfa27be11588a903f1338a49d9382869ccebfded81a3c07683449eaf,
v6h1-acceptance-3afc61b0-claude-20260930-attr/cases/chain_b-v6h1_teacher_S07_s911_pPOST_VENVS/commands.json,363311,c0c5fcd8dfe2492f9d312ed7962b08456ec731516f42111aa20d4923648e2872,c0c5fcd8dfe2492f9d312ed7962b08456ec731516f42111aa20d4923648e2872
v6h1-acceptance-3afc61b0-claude-20260930-attr/cases/chain_b-v6h1_teacher_S07_s911_pPOST_VENVS/result.json,203033,ad1c7d10c3dab5b31d35fb0cf6d3fb7dedc2045cc04ce0f27ece4b92e6f992a5,
v6h1-acceptance-3afc61b0-claude-20260930-attr/cases/chain_b-v6h1_teacher_X01_s911_pPOST_VENVS/commands.json,363311,2d2f77a4d529f860a5dc2ac4c98e53ece4df2cee7d2c2c152430db6c7227730c,2d2f77a4d529f860a5dc2ac4c98e53ece4df2cee7d2c2c152430db6c7227730c
v6h1-acceptance-3afc61b0-claude-20260930-attr/cases/chain_b-v6h1_teacher_X01_s911_pPOST_VENVS/result.json,203008,ecbb90e0fd9e7cef8f511179c04a7740af9f4c0eca93c02613ab73ce1913017d,
v6h1-acceptance-3afc61b0-claude-20260930-attr/cases/chain_b-v6h1_teacher_hR2_04_s913_pPOST_VhR2/commands.json,363218,cfd6df9a6e7eba01eb23b907b0a9446f75d6088196cc2c21cf39432b181fff74,cfd6df9a6e7eba01eb23b907b0a9446f75d6088196cc2c21cf39432b181fff74
v6h1-acceptance-3afc61b0-claude-20260930-attr/cases/chain_b-v6h1_teacher_hR2_04_s913_pPOST_VhR2/result.json,203379,f889dd676770bb10f00138d39fc822068e50d98b1952c5e65b4fceffd08fe1da,
v6h1-acceptance-3afc61b0-claude-20260930-attr/cases/chain_b-v6h1_teacher_X00_F_hR2_04_s911_pPOST_VENVS/commands.json,363249,2ae150658b670333f7357e2af48ec51059a6ae897372f938b564979ab798f98f,2ae150658b670333f7357e2af48ec51059a6ae897372f938b564979ab798f98f
v6h1-acceptance-3afc61b0-claude-20260930-attr/cases/chain_b-v6h1_teacher_X00_F_hR2_04_s911_pPOST_VENVS/result.json,203199,bd8d1a7da37b62da92358b8242a067fe62eac263c52bd0ad45ddb7ffb4ef2511,
v6h1-acceptance-3afc61b0-claude-20260930-attr/cases/chain_b-v6h1-lag-off-sanity_teacher_X01_s911_pPOST_VENVS/commands.json,367780,f9d3bd1482ff99daa8a0e910522349cb1aa99bf161cc1c61d9686691173a0d0d,f9d3bd1482ff99daa8a0e910522349cb1aa99bf161cc1c61d9686691173a0d0d
v6h1-acceptance-3afc61b0-claude-20260930-attr/cases/chain_b-v6h1-lag-off-sanity_teacher_X01_s911_pPOST_VENVS/result.json,204783,f2aa32f831107884a3110a03999371a53348dc6a1e779aba94264b45528c48fa,
v6h1-acceptance-3afc61b0-claude-20260930-attr/cases/chain_b-v6h1_teacher_S03_s911_pPOST_VENVS/case.json,2746,90a959956da2610e9b0a8f436ede39ca94bdf9dfa4115320e28b71d23526ffe7,
v6h1-acceptance-3afc61b0-claude-20260930-attr/cases/chain_b-v6h1_teacher_X03_s913_pPOST_VENVS/case.json,2746,b681e685484ec7d419a653d409117fc1a5b914a0ad8ea7b799c3c986af17477e,
v6h1-acceptance-3afc61b0-claude-20260930-attr/cases/chain_b-v6h1_teacher_S07_s911_pPOST_VENVS/case.json,2747,abc7a01c49b7a599885385d50fa1b9371582386a55873983ade19eddfcef69e6,
v6h1-acceptance-3afc61b0-claude-20260930-attr/cases/chain_b-v6h1_teacher_X01_s911_pPOST_VENVS/case.json,2747,abbb5165999159c9ba962f28c0c138d0a033967af064125651346d4265928ce4,
v6h1-acceptance-3afc61b0-claude-20260930-attr/cases/chain_b-v6h1_teacher_hR2_04_s913_pPOST_VhR2/case.json,2904,a6c56a380d6b11798d31830e81baa298030e6f979316281ea73e0c27c5f1e976,
v6h1-acceptance-3afc61b0-claude-20260930-attr/cases/chain_b-v6h1_teacher_X00_F_hR2_04_s911_pPOST_VENVS/case.json,2775,09250381a263f91a58c8dcf980dc14b82282438e3adf55aecfda58c15725eb19,
v6h1-acceptance-3afc61b0-claude-20260930-attr/cases/chain_b-v6h1-lag-off-sanity_teacher_X01_s911_pPOST_VENVS/case.json,2762,0ae11773a5c53e152faaf0173c375e4932b4589566865e2f1aff05007cfade15,
v6h1-acceptance-3afc61b0-claude-20260930/manifest.json,156209,1b82f6d852cc7c595b3ea0129ec6d6f162143a3c6ffb30e4a0c202293b448779,
v6h1-acceptance-3afc61b0-claude-20260930/cases.jsonl,87620,5ff8a751b312748c7d74159854eb71b523a9d90f83889e735441f00923a16875,5ff8a751b312748c7d74159854eb71b523a9d90f83889e735441f00923a16875
v6h1-acceptance-3afc61b0-claude-20260930/plan.json,187707,8f170c0ed95287125b0af7f50de159cf65577590fdeb6c06b620a4d5ef45f701,8f170c0ed95287125b0af7f50de159cf65577590fdeb6c06b620a4d5ef45f701
v6h1-acceptance-3afc61b0-claude-20260930/acceptance_receipts.json,101053,ef2357e6fa3969cbadfb126901f9ca6c3e66f4ec24b27b77d04ce857c51ac9ef,
v6h1-acceptance-3afc61b0-claude-20260930/cases/chain_b-v6h1_teacher_S01_s911_pPOST_VENVS/commands.json,356786,70bcb8ce94ffb9396d79fb8412b1b6c99b75190985af01cd11741610d2655004,70bcb8ce94ffb9396d79fb8412b1b6c99b75190985af01cd11741610d2655004
v6h1-acceptance-3afc61b0-claude-20260930/cases/chain_b-v6h1_teacher_S01_s911_pPOST_VENVS/result.json,200508,e57e2b641d7f14d4f6a61260faf80e618e1cdde1fd6cdd40b0956eecdd818400,
v6h1-acceptance-3afc61b0-claude-20260930/cases/chain_b-v6h1_teacher_S03_s911_pPOST_VENVS/commands.json,173320,417f9975aa54950bcde7bdd3116e0e5635940faabf1fb8a107359d95f2c397a7,417f9975aa54950bcde7bdd3116e0e5635940faabf1fb8a107359d95f2c397a7
v6h1-acceptance-3afc61b0-claude-20260930/cases/chain_b-v6h1_teacher_S03_s911_pPOST_VENVS/result.json,74364,e05085709f3a17cb97bbc5dcc6f72c4f02b6a5453c0acf5664ec388bab2e29e8,
v6h1-acceptance-3afc61b0-claude-20260930/cases/chain_b-v6h1_teacher_S07_s911_pPOST_VENVS/commands.json,180186,558d599a49f0a0e75b6691345357d6f5fa0f346ef2d8f20338b9198618c78e83,558d599a49f0a0e75b6691345357d6f5fa0f346ef2d8f20338b9198618c78e83
v6h1-acceptance-3afc61b0-claude-20260930/cases/chain_b-v6h1_teacher_S07_s911_pPOST_VENVS/result.json,76842,214f4ab54408e92fbe7260f81a22ce808f12ecbcaa2785f79972d1e3dc3805a6,
v6h1-acceptance-3afc61b0-claude-20260930/cases/chain_b-v6h1_teacher_hR2_04_s913_pPOST_VhR2/commands.json,180152,f64e47c99b8fd76d2012dc3716b5b930739d670d21825aa774f695626f267998,f64e47c99b8fd76d2012dc3716b5b930739d670d21825aa774f695626f267998
v6h1-acceptance-3afc61b0-claude-20260930/cases/chain_b-v6h1_teacher_hR2_04_s913_pPOST_VhR2/result.json,77229,97c1172a9838e70fb94b48e69084ecd1b086e9fa9fd521bf01722cf7abb4d821,
v6h1-acceptance-3afc61b0-claude-20260930/cases/chain_b-v6h1_teacher_S02_s911_pPOST_VENVS/commands.json,356725,071532a4e2c59be92fc827815b6ba2f3c138f83ea657368e7dda65e75c331279,071532a4e2c59be92fc827815b6ba2f3c138f83ea657368e7dda65e75c331279
v6h1-acceptance-3afc61b0-claude-20260930/cases/chain_b-v6h1_teacher_S02_s911_pPOST_VENVS/result.json,200567,8a53a6d086a21a67d657ac9c2e001b79c6faafb81d7e489b1c9e107422cbd35e,
v6h1-acceptance-3afc61b0-claude-20260930/cases/chain_b-v6h1_teacher_hR2_01_s911_pPOST_VhR2/commands.json,356988,5f9da3641faf4a83d3817fc772985aedaba59db13f7ca25a3f1a18e61467d76b,5f9da3641faf4a83d3817fc772985aedaba59db13f7ca25a3f1a18e61467d76b
v6h1-acceptance-3afc61b0-claude-20260930/cases/chain_b-v6h1_teacher_hR2_01_s911_pPOST_VhR2/result.json,200828,9a98aa424448ecb67b4280cc2e1c45ead185bf146a64f832caad67b9c560e48f,
v6h1-acceptance-3afc61b0-claude-20260930/cases/chain_b-v6h1_teacher_X01_s911_pPOST_VENVS/commands.json,180186,97ee81b47d48f62fc2d441083b12ec922c77d3ef225c722430302b0d86d11900,97ee81b47d48f62fc2d441083b12ec922c77d3ef225c722430302b0d86d11900
v6h1-acceptance-3afc61b0-claude-20260930/cases/chain_b-v6h1_teacher_X01_s911_pPOST_VENVS/result.json,76893,410c984dff063583b17f09e8a4e492e38e330c268900970e694082f17059b177,
v6h1-acceptance-3afc61b0-claude-20260930/cases/chain_b-v6h1_teacher_X06_s911_pPOST_VENVS/commands.json,356607,d1ef368a7de5a6f85a187b710c7a0cf8422f3317290acf2c86422adacbb6a14a,d1ef368a7de5a6f85a187b710c7a0cf8422f3317290acf2c86422adacbb6a14a
v6h1-acceptance-3afc61b0-claude-20260930/cases/chain_b-v6h1_teacher_X06_s911_pPOST_VENVS/result.json,200587,71350b10b27959de222f9ba5fbd171d0e664ba6e4ae79697f1edaff33625449d,
v6h1-acceptance-3afc61b0-claude-20260930/cases/chain_b-v6h1_teacher_X03_s913_pPOST_VENVS/commands.json,180066,3702e43b0811c30c1a963febfea6b26bba2671be7e6c13aa2531695753d440d5,3702e43b0811c30c1a963febfea6b26bba2671be7e6c13aa2531695753d440d5
v6h1-acceptance-3afc61b0-claude-20260930/cases/chain_b-v6h1_teacher_X03_s913_pPOST_VENVS/result.json,76906,ebd8768423bf109b80052974aa091a55e2b157a7a1bff51f008e558e74efdd15,
v6h1-acceptance-3afc61b0-claude-20260930/cases/chain_b-v6h1_teacher_X00_F_hR2_04_s911_pPOST_VENVS/commands.json,180006,2a2a3f44bd2d2c7c0d968fe9e5563b9295e55df4ee1ed7394645c681d5c536d4,2a2a3f44bd2d2c7c0d968fe9e5563b9295e55df4ee1ed7394645c681d5c536d4
v6h1-acceptance-3afc61b0-claude-20260930/cases/chain_b-v6h1_teacher_X00_F_hR2_04_s911_pPOST_VENVS/result.json,76988,90ee80c66b5789fbf73469d37109bffefa78f1e32dfb5a508f1736c23f351115,
v6h1-acceptance-3afc61b0-claude-20260930/cases/chain_b-v6h1-lag-off-sanity_teacher_X01_s911_pPOST_VENVS/commands.json,181929,bb078374a69b8208c7d567c6ad59b1d17157b10352d184dafc47ec163cd2bf5a,bb078374a69b8208c7d567c6ad59b1d17157b10352d184dafc47ec163cd2bf5a
v6h1-acceptance-3afc61b0-claude-20260930/cases/chain_b-v6h1-lag-off-sanity_teacher_X01_s911_pPOST_VENVS/result.json,77373,0d650b721a39343a60e684ddd6c523a4a0245f424f6787510d43d9297a5f7052,
v6h1-acceptance-3afc61b0-claude-20260930/cases/chain_b-v6h1_teacher_S01_s911_pPOST_VENVS/case.json,2745,2d9233684545f9cdc94d2d533d262b9b47e8f8af9062d2c8328088c1abfbae3d,
v6h1-acceptance-3afc61b0-claude-20260930/cases/chain_b-v6h1_teacher_S03_s911_pPOST_VENVS/case.json,2746,90a959956da2610e9b0a8f436ede39ca94bdf9dfa4115320e28b71d23526ffe7,
v6h1-acceptance-3afc61b0-claude-20260930/cases/chain_b-v6h1_teacher_S07_s911_pPOST_VENVS/case.json,2747,abc7a01c49b7a599885385d50fa1b9371582386a55873983ade19eddfcef69e6,
v6h1-acceptance-3afc61b0-claude-20260930/cases/chain_b-v6h1_teacher_hR2_04_s913_pPOST_VhR2/case.json,2904,a6c56a380d6b11798d31830e81baa298030e6f979316281ea73e0c27c5f1e976,
v6h1-acceptance-3afc61b0-claude-20260930/cases/chain_b-v6h1_teacher_S02_s911_pPOST_VENVS/case.json,2750,1f8000b592feefc658f2f9cc09934100927f517d3d21a8bca7979004616944a7,
v6h1-acceptance-3afc61b0-claude-20260930/cases/chain_b-v6h1_teacher_hR2_01_s911_pPOST_VhR2/case.json,2902,da8dd7e1bf9d380ca929c5b919530af507b8427d63643113a330f8dfb27db601,
v6h1-acceptance-3afc61b0-claude-20260930/cases/chain_b-v6h1_teacher_X01_s911_pPOST_VENVS/case.json,2747,abbb5165999159c9ba962f28c0c138d0a033967af064125651346d4265928ce4,
v6h1-acceptance-3afc61b0-claude-20260930/cases/chain_b-v6h1_teacher_X06_s911_pPOST_VENVS/case.json,2753,27df4af6c9e31251051e30bb21c29bf064e7c48b92c1b7202bfeac6e811ff1b3,
v6h1-acceptance-3afc61b0-claude-20260930/cases/chain_b-v6h1_teacher_X03_s913_pPOST_VENVS/case.json,2746,b681e685484ec7d419a653d409117fc1a5b914a0ad8ea7b799c3c986af17477e,
v6h1-acceptance-3afc61b0-claude-20260930/cases/chain_b-v6h1_teacher_X00_F_hR2_04_s911_pPOST_VENVS/case.json,2775,09250381a263f91a58c8dcf980dc14b82282438e3adf55aecfda58c15725eb19,
v6h1-acceptance-3afc61b0-claude-20260930/cases/chain_b-v6h1-lag-off-sanity_teacher_X01_s911_pPOST_VENVS/case.json,2762,0ae11773a5c53e152faaf0173c375e4932b4589566865e2f1aff05007cfade15,
b-v6h-gain-axial-derived/tX1-12done/manifest.json,168480,3983e55b34bcbcff7c5d608316b66680283c70e0f1d4f4febceb819f1f9dec5e,
b-v6h-gain-axial-derived/tX1-12done/cases.jsonl,106169,ec2460a1684f05175837e21479d718f4880c0f6fe48482205d100d4f859d6605,ec2460a1684f0517
render-profile-ab-20260929/s0-none/manifest.json,164431,ff5cbc846d15b1c9585e82ffe6fdc32e90fd52207f14e2f6c029db5e20185a62,
render-profile-ab-20260929/s0-none/cases.jsonl,1994,b79760cc25649978edd4d5230abd6e3b6389ce876c31b961b2fbda89cd4ea87f,
render-profile-ab-20260929/s0-none/artifacts.sha256.json,7525,773b2fb56f6b75afa57de27f01493a850a81de9d3fd5adea9bf399d16afada9b,
render-profile-ab-20260929/s0-none/plan.json,2156,d096b3001d423044c18d7e6cc3743ba88728a6b93392e30c0bff859baa3720e3,
render-profile-ab-20260929/s0-shadows/manifest.json,164817,7edb11d2c233d17293dab04b79347589494db34201de843d08ca9f110f7b5ac4,
render-profile-ab-20260929/s0-shadows/cases.jsonl,2030,436f43ee969ae2b488405454f6865c3c60ef6c0378766fbc3533d028d1391549,
render-profile-ab-20260929/s0-shadows/artifacts.sha256.json,7525,16e24482afbf920ed4d28d64b720bc3b39beffae50b5ff53bf7d93eb9f7680eb,
render-profile-ab-20260929/s0-shadows/plan.json,2194,34d2a230d74d14d4052a299dc25c883702d029deb53c41f0f0878ed3c5e2c1fd,
render-profile-ab-20260929/s0e-none/manifest.json,164416,6e22ea4ad6ea08811daf8d9fea1b82841a84dac128ed1fce385685aa7c768ed1,
render-profile-ab-20260929/s0e-none/cases.jsonl,3403,2911404957683be657bbcd193da01baeb6c3c4c5a9daaba60cb70d1f447a2166,
render-profile-ab-20260929/s0e-none/artifacts.sha256.json,166346,a8e24d444101ba14c80c3e52b6ca02aed0633cd8a86e695d2f1d486afe6669e2,
render-profile-ab-20260929/s0e-none/plan.json,2456,a91b0d146cdc77d206329308f9c2a65ac1b0846438b1cbb540df707f97d0a655,
render-profile-ab-20260929/s0e-shadows/manifest.json,164813,027d10c5d623a0b47931f75c1c5b3b4fd1fb7c629803278f9f1aca4f627a275f,
render-profile-ab-20260929/s0e-shadows/cases.jsonl,3441,9e2ad3bab3219e86604e379b625d8c583a15cd4a9ffdb6b54cea7658304ea978,
render-profile-ab-20260929/s0e-shadows/artifacts.sha256.json,166346,409b3b141ab7cd24901bd16db693ab144c499c5f0ecb94f50a7b4fef69389265,
render-profile-ab-20260929/s0e-shadows/plan.json,2494,cdf27972613e5509c33d80a8287c8090c0bc58e3fee91f48d3e133cb126598aa,
render-profile-ab-20260929/smoke-noshadow-e/manifest.json,165073,9f467e4d2caaf13ba738ecee7c03584a1389764121791f927e423db12fe0f225,
render-profile-ab-20260929/smoke-noshadow-e/cases.jsonl,3444,67267fbe7bbba13b600756126da18a2981c2ff3731d9486f08913ca6244b6229,
render-profile-ab-20260929/smoke-noshadow-e/artifacts.sha256.json,166346,cea5213e3bfe9973f59a7d136925ee80318f126295996e8a90d3ea05f1ddf276,
render-profile-ab-20260929/smoke-noshadow-e/plan.json,2495,dc4659b357058059b66886cef1cd85edea1fabec826155537880bb3934dc8bbc,
render-profile-ab-20260929/smoke-noshadow/manifest.json,165081,35dd9df2c75c23c7fe806898f1c3cd0fcd93aef87e5c6d1efc28535070e05174,
render-profile-ab-20260929/smoke-noshadow/cases.jsonl,2037,23b6701b6610b4315e77c53055a0fb6614cef3410568eab7efbfea99a37fa27c,
render-profile-ab-20260929/smoke-noshadow/artifacts.sha256.json,7525,1604ac01f2b27cef359ad1f7ff00d7315ace13251f57fdc24661452a4e574548,
render-profile-ab-20260929/smoke-noshadow/plan.json,2195,c356a68df409fda44e22d708510fd4317c27db6d1f0ffaf84ba703d1b5e1f17d,
render-profile-ab-20260929/st1-noshadow-align-grasp/manifest.json,165298,68d5db7473d4cf0a70740fcfe1844cc4643a7513c298bc476dd2eb8c53a09e0d,
render-profile-ab-20260929/st1-noshadow-align-grasp/cases.jsonl,19353,a81c026e152e0b5b80b174981aa8bb7234a237490531eb5370a69b0142d2662e,
render-profile-ab-20260929/st1-noshadow-align-grasp/artifacts.sha256.json,614862,ad865bf0c507c7956dedba3b195ab722068c2a4504a19cb875c42f7a50496db0,
render-profile-ab-20260929/st1-noshadow-align-grasp/plan.json,14195,323e7f77945ab409c878f736e684eaa62b5bec26606af2986b5ffcb0cdce5e2b,
render-profile-ab-20260929/st1-noshadow-carry-L0/manifest.json,165171,967e0ff46d17879f91ce20927d7f8af48804ae6a36629eeea36cedf5eff2b39b,
render-profile-ab-20260929/st1-noshadow-carry-L0/cases.jsonl,8178,6bba491401e87bbd33fac10b46e0df57c101a0570ce5dbeac2d5f62cc2d2d4ea,
render-profile-ab-20260929/st1-noshadow-carry-L0/artifacts.sha256.json,92338,b5dbaec4b5fa9f765ad21f451b9826b1e22c5518105dfa807baa980bfb33ad9b,
render-profile-ab-20260929/st1-noshadow-carry-L0/plan.json,8942,e3f09c74a60935a4a0e55a38709309730d668ed14d13c425e12f207e7a4e86dc,
render-profile-ab-20260929/st1-noshadow-carry-L0/cases/carry_b-v6d_teacher_nominal_s911_pE2E/case.json,2551,1bdcd04fdd608087716bfb6f253b2693527264d1ff94cf0ef1000ef2f4369341,1bdcd04fdd608087716bfb6f253b2693527264d1ff94cf0ef1000ef2f4369341
render-profile-ab-20260929/st1-noshadow-carry-L0/cases/carry_b-v6d_teacher_nominal_s911_pE2E/result.json,28632,7806f4ae986245f882a56a0306ab3a53b4e64d01f2d741a4ca9abb226903c7ce,7806f4ae986245f882a56a0306ab3a53b4e64d01f2d741a4ca9abb226903c7ce
render-profile-ab-20260929/st1-noshadow-carry-L0/cases/carry_b-v6d_teacher_nominal_s912_pE2E/case.json,2551,6a80c893597eea2ad65d684cac7e9a9b6de4d3a924e44252de9eafa9a0aa1482,6a80c893597eea2ad65d684cac7e9a9b6de4d3a924e44252de9eafa9a0aa1482
render-profile-ab-20260929/st1-noshadow-carry-L0/cases/carry_b-v6d_teacher_nominal_s912_pE2E/result.json,29123,c180503b2ff7c960fad21b352caa398f5a8c5d7c2601f8c86e4d8e17358d5ad6,c180503b2ff7c960fad21b352caa398f5a8c5d7c2601f8c86e4d8e17358d5ad6
render-profile-ab-20260929/st1-noshadow-carry-L0/cases/carry_b-v6d_teacher_nominal_s913_pE2E/case.json,2551,1f7466b3b1f22dea48d4fbf1a9526eb8d554579903464b6918bc6415a57601fd,1f7466b3b1f22dea48d4fbf1a9526eb8d554579903464b6918bc6415a57601fd
render-profile-ab-20260929/st1-noshadow-carry-L0/cases/carry_b-v6d_teacher_nominal_s913_pE2E/result.json,29135,0a17c1f763d3d63eee022c802758331711638d84b7a6fe21d36f097196953b1c,0a17c1f763d3d63eee022c802758331711638d84b7a6fe21d36f097196953b1c
render-profile-ab-20260929/st1-noshadow-setdown-Lend/manifest.json,165038,04da713b1d62fa6942ecceeab59b0294942891a85496a7df58c289a15500f9fb,
render-profile-ab-20260929/st1-noshadow-setdown-Lend/cases.jsonl,7462,7ca40da3bc97b0688273a1a7df403e2ec1a8cc2ad6947ed16c224aa17e4107c5,
render-profile-ab-20260929/st1-noshadow-setdown-Lend/artifacts.sha256.json,52261,16661b76f464a701e42572109ea844bdb246d0b29a3ddf218d8d0e1e45f56228,
render-profile-ab-20260929/st1-noshadow-setdown-Lend/plan.json,9770,20f36361be74781fd32335ee483a43ae1b98b9d9ddbec29ae0dc87b06ee66da0,
render-profile-ab-20260929/st1-shadows-align-grasp/manifest.json,165036,10b55715f5650899d2bc1d7656925409f1c5163f710ced147d673e174272a13d,
render-profile-ab-20260929/st1-shadows-align-grasp/cases.jsonl,19353,506a3334f7c37c5d8f443445d4d7e6aaf257ad94954e0b520947c11d4d79bcdc,
render-profile-ab-20260929/st1-shadows-align-grasp/artifacts.sha256.json,614862,b74100a1500bac2416dc1f3c2a4500ee5dbf5734eebb42442a8d23112768412d,
render-profile-ab-20260929/st1-shadows-align-grasp/plan.json,14189,9123db2c3d24a3bbbff24320fb89b70ffecbd0ff63d3363e51f34b643719ef24,
render-profile-ab-20260929/st1-shadows-carry-L0/manifest.json,164908,492923eaf02a411dcd226d3489fff02889b2d7d989e5307b9b0638d67024b455,
render-profile-ab-20260929/st1-shadows-carry-L0/cases.jsonl,8163,dd944b245ed16c2e8fb7c1953a44d788291f3be431f6d94ec1f4ddb365bcf817,
render-profile-ab-20260929/st1-shadows-carry-L0/artifacts.sha256.json,90568,19c6ca50fba9c0ebe57c3a3ae43b115ad4f9b3f2217f9c16a7230a78009f6970,
render-profile-ab-20260929/st1-shadows-carry-L0/plan.json,8939,0e7d2c614de239375a4bc84a798bfe9e5c6b88408ed67c6231fcdf7e53d73458,
render-profile-ab-20260929/st1-shadows-carry-L0/cases/carry_b-v6d_teacher_nominal_s911_pE2E/case.json,2550,90c569f40b05baad316a3e91c08d7df3e51d7c5d2e5e23b517204634080f4229,90c569f40b05baad316a3e91c08d7df3e51d7c5d2e5e23b517204634080f4229
render-profile-ab-20260929/st1-shadows-carry-L0/cases/carry_b-v6d_teacher_nominal_s911_pE2E/result.json,28396,4d1ec9259c5d26e2dc864723773c67af9001554c7f27613207d7d55d331425ac,4d1ec9259c5d26e2dc864723773c67af9001554c7f27613207d7d55d331425ac
render-profile-ab-20260929/st1-shadows-carry-L0/cases/carry_b-v6d_teacher_nominal_s912_pE2E/case.json,2550,e18ddfb8233ec20072258adb52df76ec608cc46293dd767ce851c549a07ab3d5,e18ddfb8233ec20072258adb52df76ec608cc46293dd767ce851c549a07ab3d5
render-profile-ab-20260929/st1-shadows-carry-L0/cases/carry_b-v6d_teacher_nominal_s912_pE2E/result.json,28893,388727ab088e84b5fe7ea3000e4ce10297197c822f6fd5f9eb2d0ff815ac6095,388727ab088e84b5fe7ea3000e4ce10297197c822f6fd5f9eb2d0ff815ac6095
render-profile-ab-20260929/st1-shadows-carry-L0/cases/carry_b-v6d_teacher_nominal_s913_pE2E/case.json,2550,b4d94bf4aa3707f004e97729e6ba0af28b75010427b25e00a909d473eddb116e,b4d94bf4aa3707f004e97729e6ba0af28b75010427b25e00a909d473eddb116e
render-profile-ab-20260929/st1-shadows-carry-L0/cases/carry_b-v6d_teacher_nominal_s913_pE2E/result.json,28898,c57dbe4ae8b681ed65d2dbb580246fb34599c756f5dbae05dfec31d989f919c2,c57dbe4ae8b681ed65d2dbb580246fb34599c756f5dbae05dfec31d989f919c2
render-profile-ab-20260929/st1-shadows-setdown-Lend/manifest.json,164773,74e46b63d41ef5eae8b393eb0933d5b6b297b9918f4f9170cf22d9898fcc2bf0,
render-profile-ab-20260929/st1-shadows-setdown-Lend/cases.jsonl,6961,29b32b8a84f4b4a554d01cd971fdb6d84bf677dc5a6a4ba2480c232b5d0c18c9,
render-profile-ab-20260929/st1-shadows-setdown-Lend/artifacts.sha256.json,541180,389b669b42819372c0327a8d5c7b81566ddd9b6397317c39f6b4c2ba09100254,
render-profile-ab-20260929/st1-shadows-setdown-Lend/plan.json,9767,465064f6ba485f67ddbeb1e5703338e370f14c118bb1d0c4e11267566eaf3f9e,
render-profile-ab-20260929/st2-N1-align-grasp/manifest.json,165292,1d202263135ed3d65986dff5fb9acf3559432cd65950c0e9576c718d3efb52cc,
render-profile-ab-20260929/st2-N1-align-grasp/cases.jsonl,6448,ca72f041c8297ed796d1080142996d4007ecd71fc84d84f89c352e2624937c3b,
render-profile-ab-20260929/st2-N1-align-grasp/artifacts.sha256.json,205288,7c414959163403323c8e3be1c5497fafc632d40e85f9d93d1f2965f38058b697,
render-profile-ab-20260929/st2-N1-align-grasp/plan.json,4811,2cb5c51d2e445f25bbf3ea066d1381a9fa36f4095f23061b92a170390c83e1c8,
render-profile-ab-20260929/st2-N1-carry-L0/manifest.json,165171,57ac07dd3775dd1fabd971c9377aaf9d7ffb9272ac567f4fb09ca0f5cdba7d16,
render-profile-ab-20260929/st2-N1-carry-L0/cases.jsonl,2731,cf93d50cd8317150782ef218e655bacdc57464059dcc4220ca13bd1af0adc38d,
render-profile-ab-20260929/st2-N1-carry-L0/artifacts.sha256.json,29875,dcae66dd0b425c927accf67d0cee9a720aacff3015461e0f3c3fde20b28f2a10,
render-profile-ab-20260929/st2-N1-carry-L0/plan.json,3060,5ad3716213b6d6e92b3bbfdeae003106cbf0a8927c1010841ecc736a3df7f5bb,
render-profile-ab-20260929/st2-N1-carry-L0/cases/carry_b-v6d_teacher_nominal_s911_pE2E/case.json,2551,1bdcd04fdd608087716bfb6f253b2693527264d1ff94cf0ef1000ef2f4369341,1bdcd04fdd608087716bfb6f253b2693527264d1ff94cf0ef1000ef2f4369341
render-profile-ab-20260929/st2-N1-carry-L0/cases/carry_b-v6d_teacher_nominal_s911_pE2E/result.json,28639,478e60375f2719a4efa4b25365713f4670dbd9aab729d5c414045723d2818269,478e60375f2719a4efa4b25365713f4670dbd9aab729d5c414045723d2818269
render-profile-ab-20260929/st2-N1-setdown-Lend/manifest.json,165038,da70804a34975cde4ce6080392915b3ca44a2125e931ea55f5bcaf187693eba3,
render-profile-ab-20260929/st2-N1-setdown-Lend/cases.jsonl,2484,cc4324af14724966b33352dc2323db6442a54adc16aa02287776377ba894a195,
render-profile-ab-20260929/st2-N1-setdown-Lend/artifacts.sha256.json,17755,9b2515e3e4b58f3b69b3a14840c9d8aee6e160938738fa9535edcc3e4a8e1179,
render-profile-ab-20260929/st2-N1-setdown-Lend/plan.json,3336,239ddeaa2d677718703ddd35fafe288c81e126483e326c8a28f0cc1e28f3a57e,
render-profile-ab-20260929/st2-N2-align-grasp/manifest.json,165301,da4c653eb3aaa8b37b9258dc9e473309058a3ad414ab0457f7a53cc25ab84f53,
render-profile-ab-20260929/st2-N2-align-grasp/cases.jsonl,6457,de0ad880efe201442a3cf047f9d06e3974f194d7a9f8def5fc8e74d8dd263940,
render-profile-ab-20260929/st2-N2-align-grasp/artifacts.sha256.json,205288,ca99d5a6ab6a72bfe4c4bd6510a6137995b0b9c80215ecdea4f63f417b3dbb08,
render-profile-ab-20260929/st2-N2-align-grasp/plan.json,4811,2cb5c51d2e445f25bbf3ea066d1381a9fa36f4095f23061b92a170390c83e1c8,
render-profile-ab-20260929/st2-N2-carry-L0/manifest.json,165172,84595897893a9948e73c9754c3be98653c55b32217f4d4c125899470f264a063,
render-profile-ab-20260929/st2-N2-carry-L0/cases.jsonl,2728,7af9da1ddf3af0ce971c2e135abab80fba85402311239138695b00d1699ec8d1,
render-profile-ab-20260929/st2-N2-carry-L0/artifacts.sha256.json,29875,a0e29dd9c4a0b91314bcd2a9c6d185eca35356c240c2f9dae501a5a825972bf2,
render-profile-ab-20260929/st2-N2-carry-L0/plan.json,3060,5ad3716213b6d6e92b3bbfdeae003106cbf0a8927c1010841ecc736a3df7f5bb,
render-profile-ab-20260929/st2-N2-carry-L0/cases/carry_b-v6d_teacher_nominal_s911_pE2E/case.json,2551,1bdcd04fdd608087716bfb6f253b2693527264d1ff94cf0ef1000ef2f4369341,1bdcd04fdd608087716bfb6f253b2693527264d1ff94cf0ef1000ef2f4369341
render-profile-ab-20260929/st2-N2-carry-L0/cases/carry_b-v6d_teacher_nominal_s911_pE2E/result.json,28633,546be8a6e6fff78e9cdec85e50dbcaac73fc67707e40277d1aacac111eccbb5c,546be8a6e6fff78e9cdec85e50dbcaac73fc67707e40277d1aacac111eccbb5c
render-profile-ab-20260929/st2-N2-setdown-Lend/manifest.json,165038,284f14d050bbb24a6feffa241779002ebf7b61104fc96b8843e40016562e3a74,
render-profile-ab-20260929/st2-N2-setdown-Lend/cases.jsonl,2489,b39ee8c934dc5ffb74ad12be7a0a3e09c45660d0ab8f5b8f3e7427343db4ab33,
render-profile-ab-20260929/st2-N2-setdown-Lend/artifacts.sha256.json,17755,8c8dbfd4e09418d46f3acf680e8b7467e6b51c08cd01a320dc8d53c199640e47,
render-profile-ab-20260929/st2-N2-setdown-Lend/plan.json,3336,239ddeaa2d677718703ddd35fafe288c81e126483e326c8a28f0cc1e28f3a57e,
render-profile-ab-20260929/st2-N3-align-grasp/manifest.json,165298,76b1db5c9bc8d158bbf413d41afdf29518304c761458b2dc55fc6dfbd73f7ed1,
render-profile-ab-20260929/st2-N3-align-grasp/cases.jsonl,6446,c675da7e7475d283bdb6d2dfc4c3c655f197e0e042f78cc0a321a322373518ea,
render-profile-ab-20260929/st2-N3-align-grasp/artifacts.sha256.json,205288,bc8be786574806bb0e069c7aa6351fe213f9984ff1c64ef956d976576d17349c,
render-profile-ab-20260929/st2-N3-align-grasp/plan.json,4811,2cb5c51d2e445f25bbf3ea066d1381a9fa36f4095f23061b92a170390c83e1c8,
render-profile-ab-20260929/st2-N3-carry-L0/manifest.json,165169,5d6b8e05af2c11312a72fbf25c6e1eec952d99c4d799149855de7aa1ba49b880,
render-profile-ab-20260929/st2-N3-carry-L0/cases.jsonl,2721,9e4cfaeee0d8f1e52b4da3f0c8f435e45378e45dffd7c958f52678f06e17bbe6,
render-profile-ab-20260929/st2-N3-carry-L0/artifacts.sha256.json,29875,4f60cc8637fde416cbd2f8e5384ff19d46b298ecfc34984b69e031b4371e4eb2,
render-profile-ab-20260929/st2-N3-carry-L0/plan.json,3060,5ad3716213b6d6e92b3bbfdeae003106cbf0a8927c1010841ecc736a3df7f5bb,
render-profile-ab-20260929/st2-N3-carry-L0/cases/carry_b-v6d_teacher_nominal_s911_pE2E/case.json,2551,1bdcd04fdd608087716bfb6f253b2693527264d1ff94cf0ef1000ef2f4369341,1bdcd04fdd608087716bfb6f253b2693527264d1ff94cf0ef1000ef2f4369341
render-profile-ab-20260929/st2-N3-carry-L0/cases/carry_b-v6d_teacher_nominal_s911_pE2E/result.json,28620,9375efa6d44266a1117ac1b1b4d23a13d57d582db8fc611c1991105f8c621e88,9375efa6d44266a1117ac1b1b4d23a13d57d582db8fc611c1991105f8c621e88
render-profile-ab-20260929/st2-S1-align-grasp/manifest.json,165039,d39c439865bd35239e8457acedb9894190cf6c7b0a3b25ca2a62f73941adad51,
render-profile-ab-20260929/st2-S1-align-grasp/cases.jsonl,6453,7dba040cd68f288bdb1f4f6e0cbadfbe3b5f5f52583ae91ecfaaea88392f5183,
render-profile-ab-20260929/st2-S1-align-grasp/artifacts.sha256.json,205288,f50a4a616b917fac729f0793f9d10acb5395a9ab84a07387ad76126ad1b31f62,
render-profile-ab-20260929/st2-S1-align-grasp/plan.json,4809,262684e33079c8123e9fd64edadda1626b9420b3d577e2924bad3fb91be11a03,
render-profile-ab-20260929/st2-S1-carry-L0/manifest.json,164909,d26c155dad1f466960b9ddbe493c04e182c91a552489de6069041e275d5cfddb,
render-profile-ab-20260929/st2-S1-carry-L0/cases.jsonl,2722,a779acb5f25a9e0dbfd1d71fba4308b35ff0ee0a14f6b04aa43b3084511c865a,
render-profile-ab-20260929/st2-S1-carry-L0/artifacts.sha256.json,28636,4de42ccfbeabe4d992e9e6cfd234c80b74b117f5e95a0088ff38adf750ae1c4b,
render-profile-ab-20260929/st2-S1-carry-L0/plan.json,3059,2bdc8b0f3486796bf970cfdf12209e434139ee307441b891507015bf1e637172,
render-profile-ab-20260929/st2-S1-carry-L0/cases/carry_b-v6d_teacher_nominal_s911_pE2E/case.json,2550,90c569f40b05baad316a3e91c08d7df3e51d7c5d2e5e23b517204634080f4229,90c569f40b05baad316a3e91c08d7df3e51d7c5d2e5e23b517204634080f4229
render-profile-ab-20260929/st2-S1-carry-L0/cases/carry_b-v6d_teacher_nominal_s911_pE2E/result.json,28398,06200a5b68bc7e95deefd42ac899bd9c701ed99635cd39e81fe050a7879a567f,06200a5b68bc7e95deefd42ac899bd9c701ed99635cd39e81fe050a7879a567f
render-profile-ab-20260929/st2-S1-setdown-Lend/manifest.json,164773,8c0828da0b2eb4d1cc1a45cd07e3f967cb864b45de620a5f01193a9ea0c2a7a7,
render-profile-ab-20260929/st2-S1-setdown-Lend/cases.jsonl,2320,2e9a2672fd276eb4c2b55abb19778b9468c6b7a0701cdc88fa0921bc5a88cb52,
render-profile-ab-20260929/st2-S1-setdown-Lend/artifacts.sha256.json,180728,6a317e2962a391e80e0b00bc37463008e66ece7a87989b6823f93c794128194e,
render-profile-ab-20260929/st2-S1-setdown-Lend/plan.json,3335,0fb83c05837ca14bd7348abebaca00f1ace006a57feb70109a2e3260d02afe12,
render-profile-ab-20260929/st2-S2-align-grasp/manifest.json,165040,8ca6678c4fd30ac7cefc258d031c2d8a365f99f59d706a1de5cdb48b748ce03c,
render-profile-ab-20260929/st2-S2-align-grasp/cases.jsonl,6455,28d8b5a0c4002d96d3d6e44c5521d70643a87639ff7fc709b6de4e254ed699a0,
render-profile-ab-20260929/st2-S2-align-grasp/artifacts.sha256.json,205288,ef35555158c25b73dc80e93f9a45dc4749b6aea54dc77704c37e610c36f5cc25,
render-profile-ab-20260929/st2-S2-align-grasp/plan.json,4809,262684e33079c8123e9fd64edadda1626b9420b3d577e2924bad3fb91be11a03,
render-profile-ab-20260929/st2-S2-carry-L0/manifest.json,164910,78628c08a23d3ab3101be489a24f108e83fb943e79349494232669cab0ac061d,
render-profile-ab-20260929/st2-S2-carry-L0/cases.jsonl,2723,e972bb2c23b8c2bd40c6db30f4a84a6bde041ebf93b0fb1e9cd5b1f5a84e2692,
render-profile-ab-20260929/st2-S2-carry-L0/artifacts.sha256.json,28636,1d03d2c96bec5220676bbd979d1a9f4ea3ddea07bb4a3e8444ea4c570f897798,
render-profile-ab-20260929/st2-S2-carry-L0/plan.json,3059,2bdc8b0f3486796bf970cfdf12209e434139ee307441b891507015bf1e637172,
render-profile-ab-20260929/st2-S2-carry-L0/cases/carry_b-v6d_teacher_nominal_s911_pE2E/case.json,2550,90c569f40b05baad316a3e91c08d7df3e51d7c5d2e5e23b517204634080f4229,90c569f40b05baad316a3e91c08d7df3e51d7c5d2e5e23b517204634080f4229
render-profile-ab-20260929/st2-S2-carry-L0/cases/carry_b-v6d_teacher_nominal_s911_pE2E/result.json,28400,3a91f9f29f1f41492857b992303f6dd8f0c2e817154d3c52efdc32d4e67fb573,3a91f9f29f1f41492857b992303f6dd8f0c2e817154d3c52efdc32d4e67fb573
render-profile-ab-20260929/st2-S2-setdown-Lend/manifest.json,164776,1f3a8941c110fc9228a89d1c3c87881480b7424337f4e11e6fb7c1f23a8b6a82,
render-profile-ab-20260929/st2-S2-setdown-Lend/cases.jsonl,2323,7592d3fcf05327e8f25fd3745f8982721b8403a5b655ac7870a50c53ba87e0b2,
render-profile-ab-20260929/st2-S2-setdown-Lend/artifacts.sha256.json,180728,87f96201ad6543614ac0591075e562e2a7751b70c4bbe1c858aac84899e2983f,
render-profile-ab-20260929/st2-S2-setdown-Lend/plan.json,3335,0fb83c05837ca14bd7348abebaca00f1ace006a57feb70109a2e3260d02afe12,
render-profile-ab-20260929/st2-S3-align-grasp/manifest.json,165041,26a1d9f709d2c17c2832f0bb9675736eb2322b41ff9581d91ddb4bf285f0934e,
render-profile-ab-20260929/st2-S3-align-grasp/cases.jsonl,6453,a7dece7292cb6eb80613d689b57d9519341c33853e92eb1cb1ecf3c22ce1e412,
render-profile-ab-20260929/st2-S3-align-grasp/artifacts.sha256.json,205288,d1465d07b5659cc5dac5208ea35f6928dafff177ae3ac08e506d0c2a61d35c47,
render-profile-ab-20260929/st2-S3-align-grasp/plan.json,4809,262684e33079c8123e9fd64edadda1626b9420b3d577e2924bad3fb91be11a03,
render-profile-ab-20260929/st2-S3-carry-L0/manifest.json,164915,640bf0d53b79949fb1845611eed708601203b46801881e2e7962645e67e241e8,
render-profile-ab-20260929/st2-S3-carry-L0/cases.jsonl,2724,a9960c07b4b60f4aa3fb53bddea90fae7cfc9995e43f3ff6e9fbe8a1100fcef5,
render-profile-ab-20260929/st2-S3-carry-L0/artifacts.sha256.json,28636,95cac8ed0b44a64490189fe19458ae8a82a449f52e86421467f02aac1506327a,
render-profile-ab-20260929/st2-S3-carry-L0/plan.json,3059,2bdc8b0f3486796bf970cfdf12209e434139ee307441b891507015bf1e637172,
render-profile-ab-20260929/st2-S3-carry-L0/cases/carry_b-v6d_teacher_nominal_s911_pE2E/case.json,2550,90c569f40b05baad316a3e91c08d7df3e51d7c5d2e5e23b517204634080f4229,90c569f40b05baad316a3e91c08d7df3e51d7c5d2e5e23b517204634080f4229
render-profile-ab-20260929/st2-S3-carry-L0/cases/carry_b-v6d_teacher_nominal_s911_pE2E/result.json,28402,2c1dfe294795df2a400191c4213139da2738b7e81d8b50863b07220b728dab38,2c1dfe294795df2a400191c4213139da2738b7e81d8b50863b07220b728dab38
