folder,stream,rule,source_median_interval_sim_s,eligible_files,sample_files,first,last
2026-09-26-zone-own-perception-v3-1/test-frames/frames/zone_wide_two_doors-s374-grasp_long_beam@grasp_look_v3,r1--tick1--pan1#.jpg,unknown SIM timing: every 10th numeric-sorted frame + first/last (mandatory endpoints may exceed 10% for n<20),,1,1,r1--tick1--pan1500.jpg,r1--tick1--pan1500.jpg
2026-09-26-zone-own-perception-v3-1/test-frames/frames/zone_wide_two_doors-s374-grasp_long_beam@grasp_look_v3,r1--tick2--pan1#.jpg,unknown SIM timing: every 10th numeric-sorted frame + first/last (mandatory endpoints may exceed 10% for n<20),,1,1,r1--tick2--pan1500.jpg,r1--tick2--pan1500.jpg
2026-09-26-zone-own-perception-v3-1/test-frames/frames/zone_wide_two_doors-s374-grasp_tri_frame@grasp_look_v3,r1--tick0--pan1#.jpg,unknown SIM timing: every 10th numeric-sorted frame + first/last (mandatory endpoints may exceed 10% for n<20),,1,1,r1--tick0--pan1500.jpg,r1--tick0--pan1500.jpg
2026-09-26-zone-own-perception-v3-1/test-frames/frames/zone_wide_two_doors-s374-grasp_tri_frame@grasp_look_v3,r1--tick1--pan1#.jpg,unknown SIM timing: every 10th numeric-sorted frame + first/last (mandatory endpoints may exceed 10% for n<20),,1,1,r1--tick1--pan1500.jpg,r1--tick1--pan1500.jpg
2026-09-26-zone-own-perception-v3-1/test-frames/frames/zone_wide_two_doors-s374-grasp_tri_frame@grasp_look_v3,r1--tick2--pan1#.jpg,unknown SIM timing: every 10th numeric-sorted frame + first/last (mandatory endpoints may exceed 10% for n<20),,1,1,r1--tick2--pan1500.jpg,r1--tick2--pan1500.jpg
2026-09-26-zone-own-perception-v3-1/test-frames/frames/zone_wide_two_doors-s374-grasp_wrong_kind@grasp_look_v3,r1--tick0--pan1#.jpg,unknown SIM timing: every 10th numeric-sorted frame + first/last (mandatory endpoints may exceed 10% for n<20),,1,1,r1--tick0--pan1500.jpg,r1--tick0--pan1500.jpg
2026-09-26-zone-own-perception-v3-1/test-frames/frames/zone_wide_two_doors-s374-grasp_wrong_kind@grasp_look_v3,r1--tick1--pan1#.jpg,unknown SIM timing: every 10th numeric-sorted frame + first/last (mandatory endpoints may exceed 10% for n<20),,1,1,r1--tick1--pan1500.jpg,r1--tick1--pan1500.jpg
2026-09-26-zone-own-perception-v3-1/test-frames/frames/zone_wide_two_doors-s374-grasp_wrong_kind@grasp_look_v3,r1--tick2--pan1#.jpg,unknown SIM timing: every 10th numeric-sorted frame + first/last (mandatory endpoints may exceed 10% for n<20),,1,1,r1--tick2--pan1500.jpg,r1--tick2--pan1500.jpg
2026-09-26-zone-own-perception-v3-1/test-frames/frames/zone_wide_two_doors-s374-held_box_carry,r1--tick0--pan1#.jpg,unknown SIM timing: every 10th numeric-sorted frame + first/last (mandatory endpoints may exceed 10% for n<20),,1,1,r1--tick0--pan1500.jpg,r1--tick0--pan1500.jpg
2026-09-26-zone-own-perception-v3-1/test-frames/frames/zone_wide_two_doors-s374-held_box_carry,r1--tick1--pan1#.jpg,unknown SIM timing: every 10th numeric-sorted frame + first/last (mandatory endpoints may exceed 10% for n<20),,1,1,r1--tick1--pan1500.jpg,r1--tick1--pan1500.jpg
2026-09-26-zone-own-perception-v3-1/test-frames/frames/zone_wide_two_doors-s374-held_box_carry,r1--tick2--pan1#.jpg,unknown SIM timing: every 10th numeric-sorted frame + first/last (mandatory endpoints may exceed 10% for n<20),,1,1,r1--tick2--pan1500.jpg,r1--tick2--pan1500.jpg
2026-09-26-zone-own-perception-v3-1/test-frames/frames/zone_wide_two_doors-s374-held_box_held_check,r1--tick0--pan1#.jpg,unknown SIM timing: every 10th numeric-sorted frame + first/last (mandatory endpoints may exceed 10% for n<20),,1,1,r1--tick0--pan1500.jpg,r1--tick0--pan1500.jpg
2026-09-26-zone-own-perception-v3-1/test-frames/frames/zone_wide_two_doors-s374-held_box_held_check,r1--tick1--pan1#.jpg,unknown SIM timing: every 10th numeric-sorted frame + first/last (mandatory endpoints may exceed 10% for n<20),,1,1,r1--tick1--pan1500.jpg,r1--tick1--pan1500.jpg
2026-09-26-zone-own-perception-v3-1/test-frames/frames/zone_wide_two_doors-s374-held_box_held_check,r1--tick2--pan1#.jpg,unknown SIM timing: every 10th numeric-sorted frame + first/last (mandatory endpoints may exceed 10% for n<20),,1,1,r1--tick2--pan1500.jpg,r1--tick2--pan1500.jpg
2026-09-26-zone-own-perception-v3-1/test-frames/frames/zone_wide_two_doors-s374-held_can,r1--tick0--pan1#.jpg,unknown SIM timing: every 10th numeric-sorted frame + first/last (mandatory endpoints may exceed 10% for n<20),,1,1,r1--tick0--pan1500.jpg,r1--tick0--pan1500.jpg
2026-09-26-zone-own-perception-v3-1/test-frames/frames/zone_wide_two_doors-s374-held_can,r1--tick1--pan1#.jpg,unknown SIM timing: every 10th numeric-sorted frame + first/last (mandatory endpoints may exceed 10% for n<20),,1,1,r1--tick1--pan1500.jpg,r1--tick1--pan1500.jpg
2026-09-26-zone-own-perception-v3-1/test-frames/frames/zone_wide_two_doors-s374-held_can,r1--tick2--pan1#.jpg,unknown SIM timing: every 10th numeric-sorted frame + first/last (mandatory endpoints may exceed 10% for n<20),,1,1,r1--tick2--pan1500.jpg,r1--tick2--pan1500.jpg
2026-09-26-zone-own-perception-v3-1/test-frames/frames/zone_wide_two_doors-s374-held_can_absent,r1--tick0--pan1#.jpg,unknown SIM timing: every 10th numeric-sorted frame + first/last (mandatory endpoints may exceed 10% for n<20),,1,1,r1--tick0--pan1500.jpg,r1--tick0--pan1500.jpg
2026-09-26-zone-own-perception-v3-1/test-frames/frames/zone_wide_two_doors-s374-held_can_absent,r1--tick1--pan1#.jpg,unknown SIM timing: every 10th numeric-sorted frame + first/last (mandatory endpoints may exceed 10% for n<20),,1,1,r1--tick1--pan1500.jpg,r1--tick1--pan1500.jpg
2026-09-26-zone-own-perception-v3-1/test-frames/frames/zone_wide_two_doors-s374-held_can_absent,r1--tick2--pan1#.jpg,unknown SIM timing: every 10th numeric-sorted frame + first/last (mandatory endpoints may exceed 10% for n<20),,1,1,r1--tick2--pan1500.jpg,r1--tick2--pan1500.jpg
2026-09-26-zone-own-perception-v3-1/test-frames/frames/zone_wide_two_doors-s374-held_can_carry,r1--tick0--pan1#.jpg,unknown SIM timing: every 10th numeric-sorted frame + first/last (mandatory endpoints may exceed 10% for n<20),,1,1,r1--tick0--pan1500.jpg,r1--tick0--pan1500.jpg
2026-09-26-zone-own-perception-v3-1/test-frames/frames/zone_wide_two_doors-s374-held_can_carry,r1--tick1--pan1#.jpg,unknown SIM timing: every 10th numeric-sorted frame + first/last (mandatory endpoints may exceed 10% for n<20),,1,1,r1--tick1--pan1500.jpg,r1--tick1--pan1500.jpg
2026-09-26-zone-own-perception-v3-1/test-frames/frames/zone_wide_two_doors-s374-held_can_carry,r1--tick2--pan1#.jpg,unknown SIM timing: every 10th numeric-sorted frame + first/last (mandatory endpoints may exceed 10% for n<20),,1,1,r1--tick2--pan1500.jpg,r1--tick2--pan1500.jpg
2026-09-26-zone-own-perception-v3-1/test-frames/frames/zone_wide_two_doors-s374-held_can_wrong_kind,r1--tick0--pan1#.jpg,unknown SIM timing: every 10th numeric-sorted frame + first/last (mandatory endpoints may exceed 10% for n<20),,1,1,r1--tick0--pan1500.jpg,r1--tick0--pan1500.jpg
2026-09-26-zone-own-perception-v3-1/test-frames/frames/zone_wide_two_doors-s374-held_can_wrong_kind,r1--tick1--pan1#.jpg,unknown SIM timing: every 10th numeric-sorted frame + first/last (mandatory endpoints may exceed 10% for n<20),,1,1,r1--tick1--pan1500.jpg,r1--tick1--pan1500.jpg
2026-09-26-zone-own-perception-v3-1/test-frames/frames/zone_wide_two_doors-s374-held_can_wrong_kind,r1--tick2--pan1#.jpg,unknown SIM timing: every 10th numeric-sorted frame + first/last (mandatory endpoints may exceed 10% for n<20),,1,1,r1--tick2--pan1500.jpg,r1--tick2--pan1500.jpg
2026-09-26-zone-own-perception-v3-1/test-frames/frames/zone_wide_two_doors-s374-held_nothing_carry,r1--tick0--pan1#.jpg,unknown SIM timing: every 10th numeric-sorted frame + first/last (mandatory endpoints may exceed 10% for n<20),,1,1,r1--tick0--pan1500.jpg,r1--tick0--pan1500.jpg
2026-09-26-zone-own-perception-v3-1/test-frames/frames/zone_wide_two_doors-s374-held_nothing_carry,r1--tick1--pan1#.jpg,unknown SIM timing: every 10th numeric-sorted frame + first/last (mandatory endpoints may exceed 10% for n<20),,1,1,r1--tick1--pan1500.jpg,r1--tick1--pan1500.jpg
2026-09-26-zone-own-perception-v3-1/test-frames/frames/zone_wide_two_doors-s374-held_nothing_carry,r1--tick2--pan1#.jpg,unknown SIM timing: every 10th numeric-sorted frame + first/last (mandatory endpoints may exceed 10% for n<20),,1,1,r1--tick2--pan1500.jpg,r1--tick2--pan1500.jpg
2026-09-26-zone-own-perception-v3-1/test-frames/frames/zone_wide_two_doors-s374-held_tile_carry,r1--tick0--pan1#.jpg,unknown SIM timing: every 10th numeric-sorted frame + first/last (mandatory endpoints may exceed 10% for n<20),,1,1,r1--tick0--pan1500.jpg,r1--tick0--pan1500.jpg
2026-09-26-zone-own-perception-v3-1/test-frames/frames/zone_wide_two_doors-s374-held_tile_carry,r1--tick1--pan1#.jpg,unknown SIM timing: every 10th numeric-sorted frame + first/last (mandatory endpoints may exceed 10% for n<20),,1,1,r1--tick1--pan1500.jpg,r1--tick1--pan1500.jpg
2026-09-26-zone-own-perception-v3-1/test-frames/frames/zone_wide_two_doors-s374-held_tile_carry,r1--tick2--pan1#.jpg,unknown SIM timing: every 10th numeric-sorted frame + first/last (mandatory endpoints may exceed 10% for n<20),,1,1,r1--tick2--pan1500.jpg,r1--tick2--pan1500.jpg
2026-09-26-zone-own-perception-v3-1/test-frames/frames/zone_wide_two_doors-s374-held_tile_expect_box_carry,r1--tick0--pan1#.jpg,unknown SIM timing: every 10th numeric-sorted frame + first/last (mandatory endpoints may exceed 10% for n<20),,1,1,r1--tick0--pan1500.jpg,r1--tick0--pan1500.jpg
2026-09-26-zone-own-perception-v3-1/test-frames/frames/zone_wide_two_doors-s374-held_tile_expect_box_carry,r1--tick1--pan1#.jpg,unknown SIM timing: every 10th numeric-sorted frame + first/last (mandatory endpoints may exceed 10% for n<20),,1,1,r1--tick1--pan1500.jpg,r1--tick1--pan1500.jpg
2026-09-26-zone-own-perception-v3-1/test-frames/frames/zone_wide_two_doors-s374-held_tile_expect_box_carry,r1--tick2--pan1#.jpg,unknown SIM timing: every 10th numeric-sorted frame + first/last (mandatory endpoints may exceed 10% for n<20),,1,1,r1--tick2--pan1500.jpg,r1--tick2--pan1500.jpg
2026-09-26-zone-own-perception-v3-1/test-frames/frames/zone_wide_two_doors-s374-wrong_end_long_beam@grasp_look_v3,r1--tick0--pan1#.jpg,unknown SIM timing: every 10th numeric-sorted frame + first/last (mandatory endpoints may exceed 10% for n<20),,1,1,r1--tick0--pan1500.jpg,r1--tick0--pan1500.jpg
2026-09-26-zone-own-perception-v3-1/test-frames/frames/zone_wide_two_doors-s374-wrong_end_long_beam@grasp_look_v3,r1--tick1--pan1#.jpg,unknown SIM timing: every 10th numeric-sorted frame + first/last (mandatory endpoints may exceed 10% for n<20),,1,1,r1--tick1--pan1500.jpg,r1--tick1--pan1500.jpg
2026-09-26-zone-own-perception-v3-1/test-frames/frames/zone_wide_two_doors-s374-wrong_end_long_beam@grasp_look_v3,r1--tick2--pan1#.jpg,unknown SIM timing: every 10th numeric-sorted frame + first/last (mandatory endpoints may exceed 10% for n<20),,1,1,r1--tick2--pan1500.jpg,r1--tick2--pan1500.jpg
2026-09-26-zone-own-perception-v3/dev-frames/eval-labels,zone_wide_corridor-s2#-carry_beam_expect_crate--r1--tick0--pan1#.png,unknown SIM timing: every 10th numeric-sorted frame + first/last (mandatory endpoints may exceed 10% for n<20),,1,1,zone_wide_corridor-s242-carry_beam_expect_crate--r1--tick0--pan1500.png,zone_wide_corridor-s242-carry_beam_expect_crate--r1--tick0--pan1500.png
2026-09-26-zone-own-perception-v3/dev-frames/eval-labels,zone_wide_corridor-s2#-carry_beam_expect_crate--r1--tick1--pan1#.png,unknown SIM timing: every 10th numeric-sorted frame + first/last (mandatory endpoints may exceed 10% for n<20),,1,1,zone_wide_corridor-s242-carry_beam_expect_crate--r1--tick1--pan1500.png,zone_wide_corridor-s242-carry_beam_expect_crate--r1--tick1--pan1500.png
2026-09-26-zone-own-perception-v3/dev-frames/eval-labels,zone_wide_corridor-s2#-carry_beam_expect_crate--r1--tick2--pan1#.png,unknown SIM timing: every 10th numeric-sorted frame + first/last (mandatory endpoints may exceed 10% for n<20),,1,1,zone_wide_corridor-s242-carry_beam_expect_crate--r1--tick2--pan1500.png,zone_wide_corridor-s242-carry_beam_expect_crate--r1--tick2--pan1500.png
2026-09-26-zone-own-perception-v3/dev-frames/eval-labels,zone_wide_corridor-s2#-carry_crate_expect_beam--r1--tick0--pan1#.png,unknown SIM timing: every 10th numeric-sorted frame + first/last (mandatory endpoints may exceed 10% for n<20),,1,1,zone_wide_corridor-s242-carry_crate_expect_beam--r1--tick0--pan1500.png,zone_wide_corridor-s242-carry_crate_expect_beam--r1--tick0--pan1500.png
2026-09-26-zone-own-perception-v3/dev-frames/eval-labels,zone_wide_corridor-s2#-carry_crate_expect_beam--r1--tick1--pan1#.png,unknown SIM timing: every 10th numeric-sorted frame + first/last (mandatory endpoints may exceed 10% for n<20),,1,1,zone_wide_corridor-s242-carry_crate_expect_beam--r1--tick1--pan1500.png,zone_wide_corridor-s242-carry_crate_expect_beam--r1--tick1--pan1500.png
2026-09-26-zone-own-perception-v3/dev-frames/eval-labels,zone_wide_corridor-s2#-carry_crate_expect_beam--r1--tick2--pan1#.png,unknown SIM timing: every 10th numeric-sorted frame + first/last (mandatory endpoints may exceed 10% for n<20),,1,1,zone_wide_corridor-s242-carry_crate_expect_beam--r1--tick2--pan1500.png,zone_wide_corridor-s242-carry_crate_expect_beam--r1--tick2--pan1500.png
2026-09-26-zone-own-perception-v3/dev-frames/eval-labels,zone_wide_corridor-s2#-carry_heavy_crate--r1--tick0--pan1#.png,unknown SIM timing: every 10th numeric-sorted frame + first/last (mandatory endpoints may exceed 10% for n<20),,1,1,zone_wide_corridor-s242-carry_heavy_crate--r1--tick0--pan1500.png,zone_wide_corridor-s242-carry_heavy_crate--r1--tick0--pan1500.png
2026-09-26-zone-own-perception-v3/dev-frames/eval-labels,zone_wide_corridor-s2#-carry_heavy_crate--r1--tick1--pan1#.png,unknown SIM timing: every 10th numeric-sorted frame + first/last (mandatory endpoints may exceed 10% for n<20),,1,1,zone_wide_corridor-s242-carry_heavy_crate--r1--tick1--pan1500.png,zone_wide_corridor-s242-carry_heavy_crate--r1--tick1--pan1500.png
2026-09-26-zone-own-perception-v3/dev-frames/eval-labels,zone_wide_corridor-s2#-carry_heavy_crate--r1--tick2--pan1#.png,unknown SIM timing: every 10th numeric-sorted frame + first/last (mandatory endpoints may exceed 10% for n<20),,1,1,zone_wide_corridor-s242-carry_heavy_crate--r1--tick2--pan1500.png,zone_wide_corridor-s242-carry_heavy_crate--r1--tick2--pan1500.png
2026-09-26-zone-own-perception-v3/dev-frames/eval-labels,zone_wide_corridor-s2#-carry_long_beam--r1--tick0--pan1#.png,unknown SIM timing: every 10th numeric-sorted frame + first/last (mandatory endpoints may exceed 10% for n<20),,1,1,zone_wide_corridor-s242-carry_long_beam--r1--tick0--pan1500.png,zone_wide_corridor-s242-carry_long_beam--r1--tick0--pan1500.png
2026-09-26-zone-own-perception-v3/dev-frames/eval-labels,zone_wide_corridor-s2#-carry_long_beam--r1--tick1--pan1#.png,unknown SIM timing: every 10th numeric-sorted frame + first/last (mandatory endpoints may exceed 10% for n<20),,1,1,zone_wide_corridor-s242-carry_long_beam--r1--tick1--pan1500.png,zone_wide_corridor-s242-carry_long_beam--r1--tick1--pan1500.png
2026-09-26-zone-own-perception-v3/dev-frames/eval-labels,zone_wide_corridor-s2#-carry_long_beam--r1--tick2--pan1#.png,unknown SIM timing: every 10th numeric-sorted frame + first/last (mandatory endpoints may exceed 10% for n<20),,1,1,zone_wide_corridor-s242-carry_long_beam--r1--tick2--pan1500.png,zone_wide_corridor-s242-carry_long_beam--r1--tick2--pan1500.png
2026-09-26-zone-own-perception-v3/dev-frames/eval-labels,zone_wide_corridor-s2#-carry_nothing_expect_crate--r1--tick0--pan1#.png,unknown SIM timing: every 10th numeric-sorted frame + first/last (mandatory endpoints may exceed 10% for n<20),,1,1,zone_wide_corridor-s242-carry_nothing_expect_crate--r1--tick0--pan1500.png,zone_wide_corridor-s242-carry_nothing_expect_crate--r1--tick0--pan1500.png
2026-09-26-zone-own-perception-v3/dev-frames/eval-labels,zone_wide_corridor-s2#-carry_nothing_expect_crate--r1--tick1--pan1#.png,unknown SIM timing: every 10th numeric-sorted frame + first/last (mandatory endpoints may exceed 10% for n<20),,1,1,zone_wide_corridor-s242-carry_nothing_expect_crate--r1--tick1--pan1500.png,zone_wide_corridor-s242-carry_nothing_expect_crate--r1--tick1--pan1500.png
2026-09-26-zone-own-perception-v3/dev-frames/eval-labels,zone_wide_corridor-s2#-carry_nothing_expect_crate--r1--tick2--pan1#.png,unknown SIM timing: every 10th numeric-sorted frame + first/last (mandatory endpoints may exceed 10% for n<20),,1,1,zone_wide_corridor-s242-carry_nothing_expect_crate--r1--tick2--pan1500.png,zone_wide_corridor-s242-carry_nothing_expect_crate--r1--tick2--pan1500.png
2026-09-26-zone-own-perception-v3/dev-frames/eval-labels,zone_wide_corridor-s2#-carry_tri_frame--r1--tick0--pan1#.png,unknown SIM timing: every 10th numeric-sorted frame + first/last (mandatory endpoints may exceed 10% for n<20),,1,1,zone_wide_corridor-s242-carry_tri_frame--r1--tick0--pan1500.png,zone_wide_corridor-s242-carry_tri_frame--r1--tick0--pan1500.png
2026-09-26-zone-own-perception-v3/dev-frames/eval-labels,zone_wide_corridor-s2#-carry_tri_frame--r1--tick1--pan1#.png,unknown SIM timing: every 10th numeric-sorted frame + first/last (mandatory endpoints may exceed 10% for n<20),,1,1,zone_wide_corridor-s242-carry_tri_frame--r1--tick1--pan1500.png,zone_wide_corridor-s242-carry_tri_frame--r1--tick1--pan1500.png
2026-09-26-zone-own-perception-v3/dev-frames/eval-labels,zone_wide_corridor-s2#-carry_tri_frame--r1--tick2--pan1#.png,unknown SIM timing: every 10th numeric-sorted frame + first/last (mandatory endpoints may exceed 10% for n<20),,1,1,zone_wide_corridor-s242-carry_tri_frame--r1--tick2--pan1500.png,zone_wide_corridor-s242-carry_tri_frame--r1--tick2--pan1500.png
2026-09-26-zone-own-perception-v3/dev-frames/eval-labels,zone_wide_corridor-s2#-grasp_heavy_crate@approach_look_v2--r1--tick0--pan1#.png,unknown SIM timing: every 10th numeric-sorted frame + first/last (mandatory endpoints may exceed 10% for n<20),,1,1,zone_wide_corridor-s242-grasp_heavy_crate@approach_look_v2--r1--tick0--pan1500.png,zone_wide_corridor-s242-grasp_heavy_crate@approach_look_v2--r1--tick0--pan1500.png
2026-09-26-zone-own-perception-v3/dev-frames/eval-labels,zone_wide_corridor-s2#-grasp_heavy_crate@approach_look_v2--r1--tick1--pan1#.png,unknown SIM timing: every 10th numeric-sorted frame + first/last (mandatory endpoints may exceed 10% for n<20),,1,1,zone_wide_corridor-s242-grasp_heavy_crate@approach_look_v2--r1--tick1--pan1500.png,zone_wide_corridor-s242-grasp_heavy_crate@approach_look_v2--r1--tick1--pan1500.png
2026-09-26-zone-own-perception-v3/dev-frames/eval-labels,zone_wide_corridor-s2#-grasp_heavy_crate@approach_look_v2--r1--tick2--pan1#.png,unknown SIM timing: every 10th numeric-sorted frame + first/last (mandatory endpoints may exceed 10% for n<20),,1,1,zone_wide_corridor-s242-grasp_heavy_crate@approach_look_v2--r1--tick2--pan1500.png,zone_wide_corridor-s242-grasp_heavy_crate@approach_look_v2--r1--tick2--pan1500.png
2026-09-26-zone-own-perception-v3/dev-frames/eval-labels,zone_wide_corridor-s2#-grasp_heavy_crate@grasp_look_v3--r1--tick0--pan1#.png,unknown SIM timing: every 10th numeric-sorted frame + first/last (mandatory endpoints may exceed 10% for n<20),,1,1,zone_wide_corridor-s242-grasp_heavy_crate@grasp_look_v3--r1--tick0--pan1500.png,zone_wide_corridor-s242-grasp_heavy_crate@grasp_look_v3--r1--tick0--pan1500.png
2026-09-26-zone-own-perception-v3/dev-frames/eval-labels,zone_wide_corridor-s2#-grasp_heavy_crate@grasp_look_v3--r1--tick1--pan1#.png,unknown SIM timing: every 10th numeric-sorted frame + first/last (mandatory endpoints may exceed 10% for n<20),,1,1,zone_wide_corridor-s242-grasp_heavy_crate@grasp_look_v3--r1--tick1--pan1500.png,zone_wide_corridor-s242-grasp_heavy_crate@grasp_look_v3--r1--tick1--pan1500.png
2026-09-26-zone-own-perception-v3/dev-frames/eval-labels,zone_wide_corridor-s2#-grasp_heavy_crate@grasp_look_v3--r1--tick2--pan1#.png,unknown SIM timing: every 10th numeric-sorted frame + first/last (mandatory endpoints may exceed 10% for n<20),,1,1,zone_wide_corridor-s242-grasp_heavy_crate@grasp_look_v3--r1--tick2--pan1500.png,zone_wide_corridor-s242-grasp_heavy_crate@grasp_look_v3--r1--tick2--pan1500.png
2026-09-26-zone-own-perception-v3/dev-frames/eval-labels,zone_wide_corridor-s2#-grasp_long_beam@approach_look_v2--r1--tick0--pan1#.png,unknown SIM timing: every 10th numeric-sorted frame + first/last (mandatory endpoints may exceed 10% for n<20),,1,1,zone_wide_corridor-s242-grasp_long_beam@approach_look_v2--r1--tick0--pan1500.png,zone_wide_corridor-s242-grasp_long_beam@approach_look_v2--r1--tick0--pan1500.png
2026-09-26-zone-own-perception-v3/dev-frames/eval-labels,zone_wide_corridor-s2#-grasp_long_beam@approach_look_v2--r1--tick1--pan1#.png,unknown SIM timing: every 10th numeric-sorted frame + first/last (mandatory endpoints may exceed 10% for n<20),,1,1,zone_wide_corridor-s242-grasp_long_beam@approach_look_v2--r1--tick1--pan1500.png,zone_wide_corridor-s242-grasp_long_beam@approach_look_v2--r1--tick1--pan1500.png
2026-09-26-zone-own-perception-v3/dev-frames/eval-labels,zone_wide_corridor-s2#-grasp_long_beam@approach_look_v2--r1--tick2--pan1#.png,unknown SIM timing: every 10th numeric-sorted frame + first/last (mandatory endpoints may exceed 10% for n<20),,1,1,zone_wide_corridor-s242-grasp_long_beam@approach_look_v2--r1--tick2--pan1500.png,zone_wide_corridor-s242-grasp_long_beam@approach_look_v2--r1--tick2--pan1500.png
2026-09-26-zone-own-perception-v3/dev-frames/eval-labels,zone_wide_corridor-s2#-grasp_long_beam@grasp_look_v3--r1--tick0--pan1#.png,unknown SIM timing: every 10th numeric-sorted frame + first/last (mandatory endpoints may exceed 10% for n<20),,1,1,zone_wide_corridor-s242-grasp_long_beam@grasp_look_v3--r1--tick0--pan1500.png,zone_wide_corridor-s242-grasp_long_beam@grasp_look_v3--r1--tick0--pan1500.png
2026-09-26-zone-own-perception-v3/dev-frames/eval-labels,zone_wide_corridor-s2#-grasp_long_beam@grasp_look_v3--r1--tick1--pan1#.png,unknown SIM timing: every 10th numeric-sorted frame + first/last (mandatory endpoints may exceed 10% for n<20),,1,1,zone_wide_corridor-s242-grasp_long_beam@grasp_look_v3--r1--tick1--pan1500.png,zone_wide_corridor-s242-grasp_long_beam@grasp_look_v3--r1--tick1--pan1500.png
2026-09-26-zone-own-perception-v3/dev-frames/eval-labels,zone_wide_corridor-s2#-grasp_long_beam@grasp_look_v3--r1--tick2--pan1#.png,unknown SIM timing: every 10th numeric-sorted frame + first/last (mandatory endpoints may exceed 10% for n<20),,1,1,zone_wide_corridor-s242-grasp_long_beam@grasp_look_v3--r1--tick2--pan1500.png,zone_wide_corridor-s242-grasp_long_beam@grasp_look_v3--r1--tick2--pan1500.png
2026-09-26-zone-own-perception-v3/dev-frames/eval-labels,zone_wide_corridor-s2#-grasp_tri_frame@approach_look_v2--r1--tick0--pan1#.png,unknown SIM timing: every 10th numeric-sorted frame + first/last (mandatory endpoints may exceed 10% for n<20),,1,1,zone_wide_corridor-s242-grasp_tri_frame@approach_look_v2--r1--tick0--pan1500.png,zone_wide_corridor-s242-grasp_tri_frame@approach_look_v2--r1--tick0--pan1500.png
2026-09-26-zone-own-perception-v3/dev-frames/eval-labels,zone_wide_corridor-s2#-grasp_tri_frame@approach_look_v2--r1--tick1--pan1#.png,unknown SIM timing: every 10th numeric-sorted frame + first/last (mandatory endpoints may exceed 10% for n<20),,1,1,zone_wide_corridor-s242-grasp_tri_frame@approach_look_v2--r1--tick1--pan1500.png,zone_wide_corridor-s242-grasp_tri_frame@approach_look_v2--r1--tick1--pan1500.png
2026-09-26-zone-own-perception-v3/dev-frames/eval-labels,zone_wide_corridor-s2#-grasp_tri_frame@approach_look_v2--r1--tick2--pan1#.png,unknown SIM timing: every 10th numeric-sorted frame + first/last (mandatory endpoints may exceed 10% for n<20),,1,1,zone_wide_corridor-s242-grasp_tri_frame@approach_look_v2--r1--tick2--pan1500.png,zone_wide_corridor-s242-grasp_tri_frame@approach_look_v2--r1--tick2--pan1500.png
2026-09-26-zone-own-perception-v3/dev-frames/eval-labels,zone_wide_corridor-s2#-grasp_tri_frame@grasp_look_v3--r1--tick0--pan1#.png,unknown SIM timing: every 10th numeric-sorted frame + first/last (mandatory endpoints may exceed 10% for n<20),,1,1,zone_wide_corridor-s242-grasp_tri_frame@grasp_look_v3--r1--tick0--pan1500.png,zone_wide_corridor-s242-grasp_tri_frame@grasp_look_v3--r1--tick0--pan1500.png
2026-09-26-zone-own-perception-v3/dev-frames/eval-labels,zone_wide_corridor-s2#-grasp_tri_frame@grasp_look_v3--r1--tick1--pan1#.png,unknown SIM timing: every 10th numeric-sorted frame + first/last (mandatory endpoints may exceed 10% for n<20),,1,1,zone_wide_corridor-s242-grasp_tri_frame@grasp_look_v3--r1--tick1--pan1500.png,zone_wide_corridor-s242-grasp_tri_frame@grasp_look_v3--r1--tick1--pan1500.png
2026-09-26-zone-own-perception-v3/dev-frames/eval-labels,zone_wide_corridor-s2#-grasp_tri_frame@grasp_look_v3--r1--tick2--pan1#.png,unknown SIM timing: every 10th numeric-sorted frame + first/last (mandatory endpoints may exceed 10% for n<20),,1,1,zone_wide_corridor-s242-grasp_tri_frame@grasp_look_v3--r1--tick2--pan1500.png,zone_wide_corridor-s242-grasp_tri_frame@grasp_look_v3--r1--tick2--pan1500.png
2026-09-26-zone-own-perception-v3/dev-frames/eval-labels,zone_wide_corridor-s2#-grasp_wrong_kind@approach_look_v2--r1--tick0--pan1#.png,unknown SIM timing: every 10th numeric-sorted frame + first/last (mandatory endpoints may exceed 10% for n<20),,1,1,zone_wide_corridor-s242-grasp_wrong_kind@approach_look_v2--r1--tick0--pan1500.png,zone_wide_corridor-s242-grasp_wrong_kind@approach_look_v2--r1--tick0--pan1500.png
2026-09-26-zone-own-perception-v3/dev-frames/eval-labels,zone_wide_corridor-s2#-grasp_wrong_kind@approach_look_v2--r1--tick1--pan1#.png,unknown SIM timing: every 10th numeric-sorted frame + first/last (mandatory endpoints may exceed 10% for n<20),,1,1,zone_wide_corridor-s242-grasp_wrong_kind@approach_look_v2--r1--tick1--pan1500.png,zone_wide_corridor-s242-grasp_wrong_kind@approach_look_v2--r1--tick1--pan1500.png
2026-09-26-zone-own-perception-v3/dev-frames/eval-labels,zone_wide_corridor-s2#-grasp_wrong_kind@approach_look_v2--r1--tick2--pan1#.png,unknown SIM timing: every 10th numeric-sorted frame + first/last (mandatory endpoints may exceed 10% for n<20),,1,1,zone_wide_corridor-s242-grasp_wrong_kind@approach_look_v2--r1--tick2--pan1500.png,zone_wide_corridor-s242-grasp_wrong_kind@approach_look_v2--r1--tick2--pan1500.png
2026-09-26-zone-own-perception-v3/dev-frames/eval-labels,zone_wide_corridor-s2#-grasp_wrong_kind@grasp_look_v3--r1--tick0--pan1#.png,unknown SIM timing: every 10th numeric-sorted frame + first/last (mandatory endpoints may exceed 10% for n<20),,1,1,zone_wide_corridor-s242-grasp_wrong_kind@grasp_look_v3--r1--tick0--pan1500.png,zone_wide_corridor-s242-grasp_wrong_kind@grasp_look_v3--r1--tick0--pan1500.png
2026-09-26-zone-own-perception-v3/dev-frames/eval-labels,zone_wide_corridor-s2#-grasp_wrong_kind@grasp_look_v3--r1--tick1--pan1#.png,unknown SIM timing: every 10th numeric-sorted frame + first/last (mandatory endpoints may exceed 10% for n<20),,1,1,zone_wide_corridor-s242-grasp_wrong_kind@grasp_look_v3--r1--tick1--pan1500.png,zone_wide_corridor-s242-grasp_wrong_kind@grasp_look_v3--r1--tick1--pan1500.png
2026-09-26-zone-own-perception-v3/dev-frames/eval-labels,zone_wide_corridor-s2#-grasp_wrong_kind@grasp_look_v3--r1--tick2--pan1#.png,unknown SIM timing: every 10th numeric-sorted frame + first/last (mandatory endpoints may exceed 10% for n<20),,1,1,zone_wide_corridor-s242-grasp_wrong_kind@grasp_look_v3--r1--tick2--pan1500.png,zone_wide_corridor-s242-grasp_wrong_kind@grasp_look_v3--r1--tick2--pan1500.png
2026-09-26-zone-own-perception-v3/dev-frames/eval-labels,zone_wide_corridor-s2#-held_box_carry--r1--tick0--pan1#.png,unknown SIM timing: every 10th numeric-sorted frame + first/last (mandatory endpoints may exceed 10% for n<20),,1,1,zone_wide_corridor-s242-held_box_carry--r1--tick0--pan1500.png,zone_wide_corridor-s242-held_box_carry--r1--tick0--pan1500.png
2026-09-26-zone-own-perception-v3/dev-frames/eval-labels,zone_wide_corridor-s2#-held_box_carry--r1--tick1--pan1#.png,unknown SIM timing: every 10th numeric-sorted frame + first/last (mandatory endpoints may exceed 10% for n<20),,1,1,zone_wide_corridor-s242-held_box_carry--r1--tick1--pan1500.png,zone_wide_corridor-s242-held_box_carry--r1--tick1--pan1500.png
2026-09-26-zone-own-perception-v3/dev-frames/eval-labels,zone_wide_corridor-s2#-held_box_carry--r1--tick2--pan1#.png,unknown SIM timing: every 10th numeric-sorted frame + first/last (mandatory endpoints may exceed 10% for n<20),,1,1,zone_wide_corridor-s242-held_box_carry--r1--tick2--pan1500.png,zone_wide_corridor-s242-held_box_carry--r1--tick2--pan1500.png
2026-09-26-zone-own-perception-v3/dev-frames/eval-labels,zone_wide_corridor-s2#-held_box_held_check--r1--tick0--pan1#.png,unknown SIM timing: every 10th numeric-sorted frame + first/last (mandatory endpoints may exceed 10% for n<20),,1,1,zone_wide_corridor-s242-held_box_held_check--r1--tick0--pan1500.png,zone_wide_corridor-s242-held_box_held_check--r1--tick0--pan1500.png
2026-09-26-zone-own-perception-v3/dev-frames/eval-labels,zone_wide_corridor-s2#-held_box_held_check--r1--tick1--pan1#.png,unknown SIM timing: every 10th numeric-sorted frame + first/last (mandatory endpoints may exceed 10% for n<20),,1,1,zone_wide_corridor-s242-held_box_held_check--r1--tick1--pan1500.png,zone_wide_corridor-s242-held_box_held_check--r1--tick1--pan1500.png
2026-09-26-zone-own-perception-v3/dev-frames/eval-labels,zone_wide_corridor-s2#-held_box_held_check--r1--tick2--pan1#.png,unknown SIM timing: every 10th numeric-sorted frame + first/last (mandatory endpoints may exceed 10% for n<20),,1,1,zone_wide_corridor-s242-held_box_held_check--r1--tick2--pan1500.png,zone_wide_corridor-s242-held_box_held_check--r1--tick2--pan1500.png
2026-09-26-zone-own-perception-v3/dev-frames/eval-labels,zone_wide_corridor-s2#-held_can--r1--tick0--pan1#.png,unknown SIM timing: every 10th numeric-sorted frame + first/last (mandatory endpoints may exceed 10% for n<20),,1,1,zone_wide_corridor-s242-held_can--r1--tick0--pan1500.png,zone_wide_corridor-s242-held_can--r1--tick0--pan1500.png
2026-09-26-zone-own-perception-v3/dev-frames/eval-labels,zone_wide_corridor-s2#-held_can--r1--tick1--pan1#.png,unknown SIM timing: every 10th numeric-sorted frame + first/last (mandatory endpoints may exceed 10% for n<20),,1,1,zone_wide_corridor-s242-held_can--r1--tick1--pan1500.png,zone_wide_corridor-s242-held_can--r1--tick1--pan1500.png
2026-09-26-zone-own-perception-v3/dev-frames/eval-labels,zone_wide_corridor-s2#-held_can--r1--tick2--pan1#.png,unknown SIM timing: every 10th numeric-sorted frame + first/last (mandatory endpoints may exceed 10% for n<20),,1,1,zone_wide_corridor-s242-held_can--r1--tick2--pan1500.png,zone_wide_corridor-s242-held_can--r1--tick2--pan1500.png
2026-09-26-zone-own-perception-v3/dev-frames/eval-labels,zone_wide_corridor-s2#-held_can_absent--r1--tick0--pan1#.png,unknown SIM timing: every 10th numeric-sorted frame + first/last (mandatory endpoints may exceed 10% for n<20),,1,1,zone_wide_corridor-s242-held_can_absent--r1--tick0--pan1500.png,zone_wide_corridor-s242-held_can_absent--r1--tick0--pan1500.png
2026-09-26-zone-own-perception-v3/dev-frames/eval-labels,zone_wide_corridor-s2#-held_can_absent--r1--tick1--pan1#.png,unknown SIM timing: every 10th numeric-sorted frame + first/last (mandatory endpoints may exceed 10% for n<20),,1,1,zone_wide_corridor-s242-held_can_absent--r1--tick1--pan1500.png,zone_wide_corridor-s242-held_can_absent--r1--tick1--pan1500.png
2026-09-26-zone-own-perception-v3/dev-frames/eval-labels,zone_wide_corridor-s2#-held_can_absent--r1--tick2--pan1#.png,unknown SIM timing: every 10th numeric-sorted frame + first/last (mandatory endpoints may exceed 10% for n<20),,1,1,zone_wide_corridor-s242-held_can_absent--r1--tick2--pan1500.png,zone_wide_corridor-s242-held_can_absent--r1--tick2--pan1500.png
2026-09-26-zone-own-perception-v3/dev-frames/eval-labels,zone_wide_corridor-s2#-held_can_carry--r1--tick0--pan1#.png,unknown SIM timing: every 10th numeric-sorted frame + first/last (mandatory endpoints may exceed 10% for n<20),,1,1,zone_wide_corridor-s242-held_can_carry--r1--tick0--pan1500.png,zone_wide_corridor-s242-held_can_carry--r1--tick0--pan1500.png
2026-09-26-zone-own-perception-v3/dev-frames/eval-labels,zone_wide_corridor-s2#-held_can_carry--r1--tick1--pan1#.png,unknown SIM timing: every 10th numeric-sorted frame + first/last (mandatory endpoints may exceed 10% for n<20),,1,1,zone_wide_corridor-s242-held_can_carry--r1--tick1--pan1500.png,zone_wide_corridor-s242-held_can_carry--r1--tick1--pan1500.png
2026-09-26-zone-own-perception-v3/dev-frames/eval-labels,zone_wide_corridor-s2#-held_can_carry--r1--tick2--pan1#.png,unknown SIM timing: every 10th numeric-sorted frame + first/last (mandatory endpoints may exceed 10% for n<20),,1,1,zone_wide_corridor-s242-held_can_carry--r1--tick2--pan1500.png,zone_wide_corridor-s242-held_can_carry--r1--tick2--pan1500.png
2026-09-26-zone-own-perception-v3/dev-frames/eval-labels,zone_wide_corridor-s2#-held_can_wrong_kind--r1--tick0--pan1#.png,unknown SIM timing: every 10th numeric-sorted frame + first/last (mandatory endpoints may exceed 10% for n<20),,1,1,zone_wide_corridor-s242-held_can_wrong_kind--r1--tick0--pan1500.png,zone_wide_corridor-s242-held_can_wrong_kind--r1--tick0--pan1500.png
2026-09-26-zone-own-perception-v3/dev-frames/eval-labels,zone_wide_corridor-s2#-held_can_wrong_kind--r1--tick1--pan1#.png,unknown SIM timing: every 10th numeric-sorted frame + first/last (mandatory endpoints may exceed 10% for n<20),,1,1,zone_wide_corridor-s242-held_can_wrong_kind--r1--tick1--pan1500.png,zone_wide_corridor-s242-held_can_wrong_kind--r1--tick1--pan1500.png
2026-09-26-zone-own-perception-v3/dev-frames/eval-labels,zone_wide_corridor-s2#-held_can_wrong_kind--r1--tick2--pan1#.png,unknown SIM timing: every 10th numeric-sorted frame + first/last (mandatory endpoints may exceed 10% for n<20),,1,1,zone_wide_corridor-s242-held_can_wrong_kind--r1--tick2--pan1500.png,zone_wide_corridor-s242-held_can_wrong_kind--r1--tick2--pan1500.png
2026-09-26-zone-own-perception-v3/dev-frames/eval-labels,zone_wide_corridor-s2#-held_nothing_carry--r1--tick0--pan1#.png,unknown SIM timing: every 10th numeric-sorted frame + first/last (mandatory endpoints may exceed 10% for n<20),,1,1,zone_wide_corridor-s242-held_nothing_carry--r1--tick0--pan1500.png,zone_wide_corridor-s242-held_nothing_carry--r1--tick0--pan1500.png
2026-09-26-zone-own-perception-v3/dev-frames/eval-labels,zone_wide_corridor-s2#-held_nothing_carry--r1--tick1--pan1#.png,unknown SIM timing: every 10th numeric-sorted frame + first/last (mandatory endpoints may exceed 10% for n<20),,1,1,zone_wide_corridor-s242-held_nothing_carry--r1--tick1--pan1500.png,zone_wide_corridor-s242-held_nothing_carry--r1--tick1--pan1500.png
2026-09-26-zone-own-perception-v3/dev-frames/eval-labels,zone_wide_corridor-s2#-held_nothing_carry--r1--tick2--pan1#.png,unknown SIM timing: every 10th numeric-sorted frame + first/last (mandatory endpoints may exceed 10% for n<20),,1,1,zone_wide_corridor-s242-held_nothing_carry--r1--tick2--pan1500.png,zone_wide_corridor-s242-held_nothing_carry--r1--tick2--pan1500.png
2026-09-26-zone-own-perception-v3/dev-frames/eval-labels,zone_wide_corridor-s2#-held_tile_carry--r1--tick0--pan1#.png,unknown SIM timing: every 10th numeric-sorted frame + first/last (mandatory endpoints may exceed 10% for n<20),,1,1,zone_wide_corridor-s242-held_tile_carry--r1--tick0--pan1500.png,zone_wide_corridor-s242-held_tile_carry--r1--tick0--pan1500.png
2026-09-26-zone-own-perception-v3/dev-frames/eval-labels,zone_wide_corridor-s2#-held_tile_carry--r1--tick1--pan1#.png,unknown SIM timing: every 10th numeric-sorted frame + first/last (mandatory endpoints may exceed 10% for n<20),,1,1,zone_wide_corridor-s242-held_tile_carry--r1--tick1--pan1500.png,zone_wide_corridor-s242-held_tile_carry--r1--tick1--pan1500.png
2026-09-26-zone-own-perception-v3/dev-frames/eval-labels,zone_wide_corridor-s2#-held_tile_carry--r1--tick2--pan1#.png,unknown SIM timing: every 10th numeric-sorted frame + first/last (mandatory endpoints may exceed 10% for n<20),,1,1,zone_wide_corridor-s242-held_tile_carry--r1--tick2--pan1500.png,zone_wide_corridor-s242-held_tile_carry--r1--tick2--pan1500.png
2026-09-26-zone-own-perception-v3/dev-frames/eval-labels,zone_wide_corridor-s2#-held_tile_expect_box_carry--r1--tick0--pan1#.png,unknown SIM timing: every 10th numeric-sorted frame + first/last (mandatory endpoints may exceed 10% for n<20),,1,1,zone_wide_corridor-s242-held_tile_expect_box_carry--r1--tick0--pan1500.png,zone_wide_corridor-s242-held_tile_expect_box_carry--r1--tick0--pan1500.png
2026-09-26-zone-own-perception-v3/dev-frames/eval-labels,zone_wide_corridor-s2#-held_tile_expect_box_carry--r1--tick1--pan1#.png,unknown SIM timing: every 10th numeric-sorted frame + first/last (mandatory endpoints may exceed 10% for n<20),,1,1,zone_wide_corridor-s242-held_tile_expect_box_carry--r1--tick1--pan1500.png,zone_wide_corridor-s242-held_tile_expect_box_carry--r1--tick1--pan1500.png
2026-09-26-zone-own-perception-v3/dev-frames/eval-labels,zone_wide_corridor-s2#-held_tile_expect_box_carry--r1--tick2--pan1#.png,unknown SIM timing: every 10th numeric-sorted frame + first/last (mandatory endpoints may exceed 10% for n<20),,1,1,zone_wide_corridor-s242-held_tile_expect_box_carry--r1--tick2--pan1500.png,zone_wide_corridor-s242-held_tile_expect_box_carry--r1--tick2--pan1500.png
2026-09-26-zone-own-perception-v3/dev-frames/eval-labels,zone_wide_corridor-s2#-wrong_end_long_beam@approach_look_v2--r1--tick0--pan1#.png,unknown SIM timing: every 10th numeric-sorted frame + first/last (mandatory endpoints may exceed 10% for n<20),,1,1,zone_wide_corridor-s242-wrong_end_long_beam@approach_look_v2--r1--tick0--pan1500.png,zone_wide_corridor-s242-wrong_end_long_beam@approach_look_v2--r1--tick0--pan1500.png
2026-09-26-zone-own-perception-v3/dev-frames/eval-labels,zone_wide_corridor-s2#-wrong_end_long_beam@approach_look_v2--r1--tick1--pan1#.png,unknown SIM timing: every 10th numeric-sorted frame + first/last (mandatory endpoints may exceed 10% for n<20),,1,1,zone_wide_corridor-s242-wrong_end_long_beam@approach_look_v2--r1--tick1--pan1500.png,zone_wide_corridor-s242-wrong_end_long_beam@approach_look_v2--r1--tick1--pan1500.png
2026-09-26-zone-own-perception-v3/dev-frames/eval-labels,zone_wide_corridor-s2#-wrong_end_long_beam@approach_look_v2--r1--tick2--pan1#.png,unknown SIM timing: every 10th numeric-sorted frame + first/last (mandatory endpoints may exceed 10% for n<20),,1,1,zone_wide_corridor-s242-wrong_end_long_beam@approach_look_v2--r1--tick2--pan1500.png,zone_wide_corridor-s242-wrong_end_long_beam@approach_look_v2--r1--tick2--pan1500.png
2026-09-26-zone-own-perception-v3/dev-frames/eval-labels,zone_wide_corridor-s2#-wrong_end_long_beam@grasp_look_v3--r1--tick0--pan1#.png,unknown SIM timing: every 10th numeric-sorted frame + first/last (mandatory endpoints may exceed 10% for n<20),,1,1,zone_wide_corridor-s242-wrong_end_long_beam@grasp_look_v3--r1--tick0--pan1500.png,zone_wide_corridor-s242-wrong_end_long_beam@grasp_look_v3--r1--tick0--pan1500.png
2026-09-26-zone-own-perception-v3/dev-frames/eval-labels,zone_wide_corridor-s2#-wrong_end_long_beam@grasp_look_v3--r1--tick1--pan1#.png,unknown SIM timing: every 10th numeric-sorted frame + first/last (mandatory endpoints may exceed 10% for n<20),,1,1,zone_wide_corridor-s242-wrong_end_long_beam@grasp_look_v3--r1--tick1--pan1500.png,zone_wide_corridor-s242-wrong_end_long_beam@grasp_look_v3--r1--tick1--pan1500.png
2026-09-26-zone-own-perception-v3/dev-frames/eval-labels,zone_wide_corridor-s2#-wrong_end_long_beam@grasp_look_v3--r1--tick2--pan1#.png,unknown SIM timing: every 10th numeric-sorted frame + first/last (mandatory endpoints may exceed 10% for n<20),,1,1,zone_wide_corridor-s242-wrong_end_long_beam@grasp_look_v3--r1--tick2--pan1500.png,zone_wide_corridor-s242-wrong_end_long_beam@grasp_look_v3--r1--tick2--pan1500.png
2026-09-26-zone-own-perception-v3/dev-frames/eval-labels,zone_wide_door-s2#-carry_beam_expect_crate--r1--tick0--pan1#.png,unknown SIM timing: every 10th numeric-sorted frame + first/last (mandatory endpoints may exceed 10% for n<20),,2,2,zone_wide_door-s241-carry_beam_expect_crate--r1--tick0--pan1500.png,zone_wide_door-s244-carry_beam_expect_crate--r1--tick0--pan1500.png
2026-09-26-zone-own-perception-v3/dev-frames/eval-labels,zone_wide_door-s2#-carry_beam_expect_crate--r1--tick1--pan1#.png,unknown SIM timing: every 10th numeric-sorted frame + first/last (mandatory endpoints may exceed 10% for n<20),,2,2,zone_wide_door-s241-carry_beam_expect_crate--r1--tick1--pan1500.png,zone_wide_door-s244-carry_beam_expect_crate--r1--tick1--pan1500.png
2026-09-26-zone-own-perception-v3/dev-frames/eval-labels,zone_wide_door-s2#-carry_beam_expect_crate--r1--tick2--pan1#.png,unknown SIM timing: every 10th numeric-sorted frame + first/last (mandatory endpoints may exceed 10% for n<20),,2,2,zone_wide_door-s241-carry_beam_expect_crate--r1--tick2--pan1500.png,zone_wide_door-s244-carry_beam_expect_crate--r1--tick2--pan1500.png
2026-09-26-zone-own-perception-v3/dev-frames/eval-labels,zone_wide_door-s2#-carry_crate_expect_beam--r1--tick0--pan1#.png,unknown SIM timing: every 10th numeric-sorted frame + first/last (mandatory endpoints may exceed 10% for n<20),,2,2,zone_wide_door-s241-carry_crate_expect_beam--r1--tick0--pan1500.png,zone_wide_door-s244-carry_crate_expect_beam--r1--tick0--pan1500.png
2026-09-26-zone-own-perception-v3/dev-frames/eval-labels,zone_wide_door-s2#-carry_crate_expect_beam--r1--tick1--pan1#.png,unknown SIM timing: every 10th numeric-sorted frame + first/last (mandatory endpoints may exceed 10% for n<20),,2,2,zone_wide_door-s241-carry_crate_expect_beam--r1--tick1--pan1500.png,zone_wide_door-s244-carry_crate_expect_beam--r1--tick1--pan1500.png
2026-09-26-zone-own-perception-v3/dev-frames/eval-labels,zone_wide_door-s2#-carry_crate_expect_beam--r1--tick2--pan1#.png,unknown SIM timing: every 10th numeric-sorted frame + first/last (mandatory endpoints may exceed 10% for n<20),,2,2,zone_wide_door-s241-carry_crate_expect_beam--r1--tick2--pan1500.png,zone_wide_door-s244-carry_crate_expect_beam--r1--tick2--pan1500.png
2026-09-26-zone-own-perception-v3/dev-frames/eval-labels,zone_wide_door-s2#-carry_heavy_crate--r1--tick0--pan1#.png,unknown SIM timing: every 10th numeric-sorted frame + first/last (mandatory endpoints may exceed 10% for n<20),,2,2,zone_wide_door-s241-carry_heavy_crate--r1--tick0--pan1500.png,zone_wide_door-s244-carry_heavy_crate--r1--tick0--pan1500.png
2026-09-26-zone-own-perception-v3/dev-frames/eval-labels,zone_wide_door-s2#-carry_heavy_crate--r1--tick1--pan1#.png,unknown SIM timing: every 10th numeric-sorted frame + first/last (mandatory endpoints may exceed 10% for n<20),,2,2,zone_wide_door-s241-carry_heavy_crate--r1--tick1--pan1500.png,zone_wide_door-s244-carry_heavy_crate--r1--tick1--pan1500.png
2026-09-26-zone-own-perception-v3/dev-frames/eval-labels,zone_wide_door-s2#-carry_heavy_crate--r1--tick2--pan1#.png,unknown SIM timing: every 10th numeric-sorted frame + first/last (mandatory endpoints may exceed 10% for n<20),,2,2,zone_wide_door-s241-carry_heavy_crate--r1--tick2--pan1500.png,zone_wide_door-s244-carry_heavy_crate--r1--tick2--pan1500.png
2026-09-26-zone-own-perception-v3/dev-frames/eval-labels,zone_wide_door-s2#-carry_long_beam--r1--tick0--pan1#.png,unknown SIM timing: every 10th numeric-sorted frame + first/last (mandatory endpoints may exceed 10% for n<20),,2,2,zone_wide_door-s241-carry_long_beam--r1--tick0--pan1500.png,zone_wide_door-s244-carry_long_beam--r1--tick0--pan1500.png
2026-09-26-zone-own-perception-v3/dev-frames/eval-labels,zone_wide_door-s2#-carry_long_beam--r1--tick1--pan1#.png,unknown SIM timing: every 10th numeric-sorted frame + first/last (mandatory endpoints may exceed 10% for n<20),,2,2,zone_wide_door-s241-carry_long_beam--r1--tick1--pan1500.png,zone_wide_door-s244-carry_long_beam--r1--tick1--pan1500.png
2026-09-26-zone-own-perception-v3/dev-frames/eval-labels,zone_wide_door-s2#-carry_long_beam--r1--tick2--pan1#.png,unknown SIM timing: every 10th numeric-sorted frame + first/last (mandatory endpoints may exceed 10% for n<20),,2,2,zone_wide_door-s241-carry_long_beam--r1--tick2--pan1500.png,zone_wide_door-s244-carry_long_beam--r1--tick2--pan1500.png
2026-09-26-zone-own-perception-v3/dev-frames/eval-labels,zone_wide_door-s2#-carry_nothing_expect_crate--r1--tick0--pan1#.png,unknown SIM timing: every 10th numeric-sorted frame + first/last (mandatory endpoints may exceed 10% for n<20),,2,2,zone_wide_door-s241-carry_nothing_expect_crate--r1--tick0--pan1500.png,zone_wide_door-s244-carry_nothing_expect_crate--r1--tick0--pan1500.png
2026-09-26-zone-own-perception-v3/dev-frames/eval-labels,zone_wide_door-s2#-carry_nothing_expect_crate--r1--tick1--pan1#.png,unknown SIM timing: every 10th numeric-sorted frame + first/last (mandatory endpoints may exceed 10% for n<20),,2,2,zone_wide_door-s241-carry_nothing_expect_crate--r1--tick1--pan1500.png,zone_wide_door-s244-carry_nothing_expect_crate--r1--tick1--pan1500.png
2026-09-26-zone-own-perception-v3/dev-frames/eval-labels,zone_wide_door-s2#-carry_nothing_expect_crate--r1--tick2--pan1#.png,unknown SIM timing: every 10th numeric-sorted frame + first/last (mandatory endpoints may exceed 10% for n<20),,2,2,zone_wide_door-s241-carry_nothing_expect_crate--r1--tick2--pan1500.png,zone_wide_door-s244-carry_nothing_expect_crate--r1--tick2--pan1500.png
2026-09-26-zone-own-perception-v3/dev-frames/eval-labels,zone_wide_door-s2#-carry_tri_frame--r1--tick0--pan1#.png,unknown SIM timing: every 10th numeric-sorted frame + first/last (mandatory endpoints may exceed 10% for n<20),,2,2,zone_wide_door-s241-carry_tri_frame--r1--tick0--pan1500.png,zone_wide_door-s244-carry_tri_frame--r1--tick0--pan1500.png
2026-09-26-zone-own-perception-v3/dev-frames/eval-labels,zone_wide_door-s2#-carry_tri_frame--r1--tick1--pan1#.png,unknown SIM timing: every 10th numeric-sorted frame + first/last (mandatory endpoints may exceed 10% for n<20),,2,2,zone_wide_door-s241-carry_tri_frame--r1--tick1--pan1500.png,zone_wide_door-s244-carry_tri_frame--r1--tick1--pan1500.png
2026-09-26-zone-own-perception-v3/dev-frames/eval-labels,zone_wide_door-s2#-carry_tri_frame--r1--tick2--pan1#.png,unknown SIM timing: every 10th numeric-sorted frame + first/last (mandatory endpoints may exceed 10% for n<20),,2,2,zone_wide_door-s241-carry_tri_frame--r1--tick2--pan1500.png,zone_wide_door-s244-carry_tri_frame--r1--tick2--pan1500.png
2026-09-26-zone-own-perception-v3/dev-frames/eval-labels,zone_wide_door-s2#-grasp_heavy_crate@approach_look_v2--r1--tick0--pan1#.png,unknown SIM timing: every 10th numeric-sorted frame + first/last (mandatory endpoints may exceed 10% for n<20),,2,2,zone_wide_door-s241-grasp_heavy_crate@approach_look_v2--r1--tick0--pan1500.png,zone_wide_door-s244-grasp_heavy_crate@approach_look_v2--r1--tick0--pan1500.png
2026-09-26-zone-own-perception-v3/dev-frames/eval-labels,zone_wide_door-s2#-grasp_heavy_crate@approach_look_v2--r1--tick1--pan1#.png,unknown SIM timing: every 10th numeric-sorted frame + first/last (mandatory endpoints may exceed 10% for n<20),,2,2,zone_wide_door-s241-grasp_heavy_crate@approach_look_v2--r1--tick1--pan1500.png,zone_wide_door-s244-grasp_heavy_crate@approach_look_v2--r1--tick1--pan1500.png
2026-09-26-zone-own-perception-v3/dev-frames/eval-labels,zone_wide_door-s2#-grasp_heavy_crate@approach_look_v2--r1--tick2--pan1#.png,unknown SIM timing: every 10th numeric-sorted frame + first/last (mandatory endpoints may exceed 10% for n<20),,2,2,zone_wide_door-s241-grasp_heavy_crate@approach_look_v2--r1--tick2--pan1500.png,zone_wide_door-s244-grasp_heavy_crate@approach_look_v2--r1--tick2--pan1500.png
2026-09-26-zone-own-perception-v3/dev-frames/eval-labels,zone_wide_door-s2#-grasp_heavy_crate@grasp_look_v3--r1--tick0--pan1#.png,unknown SIM timing: every 10th numeric-sorted frame + first/last (mandatory endpoints may exceed 10% for n<20),,2,2,zone_wide_door-s241-grasp_heavy_crate@grasp_look_v3--r1--tick0--pan1500.png,zone_wide_door-s244-grasp_heavy_crate@grasp_look_v3--r1--tick0--pan1500.png
2026-09-26-zone-own-perception-v3/dev-frames/eval-labels,zone_wide_door-s2#-grasp_heavy_crate@grasp_look_v3--r1--tick1--pan1#.png,unknown SIM timing: every 10th numeric-sorted frame + first/last (mandatory endpoints may exceed 10% for n<20),,2,2,zone_wide_door-s241-grasp_heavy_crate@grasp_look_v3--r1--tick1--pan1500.png,zone_wide_door-s244-grasp_heavy_crate@grasp_look_v3--r1--tick1--pan1500.png
2026-09-26-zone-own-perception-v3/dev-frames/eval-labels,zone_wide_door-s2#-grasp_heavy_crate@grasp_look_v3--r1--tick2--pan1#.png,unknown SIM timing: every 10th numeric-sorted frame + first/last (mandatory endpoints may exceed 10% for n<20),,2,2,zone_wide_door-s241-grasp_heavy_crate@grasp_look_v3--r1--tick2--pan1500.png,zone_wide_door-s244-grasp_heavy_crate@grasp_look_v3--r1--tick2--pan1500.png
2026-09-26-zone-own-perception-v3/dev-frames/eval-labels,zone_wide_door-s2#-grasp_long_beam@approach_look_v2--r1--tick0--pan1#.png,unknown SIM timing: every 10th numeric-sorted frame + first/last (mandatory endpoints may exceed 10% for n<20),,2,2,zone_wide_door-s241-grasp_long_beam@approach_look_v2--r1--tick0--pan1500.png,zone_wide_door-s244-grasp_long_beam@approach_look_v2--r1--tick0--pan1500.png
2026-09-26-zone-own-perception-v3/dev-frames/eval-labels,zone_wide_door-s2#-grasp_long_beam@approach_look_v2--r1--tick1--pan1#.png,unknown SIM timing: every 10th numeric-sorted frame + first/last (mandatory endpoints may exceed 10% for n<20),,2,2,zone_wide_door-s241-grasp_long_beam@approach_look_v2--r1--tick1--pan1500.png,zone_wide_door-s244-grasp_long_beam@approach_look_v2--r1--tick1--pan1500.png
2026-09-26-zone-own-perception-v3/dev-frames/eval-labels,zone_wide_door-s2#-grasp_long_beam@approach_look_v2--r1--tick2--pan1#.png,unknown SIM timing: every 10th numeric-sorted frame + first/last (mandatory endpoints may exceed 10% for n<20),,2,2,zone_wide_door-s241-grasp_long_beam@approach_look_v2--r1--tick2--pan1500.png,zone_wide_door-s244-grasp_long_beam@approach_look_v2--r1--tick2--pan1500.png
2026-09-26-zone-own-perception-v3/dev-frames/eval-labels,zone_wide_door-s2#-grasp_long_beam@grasp_look_v3--r1--tick0--pan1#.png,unknown SIM timing: every 10th numeric-sorted frame + first/last (mandatory endpoints may exceed 10% for n<20),,2,2,zone_wide_door-s241-grasp_long_beam@grasp_look_v3--r1--tick0--pan1500.png,zone_wide_door-s244-grasp_long_beam@grasp_look_v3--r1--tick0--pan1500.png
2026-09-26-zone-own-perception-v3/dev-frames/eval-labels,zone_wide_door-s2#-grasp_long_beam@grasp_look_v3--r1--tick1--pan1#.png,unknown SIM timing: every 10th numeric-sorted frame + first/last (mandatory endpoints may exceed 10% for n<20),,2,2,zone_wide_door-s241-grasp_long_beam@grasp_look_v3--r1--tick1--pan1500.png,zone_wide_door-s244-grasp_long_beam@grasp_look_v3--r1--tick1--pan1500.png
2026-09-26-zone-own-perception-v3/dev-frames/eval-labels,zone_wide_door-s2#-grasp_long_beam@grasp_look_v3--r1--tick2--pan1#.png,unknown SIM timing: every 10th numeric-sorted frame + first/last (mandatory endpoints may exceed 10% for n<20),,2,2,zone_wide_door-s241-grasp_long_beam@grasp_look_v3--r1--tick2--pan1500.png,zone_wide_door-s244-grasp_long_beam@grasp_look_v3--r1--tick2--pan1500.png
2026-09-26-zone-own-perception-v3/dev-frames/eval-labels,zone_wide_door-s2#-grasp_tri_frame@approach_look_v2--r1--tick0--pan1#.png,unknown SIM timing: every 10th numeric-sorted frame + first/last (mandatory endpoints may exceed 10% for n<20),,2,2,zone_wide_door-s241-grasp_tri_frame@approach_look_v2--r1--tick0--pan1500.png,zone_wide_door-s244-grasp_tri_frame@approach_look_v2--r1--tick0--pan1500.png
2026-09-26-zone-own-perception-v3/dev-frames/eval-labels,zone_wide_door-s2#-grasp_tri_frame@approach_look_v2--r1--tick1--pan1#.png,unknown SIM timing: every 10th numeric-sorted frame + first/last (mandatory endpoints may exceed 10% for n<20),,2,2,zone_wide_door-s241-grasp_tri_frame@approach_look_v2--r1--tick1--pan1500.png,zone_wide_door-s244-grasp_tri_frame@approach_look_v2--r1--tick1--pan1500.png
2026-09-26-zone-own-perception-v3/dev-frames/eval-labels,zone_wide_door-s2#-grasp_tri_frame@approach_look_v2--r1--tick2--pan1#.png,unknown SIM timing: every 10th numeric-sorted frame + first/last (mandatory endpoints may exceed 10% for n<20),,2,2,zone_wide_door-s241-grasp_tri_frame@approach_look_v2--r1--tick2--pan1500.png,zone_wide_door-s244-grasp_tri_frame@approach_look_v2--r1--tick2--pan1500.png
2026-09-26-zone-own-perception-v3/dev-frames/eval-labels,zone_wide_door-s2#-grasp_tri_frame@grasp_look_v3--r1--tick0--pan1#.png,unknown SIM timing: every 10th numeric-sorted frame + first/last (mandatory endpoints may exceed 10% for n<20),,2,2,zone_wide_door-s241-grasp_tri_frame@grasp_look_v3--r1--tick0--pan1500.png,zone_wide_door-s244-grasp_tri_frame@grasp_look_v3--r1--tick0--pan1500.png
2026-09-26-zone-own-perception-v3/dev-frames/eval-labels,zone_wide_door-s2#-grasp_tri_frame@grasp_look_v3--r1--tick1--pan1#.png,unknown SIM timing: every 10th numeric-sorted frame + first/last (mandatory endpoints may exceed 10% for n<20),,2,2,zone_wide_door-s241-grasp_tri_frame@grasp_look_v3--r1--tick1--pan1500.png,zone_wide_door-s244-grasp_tri_frame@grasp_look_v3--r1--tick1--pan1500.png
2026-09-26-zone-own-perception-v3/dev-frames/eval-labels,zone_wide_door-s2#-grasp_tri_frame@grasp_look_v3--r1--tick2--pan1#.png,unknown SIM timing: every 10th numeric-sorted frame + first/last (mandatory endpoints may exceed 10% for n<20),,2,2,zone_wide_door-s241-grasp_tri_frame@grasp_look_v3--r1--tick2--pan1500.png,zone_wide_door-s244-grasp_tri_frame@grasp_look_v3--r1--tick2--pan1500.png
2026-09-26-zone-own-perception-v3/dev-frames/eval-labels,zone_wide_door-s2#-grasp_wrong_kind@approach_look_v2--r1--tick0--pan1#.png,unknown SIM timing: every 10th numeric-sorted frame + first/last (mandatory endpoints may exceed 10% for n<20),,2,2,zone_wide_door-s241-grasp_wrong_kind@approach_look_v2--r1--tick0--pan1500.png,zone_wide_door-s244-grasp_wrong_kind@approach_look_v2--r1--tick0--pan1500.png
2026-09-26-zone-own-perception-v3/dev-frames/eval-labels,zone_wide_door-s2#-grasp_wrong_kind@approach_look_v2--r1--tick1--pan1#.png,unknown SIM timing: every 10th numeric-sorted frame + first/last (mandatory endpoints may exceed 10% for n<20),,2,2,zone_wide_door-s241-grasp_wrong_kind@approach_look_v2--r1--tick1--pan1500.png,zone_wide_door-s244-grasp_wrong_kind@approach_look_v2--r1--tick1--pan1500.png
2026-09-26-zone-own-perception-v3/dev-frames/eval-labels,zone_wide_door-s2#-grasp_wrong_kind@approach_look_v2--r1--tick2--pan1#.png,unknown SIM timing: every 10th numeric-sorted frame + first/last (mandatory endpoints may exceed 10% for n<20),,2,2,zone_wide_door-s241-grasp_wrong_kind@approach_look_v2--r1--tick2--pan1500.png,zone_wide_door-s244-grasp_wrong_kind@approach_look_v2--r1--tick2--pan1500.png
2026-09-26-zone-own-perception-v3/dev-frames/eval-labels,zone_wide_door-s2#-grasp_wrong_kind@grasp_look_v3--r1--tick0--pan1#.png,unknown SIM timing: every 10th numeric-sorted frame + first/last (mandatory endpoints may exceed 10% for n<20),,2,2,zone_wide_door-s241-grasp_wrong_kind@grasp_look_v3--r1--tick0--pan1500.png,zone_wide_door-s244-grasp_wrong_kind@grasp_look_v3--r1--tick0--pan1500.png
2026-09-26-zone-own-perception-v3/dev-frames/eval-labels,zone_wide_door-s2#-grasp_wrong_kind@grasp_look_v3--r1--tick1--pan1#.png,unknown SIM timing: every 10th numeric-sorted frame + first/last (mandatory endpoints may exceed 10% for n<20),,2,2,zone_wide_door-s241-grasp_wrong_kind@grasp_look_v3--r1--tick1--pan1500.png,zone_wide_door-s244-grasp_wrong_kind@grasp_look_v3--r1--tick1--pan1500.png
2026-09-26-zone-own-perception-v3/dev-frames/eval-labels,zone_wide_door-s2#-grasp_wrong_kind@grasp_look_v3--r1--tick2--pan1#.png,unknown SIM timing: every 10th numeric-sorted frame + first/last (mandatory endpoints may exceed 10% for n<20),,2,2,zone_wide_door-s241-grasp_wrong_kind@grasp_look_v3--r1--tick2--pan1500.png,zone_wide_door-s244-grasp_wrong_kind@grasp_look_v3--r1--tick2--pan1500.png
2026-09-26-zone-own-perception-v3/dev-frames/eval-labels,zone_wide_door-s2#-held_box_carry--r1--tick0--pan1#.png,unknown SIM timing: every 10th numeric-sorted frame + first/last (mandatory endpoints may exceed 10% for n<20),,2,2,zone_wide_door-s241-held_box_carry--r1--tick0--pan1500.png,zone_wide_door-s244-held_box_carry--r1--tick0--pan1500.png
2026-09-26-zone-own-perception-v3/dev-frames/eval-labels,zone_wide_door-s2#-held_box_carry--r1--tick1--pan1#.png,unknown SIM timing: every 10th numeric-sorted frame + first/last (mandatory endpoints may exceed 10% for n<20),,2,2,zone_wide_door-s241-held_box_carry--r1--tick1--pan1500.png,zone_wide_door-s244-held_box_carry--r1--tick1--pan1500.png
2026-09-26-zone-own-perception-v3/dev-frames/eval-labels,zone_wide_door-s2#-held_box_carry--r1--tick2--pan1#.png,unknown SIM timing: every 10th numeric-sorted frame + first/last (mandatory endpoints may exceed 10% for n<20),,2,2,zone_wide_door-s241-held_box_carry--r1--tick2--pan1500.png,zone_wide_door-s244-held_box_carry--r1--tick2--pan1500.png
2026-09-26-zone-own-perception-v3/dev-frames/eval-labels,zone_wide_door-s2#-held_box_held_check--r1--tick0--pan1#.png,unknown SIM timing: every 10th numeric-sorted frame + first/last (mandatory endpoints may exceed 10% for n<20),,2,2,zone_wide_door-s241-held_box_held_check--r1--tick0--pan1500.png,zone_wide_door-s244-held_box_held_check--r1--tick0--pan1500.png
2026-09-26-zone-own-perception-v3/dev-frames/eval-labels,zone_wide_door-s2#-held_box_held_check--r1--tick1--pan1#.png,unknown SIM timing: every 10th numeric-sorted frame + first/last (mandatory endpoints may exceed 10% for n<20),,2,2,zone_wide_door-s241-held_box_held_check--r1--tick1--pan1500.png,zone_wide_door-s244-held_box_held_check--r1--tick1--pan1500.png
2026-09-26-zone-own-perception-v3/dev-frames/eval-labels,zone_wide_door-s2#-held_box_held_check--r1--tick2--pan1#.png,unknown SIM timing: every 10th numeric-sorted frame + first/last (mandatory endpoints may exceed 10% for n<20),,2,2,zone_wide_door-s241-held_box_held_check--r1--tick2--pan1500.png,zone_wide_door-s244-held_box_held_check--r1--tick2--pan1500.png
2026-09-26-zone-own-perception-v3/dev-frames/eval-labels,zone_wide_door-s2#-held_can--r1--tick0--pan1#.png,unknown SIM timing: every 10th numeric-sorted frame + first/last (mandatory endpoints may exceed 10% for n<20),,2,2,zone_wide_door-s241-held_can--r1--tick0--pan1500.png,zone_wide_door-s244-held_can--r1--tick0--pan1500.png
2026-09-26-zone-own-perception-v3/dev-frames/eval-labels,zone_wide_door-s2#-held_can--r1--tick1--pan1#.png,unknown SIM timing: every 10th numeric-sorted frame + first/last (mandatory endpoints may exceed 10% for n<20),,2,2,zone_wide_door-s241-held_can--r1--tick1--pan1500.png,zone_wide_door-s244-held_can--r1--tick1--pan1500.png
2026-09-26-zone-own-perception-v3/dev-frames/eval-labels,zone_wide_door-s2#-held_can--r1--tick2--pan1#.png,unknown SIM timing: every 10th numeric-sorted frame + first/last (mandatory endpoints may exceed 10% for n<20),,2,2,zone_wide_door-s241-held_can--r1--tick2--pan1500.png,zone_wide_door-s244-held_can--r1--tick2--pan1500.png
2026-09-26-zone-own-perception-v3/dev-frames/eval-labels,zone_wide_door-s2#-held_can_absent--r1--tick0--pan1#.png,unknown SIM timing: every 10th numeric-sorted frame + first/last (mandatory endpoints may exceed 10% for n<20),,2,2,zone_wide_door-s241-held_can_absent--r1--tick0--pan1500.png,zone_wide_door-s244-held_can_absent--r1--tick0--pan1500.png
2026-09-26-zone-own-perception-v3/dev-frames/eval-labels,zone_wide_door-s2#-held_can_absent--r1--tick1--pan1#.png,unknown SIM timing: every 10th numeric-sorted frame + first/last (mandatory endpoints may exceed 10% for n<20),,2,2,zone_wide_door-s241-held_can_absent--r1--tick1--pan1500.png,zone_wide_door-s244-held_can_absent--r1--tick1--pan1500.png
2026-09-26-zone-own-perception-v3/dev-frames/eval-labels,zone_wide_door-s2#-held_can_absent--r1--tick2--pan1#.png,unknown SIM timing: every 10th numeric-sorted frame + first/last (mandatory endpoints may exceed 10% for n<20),,2,2,zone_wide_door-s241-held_can_absent--r1--tick2--pan1500.png,zone_wide_door-s244-held_can_absent--r1--tick2--pan1500.png
2026-09-26-zone-own-perception-v3/dev-frames/eval-labels,zone_wide_door-s2#-held_can_carry--r1--tick0--pan1#.png,unknown SIM timing: every 10th numeric-sorted frame + first/last (mandatory endpoints may exceed 10% for n<20),,2,2,zone_wide_door-s241-held_can_carry--r1--tick0--pan1500.png,zone_wide_door-s244-held_can_carry--r1--tick0--pan1500.png
2026-09-26-zone-own-perception-v3/dev-frames/eval-labels,zone_wide_door-s2#-held_can_carry--r1--tick1--pan1#.png,unknown SIM timing: every 10th numeric-sorted frame + first/last (mandatory endpoints may exceed 10% for n<20),,2,2,zone_wide_door-s241-held_can_carry--r1--tick1--pan1500.png,zone_wide_door-s244-held_can_carry--r1--tick1--pan1500.png
2026-09-26-zone-own-perception-v3/dev-frames/eval-labels,zone_wide_door-s2#-held_can_carry--r1--tick2--pan1#.png,unknown SIM timing: every 10th numeric-sorted frame + first/last (mandatory endpoints may exceed 10% for n<20),,2,2,zone_wide_door-s241-held_can_carry--r1--tick2--pan1500.png,zone_wide_door-s244-held_can_carry--r1--tick2--pan1500.png
2026-09-26-zone-own-perception-v3/dev-frames/eval-labels,zone_wide_door-s2#-held_can_wrong_kind--r1--tick0--pan1#.png,unknown SIM timing: every 10th numeric-sorted frame + first/last (mandatory endpoints may exceed 10% for n<20),,2,2,zone_wide_door-s241-held_can_wrong_kind--r1--tick0--pan1500.png,zone_wide_door-s244-held_can_wrong_kind--r1--tick0--pan1500.png
2026-09-26-zone-own-perception-v3/dev-frames/eval-labels,zone_wide_door-s2#-held_can_wrong_kind--r1--tick1--pan1#.png,unknown SIM timing: every 10th numeric-sorted frame + first/last (mandatory endpoints may exceed 10% for n<20),,2,2,zone_wide_door-s241-held_can_wrong_kind--r1--tick1--pan1500.png,zone_wide_door-s244-held_can_wrong_kind--r1--tick1--pan1500.png
2026-09-26-zone-own-perception-v3/dev-frames/eval-labels,zone_wide_door-s2#-held_can_wrong_kind--r1--tick2--pan1#.png,unknown SIM timing: every 10th numeric-sorted frame + first/last (mandatory endpoints may exceed 10% for n<20),,2,2,zone_wide_door-s241-held_can_wrong_kind--r1--tick2--pan1500.png,zone_wide_door-s244-held_can_wrong_kind--r1--tick2--pan1500.png
2026-09-26-zone-own-perception-v3/dev-frames/eval-labels,zone_wide_door-s2#-held_nothing_carry--r1--tick0--pan1#.png,unknown SIM timing: every 10th numeric-sorted frame + first/last (mandatory endpoints may exceed 10% for n<20),,2,2,zone_wide_door-s241-held_nothing_carry--r1--tick0--pan1500.png,zone_wide_door-s244-held_nothing_carry--r1--tick0--pan1500.png
2026-09-26-zone-own-perception-v3/dev-frames/eval-labels,zone_wide_door-s2#-held_nothing_carry--r1--tick1--pan1#.png,unknown SIM timing: every 10th numeric-sorted frame + first/last (mandatory endpoints may exceed 10% for n<20),,2,2,zone_wide_door-s241-held_nothing_carry--r1--tick1--pan1500.png,zone_wide_door-s244-held_nothing_carry--r1--tick1--pan1500.png
2026-09-26-zone-own-perception-v3/dev-frames/eval-labels,zone_wide_door-s2#-held_nothing_carry--r1--tick2--pan1#.png,unknown SIM timing: every 10th numeric-sorted frame + first/last (mandatory endpoints may exceed 10% for n<20),,2,2,zone_wide_door-s241-held_nothing_carry--r1--tick2--pan1500.png,zone_wide_door-s244-held_nothing_carry--r1--tick2--pan1500.png
2026-09-26-zone-own-perception-v3/dev-frames/eval-labels,zone_wide_door-s2#-held_tile_carry--r1--tick0--pan1#.png,unknown SIM timing: every 10th numeric-sorted frame + first/last (mandatory endpoints may exceed 10% for n<20),,2,2,zone_wide_door-s241-held_tile_carry--r1--tick0--pan1500.png,zone_wide_door-s244-held_tile_carry--r1--tick0--pan1500.png
2026-09-26-zone-own-perception-v3/dev-frames/eval-labels,zone_wide_door-s2#-held_tile_carry--r1--tick1--pan1#.png,unknown SIM timing: every 10th numeric-sorted frame + first/last (mandatory endpoints may exceed 10% for n<20),,2,2,zone_wide_door-s241-held_tile_carry--r1--tick1--pan1500.png,zone_wide_door-s244-held_tile_carry--r1--tick1--pan1500.png
2026-09-26-zone-own-perception-v3/dev-frames/eval-labels,zone_wide_door-s2#-held_tile_carry--r1--tick2--pan1#.png,unknown SIM timing: every 10th numeric-sorted frame + first/last (mandatory endpoints may exceed 10% for n<20),,2,2,zone_wide_door-s241-held_tile_carry--r1--tick2--pan1500.png,zone_wide_door-s244-held_tile_carry--r1--tick2--pan1500.png
2026-09-26-zone-own-perception-v3/dev-frames/eval-labels,zone_wide_door-s2#-held_tile_expect_box_carry--r1--tick0--pan1#.png,unknown SIM timing: every 10th numeric-sorted frame + first/last (mandatory endpoints may exceed 10% for n<20),,2,2,zone_wide_door-s241-held_tile_expect_box_carry--r1--tick0--pan1500.png,zone_wide_door-s244-held_tile_expect_box_carry--r1--tick0--pan1500.png
2026-09-26-zone-own-perception-v3/dev-frames/eval-labels,zone_wide_door-s2#-held_tile_expect_box_carry--r1--tick1--pan1#.png,unknown SIM timing: every 10th numeric-sorted frame + first/last (mandatory endpoints may exceed 10% for n<20),,2,2,zone_wide_door-s241-held_tile_expect_box_carry--r1--tick1--pan1500.png,zone_wide_door-s244-held_tile_expect_box_carry--r1--tick1--pan1500.png
2026-09-26-zone-own-perception-v3/dev-frames/eval-labels,zone_wide_door-s2#-held_tile_expect_box_carry--r1--tick2--pan1#.png,unknown SIM timing: every 10th numeric-sorted frame + first/last (mandatory endpoints may exceed 10% for n<20),,2,2,zone_wide_door-s241-held_tile_expect_box_carry--r1--tick2--pan1500.png,zone_wide_door-s244-held_tile_expect_box_carry--r1--tick2--pan1500.png
2026-09-26-zone-own-perception-v3/dev-frames/eval-labels,zone_wide_door-s2#-wrong_end_long_beam@approach_look_v2--r1--tick0--pan1#.png,unknown SIM timing: every 10th numeric-sorted frame + first/last (mandatory endpoints may exceed 10% for n<20),,2,2,zone_wide_door-s241-wrong_end_long_beam@approach_look_v2--r1--tick0--pan1500.png,zone_wide_door-s244-wrong_end_long_beam@approach_look_v2--r1--tick0--pan1500.png
2026-09-26-zone-own-perception-v3/dev-frames/eval-labels,zone_wide_door-s2#-wrong_end_long_beam@approach_look_v2--r1--tick1--pan1#.png,unknown SIM timing: every 10th numeric-sorted frame + first/last (mandatory endpoints may exceed 10% for n<20),,2,2,zone_wide_door-s241-wrong_end_long_beam@approach_look_v2--r1--tick1--pan1500.png,zone_wide_door-s244-wrong_end_long_beam@approach_look_v2--r1--tick1--pan1500.png
2026-09-26-zone-own-perception-v3/dev-frames/eval-labels,zone_wide_door-s2#-wrong_end_long_beam@approach_look_v2--r1--tick2--pan1#.png,unknown SIM timing: every 10th numeric-sorted frame + first/last (mandatory endpoints may exceed 10% for n<20),,2,2,zone_wide_door-s241-wrong_end_long_beam@approach_look_v2--r1--tick2--pan1500.png,zone_wide_door-s244-wrong_end_long_beam@approach_look_v2--r1--tick2--pan1500.png
2026-09-26-zone-own-perception-v3/dev-frames/eval-labels,zone_wide_door-s2#-wrong_end_long_beam@grasp_look_v3--r1--tick0--pan1#.png,unknown SIM timing: every 10th numeric-sorted frame + first/last (mandatory endpoints may exceed 10% for n<20),,2,2,zone_wide_door-s241-wrong_end_long_beam@grasp_look_v3--r1--tick0--pan1500.png,zone_wide_door-s244-wrong_end_long_beam@grasp_look_v3--r1--tick0--pan1500.png
2026-09-26-zone-own-perception-v3/dev-frames/eval-labels,zone_wide_door-s2#-wrong_end_long_beam@grasp_look_v3--r1--tick1--pan1#.png,unknown SIM timing: every 10th numeric-sorted frame + first/last (mandatory endpoints may exceed 10% for n<20),,2,2,zone_wide_door-s241-wrong_end_long_beam@grasp_look_v3--r1--tick1--pan1500.png,zone_wide_door-s244-wrong_end_long_beam@grasp_look_v3--r1--tick1--pan1500.png
2026-09-26-zone-own-perception-v3/dev-frames/eval-labels,zone_wide_door-s2#-wrong_end_long_beam@grasp_look_v3--r1--tick2--pan1#.png,unknown SIM timing: every 10th numeric-sorted frame + first/last (mandatory endpoints may exceed 10% for n<20),,2,2,zone_wide_door-s241-wrong_end_long_beam@grasp_look_v3--r1--tick2--pan1500.png,zone_wide_door-s244-wrong_end_long_beam@grasp_look_v3--r1--tick2--pan1500.png
2026-09-26-zone-own-perception-v3/dev-frames/eval-labels,zone_wide_two_doors-s2#-carry_beam_expect_crate--r1--tick0--pan1#.png,unknown SIM timing: every 10th numeric-sorted frame + first/last (mandatory endpoints may exceed 10% for n<20),,1,1,zone_wide_two_doors-s243-carry_beam_expect_crate--r1--tick0--pan1500.png,zone_wide_two_doors-s243-carry_beam_expect_crate--r1--tick0--pan1500.png
2026-09-26-zone-own-perception-v3/dev-frames/eval-labels,zone_wide_two_doors-s2#-carry_beam_expect_crate--r1--tick1--pan1#.png,unknown SIM timing: every 10th numeric-sorted frame + first/last (mandatory endpoints may exceed 10% for n<20),,1,1,zone_wide_two_doors-s243-carry_beam_expect_crate--r1--tick1--pan1500.png,zone_wide_two_doors-s243-carry_beam_expect_crate--r1--tick1--pan1500.png
2026-09-26-zone-own-perception-v3/dev-frames/eval-labels,zone_wide_two_doors-s2#-carry_beam_expect_crate--r1--tick2--pan1#.png,unknown SIM timing: every 10th numeric-sorted frame + first/last (mandatory endpoints may exceed 10% for n<20),,1,1,zone_wide_two_doors-s243-carry_beam_expect_crate--r1--tick2--pan1500.png,zone_wide_two_doors-s243-carry_beam_expect_crate--r1--tick2--pan1500.png
2026-09-26-zone-own-perception-v3/dev-frames/eval-labels,zone_wide_two_doors-s2#-carry_crate_expect_beam--r1--tick0--pan1#.png,unknown SIM timing: every 10th numeric-sorted frame + first/last (mandatory endpoints may exceed 10% for n<20),,1,1,zone_wide_two_doors-s243-carry_crate_expect_beam--r1--tick0--pan1500.png,zone_wide_two_doors-s243-carry_crate_expect_beam--r1--tick0--pan1500.png
2026-09-26-zone-own-perception-v3/dev-frames/eval-labels,zone_wide_two_doors-s2#-carry_crate_expect_beam--r1--tick1--pan1#.png,unknown SIM timing: every 10th numeric-sorted frame + first/last (mandatory endpoints may exceed 10% for n<20),,1,1,zone_wide_two_doors-s243-carry_crate_expect_beam--r1--tick1--pan1500.png,zone_wide_two_doors-s243-carry_crate_expect_beam--r1--tick1--pan1500.png
2026-09-26-zone-own-perception-v3/dev-frames/eval-labels,zone_wide_two_doors-s2#-carry_crate_expect_beam--r1--tick2--pan1#.png,unknown SIM timing: every 10th numeric-sorted frame + first/last (mandatory endpoints may exceed 10% for n<20),,1,1,zone_wide_two_doors-s243-carry_crate_expect_beam--r1--tick2--pan1500.png,zone_wide_two_doors-s243-carry_crate_expect_beam--r1--tick2--pan1500.png
2026-09-26-zone-own-perception-v3/dev-frames/eval-labels,zone_wide_two_doors-s2#-carry_heavy_crate--r1--tick0--pan1#.png,unknown SIM timing: every 10th numeric-sorted frame + first/last (mandatory endpoints may exceed 10% for n<20),,1,1,zone_wide_two_doors-s243-carry_heavy_crate--r1--tick0--pan1500.png,zone_wide_two_doors-s243-carry_heavy_crate--r1--tick0--pan1500.png
2026-09-26-zone-own-perception-v3/dev-frames/eval-labels,zone_wide_two_doors-s2#-carry_heavy_crate--r1--tick1--pan1#.png,unknown SIM timing: every 10th numeric-sorted frame + first/last (mandatory endpoints may exceed 10% for n<20),,1,1,zone_wide_two_doors-s243-carry_heavy_crate--r1--tick1--pan1500.png,zone_wide_two_doors-s243-carry_heavy_crate--r1--tick1--pan1500.png
2026-09-26-zone-own-perception-v3/dev-frames/eval-labels,zone_wide_two_doors-s2#-carry_heavy_crate--r1--tick2--pan1#.png,unknown SIM timing: every 10th numeric-sorted frame + first/last (mandatory endpoints may exceed 10% for n<20),,1,1,zone_wide_two_doors-s243-carry_heavy_crate--r1--tick2--pan1500.png,zone_wide_two_doors-s243-carry_heavy_crate--r1--tick2--pan1500.png
2026-09-26-zone-own-perception-v3/dev-frames/eval-labels,zone_wide_two_doors-s2#-carry_long_beam--r1--tick0--pan1#.png,unknown SIM timing: every 10th numeric-sorted frame + first/last (mandatory endpoints may exceed 10% for n<20),,1,1,zone_wide_two_doors-s243-carry_long_beam--r1--tick0--pan1500.png,zone_wide_two_doors-s243-carry_long_beam--r1--tick0--pan1500.png
2026-09-26-zone-own-perception-v3/dev-frames/eval-labels,zone_wide_two_doors-s2#-carry_long_beam--r1--tick1--pan1#.png,unknown SIM timing: every 10th numeric-sorted frame + first/last (mandatory endpoints may exceed 10% for n<20),,1,1,zone_wide_two_doors-s243-carry_long_beam--r1--tick1--pan1500.png,zone_wide_two_doors-s243-carry_long_beam--r1--tick1--pan1500.png
2026-09-26-zone-own-perception-v3/dev-frames/eval-labels,zone_wide_two_doors-s2#-carry_long_beam--r1--tick2--pan1#.png,unknown SIM timing: every 10th numeric-sorted frame + first/last (mandatory endpoints may exceed 10% for n<20),,1,1,zone_wide_two_doors-s243-carry_long_beam--r1--tick2--pan1500.png,zone_wide_two_doors-s243-carry_long_beam--r1--tick2--pan1500.png
2026-09-26-zone-own-perception-v3/dev-frames/eval-labels,zone_wide_two_doors-s2#-carry_nothing_expect_crate--r1--tick0--pan1#.png,unknown SIM timing: every 10th numeric-sorted frame + first/last (mandatory endpoints may exceed 10% for n<20),,1,1,zone_wide_two_doors-s243-carry_nothing_expect_crate--r1--tick0--pan1500.png,zone_wide_two_doors-s243-carry_nothing_expect_crate--r1--tick0--pan1500.png
2026-09-26-zone-own-perception-v3/dev-frames/eval-labels,zone_wide_two_doors-s2#-carry_nothing_expect_crate--r1--tick1--pan1#.png,unknown SIM timing: every 10th numeric-sorted frame + first/last (mandatory endpoints may exceed 10% for n<20),,1,1,zone_wide_two_doors-s243-carry_nothing_expect_crate--r1--tick1--pan1500.png,zone_wide_two_doors-s243-carry_nothing_expect_crate--r1--tick1--pan1500.png
2026-09-26-zone-own-perception-v3/dev-frames/eval-labels,zone_wide_two_doors-s2#-carry_nothing_expect_crate--r1--tick2--pan1#.png,unknown SIM timing: every 10th numeric-sorted frame + first/last (mandatory endpoints may exceed 10% for n<20),,1,1,zone_wide_two_doors-s243-carry_nothing_expect_crate--r1--tick2--pan1500.png,zone_wide_two_doors-s243-carry_nothing_expect_crate--r1--tick2--pan1500.png
2026-09-26-zone-own-perception-v3/dev-frames/eval-labels,zone_wide_two_doors-s2#-carry_tri_frame--r1--tick0--pan1#.png,unknown SIM timing: every 10th numeric-sorted frame + first/last (mandatory endpoints may exceed 10% for n<20),,1,1,zone_wide_two_doors-s243-carry_tri_frame--r1--tick0--pan1500.png,zone_wide_two_doors-s243-carry_tri_frame--r1--tick0--pan1500.png
2026-09-26-zone-own-perception-v3/dev-frames/eval-labels,zone_wide_two_doors-s2#-carry_tri_frame--r1--tick1--pan1#.png,unknown SIM timing: every 10th numeric-sorted frame + first/last (mandatory endpoints may exceed 10% for n<20),,1,1,zone_wide_two_doors-s243-carry_tri_frame--r1--tick1--pan1500.png,zone_wide_two_doors-s243-carry_tri_frame--r1--tick1--pan1500.png
2026-09-26-zone-own-perception-v3/dev-frames/eval-labels,zone_wide_two_doors-s2#-carry_tri_frame--r1--tick2--pan1#.png,unknown SIM timing: every 10th numeric-sorted frame + first/last (mandatory endpoints may exceed 10% for n<20),,1,1,zone_wide_two_doors-s243-carry_tri_frame--r1--tick2--pan1500.png,zone_wide_two_doors-s243-carry_tri_frame--r1--tick2--pan1500.png
2026-09-26-zone-own-perception-v3/dev-frames/eval-labels,zone_wide_two_doors-s2#-grasp_heavy_crate@approach_look_v2--r1--tick0--pan1#.png,unknown SIM timing: every 10th numeric-sorted frame + first/last (mandatory endpoints may exceed 10% for n<20),,1,1,zone_wide_two_doors-s243-grasp_heavy_crate@approach_look_v2--r1--tick0--pan1500.png,zone_wide_two_doors-s243-grasp_heavy_crate@approach_look_v2--r1--tick0--pan1500.png
2026-09-26-zone-own-perception-v3/dev-frames/eval-labels,zone_wide_two_doors-s2#-grasp_heavy_crate@approach_look_v2--r1--tick1--pan1#.png,unknown SIM timing: every 10th numeric-sorted frame + first/last (mandatory endpoints may exceed 10% for n<20),,1,1,zone_wide_two_doors-s243-grasp_heavy_crate@approach_look_v2--r1--tick1--pan1500.png,zone_wide_two_doors-s243-grasp_heavy_crate@approach_look_v2--r1--tick1--pan1500.png
2026-09-26-zone-own-perception-v3/dev-frames/eval-labels,zone_wide_two_doors-s2#-grasp_heavy_crate@approach_look_v2--r1--tick2--pan1#.png,unknown SIM timing: every 10th numeric-sorted frame + first/last (mandatory endpoints may exceed 10% for n<20),,1,1,zone_wide_two_doors-s243-grasp_heavy_crate@approach_look_v2--r1--tick2--pan1500.png,zone_wide_two_doors-s243-grasp_heavy_crate@approach_look_v2--r1--tick2--pan1500.png
2026-09-26-zone-own-perception-v3/dev-frames/eval-labels,zone_wide_two_doors-s2#-grasp_heavy_crate@grasp_look_v3--r1--tick0--pan1#.png,unknown SIM timing: every 10th numeric-sorted frame + first/last (mandatory endpoints may exceed 10% for n<20),,1,1,zone_wide_two_doors-s243-grasp_heavy_crate@grasp_look_v3--r1--tick0--pan1500.png,zone_wide_two_doors-s243-grasp_heavy_crate@grasp_look_v3--r1--tick0--pan1500.png
2026-09-26-zone-own-perception-v3/dev-frames/eval-labels,zone_wide_two_doors-s2#-grasp_heavy_crate@grasp_look_v3--r1--tick1--pan1#.png,unknown SIM timing: every 10th numeric-sorted frame + first/last (mandatory endpoints may exceed 10% for n<20),,1,1,zone_wide_two_doors-s243-grasp_heavy_crate@grasp_look_v3--r1--tick1--pan1500.png,zone_wide_two_doors-s243-grasp_heavy_crate@grasp_look_v3--r1--tick1--pan1500.png
2026-09-26-zone-own-perception-v3/dev-frames/eval-labels,zone_wide_two_doors-s2#-grasp_heavy_crate@grasp_look_v3--r1--tick2--pan1#.png,unknown SIM timing: every 10th numeric-sorted frame + first/last (mandatory endpoints may exceed 10% for n<20),,1,1,zone_wide_two_doors-s243-grasp_heavy_crate@grasp_look_v3--r1--tick2--pan1500.png,zone_wide_two_doors-s243-grasp_heavy_crate@grasp_look_v3--r1--tick2--pan1500.png
2026-09-26-zone-own-perception-v3/dev-frames/eval-labels,zone_wide_two_doors-s2#-grasp_long_beam@approach_look_v2--r1--tick0--pan1#.png,unknown SIM timing: every 10th numeric-sorted frame + first/last (mandatory endpoints may exceed 10% for n<20),,1,1,zone_wide_two_doors-s243-grasp_long_beam@approach_look_v2--r1--tick0--pan1500.png,zone_wide_two_doors-s243-grasp_long_beam@approach_look_v2--r1--tick0--pan1500.png
2026-09-26-zone-own-perception-v3/dev-frames/eval-labels,zone_wide_two_doors-s2#-grasp_long_beam@approach_look_v2--r1--tick1--pan1#.png,unknown SIM timing: every 10th numeric-sorted frame + first/last (mandatory endpoints may exceed 10% for n<20),,1,1,zone_wide_two_doors-s243-grasp_long_beam@approach_look_v2--r1--tick1--pan1500.png,zone_wide_two_doors-s243-grasp_long_beam@approach_look_v2--r1--tick1--pan1500.png
2026-09-26-zone-own-perception-v3/dev-frames/eval-labels,zone_wide_two_doors-s2#-grasp_long_beam@approach_look_v2--r1--tick2--pan1#.png,unknown SIM timing: every 10th numeric-sorted frame + first/last (mandatory endpoints may exceed 10% for n<20),,1,1,zone_wide_two_doors-s243-grasp_long_beam@approach_look_v2--r1--tick2--pan1500.png,zone_wide_two_doors-s243-grasp_long_beam@approach_look_v2--r1--tick2--pan1500.png
2026-09-26-zone-own-perception-v3/dev-frames/eval-labels,zone_wide_two_doors-s2#-grasp_long_beam@grasp_look_v3--r1--tick0--pan1#.png,unknown SIM timing: every 10th numeric-sorted frame + first/last (mandatory endpoints may exceed 10% for n<20),,1,1,zone_wide_two_doors-s243-grasp_long_beam@grasp_look_v3--r1--tick0--pan1500.png,zone_wide_two_doors-s243-grasp_long_beam@grasp_look_v3--r1--tick0--pan1500.png
2026-09-26-zone-own-perception-v3/dev-frames/eval-labels,zone_wide_two_doors-s2#-grasp_long_beam@grasp_look_v3--r1--tick1--pan1#.png,unknown SIM timing: every 10th numeric-sorted frame + first/last (mandatory endpoints may exceed 10% for n<20),,1,1,zone_wide_two_doors-s243-grasp_long_beam@grasp_look_v3--r1--tick1--pan1500.png,zone_wide_two_doors-s243-grasp_long_beam@grasp_look_v3--r1--tick1--pan1500.png
2026-09-26-zone-own-perception-v3/dev-frames/eval-labels,zone_wide_two_doors-s2#-grasp_long_beam@grasp_look_v3--r1--tick2--pan1#.png,unknown SIM timing: every 10th numeric-sorted frame + first/last (mandatory endpoints may exceed 10% for n<20),,1,1,zone_wide_two_doors-s243-grasp_long_beam@grasp_look_v3--r1--tick2--pan1500.png,zone_wide_two_doors-s243-grasp_long_beam@grasp_look_v3--r1--tick2--pan1500.png
2026-09-26-zone-own-perception-v3/dev-frames/eval-labels,zone_wide_two_doors-s2#-grasp_tri_frame@approach_look_v2--r1--tick0--pan1#.png,unknown SIM timing: every 10th numeric-sorted frame + first/last (mandatory endpoints may exceed 10% for n<20),,1,1,zone_wide_two_doors-s243-grasp_tri_frame@approach_look_v2--r1--tick0--pan1500.png,zone_wide_two_doors-s243-grasp_tri_frame@approach_look_v2--r1--tick0--pan1500.png
2026-09-26-zone-own-perception-v3/dev-frames/eval-labels,zone_wide_two_doors-s2#-grasp_tri_frame@approach_look_v2--r1--tick1--pan1#.png,unknown SIM timing: every 10th numeric-sorted frame + first/last (mandatory endpoints may exceed 10% for n<20),,1,1,zone_wide_two_doors-s243-grasp_tri_frame@approach_look_v2--r1--tick1--pan1500.png,zone_wide_two_doors-s243-grasp_tri_frame@approach_look_v2--r1--tick1--pan1500.png
2026-09-26-zone-own-perception-v3/dev-frames/eval-labels,zone_wide_two_doors-s2#-grasp_tri_frame@approach_look_v2--r1--tick2--pan1#.png,unknown SIM timing: every 10th numeric-sorted frame + first/last (mandatory endpoints may exceed 10% for n<20),,1,1,zone_wide_two_doors-s243-grasp_tri_frame@approach_look_v2--r1--tick2--pan1500.png,zone_wide_two_doors-s243-grasp_tri_frame@approach_look_v2--r1--tick2--pan1500.png
2026-09-26-zone-own-perception-v3/dev-frames/eval-labels,zone_wide_two_doors-s2#-grasp_tri_frame@grasp_look_v3--r1--tick0--pan1#.png,unknown SIM timing: every 10th numeric-sorted frame + first/last (mandatory endpoints may exceed 10% for n<20),,1,1,zone_wide_two_doors-s243-grasp_tri_frame@grasp_look_v3--r1--tick0--pan1500.png,zone_wide_two_doors-s243-grasp_tri_frame@grasp_look_v3--r1--tick0--pan1500.png
2026-09-26-zone-own-perception-v3/dev-frames/eval-labels,zone_wide_two_doors-s2#-grasp_tri_frame@grasp_look_v3--r1--tick1--pan1#.png,unknown SIM timing: every 10th numeric-sorted frame + first/last (mandatory endpoints may exceed 10% for n<20),,1,1,zone_wide_two_doors-s243-grasp_tri_frame@grasp_look_v3--r1--tick1--pan1500.png,zone_wide_two_doors-s243-grasp_tri_frame@grasp_look_v3--r1--tick1--pan1500.png
2026-09-26-zone-own-perception-v3/dev-frames/eval-labels,zone_wide_two_doors-s2#-grasp_tri_frame@grasp_look_v3--r1--tick2--pan1#.png,unknown SIM timing: every 10th numeric-sorted frame + first/last (mandatory endpoints may exceed 10% for n<20),,1,1,zone_wide_two_doors-s243-grasp_tri_frame@grasp_look_v3--r1--tick2--pan1500.png,zone_wide_two_doors-s243-grasp_tri_frame@grasp_look_v3--r1--tick2--pan1500.png
2026-09-26-zone-own-perception-v3/dev-frames/eval-labels,zone_wide_two_doors-s2#-grasp_wrong_kind@approach_look_v2--r1--tick0--pan1#.png,unknown SIM timing: every 10th numeric-sorted frame + first/last (mandatory endpoints may exceed 10% for n<20),,1,1,zone_wide_two_doors-s243-grasp_wrong_kind@approach_look_v2--r1--tick0--pan1500.png,zone_wide_two_doors-s243-grasp_wrong_kind@approach_look_v2--r1--tick0--pan1500.png
2026-09-26-zone-own-perception-v3/dev-frames/eval-labels,zone_wide_two_doors-s2#-grasp_wrong_kind@approach_look_v2--r1--tick1--pan1#.png,unknown SIM timing: every 10th numeric-sorted frame + first/last (mandatory endpoints may exceed 10% for n<20),,1,1,zone_wide_two_doors-s243-grasp_wrong_kind@approach_look_v2--r1--tick1--pan1500.png,zone_wide_two_doors-s243-grasp_wrong_kind@approach_look_v2--r1--tick1--pan1500.png
2026-09-26-zone-own-perception-v3/dev-frames/eval-labels,zone_wide_two_doors-s2#-grasp_wrong_kind@approach_look_v2--r1--tick2--pan1#.png,unknown SIM timing: every 10th numeric-sorted frame + first/last (mandatory endpoints may exceed 10% for n<20),,1,1,zone_wide_two_doors-s243-grasp_wrong_kind@approach_look_v2--r1--tick2--pan1500.png,zone_wide_two_doors-s243-grasp_wrong_kind@approach_look_v2--r1--tick2--pan1500.png
2026-09-26-zone-own-perception-v3/dev-frames/eval-labels,zone_wide_two_doors-s2#-grasp_wrong_kind@grasp_look_v3--r1--tick0--pan1#.png,unknown SIM timing: every 10th numeric-sorted frame + first/last (mandatory endpoints may exceed 10% for n<20),,1,1,zone_wide_two_doors-s243-grasp_wrong_kind@grasp_look_v3--r1--tick0--pan1500.png,zone_wide_two_doors-s243-grasp_wrong_kind@grasp_look_v3--r1--tick0--pan1500.png
2026-09-26-zone-own-perception-v3/dev-frames/eval-labels,zone_wide_two_doors-s2#-grasp_wrong_kind@grasp_look_v3--r1--tick1--pan1#.png,unknown SIM timing: every 10th numeric-sorted frame + first/last (mandatory endpoints may exceed 10% for n<20),,1,1,zone_wide_two_doors-s243-grasp_wrong_kind@grasp_look_v3--r1--tick1--pan1500.png,zone_wide_two_doors-s243-grasp_wrong_kind@grasp_look_v3--r1--tick1--pan1500.png
2026-09-26-zone-own-perception-v3/dev-frames/eval-labels,zone_wide_two_doors-s2#-grasp_wrong_kind@grasp_look_v3--r1--tick2--pan1#.png,unknown SIM timing: every 10th numeric-sorted frame + first/last (mandatory endpoints may exceed 10% for n<20),,1,1,zone_wide_two_doors-s243-grasp_wrong_kind@grasp_look_v3--r1--tick2--pan1500.png,zone_wide_two_doors-s243-grasp_wrong_kind@grasp_look_v3--r1--tick2--pan1500.png
2026-09-26-zone-own-perception-v3/dev-frames/eval-labels,zone_wide_two_doors-s2#-held_box_carry--r1--tick0--pan1#.png,unknown SIM timing: every 10th numeric-sorted frame + first/last (mandatory endpoints may exceed 10% for n<20),,1,1,zone_wide_two_doors-s243-held_box_carry--r1--tick0--pan1500.png,zone_wide_two_doors-s243-held_box_carry--r1--tick0--pan1500.png
2026-09-26-zone-own-perception-v3/dev-frames/eval-labels,zone_wide_two_doors-s2#-held_box_carry--r1--tick1--pan1#.png,unknown SIM timing: every 10th numeric-sorted frame + first/last (mandatory endpoints may exceed 10% for n<20),,1,1,zone_wide_two_doors-s243-held_box_carry--r1--tick1--pan1500.png,zone_wide_two_doors-s243-held_box_carry--r1--tick1--pan1500.png
2026-09-26-zone-own-perception-v3/dev-frames/eval-labels,zone_wide_two_doors-s2#-held_box_carry--r1--tick2--pan1#.png,unknown SIM timing: every 10th numeric-sorted frame + first/last (mandatory endpoints may exceed 10% for n<20),,1,1,zone_wide_two_doors-s243-held_box_carry--r1--tick2--pan1500.png,zone_wide_two_doors-s243-held_box_carry--r1--tick2--pan1500.png
2026-09-26-zone-own-perception-v3/dev-frames/eval-labels,zone_wide_two_doors-s2#-held_box_held_check--r1--tick0--pan1#.png,unknown SIM timing: every 10th numeric-sorted frame + first/last (mandatory endpoints may exceed 10% for n<20),,1,1,zone_wide_two_doors-s243-held_box_held_check--r1--tick0--pan1500.png,zone_wide_two_doors-s243-held_box_held_check--r1--tick0--pan1500.png
2026-09-26-zone-own-perception-v3/dev-frames/eval-labels,zone_wide_two_doors-s2#-held_box_held_check--r1--tick1--pan1#.png,unknown SIM timing: every 10th numeric-sorted frame + first/last (mandatory endpoints may exceed 10% for n<20),,1,1,zone_wide_two_doors-s243-held_box_held_check--r1--tick1--pan1500.png,zone_wide_two_doors-s243-held_box_held_check--r1--tick1--pan1500.png
2026-09-26-zone-own-perception-v3/dev-frames/eval-labels,zone_wide_two_doors-s2#-held_box_held_check--r1--tick2--pan1#.png,unknown SIM timing: every 10th numeric-sorted frame + first/last (mandatory endpoints may exceed 10% for n<20),,1,1,zone_wide_two_doors-s243-held_box_held_check--r1--tick2--pan1500.png,zone_wide_two_doors-s243-held_box_held_check--r1--tick2--pan1500.png
2026-09-26-zone-own-perception-v3/dev-frames/eval-labels,zone_wide_two_doors-s2#-held_can--r1--tick0--pan1#.png,unknown SIM timing: every 10th numeric-sorted frame + first/last (mandatory endpoints may exceed 10% for n<20),,1,1,zone_wide_two_doors-s243-held_can--r1--tick0--pan1500.png,zone_wide_two_doors-s243-held_can--r1--tick0--pan1500.png
2026-09-26-zone-own-perception-v3/dev-frames/eval-labels,zone_wide_two_doors-s2#-held_can--r1--tick1--pan1#.png,unknown SIM timing: every 10th numeric-sorted frame + first/last (mandatory endpoints may exceed 10% for n<20),,1,1,zone_wide_two_doors-s243-held_can--r1--tick1--pan1500.png,zone_wide_two_doors-s243-held_can--r1--tick1--pan1500.png
2026-09-26-zone-own-perception-v3/dev-frames/eval-labels,zone_wide_two_doors-s2#-held_can--r1--tick2--pan1#.png,unknown SIM timing: every 10th numeric-sorted frame + first/last (mandatory endpoints may exceed 10% for n<20),,1,1,zone_wide_two_doors-s243-held_can--r1--tick2--pan1500.png,zone_wide_two_doors-s243-held_can--r1--tick2--pan1500.png
2026-09-26-zone-own-perception-v3/dev-frames/eval-labels,zone_wide_two_doors-s2#-held_can_absent--r1--tick0--pan1#.png,unknown SIM timing: every 10th numeric-sorted frame + first/last (mandatory endpoints may exceed 10% for n<20),,1,1,zone_wide_two_doors-s243-held_can_absent--r1--tick0--pan1500.png,zone_wide_two_doors-s243-held_can_absent--r1--tick0--pan1500.png
2026-09-26-zone-own-perception-v3/dev-frames/eval-labels,zone_wide_two_doors-s2#-held_can_absent--r1--tick1--pan1#.png,unknown SIM timing: every 10th numeric-sorted frame + first/last (mandatory endpoints may exceed 10% for n<20),,1,1,zone_wide_two_doors-s243-held_can_absent--r1--tick1--pan1500.png,zone_wide_two_doors-s243-held_can_absent--r1--tick1--pan1500.png
2026-09-26-zone-own-perception-v3/dev-frames/eval-labels,zone_wide_two_doors-s2#-held_can_absent--r1--tick2--pan1#.png,unknown SIM timing: every 10th numeric-sorted frame + first/last (mandatory endpoints may exceed 10% for n<20),,1,1,zone_wide_two_doors-s243-held_can_absent--r1--tick2--pan1500.png,zone_wide_two_doors-s243-held_can_absent--r1--tick2--pan1500.png
2026-09-26-zone-own-perception-v3/dev-frames/eval-labels,zone_wide_two_doors-s2#-held_can_carry--r1--tick0--pan1#.png,unknown SIM timing: every 10th numeric-sorted frame + first/last (mandatory endpoints may exceed 10% for n<20),,1,1,zone_wide_two_doors-s243-held_can_carry--r1--tick0--pan1500.png,zone_wide_two_doors-s243-held_can_carry--r1--tick0--pan1500.png
2026-09-26-zone-own-perception-v3/dev-frames/eval-labels,zone_wide_two_doors-s2#-held_can_carry--r1--tick1--pan1#.png,unknown SIM timing: every 10th numeric-sorted frame + first/last (mandatory endpoints may exceed 10% for n<20),,1,1,zone_wide_two_doors-s243-held_can_carry--r1--tick1--pan1500.png,zone_wide_two_doors-s243-held_can_carry--r1--tick1--pan1500.png
2026-09-26-zone-own-perception-v3/dev-frames/eval-labels,zone_wide_two_doors-s2#-held_can_carry--r1--tick2--pan1#.png,unknown SIM timing: every 10th numeric-sorted frame + first/last (mandatory endpoints may exceed 10% for n<20),,1,1,zone_wide_two_doors-s243-held_can_carry--r1--tick2--pan1500.png,zone_wide_two_doors-s243-held_can_carry--r1--tick2--pan1500.png
2026-09-26-zone-own-perception-v3/dev-frames/eval-labels,zone_wide_two_doors-s2#-held_can_wrong_kind--r1--tick0--pan1#.png,unknown SIM timing: every 10th numeric-sorted frame + first/last (mandatory endpoints may exceed 10% for n<20),,1,1,zone_wide_two_doors-s243-held_can_wrong_kind--r1--tick0--pan1500.png,zone_wide_two_doors-s243-held_can_wrong_kind--r1--tick0--pan1500.png
2026-09-26-zone-own-perception-v3/dev-frames/eval-labels,zone_wide_two_doors-s2#-held_can_wrong_kind--r1--tick1--pan1#.png,unknown SIM timing: every 10th numeric-sorted frame + first/last (mandatory endpoints may exceed 10% for n<20),,1,1,zone_wide_two_doors-s243-held_can_wrong_kind--r1--tick1--pan1500.png,zone_wide_two_doors-s243-held_can_wrong_kind--r1--tick1--pan1500.png
2026-09-26-zone-own-perception-v3/dev-frames/eval-labels,zone_wide_two_doors-s2#-held_can_wrong_kind--r1--tick2--pan1#.png,unknown SIM timing: every 10th numeric-sorted frame + first/last (mandatory endpoints may exceed 10% for n<20),,1,1,zone_wide_two_doors-s243-held_can_wrong_kind--r1--tick2--pan1500.png,zone_wide_two_doors-s243-held_can_wrong_kind--r1--tick2--pan1500.png
2026-09-26-zone-own-perception-v3/dev-frames/eval-labels,zone_wide_two_doors-s2#-held_nothing_carry--r1--tick0--pan1#.png,unknown SIM timing: every 10th numeric-sorted frame + first/last (mandatory endpoints may exceed 10% for n<20),,1,1,zone_wide_two_doors-s243-held_nothing_carry--r1--tick0--pan1500.png,zone_wide_two_doors-s243-held_nothing_carry--r1--tick0--pan1500.png
2026-09-26-zone-own-perception-v3/dev-frames/eval-labels,zone_wide_two_doors-s2#-held_nothing_carry--r1--tick1--pan1#.png,unknown SIM timing: every 10th numeric-sorted frame + first/last (mandatory endpoints may exceed 10% for n<20),,1,1,zone_wide_two_doors-s243-held_nothing_carry--r1--tick1--pan1500.png,zone_wide_two_doors-s243-held_nothing_carry--r1--tick1--pan1500.png
2026-09-26-zone-own-perception-v3/dev-frames/eval-labels,zone_wide_two_doors-s2#-held_nothing_carry--r1--tick2--pan1#.png,unknown SIM timing: every 10th numeric-sorted frame + first/last (mandatory endpoints may exceed 10% for n<20),,1,1,zone_wide_two_doors-s243-held_nothing_carry--r1--tick2--pan1500.png,zone_wide_two_doors-s243-held_nothing_carry--r1--tick2--pan1500.png
2026-09-26-zone-own-perception-v3/dev-frames/eval-labels,zone_wide_two_doors-s2#-held_tile_carry--r1--tick0--pan1#.png,unknown SIM timing: every 10th numeric-sorted frame + first/last (mandatory endpoints may exceed 10% for n<20),,1,1,zone_wide_two_doors-s243-held_tile_carry--r1--tick0--pan1500.png,zone_wide_two_doors-s243-held_tile_carry--r1--tick0--pan1500.png
2026-09-26-zone-own-perception-v3/dev-frames/eval-labels,zone_wide_two_doors-s2#-held_tile_carry--r1--tick1--pan1#.png,unknown SIM timing: every 10th numeric-sorted frame + first/last (mandatory endpoints may exceed 10% for n<20),,1,1,zone_wide_two_doors-s243-held_tile_carry--r1--tick1--pan1500.png,zone_wide_two_doors-s243-held_tile_carry--r1--tick1--pan1500.png
2026-09-26-zone-own-perception-v3/dev-frames/eval-labels,zone_wide_two_doors-s2#-held_tile_carry--r1--tick2--pan1#.png,unknown SIM timing: every 10th numeric-sorted frame + first/last (mandatory endpoints may exceed 10% for n<20),,1,1,zone_wide_two_doors-s243-held_tile_carry--r1--tick2--pan1500.png,zone_wide_two_doors-s243-held_tile_carry--r1--tick2--pan1500.png
2026-09-26-zone-own-perception-v3/dev-frames/eval-labels,zone_wide_two_doors-s2#-held_tile_expect_box_carry--r1--tick0--pan1#.png,unknown SIM timing: every 10th numeric-sorted frame + first/last (mandatory endpoints may exceed 10% for n<20),,1,1,zone_wide_two_doors-s243-held_tile_expect_box_carry--r1--tick0--pan1500.png,zone_wide_two_doors-s243-held_tile_expect_box_carry--r1--tick0--pan1500.png
2026-09-26-zone-own-perception-v3/dev-frames/eval-labels,zone_wide_two_doors-s2#-held_tile_expect_box_carry--r1--tick1--pan1#.png,unknown SIM timing: every 10th numeric-sorted frame + first/last (mandatory endpoints may exceed 10% for n<20),,1,1,zone_wide_two_doors-s243-held_tile_expect_box_carry--r1--tick1--pan1500.png,zone_wide_two_doors-s243-held_tile_expect_box_carry--r1--tick1--pan1500.png
2026-09-26-zone-own-perception-v3/dev-frames/eval-labels,zone_wide_two_doors-s2#-held_tile_expect_box_carry--r1--tick2--pan1#.png,unknown SIM timing: every 10th numeric-sorted frame + first/last (mandatory endpoints may exceed 10% for n<20),,1,1,zone_wide_two_doors-s243-held_tile_expect_box_carry--r1--tick2--pan1500.png,zone_wide_two_doors-s243-held_tile_expect_box_carry--r1--tick2--pan1500.png
2026-09-26-zone-own-perception-v3/dev-frames/eval-labels,zone_wide_two_doors-s2#-wrong_end_long_beam@approach_look_v2--r1--tick0--pan1#.png,unknown SIM timing: every 10th numeric-sorted frame + first/last (mandatory endpoints may exceed 10% for n<20),,1,1,zone_wide_two_doors-s243-wrong_end_long_beam@approach_look_v2--r1--tick0--pan1500.png,zone_wide_two_doors-s243-wrong_end_long_beam@approach_look_v2--r1--tick0--pan1500.png
2026-09-26-zone-own-perception-v3/dev-frames/eval-labels,zone_wide_two_doors-s2#-wrong_end_long_beam@approach_look_v2--r1--tick1--pan1#.png,unknown SIM timing: every 10th numeric-sorted frame + first/last (mandatory endpoints may exceed 10% for n<20),,1,1,zone_wide_two_doors-s243-wrong_end_long_beam@approach_look_v2--r1--tick1--pan1500.png,zone_wide_two_doors-s243-wrong_end_long_beam@approach_look_v2--r1--tick1--pan1500.png
2026-09-26-zone-own-perception-v3/dev-frames/eval-labels,zone_wide_two_doors-s2#-wrong_end_long_beam@approach_look_v2--r1--tick2--pan1#.png,unknown SIM timing: every 10th numeric-sorted frame + first/last (mandatory endpoints may exceed 10% for n<20),,1,1,zone_wide_two_doors-s243-wrong_end_long_beam@approach_look_v2--r1--tick2--pan1500.png,zone_wide_two_doors-s243-wrong_end_long_beam@approach_look_v2--r1--tick2--pan1500.png
2026-09-26-zone-own-perception-v3/dev-frames/eval-labels,zone_wide_two_doors-s2#-wrong_end_long_beam@grasp_look_v3--r1--tick0--pan1#.png,unknown SIM timing: every 10th numeric-sorted frame + first/last (mandatory endpoints may exceed 10% for n<20),,1,1,zone_wide_two_doors-s243-wrong_end_long_beam@grasp_look_v3--r1--tick0--pan1500.png,zone_wide_two_doors-s243-wrong_end_long_beam@grasp_look_v3--r1--tick0--pan1500.png
2026-09-26-zone-own-perception-v3/dev-frames/eval-labels,zone_wide_two_doors-s2#-wrong_end_long_beam@grasp_look_v3--r1--tick1--pan1#.png,unknown SIM timing: every 10th numeric-sorted frame + first/last (mandatory endpoints may exceed 10% for n<20),,1,1,zone_wide_two_doors-s243-wrong_end_long_beam@grasp_look_v3--r1--tick1--pan1500.png,zone_wide_two_doors-s243-wrong_end_long_beam@grasp_look_v3--r1--tick1--pan1500.png
2026-09-26-zone-own-perception-v3/dev-frames/eval-labels,zone_wide_two_doors-s2#-wrong_end_long_beam@grasp_look_v3--r1--tick2--pan1#.png,unknown SIM timing: every 10th numeric-sorted frame + first/last (mandatory endpoints may exceed 10% for n<20),,1,1,zone_wide_two_doors-s243-wrong_end_long_beam@grasp_look_v3--r1--tick2--pan1500.png,zone_wide_two_doors-s243-wrong_end_long_beam@grasp_look_v3--r1--tick2--pan1500.png
2026-09-26-zone-own-perception-v3/dev-frames/frames/zone_wide_corridor-s242-carry_beam_expect_crate,r1--tick0--pan1#.jpg,unknown SIM timing: every 10th numeric-sorted frame + first/last (mandatory endpoints may exceed 10% for n<20),,1,1,r1--tick0--pan1500.jpg,r1--tick0--pan1500.jpg
2026-09-26-zone-own-perception-v3/dev-frames/frames/zone_wide_corridor-s242-carry_beam_expect_crate,r1--tick1--pan1#.jpg,unknown SIM timing: every 10th numeric-sorted frame + first/last (mandatory endpoints may exceed 10% for n<20),,1,1,r1--tick1--pan1500.jpg,r1--tick1--pan1500.jpg
2026-09-26-zone-own-perception-v3/dev-frames/frames/zone_wide_corridor-s242-carry_beam_expect_crate,r1--tick2--pan1#.jpg,unknown SIM timing: every 10th numeric-sorted frame + first/last (mandatory endpoints may exceed 10% for n<20),,1,1,r1--tick2--pan1500.jpg,r1--tick2--pan1500.jpg
2026-09-26-zone-own-perception-v3/dev-frames/frames/zone_wide_corridor-s242-carry_crate_expect_beam,r1--tick0--pan1#.jpg,unknown SIM timing: every 10th numeric-sorted frame + first/last (mandatory endpoints may exceed 10% for n<20),,1,1,r1--tick0--pan1500.jpg,r1--tick0--pan1500.jpg
2026-09-26-zone-own-perception-v3/dev-frames/frames/zone_wide_corridor-s242-carry_crate_expect_beam,r1--tick1--pan1#.jpg,unknown SIM timing: every 10th numeric-sorted frame + first/last (mandatory endpoints may exceed 10% for n<20),,1,1,r1--tick1--pan1500.jpg,r1--tick1--pan1500.jpg
2026-09-26-zone-own-perception-v3/dev-frames/frames/zone_wide_corridor-s242-carry_crate_expect_beam,r1--tick2--pan1#.jpg,unknown SIM timing: every 10th numeric-sorted frame + first/last (mandatory endpoints may exceed 10% for n<20),,1,1,r1--tick2--pan1500.jpg,r1--tick2--pan1500.jpg
2026-09-26-zone-own-perception-v3/dev-frames/frames/zone_wide_corridor-s242-carry_heavy_crate,r1--tick0--pan1#.jpg,unknown SIM timing: every 10th numeric-sorted frame + first/last (mandatory endpoints may exceed 10% for n<20),,1,1,r1--tick0--pan1500.jpg,r1--tick0--pan1500.jpg
2026-09-26-zone-own-perception-v3/dev-frames/frames/zone_wide_corridor-s242-carry_heavy_crate,r1--tick1--pan1#.jpg,unknown SIM timing: every 10th numeric-sorted frame + first/last (mandatory endpoints may exceed 10% for n<20),,1,1,r1--tick1--pan1500.jpg,r1--tick1--pan1500.jpg
2026-09-26-zone-own-perception-v3/dev-frames/frames/zone_wide_corridor-s242-carry_heavy_crate,r1--tick2--pan1#.jpg,unknown SIM timing: every 10th numeric-sorted frame + first/last (mandatory endpoints may exceed 10% for n<20),,1,1,r1--tick2--pan1500.jpg,r1--tick2--pan1500.jpg
2026-09-26-zone-own-perception-v3/dev-frames/frames/zone_wide_corridor-s242-carry_long_beam,r1--tick0--pan1#.jpg,unknown SIM timing: every 10th numeric-sorted frame + first/last (mandatory endpoints may exceed 10% for n<20),,1,1,r1--tick0--pan1500.jpg,r1--tick0--pan1500.jpg
2026-09-26-zone-own-perception-v3/dev-frames/frames/zone_wide_corridor-s242-carry_long_beam,r1--tick1--pan1#.jpg,unknown SIM timing: every 10th numeric-sorted frame + first/last (mandatory endpoints may exceed 10% for n<20),,1,1,r1--tick1--pan1500.jpg,r1--tick1--pan1500.jpg
2026-09-26-zone-own-perception-v3/dev-frames/frames/zone_wide_corridor-s242-carry_long_beam,r1--tick2--pan1#.jpg,unknown SIM timing: every 10th numeric-sorted frame + first/last (mandatory endpoints may exceed 10% for n<20),,1,1,r1--tick2--pan1500.jpg,r1--tick2--pan1500.jpg
2026-09-26-zone-own-perception-v3/dev-frames/frames/zone_wide_corridor-s242-carry_nothing_expect_crate,r1--tick0--pan1#.jpg,unknown SIM timing: every 10th numeric-sorted frame + first/last (mandatory endpoints may exceed 10% for n<20),,1,1,r1--tick0--pan1500.jpg,r1--tick0--pan1500.jpg
2026-09-26-zone-own-perception-v3/dev-frames/frames/zone_wide_corridor-s242-carry_nothing_expect_crate,r1--tick1--pan1#.jpg,unknown SIM timing: every 10th numeric-sorted frame + first/last (mandatory endpoints may exceed 10% for n<20),,1,1,r1--tick1--pan1500.jpg,r1--tick1--pan1500.jpg
2026-09-26-zone-own-perception-v3/dev-frames/frames/zone_wide_corridor-s242-carry_nothing_expect_crate,r1--tick2--pan1#.jpg,unknown SIM timing: every 10th numeric-sorted frame + first/last (mandatory endpoints may exceed 10% for n<20),,1,1,r1--tick2--pan1500.jpg,r1--tick2--pan1500.jpg
2026-09-26-zone-own-perception-v3/dev-frames/frames/zone_wide_corridor-s242-carry_tri_frame,r1--tick0--pan1#.jpg,unknown SIM timing: every 10th numeric-sorted frame + first/last (mandatory endpoints may exceed 10% for n<20),,1,1,r1--tick0--pan1500.jpg,r1--tick0--pan1500.jpg
2026-09-26-zone-own-perception-v3/dev-frames/frames/zone_wide_corridor-s242-carry_tri_frame,r1--tick1--pan1#.jpg,unknown SIM timing: every 10th numeric-sorted frame + first/last (mandatory endpoints may exceed 10% for n<20),,1,1,r1--tick1--pan1500.jpg,r1--tick1--pan1500.jpg
2026-09-26-zone-own-perception-v3/dev-frames/frames/zone_wide_corridor-s242-carry_tri_frame,r1--tick2--pan1#.jpg,unknown SIM timing: every 10th numeric-sorted frame + first/last (mandatory endpoints may exceed 10% for n<20),,1,1,r1--tick2--pan1500.jpg,r1--tick2--pan1500.jpg
2026-09-26-zone-own-perception-v3/dev-frames/frames/zone_wide_corridor-s242-grasp_heavy_crate@approach_look_v2,r1--tick0--pan1#.jpg,unknown SIM timing: every 10th numeric-sorted frame + first/last (mandatory endpoints may exceed 10% for n<20),,1,1,r1--tick0--pan1500.jpg,r1--tick0--pan1500.jpg
2026-09-26-zone-own-perception-v3/dev-frames/frames/zone_wide_corridor-s242-grasp_heavy_crate@approach_look_v2,r1--tick1--pan1#.jpg,unknown SIM timing: every 10th numeric-sorted frame + first/last (mandatory endpoints may exceed 10% for n<20),,1,1,r1--tick1--pan1500.jpg,r1--tick1--pan1500.jpg
2026-09-26-zone-own-perception-v3/dev-frames/frames/zone_wide_corridor-s242-grasp_heavy_crate@approach_look_v2,r1--tick2--pan1#.jpg,unknown SIM timing: every 10th numeric-sorted frame + first/last (mandatory endpoints may exceed 10% for n<20),,1,1,r1--tick2--pan1500.jpg,r1--tick2--pan1500.jpg
2026-09-26-zone-own-perception-v3/dev-frames/frames/zone_wide_corridor-s242-grasp_heavy_crate@grasp_look_v3,r1--tick0--pan1#.jpg,unknown SIM timing: every 10th numeric-sorted frame + first/last (mandatory endpoints may exceed 10% for n<20),,1,1,r1--tick0--pan1500.jpg,r1--tick0--pan1500.jpg
2026-09-26-zone-own-perception-v3/dev-frames/frames/zone_wide_corridor-s242-grasp_heavy_crate@grasp_look_v3,r1--tick1--pan1#.jpg,unknown SIM timing: every 10th numeric-sorted frame + first/last (mandatory endpoints may exceed 10% for n<20),,1,1,r1--tick1--pan1500.jpg,r1--tick1--pan1500.jpg
2026-09-26-zone-own-perception-v3/dev-frames/frames/zone_wide_corridor-s242-grasp_heavy_crate@grasp_look_v3,r1--tick2--pan1#.jpg,unknown SIM timing: every 10th numeric-sorted frame + first/last (mandatory endpoints may exceed 10% for n<20),,1,1,r1--tick2--pan1500.jpg,r1--tick2--pan1500.jpg
2026-09-26-zone-own-perception-v3/dev-frames/frames/zone_wide_corridor-s242-grasp_long_beam@approach_look_v2,r1--tick0--pan1#.jpg,unknown SIM timing: every 10th numeric-sorted frame + first/last (mandatory endpoints may exceed 10% for n<20),,1,1,r1--tick0--pan1500.jpg,r1--tick0--pan1500.jpg
2026-09-26-zone-own-perception-v3/dev-frames/frames/zone_wide_corridor-s242-grasp_long_beam@approach_look_v2,r1--tick1--pan1#.jpg,unknown SIM timing: every 10th numeric-sorted frame + first/last (mandatory endpoints may exceed 10% for n<20),,1,1,r1--tick1--pan1500.jpg,r1--tick1--pan1500.jpg
2026-09-26-zone-own-perception-v3/dev-frames/frames/zone_wide_corridor-s242-grasp_long_beam@approach_look_v2,r1--tick2--pan1#.jpg,unknown SIM timing: every 10th numeric-sorted frame + first/last (mandatory endpoints may exceed 10% for n<20),,1,1,r1--tick2--pan1500.jpg,r1--tick2--pan1500.jpg
2026-09-26-zone-own-perception-v3/dev-frames/frames/zone_wide_corridor-s242-grasp_long_beam@grasp_look_v3,r1--tick0--pan1#.jpg,unknown SIM timing: every 10th numeric-sorted frame + first/last (mandatory endpoints may exceed 10% for n<20),,1,1,r1--tick0--pan1500.jpg,r1--tick0--pan1500.jpg
2026-09-26-zone-own-perception-v3/dev-frames/frames/zone_wide_corridor-s242-grasp_long_beam@grasp_look_v3,r1--tick1--pan1#.jpg,unknown SIM timing: every 10th numeric-sorted frame + first/last (mandatory endpoints may exceed 10% for n<20),,1,1,r1--tick1--pan1500.jpg,r1--tick1--pan1500.jpg
2026-09-26-zone-own-perception-v3/dev-frames/frames/zone_wide_corridor-s242-grasp_long_beam@grasp_look_v3,r1--tick2--pan1#.jpg,unknown SIM timing: every 10th numeric-sorted frame + first/last (mandatory endpoints may exceed 10% for n<20),,1,1,r1--tick2--pan1500.jpg,r1--tick2--pan1500.jpg
2026-09-26-zone-own-perception-v3/dev-frames/frames/zone_wide_corridor-s242-grasp_tri_frame@approach_look_v2,r1--tick0--pan1#.jpg,unknown SIM timing: every 10th numeric-sorted frame + first/last (mandatory endpoints may exceed 10% for n<20),,1,1,r1--tick0--pan1500.jpg,r1--tick0--pan1500.jpg
2026-09-26-zone-own-perception-v3/dev-frames/frames/zone_wide_corridor-s242-grasp_tri_frame@approach_look_v2,r1--tick1--pan1#.jpg,unknown SIM timing: every 10th numeric-sorted frame + first/last (mandatory endpoints may exceed 10% for n<20),,1,1,r1--tick1--pan1500.jpg,r1--tick1--pan1500.jpg
2026-09-26-zone-own-perception-v3/dev-frames/frames/zone_wide_corridor-s242-grasp_tri_frame@approach_look_v2,r1--tick2--pan1#.jpg,unknown SIM timing: every 10th numeric-sorted frame + first/last (mandatory endpoints may exceed 10% for n<20),,1,1,r1--tick2--pan1500.jpg,r1--tick2--pan1500.jpg
2026-09-26-zone-own-perception-v3/dev-frames/frames/zone_wide_corridor-s242-grasp_tri_frame@grasp_look_v3,r1--tick0--pan1#.jpg,unknown SIM timing: every 10th numeric-sorted frame + first/last (mandatory endpoints may exceed 10% for n<20),,1,1,r1--tick0--pan1500.jpg,r1--tick0--pan1500.jpg
2026-09-26-zone-own-perception-v3/dev-frames/frames/zone_wide_corridor-s242-grasp_tri_frame@grasp_look_v3,r1--tick1--pan1#.jpg,unknown SIM timing: every 10th numeric-sorted frame + first/last (mandatory endpoints may exceed 10% for n<20),,1,1,r1--tick1--pan1500.jpg,r1--tick1--pan1500.jpg
2026-09-26-zone-own-perception-v3/dev-frames/frames/zone_wide_corridor-s242-grasp_tri_frame@grasp_look_v3,r1--tick2--pan1#.jpg,unknown SIM timing: every 10th numeric-sorted frame + first/last (mandatory endpoints may exceed 10% for n<20),,1,1,r1--tick2--pan1500.jpg,r1--tick2--pan1500.jpg
2026-09-26-zone-own-perception-v3/dev-frames/frames/zone_wide_corridor-s242-grasp_wrong_kind@approach_look_v2,r1--tick0--pan1#.jpg,unknown SIM timing: every 10th numeric-sorted frame + first/last (mandatory endpoints may exceed 10% for n<20),,1,1,r1--tick0--pan1500.jpg,r1--tick0--pan1500.jpg
2026-09-26-zone-own-perception-v3/dev-frames/frames/zone_wide_corridor-s242-grasp_wrong_kind@approach_look_v2,r1--tick1--pan1#.jpg,unknown SIM timing: every 10th numeric-sorted frame + first/last (mandatory endpoints may exceed 10% for n<20),,1,1,r1--tick1--pan1500.jpg,r1--tick1--pan1500.jpg
2026-09-26-zone-own-perception-v3/dev-frames/frames/zone_wide_corridor-s242-grasp_wrong_kind@approach_look_v2,r1--tick2--pan1#.jpg,unknown SIM timing: every 10th numeric-sorted frame + first/last (mandatory endpoints may exceed 10% for n<20),,1,1,r1--tick2--pan1500.jpg,r1--tick2--pan1500.jpg
2026-09-26-zone-own-perception-v3/dev-frames/frames/zone_wide_corridor-s242-grasp_wrong_kind@grasp_look_v3,r1--tick0--pan1#.jpg,unknown SIM timing: every 10th numeric-sorted frame + first/last (mandatory endpoints may exceed 10% for n<20),,1,1,r1--tick0--pan1500.jpg,r1--tick0--pan1500.jpg
2026-09-26-zone-own-perception-v3/dev-frames/frames/zone_wide_corridor-s242-grasp_wrong_kind@grasp_look_v3,r1--tick1--pan1#.jpg,unknown SIM timing: every 10th numeric-sorted frame + first/last (mandatory endpoints may exceed 10% for n<20),,1,1,r1--tick1--pan1500.jpg,r1--tick1--pan1500.jpg
2026-09-26-zone-own-perception-v3/dev-frames/frames/zone_wide_corridor-s242-grasp_wrong_kind@grasp_look_v3,r1--tick2--pan1#.jpg,unknown SIM timing: every 10th numeric-sorted frame + first/last (mandatory endpoints may exceed 10% for n<20),,1,1,r1--tick2--pan1500.jpg,r1--tick2--pan1500.jpg
2026-09-26-zone-own-perception-v3/dev-frames/frames/zone_wide_corridor-s242-held_box_carry,r1--tick0--pan1#.jpg,unknown SIM timing: every 10th numeric-sorted frame + first/last (mandatory endpoints may exceed 10% for n<20),,1,1,r1--tick0--pan1500.jpg,r1--tick0--pan1500.jpg
2026-09-26-zone-own-perception-v3/dev-frames/frames/zone_wide_corridor-s242-held_box_carry,r1--tick1--pan1#.jpg,unknown SIM timing: every 10th numeric-sorted frame + first/last (mandatory endpoints may exceed 10% for n<20),,1,1,r1--tick1--pan1500.jpg,r1--tick1--pan1500.jpg
2026-09-26-zone-own-perception-v3/dev-frames/frames/zone_wide_corridor-s242-held_box_carry,r1--tick2--pan1#.jpg,unknown SIM timing: every 10th numeric-sorted frame + first/last (mandatory endpoints may exceed 10% for n<20),,1,1,r1--tick2--pan1500.jpg,r1--tick2--pan1500.jpg
2026-09-26-zone-own-perception-v3/dev-frames/frames/zone_wide_corridor-s242-held_box_held_check,r1--tick0--pan1#.jpg,unknown SIM timing: every 10th numeric-sorted frame + first/last (mandatory endpoints may exceed 10% for n<20),,1,1,r1--tick0--pan1500.jpg,r1--tick0--pan1500.jpg
2026-09-26-zone-own-perception-v3/dev-frames/frames/zone_wide_corridor-s242-held_box_held_check,r1--tick1--pan1#.jpg,unknown SIM timing: every 10th numeric-sorted frame + first/last (mandatory endpoints may exceed 10% for n<20),,1,1,r1--tick1--pan1500.jpg,r1--tick1--pan1500.jpg
2026-09-26-zone-own-perception-v3/dev-frames/frames/zone_wide_corridor-s242-held_box_held_check,r1--tick2--pan1#.jpg,unknown SIM timing: every 10th numeric-sorted frame + first/last (mandatory endpoints may exceed 10% for n<20),,1,1,r1--tick2--pan1500.jpg,r1--tick2--pan1500.jpg
2026-09-26-zone-own-perception-v3/dev-frames/frames/zone_wide_corridor-s242-held_can,r1--tick0--pan1#.jpg,unknown SIM timing: every 10th numeric-sorted frame + first/last (mandatory endpoints may exceed 10% for n<20),,1,1,r1--tick0--pan1500.jpg,r1--tick0--pan1500.jpg
2026-09-26-zone-own-perception-v3/dev-frames/frames/zone_wide_corridor-s242-held_can,r1--tick1--pan1#.jpg,unknown SIM timing: every 10th numeric-sorted frame + first/last (mandatory endpoints may exceed 10% for n<20),,1,1,r1--tick1--pan1500.jpg,r1--tick1--pan1500.jpg
2026-09-26-zone-own-perception-v3/dev-frames/frames/zone_wide_corridor-s242-held_can,r1--tick2--pan1#.jpg,unknown SIM timing: every 10th numeric-sorted frame + first/last (mandatory endpoints may exceed 10% for n<20),,1,1,r1--tick2--pan1500.jpg,r1--tick2--pan1500.jpg
2026-09-26-zone-own-perception-v3/dev-frames/frames/zone_wide_corridor-s242-held_can_absent,r1--tick0--pan1#.jpg,unknown SIM timing: every 10th numeric-sorted frame + first/last (mandatory endpoints may exceed 10% for n<20),,1,1,r1--tick0--pan1500.jpg,r1--tick0--pan1500.jpg
2026-09-26-zone-own-perception-v3/dev-frames/frames/zone_wide_corridor-s242-held_can_absent,r1--tick1--pan1#.jpg,unknown SIM timing: every 10th numeric-sorted frame + first/last (mandatory endpoints may exceed 10% for n<20),,1,1,r1--tick1--pan1500.jpg,r1--tick1--pan1500.jpg
2026-09-26-zone-own-perception-v3/dev-frames/frames/zone_wide_corridor-s242-held_can_absent,r1--tick2--pan1#.jpg,unknown SIM timing: every 10th numeric-sorted frame + first/last (mandatory endpoints may exceed 10% for n<20),,1,1,r1--tick2--pan1500.jpg,r1--tick2--pan1500.jpg
2026-09-26-zone-own-perception-v3/dev-frames/frames/zone_wide_corridor-s242-held_can_carry,r1--tick0--pan1#.jpg,unknown SIM timing: every 10th numeric-sorted frame + first/last (mandatory endpoints may exceed 10% for n<20),,1,1,r1--tick0--pan1500.jpg,r1--tick0--pan1500.jpg
2026-09-26-zone-own-perception-v3/dev-frames/frames/zone_wide_corridor-s242-held_can_carry,r1--tick1--pan1#.jpg,unknown SIM timing: every 10th numeric-sorted frame + first/last (mandatory endpoints may exceed 10% for n<20),,1,1,r1--tick1--pan1500.jpg,r1--tick1--pan1500.jpg
2026-09-26-zone-own-perception-v3/dev-frames/frames/zone_wide_corridor-s242-held_can_carry,r1--tick2--pan1#.jpg,unknown SIM timing: every 10th numeric-sorted frame + first/last (mandatory endpoints may exceed 10% for n<20),,1,1,r1--tick2--pan1500.jpg,r1--tick2--pan1500.jpg
2026-09-26-zone-own-perception-v3/dev-frames/frames/zone_wide_corridor-s242-held_can_wrong_kind,r1--tick0--pan1#.jpg,unknown SIM timing: every 10th numeric-sorted frame + first/last (mandatory endpoints may exceed 10% for n<20),,1,1,r1--tick0--pan1500.jpg,r1--tick0--pan1500.jpg
2026-09-26-zone-own-perception-v3/dev-frames/frames/zone_wide_corridor-s242-held_can_wrong_kind,r1--tick1--pan1#.jpg,unknown SIM timing: every 10th numeric-sorted frame + first/last (mandatory endpoints may exceed 10% for n<20),,1,1,r1--tick1--pan1500.jpg,r1--tick1--pan1500.jpg
2026-09-26-zone-own-perception-v3/dev-frames/frames/zone_wide_corridor-s242-held_can_wrong_kind,r1--tick2--pan1#.jpg,unknown SIM timing: every 10th numeric-sorted frame + first/last (mandatory endpoints may exceed 10% for n<20),,1,1,r1--tick2--pan1500.jpg,r1--tick2--pan1500.jpg
2026-09-26-zone-own-perception-v3/dev-frames/frames/zone_wide_corridor-s242-held_nothing_carry,r1--tick0--pan1#.jpg,unknown SIM timing: every 10th numeric-sorted frame + first/last (mandatory endpoints may exceed 10% for n<20),,1,1,r1--tick0--pan1500.jpg,r1--tick0--pan1500.jpg
2026-09-26-zone-own-perception-v3/dev-frames/frames/zone_wide_corridor-s242-held_nothing_carry,r1--tick1--pan1#.jpg,unknown SIM timing: every 10th numeric-sorted frame + first/last (mandatory endpoints may exceed 10% for n<20),,1,1,r1--tick1--pan1500.jpg,r1--tick1--pan1500.jpg
2026-09-26-zone-own-perception-v3/dev-frames/frames/zone_wide_corridor-s242-held_nothing_carry,r1--tick2--pan1#.jpg,unknown SIM timing: every 10th numeric-sorted frame + first/last (mandatory endpoints may exceed 10% for n<20),,1,1,r1--tick2--pan1500.jpg,r1--tick2--pan1500.jpg
2026-09-26-zone-own-perception-v3/dev-frames/frames/zone_wide_corridor-s242-held_tile_carry,r1--tick0--pan1#.jpg,unknown SIM timing: every 10th numeric-sorted frame + first/last (mandatory endpoints may exceed 10% for n<20),,1,1,r1--tick0--pan1500.jpg,r1--tick0--pan1500.jpg
2026-09-26-zone-own-perception-v3/dev-frames/frames/zone_wide_corridor-s242-held_tile_carry,r1--tick1--pan1#.jpg,unknown SIM timing: every 10th numeric-sorted frame + first/last (mandatory endpoints may exceed 10% for n<20),,1,1,r1--tick1--pan1500.jpg,r1--tick1--pan1500.jpg
2026-09-26-zone-own-perception-v3/dev-frames/frames/zone_wide_corridor-s242-held_tile_carry,r1--tick2--pan1#.jpg,unknown SIM timing: every 10th numeric-sorted frame + first/last (mandatory endpoints may exceed 10% for n<20),,1,1,r1--tick2--pan1500.jpg,r1--tick2--pan1500.jpg
2026-09-26-zone-own-perception-v3/dev-frames/frames/zone_wide_corridor-s242-held_tile_expect_box_carry,r1--tick0--pan1#.jpg,unknown SIM timing: every 10th numeric-sorted frame + first/last (mandatory endpoints may exceed 10% for n<20),,1,1,r1--tick0--pan1500.jpg,r1--tick0--pan1500.jpg
2026-09-26-zone-own-perception-v3/dev-frames/frames/zone_wide_corridor-s242-held_tile_expect_box_carry,r1--tick1--pan1#.jpg,unknown SIM timing: every 10th numeric-sorted frame + first/last (mandatory endpoints may exceed 10% for n<20),,1,1,r1--tick1--pan1500.jpg,r1--tick1--pan1500.jpg
2026-09-26-zone-own-perception-v3/dev-frames/frames/zone_wide_corridor-s242-held_tile_expect_box_carry,r1--tick2--pan1#.jpg,unknown SIM timing: every 10th numeric-sorted frame + first/last (mandatory endpoints may exceed 10% for n<20),,1,1,r1--tick2--pan1500.jpg,r1--tick2--pan1500.jpg
2026-09-26-zone-own-perception-v3/dev-frames/frames/zone_wide_corridor-s242-wrong_end_long_beam@approach_look_v2,r1--tick0--pan1#.jpg,unknown SIM timing: every 10th numeric-sorted frame + first/last (mandatory endpoints may exceed 10% for n<20),,1,1,r1--tick0--pan1500.jpg,r1--tick0--pan1500.jpg
2026-09-26-zone-own-perception-v3/dev-frames/frames/zone_wide_corridor-s242-wrong_end_long_beam@approach_look_v2,r1--tick1--pan1#.jpg,unknown SIM timing: every 10th numeric-sorted frame + first/last (mandatory endpoints may exceed 10% for n<20),,1,1,r1--tick1--pan1500.jpg,r1--tick1--pan1500.jpg
2026-09-26-zone-own-perception-v3/dev-frames/frames/zone_wide_corridor-s242-wrong_end_long_beam@approach_look_v2,r1--tick2--pan1#.jpg,unknown SIM timing: every 10th numeric-sorted frame + first/last (mandatory endpoints may exceed 10% for n<20),,1,1,r1--tick2--pan1500.jpg,r1--tick2--pan1500.jpg
2026-09-26-zone-own-perception-v3/dev-frames/frames/zone_wide_corridor-s242-wrong_end_long_beam@grasp_look_v3,r1--tick0--pan1#.jpg,unknown SIM timing: every 10th numeric-sorted frame + first/last (mandatory endpoints may exceed 10% for n<20),,1,1,r1--tick0--pan1500.jpg,r1--tick0--pan1500.jpg
2026-09-26-zone-own-perception-v3/dev-frames/frames/zone_wide_corridor-s242-wrong_end_long_beam@grasp_look_v3,r1--tick1--pan1#.jpg,unknown SIM timing: every 10th numeric-sorted frame + first/last (mandatory endpoints may exceed 10% for n<20),,1,1,r1--tick1--pan1500.jpg,r1--tick1--pan1500.jpg
2026-09-26-zone-own-perception-v3/dev-frames/frames/zone_wide_corridor-s242-wrong_end_long_beam@grasp_look_v3,r1--tick2--pan1#.jpg,unknown SIM timing: every 10th numeric-sorted frame + first/last (mandatory endpoints may exceed 10% for n<20),,1,1,r1--tick2--pan1500.jpg,r1--tick2--pan1500.jpg
2026-09-26-zone-own-perception-v3/dev-frames/frames/zone_wide_door-s241-carry_beam_expect_crate,r1--tick0--pan1#.jpg,unknown SIM timing: every 10th numeric-sorted frame + first/last (mandatory endpoints may exceed 10% for n<20),,1,1,r1--tick0--pan1500.jpg,r1--tick0--pan1500.jpg
2026-09-26-zone-own-perception-v3/dev-frames/frames/zone_wide_door-s241-carry_beam_expect_crate,r1--tick1--pan1#.jpg,unknown SIM timing: every 10th numeric-sorted frame + first/last (mandatory endpoints may exceed 10% for n<20),,1,1,r1--tick1--pan1500.jpg,r1--tick1--pan1500.jpg
2026-09-26-zone-own-perception-v3/dev-frames/frames/zone_wide_door-s241-carry_beam_expect_crate,r1--tick2--pan1#.jpg,unknown SIM timing: every 10th numeric-sorted frame + first/last (mandatory endpoints may exceed 10% for n<20),,1,1,r1--tick2--pan1500.jpg,r1--tick2--pan1500.jpg
2026-09-26-zone-own-perception-v3/dev-frames/frames/zone_wide_door-s241-carry_crate_expect_beam,r1--tick0--pan1#.jpg,unknown SIM timing: every 10th numeric-sorted frame + first/last (mandatory endpoints may exceed 10% for n<20),,1,1,r1--tick0--pan1500.jpg,r1--tick0--pan1500.jpg
2026-09-26-zone-own-perception-v3/dev-frames/frames/zone_wide_door-s241-carry_crate_expect_beam,r1--tick1--pan1#.jpg,unknown SIM timing: every 10th numeric-sorted frame + first/last (mandatory endpoints may exceed 10% for n<20),,1,1,r1--tick1--pan1500.jpg,r1--tick1--pan1500.jpg
2026-09-26-zone-own-perception-v3/dev-frames/frames/zone_wide_door-s241-carry_crate_expect_beam,r1--tick2--pan1#.jpg,unknown SIM timing: every 10th numeric-sorted frame + first/last (mandatory endpoints may exceed 10% for n<20),,1,1,r1--tick2--pan1500.jpg,r1--tick2--pan1500.jpg
2026-09-26-zone-own-perception-v3/dev-frames/frames/zone_wide_door-s241-carry_heavy_crate,r1--tick0--pan1#.jpg,unknown SIM timing: every 10th numeric-sorted frame + first/last (mandatory endpoints may exceed 10% for n<20),,1,1,r1--tick0--pan1500.jpg,r1--tick0--pan1500.jpg
2026-09-26-zone-own-perception-v3/dev-frames/frames/zone_wide_door-s241-carry_heavy_crate,r1--tick1--pan1#.jpg,unknown SIM timing: every 10th numeric-sorted frame + first/last (mandatory endpoints may exceed 10% for n<20),,1,1,r1--tick1--pan1500.jpg,r1--tick1--pan1500.jpg
2026-09-26-zone-own-perception-v3/dev-frames/frames/zone_wide_door-s241-carry_heavy_crate,r1--tick2--pan1#.jpg,unknown SIM timing: every 10th numeric-sorted frame + first/last (mandatory endpoints may exceed 10% for n<20),,1,1,r1--tick2--pan1500.jpg,r1--tick2--pan1500.jpg
2026-09-26-zone-own-perception-v3/dev-frames/frames/zone_wide_door-s241-carry_long_beam,r1--tick0--pan1#.jpg,unknown SIM timing: every 10th numeric-sorted frame + first/last (mandatory endpoints may exceed 10% for n<20),,1,1,r1--tick0--pan1500.jpg,r1--tick0--pan1500.jpg
2026-09-26-zone-own-perception-v3/dev-frames/frames/zone_wide_door-s241-carry_long_beam,r1--tick1--pan1#.jpg,unknown SIM timing: every 10th numeric-sorted frame + first/last (mandatory endpoints may exceed 10% for n<20),,1,1,r1--tick1--pan1500.jpg,r1--tick1--pan1500.jpg
2026-09-26-zone-own-perception-v3/dev-frames/frames/zone_wide_door-s241-carry_long_beam,r1--tick2--pan1#.jpg,unknown SIM timing: every 10th numeric-sorted frame + first/last (mandatory endpoints may exceed 10% for n<20),,1,1,r1--tick2--pan1500.jpg,r1--tick2--pan1500.jpg
2026-09-26-zone-own-perception-v3/dev-frames/frames/zone_wide_door-s241-carry_nothing_expect_crate,r1--tick0--pan1#.jpg,unknown SIM timing: every 10th numeric-sorted frame + first/last (mandatory endpoints may exceed 10% for n<20),,1,1,r1--tick0--pan1500.jpg,r1--tick0--pan1500.jpg
2026-09-26-zone-own-perception-v3/dev-frames/frames/zone_wide_door-s241-carry_nothing_expect_crate,r1--tick1--pan1#.jpg,unknown SIM timing: every 10th numeric-sorted frame + first/last (mandatory endpoints may exceed 10% for n<20),,1,1,r1--tick1--pan1500.jpg,r1--tick1--pan1500.jpg
2026-09-26-zone-own-perception-v3/dev-frames/frames/zone_wide_door-s241-carry_nothing_expect_crate,r1--tick2--pan1#.jpg,unknown SIM timing: every 10th numeric-sorted frame + first/last (mandatory endpoints may exceed 10% for n<20),,1,1,r1--tick2--pan1500.jpg,r1--tick2--pan1500.jpg
2026-09-26-zone-own-perception-v3/dev-frames/frames/zone_wide_door-s241-carry_tri_frame,r1--tick0--pan1#.jpg,unknown SIM timing: every 10th numeric-sorted frame + first/last (mandatory endpoints may exceed 10% for n<20),,1,1,r1--tick0--pan1500.jpg,r1--tick0--pan1500.jpg
2026-09-26-zone-own-perception-v3/dev-frames/frames/zone_wide_door-s241-carry_tri_frame,r1--tick1--pan1#.jpg,unknown SIM timing: every 10th numeric-sorted frame + first/last (mandatory endpoints may exceed 10% for n<20),,1,1,r1--tick1--pan1500.jpg,r1--tick1--pan1500.jpg
2026-09-26-zone-own-perception-v3/dev-frames/frames/zone_wide_door-s241-carry_tri_frame,r1--tick2--pan1#.jpg,unknown SIM timing: every 10th numeric-sorted frame + first/last (mandatory endpoints may exceed 10% for n<20),,1,1,r1--tick2--pan1500.jpg,r1--tick2--pan1500.jpg
2026-09-26-zone-own-perception-v3/dev-frames/frames/zone_wide_door-s241-grasp_heavy_crate@approach_look_v2,r1--tick0--pan1#.jpg,unknown SIM timing: every 10th numeric-sorted frame + first/last (mandatory endpoints may exceed 10% for n<20),,1,1,r1--tick0--pan1500.jpg,r1--tick0--pan1500.jpg
2026-09-26-zone-own-perception-v3/dev-frames/frames/zone_wide_door-s241-grasp_heavy_crate@approach_look_v2,r1--tick1--pan1#.jpg,unknown SIM timing: every 10th numeric-sorted frame + first/last (mandatory endpoints may exceed 10% for n<20),,1,1,r1--tick1--pan1500.jpg,r1--tick1--pan1500.jpg
2026-09-26-zone-own-perception-v3/dev-frames/frames/zone_wide_door-s241-grasp_heavy_crate@approach_look_v2,r1--tick2--pan1#.jpg,unknown SIM timing: every 10th numeric-sorted frame + first/last (mandatory endpoints may exceed 10% for n<20),,1,1,r1--tick2--pan1500.jpg,r1--tick2--pan1500.jpg
2026-09-26-zone-own-perception-v3/dev-frames/frames/zone_wide_door-s241-grasp_heavy_crate@grasp_look_v3,r1--tick0--pan1#.jpg,unknown SIM timing: every 10th numeric-sorted frame + first/last (mandatory endpoints may exceed 10% for n<20),,1,1,r1--tick0--pan1500.jpg,r1--tick0--pan1500.jpg
2026-09-26-zone-own-perception-v3/dev-frames/frames/zone_wide_door-s241-grasp_heavy_crate@grasp_look_v3,r1--tick1--pan1#.jpg,unknown SIM timing: every 10th numeric-sorted frame + first/last (mandatory endpoints may exceed 10% for n<20),,1,1,r1--tick1--pan1500.jpg,r1--tick1--pan1500.jpg
2026-09-26-zone-own-perception-v3/dev-frames/frames/zone_wide_door-s241-grasp_heavy_crate@grasp_look_v3,r1--tick2--pan1#.jpg,unknown SIM timing: every 10th numeric-sorted frame + first/last (mandatory endpoints may exceed 10% for n<20),,1,1,r1--tick2--pan1500.jpg,r1--tick2--pan1500.jpg
2026-09-26-zone-own-perception-v3/dev-frames/frames/zone_wide_door-s241-grasp_long_beam@approach_look_v2,r1--tick0--pan1#.jpg,unknown SIM timing: every 10th numeric-sorted frame + first/last (mandatory endpoints may exceed 10% for n<20),,1,1,r1--tick0--pan1500.jpg,r1--tick0--pan1500.jpg
2026-09-26-zone-own-perception-v3/dev-frames/frames/zone_wide_door-s241-grasp_long_beam@approach_look_v2,r1--tick1--pan1#.jpg,unknown SIM timing: every 10th numeric-sorted frame + first/last (mandatory endpoints may exceed 10% for n<20),,1,1,r1--tick1--pan1500.jpg,r1--tick1--pan1500.jpg
2026-09-26-zone-own-perception-v3/dev-frames/frames/zone_wide_door-s241-grasp_long_beam@approach_look_v2,r1--tick2--pan1#.jpg,unknown SIM timing: every 10th numeric-sorted frame + first/last (mandatory endpoints may exceed 10% for n<20),,1,1,r1--tick2--pan1500.jpg,r1--tick2--pan1500.jpg
2026-09-26-zone-own-perception-v3/dev-frames/frames/zone_wide_door-s241-grasp_long_beam@grasp_look_v3,r1--tick0--pan1#.jpg,unknown SIM timing: every 10th numeric-sorted frame + first/last (mandatory endpoints may exceed 10% for n<20),,1,1,r1--tick0--pan1500.jpg,r1--tick0--pan1500.jpg
2026-09-26-zone-own-perception-v3/dev-frames/frames/zone_wide_door-s241-grasp_long_beam@grasp_look_v3,r1--tick1--pan1#.jpg,unknown SIM timing: every 10th numeric-sorted frame + first/last (mandatory endpoints may exceed 10% for n<20),,1,1,r1--tick1--pan1500.jpg,r1--tick1--pan1500.jpg
2026-09-26-zone-own-perception-v3/dev-frames/frames/zone_wide_door-s241-grasp_long_beam@grasp_look_v3,r1--tick2--pan1#.jpg,unknown SIM timing: every 10th numeric-sorted frame + first/last (mandatory endpoints may exceed 10% for n<20),,1,1,r1--tick2--pan1500.jpg,r1--tick2--pan1500.jpg
2026-09-26-zone-own-perception-v3/dev-frames/frames/zone_wide_door-s241-grasp_tri_frame@approach_look_v2,r1--tick0--pan1#.jpg,unknown SIM timing: every 10th numeric-sorted frame + first/last (mandatory endpoints may exceed 10% for n<20),,1,1,r1--tick0--pan1500.jpg,r1--tick0--pan1500.jpg
2026-09-26-zone-own-perception-v3/dev-frames/frames/zone_wide_door-s241-grasp_tri_frame@approach_look_v2,r1--tick1--pan1#.jpg,unknown SIM timing: every 10th numeric-sorted frame + first/last (mandatory endpoints may exceed 10% for n<20),,1,1,r1--tick1--pan1500.jpg,r1--tick1--pan1500.jpg
2026-09-26-zone-own-perception-v3/dev-frames/frames/zone_wide_door-s241-grasp_tri_frame@approach_look_v2,r1--tick2--pan1#.jpg,unknown SIM timing: every 10th numeric-sorted frame + first/last (mandatory endpoints may exceed 10% for n<20),,1,1,r1--tick2--pan1500.jpg,r1--tick2--pan1500.jpg
2026-09-26-zone-own-perception-v3/dev-frames/frames/zone_wide_door-s241-grasp_tri_frame@grasp_look_v3,r1--tick0--pan1#.jpg,unknown SIM timing: every 10th numeric-sorted frame + first/last (mandatory endpoints may exceed 10% for n<20),,1,1,r1--tick0--pan1500.jpg,r1--tick0--pan1500.jpg
2026-09-26-zone-own-perception-v3/dev-frames/frames/zone_wide_door-s241-grasp_tri_frame@grasp_look_v3,r1--tick1--pan1#.jpg,unknown SIM timing: every 10th numeric-sorted frame + first/last (mandatory endpoints may exceed 10% for n<20),,1,1,r1--tick1--pan1500.jpg,r1--tick1--pan1500.jpg
2026-09-26-zone-own-perception-v3/dev-frames/frames/zone_wide_door-s241-grasp_tri_frame@grasp_look_v3,r1--tick2--pan1#.jpg,unknown SIM timing: every 10th numeric-sorted frame + first/last (mandatory endpoints may exceed 10% for n<20),,1,1,r1--tick2--pan1500.jpg,r1--tick2--pan1500.jpg
2026-09-26-zone-own-perception-v3/dev-frames/frames/zone_wide_door-s241-grasp_wrong_kind@approach_look_v2,r1--tick0--pan1#.jpg,unknown SIM timing: every 10th numeric-sorted frame + first/last (mandatory endpoints may exceed 10% for n<20),,1,1,r1--tick0--pan1500.jpg,r1--tick0--pan1500.jpg
2026-09-26-zone-own-perception-v3/dev-frames/frames/zone_wide_door-s241-grasp_wrong_kind@approach_look_v2,r1--tick1--pan1#.jpg,unknown SIM timing: every 10th numeric-sorted frame + first/last (mandatory endpoints may exceed 10% for n<20),,1,1,r1--tick1--pan1500.jpg,r1--tick1--pan1500.jpg
2026-09-26-zone-own-perception-v3/dev-frames/frames/zone_wide_door-s241-grasp_wrong_kind@approach_look_v2,r1--tick2--pan1#.jpg,unknown SIM timing: every 10th numeric-sorted frame + first/last (mandatory endpoints may exceed 10% for n<20),,1,1,r1--tick2--pan1500.jpg,r1--tick2--pan1500.jpg
2026-09-26-zone-own-perception-v3/dev-frames/frames/zone_wide_door-s241-grasp_wrong_kind@grasp_look_v3,r1--tick0--pan1#.jpg,unknown SIM timing: every 10th numeric-sorted frame + first/last (mandatory endpoints may exceed 10% for n<20),,1,1,r1--tick0--pan1500.jpg,r1--tick0--pan1500.jpg
2026-09-26-zone-own-perception-v3/dev-frames/frames/zone_wide_door-s241-grasp_wrong_kind@grasp_look_v3,r1--tick1--pan1#.jpg,unknown SIM timing: every 10th numeric-sorted frame + first/last (mandatory endpoints may exceed 10% for n<20),,1,1,r1--tick1--pan1500.jpg,r1--tick1--pan1500.jpg
2026-09-26-zone-own-perception-v3/dev-frames/frames/zone_wide_door-s241-grasp_wrong_kind@grasp_look_v3,r1--tick2--pan1#.jpg,unknown SIM timing: every 10th numeric-sorted frame + first/last (mandatory endpoints may exceed 10% for n<20),,1,1,r1--tick2--pan1500.jpg,r1--tick2--pan1500.jpg
2026-09-26-zone-own-perception-v3/dev-frames/frames/zone_wide_door-s241-held_box_carry,r1--tick0--pan1#.jpg,unknown SIM timing: every 10th numeric-sorted frame + first/last (mandatory endpoints may exceed 10% for n<20),,1,1,r1--tick0--pan1500.jpg,r1--tick0--pan1500.jpg
2026-09-26-zone-own-perception-v3/dev-frames/frames/zone_wide_door-s241-held_box_carry,r1--tick1--pan1#.jpg,unknown SIM timing: every 10th numeric-sorted frame + first/last (mandatory endpoints may exceed 10% for n<20),,1,1,r1--tick1--pan1500.jpg,r1--tick1--pan1500.jpg
2026-09-26-zone-own-perception-v3/dev-frames/frames/zone_wide_door-s241-held_box_carry,r1--tick2--pan1#.jpg,unknown SIM timing: every 10th numeric-sorted frame + first/last (mandatory endpoints may exceed 10% for n<20),,1,1,r1--tick2--pan1500.jpg,r1--tick2--pan1500.jpg
2026-09-26-zone-own-perception-v3/dev-frames/frames/zone_wide_door-s241-held_box_held_check,r1--tick0--pan1#.jpg,unknown SIM timing: every 10th numeric-sorted frame + first/last (mandatory endpoints may exceed 10% for n<20),,1,1,r1--tick0--pan1500.jpg,r1--tick0--pan1500.jpg
2026-09-26-zone-own-perception-v3/dev-frames/frames/zone_wide_door-s241-held_box_held_check,r1--tick1--pan1#.jpg,unknown SIM timing: every 10th numeric-sorted frame + first/last (mandatory endpoints may exceed 10% for n<20),,1,1,r1--tick1--pan1500.jpg,r1--tick1--pan1500.jpg
2026-09-26-zone-own-perception-v3/dev-frames/frames/zone_wide_door-s241-held_box_held_check,r1--tick2--pan1#.jpg,unknown SIM timing: every 10th numeric-sorted frame + first/last (mandatory endpoints may exceed 10% for n<20),,1,1,r1--tick2--pan1500.jpg,r1--tick2--pan1500.jpg
2026-09-26-zone-own-perception-v3/dev-frames/frames/zone_wide_door-s241-held_can,r1--tick0--pan1#.jpg,unknown SIM timing: every 10th numeric-sorted frame + first/last (mandatory endpoints may exceed 10% for n<20),,1,1,r1--tick0--pan1500.jpg,r1--tick0--pan1500.jpg
2026-09-26-zone-own-perception-v3/dev-frames/frames/zone_wide_door-s241-held_can,r1--tick1--pan1#.jpg,unknown SIM timing: every 10th numeric-sorted frame + first/last (mandatory endpoints may exceed 10% for n<20),,1,1,r1--tick1--pan1500.jpg,r1--tick1--pan1500.jpg
2026-09-26-zone-own-perception-v3/dev-frames/frames/zone_wide_door-s241-held_can,r1--tick2--pan1#.jpg,unknown SIM timing: every 10th numeric-sorted frame + first/last (mandatory endpoints may exceed 10% for n<20),,1,1,r1--tick2--pan1500.jpg,r1--tick2--pan1500.jpg
2026-09-26-zone-own-perception-v3/dev-frames/frames/zone_wide_door-s241-held_can_absent,r1--tick0--pan1#.jpg,unknown SIM timing: every 10th numeric-sorted frame + first/last (mandatory endpoints may exceed 10% for n<20),,1,1,r1--tick0--pan1500.jpg,r1--tick0--pan1500.jpg
2026-09-26-zone-own-perception-v3/dev-frames/frames/zone_wide_door-s241-held_can_absent,r1--tick1--pan1#.jpg,unknown SIM timing: every 10th numeric-sorted frame + first/last (mandatory endpoints may exceed 10% for n<20),,1,1,r1--tick1--pan1500.jpg,r1--tick1--pan1500.jpg
2026-09-26-zone-own-perception-v3/dev-frames/frames/zone_wide_door-s241-held_can_absent,r1--tick2--pan1#.jpg,unknown SIM timing: every 10th numeric-sorted frame + first/last (mandatory endpoints may exceed 10% for n<20),,1,1,r1--tick2--pan1500.jpg,r1--tick2--pan1500.jpg
2026-09-26-zone-own-perception-v3/dev-frames/frames/zone_wide_door-s241-held_can_carry,r1--tick0--pan1#.jpg,unknown SIM timing: every 10th numeric-sorted frame + first/last (mandatory endpoints may exceed 10% for n<20),,1,1,r1--tick0--pan1500.jpg,r1--tick0--pan1500.jpg
2026-09-26-zone-own-perception-v3/dev-frames/frames/zone_wide_door-s241-held_can_carry,r1--tick1--pan1#.jpg,unknown SIM timing: every 10th numeric-sorted frame + first/last (mandatory endpoints may exceed 10% for n<20),,1,1,r1--tick1--pan1500.jpg,r1--tick1--pan1500.jpg
2026-09-26-zone-own-perception-v3/dev-frames/frames/zone_wide_door-s241-held_can_carry,r1--tick2--pan1#.jpg,unknown SIM timing: every 10th numeric-sorted frame + first/last (mandatory endpoints may exceed 10% for n<20),,1,1,r1--tick2--pan1500.jpg,r1--tick2--pan1500.jpg
2026-09-26-zone-own-perception-v3/dev-frames/frames/zone_wide_door-s241-held_can_wrong_kind,r1--tick0--pan1#.jpg,unknown SIM timing: every 10th numeric-sorted frame + first/last (mandatory endpoints may exceed 10% for n<20),,1,1,r1--tick0--pan1500.jpg,r1--tick0--pan1500.jpg
2026-09-26-zone-own-perception-v3/dev-frames/frames/zone_wide_door-s241-held_can_wrong_kind,r1--tick1--pan1#.jpg,unknown SIM timing: every 10th numeric-sorted frame + first/last (mandatory endpoints may exceed 10% for n<20),,1,1,r1--tick1--pan1500.jpg,r1--tick1--pan1500.jpg
2026-09-26-zone-own-perception-v3/dev-frames/frames/zone_wide_door-s241-held_can_wrong_kind,r1--tick2--pan1#.jpg,unknown SIM timing: every 10th numeric-sorted frame + first/last (mandatory endpoints may exceed 10% for n<20),,1,1,r1--tick2--pan1500.jpg,r1--tick2--pan1500.jpg
2026-09-26-zone-own-perception-v3/dev-frames/frames/zone_wide_door-s241-held_nothing_carry,r1--tick0--pan1#.jpg,unknown SIM timing: every 10th numeric-sorted frame + first/last (mandatory endpoints may exceed 10% for n<20),,1,1,r1--tick0--pan1500.jpg,r1--tick0--pan1500.jpg
2026-09-26-zone-own-perception-v3/dev-frames/frames/zone_wide_door-s241-held_nothing_carry,r1--tick1--pan1#.jpg,unknown SIM timing: every 10th numeric-sorted frame + first/last (mandatory endpoints may exceed 10% for n<20),,1,1,r1--tick1--pan1500.jpg,r1--tick1--pan1500.jpg
2026-09-26-zone-own-perception-v3/dev-frames/frames/zone_wide_door-s241-held_nothing_carry,r1--tick2--pan1#.jpg,unknown SIM timing: every 10th numeric-sorted frame + first/last (mandatory endpoints may exceed 10% for n<20),,1,1,r1--tick2--pan1500.jpg,r1--tick2--pan1500.jpg
2026-09-26-zone-own-perception-v3/dev-frames/frames/zone_wide_door-s241-held_tile_carry,r1--tick0--pan1#.jpg,unknown SIM timing: every 10th numeric-sorted frame + first/last (mandatory endpoints may exceed 10% for n<20),,1,1,r1--tick0--pan1500.jpg,r1--tick0--pan1500.jpg
2026-09-26-zone-own-perception-v3/dev-frames/frames/zone_wide_door-s241-held_tile_carry,r1--tick1--pan1#.jpg,unknown SIM timing: every 10th numeric-sorted frame + first/last (mandatory endpoints may exceed 10% for n<20),,1,1,r1--tick1--pan1500.jpg,r1--tick1--pan1500.jpg
2026-09-26-zone-own-perception-v3/dev-frames/frames/zone_wide_door-s241-held_tile_carry,r1--tick2--pan1#.jpg,unknown SIM timing: every 10th numeric-sorted frame + first/last (mandatory endpoints may exceed 10% for n<20),,1,1,r1--tick2--pan1500.jpg,r1--tick2--pan1500.jpg
2026-09-26-zone-own-perception-v3/dev-frames/frames/zone_wide_door-s241-held_tile_expect_box_carry,r1--tick0--pan1#.jpg,unknown SIM timing: every 10th numeric-sorted frame + first/last (mandatory endpoints may exceed 10% for n<20),,1,1,r1--tick0--pan1500.jpg,r1--tick0--pan1500.jpg
2026-09-26-zone-own-perception-v3/dev-frames/frames/zone_wide_door-s241-held_tile_expect_box_carry,r1--tick1--pan1#.jpg,unknown SIM timing: every 10th numeric-sorted frame + first/last (mandatory endpoints may exceed 10% for n<20),,1,1,r1--tick1--pan1500.jpg,r1--tick1--pan1500.jpg
2026-09-26-zone-own-perception-v3/dev-frames/frames/zone_wide_door-s241-held_tile_expect_box_carry,r1--tick2--pan1#.jpg,unknown SIM timing: every 10th numeric-sorted frame + first/last (mandatory endpoints may exceed 10% for n<20),,1,1,r1--tick2--pan1500.jpg,r1--tick2--pan1500.jpg
2026-09-26-zone-own-perception-v3/dev-frames/frames/zone_wide_door-s241-wrong_end_long_beam@approach_look_v2,r1--tick0--pan1#.jpg,unknown SIM timing: every 10th numeric-sorted frame + first/last (mandatory endpoints may exceed 10% for n<20),,1,1,r1--tick0--pan1500.jpg,r1--tick0--pan1500.jpg
2026-09-26-zone-own-perception-v3/dev-frames/frames/zone_wide_door-s241-wrong_end_long_beam@approach_look_v2,r1--tick1--pan1#.jpg,unknown SIM timing: every 10th numeric-sorted frame + first/last (mandatory endpoints may exceed 10% for n<20),,1,1,r1--tick1--pan1500.jpg,r1--tick1--pan1500.jpg
2026-09-26-zone-own-perception-v3/dev-frames/frames/zone_wide_door-s241-wrong_end_long_beam@approach_look_v2,r1--tick2--pan1#.jpg,unknown SIM timing: every 10th numeric-sorted frame + first/last (mandatory endpoints may exceed 10% for n<20),,1,1,r1--tick2--pan1500.jpg,r1--tick2--pan1500.jpg
2026-09-26-zone-own-perception-v3/dev-frames/frames/zone_wide_door-s241-wrong_end_long_beam@grasp_look_v3,r1--tick0--pan1#.jpg,unknown SIM timing: every 10th numeric-sorted frame + first/last (mandatory endpoints may exceed 10% for n<20),,1,1,r1--tick0--pan1500.jpg,r1--tick0--pan1500.jpg
2026-09-26-zone-own-perception-v3/dev-frames/frames/zone_wide_door-s241-wrong_end_long_beam@grasp_look_v3,r1--tick1--pan1#.jpg,unknown SIM timing: every 10th numeric-sorted frame + first/last (mandatory endpoints may exceed 10% for n<20),,1,1,r1--tick1--pan1500.jpg,r1--tick1--pan1500.jpg
2026-09-26-zone-own-perception-v3/dev-frames/frames/zone_wide_door-s241-wrong_end_long_beam@grasp_look_v3,r1--tick2--pan1#.jpg,unknown SIM timing: every 10th numeric-sorted frame + first/last (mandatory endpoints may exceed 10% for n<20),,1,1,r1--tick2--pan1500.jpg,r1--tick2--pan1500.jpg
2026-09-26-zone-own-perception-v3/dev-frames/frames/zone_wide_door-s244-carry_beam_expect_crate,r1--tick0--pan1#.jpg,unknown SIM timing: every 10th numeric-sorted frame + first/last (mandatory endpoints may exceed 10% for n<20),,1,1,r1--tick0--pan1500.jpg,r1--tick0--pan1500.jpg
2026-09-26-zone-own-perception-v3/dev-frames/frames/zone_wide_door-s244-carry_beam_expect_crate,r1--tick1--pan1#.jpg,unknown SIM timing: every 10th numeric-sorted frame + first/last (mandatory endpoints may exceed 10% for n<20),,1,1,r1--tick1--pan1500.jpg,r1--tick1--pan1500.jpg
2026-09-26-zone-own-perception-v3/dev-frames/frames/zone_wide_door-s244-carry_beam_expect_crate,r1--tick2--pan1#.jpg,unknown SIM timing: every 10th numeric-sorted frame + first/last (mandatory endpoints may exceed 10% for n<20),,1,1,r1--tick2--pan1500.jpg,r1--tick2--pan1500.jpg
2026-09-26-zone-own-perception-v3/dev-frames/frames/zone_wide_door-s244-carry_crate_expect_beam,r1--tick0--pan1#.jpg,unknown SIM timing: every 10th numeric-sorted frame + first/last (mandatory endpoints may exceed 10% for n<20),,1,1,r1--tick0--pan1500.jpg,r1--tick0--pan1500.jpg
2026-09-26-zone-own-perception-v3/dev-frames/frames/zone_wide_door-s244-carry_crate_expect_beam,r1--tick1--pan1#.jpg,unknown SIM timing: every 10th numeric-sorted frame + first/last (mandatory endpoints may exceed 10% for n<20),,1,1,r1--tick1--pan1500.jpg,r1--tick1--pan1500.jpg
2026-09-26-zone-own-perception-v3/dev-frames/frames/zone_wide_door-s244-carry_crate_expect_beam,r1--tick2--pan1#.jpg,unknown SIM timing: every 10th numeric-sorted frame + first/last (mandatory endpoints may exceed 10% for n<20),,1,1,r1--tick2--pan1500.jpg,r1--tick2--pan1500.jpg
2026-09-26-zone-own-perception-v3/dev-frames/frames/zone_wide_door-s244-carry_heavy_crate,r1--tick0--pan1#.jpg,unknown SIM timing: every 10th numeric-sorted frame + first/last (mandatory endpoints may exceed 10% for n<20),,1,1,r1--tick0--pan1500.jpg,r1--tick0--pan1500.jpg
2026-09-26-zone-own-perception-v3/dev-frames/frames/zone_wide_door-s244-carry_heavy_crate,r1--tick1--pan1#.jpg,unknown SIM timing: every 10th numeric-sorted frame + first/last (mandatory endpoints may exceed 10% for n<20),,1,1,r1--tick1--pan1500.jpg,r1--tick1--pan1500.jpg
2026-09-26-zone-own-perception-v3/dev-frames/frames/zone_wide_door-s244-carry_heavy_crate,r1--tick2--pan1#.jpg,unknown SIM timing: every 10th numeric-sorted frame + first/last (mandatory endpoints may exceed 10% for n<20),,1,1,r1--tick2--pan1500.jpg,r1--tick2--pan1500.jpg
2026-09-26-zone-own-perception-v3/dev-frames/frames/zone_wide_door-s244-carry_long_beam,r1--tick0--pan1#.jpg,unknown SIM timing: every 10th numeric-sorted frame + first/last (mandatory endpoints may exceed 10% for n<20),,1,1,r1--tick0--pan1500.jpg,r1--tick0--pan1500.jpg
2026-09-26-zone-own-perception-v3/dev-frames/frames/zone_wide_door-s244-carry_long_beam,r1--tick1--pan1#.jpg,unknown SIM timing: every 10th numeric-sorted frame + first/last (mandatory endpoints may exceed 10% for n<20),,1,1,r1--tick1--pan1500.jpg,r1--tick1--pan1500.jpg
2026-09-26-zone-own-perception-v3/dev-frames/frames/zone_wide_door-s244-carry_long_beam,r1--tick2--pan1#.jpg,unknown SIM timing: every 10th numeric-sorted frame + first/last (mandatory endpoints may exceed 10% for n<20),,1,1,r1--tick2--pan1500.jpg,r1--tick2--pan1500.jpg
2026-09-26-zone-own-perception-v3/dev-frames/frames/zone_wide_door-s244-carry_nothing_expect_crate,r1--tick0--pan1#.jpg,unknown SIM timing: every 10th numeric-sorted frame + first/last (mandatory endpoints may exceed 10% for n<20),,1,1,r1--tick0--pan1500.jpg,r1--tick0--pan1500.jpg
2026-09-26-zone-own-perception-v3/dev-frames/frames/zone_wide_door-s244-carry_nothing_expect_crate,r1--tick1--pan1#.jpg,unknown SIM timing: every 10th numeric-sorted frame + first/last (mandatory endpoints may exceed 10% for n<20),,1,1,r1--tick1--pan1500.jpg,r1--tick1--pan1500.jpg
2026-09-26-zone-own-perception-v3/dev-frames/frames/zone_wide_door-s244-carry_nothing_expect_crate,r1--tick2--pan1#.jpg,unknown SIM timing: every 10th numeric-sorted frame + first/last (mandatory endpoints may exceed 10% for n<20),,1,1,r1--tick2--pan1500.jpg,r1--tick2--pan1500.jpg
2026-09-26-zone-own-perception-v3/dev-frames/frames/zone_wide_door-s244-carry_tri_frame,r1--tick0--pan1#.jpg,unknown SIM timing: every 10th numeric-sorted frame + first/last (mandatory endpoints may exceed 10% for n<20),,1,1,r1--tick0--pan1500.jpg,r1--tick0--pan1500.jpg
2026-09-26-zone-own-perception-v3/dev-frames/frames/zone_wide_door-s244-carry_tri_frame,r1--tick1--pan1#.jpg,unknown SIM timing: every 10th numeric-sorted frame + first/last (mandatory endpoints may exceed 10% for n<20),,1,1,r1--tick1--pan1500.jpg,r1--tick1--pan1500.jpg
2026-09-26-zone-own-perception-v3/dev-frames/frames/zone_wide_door-s244-carry_tri_frame,r1--tick2--pan1#.jpg,unknown SIM timing: every 10th numeric-sorted frame + first/last (mandatory endpoints may exceed 10% for n<20),,1,1,r1--tick2--pan1500.jpg,r1--tick2--pan1500.jpg
2026-09-26-zone-own-perception-v3/dev-frames/frames/zone_wide_door-s244-grasp_heavy_crate@approach_look_v2,r1--tick0--pan1#.jpg,unknown SIM timing: every 10th numeric-sorted frame + first/last (mandatory endpoints may exceed 10% for n<20),,1,1,r1--tick0--pan1500.jpg,r1--tick0--pan1500.jpg
2026-09-26-zone-own-perception-v3/dev-frames/frames/zone_wide_door-s244-grasp_heavy_crate@approach_look_v2,r1--tick1--pan1#.jpg,unknown SIM timing: every 10th numeric-sorted frame + first/last (mandatory endpoints may exceed 10% for n<20),,1,1,r1--tick1--pan1500.jpg,r1--tick1--pan1500.jpg
2026-09-26-zone-own-perception-v3/dev-frames/frames/zone_wide_door-s244-grasp_heavy_crate@approach_look_v2,r1--tick2--pan1#.jpg,unknown SIM timing: every 10th numeric-sorted frame + first/last (mandatory endpoints may exceed 10% for n<20),,1,1,r1--tick2--pan1500.jpg,r1--tick2--pan1500.jpg
2026-09-26-zone-own-perception-v3/dev-frames/frames/zone_wide_door-s244-grasp_heavy_crate@grasp_look_v3,r1--tick0--pan1#.jpg,unknown SIM timing: every 10th numeric-sorted frame + first/last (mandatory endpoints may exceed 10% for n<20),,1,1,r1--tick0--pan1500.jpg,r1--tick0--pan1500.jpg
2026-09-26-zone-own-perception-v3/dev-frames/frames/zone_wide_door-s244-grasp_heavy_crate@grasp_look_v3,r1--tick1--pan1#.jpg,unknown SIM timing: every 10th numeric-sorted frame + first/last (mandatory endpoints may exceed 10% for n<20),,1,1,r1--tick1--pan1500.jpg,r1--tick1--pan1500.jpg
2026-09-26-zone-own-perception-v3/dev-frames/frames/zone_wide_door-s244-grasp_heavy_crate@grasp_look_v3,r1--tick2--pan1#.jpg,unknown SIM timing: every 10th numeric-sorted frame + first/last (mandatory endpoints may exceed 10% for n<20),,1,1,r1--tick2--pan1500.jpg,r1--tick2--pan1500.jpg
2026-09-26-zone-own-perception-v3/dev-frames/frames/zone_wide_door-s244-grasp_long_beam@approach_look_v2,r1--tick0--pan1#.jpg,unknown SIM timing: every 10th numeric-sorted frame + first/last (mandatory endpoints may exceed 10% for n<20),,1,1,r1--tick0--pan1500.jpg,r1--tick0--pan1500.jpg
2026-09-26-zone-own-perception-v3/dev-frames/frames/zone_wide_door-s244-grasp_long_beam@approach_look_v2,r1--tick1--pan1#.jpg,unknown SIM timing: every 10th numeric-sorted frame + first/last (mandatory endpoints may exceed 10% for n<20),,1,1,r1--tick1--pan1500.jpg,r1--tick1--pan1500.jpg
2026-09-26-zone-own-perception-v3/dev-frames/frames/zone_wide_door-s244-grasp_long_beam@approach_look_v2,r1--tick2--pan1#.jpg,unknown SIM timing: every 10th numeric-sorted frame + first/last (mandatory endpoints may exceed 10% for n<20),,1,1,r1--tick2--pan1500.jpg,r1--tick2--pan1500.jpg
2026-09-26-zone-own-perception-v3/dev-frames/frames/zone_wide_door-s244-grasp_long_beam@grasp_look_v3,r1--tick0--pan1#.jpg,unknown SIM timing: every 10th numeric-sorted frame + first/last (mandatory endpoints may exceed 10% for n<20),,1,1,r1--tick0--pan1500.jpg,r1--tick0--pan1500.jpg
2026-09-26-zone-own-perception-v3/dev-frames/frames/zone_wide_door-s244-grasp_long_beam@grasp_look_v3,r1--tick1--pan1#.jpg,unknown SIM timing: every 10th numeric-sorted frame + first/last (mandatory endpoints may exceed 10% for n<20),,1,1,r1--tick1--pan1500.jpg,r1--tick1--pan1500.jpg
2026-09-26-zone-own-perception-v3/dev-frames/frames/zone_wide_door-s244-grasp_long_beam@grasp_look_v3,r1--tick2--pan1#.jpg,unknown SIM timing: every 10th numeric-sorted frame + first/last (mandatory endpoints may exceed 10% for n<20),,1,1,r1--tick2--pan1500.jpg,r1--tick2--pan1500.jpg
2026-09-26-zone-own-perception-v3/dev-frames/frames/zone_wide_door-s244-grasp_tri_frame@approach_look_v2,r1--tick0--pan1#.jpg,unknown SIM timing: every 10th numeric-sorted frame + first/last (mandatory endpoints may exceed 10% for n<20),,1,1,r1--tick0--pan1500.jpg,r1--tick0--pan1500.jpg
2026-09-26-zone-own-perception-v3/dev-frames/frames/zone_wide_door-s244-grasp_tri_frame@approach_look_v2,r1--tick1--pan1#.jpg,unknown SIM timing: every 10th numeric-sorted frame + first/last (mandatory endpoints may exceed 10% for n<20),,1,1,r1--tick1--pan1500.jpg,r1--tick1--pan1500.jpg
2026-09-26-zone-own-perception-v3/dev-frames/frames/zone_wide_door-s244-grasp_tri_frame@approach_look_v2,r1--tick2--pan1#.jpg,unknown SIM timing: every 10th numeric-sorted frame + first/last (mandatory endpoints may exceed 10% for n<20),,1,1,r1--tick2--pan1500.jpg,r1--tick2--pan1500.jpg
2026-09-26-zone-own-perception-v3/dev-frames/frames/zone_wide_door-s244-grasp_tri_frame@grasp_look_v3,r1--tick0--pan1#.jpg,unknown SIM timing: every 10th numeric-sorted frame + first/last (mandatory endpoints may exceed 10% for n<20),,1,1,r1--tick0--pan1500.jpg,r1--tick0--pan1500.jpg
2026-09-26-zone-own-perception-v3/dev-frames/frames/zone_wide_door-s244-grasp_tri_frame@grasp_look_v3,r1--tick1--pan1#.jpg,unknown SIM timing: every 10th numeric-sorted frame + first/last (mandatory endpoints may exceed 10% for n<20),,1,1,r1--tick1--pan1500.jpg,r1--tick1--pan1500.jpg
2026-09-26-zone-own-perception-v3/dev-frames/frames/zone_wide_door-s244-grasp_tri_frame@grasp_look_v3,r1--tick2--pan1#.jpg,unknown SIM timing: every 10th numeric-sorted frame + first/last (mandatory endpoints may exceed 10% for n<20),,1,1,r1--tick2--pan1500.jpg,r1--tick2--pan1500.jpg
2026-09-26-zone-own-perception-v3/dev-frames/frames/zone_wide_door-s244-grasp_wrong_kind@approach_look_v2,r1--tick0--pan1#.jpg,unknown SIM timing: every 10th numeric-sorted frame + first/last (mandatory endpoints may exceed 10% for n<20),,1,1,r1--tick0--pan1500.jpg,r1--tick0--pan1500.jpg
2026-09-26-zone-own-perception-v3/dev-frames/frames/zone_wide_door-s244-grasp_wrong_kind@approach_look_v2,r1--tick1--pan1#.jpg,unknown SIM timing: every 10th numeric-sorted frame + first/last (mandatory endpoints may exceed 10% for n<20),,1,1,r1--tick1--pan1500.jpg,r1--tick1--pan1500.jpg
2026-09-26-zone-own-perception-v3/dev-frames/frames/zone_wide_door-s244-grasp_wrong_kind@approach_look_v2,r1--tick2--pan1#.jpg,unknown SIM timing: every 10th numeric-sorted frame + first/last (mandatory endpoints may exceed 10% for n<20),,1,1,r1--tick2--pan1500.jpg,r1--tick2--pan1500.jpg
2026-09-26-zone-own-perception-v3/dev-frames/frames/zone_wide_door-s244-grasp_wrong_kind@grasp_look_v3,r1--tick0--pan1#.jpg,unknown SIM timing: every 10th numeric-sorted frame + first/last (mandatory endpoints may exceed 10% for n<20),,1,1,r1--tick0--pan1500.jpg,r1--tick0--pan1500.jpg
2026-09-26-zone-own-perception-v3/dev-frames/frames/zone_wide_door-s244-grasp_wrong_kind@grasp_look_v3,r1--tick1--pan1#.jpg,unknown SIM timing: every 10th numeric-sorted frame + first/last (mandatory endpoints may exceed 10% for n<20),,1,1,r1--tick1--pan1500.jpg,r1--tick1--pan1500.jpg
2026-09-26-zone-own-perception-v3/dev-frames/frames/zone_wide_door-s244-grasp_wrong_kind@grasp_look_v3,r1--tick2--pan1#.jpg,unknown SIM timing: every 10th numeric-sorted frame + first/last (mandatory endpoints may exceed 10% for n<20),,1,1,r1--tick2--pan1500.jpg,r1--tick2--pan1500.jpg
2026-09-26-zone-own-perception-v3/dev-frames/frames/zone_wide_door-s244-held_box_carry,r1--tick0--pan1#.jpg,unknown SIM timing: every 10th numeric-sorted frame + first/last (mandatory endpoints may exceed 10% for n<20),,1,1,r1--tick0--pan1500.jpg,r1--tick0--pan1500.jpg
2026-09-26-zone-own-perception-v3/dev-frames/frames/zone_wide_door-s244-held_box_carry,r1--tick1--pan1#.jpg,unknown SIM timing: every 10th numeric-sorted frame + first/last (mandatory endpoints may exceed 10% for n<20),,1,1,r1--tick1--pan1500.jpg,r1--tick1--pan1500.jpg
2026-09-26-zone-own-perception-v3/dev-frames/frames/zone_wide_door-s244-held_box_carry,r1--tick2--pan1#.jpg,unknown SIM timing: every 10th numeric-sorted frame + first/last (mandatory endpoints may exceed 10% for n<20),,1,1,r1--tick2--pan1500.jpg,r1--tick2--pan1500.jpg
2026-09-26-zone-own-perception-v3/dev-frames/frames/zone_wide_door-s244-held_box_held_check,r1--tick0--pan1#.jpg,unknown SIM timing: every 10th numeric-sorted frame + first/last (mandatory endpoints may exceed 10% for n<20),,1,1,r1--tick0--pan1500.jpg,r1--tick0--pan1500.jpg
2026-09-26-zone-own-perception-v3/dev-frames/frames/zone_wide_door-s244-held_box_held_check,r1--tick1--pan1#.jpg,unknown SIM timing: every 10th numeric-sorted frame + first/last (mandatory endpoints may exceed 10% for n<20),,1,1,r1--tick1--pan1500.jpg,r1--tick1--pan1500.jpg
2026-09-26-zone-own-perception-v3/dev-frames/frames/zone_wide_door-s244-held_box_held_check,r1--tick2--pan1#.jpg,unknown SIM timing: every 10th numeric-sorted frame + first/last (mandatory endpoints may exceed 10% for n<20),,1,1,r1--tick2--pan1500.jpg,r1--tick2--pan1500.jpg
2026-09-26-zone-own-perception-v3/dev-frames/frames/zone_wide_door-s244-held_can,r1--tick0--pan1#.jpg,unknown SIM timing: every 10th numeric-sorted frame + first/last (mandatory endpoints may exceed 10% for n<20),,1,1,r1--tick0--pan1500.jpg,r1--tick0--pan1500.jpg
2026-09-26-zone-own-perception-v3/dev-frames/frames/zone_wide_door-s244-held_can,r1--tick1--pan1#.jpg,unknown SIM timing: every 10th numeric-sorted frame + first/last (mandatory endpoints may exceed 10% for n<20),,1,1,r1--tick1--pan1500.jpg,r1--tick1--pan1500.jpg
2026-09-26-zone-own-perception-v3/dev-frames/frames/zone_wide_door-s244-held_can,r1--tick2--pan1#.jpg,unknown SIM timing: every 10th numeric-sorted frame + first/last (mandatory endpoints may exceed 10% for n<20),,1,1,r1--tick2--pan1500.jpg,r1--tick2--pan1500.jpg
2026-09-26-zone-own-perception-v3/dev-frames/frames/zone_wide_door-s244-held_can_absent,r1--tick0--pan1#.jpg,unknown SIM timing: every 10th numeric-sorted frame + first/last (mandatory endpoints may exceed 10% for n<20),,1,1,r1--tick0--pan1500.jpg,r1--tick0--pan1500.jpg
2026-09-26-zone-own-perception-v3/dev-frames/frames/zone_wide_door-s244-held_can_absent,r1--tick1--pan1#.jpg,unknown SIM timing: every 10th numeric-sorted frame + first/last (mandatory endpoints may exceed 10% for n<20),,1,1,r1--tick1--pan1500.jpg,r1--tick1--pan1500.jpg
2026-09-26-zone-own-perception-v3/dev-frames/frames/zone_wide_door-s244-held_can_absent,r1--tick2--pan1#.jpg,unknown SIM timing: every 10th numeric-sorted frame + first/last (mandatory endpoints may exceed 10% for n<20),,1,1,r1--tick2--pan1500.jpg,r1--tick2--pan1500.jpg
2026-09-26-zone-own-perception-v3/dev-frames/frames/zone_wide_door-s244-held_can_carry,r1--tick0--pan1#.jpg,unknown SIM timing: every 10th numeric-sorted frame + first/last (mandatory endpoints may exceed 10% for n<20),,1,1,r1--tick0--pan1500.jpg,r1--tick0--pan1500.jpg
2026-09-26-zone-own-perception-v3/dev-frames/frames/zone_wide_door-s244-held_can_carry,r1--tick1--pan1#.jpg,unknown SIM timing: every 10th numeric-sorted frame + first/last (mandatory endpoints may exceed 10% for n<20),,1,1,r1--tick1--pan1500.jpg,r1--tick1--pan1500.jpg
2026-09-26-zone-own-perception-v3/dev-frames/frames/zone_wide_door-s244-held_can_carry,r1--tick2--pan1#.jpg,unknown SIM timing: every 10th numeric-sorted frame + first/last (mandatory endpoints may exceed 10% for n<20),,1,1,r1--tick2--pan1500.jpg,r1--tick2--pan1500.jpg
2026-09-26-zone-own-perception-v3/dev-frames/frames/zone_wide_door-s244-held_can_wrong_kind,r1--tick0--pan1#.jpg,unknown SIM timing: every 10th numeric-sorted frame + first/last (mandatory endpoints may exceed 10% for n<20),,1,1,r1--tick0--pan1500.jpg,r1--tick0--pan1500.jpg
2026-09-26-zone-own-perception-v3/dev-frames/frames/zone_wide_door-s244-held_can_wrong_kind,r1--tick1--pan1#.jpg,unknown SIM timing: every 10th numeric-sorted frame + first/last (mandatory endpoints may exceed 10% for n<20),,1,1,r1--tick1--pan1500.jpg,r1--tick1--pan1500.jpg
2026-09-26-zone-own-perception-v3/dev-frames/frames/zone_wide_door-s244-held_can_wrong_kind,r1--tick2--pan1#.jpg,unknown SIM timing: every 10th numeric-sorted frame + first/last (mandatory endpoints may exceed 10% for n<20),,1,1,r1--tick2--pan1500.jpg,r1--tick2--pan1500.jpg
2026-09-26-zone-own-perception-v3/dev-frames/frames/zone_wide_door-s244-held_nothing_carry,r1--tick0--pan1#.jpg,unknown SIM timing: every 10th numeric-sorted frame + first/last (mandatory endpoints may exceed 10% for n<20),,1,1,r1--tick0--pan1500.jpg,r1--tick0--pan1500.jpg
2026-09-26-zone-own-perception-v3/dev-frames/frames/zone_wide_door-s244-held_nothing_carry,r1--tick1--pan1#.jpg,unknown SIM timing: every 10th numeric-sorted frame + first/last (mandatory endpoints may exceed 10% for n<20),,1,1,r1--tick1--pan1500.jpg,r1--tick1--pan1500.jpg
2026-09-26-zone-own-perception-v3/dev-frames/frames/zone_wide_door-s244-held_nothing_carry,r1--tick2--pan1#.jpg,unknown SIM timing: every 10th numeric-sorted frame + first/last (mandatory endpoints may exceed 10% for n<20),,1,1,r1--tick2--pan1500.jpg,r1--tick2--pan1500.jpg
2026-09-26-zone-own-perception-v3/dev-frames/frames/zone_wide_door-s244-held_tile_carry,r1--tick0--pan1#.jpg,unknown SIM timing: every 10th numeric-sorted frame + first/last (mandatory endpoints may exceed 10% for n<20),,1,1,r1--tick0--pan1500.jpg,r1--tick0--pan1500.jpg
2026-09-26-zone-own-perception-v3/dev-frames/frames/zone_wide_door-s244-held_tile_carry,r1--tick1--pan1#.jpg,unknown SIM timing: every 10th numeric-sorted frame + first/last (mandatory endpoints may exceed 10% for n<20),,1,1,r1--tick1--pan1500.jpg,r1--tick1--pan1500.jpg
2026-09-26-zone-own-perception-v3/dev-frames/frames/zone_wide_door-s244-held_tile_carry,r1--tick2--pan1#.jpg,unknown SIM timing: every 10th numeric-sorted frame + first/last (mandatory endpoints may exceed 10% for n<20),,1,1,r1--tick2--pan1500.jpg,r1--tick2--pan1500.jpg
2026-09-26-zone-own-perception-v3/dev-frames/frames/zone_wide_door-s244-held_tile_expect_box_carry,r1--tick0--pan1#.jpg,unknown SIM timing: every 10th numeric-sorted frame + first/last (mandatory endpoints may exceed 10% for n<20),,1,1,r1--tick0--pan1500.jpg,r1--tick0--pan1500.jpg
2026-09-26-zone-own-perception-v3/dev-frames/frames/zone_wide_door-s244-held_tile_expect_box_carry,r1--tick1--pan1#.jpg,unknown SIM timing: every 10th numeric-sorted frame + first/last (mandatory endpoints may exceed 10% for n<20),,1,1,r1--tick1--pan1500.jpg,r1--tick1--pan1500.jpg
2026-09-26-zone-own-perception-v3/dev-frames/frames/zone_wide_door-s244-held_tile_expect_box_carry,r1--tick2--pan1#.jpg,unknown SIM timing: every 10th numeric-sorted frame + first/last (mandatory endpoints may exceed 10% for n<20),,1,1,r1--tick2--pan1500.jpg,r1--tick2--pan1500.jpg
2026-09-26-zone-own-perception-v3/dev-frames/frames/zone_wide_door-s244-wrong_end_long_beam@approach_look_v2,r1--tick0--pan1#.jpg,unknown SIM timing: every 10th numeric-sorted frame + first/last (mandatory endpoints may exceed 10% for n<20),,1,1,r1--tick0--pan1500.jpg,r1--tick0--pan1500.jpg
2026-09-26-zone-own-perception-v3/dev-frames/frames/zone_wide_door-s244-wrong_end_long_beam@approach_look_v2,r1--tick1--pan1#.jpg,unknown SIM timing: every 10th numeric-sorted frame + first/last (mandatory endpoints may exceed 10% for n<20),,1,1,r1--tick1--pan1500.jpg,r1--tick1--pan1500.jpg
2026-09-26-zone-own-perception-v3/dev-frames/frames/zone_wide_door-s244-wrong_end_long_beam@approach_look_v2,r1--tick2--pan1#.jpg,unknown SIM timing: every 10th numeric-sorted frame + first/last (mandatory endpoints may exceed 10% for n<20),,1,1,r1--tick2--pan1500.jpg,r1--tick2--pan1500.jpg
2026-09-26-zone-own-perception-v3/dev-frames/frames/zone_wide_door-s244-wrong_end_long_beam@grasp_look_v3,r1--tick0--pan1#.jpg,unknown SIM timing: every 10th numeric-sorted frame + first/last (mandatory endpoints may exceed 10% for n<20),,1,1,r1--tick0--pan1500.jpg,r1--tick0--pan1500.jpg
2026-09-26-zone-own-perception-v3/dev-frames/frames/zone_wide_door-s244-wrong_end_long_beam@grasp_look_v3,r1--tick1--pan1#.jpg,unknown SIM timing: every 10th numeric-sorted frame + first/last (mandatory endpoints may exceed 10% for n<20),,1,1,r1--tick1--pan1500.jpg,r1--tick1--pan1500.jpg
2026-09-26-zone-own-perception-v3/dev-frames/frames/zone_wide_door-s244-wrong_end_long_beam@grasp_look_v3,r1--tick2--pan1#.jpg,unknown SIM timing: every 10th numeric-sorted frame + first/last (mandatory endpoints may exceed 10% for n<20),,1,1,r1--tick2--pan1500.jpg,r1--tick2--pan1500.jpg
2026-09-26-zone-own-perception-v3/dev-frames/frames/zone_wide_two_doors-s243-carry_beam_expect_crate,r1--tick0--pan1#.jpg,unknown SIM timing: every 10th numeric-sorted frame + first/last (mandatory endpoints may exceed 10% for n<20),,1,1,r1--tick0--pan1500.jpg,r1--tick0--pan1500.jpg
2026-09-26-zone-own-perception-v3/dev-frames/frames/zone_wide_two_doors-s243-carry_beam_expect_crate,r1--tick1--pan1#.jpg,unknown SIM timing: every 10th numeric-sorted frame + first/last (mandatory endpoints may exceed 10% for n<20),,1,1,r1--tick1--pan1500.jpg,r1--tick1--pan1500.jpg
2026-09-26-zone-own-perception-v3/dev-frames/frames/zone_wide_two_doors-s243-carry_beam_expect_crate,r1--tick2--pan1#.jpg,unknown SIM timing: every 10th numeric-sorted frame + first/last (mandatory endpoints may exceed 10% for n<20),,1,1,r1--tick2--pan1500.jpg,r1--tick2--pan1500.jpg
2026-09-26-zone-own-perception-v3/dev-frames/frames/zone_wide_two_doors-s243-carry_crate_expect_beam,r1--tick0--pan1#.jpg,unknown SIM timing: every 10th numeric-sorted frame + first/last (mandatory endpoints may exceed 10% for n<20),,1,1,r1--tick0--pan1500.jpg,r1--tick0--pan1500.jpg
2026-09-26-zone-own-perception-v3/dev-frames/frames/zone_wide_two_doors-s243-carry_crate_expect_beam,r1--tick1--pan1#.jpg,unknown SIM timing: every 10th numeric-sorted frame + first/last (mandatory endpoints may exceed 10% for n<20),,1,1,r1--tick1--pan1500.jpg,r1--tick1--pan1500.jpg
2026-09-26-zone-own-perception-v3/dev-frames/frames/zone_wide_two_doors-s243-carry_crate_expect_beam,r1--tick2--pan1#.jpg,unknown SIM timing: every 10th numeric-sorted frame + first/last (mandatory endpoints may exceed 10% for n<20),,1,1,r1--tick2--pan1500.jpg,r1--tick2--pan1500.jpg
2026-09-26-zone-own-perception-v3/dev-frames/frames/zone_wide_two_doors-s243-carry_heavy_crate,r1--tick0--pan1#.jpg,unknown SIM timing: every 10th numeric-sorted frame + first/last (mandatory endpoints may exceed 10% for n<20),,1,1,r1--tick0--pan1500.jpg,r1--tick0--pan1500.jpg
2026-09-26-zone-own-perception-v3/dev-frames/frames/zone_wide_two_doors-s243-carry_heavy_crate,r1--tick1--pan1#.jpg,unknown SIM timing: every 10th numeric-sorted frame + first/last (mandatory endpoints may exceed 10% for n<20),,1,1,r1--tick1--pan1500.jpg,r1--tick1--pan1500.jpg
2026-09-26-zone-own-perception-v3/dev-frames/frames/zone_wide_two_doors-s243-carry_heavy_crate,r1--tick2--pan1#.jpg,unknown SIM timing: every 10th numeric-sorted frame + first/last (mandatory endpoints may exceed 10% for n<20),,1,1,r1--tick2--pan1500.jpg,r1--tick2--pan1500.jpg
2026-09-26-zone-own-perception-v3/dev-frames/frames/zone_wide_two_doors-s243-carry_long_beam,r1--tick0--pan1#.jpg,unknown SIM timing: every 10th numeric-sorted frame + first/last (mandatory endpoints may exceed 10% for n<20),,1,1,r1--tick0--pan1500.jpg,r1--tick0--pan1500.jpg
2026-09-26-zone-own-perception-v3/dev-frames/frames/zone_wide_two_doors-s243-carry_long_beam,r1--tick1--pan1#.jpg,unknown SIM timing: every 10th numeric-sorted frame + first/last (mandatory endpoints may exceed 10% for n<20),,1,1,r1--tick1--pan1500.jpg,r1--tick1--pan1500.jpg
2026-09-26-zone-own-perception-v3/dev-frames/frames/zone_wide_two_doors-s243-carry_long_beam,r1--tick2--pan1#.jpg,unknown SIM timing: every 10th numeric-sorted frame + first/last (mandatory endpoints may exceed 10% for n<20),,1,1,r1--tick2--pan1500.jpg,r1--tick2--pan1500.jpg
2026-09-26-zone-own-perception-v3/dev-frames/frames/zone_wide_two_doors-s243-carry_nothing_expect_crate,r1--tick0--pan1#.jpg,unknown SIM timing: every 10th numeric-sorted frame + first/last (mandatory endpoints may exceed 10% for n<20),,1,1,r1--tick0--pan1500.jpg,r1--tick0--pan1500.jpg
2026-09-26-zone-own-perception-v3/dev-frames/frames/zone_wide_two_doors-s243-carry_nothing_expect_crate,r1--tick1--pan1#.jpg,unknown SIM timing: every 10th numeric-sorted frame + first/last (mandatory endpoints may exceed 10% for n<20),,1,1,r1--tick1--pan1500.jpg,r1--tick1--pan1500.jpg
2026-09-26-zone-own-perception-v3/dev-frames/frames/zone_wide_two_doors-s243-carry_nothing_expect_crate,r1--tick2--pan1#.jpg,unknown SIM timing: every 10th numeric-sorted frame + first/last (mandatory endpoints may exceed 10% for n<20),,1,1,r1--tick2--pan1500.jpg,r1--tick2--pan1500.jpg
2026-09-26-zone-own-perception-v3/dev-frames/frames/zone_wide_two_doors-s243-carry_tri_frame,r1--tick0--pan1#.jpg,unknown SIM timing: every 10th numeric-sorted frame + first/last (mandatory endpoints may exceed 10% for n<20),,1,1,r1--tick0--pan1500.jpg,r1--tick0--pan1500.jpg
2026-09-26-zone-own-perception-v3/dev-frames/frames/zone_wide_two_doors-s243-carry_tri_frame,r1--tick1--pan1#.jpg,unknown SIM timing: every 10th numeric-sorted frame + first/last (mandatory endpoints may exceed 10% for n<20),,1,1,r1--tick1--pan1500.jpg,r1--tick1--pan1500.jpg
2026-09-26-zone-own-perception-v3/dev-frames/frames/zone_wide_two_doors-s243-carry_tri_frame,r1--tick2--pan1#.jpg,unknown SIM timing: every 10th numeric-sorted frame + first/last (mandatory endpoints may exceed 10% for n<20),,1,1,r1--tick2--pan1500.jpg,r1--tick2--pan1500.jpg
2026-09-26-zone-own-perception-v3/dev-frames/frames/zone_wide_two_doors-s243-grasp_heavy_crate@approach_look_v2,r1--tick0--pan1#.jpg,unknown SIM timing: every 10th numeric-sorted frame + first/last (mandatory endpoints may exceed 10% for n<20),,1,1,r1--tick0--pan1500.jpg,r1--tick0--pan1500.jpg
2026-09-26-zone-own-perception-v3/dev-frames/frames/zone_wide_two_doors-s243-grasp_heavy_crate@approach_look_v2,r1--tick1--pan1#.jpg,unknown SIM timing: every 10th numeric-sorted frame + first/last (mandatory endpoints may exceed 10% for n<20),,1,1,r1--tick1--pan1500.jpg,r1--tick1--pan1500.jpg
2026-09-26-zone-own-perception-v3/dev-frames/frames/zone_wide_two_doors-s243-grasp_heavy_crate@approach_look_v2,r1--tick2--pan1#.jpg,unknown SIM timing: every 10th numeric-sorted frame + first/last (mandatory endpoints may exceed 10% for n<20),,1,1,r1--tick2--pan1500.jpg,r1--tick2--pan1500.jpg
2026-09-26-zone-own-perception-v3/dev-frames/frames/zone_wide_two_doors-s243-grasp_heavy_crate@grasp_look_v3,r1--tick0--pan1#.jpg,unknown SIM timing: every 10th numeric-sorted frame + first/last (mandatory endpoints may exceed 10% for n<20),,1,1,r1--tick0--pan1500.jpg,r1--tick0--pan1500.jpg
2026-09-26-zone-own-perception-v3/dev-frames/frames/zone_wide_two_doors-s243-grasp_heavy_crate@grasp_look_v3,r1--tick1--pan1#.jpg,unknown SIM timing: every 10th numeric-sorted frame + first/last (mandatory endpoints may exceed 10% for n<20),,1,1,r1--tick1--pan1500.jpg,r1--tick1--pan1500.jpg
2026-09-26-zone-own-perception-v3/dev-frames/frames/zone_wide_two_doors-s243-grasp_heavy_crate@grasp_look_v3,r1--tick2--pan1#.jpg,unknown SIM timing: every 10th numeric-sorted frame + first/last (mandatory endpoints may exceed 10% for n<20),,1,1,r1--tick2--pan1500.jpg,r1--tick2--pan1500.jpg
2026-09-26-zone-own-perception-v3/dev-frames/frames/zone_wide_two_doors-s243-grasp_long_beam@approach_look_v2,r1--tick0--pan1#.jpg,unknown SIM timing: every 10th numeric-sorted frame + first/last (mandatory endpoints may exceed 10% for n<20),,1,1,r1--tick0--pan1500.jpg,r1--tick0--pan1500.jpg
2026-09-26-zone-own-perception-v3/dev-frames/frames/zone_wide_two_doors-s243-grasp_long_beam@approach_look_v2,r1--tick1--pan1#.jpg,unknown SIM timing: every 10th numeric-sorted frame + first/last (mandatory endpoints may exceed 10% for n<20),,1,1,r1--tick1--pan1500.jpg,r1--tick1--pan1500.jpg
2026-09-26-zone-own-perception-v3/dev-frames/frames/zone_wide_two_doors-s243-grasp_long_beam@approach_look_v2,r1--tick2--pan1#.jpg,unknown SIM timing: every 10th numeric-sorted frame + first/last (mandatory endpoints may exceed 10% for n<20),,1,1,r1--tick2--pan1500.jpg,r1--tick2--pan1500.jpg
2026-09-26-zone-own-perception-v3/dev-frames/frames/zone_wide_two_doors-s243-grasp_long_beam@grasp_look_v3,r1--tick0--pan1#.jpg,unknown SIM timing: every 10th numeric-sorted frame + first/last (mandatory endpoints may exceed 10% for n<20),,1,1,r1--tick0--pan1500.jpg,r1--tick0--pan1500.jpg
2026-09-26-zone-own-perception-v3/dev-frames/frames/zone_wide_two_doors-s243-grasp_long_beam@grasp_look_v3,r1--tick1--pan1#.jpg,unknown SIM timing: every 10th numeric-sorted frame + first/last (mandatory endpoints may exceed 10% for n<20),,1,1,r1--tick1--pan1500.jpg,r1--tick1--pan1500.jpg
2026-09-26-zone-own-perception-v3/dev-frames/frames/zone_wide_two_doors-s243-grasp_long_beam@grasp_look_v3,r1--tick2--pan1#.jpg,unknown SIM timing: every 10th numeric-sorted frame + first/last (mandatory endpoints may exceed 10% for n<20),,1,1,r1--tick2--pan1500.jpg,r1--tick2--pan1500.jpg
2026-09-26-zone-own-perception-v3/dev-frames/frames/zone_wide_two_doors-s243-grasp_tri_frame@approach_look_v2,r1--tick0--pan1#.jpg,unknown SIM timing: every 10th numeric-sorted frame + first/last (mandatory endpoints may exceed 10% for n<20),,1,1,r1--tick0--pan1500.jpg,r1--tick0--pan1500.jpg
2026-09-26-zone-own-perception-v3/dev-frames/frames/zone_wide_two_doors-s243-grasp_tri_frame@approach_look_v2,r1--tick1--pan1#.jpg,unknown SIM timing: every 10th numeric-sorted frame + first/last (mandatory endpoints may exceed 10% for n<20),,1,1,r1--tick1--pan1500.jpg,r1--tick1--pan1500.jpg
2026-09-26-zone-own-perception-v3/dev-frames/frames/zone_wide_two_doors-s243-grasp_tri_frame@approach_look_v2,r1--tick2--pan1#.jpg,unknown SIM timing: every 10th numeric-sorted frame + first/last (mandatory endpoints may exceed 10% for n<20),,1,1,r1--tick2--pan1500.jpg,r1--tick2--pan1500.jpg
2026-09-26-zone-own-perception-v3/dev-frames/frames/zone_wide_two_doors-s243-grasp_tri_frame@grasp_look_v3,r1--tick0--pan1#.jpg,unknown SIM timing: every 10th numeric-sorted frame + first/last (mandatory endpoints may exceed 10% for n<20),,1,1,r1--tick0--pan1500.jpg,r1--tick0--pan1500.jpg
2026-09-26-zone-own-perception-v3/dev-frames/frames/zone_wide_two_doors-s243-grasp_tri_frame@grasp_look_v3,r1--tick1--pan1#.jpg,unknown SIM timing: every 10th numeric-sorted frame + first/last (mandatory endpoints may exceed 10% for n<20),,1,1,r1--tick1--pan1500.jpg,r1--tick1--pan1500.jpg
2026-09-26-zone-own-perception-v3/dev-frames/frames/zone_wide_two_doors-s243-grasp_tri_frame@grasp_look_v3,r1--tick2--pan1#.jpg,unknown SIM timing: every 10th numeric-sorted frame + first/last (mandatory endpoints may exceed 10% for n<20),,1,1,r1--tick2--pan1500.jpg,r1--tick2--pan1500.jpg
2026-09-26-zone-own-perception-v3/dev-frames/frames/zone_wide_two_doors-s243-grasp_wrong_kind@approach_look_v2,r1--tick0--pan1#.jpg,unknown SIM timing: every 10th numeric-sorted frame + first/last (mandatory endpoints may exceed 10% for n<20),,1,1,r1--tick0--pan1500.jpg,r1--tick0--pan1500.jpg
2026-09-26-zone-own-perception-v3/dev-frames/frames/zone_wide_two_doors-s243-grasp_wrong_kind@approach_look_v2,r1--tick1--pan1#.jpg,unknown SIM timing: every 10th numeric-sorted frame + first/last (mandatory endpoints may exceed 10% for n<20),,1,1,r1--tick1--pan1500.jpg,r1--tick1--pan1500.jpg
2026-09-26-zone-own-perception-v3/dev-frames/frames/zone_wide_two_doors-s243-grasp_wrong_kind@approach_look_v2,r1--tick2--pan1#.jpg,unknown SIM timing: every 10th numeric-sorted frame + first/last (mandatory endpoints may exceed 10% for n<20),,1,1,r1--tick2--pan1500.jpg,r1--tick2--pan1500.jpg
2026-09-26-zone-own-perception-v3/dev-frames/frames/zone_wide_two_doors-s243-grasp_wrong_kind@grasp_look_v3,r1--tick0--pan1#.jpg,unknown SIM timing: every 10th numeric-sorted frame + first/last (mandatory endpoints may exceed 10% for n<20),,1,1,r1--tick0--pan1500.jpg,r1--tick0--pan1500.jpg
2026-09-26-zone-own-perception-v3/dev-frames/frames/zone_wide_two_doors-s243-grasp_wrong_kind@grasp_look_v3,r1--tick1--pan1#.jpg,unknown SIM timing: every 10th numeric-sorted frame + first/last (mandatory endpoints may exceed 10% for n<20),,1,1,r1--tick1--pan1500.jpg,r1--tick1--pan1500.jpg
2026-09-26-zone-own-perception-v3/dev-frames/frames/zone_wide_two_doors-s243-grasp_wrong_kind@grasp_look_v3,r1--tick2--pan1#.jpg,unknown SIM timing: every 10th numeric-sorted frame + first/last (mandatory endpoints may exceed 10% for n<20),,1,1,r1--tick2--pan1500.jpg,r1--tick2--pan1500.jpg
2026-09-26-zone-own-perception-v3/dev-frames/frames/zone_wide_two_doors-s243-held_box_carry,r1--tick0--pan1#.jpg,unknown SIM timing: every 10th numeric-sorted frame + first/last (mandatory endpoints may exceed 10% for n<20),,1,1,r1--tick0--pan1500.jpg,r1--tick0--pan1500.jpg
2026-09-26-zone-own-perception-v3/dev-frames/frames/zone_wide_two_doors-s243-held_box_carry,r1--tick1--pan1#.jpg,unknown SIM timing: every 10th numeric-sorted frame + first/last (mandatory endpoints may exceed 10% for n<20),,1,1,r1--tick1--pan1500.jpg,r1--tick1--pan1500.jpg
2026-09-26-zone-own-perception-v3/dev-frames/frames/zone_wide_two_doors-s243-held_box_carry,r1--tick2--pan1#.jpg,unknown SIM timing: every 10th numeric-sorted frame + first/last (mandatory endpoints may exceed 10% for n<20),,1,1,r1--tick2--pan1500.jpg,r1--tick2--pan1500.jpg
2026-09-26-zone-own-perception-v3/dev-frames/frames/zone_wide_two_doors-s243-held_box_held_check,r1--tick0--pan1#.jpg,unknown SIM timing: every 10th numeric-sorted frame + first/last (mandatory endpoints may exceed 10% for n<20),,1,1,r1--tick0--pan1500.jpg,r1--tick0--pan1500.jpg
2026-09-26-zone-own-perception-v3/dev-frames/frames/zone_wide_two_doors-s243-held_box_held_check,r1--tick1--pan1#.jpg,unknown SIM timing: every 10th numeric-sorted frame + first/last (mandatory endpoints may exceed 10% for n<20),,1,1,r1--tick1--pan1500.jpg,r1--tick1--pan1500.jpg
2026-09-26-zone-own-perception-v3/dev-frames/frames/zone_wide_two_doors-s243-held_box_held_check,r1--tick2--pan1#.jpg,unknown SIM timing: every 10th numeric-sorted frame + first/last (mandatory endpoints may exceed 10% for n<20),,1,1,r1--tick2--pan1500.jpg,r1--tick2--pan1500.jpg
2026-09-26-zone-own-perception-v3/dev-frames/frames/zone_wide_two_doors-s243-held_can,r1--tick0--pan1#.jpg,unknown SIM timing: every 10th numeric-sorted frame + first/last (mandatory endpoints may exceed 10% for n<20),,1,1,r1--tick0--pan1500.jpg,r1--tick0--pan1500.jpg
2026-09-26-zone-own-perception-v3/dev-frames/frames/zone_wide_two_doors-s243-held_can,r1--tick1--pan1#.jpg,unknown SIM timing: every 10th numeric-sorted frame + first/last (mandatory endpoints may exceed 10% for n<20),,1,1,r1--tick1--pan1500.jpg,r1--tick1--pan1500.jpg
2026-09-26-zone-own-perception-v3/dev-frames/frames/zone_wide_two_doors-s243-held_can,r1--tick2--pan1#.jpg,unknown SIM timing: every 10th numeric-sorted frame + first/last (mandatory endpoints may exceed 10% for n<20),,1,1,r1--tick2--pan1500.jpg,r1--tick2--pan1500.jpg
2026-09-26-zone-own-perception-v3/dev-frames/frames/zone_wide_two_doors-s243-held_can_absent,r1--tick0--pan1#.jpg,unknown SIM timing: every 10th numeric-sorted frame + first/last (mandatory endpoints may exceed 10% for n<20),,1,1,r1--tick0--pan1500.jpg,r1--tick0--pan1500.jpg
2026-09-26-zone-own-perception-v3/dev-frames/frames/zone_wide_two_doors-s243-held_can_absent,r1--tick1--pan1#.jpg,unknown SIM timing: every 10th numeric-sorted frame + first/last (mandatory endpoints may exceed 10% for n<20),,1,1,r1--tick1--pan1500.jpg,r1--tick1--pan1500.jpg
2026-09-26-zone-own-perception-v3/dev-frames/frames/zone_wide_two_doors-s243-held_can_absent,r1--tick2--pan1#.jpg,unknown SIM timing: every 10th numeric-sorted frame + first/last (mandatory endpoints may exceed 10% for n<20),,1,1,r1--tick2--pan1500.jpg,r1--tick2--pan1500.jpg
2026-09-26-zone-own-perception-v3/dev-frames/frames/zone_wide_two_doors-s243-held_can_carry,r1--tick0--pan1#.jpg,unknown SIM timing: every 10th numeric-sorted frame + first/last (mandatory endpoints may exceed 10% for n<20),,1,1,r1--tick0--pan1500.jpg,r1--tick0--pan1500.jpg
2026-09-26-zone-own-perception-v3/dev-frames/frames/zone_wide_two_doors-s243-held_can_carry,r1--tick1--pan1#.jpg,unknown SIM timing: every 10th numeric-sorted frame + first/last (mandatory endpoints may exceed 10% for n<20),,1,1,r1--tick1--pan1500.jpg,r1--tick1--pan1500.jpg
2026-09-26-zone-own-perception-v3/dev-frames/frames/zone_wide_two_doors-s243-held_can_carry,r1--tick2--pan1#.jpg,unknown SIM timing: every 10th numeric-sorted frame + first/last (mandatory endpoints may exceed 10% for n<20),,1,1,r1--tick2--pan1500.jpg,r1--tick2--pan1500.jpg
2026-09-26-zone-own-perception-v3/dev-frames/frames/zone_wide_two_doors-s243-held_can_wrong_kind,r1--tick0--pan1#.jpg,unknown SIM timing: every 10th numeric-sorted frame + first/last (mandatory endpoints may exceed 10% for n<20),,1,1,r1--tick0--pan1500.jpg,r1--tick0--pan1500.jpg
2026-09-26-zone-own-perception-v3/dev-frames/frames/zone_wide_two_doors-s243-held_can_wrong_kind,r1--tick1--pan1#.jpg,unknown SIM timing: every 10th numeric-sorted frame + first/last (mandatory endpoints may exceed 10% for n<20),,1,1,r1--tick1--pan1500.jpg,r1--tick1--pan1500.jpg
2026-09-26-zone-own-perception-v3/dev-frames/frames/zone_wide_two_doors-s243-held_can_wrong_kind,r1--tick2--pan1#.jpg,unknown SIM timing: every 10th numeric-sorted frame + first/last (mandatory endpoints may exceed 10% for n<20),,1,1,r1--tick2--pan1500.jpg,r1--tick2--pan1500.jpg
2026-09-26-zone-own-perception-v3/dev-frames/frames/zone_wide_two_doors-s243-held_nothing_carry,r1--tick0--pan1#.jpg,unknown SIM timing: every 10th numeric-sorted frame + first/last (mandatory endpoints may exceed 10% for n<20),,1,1,r1--tick0--pan1500.jpg,r1--tick0--pan1500.jpg
2026-09-26-zone-own-perception-v3/dev-frames/frames/zone_wide_two_doors-s243-held_nothing_carry,r1--tick1--pan1#.jpg,unknown SIM timing: every 10th numeric-sorted frame + first/last (mandatory endpoints may exceed 10% for n<20),,1,1,r1--tick1--pan1500.jpg,r1--tick1--pan1500.jpg
2026-09-26-zone-own-perception-v3/dev-frames/frames/zone_wide_two_doors-s243-held_nothing_carry,r1--tick2--pan1#.jpg,unknown SIM timing: every 10th numeric-sorted frame + first/last (mandatory endpoints may exceed 10% for n<20),,1,1,r1--tick2--pan1500.jpg,r1--tick2--pan1500.jpg
2026-09-26-zone-own-perception-v3/dev-frames/frames/zone_wide_two_doors-s243-held_tile_carry,r1--tick0--pan1#.jpg,unknown SIM timing: every 10th numeric-sorted frame + first/last (mandatory endpoints may exceed 10% for n<20),,1,1,r1--tick0--pan1500.jpg,r1--tick0--pan1500.jpg
2026-09-26-zone-own-perception-v3/dev-frames/frames/zone_wide_two_doors-s243-held_tile_carry,r1--tick1--pan1#.jpg,unknown SIM timing: every 10th numeric-sorted frame + first/last (mandatory endpoints may exceed 10% for n<20),,1,1,r1--tick1--pan1500.jpg,r1--tick1--pan1500.jpg
2026-09-26-zone-own-perception-v3/dev-frames/frames/zone_wide_two_doors-s243-held_tile_carry,r1--tick2--pan1#.jpg,unknown SIM timing: every 10th numeric-sorted frame + first/last (mandatory endpoints may exceed 10% for n<20),,1,1,r1--tick2--pan1500.jpg,r1--tick2--pan1500.jpg
2026-09-26-zone-own-perception-v3/dev-frames/frames/zone_wide_two_doors-s243-held_tile_expect_box_carry,r1--tick0--pan1#.jpg,unknown SIM timing: every 10th numeric-sorted frame + first/last (mandatory endpoints may exceed 10% for n<20),,1,1,r1--tick0--pan1500.jpg,r1--tick0--pan1500.jpg
2026-09-26-zone-own-perception-v3/dev-frames/frames/zone_wide_two_doors-s243-held_tile_expect_box_carry,r1--tick1--pan1#.jpg,unknown SIM timing: every 10th numeric-sorted frame + first/last (mandatory endpoints may exceed 10% for n<20),,1,1,r1--tick1--pan1500.jpg,r1--tick1--pan1500.jpg
2026-09-26-zone-own-perception-v3/dev-frames/frames/zone_wide_two_doors-s243-held_tile_expect_box_carry,r1--tick2--pan1#.jpg,unknown SIM timing: every 10th numeric-sorted frame + first/last (mandatory endpoints may exceed 10% for n<20),,1,1,r1--tick2--pan1500.jpg,r1--tick2--pan1500.jpg
2026-09-26-zone-own-perception-v3/dev-frames/frames/zone_wide_two_doors-s243-wrong_end_long_beam@approach_look_v2,r1--tick0--pan1#.jpg,unknown SIM timing: every 10th numeric-sorted frame + first/last (mandatory endpoints may exceed 10% for n<20),,1,1,r1--tick0--pan1500.jpg,r1--tick0--pan1500.jpg
2026-09-26-zone-own-perception-v3/dev-frames/frames/zone_wide_two_doors-s243-wrong_end_long_beam@approach_look_v2,r1--tick1--pan1#.jpg,unknown SIM timing: every 10th numeric-sorted frame + first/last (mandatory endpoints may exceed 10% for n<20),,1,1,r1--tick1--pan1500.jpg,r1--tick1--pan1500.jpg
2026-09-26-zone-own-perception-v3/dev-frames/frames/zone_wide_two_doors-s243-wrong_end_long_beam@approach_look_v2,r1--tick2--pan1#.jpg,unknown SIM timing: every 10th numeric-sorted frame + first/last (mandatory endpoints may exceed 10% for n<20),,1,1,r1--tick2--pan1500.jpg,r1--tick2--pan1500.jpg
2026-09-26-zone-own-perception-v3/dev-frames/frames/zone_wide_two_doors-s243-wrong_end_long_beam@grasp_look_v3,r1--tick0--pan1#.jpg,unknown SIM timing: every 10th numeric-sorted frame + first/last (mandatory endpoints may exceed 10% for n<20),,1,1,r1--tick0--pan1500.jpg,r1--tick0--pan1500.jpg
2026-09-26-zone-own-perception-v3/dev-frames/frames/zone_wide_two_doors-s243-wrong_end_long_beam@grasp_look_v3,r1--tick1--pan1#.jpg,unknown SIM timing: every 10th numeric-sorted frame + first/last (mandatory endpoints may exceed 10% for n<20),,1,1,r1--tick1--pan1500.jpg,r1--tick1--pan1500.jpg
2026-09-26-zone-own-perception-v3/dev-frames/frames/zone_wide_two_doors-s243-wrong_end_long_beam@grasp_look_v3,r1--tick2--pan1#.jpg,unknown SIM timing: every 10th numeric-sorted frame + first/last (mandatory endpoints may exceed 10% for n<20),,1,1,r1--tick2--pan1500.jpg,r1--tick2--pan1500.jpg
2026-09-26-zone-own-perception-v3/dev-scan/eval-labels,zone_wide_corridor-s2#-carry_beam_expect_crate--r1--tick0--pan1#.png,unknown SIM timing: every 10th numeric-sorted frame + first/last (mandatory endpoints may exceed 10% for n<20),,1,1,zone_wide_corridor-s242-carry_beam_expect_crate--r1--tick0--pan1500.png,zone_wide_corridor-s242-carry_beam_expect_crate--r1--tick0--pan1500.png
2026-09-26-zone-own-perception-v3/dev-scan/eval-labels,zone_wide_corridor-s2#-carry_beam_expect_crate--r1--tick1--pan1#.png,unknown SIM timing: every 10th numeric-sorted frame + first/last (mandatory endpoints may exceed 10% for n<20),,1,1,zone_wide_corridor-s242-carry_beam_expect_crate--r1--tick1--pan1500.png,zone_wide_corridor-s242-carry_beam_expect_crate--r1--tick1--pan1500.png
2026-09-26-zone-own-perception-v3/dev-scan/eval-labels,zone_wide_corridor-s2#-carry_beam_expect_crate--r1--tick2--pan1#.png,unknown SIM timing: every 10th numeric-sorted frame + first/last (mandatory endpoints may exceed 10% for n<20),,1,1,zone_wide_corridor-s242-carry_beam_expect_crate--r1--tick2--pan1500.png,zone_wide_corridor-s242-carry_beam_expect_crate--r1--tick2--pan1500.png
2026-09-26-zone-own-perception-v3/dev-scan/eval-labels,zone_wide_corridor-s2#-carry_crate_expect_beam--r1--tick0--pan1#.png,unknown SIM timing: every 10th numeric-sorted frame + first/last (mandatory endpoints may exceed 10% for n<20),,1,1,zone_wide_corridor-s242-carry_crate_expect_beam--r1--tick0--pan1500.png,zone_wide_corridor-s242-carry_crate_expect_beam--r1--tick0--pan1500.png
2026-09-26-zone-own-perception-v3/dev-scan/eval-labels,zone_wide_corridor-s2#-carry_crate_expect_beam--r1--tick1--pan1#.png,unknown SIM timing: every 10th numeric-sorted frame + first/last (mandatory endpoints may exceed 10% for n<20),,1,1,zone_wide_corridor-s242-carry_crate_expect_beam--r1--tick1--pan1500.png,zone_wide_corridor-s242-carry_crate_expect_beam--r1--tick1--pan1500.png
2026-09-26-zone-own-perception-v3/dev-scan/eval-labels,zone_wide_corridor-s2#-carry_crate_expect_beam--r1--tick2--pan1#.png,unknown SIM timing: every 10th numeric-sorted frame + first/last (mandatory endpoints may exceed 10% for n<20),,1,1,zone_wide_corridor-s242-carry_crate_expect_beam--r1--tick2--pan1500.png,zone_wide_corridor-s242-carry_crate_expect_beam--r1--tick2--pan1500.png
2026-09-26-zone-own-perception-v3/dev-scan/eval-labels,zone_wide_corridor-s2#-carry_heavy_crate--r1--tick0--pan1#.png,unknown SIM timing: every 10th numeric-sorted frame + first/last (mandatory endpoints may exceed 10% for n<20),,1,1,zone_wide_corridor-s242-carry_heavy_crate--r1--tick0--pan1500.png,zone_wide_corridor-s242-carry_heavy_crate--r1--tick0--pan1500.png
2026-09-26-zone-own-perception-v3/dev-scan/eval-labels,zone_wide_corridor-s2#-carry_heavy_crate--r1--tick1--pan1#.png,unknown SIM timing: every 10th numeric-sorted frame + first/last (mandatory endpoints may exceed 10% for n<20),,1,1,zone_wide_corridor-s242-carry_heavy_crate--r1--tick1--pan1500.png,zone_wide_corridor-s242-carry_heavy_crate--r1--tick1--pan1500.png
2026-09-26-zone-own-perception-v3/dev-scan/eval-labels,zone_wide_corridor-s2#-carry_heavy_crate--r1--tick2--pan1#.png,unknown SIM timing: every 10th numeric-sorted frame + first/last (mandatory endpoints may exceed 10% for n<20),,1,1,zone_wide_corridor-s242-carry_heavy_crate--r1--tick2--pan1500.png,zone_wide_corridor-s242-carry_heavy_crate--r1--tick2--pan1500.png
2026-09-26-zone-own-perception-v3/dev-scan/eval-labels,zone_wide_corridor-s2#-carry_heavy_crate_centroid_hold--r1--tick0--pan1#.png,unknown SIM timing: every 10th numeric-sorted frame + first/last (mandatory endpoints may exceed 10% for n<20),,1,1,zone_wide_corridor-s242-carry_heavy_crate_centroid_hold--r1--tick0--pan1500.png,zone_wide_corridor-s242-carry_heavy_crate_centroid_hold--r1--tick0--pan1500.png
2026-09-26-zone-own-perception-v3/dev-scan/eval-labels,zone_wide_corridor-s2#-carry_heavy_crate_centroid_hold--r1--tick1--pan1#.png,unknown SIM timing: every 10th numeric-sorted frame + first/last (mandatory endpoints may exceed 10% for n<20),,1,1,zone_wide_corridor-s242-carry_heavy_crate_centroid_hold--r1--tick1--pan1500.png,zone_wide_corridor-s242-carry_heavy_crate_centroid_hold--r1--tick1--pan1500.png
2026-09-26-zone-own-perception-v3/dev-scan/eval-labels,zone_wide_corridor-s2#-carry_heavy_crate_centroid_hold--r1--tick2--pan1#.png,unknown SIM timing: every 10th numeric-sorted frame + first/last (mandatory endpoints may exceed 10% for n<20),,1,1,zone_wide_corridor-s242-carry_heavy_crate_centroid_hold--r1--tick2--pan1500.png,zone_wide_corridor-s242-carry_heavy_crate_centroid_hold--r1--tick2--pan1500.png
2026-09-26-zone-own-perception-v3/dev-scan/eval-labels,zone_wide_corridor-s2#-carry_long_beam--r1--tick0--pan1#.png,unknown SIM timing: every 10th numeric-sorted frame + first/last (mandatory endpoints may exceed 10% for n<20),,1,1,zone_wide_corridor-s242-carry_long_beam--r1--tick0--pan1500.png,zone_wide_corridor-s242-carry_long_beam--r1--tick0--pan1500.png
2026-09-26-zone-own-perception-v3/dev-scan/eval-labels,zone_wide_corridor-s2#-carry_long_beam--r1--tick1--pan1#.png,unknown SIM timing: every 10th numeric-sorted frame + first/last (mandatory endpoints may exceed 10% for n<20),,1,1,zone_wide_corridor-s242-carry_long_beam--r1--tick1--pan1500.png,zone_wide_corridor-s242-carry_long_beam--r1--tick1--pan1500.png
2026-09-26-zone-own-perception-v3/dev-scan/eval-labels,zone_wide_corridor-s2#-carry_long_beam--r1--tick2--pan1#.png,unknown SIM timing: every 10th numeric-sorted frame + first/last (mandatory endpoints may exceed 10% for n<20),,1,1,zone_wide_corridor-s242-carry_long_beam--r1--tick2--pan1500.png,zone_wide_corridor-s242-carry_long_beam--r1--tick2--pan1500.png
2026-09-26-zone-own-perception-v3/dev-scan/eval-labels,zone_wide_corridor-s2#-carry_nothing_expect_crate--r1--tick0--pan1#.png,unknown SIM timing: every 10th numeric-sorted frame + first/last (mandatory endpoints may exceed 10% for n<20),,1,1,zone_wide_corridor-s242-carry_nothing_expect_crate--r1--tick0--pan1500.png,zone_wide_corridor-s242-carry_nothing_expect_crate--r1--tick0--pan1500.png
2026-09-26-zone-own-perception-v3/dev-scan/eval-labels,zone_wide_corridor-s2#-carry_nothing_expect_crate--r1--tick1--pan1#.png,unknown SIM timing: every 10th numeric-sorted frame + first/last (mandatory endpoints may exceed 10% for n<20),,1,1,zone_wide_corridor-s242-carry_nothing_expect_crate--r1--tick1--pan1500.png,zone_wide_corridor-s242-carry_nothing_expect_crate--r1--tick1--pan1500.png
2026-09-26-zone-own-perception-v3/dev-scan/eval-labels,zone_wide_corridor-s2#-carry_nothing_expect_crate--r1--tick2--pan1#.png,unknown SIM timing: every 10th numeric-sorted frame + first/last (mandatory endpoints may exceed 10% for n<20),,1,1,zone_wide_corridor-s242-carry_nothing_expect_crate--r1--tick2--pan1500.png,zone_wide_corridor-s242-carry_nothing_expect_crate--r1--tick2--pan1500.png
2026-09-26-zone-own-perception-v3/dev-scan/eval-labels,zone_wide_corridor-s2#-carry_tri_frame--r1--tick0--pan1#.png,unknown SIM timing: every 10th numeric-sorted frame + first/last (mandatory endpoints may exceed 10% for n<20),,1,1,zone_wide_corridor-s242-carry_tri_frame--r1--tick0--pan1500.png,zone_wide_corridor-s242-carry_tri_frame--r1--tick0--pan1500.png
2026-09-26-zone-own-perception-v3/dev-scan/eval-labels,zone_wide_corridor-s2#-carry_tri_frame--r1--tick1--pan1#.png,unknown SIM timing: every 10th numeric-sorted frame + first/last (mandatory endpoints may exceed 10% for n<20),,1,1,zone_wide_corridor-s242-carry_tri_frame--r1--tick1--pan1500.png,zone_wide_corridor-s242-carry_tri_frame--r1--tick1--pan1500.png
2026-09-26-zone-own-perception-v3/dev-scan/eval-labels,zone_wide_corridor-s2#-carry_tri_frame--r1--tick2--pan1#.png,unknown SIM timing: every 10th numeric-sorted frame + first/last (mandatory endpoints may exceed 10% for n<20),,1,1,zone_wide_corridor-s242-carry_tri_frame--r1--tick2--pan1500.png,zone_wide_corridor-s242-carry_tri_frame--r1--tick2--pan1500.png
2026-09-26-zone-own-perception-v3/dev-scan/eval-labels,zone_wide_corridor-s2#-grasp_heavy_crate@approach_look_v2--r1--tick0--pan1#.png,unknown SIM timing: every 10th numeric-sorted frame + first/last (mandatory endpoints may exceed 10% for n<20),,1,1,zone_wide_corridor-s242-grasp_heavy_crate@approach_look_v2--r1--tick0--pan1500.png,zone_wide_corridor-s242-grasp_heavy_crate@approach_look_v2--r1--tick0--pan1500.png
2026-09-26-zone-own-perception-v3/dev-scan/eval-labels,zone_wide_corridor-s2#-grasp_heavy_crate@approach_look_v2--r1--tick1--pan1#.png,unknown SIM timing: every 10th numeric-sorted frame + first/last (mandatory endpoints may exceed 10% for n<20),,1,1,zone_wide_corridor-s242-grasp_heavy_crate@approach_look_v2--r1--tick1--pan1500.png,zone_wide_corridor-s242-grasp_heavy_crate@approach_look_v2--r1--tick1--pan1500.png
2026-09-26-zone-own-perception-v3/dev-scan/eval-labels,zone_wide_corridor-s2#-grasp_heavy_crate@approach_look_v2--r1--tick2--pan1#.png,unknown SIM timing: every 10th numeric-sorted frame + first/last (mandatory endpoints may exceed 10% for n<20),,1,1,zone_wide_corridor-s242-grasp_heavy_crate@approach_look_v2--r1--tick2--pan1500.png,zone_wide_corridor-s242-grasp_heavy_crate@approach_look_v2--r1--tick2--pan1500.png
2026-09-26-zone-own-perception-v3/dev-scan/eval-labels,zone_wide_corridor-s2#-grasp_heavy_crate@ik_r1#_h1#_m3#--r1--tick0--pan1#.png,unknown SIM timing: every 10th numeric-sorted frame + first/last (mandatory endpoints may exceed 10% for n<20),,1,1,zone_wide_corridor-s242-grasp_heavy_crate@ik_r10_h16_m39--r1--tick0--pan1500.png,zone_wide_corridor-s242-grasp_heavy_crate@ik_r10_h16_m39--r1--tick0--pan1500.png
2026-09-26-zone-own-perception-v3/dev-scan/eval-labels,zone_wide_corridor-s2#-grasp_heavy_crate@ik_r1#_h1#_m3#--r1--tick1--pan1#.png,unknown SIM timing: every 10th numeric-sorted frame + first/last (mandatory endpoints may exceed 10% for n<20),,1,1,zone_wide_corridor-s242-grasp_heavy_crate@ik_r10_h16_m39--r1--tick1--pan1500.png,zone_wide_corridor-s242-grasp_heavy_crate@ik_r10_h16_m39--r1--tick1--pan1500.png
2026-09-26-zone-own-perception-v3/dev-scan/eval-labels,zone_wide_corridor-s2#-grasp_heavy_crate@ik_r1#_h1#_m3#--r1--tick2--pan1#.png,unknown SIM timing: every 10th numeric-sorted frame + first/last (mandatory endpoints may exceed 10% for n<20),,1,1,zone_wide_corridor-s242-grasp_heavy_crate@ik_r10_h16_m39--r1--tick2--pan1500.png,zone_wide_corridor-s242-grasp_heavy_crate@ik_r10_h16_m39--r1--tick2--pan1500.png
2026-09-26-zone-own-perception-v3/dev-scan/eval-labels,zone_wide_corridor-s2#-grasp_heavy_crate@ik_r1#_h1#_m4#--r1--tick0--pan1#.png,unknown SIM timing: every 10th numeric-sorted frame + first/last (mandatory endpoints may exceed 10% for n<20),,1,1,zone_wide_corridor-s242-grasp_heavy_crate@ik_r10_h16_m42--r1--tick0--pan1500.png,zone_wide_corridor-s242-grasp_heavy_crate@ik_r10_h16_m42--r1--tick0--pan1500.png
2026-09-26-zone-own-perception-v3/dev-scan/eval-labels,zone_wide_corridor-s2#-grasp_heavy_crate@ik_r1#_h1#_m4#--r1--tick1--pan1#.png,unknown SIM timing: every 10th numeric-sorted frame + first/last (mandatory endpoints may exceed 10% for n<20),,1,1,zone_wide_corridor-s242-grasp_heavy_crate@ik_r10_h16_m42--r1--tick1--pan1500.png,zone_wide_corridor-s242-grasp_heavy_crate@ik_r10_h16_m42--r1--tick1--pan1500.png
2026-09-26-zone-own-perception-v3/dev-scan/eval-labels,zone_wide_corridor-s2#-grasp_heavy_crate@ik_r1#_h1#_m4#--r1--tick2--pan1#.png,unknown SIM timing: every 10th numeric-sorted frame + first/last (mandatory endpoints may exceed 10% for n<20),,1,1,zone_wide_corridor-s242-grasp_heavy_crate@ik_r10_h16_m42--r1--tick2--pan1500.png,zone_wide_corridor-s242-grasp_heavy_crate@ik_r10_h16_m42--r1--tick2--pan1500.png
2026-09-26-zone-own-perception-v3/dev-scan/eval-labels,zone_wide_corridor-s2#-grasp_heavy_crate@wrist_m4#--r1--tick0--pan1#.png,unknown SIM timing: every 10th numeric-sorted frame + first/last (mandatory endpoints may exceed 10% for n<20),,1,1,zone_wide_corridor-s242-grasp_heavy_crate@wrist_m44--r1--tick0--pan1500.png,zone_wide_corridor-s242-grasp_heavy_crate@wrist_m44--r1--tick0--pan1500.png
2026-09-26-zone-own-perception-v3/dev-scan/eval-labels,zone_wide_corridor-s2#-grasp_heavy_crate@wrist_m4#--r1--tick1--pan1#.png,unknown SIM timing: every 10th numeric-sorted frame + first/last (mandatory endpoints may exceed 10% for n<20),,1,1,zone_wide_corridor-s242-grasp_heavy_crate@wrist_m44--r1--tick1--pan1500.png,zone_wide_corridor-s242-grasp_heavy_crate@wrist_m44--r1--tick1--pan1500.png
2026-09-26-zone-own-perception-v3/dev-scan/eval-labels,zone_wide_corridor-s2#-grasp_heavy_crate@wrist_m4#--r1--tick2--pan1#.png,unknown SIM timing: every 10th numeric-sorted frame + first/last (mandatory endpoints may exceed 10% for n<20),,1,1,zone_wide_corridor-s242-grasp_heavy_crate@wrist_m44--r1--tick2--pan1500.png,zone_wide_corridor-s242-grasp_heavy_crate@wrist_m44--r1--tick2--pan1500.png
2026-09-26-zone-own-perception-v3/dev-scan/eval-labels,zone_wide_corridor-s2#-grasp_heavy_crate@wrist_m5#--r1--tick0--pan1#.png,unknown SIM timing: every 10th numeric-sorted frame + first/last (mandatory endpoints may exceed 10% for n<20),,1,1,zone_wide_corridor-s242-grasp_heavy_crate@wrist_m50--r1--tick0--pan1500.png,zone_wide_corridor-s242-grasp_heavy_crate@wrist_m50--r1--tick0--pan1500.png
2026-09-26-zone-own-perception-v3/dev-scan/eval-labels,zone_wide_corridor-s2#-grasp_heavy_crate@wrist_m5#--r1--tick1--pan1#.png,unknown SIM timing: every 10th numeric-sorted frame + first/last (mandatory endpoints may exceed 10% for n<20),,1,1,zone_wide_corridor-s242-grasp_heavy_crate@wrist_m50--r1--tick1--pan1500.png,zone_wide_corridor-s242-grasp_heavy_crate@wrist_m50--r1--tick1--pan1500.png
2026-09-26-zone-own-perception-v3/dev-scan/eval-labels,zone_wide_corridor-s2#-grasp_heavy_crate@wrist_m5#--r1--tick2--pan1#.png,unknown SIM timing: every 10th numeric-sorted frame + first/last (mandatory endpoints may exceed 10% for n<20),,1,1,zone_wide_corridor-s242-grasp_heavy_crate@wrist_m50--r1--tick2--pan1500.png,zone_wide_corridor-s242-grasp_heavy_crate@wrist_m50--r1--tick2--pan1500.png
2026-09-26-zone-own-perception-v3/dev-scan/eval-labels,zone_wide_corridor-s2#-grasp_long_beam@approach_look_v2--r1--tick0--pan1#.png,unknown SIM timing: every 10th numeric-sorted frame + first/last (mandatory endpoints may exceed 10% for n<20),,1,1,zone_wide_corridor-s242-grasp_long_beam@approach_look_v2--r1--tick0--pan1500.png,zone_wide_corridor-s242-grasp_long_beam@approach_look_v2--r1--tick0--pan1500.png
2026-09-26-zone-own-perception-v3/dev-scan/eval-labels,zone_wide_corridor-s2#-grasp_long_beam@approach_look_v2--r1--tick1--pan1#.png,unknown SIM timing: every 10th numeric-sorted frame + first/last (mandatory endpoints may exceed 10% for n<20),,1,1,zone_wide_corridor-s242-grasp_long_beam@approach_look_v2--r1--tick1--pan1500.png,zone_wide_corridor-s242-grasp_long_beam@approach_look_v2--r1--tick1--pan1500.png
2026-09-26-zone-own-perception-v3/dev-scan/eval-labels,zone_wide_corridor-s2#-grasp_long_beam@approach_look_v2--r1--tick2--pan1#.png,unknown SIM timing: every 10th numeric-sorted frame + first/last (mandatory endpoints may exceed 10% for n<20),,1,1,zone_wide_corridor-s242-grasp_long_beam@approach_look_v2--r1--tick2--pan1500.png,zone_wide_corridor-s242-grasp_long_beam@approach_look_v2--r1--tick2--pan1500.png
2026-09-26-zone-own-perception-v3/dev-scan/eval-labels,zone_wide_corridor-s2#-grasp_long_beam@ik_r1#_h1#_m3#--r1--tick0--pan1#.png,unknown SIM timing: every 10th numeric-sorted frame + first/last (mandatory endpoints may exceed 10% for n<20),,1,1,zone_wide_corridor-s242-grasp_long_beam@ik_r10_h16_m39--r1--tick0--pan1500.png,zone_wide_corridor-s242-grasp_long_beam@ik_r10_h16_m39--r1--tick0--pan1500.png
2026-09-26-zone-own-perception-v3/dev-scan/eval-labels,zone_wide_corridor-s2#-grasp_long_beam@ik_r1#_h1#_m3#--r1--tick1--pan1#.png,unknown SIM timing: every 10th numeric-sorted frame + first/last (mandatory endpoints may exceed 10% for n<20),,1,1,zone_wide_corridor-s242-grasp_long_beam@ik_r10_h16_m39--r1--tick1--pan1500.png,zone_wide_corridor-s242-grasp_long_beam@ik_r10_h16_m39--r1--tick1--pan1500.png
2026-09-26-zone-own-perception-v3/dev-scan/eval-labels,zone_wide_corridor-s2#-grasp_long_beam@ik_r1#_h1#_m3#--r1--tick2--pan1#.png,unknown SIM timing: every 10th numeric-sorted frame + first/last (mandatory endpoints may exceed 10% for n<20),,1,1,zone_wide_corridor-s242-grasp_long_beam@ik_r10_h16_m39--r1--tick2--pan1500.png,zone_wide_corridor-s242-grasp_long_beam@ik_r10_h16_m39--r1--tick2--pan1500.png
2026-09-26-zone-own-perception-v3/dev-scan/eval-labels,zone_wide_corridor-s2#-grasp_long_beam@ik_r1#_h1#_m4#--r1--tick0--pan1#.png,unknown SIM timing: every 10th numeric-sorted frame + first/last (mandatory endpoints may exceed 10% for n<20),,1,1,zone_wide_corridor-s242-grasp_long_beam@ik_r10_h16_m42--r1--tick0--pan1500.png,zone_wide_corridor-s242-grasp_long_beam@ik_r10_h16_m42--r1--tick0--pan1500.png
2026-09-26-zone-own-perception-v3/dev-scan/eval-labels,zone_wide_corridor-s2#-grasp_long_beam@ik_r1#_h1#_m4#--r1--tick1--pan1#.png,unknown SIM timing: every 10th numeric-sorted frame + first/last (mandatory endpoints may exceed 10% for n<20),,1,1,zone_wide_corridor-s242-grasp_long_beam@ik_r10_h16_m42--r1--tick1--pan1500.png,zone_wide_corridor-s242-grasp_long_beam@ik_r10_h16_m42--r1--tick1--pan1500.png
2026-09-26-zone-own-perception-v3/dev-scan/eval-labels,zone_wide_corridor-s2#-grasp_long_beam@ik_r1#_h1#_m4#--r1--tick2--pan1#.png,unknown SIM timing: every 10th numeric-sorted frame + first/last (mandatory endpoints may exceed 10% for n<20),,1,1,zone_wide_corridor-s242-grasp_long_beam@ik_r10_h16_m42--r1--tick2--pan1500.png,zone_wide_corridor-s242-grasp_long_beam@ik_r10_h16_m42--r1--tick2--pan1500.png
2026-09-26-zone-own-perception-v3/dev-scan/eval-labels,zone_wide_corridor-s2#-grasp_long_beam@wrist_m4#--r1--tick0--pan1#.png,unknown SIM timing: every 10th numeric-sorted frame + first/last (mandatory endpoints may exceed 10% for n<20),,1,1,zone_wide_corridor-s242-grasp_long_beam@wrist_m44--r1--tick0--pan1500.png,zone_wide_corridor-s242-grasp_long_beam@wrist_m44--r1--tick0--pan1500.png
2026-09-26-zone-own-perception-v3/dev-scan/eval-labels,zone_wide_corridor-s2#-grasp_long_beam@wrist_m4#--r1--tick1--pan1#.png,unknown SIM timing: every 10th numeric-sorted frame + first/last (mandatory endpoints may exceed 10% for n<20),,1,1,zone_wide_corridor-s242-grasp_long_beam@wrist_m44--r1--tick1--pan1500.png,zone_wide_corridor-s242-grasp_long_beam@wrist_m44--r1--tick1--pan1500.png
2026-09-26-zone-own-perception-v3/dev-scan/eval-labels,zone_wide_corridor-s2#-grasp_long_beam@wrist_m4#--r1--tick2--pan1#.png,unknown SIM timing: every 10th numeric-sorted frame + first/last (mandatory endpoints may exceed 10% for n<20),,1,1,zone_wide_corridor-s242-grasp_long_beam@wrist_m44--r1--tick2--pan1500.png,zone_wide_corridor-s242-grasp_long_beam@wrist_m44--r1--tick2--pan1500.png
2026-09-26-zone-own-perception-v3/dev-scan/eval-labels,zone_wide_corridor-s2#-grasp_long_beam@wrist_m5#--r1--tick0--pan1#.png,unknown SIM timing: every 10th numeric-sorted frame + first/last (mandatory endpoints may exceed 10% for n<20),,1,1,zone_wide_corridor-s242-grasp_long_beam@wrist_m50--r1--tick0--pan1500.png,zone_wide_corridor-s242-grasp_long_beam@wrist_m50--r1--tick0--pan1500.png
2026-09-26-zone-own-perception-v3/dev-scan/eval-labels,zone_wide_corridor-s2#-grasp_long_beam@wrist_m5#--r1--tick1--pan1#.png,unknown SIM timing: every 10th numeric-sorted frame + first/last (mandatory endpoints may exceed 10% for n<20),,1,1,zone_wide_corridor-s242-grasp_long_beam@wrist_m50--r1--tick1--pan1500.png,zone_wide_corridor-s242-grasp_long_beam@wrist_m50--r1--tick1--pan1500.png
2026-09-26-zone-own-perception-v3/dev-scan/eval-labels,zone_wide_corridor-s2#-grasp_long_beam@wrist_m5#--r1--tick2--pan1#.png,unknown SIM timing: every 10th numeric-sorted frame + first/last (mandatory endpoints may exceed 10% for n<20),,1,1,zone_wide_corridor-s242-grasp_long_beam@wrist_m50--r1--tick2--pan1500.png,zone_wide_corridor-s242-grasp_long_beam@wrist_m50--r1--tick2--pan1500.png
2026-09-26-zone-own-perception-v3/dev-scan/eval-labels,zone_wide_corridor-s2#-grasp_tri_frame@approach_look_v2--r1--tick0--pan1#.png,unknown SIM timing: every 10th numeric-sorted frame + first/last (mandatory endpoints may exceed 10% for n<20),,1,1,zone_wide_corridor-s242-grasp_tri_frame@approach_look_v2--r1--tick0--pan1500.png,zone_wide_corridor-s242-grasp_tri_frame@approach_look_v2--r1--tick0--pan1500.png
2026-09-26-zone-own-perception-v3/dev-scan/eval-labels,zone_wide_corridor-s2#-grasp_tri_frame@approach_look_v2--r1--tick1--pan1#.png,unknown SIM timing: every 10th numeric-sorted frame + first/last (mandatory endpoints may exceed 10% for n<20),,1,1,zone_wide_corridor-s242-grasp_tri_frame@approach_look_v2--r1--tick1--pan1500.png,zone_wide_corridor-s242-grasp_tri_frame@approach_look_v2--r1--tick1--pan1500.png
2026-09-26-zone-own-perception-v3/dev-scan/eval-labels,zone_wide_corridor-s2#-grasp_tri_frame@approach_look_v2--r1--tick2--pan1#.png,unknown SIM timing: every 10th numeric-sorted frame + first/last (mandatory endpoints may exceed 10% for n<20),,1,1,zone_wide_corridor-s242-grasp_tri_frame@approach_look_v2--r1--tick2--pan1500.png,zone_wide_corridor-s242-grasp_tri_frame@approach_look_v2--r1--tick2--pan1500.png
2026-09-26-zone-own-perception-v3/dev-scan/eval-labels,zone_wide_corridor-s2#-grasp_tri_frame@ik_r1#_h1#_m3#--r1--tick0--pan1#.png,unknown SIM timing: every 10th numeric-sorted frame + first/last (mandatory endpoints may exceed 10% for n<20),,1,1,zone_wide_corridor-s242-grasp_tri_frame@ik_r10_h16_m39--r1--tick0--pan1500.png,zone_wide_corridor-s242-grasp_tri_frame@ik_r10_h16_m39--r1--tick0--pan1500.png
2026-09-26-zone-own-perception-v3/dev-scan/eval-labels,zone_wide_corridor-s2#-grasp_tri_frame@ik_r1#_h1#_m3#--r1--tick1--pan1#.png,unknown SIM timing: every 10th numeric-sorted frame + first/last (mandatory endpoints may exceed 10% for n<20),,1,1,zone_wide_corridor-s242-grasp_tri_frame@ik_r10_h16_m39--r1--tick1--pan1500.png,zone_wide_corridor-s242-grasp_tri_frame@ik_r10_h16_m39--r1--tick1--pan1500.png
2026-09-26-zone-own-perception-v3/dev-scan/eval-labels,zone_wide_corridor-s2#-grasp_tri_frame@ik_r1#_h1#_m3#--r1--tick2--pan1#.png,unknown SIM timing: every 10th numeric-sorted frame + first/last (mandatory endpoints may exceed 10% for n<20),,1,1,zone_wide_corridor-s242-grasp_tri_frame@ik_r10_h16_m39--r1--tick2--pan1500.png,zone_wide_corridor-s242-grasp_tri_frame@ik_r10_h16_m39--r1--tick2--pan1500.png
2026-09-26-zone-own-perception-v3/dev-scan/eval-labels,zone_wide_corridor-s2#-grasp_tri_frame@ik_r1#_h1#_m4#--r1--tick0--pan1#.png,unknown SIM timing: every 10th numeric-sorted frame + first/last (mandatory endpoints may exceed 10% for n<20),,1,1,zone_wide_corridor-s242-grasp_tri_frame@ik_r10_h16_m42--r1--tick0--pan1500.png,zone_wide_corridor-s242-grasp_tri_frame@ik_r10_h16_m42--r1--tick0--pan1500.png
2026-09-26-zone-own-perception-v3/dev-scan/eval-labels,zone_wide_corridor-s2#-grasp_tri_frame@ik_r1#_h1#_m4#--r1--tick1--pan1#.png,unknown SIM timing: every 10th numeric-sorted frame + first/last (mandatory endpoints may exceed 10% for n<20),,1,1,zone_wide_corridor-s242-grasp_tri_frame@ik_r10_h16_m42--r1--tick1--pan1500.png,zone_wide_corridor-s242-grasp_tri_frame@ik_r10_h16_m42--r1--tick1--pan1500.png
2026-09-26-zone-own-perception-v3/dev-scan/eval-labels,zone_wide_corridor-s2#-grasp_tri_frame@ik_r1#_h1#_m4#--r1--tick2--pan1#.png,unknown SIM timing: every 10th numeric-sorted frame + first/last (mandatory endpoints may exceed 10% for n<20),,1,1,zone_wide_corridor-s242-grasp_tri_frame@ik_r10_h16_m42--r1--tick2--pan1500.png,zone_wide_corridor-s242-grasp_tri_frame@ik_r10_h16_m42--r1--tick2--pan1500.png
2026-09-26-zone-own-perception-v3/dev-scan/eval-labels,zone_wide_corridor-s2#-grasp_tri_frame@wrist_m4#--r1--tick0--pan1#.png,unknown SIM timing: every 10th numeric-sorted frame + first/last (mandatory endpoints may exceed 10% for n<20),,1,1,zone_wide_corridor-s242-grasp_tri_frame@wrist_m44--r1--tick0--pan1500.png,zone_wide_corridor-s242-grasp_tri_frame@wrist_m44--r1--tick0--pan1500.png
2026-09-26-zone-own-perception-v3/dev-scan/eval-labels,zone_wide_corridor-s2#-grasp_tri_frame@wrist_m4#--r1--tick1--pan1#.png,unknown SIM timing: every 10th numeric-sorted frame + first/last (mandatory endpoints may exceed 10% for n<20),,1,1,zone_wide_corridor-s242-grasp_tri_frame@wrist_m44--r1--tick1--pan1500.png,zone_wide_corridor-s242-grasp_tri_frame@wrist_m44--r1--tick1--pan1500.png
2026-09-26-zone-own-perception-v3/dev-scan/eval-labels,zone_wide_corridor-s2#-grasp_tri_frame@wrist_m4#--r1--tick2--pan1#.png,unknown SIM timing: every 10th numeric-sorted frame + first/last (mandatory endpoints may exceed 10% for n<20),,1,1,zone_wide_corridor-s242-grasp_tri_frame@wrist_m44--r1--tick2--pan1500.png,zone_wide_corridor-s242-grasp_tri_frame@wrist_m44--r1--tick2--pan1500.png
2026-09-26-zone-own-perception-v3/dev-scan/eval-labels,zone_wide_corridor-s2#-grasp_tri_frame@wrist_m5#--r1--tick0--pan1#.png,unknown SIM timing: every 10th numeric-sorted frame + first/last (mandatory endpoints may exceed 10% for n<20),,1,1,zone_wide_corridor-s242-grasp_tri_frame@wrist_m50--r1--tick0--pan1500.png,zone_wide_corridor-s242-grasp_tri_frame@wrist_m50--r1--tick0--pan1500.png
2026-09-26-zone-own-perception-v3/dev-scan/eval-labels,zone_wide_corridor-s2#-grasp_tri_frame@wrist_m5#--r1--tick1--pan1#.png,unknown SIM timing: every 10th numeric-sorted frame + first/last (mandatory endpoints may exceed 10% for n<20),,1,1,zone_wide_corridor-s242-grasp_tri_frame@wrist_m50--r1--tick1--pan1500.png,zone_wide_corridor-s242-grasp_tri_frame@wrist_m50--r1--tick1--pan1500.png
2026-09-26-zone-own-perception-v3/dev-scan/eval-labels,zone_wide_corridor-s2#-grasp_tri_frame@wrist_m5#--r1--tick2--pan1#.png,unknown SIM timing: every 10th numeric-sorted frame + first/last (mandatory endpoints may exceed 10% for n<20),,1,1,zone_wide_corridor-s242-grasp_tri_frame@wrist_m50--r1--tick2--pan1500.png,zone_wide_corridor-s242-grasp_tri_frame@wrist_m50--r1--tick2--pan1500.png
2026-09-26-zone-own-perception-v3/dev-scan/eval-labels,zone_wide_corridor-s2#-grasp_wrong_kind@approach_look_v2--r1--tick0--pan1#.png,unknown SIM timing: every 10th numeric-sorted frame + first/last (mandatory endpoints may exceed 10% for n<20),,1,1,zone_wide_corridor-s242-grasp_wrong_kind@approach_look_v2--r1--tick0--pan1500.png,zone_wide_corridor-s242-grasp_wrong_kind@approach_look_v2--r1--tick0--pan1500.png
2026-09-26-zone-own-perception-v3/dev-scan/eval-labels,zone_wide_corridor-s2#-grasp_wrong_kind@approach_look_v2--r1--tick1--pan1#.png,unknown SIM timing: every 10th numeric-sorted frame + first/last (mandatory endpoints may exceed 10% for n<20),,1,1,zone_wide_corridor-s242-grasp_wrong_kind@approach_look_v2--r1--tick1--pan1500.png,zone_wide_corridor-s242-grasp_wrong_kind@approach_look_v2--r1--tick1--pan1500.png
2026-09-26-zone-own-perception-v3/dev-scan/eval-labels,zone_wide_corridor-s2#-grasp_wrong_kind@approach_look_v2--r1--tick2--pan1#.png,unknown SIM timing: every 10th numeric-sorted frame + first/last (mandatory endpoints may exceed 10% for n<20),,1,1,zone_wide_corridor-s242-grasp_wrong_kind@approach_look_v2--r1--tick2--pan1500.png,zone_wide_corridor-s242-grasp_wrong_kind@approach_look_v2--r1--tick2--pan1500.png
2026-09-26-zone-own-perception-v3/dev-scan/eval-labels,zone_wide_corridor-s2#-grasp_wrong_kind@ik_r1#_h1#_m3#--r1--tick0--pan1#.png,unknown SIM timing: every 10th numeric-sorted frame + first/last (mandatory endpoints may exceed 10% for n<20),,1,1,zone_wide_corridor-s242-grasp_wrong_kind@ik_r10_h16_m39--r1--tick0--pan1500.png,zone_wide_corridor-s242-grasp_wrong_kind@ik_r10_h16_m39--r1--tick0--pan1500.png
2026-09-26-zone-own-perception-v3/dev-scan/eval-labels,zone_wide_corridor-s2#-grasp_wrong_kind@ik_r1#_h1#_m3#--r1--tick1--pan1#.png,unknown SIM timing: every 10th numeric-sorted frame + first/last (mandatory endpoints may exceed 10% for n<20),,1,1,zone_wide_corridor-s242-grasp_wrong_kind@ik_r10_h16_m39--r1--tick1--pan1500.png,zone_wide_corridor-s242-grasp_wrong_kind@ik_r10_h16_m39--r1--tick1--pan1500.png
2026-09-26-zone-own-perception-v3/dev-scan/eval-labels,zone_wide_corridor-s2#-grasp_wrong_kind@ik_r1#_h1#_m3#--r1--tick2--pan1#.png,unknown SIM timing: every 10th numeric-sorted frame + first/last (mandatory endpoints may exceed 10% for n<20),,1,1,zone_wide_corridor-s242-grasp_wrong_kind@ik_r10_h16_m39--r1--tick2--pan1500.png,zone_wide_corridor-s242-grasp_wrong_kind@ik_r10_h16_m39--r1--tick2--pan1500.png
2026-09-26-zone-own-perception-v3/dev-scan/eval-labels,zone_wide_corridor-s2#-grasp_wrong_kind@ik_r1#_h1#_m4#--r1--tick0--pan1#.png,unknown SIM timing: every 10th numeric-sorted frame + first/last (mandatory endpoints may exceed 10% for n<20),,1,1,zone_wide_corridor-s242-grasp_wrong_kind@ik_r10_h16_m42--r1--tick0--pan1500.png,zone_wide_corridor-s242-grasp_wrong_kind@ik_r10_h16_m42--r1--tick0--pan1500.png
2026-09-26-zone-own-perception-v3/dev-scan/eval-labels,zone_wide_corridor-s2#-grasp_wrong_kind@ik_r1#_h1#_m4#--r1--tick1--pan1#.png,unknown SIM timing: every 10th numeric-sorted frame + first/last (mandatory endpoints may exceed 10% for n<20),,1,1,zone_wide_corridor-s242-grasp_wrong_kind@ik_r10_h16_m42--r1--tick1--pan1500.png,zone_wide_corridor-s242-grasp_wrong_kind@ik_r10_h16_m42--r1--tick1--pan1500.png
2026-09-26-zone-own-perception-v3/dev-scan/eval-labels,zone_wide_corridor-s2#-grasp_wrong_kind@ik_r1#_h1#_m4#--r1--tick2--pan1#.png,unknown SIM timing: every 10th numeric-sorted frame + first/last (mandatory endpoints may exceed 10% for n<20),,1,1,zone_wide_corridor-s242-grasp_wrong_kind@ik_r10_h16_m42--r1--tick2--pan1500.png,zone_wide_corridor-s242-grasp_wrong_kind@ik_r10_h16_m42--r1--tick2--pan1500.png
2026-09-26-zone-own-perception-v3/dev-scan/eval-labels,zone_wide_corridor-s2#-grasp_wrong_kind@wrist_m4#--r1--tick0--pan1#.png,unknown SIM timing: every 10th numeric-sorted frame + first/last (mandatory endpoints may exceed 10% for n<20),,1,1,zone_wide_corridor-s242-grasp_wrong_kind@wrist_m44--r1--tick0--pan1500.png,zone_wide_corridor-s242-grasp_wrong_kind@wrist_m44--r1--tick0--pan1500.png
2026-09-26-zone-own-perception-v3/dev-scan/eval-labels,zone_wide_corridor-s2#-grasp_wrong_kind@wrist_m4#--r1--tick1--pan1#.png,unknown SIM timing: every 10th numeric-sorted frame + first/last (mandatory endpoints may exceed 10% for n<20),,1,1,zone_wide_corridor-s242-grasp_wrong_kind@wrist_m44--r1--tick1--pan1500.png,zone_wide_corridor-s242-grasp_wrong_kind@wrist_m44--r1--tick1--pan1500.png
2026-09-26-zone-own-perception-v3/dev-scan/eval-labels,zone_wide_corridor-s2#-grasp_wrong_kind@wrist_m4#--r1--tick2--pan1#.png,unknown SIM timing: every 10th numeric-sorted frame + first/last (mandatory endpoints may exceed 10% for n<20),,1,1,zone_wide_corridor-s242-grasp_wrong_kind@wrist_m44--r1--tick2--pan1500.png,zone_wide_corridor-s242-grasp_wrong_kind@wrist_m44--r1--tick2--pan1500.png
2026-09-26-zone-own-perception-v3/dev-scan/eval-labels,zone_wide_corridor-s2#-grasp_wrong_kind@wrist_m5#--r1--tick0--pan1#.png,unknown SIM timing: every 10th numeric-sorted frame + first/last (mandatory endpoints may exceed 10% for n<20),,1,1,zone_wide_corridor-s242-grasp_wrong_kind@wrist_m50--r1--tick0--pan1500.png,zone_wide_corridor-s242-grasp_wrong_kind@wrist_m50--r1--tick0--pan1500.png
2026-09-26-zone-own-perception-v3/dev-scan/eval-labels,zone_wide_corridor-s2#-grasp_wrong_kind@wrist_m5#--r1--tick1--pan1#.png,unknown SIM timing: every 10th numeric-sorted frame + first/last (mandatory endpoints may exceed 10% for n<20),,1,1,zone_wide_corridor-s242-grasp_wrong_kind@wrist_m50--r1--tick1--pan1500.png,zone_wide_corridor-s242-grasp_wrong_kind@wrist_m50--r1--tick1--pan1500.png
2026-09-26-zone-own-perception-v3/dev-scan/eval-labels,zone_wide_corridor-s2#-grasp_wrong_kind@wrist_m5#--r1--tick2--pan1#.png,unknown SIM timing: every 10th numeric-sorted frame + first/last (mandatory endpoints may exceed 10% for n<20),,1,1,zone_wide_corridor-s242-grasp_wrong_kind@wrist_m50--r1--tick2--pan1500.png,zone_wide_corridor-s242-grasp_wrong_kind@wrist_m50--r1--tick2--pan1500.png
2026-09-26-zone-own-perception-v3/dev-scan/eval-labels,zone_wide_corridor-s2#-held_box_carry--r1--tick0--pan1#.png,unknown SIM timing: every 10th numeric-sorted frame + first/last (mandatory endpoints may exceed 10% for n<20),,1,1,zone_wide_corridor-s242-held_box_carry--r1--tick0--pan1500.png,zone_wide_corridor-s242-held_box_carry--r1--tick0--pan1500.png
2026-09-26-zone-own-perception-v3/dev-scan/eval-labels,zone_wide_corridor-s2#-held_box_carry--r1--tick1--pan1#.png,unknown SIM timing: every 10th numeric-sorted frame + first/last (mandatory endpoints may exceed 10% for n<20),,1,1,zone_wide_corridor-s242-held_box_carry--r1--tick1--pan1500.png,zone_wide_corridor-s242-held_box_carry--r1--tick1--pan1500.png
2026-09-26-zone-own-perception-v3/dev-scan/eval-labels,zone_wide_corridor-s2#-held_box_carry--r1--tick2--pan1#.png,unknown SIM timing: every 10th numeric-sorted frame + first/last (mandatory endpoints may exceed 10% for n<20),,1,1,zone_wide_corridor-s242-held_box_carry--r1--tick2--pan1500.png,zone_wide_corridor-s242-held_box_carry--r1--tick2--pan1500.png
2026-09-26-zone-own-perception-v3/dev-scan/eval-labels,zone_wide_corridor-s2#-held_box_held_check--r1--tick0--pan1#.png,unknown SIM timing: every 10th numeric-sorted frame + first/last (mandatory endpoints may exceed 10% for n<20),,1,1,zone_wide_corridor-s242-held_box_held_check--r1--tick0--pan1500.png,zone_wide_corridor-s242-held_box_held_check--r1--tick0--pan1500.png
2026-09-26-zone-own-perception-v3/dev-scan/eval-labels,zone_wide_corridor-s2#-held_box_held_check--r1--tick1--pan1#.png,unknown SIM timing: every 10th numeric-sorted frame + first/last (mandatory endpoints may exceed 10% for n<20),,1,1,zone_wide_corridor-s242-held_box_held_check--r1--tick1--pan1500.png,zone_wide_corridor-s242-held_box_held_check--r1--tick1--pan1500.png
2026-09-26-zone-own-perception-v3/dev-scan/eval-labels,zone_wide_corridor-s2#-held_box_held_check--r1--tick2--pan1#.png,unknown SIM timing: every 10th numeric-sorted frame + first/last (mandatory endpoints may exceed 10% for n<20),,1,1,zone_wide_corridor-s242-held_box_held_check--r1--tick2--pan1500.png,zone_wide_corridor-s242-held_box_held_check--r1--tick2--pan1500.png
2026-09-26-zone-own-perception-v3/dev-scan/eval-labels,zone_wide_corridor-s2#-held_can--r1--tick0--pan1#.png,unknown SIM timing: every 10th numeric-sorted frame + first/last (mandatory endpoints may exceed 10% for n<20),,1,1,zone_wide_corridor-s242-held_can--r1--tick0--pan1500.png,zone_wide_corridor-s242-held_can--r1--tick0--pan1500.png
2026-09-26-zone-own-perception-v3/dev-scan/eval-labels,zone_wide_corridor-s2#-held_can--r1--tick1--pan1#.png,unknown SIM timing: every 10th numeric-sorted frame + first/last (mandatory endpoints may exceed 10% for n<20),,1,1,zone_wide_corridor-s242-held_can--r1--tick1--pan1500.png,zone_wide_corridor-s242-held_can--r1--tick1--pan1500.png
2026-09-26-zone-own-perception-v3/dev-scan/eval-labels,zone_wide_corridor-s2#-held_can--r1--tick2--pan1#.png,unknown SIM timing: every 10th numeric-sorted frame + first/last (mandatory endpoints may exceed 10% for n<20),,1,1,zone_wide_corridor-s242-held_can--r1--tick2--pan1500.png,zone_wide_corridor-s242-held_can--r1--tick2--pan1500.png
2026-09-26-zone-own-perception-v3/dev-scan/eval-labels,zone_wide_corridor-s2#-held_can_absent--r1--tick0--pan1#.png,unknown SIM timing: every 10th numeric-sorted frame + first/last (mandatory endpoints may exceed 10% for n<20),,1,1,zone_wide_corridor-s242-held_can_absent--r1--tick0--pan1500.png,zone_wide_corridor-s242-held_can_absent--r1--tick0--pan1500.png
2026-09-26-zone-own-perception-v3/dev-scan/eval-labels,zone_wide_corridor-s2#-held_can_absent--r1--tick1--pan1#.png,unknown SIM timing: every 10th numeric-sorted frame + first/last (mandatory endpoints may exceed 10% for n<20),,1,1,zone_wide_corridor-s242-held_can_absent--r1--tick1--pan1500.png,zone_wide_corridor-s242-held_can_absent--r1--tick1--pan1500.png
2026-09-26-zone-own-perception-v3/dev-scan/eval-labels,zone_wide_corridor-s2#-held_can_absent--r1--tick2--pan1#.png,unknown SIM timing: every 10th numeric-sorted frame + first/last (mandatory endpoints may exceed 10% for n<20),,1,1,zone_wide_corridor-s242-held_can_absent--r1--tick2--pan1500.png,zone_wide_corridor-s242-held_can_absent--r1--tick2--pan1500.png
2026-09-26-zone-own-perception-v3/dev-scan/eval-labels,zone_wide_corridor-s2#-held_can_carry--r1--tick0--pan1#.png,unknown SIM timing: every 10th numeric-sorted frame + first/last (mandatory endpoints may exceed 10% for n<20),,1,1,zone_wide_corridor-s242-held_can_carry--r1--tick0--pan1500.png,zone_wide_corridor-s242-held_can_carry--r1--tick0--pan1500.png
2026-09-26-zone-own-perception-v3/dev-scan/eval-labels,zone_wide_corridor-s2#-held_can_carry--r1--tick1--pan1#.png,unknown SIM timing: every 10th numeric-sorted frame + first/last (mandatory endpoints may exceed 10% for n<20),,1,1,zone_wide_corridor-s242-held_can_carry--r1--tick1--pan1500.png,zone_wide_corridor-s242-held_can_carry--r1--tick1--pan1500.png
2026-09-26-zone-own-perception-v3/dev-scan/eval-labels,zone_wide_corridor-s2#-held_can_carry--r1--tick2--pan1#.png,unknown SIM timing: every 10th numeric-sorted frame + first/last (mandatory endpoints may exceed 10% for n<20),,1,1,zone_wide_corridor-s242-held_can_carry--r1--tick2--pan1500.png,zone_wide_corridor-s242-held_can_carry--r1--tick2--pan1500.png
2026-09-26-zone-own-perception-v3/dev-scan/eval-labels,zone_wide_corridor-s2#-held_can_wrong_kind--r1--tick0--pan1#.png,unknown SIM timing: every 10th numeric-sorted frame + first/last (mandatory endpoints may exceed 10% for n<20),,1,1,zone_wide_corridor-s242-held_can_wrong_kind--r1--tick0--pan1500.png,zone_wide_corridor-s242-held_can_wrong_kind--r1--tick0--pan1500.png
2026-09-26-zone-own-perception-v3/dev-scan/eval-labels,zone_wide_corridor-s2#-held_can_wrong_kind--r1--tick1--pan1#.png,unknown SIM timing: every 10th numeric-sorted frame + first/last (mandatory endpoints may exceed 10% for n<20),,1,1,zone_wide_corridor-s242-held_can_wrong_kind--r1--tick1--pan1500.png,zone_wide_corridor-s242-held_can_wrong_kind--r1--tick1--pan1500.png
2026-09-26-zone-own-perception-v3/dev-scan/eval-labels,zone_wide_corridor-s2#-held_can_wrong_kind--r1--tick2--pan1#.png,unknown SIM timing: every 10th numeric-sorted frame + first/last (mandatory endpoints may exceed 10% for n<20),,1,1,zone_wide_corridor-s242-held_can_wrong_kind--r1--tick2--pan1500.png,zone_wide_corridor-s242-held_can_wrong_kind--r1--tick2--pan1500.png
2026-09-26-zone-own-perception-v3/dev-scan/eval-labels,zone_wide_corridor-s2#-held_nothing_carry--r1--tick0--pan1#.png,unknown SIM timing: every 10th numeric-sorted frame + first/last (mandatory endpoints may exceed 10% for n<20),,1,1,zone_wide_corridor-s242-held_nothing_carry--r1--tick0--pan1500.png,zone_wide_corridor-s242-held_nothing_carry--r1--tick0--pan1500.png
2026-09-26-zone-own-perception-v3/dev-scan/eval-labels,zone_wide_corridor-s2#-held_nothing_carry--r1--tick1--pan1#.png,unknown SIM timing: every 10th numeric-sorted frame + first/last (mandatory endpoints may exceed 10% for n<20),,1,1,zone_wide_corridor-s242-held_nothing_carry--r1--tick1--pan1500.png,zone_wide_corridor-s242-held_nothing_carry--r1--tick1--pan1500.png
2026-09-26-zone-own-perception-v3/dev-scan/eval-labels,zone_wide_corridor-s2#-held_nothing_carry--r1--tick2--pan1#.png,unknown SIM timing: every 10th numeric-sorted frame + first/last (mandatory endpoints may exceed 10% for n<20),,1,1,zone_wide_corridor-s242-held_nothing_carry--r1--tick2--pan1500.png,zone_wide_corridor-s242-held_nothing_carry--r1--tick2--pan1500.png
2026-09-26-zone-own-perception-v3/dev-scan/eval-labels,zone_wide_corridor-s2#-held_tile_carry--r1--tick0--pan1#.png,unknown SIM timing: every 10th numeric-sorted frame + first/last (mandatory endpoints may exceed 10% for n<20),,1,1,zone_wide_corridor-s242-held_tile_carry--r1--tick0--pan1500.png,zone_wide_corridor-s242-held_tile_carry--r1--tick0--pan1500.png
2026-09-26-zone-own-perception-v3/dev-scan/eval-labels,zone_wide_corridor-s2#-held_tile_carry--r1--tick1--pan1#.png,unknown SIM timing: every 10th numeric-sorted frame + first/last (mandatory endpoints may exceed 10% for n<20),,1,1,zone_wide_corridor-s242-held_tile_carry--r1--tick1--pan1500.png,zone_wide_corridor-s242-held_tile_carry--r1--tick1--pan1500.png
2026-09-26-zone-own-perception-v3/dev-scan/eval-labels,zone_wide_corridor-s2#-held_tile_carry--r1--tick2--pan1#.png,unknown SIM timing: every 10th numeric-sorted frame + first/last (mandatory endpoints may exceed 10% for n<20),,1,1,zone_wide_corridor-s242-held_tile_carry--r1--tick2--pan1500.png,zone_wide_corridor-s242-held_tile_carry--r1--tick2--pan1500.png
2026-09-26-zone-own-perception-v3/dev-scan/eval-labels,zone_wide_corridor-s2#-held_tile_expect_box_carry--r1--tick0--pan1#.png,unknown SIM timing: every 10th numeric-sorted frame + first/last (mandatory endpoints may exceed 10% for n<20),,1,1,zone_wide_corridor-s242-held_tile_expect_box_carry--r1--tick0--pan1500.png,zone_wide_corridor-s242-held_tile_expect_box_carry--r1--tick0--pan1500.png
2026-09-26-zone-own-perception-v3/dev-scan/eval-labels,zone_wide_corridor-s2#-held_tile_expect_box_carry--r1--tick1--pan1#.png,unknown SIM timing: every 10th numeric-sorted frame + first/last (mandatory endpoints may exceed 10% for n<20),,1,1,zone_wide_corridor-s242-held_tile_expect_box_carry--r1--tick1--pan1500.png,zone_wide_corridor-s242-held_tile_expect_box_carry--r1--tick1--pan1500.png
2026-09-26-zone-own-perception-v3/dev-scan/eval-labels,zone_wide_corridor-s2#-held_tile_expect_box_carry--r1--tick2--pan1#.png,unknown SIM timing: every 10th numeric-sorted frame + first/last (mandatory endpoints may exceed 10% for n<20),,1,1,zone_wide_corridor-s242-held_tile_expect_box_carry--r1--tick2--pan1500.png,zone_wide_corridor-s242-held_tile_expect_box_carry--r1--tick2--pan1500.png
2026-09-26-zone-own-perception-v3/dev-scan/eval-labels,zone_wide_corridor-s2#-wrong_end_long_beam@approach_look_v2--r1--tick0--pan1#.png,unknown SIM timing: every 10th numeric-sorted frame + first/last (mandatory endpoints may exceed 10% for n<20),,1,1,zone_wide_corridor-s242-wrong_end_long_beam@approach_look_v2--r1--tick0--pan1500.png,zone_wide_corridor-s242-wrong_end_long_beam@approach_look_v2--r1--tick0--pan1500.png
2026-09-26-zone-own-perception-v3/dev-scan/eval-labels,zone_wide_corridor-s2#-wrong_end_long_beam@approach_look_v2--r1--tick1--pan1#.png,unknown SIM timing: every 10th numeric-sorted frame + first/last (mandatory endpoints may exceed 10% for n<20),,1,1,zone_wide_corridor-s242-wrong_end_long_beam@approach_look_v2--r1--tick1--pan1500.png,zone_wide_corridor-s242-wrong_end_long_beam@approach_look_v2--r1--tick1--pan1500.png
2026-09-26-zone-own-perception-v3/dev-scan/eval-labels,zone_wide_corridor-s2#-wrong_end_long_beam@approach_look_v2--r1--tick2--pan1#.png,unknown SIM timing: every 10th numeric-sorted frame + first/last (mandatory endpoints may exceed 10% for n<20),,1,1,zone_wide_corridor-s242-wrong_end_long_beam@approach_look_v2--r1--tick2--pan1500.png,zone_wide_corridor-s242-wrong_end_long_beam@approach_look_v2--r1--tick2--pan1500.png
2026-09-26-zone-own-perception-v3/dev-scan/eval-labels,zone_wide_corridor-s2#-wrong_end_long_beam@ik_r1#_h1#_m3#--r1--tick0--pan1#.png,unknown SIM timing: every 10th numeric-sorted frame + first/last (mandatory endpoints may exceed 10% for n<20),,1,1,zone_wide_corridor-s242-wrong_end_long_beam@ik_r10_h16_m39--r1--tick0--pan1500.png,zone_wide_corridor-s242-wrong_end_long_beam@ik_r10_h16_m39--r1--tick0--pan1500.png
2026-09-26-zone-own-perception-v3/dev-scan/eval-labels,zone_wide_corridor-s2#-wrong_end_long_beam@ik_r1#_h1#_m3#--r1--tick1--pan1#.png,unknown SIM timing: every 10th numeric-sorted frame + first/last (mandatory endpoints may exceed 10% for n<20),,1,1,zone_wide_corridor-s242-wrong_end_long_beam@ik_r10_h16_m39--r1--tick1--pan1500.png,zone_wide_corridor-s242-wrong_end_long_beam@ik_r10_h16_m39--r1--tick1--pan1500.png
2026-09-26-zone-own-perception-v3/dev-scan/eval-labels,zone_wide_corridor-s2#-wrong_end_long_beam@ik_r1#_h1#_m3#--r1--tick2--pan1#.png,unknown SIM timing: every 10th numeric-sorted frame + first/last (mandatory endpoints may exceed 10% for n<20),,1,1,zone_wide_corridor-s242-wrong_end_long_beam@ik_r10_h16_m39--r1--tick2--pan1500.png,zone_wide_corridor-s242-wrong_end_long_beam@ik_r10_h16_m39--r1--tick2--pan1500.png
2026-09-26-zone-own-perception-v3/dev-scan/eval-labels,zone_wide_corridor-s2#-wrong_end_long_beam@ik_r1#_h1#_m4#--r1--tick0--pan1#.png,unknown SIM timing: every 10th numeric-sorted frame + first/last (mandatory endpoints may exceed 10% for n<20),,1,1,zone_wide_corridor-s242-wrong_end_long_beam@ik_r10_h16_m42--r1--tick0--pan1500.png,zone_wide_corridor-s242-wrong_end_long_beam@ik_r10_h16_m42--r1--tick0--pan1500.png
2026-09-26-zone-own-perception-v3/dev-scan/eval-labels,zone_wide_corridor-s2#-wrong_end_long_beam@ik_r1#_h1#_m4#--r1--tick1--pan1#.png,unknown SIM timing: every 10th numeric-sorted frame + first/last (mandatory endpoints may exceed 10% for n<20),,1,1,zone_wide_corridor-s242-wrong_end_long_beam@ik_r10_h16_m42--r1--tick1--pan1500.png,zone_wide_corridor-s242-wrong_end_long_beam@ik_r10_h16_m42--r1--tick1--pan1500.png
2026-09-26-zone-own-perception-v3/dev-scan/eval-labels,zone_wide_corridor-s2#-wrong_end_long_beam@ik_r1#_h1#_m4#--r1--tick2--pan1#.png,unknown SIM timing: every 10th numeric-sorted frame + first/last (mandatory endpoints may exceed 10% for n<20),,1,1,zone_wide_corridor-s242-wrong_end_long_beam@ik_r10_h16_m42--r1--tick2--pan1500.png,zone_wide_corridor-s242-wrong_end_long_beam@ik_r10_h16_m42--r1--tick2--pan1500.png
2026-09-26-zone-own-perception-v3/dev-scan/eval-labels,zone_wide_corridor-s2#-wrong_end_long_beam@wrist_m4#--r1--tick0--pan1#.png,unknown SIM timing: every 10th numeric-sorted frame + first/last (mandatory endpoints may exceed 10% for n<20),,1,1,zone_wide_corridor-s242-wrong_end_long_beam@wrist_m44--r1--tick0--pan1500.png,zone_wide_corridor-s242-wrong_end_long_beam@wrist_m44--r1--tick0--pan1500.png
2026-09-26-zone-own-perception-v3/dev-scan/eval-labels,zone_wide_corridor-s2#-wrong_end_long_beam@wrist_m4#--r1--tick1--pan1#.png,unknown SIM timing: every 10th numeric-sorted frame + first/last (mandatory endpoints may exceed 10% for n<20),,1,1,zone_wide_corridor-s242-wrong_end_long_beam@wrist_m44--r1--tick1--pan1500.png,zone_wide_corridor-s242-wrong_end_long_beam@wrist_m44--r1--tick1--pan1500.png
2026-09-26-zone-own-perception-v3/dev-scan/eval-labels,zone_wide_corridor-s2#-wrong_end_long_beam@wrist_m4#--r1--tick2--pan1#.png,unknown SIM timing: every 10th numeric-sorted frame + first/last (mandatory endpoints may exceed 10% for n<20),,1,1,zone_wide_corridor-s242-wrong_end_long_beam@wrist_m44--r1--tick2--pan1500.png,zone_wide_corridor-s242-wrong_end_long_beam@wrist_m44--r1--tick2--pan1500.png
2026-09-26-zone-own-perception-v3/dev-scan/eval-labels,zone_wide_corridor-s2#-wrong_end_long_beam@wrist_m5#--r1--tick0--pan1#.png,unknown SIM timing: every 10th numeric-sorted frame + first/last (mandatory endpoints may exceed 10% for n<20),,1,1,zone_wide_corridor-s242-wrong_end_long_beam@wrist_m50--r1--tick0--pan1500.png,zone_wide_corridor-s242-wrong_end_long_beam@wrist_m50--r1--tick0--pan1500.png
2026-09-26-zone-own-perception-v3/dev-scan/eval-labels,zone_wide_corridor-s2#-wrong_end_long_beam@wrist_m5#--r1--tick1--pan1#.png,unknown SIM timing: every 10th numeric-sorted frame + first/last (mandatory endpoints may exceed 10% for n<20),,1,1,zone_wide_corridor-s242-wrong_end_long_beam@wrist_m50--r1--tick1--pan1500.png,zone_wide_corridor-s242-wrong_end_long_beam@wrist_m50--r1--tick1--pan1500.png
2026-09-26-zone-own-perception-v3/dev-scan/eval-labels,zone_wide_corridor-s2#-wrong_end_long_beam@wrist_m5#--r1--tick2--pan1#.png,unknown SIM timing: every 10th numeric-sorted frame + first/last (mandatory endpoints may exceed 10% for n<20),,1,1,zone_wide_corridor-s242-wrong_end_long_beam@wrist_m50--r1--tick2--pan1500.png,zone_wide_corridor-s242-wrong_end_long_beam@wrist_m50--r1--tick2--pan1500.png
2026-09-26-zone-own-perception-v3/dev-scan/eval-labels,zone_wide_door-s2#-carry_beam_expect_crate--r1--tick0--pan1#.png,unknown SIM timing: every 10th numeric-sorted frame + first/last (mandatory endpoints may exceed 10% for n<20),,2,2,zone_wide_door-s241-carry_beam_expect_crate--r1--tick0--pan1500.png,zone_wide_door-s244-carry_beam_expect_crate--r1--tick0--pan1500.png
2026-09-26-zone-own-perception-v3/dev-scan/eval-labels,zone_wide_door-s2#-carry_beam_expect_crate--r1--tick1--pan1#.png,unknown SIM timing: every 10th numeric-sorted frame + first/last (mandatory endpoints may exceed 10% for n<20),,2,2,zone_wide_door-s241-carry_beam_expect_crate--r1--tick1--pan1500.png,zone_wide_door-s244-carry_beam_expect_crate--r1--tick1--pan1500.png
2026-09-26-zone-own-perception-v3/dev-scan/eval-labels,zone_wide_door-s2#-carry_beam_expect_crate--r1--tick2--pan1#.png,unknown SIM timing: every 10th numeric-sorted frame + first/last (mandatory endpoints may exceed 10% for n<20),,2,2,zone_wide_door-s241-carry_beam_expect_crate--r1--tick2--pan1500.png,zone_wide_door-s244-carry_beam_expect_crate--r1--tick2--pan1500.png
2026-09-26-zone-own-perception-v3/dev-scan/eval-labels,zone_wide_door-s2#-carry_crate_expect_beam--r1--tick0--pan1#.png,unknown SIM timing: every 10th numeric-sorted frame + first/last (mandatory endpoints may exceed 10% for n<20),,2,2,zone_wide_door-s241-carry_crate_expect_beam--r1--tick0--pan1500.png,zone_wide_door-s244-carry_crate_expect_beam--r1--tick0--pan1500.png
2026-09-26-zone-own-perception-v3/dev-scan/eval-labels,zone_wide_door-s2#-carry_crate_expect_beam--r1--tick1--pan1#.png,unknown SIM timing: every 10th numeric-sorted frame + first/last (mandatory endpoints may exceed 10% for n<20),,2,2,zone_wide_door-s241-carry_crate_expect_beam--r1--tick1--pan1500.png,zone_wide_door-s244-carry_crate_expect_beam--r1--tick1--pan1500.png
2026-09-26-zone-own-perception-v3/dev-scan/eval-labels,zone_wide_door-s2#-carry_crate_expect_beam--r1--tick2--pan1#.png,unknown SIM timing: every 10th numeric-sorted frame + first/last (mandatory endpoints may exceed 10% for n<20),,2,2,zone_wide_door-s241-carry_crate_expect_beam--r1--tick2--pan1500.png,zone_wide_door-s244-carry_crate_expect_beam--r1--tick2--pan1500.png
2026-09-26-zone-own-perception-v3/dev-scan/eval-labels,zone_wide_door-s2#-carry_heavy_crate--r1--tick0--pan1#.png,unknown SIM timing: every 10th numeric-sorted frame + first/last (mandatory endpoints may exceed 10% for n<20),,2,2,zone_wide_door-s241-carry_heavy_crate--r1--tick0--pan1500.png,zone_wide_door-s244-carry_heavy_crate--r1--tick0--pan1500.png
2026-09-26-zone-own-perception-v3/dev-scan/eval-labels,zone_wide_door-s2#-carry_heavy_crate--r1--tick1--pan1#.png,unknown SIM timing: every 10th numeric-sorted frame + first/last (mandatory endpoints may exceed 10% for n<20),,2,2,zone_wide_door-s241-carry_heavy_crate--r1--tick1--pan1500.png,zone_wide_door-s244-carry_heavy_crate--r1--tick1--pan1500.png
2026-09-26-zone-own-perception-v3/dev-scan/eval-labels,zone_wide_door-s2#-carry_heavy_crate--r1--tick2--pan1#.png,unknown SIM timing: every 10th numeric-sorted frame + first/last (mandatory endpoints may exceed 10% for n<20),,2,2,zone_wide_door-s241-carry_heavy_crate--r1--tick2--pan1500.png,zone_wide_door-s244-carry_heavy_crate--r1--tick2--pan1500.png
2026-09-26-zone-own-perception-v3/dev-scan/eval-labels,zone_wide_door-s2#-carry_heavy_crate_centroid_hold--r1--tick0--pan1#.png,unknown SIM timing: every 10th numeric-sorted frame + first/last (mandatory endpoints may exceed 10% for n<20),,2,2,zone_wide_door-s241-carry_heavy_crate_centroid_hold--r1--tick0--pan1500.png,zone_wide_door-s244-carry_heavy_crate_centroid_hold--r1--tick0--pan1500.png
2026-09-26-zone-own-perception-v3/dev-scan/eval-labels,zone_wide_door-s2#-carry_heavy_crate_centroid_hold--r1--tick1--pan1#.png,unknown SIM timing: every 10th numeric-sorted frame + first/last (mandatory endpoints may exceed 10% for n<20),,2,2,zone_wide_door-s241-carry_heavy_crate_centroid_hold--r1--tick1--pan1500.png,zone_wide_door-s244-carry_heavy_crate_centroid_hold--r1--tick1--pan1500.png
2026-09-26-zone-own-perception-v3/dev-scan/eval-labels,zone_wide_door-s2#-carry_heavy_crate_centroid_hold--r1--tick2--pan1#.png,unknown SIM timing: every 10th numeric-sorted frame + first/last (mandatory endpoints may exceed 10% for n<20),,2,2,zone_wide_door-s241-carry_heavy_crate_centroid_hold--r1--tick2--pan1500.png,zone_wide_door-s244-carry_heavy_crate_centroid_hold--r1--tick2--pan1500.png
2026-09-26-zone-own-perception-v3/dev-scan/eval-labels,zone_wide_door-s2#-carry_long_beam--r1--tick0--pan1#.png,unknown SIM timing: every 10th numeric-sorted frame + first/last (mandatory endpoints may exceed 10% for n<20),,2,2,zone_wide_door-s241-carry_long_beam--r1--tick0--pan1500.png,zone_wide_door-s244-carry_long_beam--r1--tick0--pan1500.png
2026-09-26-zone-own-perception-v3/dev-scan/eval-labels,zone_wide_door-s2#-carry_long_beam--r1--tick1--pan1#.png,unknown SIM timing: every 10th numeric-sorted frame + first/last (mandatory endpoints may exceed 10% for n<20),,2,2,zone_wide_door-s241-carry_long_beam--r1--tick1--pan1500.png,zone_wide_door-s244-carry_long_beam--r1--tick1--pan1500.png
2026-09-26-zone-own-perception-v3/dev-scan/eval-labels,zone_wide_door-s2#-carry_long_beam--r1--tick2--pan1#.png,unknown SIM timing: every 10th numeric-sorted frame + first/last (mandatory endpoints may exceed 10% for n<20),,2,2,zone_wide_door-s241-carry_long_beam--r1--tick2--pan1500.png,zone_wide_door-s244-carry_long_beam--r1--tick2--pan1500.png
2026-09-26-zone-own-perception-v3/dev-scan/eval-labels,zone_wide_door-s2#-carry_nothing_expect_crate--r1--tick0--pan1#.png,unknown SIM timing: every 10th numeric-sorted frame + first/last (mandatory endpoints may exceed 10% for n<20),,2,2,zone_wide_door-s241-carry_nothing_expect_crate--r1--tick0--pan1500.png,zone_wide_door-s244-carry_nothing_expect_crate--r1--tick0--pan1500.png
2026-09-26-zone-own-perception-v3/dev-scan/eval-labels,zone_wide_door-s2#-carry_nothing_expect_crate--r1--tick1--pan1#.png,unknown SIM timing: every 10th numeric-sorted frame + first/last (mandatory endpoints may exceed 10% for n<20),,2,2,zone_wide_door-s241-carry_nothing_expect_crate--r1--tick1--pan1500.png,zone_wide_door-s244-carry_nothing_expect_crate--r1--tick1--pan1500.png
2026-09-26-zone-own-perception-v3/dev-scan/eval-labels,zone_wide_door-s2#-carry_nothing_expect_crate--r1--tick2--pan1#.png,unknown SIM timing: every 10th numeric-sorted frame + first/last (mandatory endpoints may exceed 10% for n<20),,2,2,zone_wide_door-s241-carry_nothing_expect_crate--r1--tick2--pan1500.png,zone_wide_door-s244-carry_nothing_expect_crate--r1--tick2--pan1500.png
2026-09-26-zone-own-perception-v3/dev-scan/eval-labels,zone_wide_door-s2#-carry_tri_frame--r1--tick0--pan1#.png,unknown SIM timing: every 10th numeric-sorted frame + first/last (mandatory endpoints may exceed 10% for n<20),,2,2,zone_wide_door-s241-carry_tri_frame--r1--tick0--pan1500.png,zone_wide_door-s244-carry_tri_frame--r1--tick0--pan1500.png
2026-09-26-zone-own-perception-v3/dev-scan/eval-labels,zone_wide_door-s2#-carry_tri_frame--r1--tick1--pan1#.png,unknown SIM timing: every 10th numeric-sorted frame + first/last (mandatory endpoints may exceed 10% for n<20),,2,2,zone_wide_door-s241-carry_tri_frame--r1--tick1--pan1500.png,zone_wide_door-s244-carry_tri_frame--r1--tick1--pan1500.png
2026-09-26-zone-own-perception-v3/dev-scan/eval-labels,zone_wide_door-s2#-carry_tri_frame--r1--tick2--pan1#.png,unknown SIM timing: every 10th numeric-sorted frame + first/last (mandatory endpoints may exceed 10% for n<20),,2,2,zone_wide_door-s241-carry_tri_frame--r1--tick2--pan1500.png,zone_wide_door-s244-carry_tri_frame--r1--tick2--pan1500.png
2026-09-26-zone-own-perception-v3/dev-scan/eval-labels,zone_wide_door-s2#-grasp_heavy_crate@approach_look_v2--r1--tick0--pan1#.png,unknown SIM timing: every 10th numeric-sorted frame + first/last (mandatory endpoints may exceed 10% for n<20),,2,2,zone_wide_door-s241-grasp_heavy_crate@approach_look_v2--r1--tick0--pan1500.png,zone_wide_door-s244-grasp_heavy_crate@approach_look_v2--r1--tick0--pan1500.png
2026-09-26-zone-own-perception-v3/dev-scan/eval-labels,zone_wide_door-s2#-grasp_heavy_crate@approach_look_v2--r1--tick1--pan1#.png,unknown SIM timing: every 10th numeric-sorted frame + first/last (mandatory endpoints may exceed 10% for n<20),,2,2,zone_wide_door-s241-grasp_heavy_crate@approach_look_v2--r1--tick1--pan1500.png,zone_wide_door-s244-grasp_heavy_crate@approach_look_v2--r1--tick1--pan1500.png
2026-09-26-zone-own-perception-v3/dev-scan/eval-labels,zone_wide_door-s2#-grasp_heavy_crate@approach_look_v2--r1--tick2--pan1#.png,unknown SIM timing: every 10th numeric-sorted frame + first/last (mandatory endpoints may exceed 10% for n<20),,2,2,zone_wide_door-s241-grasp_heavy_crate@approach_look_v2--r1--tick2--pan1500.png,zone_wide_door-s244-grasp_heavy_crate@approach_look_v2--r1--tick2--pan1500.png
2026-09-26-zone-own-perception-v3/dev-scan/eval-labels,zone_wide_door-s2#-grasp_heavy_crate@ik_r1#_h1#_m3#--r1--tick0--pan1#.png,unknown SIM timing: every 10th numeric-sorted frame + first/last (mandatory endpoints may exceed 10% for n<20),,2,2,zone_wide_door-s241-grasp_heavy_crate@ik_r10_h16_m39--r1--tick0--pan1500.png,zone_wide_door-s244-grasp_heavy_crate@ik_r10_h16_m39--r1--tick0--pan1500.png
2026-09-26-zone-own-perception-v3/dev-scan/eval-labels,zone_wide_door-s2#-grasp_heavy_crate@ik_r1#_h1#_m3#--r1--tick1--pan1#.png,unknown SIM timing: every 10th numeric-sorted frame + first/last (mandatory endpoints may exceed 10% for n<20),,2,2,zone_wide_door-s241-grasp_heavy_crate@ik_r10_h16_m39--r1--tick1--pan1500.png,zone_wide_door-s244-grasp_heavy_crate@ik_r10_h16_m39--r1--tick1--pan1500.png
2026-09-26-zone-own-perception-v3/dev-scan/eval-labels,zone_wide_door-s2#-grasp_heavy_crate@ik_r1#_h1#_m3#--r1--tick2--pan1#.png,unknown SIM timing: every 10th numeric-sorted frame + first/last (mandatory endpoints may exceed 10% for n<20),,2,2,zone_wide_door-s241-grasp_heavy_crate@ik_r10_h16_m39--r1--tick2--pan1500.png,zone_wide_door-s244-grasp_heavy_crate@ik_r10_h16_m39--r1--tick2--pan1500.png
2026-09-26-zone-own-perception-v3/dev-scan/eval-labels,zone_wide_door-s2#-grasp_heavy_crate@ik_r1#_h1#_m4#--r1--tick0--pan1#.png,unknown SIM timing: every 10th numeric-sorted frame + first/last (mandatory endpoints may exceed 10% for n<20),,2,2,zone_wide_door-s241-grasp_heavy_crate@ik_r10_h16_m42--r1--tick0--pan1500.png,zone_wide_door-s244-grasp_heavy_crate@ik_r10_h16_m42--r1--tick0--pan1500.png
2026-09-26-zone-own-perception-v3/dev-scan/eval-labels,zone_wide_door-s2#-grasp_heavy_crate@ik_r1#_h1#_m4#--r1--tick1--pan1#.png,unknown SIM timing: every 10th numeric-sorted frame + first/last (mandatory endpoints may exceed 10% for n<20),,2,2,zone_wide_door-s241-grasp_heavy_crate@ik_r10_h16_m42--r1--tick1--pan1500.png,zone_wide_door-s244-grasp_heavy_crate@ik_r10_h16_m42--r1--tick1--pan1500.png
2026-09-26-zone-own-perception-v3/dev-scan/eval-labels,zone_wide_door-s2#-grasp_heavy_crate@ik_r1#_h1#_m4#--r1--tick2--pan1#.png,unknown SIM timing: every 10th numeric-sorted frame + first/last (mandatory endpoints may exceed 10% for n<20),,2,2,zone_wide_door-s241-grasp_heavy_crate@ik_r10_h16_m42--r1--tick2--pan1500.png,zone_wide_door-s244-grasp_heavy_crate@ik_r10_h16_m42--r1--tick2--pan1500.png
2026-09-26-zone-own-perception-v3/dev-scan/eval-labels,zone_wide_door-s2#-grasp_heavy_crate@wrist_m4#--r1--tick0--pan1#.png,unknown SIM timing: every 10th numeric-sorted frame + first/last (mandatory endpoints may exceed 10% for n<20),,2,2,zone_wide_door-s241-grasp_heavy_crate@wrist_m44--r1--tick0--pan1500.png,zone_wide_door-s244-grasp_heavy_crate@wrist_m44--r1--tick0--pan1500.png
2026-09-26-zone-own-perception-v3/dev-scan/eval-labels,zone_wide_door-s2#-grasp_heavy_crate@wrist_m4#--r1--tick1--pan1#.png,unknown SIM timing: every 10th numeric-sorted frame + first/last (mandatory endpoints may exceed 10% for n<20),,2,2,zone_wide_door-s241-grasp_heavy_crate@wrist_m44--r1--tick1--pan1500.png,zone_wide_door-s244-grasp_heavy_crate@wrist_m44--r1--tick1--pan1500.png
2026-09-26-zone-own-perception-v3/dev-scan/eval-labels,zone_wide_door-s2#-grasp_heavy_crate@wrist_m4#--r1--tick2--pan1#.png,unknown SIM timing: every 10th numeric-sorted frame + first/last (mandatory endpoints may exceed 10% for n<20),,2,2,zone_wide_door-s241-grasp_heavy_crate@wrist_m44--r1--tick2--pan1500.png,zone_wide_door-s244-grasp_heavy_crate@wrist_m44--r1--tick2--pan1500.png
2026-09-26-zone-own-perception-v3/dev-scan/eval-labels,zone_wide_door-s2#-grasp_heavy_crate@wrist_m5#--r1--tick0--pan1#.png,unknown SIM timing: every 10th numeric-sorted frame + first/last (mandatory endpoints may exceed 10% for n<20),,2,2,zone_wide_door-s241-grasp_heavy_crate@wrist_m50--r1--tick0--pan1500.png,zone_wide_door-s244-grasp_heavy_crate@wrist_m50--r1--tick0--pan1500.png
2026-09-26-zone-own-perception-v3/dev-scan/eval-labels,zone_wide_door-s2#-grasp_heavy_crate@wrist_m5#--r1--tick1--pan1#.png,unknown SIM timing: every 10th numeric-sorted frame + first/last (mandatory endpoints may exceed 10% for n<20),,2,2,zone_wide_door-s241-grasp_heavy_crate@wrist_m50--r1--tick1--pan1500.png,zone_wide_door-s244-grasp_heavy_crate@wrist_m50--r1--tick1--pan1500.png
2026-09-26-zone-own-perception-v3/dev-scan/eval-labels,zone_wide_door-s2#-grasp_heavy_crate@wrist_m5#--r1--tick2--pan1#.png,unknown SIM timing: every 10th numeric-sorted frame + first/last (mandatory endpoints may exceed 10% for n<20),,2,2,zone_wide_door-s241-grasp_heavy_crate@wrist_m50--r1--tick2--pan1500.png,zone_wide_door-s244-grasp_heavy_crate@wrist_m50--r1--tick2--pan1500.png
2026-09-26-zone-own-perception-v3/dev-scan/eval-labels,zone_wide_door-s2#-grasp_long_beam@approach_look_v2--r1--tick0--pan1#.png,unknown SIM timing: every 10th numeric-sorted frame + first/last (mandatory endpoints may exceed 10% for n<20),,2,2,zone_wide_door-s241-grasp_long_beam@approach_look_v2--r1--tick0--pan1500.png,zone_wide_door-s244-grasp_long_beam@approach_look_v2--r1--tick0--pan1500.png
2026-09-26-zone-own-perception-v3/dev-scan/eval-labels,zone_wide_door-s2#-grasp_long_beam@approach_look_v2--r1--tick1--pan1#.png,unknown SIM timing: every 10th numeric-sorted frame + first/last (mandatory endpoints may exceed 10% for n<20),,2,2,zone_wide_door-s241-grasp_long_beam@approach_look_v2--r1--tick1--pan1500.png,zone_wide_door-s244-grasp_long_beam@approach_look_v2--r1--tick1--pan1500.png
2026-09-26-zone-own-perception-v3/dev-scan/eval-labels,zone_wide_door-s2#-grasp_long_beam@approach_look_v2--r1--tick2--pan1#.png,unknown SIM timing: every 10th numeric-sorted frame + first/last (mandatory endpoints may exceed 10% for n<20),,2,2,zone_wide_door-s241-grasp_long_beam@approach_look_v2--r1--tick2--pan1500.png,zone_wide_door-s244-grasp_long_beam@approach_look_v2--r1--tick2--pan1500.png
2026-09-26-zone-own-perception-v3/dev-scan/eval-labels,zone_wide_door-s2#-grasp_long_beam@ik_r1#_h1#_m3#--r1--tick0--pan1#.png,unknown SIM timing: every 10th numeric-sorted frame + first/last (mandatory endpoints may exceed 10% for n<20),,2,2,zone_wide_door-s241-grasp_long_beam@ik_r10_h16_m39--r1--tick0--pan1500.png,zone_wide_door-s244-grasp_long_beam@ik_r10_h16_m39--r1--tick0--pan1500.png
2026-09-26-zone-own-perception-v3/dev-scan/eval-labels,zone_wide_door-s2#-grasp_long_beam@ik_r1#_h1#_m3#--r1--tick1--pan1#.png,unknown SIM timing: every 10th numeric-sorted frame + first/last (mandatory endpoints may exceed 10% for n<20),,2,2,zone_wide_door-s241-grasp_long_beam@ik_r10_h16_m39--r1--tick1--pan1500.png,zone_wide_door-s244-grasp_long_beam@ik_r10_h16_m39--r1--tick1--pan1500.png
2026-09-26-zone-own-perception-v3/dev-scan/eval-labels,zone_wide_door-s2#-grasp_long_beam@ik_r1#_h1#_m3#--r1--tick2--pan1#.png,unknown SIM timing: every 10th numeric-sorted frame + first/last (mandatory endpoints may exceed 10% for n<20),,2,2,zone_wide_door-s241-grasp_long_beam@ik_r10_h16_m39--r1--tick2--pan1500.png,zone_wide_door-s244-grasp_long_beam@ik_r10_h16_m39--r1--tick2--pan1500.png
2026-09-26-zone-own-perception-v3/dev-scan/eval-labels,zone_wide_door-s2#-grasp_long_beam@ik_r1#_h1#_m4#--r1--tick0--pan1#.png,unknown SIM timing: every 10th numeric-sorted frame + first/last (mandatory endpoints may exceed 10% for n<20),,2,2,zone_wide_door-s241-grasp_long_beam@ik_r10_h16_m42--r1--tick0--pan1500.png,zone_wide_door-s244-grasp_long_beam@ik_r10_h16_m42--r1--tick0--pan1500.png
2026-09-26-zone-own-perception-v3/dev-scan/eval-labels,zone_wide_door-s2#-grasp_long_beam@ik_r1#_h1#_m4#--r1--tick1--pan1#.png,unknown SIM timing: every 10th numeric-sorted frame + first/last (mandatory endpoints may exceed 10% for n<20),,2,2,zone_wide_door-s241-grasp_long_beam@ik_r10_h16_m42--r1--tick1--pan1500.png,zone_wide_door-s244-grasp_long_beam@ik_r10_h16_m42--r1--tick1--pan1500.png
2026-09-26-zone-own-perception-v3/dev-scan/eval-labels,zone_wide_door-s2#-grasp_long_beam@ik_r1#_h1#_m4#--r1--tick2--pan1#.png,unknown SIM timing: every 10th numeric-sorted frame + first/last (mandatory endpoints may exceed 10% for n<20),,2,2,zone_wide_door-s241-grasp_long_beam@ik_r10_h16_m42--r1--tick2--pan1500.png,zone_wide_door-s244-grasp_long_beam@ik_r10_h16_m42--r1--tick2--pan1500.png
2026-09-26-zone-own-perception-v3/dev-scan/eval-labels,zone_wide_door-s2#-grasp_long_beam@wrist_m4#--r1--tick0--pan1#.png,unknown SIM timing: every 10th numeric-sorted frame + first/last (mandatory endpoints may exceed 10% for n<20),,2,2,zone_wide_door-s241-grasp_long_beam@wrist_m44--r1--tick0--pan1500.png,zone_wide_door-s244-grasp_long_beam@wrist_m44--r1--tick0--pan1500.png
2026-09-26-zone-own-perception-v3/dev-scan/eval-labels,zone_wide_door-s2#-grasp_long_beam@wrist_m4#--r1--tick1--pan1#.png,unknown SIM timing: every 10th numeric-sorted frame + first/last (mandatory endpoints may exceed 10% for n<20),,2,2,zone_wide_door-s241-grasp_long_beam@wrist_m44--r1--tick1--pan1500.png,zone_wide_door-s244-grasp_long_beam@wrist_m44--r1--tick1--pan1500.png
2026-09-26-zone-own-perception-v3/dev-scan/eval-labels,zone_wide_door-s2#-grasp_long_beam@wrist_m4#--r1--tick2--pan1#.png,unknown SIM timing: every 10th numeric-sorted frame + first/last (mandatory endpoints may exceed 10% for n<20),,2,2,zone_wide_door-s241-grasp_long_beam@wrist_m44--r1--tick2--pan1500.png,zone_wide_door-s244-grasp_long_beam@wrist_m44--r1--tick2--pan1500.png
2026-09-26-zone-own-perception-v3/dev-scan/eval-labels,zone_wide_door-s2#-grasp_long_beam@wrist_m5#--r1--tick0--pan1#.png,unknown SIM timing: every 10th numeric-sorted frame + first/last (mandatory endpoints may exceed 10% for n<20),,2,2,zone_wide_door-s241-grasp_long_beam@wrist_m50--r1--tick0--pan1500.png,zone_wide_door-s244-grasp_long_beam@wrist_m50--r1--tick0--pan1500.png
2026-09-26-zone-own-perception-v3/dev-scan/eval-labels,zone_wide_door-s2#-grasp_long_beam@wrist_m5#--r1--tick1--pan1#.png,unknown SIM timing: every 10th numeric-sorted frame + first/last (mandatory endpoints may exceed 10% for n<20),,2,2,zone_wide_door-s241-grasp_long_beam@wrist_m50--r1--tick1--pan1500.png,zone_wide_door-s244-grasp_long_beam@wrist_m50--r1--tick1--pan1500.png
2026-09-26-zone-own-perception-v3/dev-scan/eval-labels,zone_wide_door-s2#-grasp_long_beam@wrist_m5#--r1--tick2--pan1#.png,unknown SIM timing: every 10th numeric-sorted frame + first/last (mandatory endpoints may exceed 10% for n<20),,2,2,zone_wide_door-s241-grasp_long_beam@wrist_m50--r1--tick2--pan1500.png,zone_wide_door-s244-grasp_long_beam@wrist_m50--r1--tick2--pan1500.png
2026-09-26-zone-own-perception-v3/dev-scan/eval-labels,zone_wide_door-s2#-grasp_tri_frame@approach_look_v2--r1--tick0--pan1#.png,unknown SIM timing: every 10th numeric-sorted frame + first/last (mandatory endpoints may exceed 10% for n<20),,2,2,zone_wide_door-s241-grasp_tri_frame@approach_look_v2--r1--tick0--pan1500.png,zone_wide_door-s244-grasp_tri_frame@approach_look_v2--r1--tick0--pan1500.png
2026-09-26-zone-own-perception-v3/dev-scan/eval-labels,zone_wide_door-s2#-grasp_tri_frame@approach_look_v2--r1--tick1--pan1#.png,unknown SIM timing: every 10th numeric-sorted frame + first/last (mandatory endpoints may exceed 10% for n<20),,2,2,zone_wide_door-s241-grasp_tri_frame@approach_look_v2--r1--tick1--pan1500.png,zone_wide_door-s244-grasp_tri_frame@approach_look_v2--r1--tick1--pan1500.png
2026-09-26-zone-own-perception-v3/dev-scan/eval-labels,zone_wide_door-s2#-grasp_tri_frame@approach_look_v2--r1--tick2--pan1#.png,unknown SIM timing: every 10th numeric-sorted frame + first/last (mandatory endpoints may exceed 10% for n<20),,2,2,zone_wide_door-s241-grasp_tri_frame@approach_look_v2--r1--tick2--pan1500.png,zone_wide_door-s244-grasp_tri_frame@approach_look_v2--r1--tick2--pan1500.png
2026-09-26-zone-own-perception-v3/dev-scan/eval-labels,zone_wide_door-s2#-grasp_tri_frame@ik_r1#_h1#_m3#--r1--tick0--pan1#.png,unknown SIM timing: every 10th numeric-sorted frame + first/last (mandatory endpoints may exceed 10% for n<20),,2,2,zone_wide_door-s241-grasp_tri_frame@ik_r10_h16_m39--r1--tick0--pan1500.png,zone_wide_door-s244-grasp_tri_frame@ik_r10_h16_m39--r1--tick0--pan1500.png
2026-09-26-zone-own-perception-v3/dev-scan/eval-labels,zone_wide_door-s2#-grasp_tri_frame@ik_r1#_h1#_m3#--r1--tick1--pan1#.png,unknown SIM timing: every 10th numeric-sorted frame + first/last (mandatory endpoints may exceed 10% for n<20),,2,2,zone_wide_door-s241-grasp_tri_frame@ik_r10_h16_m39--r1--tick1--pan1500.png,zone_wide_door-s244-grasp_tri_frame@ik_r10_h16_m39--r1--tick1--pan1500.png
2026-09-26-zone-own-perception-v3/dev-scan/eval-labels,zone_wide_door-s2#-grasp_tri_frame@ik_r1#_h1#_m3#--r1--tick2--pan1#.png,unknown SIM timing: every 10th numeric-sorted frame + first/last (mandatory endpoints may exceed 10% for n<20),,2,2,zone_wide_door-s241-grasp_tri_frame@ik_r10_h16_m39--r1--tick2--pan1500.png,zone_wide_door-s244-grasp_tri_frame@ik_r10_h16_m39--r1--tick2--pan1500.png
2026-09-26-zone-own-perception-v3/dev-scan/eval-labels,zone_wide_door-s2#-grasp_tri_frame@ik_r1#_h1#_m4#--r1--tick0--pan1#.png,unknown SIM timing: every 10th numeric-sorted frame + first/last (mandatory endpoints may exceed 10% for n<20),,2,2,zone_wide_door-s241-grasp_tri_frame@ik_r10_h16_m42--r1--tick0--pan1500.png,zone_wide_door-s244-grasp_tri_frame@ik_r10_h16_m42--r1--tick0--pan1500.png
2026-09-26-zone-own-perception-v3/dev-scan/eval-labels,zone_wide_door-s2#-grasp_tri_frame@ik_r1#_h1#_m4#--r1--tick1--pan1#.png,unknown SIM timing: every 10th numeric-sorted frame + first/last (mandatory endpoints may exceed 10% for n<20),,2,2,zone_wide_door-s241-grasp_tri_frame@ik_r10_h16_m42--r1--tick1--pan1500.png,zone_wide_door-s244-grasp_tri_frame@ik_r10_h16_m42--r1--tick1--pan1500.png
2026-09-26-zone-own-perception-v3/dev-scan/eval-labels,zone_wide_door-s2#-grasp_tri_frame@ik_r1#_h1#_m4#--r1--tick2--pan1#.png,unknown SIM timing: every 10th numeric-sorted frame + first/last (mandatory endpoints may exceed 10% for n<20),,2,2,zone_wide_door-s241-grasp_tri_frame@ik_r10_h16_m42--r1--tick2--pan1500.png,zone_wide_door-s244-grasp_tri_frame@ik_r10_h16_m42--r1--tick2--pan1500.png
2026-09-26-zone-own-perception-v3/dev-scan/eval-labels,zone_wide_door-s2#-grasp_tri_frame@wrist_m4#--r1--tick0--pan1#.png,unknown SIM timing: every 10th numeric-sorted frame + first/last (mandatory endpoints may exceed 10% for n<20),,2,2,zone_wide_door-s241-grasp_tri_frame@wrist_m44--r1--tick0--pan1500.png,zone_wide_door-s244-grasp_tri_frame@wrist_m44--r1--tick0--pan1500.png
2026-09-26-zone-own-perception-v3/dev-scan/eval-labels,zone_wide_door-s2#-grasp_tri_frame@wrist_m4#--r1--tick1--pan1#.png,unknown SIM timing: every 10th numeric-sorted frame + first/last (mandatory endpoints may exceed 10% for n<20),,2,2,zone_wide_door-s241-grasp_tri_frame@wrist_m44--r1--tick1--pan1500.png,zone_wide_door-s244-grasp_tri_frame@wrist_m44--r1--tick1--pan1500.png
2026-09-26-zone-own-perception-v3/dev-scan/eval-labels,zone_wide_door-s2#-grasp_tri_frame@wrist_m4#--r1--tick2--pan1#.png,unknown SIM timing: every 10th numeric-sorted frame + first/last (mandatory endpoints may exceed 10% for n<20),,2,2,zone_wide_door-s241-grasp_tri_frame@wrist_m44--r1--tick2--pan1500.png,zone_wide_door-s244-grasp_tri_frame@wrist_m44--r1--tick2--pan1500.png
2026-09-26-zone-own-perception-v3/dev-scan/eval-labels,zone_wide_door-s2#-grasp_tri_frame@wrist_m5#--r1--tick0--pan1#.png,unknown SIM timing: every 10th numeric-sorted frame + first/last (mandatory endpoints may exceed 10% for n<20),,2,2,zone_wide_door-s241-grasp_tri_frame@wrist_m50--r1--tick0--pan1500.png,zone_wide_door-s244-grasp_tri_frame@wrist_m50--r1--tick0--pan1500.png
2026-09-26-zone-own-perception-v3/dev-scan/eval-labels,zone_wide_door-s2#-grasp_tri_frame@wrist_m5#--r1--tick1--pan1#.png,unknown SIM timing: every 10th numeric-sorted frame + first/last (mandatory endpoints may exceed 10% for n<20),,2,2,zone_wide_door-s241-grasp_tri_frame@wrist_m50--r1--tick1--pan1500.png,zone_wide_door-s244-grasp_tri_frame@wrist_m50--r1--tick1--pan1500.png
2026-09-26-zone-own-perception-v3/dev-scan/eval-labels,zone_wide_door-s2#-grasp_tri_frame@wrist_m5#--r1--tick2--pan1#.png,unknown SIM timing: every 10th numeric-sorted frame + first/last (mandatory endpoints may exceed 10% for n<20),,2,2,zone_wide_door-s241-grasp_tri_frame@wrist_m50--r1--tick2--pan1500.png,zone_wide_door-s244-grasp_tri_frame@wrist_m50--r1--tick2--pan1500.png
2026-09-26-zone-own-perception-v3/dev-scan/eval-labels,zone_wide_door-s2#-grasp_wrong_kind@approach_look_v2--r1--tick0--pan1#.png,unknown SIM timing: every 10th numeric-sorted frame + first/last (mandatory endpoints may exceed 10% for n<20),,2,2,zone_wide_door-s241-grasp_wrong_kind@approach_look_v2--r1--tick0--pan1500.png,zone_wide_door-s244-grasp_wrong_kind@approach_look_v2--r1--tick0--pan1500.png
2026-09-26-zone-own-perception-v3/dev-scan/eval-labels,zone_wide_door-s2#-grasp_wrong_kind@approach_look_v2--r1--tick1--pan1#.png,unknown SIM timing: every 10th numeric-sorted frame + first/last (mandatory endpoints may exceed 10% for n<20),,2,2,zone_wide_door-s241-grasp_wrong_kind@approach_look_v2--r1--tick1--pan1500.png,zone_wide_door-s244-grasp_wrong_kind@approach_look_v2--r1--tick1--pan1500.png
2026-09-26-zone-own-perception-v3/dev-scan/eval-labels,zone_wide_door-s2#-grasp_wrong_kind@approach_look_v2--r1--tick2--pan1#.png,unknown SIM timing: every 10th numeric-sorted frame + first/last (mandatory endpoints may exceed 10% for n<20),,2,2,zone_wide_door-s241-grasp_wrong_kind@approach_look_v2--r1--tick2--pan1500.png,zone_wide_door-s244-grasp_wrong_kind@approach_look_v2--r1--tick2--pan1500.png
2026-09-26-zone-own-perception-v3/dev-scan/eval-labels,zone_wide_door-s2#-grasp_wrong_kind@ik_r1#_h1#_m3#--r1--tick0--pan1#.png,unknown SIM timing: every 10th numeric-sorted frame + first/last (mandatory endpoints may exceed 10% for n<20),,2,2,zone_wide_door-s241-grasp_wrong_kind@ik_r10_h16_m39--r1--tick0--pan1500.png,zone_wide_door-s244-grasp_wrong_kind@ik_r10_h16_m39--r1--tick0--pan1500.png
2026-09-26-zone-own-perception-v3/dev-scan/eval-labels,zone_wide_door-s2#-grasp_wrong_kind@ik_r1#_h1#_m3#--r1--tick1--pan1#.png,unknown SIM timing: every 10th numeric-sorted frame + first/last (mandatory endpoints may exceed 10% for n<20),,2,2,zone_wide_door-s241-grasp_wrong_kind@ik_r10_h16_m39--r1--tick1--pan1500.png,zone_wide_door-s244-grasp_wrong_kind@ik_r10_h16_m39--r1--tick1--pan1500.png
2026-09-26-zone-own-perception-v3/dev-scan/eval-labels,zone_wide_door-s2#-grasp_wrong_kind@ik_r1#_h1#_m3#--r1--tick2--pan1#.png,unknown SIM timing: every 10th numeric-sorted frame + first/last (mandatory endpoints may exceed 10% for n<20),,2,2,zone_wide_door-s241-grasp_wrong_kind@ik_r10_h16_m39--r1--tick2--pan1500.png,zone_wide_door-s244-grasp_wrong_kind@ik_r10_h16_m39--r1--tick2--pan1500.png
2026-09-26-zone-own-perception-v3/dev-scan/eval-labels,zone_wide_door-s2#-grasp_wrong_kind@ik_r1#_h1#_m4#--r1--tick0--pan1#.png,unknown SIM timing: every 10th numeric-sorted frame + first/last (mandatory endpoints may exceed 10% for n<20),,2,2,zone_wide_door-s241-grasp_wrong_kind@ik_r10_h16_m42--r1--tick0--pan1500.png,zone_wide_door-s244-grasp_wrong_kind@ik_r10_h16_m42--r1--tick0--pan1500.png
2026-09-26-zone-own-perception-v3/dev-scan/eval-labels,zone_wide_door-s2#-grasp_wrong_kind@ik_r1#_h1#_m4#--r1--tick1--pan1#.png,unknown SIM timing: every 10th numeric-sorted frame + first/last (mandatory endpoints may exceed 10% for n<20),,2,2,zone_wide_door-s241-grasp_wrong_kind@ik_r10_h16_m42--r1--tick1--pan1500.png,zone_wide_door-s244-grasp_wrong_kind@ik_r10_h16_m42--r1--tick1--pan1500.png
2026-09-26-zone-own-perception-v3/dev-scan/eval-labels,zone_wide_door-s2#-grasp_wrong_kind@ik_r1#_h1#_m4#--r1--tick2--pan1#.png,unknown SIM timing: every 10th numeric-sorted frame + first/last (mandatory endpoints may exceed 10% for n<20),,2,2,zone_wide_door-s241-grasp_wrong_kind@ik_r10_h16_m42--r1--tick2--pan1500.png,zone_wide_door-s244-grasp_wrong_kind@ik_r10_h16_m42--r1--tick2--pan1500.png
2026-09-26-zone-own-perception-v3/dev-scan/eval-labels,zone_wide_door-s2#-grasp_wrong_kind@wrist_m4#--r1--tick0--pan1#.png,unknown SIM timing: every 10th numeric-sorted frame + first/last (mandatory endpoints may exceed 10% for n<20),,2,2,zone_wide_door-s241-grasp_wrong_kind@wrist_m44--r1--tick0--pan1500.png,zone_wide_door-s244-grasp_wrong_kind@wrist_m44--r1--tick0--pan1500.png
2026-09-26-zone-own-perception-v3/dev-scan/eval-labels,zone_wide_door-s2#-grasp_wrong_kind@wrist_m4#--r1--tick1--pan1#.png,unknown SIM timing: every 10th numeric-sorted frame + first/last (mandatory endpoints may exceed 10% for n<20),,2,2,zone_wide_door-s241-grasp_wrong_kind@wrist_m44--r1--tick1--pan1500.png,zone_wide_door-s244-grasp_wrong_kind@wrist_m44--r1--tick1--pan1500.png
2026-09-26-zone-own-perception-v3/dev-scan/eval-labels,zone_wide_door-s2#-grasp_wrong_kind@wrist_m4#--r1--tick2--pan1#.png,unknown SIM timing: every 10th numeric-sorted frame + first/last (mandatory endpoints may exceed 10% for n<20),,2,2,zone_wide_door-s241-grasp_wrong_kind@wrist_m44--r1--tick2--pan1500.png,zone_wide_door-s244-grasp_wrong_kind@wrist_m44--r1--tick2--pan1500.png
2026-09-26-zone-own-perception-v3/dev-scan/eval-labels,zone_wide_door-s2#-grasp_wrong_kind@wrist_m5#--r1--tick0--pan1#.png,unknown SIM timing: every 10th numeric-sorted frame + first/last (mandatory endpoints may exceed 10% for n<20),,2,2,zone_wide_door-s241-grasp_wrong_kind@wrist_m50--r1--tick0--pan1500.png,zone_wide_door-s244-grasp_wrong_kind@wrist_m50--r1--tick0--pan1500.png
2026-09-26-zone-own-perception-v3/dev-scan/eval-labels,zone_wide_door-s2#-grasp_wrong_kind@wrist_m5#--r1--tick1--pan1#.png,unknown SIM timing: every 10th numeric-sorted frame + first/last (mandatory endpoints may exceed 10% for n<20),,2,2,zone_wide_door-s241-grasp_wrong_kind@wrist_m50--r1--tick1--pan1500.png,zone_wide_door-s244-grasp_wrong_kind@wrist_m50--r1--tick1--pan1500.png
2026-09-26-zone-own-perception-v3/dev-scan/eval-labels,zone_wide_door-s2#-grasp_wrong_kind@wrist_m5#--r1--tick2--pan1#.png,unknown SIM timing: every 10th numeric-sorted frame + first/last (mandatory endpoints may exceed 10% for n<20),,2,2,zone_wide_door-s241-grasp_wrong_kind@wrist_m50--r1--tick2--pan1500.png,zone_wide_door-s244-grasp_wrong_kind@wrist_m50--r1--tick2--pan1500.png
2026-09-26-zone-own-perception-v3/dev-scan/eval-labels,zone_wide_door-s2#-held_box_carry--r1--tick0--pan1#.png,unknown SIM timing: every 10th numeric-sorted frame + first/last (mandatory endpoints may exceed 10% for n<20),,2,2,zone_wide_door-s241-held_box_carry--r1--tick0--pan1500.png,zone_wide_door-s244-held_box_carry--r1--tick0--pan1500.png
2026-09-26-zone-own-perception-v3/dev-scan/eval-labels,zone_wide_door-s2#-held_box_carry--r1--tick1--pan1#.png,unknown SIM timing: every 10th numeric-sorted frame + first/last (mandatory endpoints may exceed 10% for n<20),,2,2,zone_wide_door-s241-held_box_carry--r1--tick1--pan1500.png,zone_wide_door-s244-held_box_carry--r1--tick1--pan1500.png
2026-09-26-zone-own-perception-v3/dev-scan/eval-labels,zone_wide_door-s2#-held_box_carry--r1--tick2--pan1#.png,unknown SIM timing: every 10th numeric-sorted frame + first/last (mandatory endpoints may exceed 10% for n<20),,2,2,zone_wide_door-s241-held_box_carry--r1--tick2--pan1500.png,zone_wide_door-s244-held_box_carry--r1--tick2--pan1500.png
2026-09-26-zone-own-perception-v3/dev-scan/eval-labels,zone_wide_door-s2#-held_box_held_check--r1--tick0--pan1#.png,unknown SIM timing: every 10th numeric-sorted frame + first/last (mandatory endpoints may exceed 10% for n<20),,2,2,zone_wide_door-s241-held_box_held_check--r1--tick0--pan1500.png,zone_wide_door-s244-held_box_held_check--r1--tick0--pan1500.png
2026-09-26-zone-own-perception-v3/dev-scan/eval-labels,zone_wide_door-s2#-held_box_held_check--r1--tick1--pan1#.png,unknown SIM timing: every 10th numeric-sorted frame + first/last (mandatory endpoints may exceed 10% for n<20),,2,2,zone_wide_door-s241-held_box_held_check--r1--tick1--pan1500.png,zone_wide_door-s244-held_box_held_check--r1--tick1--pan1500.png
2026-09-26-zone-own-perception-v3/dev-scan/eval-labels,zone_wide_door-s2#-held_box_held_check--r1--tick2--pan1#.png,unknown SIM timing: every 10th numeric-sorted frame + first/last (mandatory endpoints may exceed 10% for n<20),,2,2,zone_wide_door-s241-held_box_held_check--r1--tick2--pan1500.png,zone_wide_door-s244-held_box_held_check--r1--tick2--pan1500.png
2026-09-26-zone-own-perception-v3/dev-scan/eval-labels,zone_wide_door-s2#-held_can--r1--tick0--pan1#.png,unknown SIM timing: every 10th numeric-sorted frame + first/last (mandatory endpoints may exceed 10% for n<20),,2,2,zone_wide_door-s241-held_can--r1--tick0--pan1500.png,zone_wide_door-s244-held_can--r1--tick0--pan1500.png
2026-09-26-zone-own-perception-v3/dev-scan/eval-labels,zone_wide_door-s2#-held_can--r1--tick1--pan1#.png,unknown SIM timing: every 10th numeric-sorted frame + first/last (mandatory endpoints may exceed 10% for n<20),,2,2,zone_wide_door-s241-held_can--r1--tick1--pan1500.png,zone_wide_door-s244-held_can--r1--tick1--pan1500.png
2026-09-26-zone-own-perception-v3/dev-scan/eval-labels,zone_wide_door-s2#-held_can--r1--tick2--pan1#.png,unknown SIM timing: every 10th numeric-sorted frame + first/last (mandatory endpoints may exceed 10% for n<20),,2,2,zone_wide_door-s241-held_can--r1--tick2--pan1500.png,zone_wide_door-s244-held_can--r1--tick2--pan1500.png
2026-09-26-zone-own-perception-v3/dev-scan/eval-labels,zone_wide_door-s2#-held_can_absent--r1--tick0--pan1#.png,unknown SIM timing: every 10th numeric-sorted frame + first/last (mandatory endpoints may exceed 10% for n<20),,2,2,zone_wide_door-s241-held_can_absent--r1--tick0--pan1500.png,zone_wide_door-s244-held_can_absent--r1--tick0--pan1500.png
2026-09-26-zone-own-perception-v3/dev-scan/eval-labels,zone_wide_door-s2#-held_can_absent--r1--tick1--pan1#.png,unknown SIM timing: every 10th numeric-sorted frame + first/last (mandatory endpoints may exceed 10% for n<20),,2,2,zone_wide_door-s241-held_can_absent--r1--tick1--pan1500.png,zone_wide_door-s244-held_can_absent--r1--tick1--pan1500.png
2026-09-26-zone-own-perception-v3/dev-scan/eval-labels,zone_wide_door-s2#-held_can_absent--r1--tick2--pan1#.png,unknown SIM timing: every 10th numeric-sorted frame + first/last (mandatory endpoints may exceed 10% for n<20),,2,2,zone_wide_door-s241-held_can_absent--r1--tick2--pan1500.png,zone_wide_door-s244-held_can_absent--r1--tick2--pan1500.png
2026-09-26-zone-own-perception-v3/dev-scan/eval-labels,zone_wide_door-s2#-held_can_carry--r1--tick0--pan1#.png,unknown SIM timing: every 10th numeric-sorted frame + first/last (mandatory endpoints may exceed 10% for n<20),,2,2,zone_wide_door-s241-held_can_carry--r1--tick0--pan1500.png,zone_wide_door-s244-held_can_carry--r1--tick0--pan1500.png
2026-09-26-zone-own-perception-v3/dev-scan/eval-labels,zone_wide_door-s2#-held_can_carry--r1--tick1--pan1#.png,unknown SIM timing: every 10th numeric-sorted frame + first/last (mandatory endpoints may exceed 10% for n<20),,2,2,zone_wide_door-s241-held_can_carry--r1--tick1--pan1500.png,zone_wide_door-s244-held_can_carry--r1--tick1--pan1500.png
2026-09-26-zone-own-perception-v3/dev-scan/eval-labels,zone_wide_door-s2#-held_can_carry--r1--tick2--pan1#.png,unknown SIM timing: every 10th numeric-sorted frame + first/last (mandatory endpoints may exceed 10% for n<20),,2,2,zone_wide_door-s241-held_can_carry--r1--tick2--pan1500.png,zone_wide_door-s244-held_can_carry--r1--tick2--pan1500.png
2026-09-26-zone-own-perception-v3/dev-scan/eval-labels,zone_wide_door-s2#-held_can_wrong_kind--r1--tick0--pan1#.png,unknown SIM timing: every 10th numeric-sorted frame + first/last (mandatory endpoints may exceed 10% for n<20),,2,2,zone_wide_door-s241-held_can_wrong_kind--r1--tick0--pan1500.png,zone_wide_door-s244-held_can_wrong_kind--r1--tick0--pan1500.png
2026-09-26-zone-own-perception-v3/dev-scan/eval-labels,zone_wide_door-s2#-held_can_wrong_kind--r1--tick1--pan1#.png,unknown SIM timing: every 10th numeric-sorted frame + first/last (mandatory endpoints may exceed 10% for n<20),,2,2,zone_wide_door-s241-held_can_wrong_kind--r1--tick1--pan1500.png,zone_wide_door-s244-held_can_wrong_kind--r1--tick1--pan1500.png
2026-09-26-zone-own-perception-v3/dev-scan/eval-labels,zone_wide_door-s2#-held_can_wrong_kind--r1--tick2--pan1#.png,unknown SIM timing: every 10th numeric-sorted frame + first/last (mandatory endpoints may exceed 10% for n<20),,2,2,zone_wide_door-s241-held_can_wrong_kind--r1--tick2--pan1500.png,zone_wide_door-s244-held_can_wrong_kind--r1--tick2--pan1500.png
2026-09-26-zone-own-perception-v3/dev-scan/eval-labels,zone_wide_door-s2#-held_nothing_carry--r1--tick0--pan1#.png,unknown SIM timing: every 10th numeric-sorted frame + first/last (mandatory endpoints may exceed 10% for n<20),,2,2,zone_wide_door-s241-held_nothing_carry--r1--tick0--pan1500.png,zone_wide_door-s244-held_nothing_carry--r1--tick0--pan1500.png
2026-09-26-zone-own-perception-v3/dev-scan/eval-labels,zone_wide_door-s2#-held_nothing_carry--r1--tick1--pan1#.png,unknown SIM timing: every 10th numeric-sorted frame + first/last (mandatory endpoints may exceed 10% for n<20),,2,2,zone_wide_door-s241-held_nothing_carry--r1--tick1--pan1500.png,zone_wide_door-s244-held_nothing_carry--r1--tick1--pan1500.png
2026-09-26-zone-own-perception-v3/dev-scan/eval-labels,zone_wide_door-s2#-held_nothing_carry--r1--tick2--pan1#.png,unknown SIM timing: every 10th numeric-sorted frame + first/last (mandatory endpoints may exceed 10% for n<20),,2,2,zone_wide_door-s241-held_nothing_carry--r1--tick2--pan1500.png,zone_wide_door-s244-held_nothing_carry--r1--tick2--pan1500.png
2026-09-26-zone-own-perception-v3/dev-scan/eval-labels,zone_wide_door-s2#-held_tile_carry--r1--tick0--pan1#.png,unknown SIM timing: every 10th numeric-sorted frame + first/last (mandatory endpoints may exceed 10% for n<20),,2,2,zone_wide_door-s241-held_tile_carry--r1--tick0--pan1500.png,zone_wide_door-s244-held_tile_carry--r1--tick0--pan1500.png
2026-09-26-zone-own-perception-v3/dev-scan/eval-labels,zone_wide_door-s2#-held_tile_carry--r1--tick1--pan1#.png,unknown SIM timing: every 10th numeric-sorted frame + first/last (mandatory endpoints may exceed 10% for n<20),,2,2,zone_wide_door-s241-held_tile_carry--r1--tick1--pan1500.png,zone_wide_door-s244-held_tile_carry--r1--tick1--pan1500.png
2026-09-26-zone-own-perception-v3/dev-scan/eval-labels,zone_wide_door-s2#-held_tile_carry--r1--tick2--pan1#.png,unknown SIM timing: every 10th numeric-sorted frame + first/last (mandatory endpoints may exceed 10% for n<20),,2,2,zone_wide_door-s241-held_tile_carry--r1--tick2--pan1500.png,zone_wide_door-s244-held_tile_carry--r1--tick2--pan1500.png
2026-09-26-zone-own-perception-v3/dev-scan/eval-labels,zone_wide_door-s2#-held_tile_expect_box_carry--r1--tick0--pan1#.png,unknown SIM timing: every 10th numeric-sorted frame + first/last (mandatory endpoints may exceed 10% for n<20),,2,2,zone_wide_door-s241-held_tile_expect_box_carry--r1--tick0--pan1500.png,zone_wide_door-s244-held_tile_expect_box_carry--r1--tick0--pan1500.png
2026-09-26-zone-own-perception-v3/dev-scan/eval-labels,zone_wide_door-s2#-held_tile_expect_box_carry--r1--tick1--pan1#.png,unknown SIM timing: every 10th numeric-sorted frame + first/last (mandatory endpoints may exceed 10% for n<20),,2,2,zone_wide_door-s241-held_tile_expect_box_carry--r1--tick1--pan1500.png,zone_wide_door-s244-held_tile_expect_box_carry--r1--tick1--pan1500.png
2026-09-26-zone-own-perception-v3/dev-scan/eval-labels,zone_wide_door-s2#-held_tile_expect_box_carry--r1--tick2--pan1#.png,unknown SIM timing: every 10th numeric-sorted frame + first/last (mandatory endpoints may exceed 10% for n<20),,2,2,zone_wide_door-s241-held_tile_expect_box_carry--r1--tick2--pan1500.png,zone_wide_door-s244-held_tile_expect_box_carry--r1--tick2--pan1500.png
2026-09-26-zone-own-perception-v3/dev-scan/eval-labels,zone_wide_door-s2#-wrong_end_long_beam@approach_look_v2--r1--tick0--pan1#.png,unknown SIM timing: every 10th numeric-sorted frame + first/last (mandatory endpoints may exceed 10% for n<20),,2,2,zone_wide_door-s241-wrong_end_long_beam@approach_look_v2--r1--tick0--pan1500.png,zone_wide_door-s244-wrong_end_long_beam@approach_look_v2--r1--tick0--pan1500.png
2026-09-26-zone-own-perception-v3/dev-scan/eval-labels,zone_wide_door-s2#-wrong_end_long_beam@approach_look_v2--r1--tick1--pan1#.png,unknown SIM timing: every 10th numeric-sorted frame + first/last (mandatory endpoints may exceed 10% for n<20),,2,2,zone_wide_door-s241-wrong_end_long_beam@approach_look_v2--r1--tick1--pan1500.png,zone_wide_door-s244-wrong_end_long_beam@approach_look_v2--r1--tick1--pan1500.png
2026-09-26-zone-own-perception-v3/dev-scan/eval-labels,zone_wide_door-s2#-wrong_end_long_beam@approach_look_v2--r1--tick2--pan1#.png,unknown SIM timing: every 10th numeric-sorted frame + first/last (mandatory endpoints may exceed 10% for n<20),,2,2,zone_wide_door-s241-wrong_end_long_beam@approach_look_v2--r1--tick2--pan1500.png,zone_wide_door-s244-wrong_end_long_beam@approach_look_v2--r1--tick2--pan1500.png
2026-09-26-zone-own-perception-v3/dev-scan/eval-labels,zone_wide_door-s2#-wrong_end_long_beam@ik_r1#_h1#_m3#--r1--tick0--pan1#.png,unknown SIM timing: every 10th numeric-sorted frame + first/last (mandatory endpoints may exceed 10% for n<20),,2,2,zone_wide_door-s241-wrong_end_long_beam@ik_r10_h16_m39--r1--tick0--pan1500.png,zone_wide_door-s244-wrong_end_long_beam@ik_r10_h16_m39--r1--tick0--pan1500.png
2026-09-26-zone-own-perception-v3/dev-scan/eval-labels,zone_wide_door-s2#-wrong_end_long_beam@ik_r1#_h1#_m3#--r1--tick1--pan1#.png,unknown SIM timing: every 10th numeric-sorted frame + first/last (mandatory endpoints may exceed 10% for n<20),,2,2,zone_wide_door-s241-wrong_end_long_beam@ik_r10_h16_m39--r1--tick1--pan1500.png,zone_wide_door-s244-wrong_end_long_beam@ik_r10_h16_m39--r1--tick1--pan1500.png
2026-09-26-zone-own-perception-v3/dev-scan/eval-labels,zone_wide_door-s2#-wrong_end_long_beam@ik_r1#_h1#_m3#--r1--tick2--pan1#.png,unknown SIM timing: every 10th numeric-sorted frame + first/last (mandatory endpoints may exceed 10% for n<20),,2,2,zone_wide_door-s241-wrong_end_long_beam@ik_r10_h16_m39--r1--tick2--pan1500.png,zone_wide_door-s244-wrong_end_long_beam@ik_r10_h16_m39--r1--tick2--pan1500.png
2026-09-26-zone-own-perception-v3/dev-scan/eval-labels,zone_wide_door-s2#-wrong_end_long_beam@ik_r1#_h1#_m4#--r1--tick0--pan1#.png,unknown SIM timing: every 10th numeric-sorted frame + first/last (mandatory endpoints may exceed 10% for n<20),,2,2,zone_wide_door-s241-wrong_end_long_beam@ik_r10_h16_m42--r1--tick0--pan1500.png,zone_wide_door-s244-wrong_end_long_beam@ik_r10_h16_m42--r1--tick0--pan1500.png
2026-09-26-zone-own-perception-v3/dev-scan/eval-labels,zone_wide_door-s2#-wrong_end_long_beam@ik_r1#_h1#_m4#--r1--tick1--pan1#.png,unknown SIM timing: every 10th numeric-sorted frame + first/last (mandatory endpoints may exceed 10% for n<20),,2,2,zone_wide_door-s241-wrong_end_long_beam@ik_r10_h16_m42--r1--tick1--pan1500.png,zone_wide_door-s244-wrong_end_long_beam@ik_r10_h16_m42--r1--tick1--pan1500.png
2026-09-26-zone-own-perception-v3/dev-scan/eval-labels,zone_wide_door-s2#-wrong_end_long_beam@ik_r1#_h1#_m4#--r1--tick2--pan1#.png,unknown SIM timing: every 10th numeric-sorted frame + first/last (mandatory endpoints may exceed 10% for n<20),,2,2,zone_wide_door-s241-wrong_end_long_beam@ik_r10_h16_m42--r1--tick2--pan1500.png,zone_wide_door-s244-wrong_end_long_beam@ik_r10_h16_m42--r1--tick2--pan1500.png
2026-09-26-zone-own-perception-v3/dev-scan/eval-labels,zone_wide_door-s2#-wrong_end_long_beam@wrist_m4#--r1--tick0--pan1#.png,unknown SIM timing: every 10th numeric-sorted frame + first/last (mandatory endpoints may exceed 10% for n<20),,2,2,zone_wide_door-s241-wrong_end_long_beam@wrist_m44--r1--tick0--pan1500.png,zone_wide_door-s244-wrong_end_long_beam@wrist_m44--r1--tick0--pan1500.png
2026-09-26-zone-own-perception-v3/dev-scan/eval-labels,zone_wide_door-s2#-wrong_end_long_beam@wrist_m4#--r1--tick1--pan1#.png,unknown SIM timing: every 10th numeric-sorted frame + first/last (mandatory endpoints may exceed 10% for n<20),,2,2,zone_wide_door-s241-wrong_end_long_beam@wrist_m44--r1--tick1--pan1500.png,zone_wide_door-s244-wrong_end_long_beam@wrist_m44--r1--tick1--pan1500.png
2026-09-26-zone-own-perception-v3/dev-scan/eval-labels,zone_wide_door-s2#-wrong_end_long_beam@wrist_m4#--r1--tick2--pan1#.png,unknown SIM timing: every 10th numeric-sorted frame + first/last (mandatory endpoints may exceed 10% for n<20),,2,2,zone_wide_door-s241-wrong_end_long_beam@wrist_m44--r1--tick2--pan1500.png,zone_wide_door-s244-wrong_end_long_beam@wrist_m44--r1--tick2--pan1500.png
2026-09-26-zone-own-perception-v3/dev-scan/eval-labels,zone_wide_door-s2#-wrong_end_long_beam@wrist_m5#--r1--tick0--pan1#.png,unknown SIM timing: every 10th numeric-sorted frame + first/last (mandatory endpoints may exceed 10% for n<20),,2,2,zone_wide_door-s241-wrong_end_long_beam@wrist_m50--r1--tick0--pan1500.png,zone_wide_door-s244-wrong_end_long_beam@wrist_m50--r1--tick0--pan1500.png
2026-09-26-zone-own-perception-v3/dev-scan/eval-labels,zone_wide_door-s2#-wrong_end_long_beam@wrist_m5#--r1--tick1--pan1#.png,unknown SIM timing: every 10th numeric-sorted frame + first/last (mandatory endpoints may exceed 10% for n<20),,2,2,zone_wide_door-s241-wrong_end_long_beam@wrist_m50--r1--tick1--pan1500.png,zone_wide_door-s244-wrong_end_long_beam@wrist_m50--r1--tick1--pan1500.png
2026-09-26-zone-own-perception-v3/dev-scan/eval-labels,zone_wide_door-s2#-wrong_end_long_beam@wrist_m5#--r1--tick2--pan1#.png,unknown SIM timing: every 10th numeric-sorted frame + first/last (mandatory endpoints may exceed 10% for n<20),,2,2,zone_wide_door-s241-wrong_end_long_beam@wrist_m50--r1--tick2--pan1500.png,zone_wide_door-s244-wrong_end_long_beam@wrist_m50--r1--tick2--pan1500.png
2026-09-26-zone-own-perception-v3/dev-scan/eval-labels,zone_wide_two_doors-s2#-carry_beam_expect_crate--r1--tick0--pan1#.png,unknown SIM timing: every 10th numeric-sorted frame + first/last (mandatory endpoints may exceed 10% for n<20),,1,1,zone_wide_two_doors-s243-carry_beam_expect_crate--r1--tick0--pan1500.png,zone_wide_two_doors-s243-carry_beam_expect_crate--r1--tick0--pan1500.png
2026-09-26-zone-own-perception-v3/dev-scan/eval-labels,zone_wide_two_doors-s2#-carry_beam_expect_crate--r1--tick1--pan1#.png,unknown SIM timing: every 10th numeric-sorted frame + first/last (mandatory endpoints may exceed 10% for n<20),,1,1,zone_wide_two_doors-s243-carry_beam_expect_crate--r1--tick1--pan1500.png,zone_wide_two_doors-s243-carry_beam_expect_crate--r1--tick1--pan1500.png
2026-09-26-zone-own-perception-v3/dev-scan/eval-labels,zone_wide_two_doors-s2#-carry_beam_expect_crate--r1--tick2--pan1#.png,unknown SIM timing: every 10th numeric-sorted frame + first/last (mandatory endpoints may exceed 10% for n<20),,1,1,zone_wide_two_doors-s243-carry_beam_expect_crate--r1--tick2--pan1500.png,zone_wide_two_doors-s243-carry_beam_expect_crate--r1--tick2--pan1500.png
2026-09-26-zone-own-perception-v3/dev-scan/eval-labels,zone_wide_two_doors-s2#-carry_crate_expect_beam--r1--tick0--pan1#.png,unknown SIM timing: every 10th numeric-sorted frame + first/last (mandatory endpoints may exceed 10% for n<20),,1,1,zone_wide_two_doors-s243-carry_crate_expect_beam--r1--tick0--pan1500.png,zone_wide_two_doors-s243-carry_crate_expect_beam--r1--tick0--pan1500.png
2026-09-26-zone-own-perception-v3/dev-scan/eval-labels,zone_wide_two_doors-s2#-carry_crate_expect_beam--r1--tick1--pan1#.png,unknown SIM timing: every 10th numeric-sorted frame + first/last (mandatory endpoints may exceed 10% for n<20),,1,1,zone_wide_two_doors-s243-carry_crate_expect_beam--r1--tick1--pan1500.png,zone_wide_two_doors-s243-carry_crate_expect_beam--r1--tick1--pan1500.png
2026-09-26-zone-own-perception-v3/dev-scan/eval-labels,zone_wide_two_doors-s2#-carry_crate_expect_beam--r1--tick2--pan1#.png,unknown SIM timing: every 10th numeric-sorted frame + first/last (mandatory endpoints may exceed 10% for n<20),,1,1,zone_wide_two_doors-s243-carry_crate_expect_beam--r1--tick2--pan1500.png,zone_wide_two_doors-s243-carry_crate_expect_beam--r1--tick2--pan1500.png
2026-09-26-zone-own-perception-v3/dev-scan/eval-labels,zone_wide_two_doors-s2#-carry_heavy_crate--r1--tick0--pan1#.png,unknown SIM timing: every 10th numeric-sorted frame + first/last (mandatory endpoints may exceed 10% for n<20),,1,1,zone_wide_two_doors-s243-carry_heavy_crate--r1--tick0--pan1500.png,zone_wide_two_doors-s243-carry_heavy_crate--r1--tick0--pan1500.png
2026-09-26-zone-own-perception-v3/dev-scan/eval-labels,zone_wide_two_doors-s2#-carry_heavy_crate--r1--tick1--pan1#.png,unknown SIM timing: every 10th numeric-sorted frame + first/last (mandatory endpoints may exceed 10% for n<20),,1,1,zone_wide_two_doors-s243-carry_heavy_crate--r1--tick1--pan1500.png,zone_wide_two_doors-s243-carry_heavy_crate--r1--tick1--pan1500.png
2026-09-26-zone-own-perception-v3/dev-scan/eval-labels,zone_wide_two_doors-s2#-carry_heavy_crate--r1--tick2--pan1#.png,unknown SIM timing: every 10th numeric-sorted frame + first/last (mandatory endpoints may exceed 10% for n<20),,1,1,zone_wide_two_doors-s243-carry_heavy_crate--r1--tick2--pan1500.png,zone_wide_two_doors-s243-carry_heavy_crate--r1--tick2--pan1500.png
2026-09-26-zone-own-perception-v3/dev-scan/eval-labels,zone_wide_two_doors-s2#-carry_heavy_crate_centroid_hold--r1--tick0--pan1#.png,unknown SIM timing: every 10th numeric-sorted frame + first/last (mandatory endpoints may exceed 10% for n<20),,1,1,zone_wide_two_doors-s243-carry_heavy_crate_centroid_hold--r1--tick0--pan1500.png,zone_wide_two_doors-s243-carry_heavy_crate_centroid_hold--r1--tick0--pan1500.png
2026-09-26-zone-own-perception-v3/dev-scan/eval-labels,zone_wide_two_doors-s2#-carry_heavy_crate_centroid_hold--r1--tick1--pan1#.png,unknown SIM timing: every 10th numeric-sorted frame + first/last (mandatory endpoints may exceed 10% for n<20),,1,1,zone_wide_two_doors-s243-carry_heavy_crate_centroid_hold--r1--tick1--pan1500.png,zone_wide_two_doors-s243-carry_heavy_crate_centroid_hold--r1--tick1--pan1500.png
2026-09-26-zone-own-perception-v3/dev-scan/eval-labels,zone_wide_two_doors-s2#-carry_heavy_crate_centroid_hold--r1--tick2--pan1#.png,unknown SIM timing: every 10th numeric-sorted frame + first/last (mandatory endpoints may exceed 10% for n<20),,1,1,zone_wide_two_doors-s243-carry_heavy_crate_centroid_hold--r1--tick2--pan1500.png,zone_wide_two_doors-s243-carry_heavy_crate_centroid_hold--r1--tick2--pan1500.png
2026-09-26-zone-own-perception-v3/dev-scan/eval-labels,zone_wide_two_doors-s2#-carry_long_beam--r1--tick0--pan1#.png,unknown SIM timing: every 10th numeric-sorted frame + first/last (mandatory endpoints may exceed 10% for n<20),,1,1,zone_wide_two_doors-s243-carry_long_beam--r1--tick0--pan1500.png,zone_wide_two_doors-s243-carry_long_beam--r1--tick0--pan1500.png
2026-09-26-zone-own-perception-v3/dev-scan/eval-labels,zone_wide_two_doors-s2#-carry_long_beam--r1--tick1--pan1#.png,unknown SIM timing: every 10th numeric-sorted frame + first/last (mandatory endpoints may exceed 10% for n<20),,1,1,zone_wide_two_doors-s243-carry_long_beam--r1--tick1--pan1500.png,zone_wide_two_doors-s243-carry_long_beam--r1--tick1--pan1500.png
2026-09-26-zone-own-perception-v3/dev-scan/eval-labels,zone_wide_two_doors-s2#-carry_long_beam--r1--tick2--pan1#.png,unknown SIM timing: every 10th numeric-sorted frame + first/last (mandatory endpoints may exceed 10% for n<20),,1,1,zone_wide_two_doors-s243-carry_long_beam--r1--tick2--pan1500.png,zone_wide_two_doors-s243-carry_long_beam--r1--tick2--pan1500.png
2026-09-26-zone-own-perception-v3/dev-scan/eval-labels,zone_wide_two_doors-s2#-carry_nothing_expect_crate--r1--tick0--pan1#.png,unknown SIM timing: every 10th numeric-sorted frame + first/last (mandatory endpoints may exceed 10% for n<20),,1,1,zone_wide_two_doors-s243-carry_nothing_expect_crate--r1--tick0--pan1500.png,zone_wide_two_doors-s243-carry_nothing_expect_crate--r1--tick0--pan1500.png
2026-09-26-zone-own-perception-v3/dev-scan/eval-labels,zone_wide_two_doors-s2#-carry_nothing_expect_crate--r1--tick1--pan1#.png,unknown SIM timing: every 10th numeric-sorted frame + first/last (mandatory endpoints may exceed 10% for n<20),,1,1,zone_wide_two_doors-s243-carry_nothing_expect_crate--r1--tick1--pan1500.png,zone_wide_two_doors-s243-carry_nothing_expect_crate--r1--tick1--pan1500.png
2026-09-26-zone-own-perception-v3/dev-scan/eval-labels,zone_wide_two_doors-s2#-carry_nothing_expect_crate--r1--tick2--pan1#.png,unknown SIM timing: every 10th numeric-sorted frame + first/last (mandatory endpoints may exceed 10% for n<20),,1,1,zone_wide_two_doors-s243-carry_nothing_expect_crate--r1--tick2--pan1500.png,zone_wide_two_doors-s243-carry_nothing_expect_crate--r1--tick2--pan1500.png
2026-09-26-zone-own-perception-v3/dev-scan/eval-labels,zone_wide_two_doors-s2#-carry_tri_frame--r1--tick0--pan1#.png,unknown SIM timing: every 10th numeric-sorted frame + first/last (mandatory endpoints may exceed 10% for n<20),,1,1,zone_wide_two_doors-s243-carry_tri_frame--r1--tick0--pan1500.png,zone_wide_two_doors-s243-carry_tri_frame--r1--tick0--pan1500.png
2026-09-26-zone-own-perception-v3/dev-scan/eval-labels,zone_wide_two_doors-s2#-carry_tri_frame--r1--tick1--pan1#.png,unknown SIM timing: every 10th numeric-sorted frame + first/last (mandatory endpoints may exceed 10% for n<20),,1,1,zone_wide_two_doors-s243-carry_tri_frame--r1--tick1--pan1500.png,zone_wide_two_doors-s243-carry_tri_frame--r1--tick1--pan1500.png
2026-09-26-zone-own-perception-v3/dev-scan/eval-labels,zone_wide_two_doors-s2#-carry_tri_frame--r1--tick2--pan1#.png,unknown SIM timing: every 10th numeric-sorted frame + first/last (mandatory endpoints may exceed 10% for n<20),,1,1,zone_wide_two_doors-s243-carry_tri_frame--r1--tick2--pan1500.png,zone_wide_two_doors-s243-carry_tri_frame--r1--tick2--pan1500.png
2026-09-26-zone-own-perception-v3/dev-scan/eval-labels,zone_wide_two_doors-s2#-grasp_heavy_crate@approach_look_v2--r1--tick0--pan1#.png,unknown SIM timing: every 10th numeric-sorted frame + first/last (mandatory endpoints may exceed 10% for n<20),,1,1,zone_wide_two_doors-s243-grasp_heavy_crate@approach_look_v2--r1--tick0--pan1500.png,zone_wide_two_doors-s243-grasp_heavy_crate@approach_look_v2--r1--tick0--pan1500.png
2026-09-26-zone-own-perception-v3/dev-scan/eval-labels,zone_wide_two_doors-s2#-grasp_heavy_crate@approach_look_v2--r1--tick1--pan1#.png,unknown SIM timing: every 10th numeric-sorted frame + first/last (mandatory endpoints may exceed 10% for n<20),,1,1,zone_wide_two_doors-s243-grasp_heavy_crate@approach_look_v2--r1--tick1--pan1500.png,zone_wide_two_doors-s243-grasp_heavy_crate@approach_look_v2--r1--tick1--pan1500.png
2026-09-26-zone-own-perception-v3/dev-scan/eval-labels,zone_wide_two_doors-s2#-grasp_heavy_crate@approach_look_v2--r1--tick2--pan1#.png,unknown SIM timing: every 10th numeric-sorted frame + first/last (mandatory endpoints may exceed 10% for n<20),,1,1,zone_wide_two_doors-s243-grasp_heavy_crate@approach_look_v2--r1--tick2--pan1500.png,zone_wide_two_doors-s243-grasp_heavy_crate@approach_look_v2--r1--tick2--pan1500.png
2026-09-26-zone-own-perception-v3/dev-scan/eval-labels,zone_wide_two_doors-s2#-grasp_heavy_crate@ik_r1#_h1#_m3#--r1--tick0--pan1#.png,unknown SIM timing: every 10th numeric-sorted frame + first/last (mandatory endpoints may exceed 10% for n<20),,1,1,zone_wide_two_doors-s243-grasp_heavy_crate@ik_r10_h16_m39--r1--tick0--pan1500.png,zone_wide_two_doors-s243-grasp_heavy_crate@ik_r10_h16_m39--r1--tick0--pan1500.png
2026-09-26-zone-own-perception-v3/dev-scan/eval-labels,zone_wide_two_doors-s2#-grasp_heavy_crate@ik_r1#_h1#_m3#--r1--tick1--pan1#.png,unknown SIM timing: every 10th numeric-sorted frame + first/last (mandatory endpoints may exceed 10% for n<20),,1,1,zone_wide_two_doors-s243-grasp_heavy_crate@ik_r10_h16_m39--r1--tick1--pan1500.png,zone_wide_two_doors-s243-grasp_heavy_crate@ik_r10_h16_m39--r1--tick1--pan1500.png
2026-09-26-zone-own-perception-v3/dev-scan/eval-labels,zone_wide_two_doors-s2#-grasp_heavy_crate@ik_r1#_h1#_m3#--r1--tick2--pan1#.png,unknown SIM timing: every 10th numeric-sorted frame + first/last (mandatory endpoints may exceed 10% for n<20),,1,1,zone_wide_two_doors-s243-grasp_heavy_crate@ik_r10_h16_m39--r1--tick2--pan1500.png,zone_wide_two_doors-s243-grasp_heavy_crate@ik_r10_h16_m39--r1--tick2--pan1500.png
2026-09-26-zone-own-perception-v3/dev-scan/eval-labels,zone_wide_two_doors-s2#-grasp_heavy_crate@ik_r1#_h1#_m4#--r1--tick0--pan1#.png,unknown SIM timing: every 10th numeric-sorted frame + first/last (mandatory endpoints may exceed 10% for n<20),,1,1,zone_wide_two_doors-s243-grasp_heavy_crate@ik_r10_h16_m42--r1--tick0--pan1500.png,zone_wide_two_doors-s243-grasp_heavy_crate@ik_r10_h16_m42--r1--tick0--pan1500.png
2026-09-26-zone-own-perception-v3/dev-scan/eval-labels,zone_wide_two_doors-s2#-grasp_heavy_crate@ik_r1#_h1#_m4#--r1--tick1--pan1#.png,unknown SIM timing: every 10th numeric-sorted frame + first/last (mandatory endpoints may exceed 10% for n<20),,1,1,zone_wide_two_doors-s243-grasp_heavy_crate@ik_r10_h16_m42--r1--tick1--pan1500.png,zone_wide_two_doors-s243-grasp_heavy_crate@ik_r10_h16_m42--r1--tick1--pan1500.png
2026-09-26-zone-own-perception-v3/dev-scan/eval-labels,zone_wide_two_doors-s2#-grasp_heavy_crate@ik_r1#_h1#_m4#--r1--tick2--pan1#.png,unknown SIM timing: every 10th numeric-sorted frame + first/last (mandatory endpoints may exceed 10% for n<20),,1,1,zone_wide_two_doors-s243-grasp_heavy_crate@ik_r10_h16_m42--r1--tick2--pan1500.png,zone_wide_two_doors-s243-grasp_heavy_crate@ik_r10_h16_m42--r1--tick2--pan1500.png
2026-09-26-zone-own-perception-v3/dev-scan/eval-labels,zone_wide_two_doors-s2#-grasp_heavy_crate@wrist_m4#--r1--tick0--pan1#.png,unknown SIM timing: every 10th numeric-sorted frame + first/last (mandatory endpoints may exceed 10% for n<20),,1,1,zone_wide_two_doors-s243-grasp_heavy_crate@wrist_m44--r1--tick0--pan1500.png,zone_wide_two_doors-s243-grasp_heavy_crate@wrist_m44--r1--tick0--pan1500.png
2026-09-26-zone-own-perception-v3/dev-scan/eval-labels,zone_wide_two_doors-s2#-grasp_heavy_crate@wrist_m4#--r1--tick1--pan1#.png,unknown SIM timing: every 10th numeric-sorted frame + first/last (mandatory endpoints may exceed 10% for n<20),,1,1,zone_wide_two_doors-s243-grasp_heavy_crate@wrist_m44--r1--tick1--pan1500.png,zone_wide_two_doors-s243-grasp_heavy_crate@wrist_m44--r1--tick1--pan1500.png
2026-09-26-zone-own-perception-v3/dev-scan/eval-labels,zone_wide_two_doors-s2#-grasp_heavy_crate@wrist_m4#--r1--tick2--pan1#.png,unknown SIM timing: every 10th numeric-sorted frame + first/last (mandatory endpoints may exceed 10% for n<20),,1,1,zone_wide_two_doors-s243-grasp_heavy_crate@wrist_m44--r1--tick2--pan1500.png,zone_wide_two_doors-s243-grasp_heavy_crate@wrist_m44--r1--tick2--pan1500.png
2026-09-26-zone-own-perception-v3/dev-scan/eval-labels,zone_wide_two_doors-s2#-grasp_heavy_crate@wrist_m5#--r1--tick0--pan1#.png,unknown SIM timing: every 10th numeric-sorted frame + first/last (mandatory endpoints may exceed 10% for n<20),,1,1,zone_wide_two_doors-s243-grasp_heavy_crate@wrist_m50--r1--tick0--pan1500.png,zone_wide_two_doors-s243-grasp_heavy_crate@wrist_m50--r1--tick0--pan1500.png
2026-09-26-zone-own-perception-v3/dev-scan/eval-labels,zone_wide_two_doors-s2#-grasp_heavy_crate@wrist_m5#--r1--tick1--pan1#.png,unknown SIM timing: every 10th numeric-sorted frame + first/last (mandatory endpoints may exceed 10% for n<20),,1,1,zone_wide_two_doors-s243-grasp_heavy_crate@wrist_m50--r1--tick1--pan1500.png,zone_wide_two_doors-s243-grasp_heavy_crate@wrist_m50--r1--tick1--pan1500.png
2026-09-26-zone-own-perception-v3/dev-scan/eval-labels,zone_wide_two_doors-s2#-grasp_heavy_crate@wrist_m5#--r1--tick2--pan1#.png,unknown SIM timing: every 10th numeric-sorted frame + first/last (mandatory endpoints may exceed 10% for n<20),,1,1,zone_wide_two_doors-s243-grasp_heavy_crate@wrist_m50--r1--tick2--pan1500.png,zone_wide_two_doors-s243-grasp_heavy_crate@wrist_m50--r1--tick2--pan1500.png
2026-09-26-zone-own-perception-v3/dev-scan/eval-labels,zone_wide_two_doors-s2#-grasp_long_beam@approach_look_v2--r1--tick0--pan1#.png,unknown SIM timing: every 10th numeric-sorted frame + first/last (mandatory endpoints may exceed 10% for n<20),,1,1,zone_wide_two_doors-s243-grasp_long_beam@approach_look_v2--r1--tick0--pan1500.png,zone_wide_two_doors-s243-grasp_long_beam@approach_look_v2--r1--tick0--pan1500.png
2026-09-26-zone-own-perception-v3/dev-scan/eval-labels,zone_wide_two_doors-s2#-grasp_long_beam@approach_look_v2--r1--tick1--pan1#.png,unknown SIM timing: every 10th numeric-sorted frame + first/last (mandatory endpoints may exceed 10% for n<20),,1,1,zone_wide_two_doors-s243-grasp_long_beam@approach_look_v2--r1--tick1--pan1500.png,zone_wide_two_doors-s243-grasp_long_beam@approach_look_v2--r1--tick1--pan1500.png
2026-09-26-zone-own-perception-v3/dev-scan/eval-labels,zone_wide_two_doors-s2#-grasp_long_beam@approach_look_v2--r1--tick2--pan1#.png,unknown SIM timing: every 10th numeric-sorted frame + first/last (mandatory endpoints may exceed 10% for n<20),,1,1,zone_wide_two_doors-s243-grasp_long_beam@approach_look_v2--r1--tick2--pan1500.png,zone_wide_two_doors-s243-grasp_long_beam@approach_look_v2--r1--tick2--pan1500.png
2026-09-26-zone-own-perception-v3/dev-scan/eval-labels,zone_wide_two_doors-s2#-grasp_long_beam@ik_r1#_h1#_m3#--r1--tick0--pan1#.png,unknown SIM timing: every 10th numeric-sorted frame + first/last (mandatory endpoints may exceed 10% for n<20),,1,1,zone_wide_two_doors-s243-grasp_long_beam@ik_r10_h16_m39--r1--tick0--pan1500.png,zone_wide_two_doors-s243-grasp_long_beam@ik_r10_h16_m39--r1--tick0--pan1500.png
2026-09-26-zone-own-perception-v3/dev-scan/eval-labels,zone_wide_two_doors-s2#-grasp_long_beam@ik_r1#_h1#_m3#--r1--tick1--pan1#.png,unknown SIM timing: every 10th numeric-sorted frame + first/last (mandatory endpoints may exceed 10% for n<20),,1,1,zone_wide_two_doors-s243-grasp_long_beam@ik_r10_h16_m39--r1--tick1--pan1500.png,zone_wide_two_doors-s243-grasp_long_beam@ik_r10_h16_m39--r1--tick1--pan1500.png
2026-09-26-zone-own-perception-v3/dev-scan/eval-labels,zone_wide_two_doors-s2#-grasp_long_beam@ik_r1#_h1#_m3#--r1--tick2--pan1#.png,unknown SIM timing: every 10th numeric-sorted frame + first/last (mandatory endpoints may exceed 10% for n<20),,1,1,zone_wide_two_doors-s243-grasp_long_beam@ik_r10_h16_m39--r1--tick2--pan1500.png,zone_wide_two_doors-s243-grasp_long_beam@ik_r10_h16_m39--r1--tick2--pan1500.png
2026-09-26-zone-own-perception-v3/dev-scan/eval-labels,zone_wide_two_doors-s2#-grasp_long_beam@ik_r1#_h1#_m4#--r1--tick0--pan1#.png,unknown SIM timing: every 10th numeric-sorted frame + first/last (mandatory endpoints may exceed 10% for n<20),,1,1,zone_wide_two_doors-s243-grasp_long_beam@ik_r10_h16_m42--r1--tick0--pan1500.png,zone_wide_two_doors-s243-grasp_long_beam@ik_r10_h16_m42--r1--tick0--pan1500.png
2026-09-26-zone-own-perception-v3/dev-scan/eval-labels,zone_wide_two_doors-s2#-grasp_long_beam@ik_r1#_h1#_m4#--r1--tick1--pan1#.png,unknown SIM timing: every 10th numeric-sorted frame + first/last (mandatory endpoints may exceed 10% for n<20),,1,1,zone_wide_two_doors-s243-grasp_long_beam@ik_r10_h16_m42--r1--tick1--pan1500.png,zone_wide_two_doors-s243-grasp_long_beam@ik_r10_h16_m42--r1--tick1--pan1500.png
2026-09-26-zone-own-perception-v3/dev-scan/eval-labels,zone_wide_two_doors-s2#-grasp_long_beam@ik_r1#_h1#_m4#--r1--tick2--pan1#.png,unknown SIM timing: every 10th numeric-sorted frame + first/last (mandatory endpoints may exceed 10% for n<20),,1,1,zone_wide_two_doors-s243-grasp_long_beam@ik_r10_h16_m42--r1--tick2--pan1500.png,zone_wide_two_doors-s243-grasp_long_beam@ik_r10_h16_m42--r1--tick2--pan1500.png
2026-09-26-zone-own-perception-v3/dev-scan/eval-labels,zone_wide_two_doors-s2#-grasp_long_beam@wrist_m4#--r1--tick0--pan1#.png,unknown SIM timing: every 10th numeric-sorted frame + first/last (mandatory endpoints may exceed 10% for n<20),,1,1,zone_wide_two_doors-s243-grasp_long_beam@wrist_m44--r1--tick0--pan1500.png,zone_wide_two_doors-s243-grasp_long_beam@wrist_m44--r1--tick0--pan1500.png
2026-09-26-zone-own-perception-v3/dev-scan/eval-labels,zone_wide_two_doors-s2#-grasp_long_beam@wrist_m4#--r1--tick1--pan1#.png,unknown SIM timing: every 10th numeric-sorted frame + first/last (mandatory endpoints may exceed 10% for n<20),,1,1,zone_wide_two_doors-s243-grasp_long_beam@wrist_m44--r1--tick1--pan1500.png,zone_wide_two_doors-s243-grasp_long_beam@wrist_m44--r1--tick1--pan1500.png
2026-09-26-zone-own-perception-v3/dev-scan/eval-labels,zone_wide_two_doors-s2#-grasp_long_beam@wrist_m4#--r1--tick2--pan1#.png,unknown SIM timing: every 10th numeric-sorted frame + first/last (mandatory endpoints may exceed 10% for n<20),,1,1,zone_wide_two_doors-s243-grasp_long_beam@wrist_m44--r1--tick2--pan1500.png,zone_wide_two_doors-s243-grasp_long_beam@wrist_m44--r1--tick2--pan1500.png
2026-09-26-zone-own-perception-v3/dev-scan/eval-labels,zone_wide_two_doors-s2#-grasp_long_beam@wrist_m5#--r1--tick0--pan1#.png,unknown SIM timing: every 10th numeric-sorted frame + first/last (mandatory endpoints may exceed 10% for n<20),,1,1,zone_wide_two_doors-s243-grasp_long_beam@wrist_m50--r1--tick0--pan1500.png,zone_wide_two_doors-s243-grasp_long_beam@wrist_m50--r1--tick0--pan1500.png
2026-09-26-zone-own-perception-v3/dev-scan/eval-labels,zone_wide_two_doors-s2#-grasp_long_beam@wrist_m5#--r1--tick1--pan1#.png,unknown SIM timing: every 10th numeric-sorted frame + first/last (mandatory endpoints may exceed 10% for n<20),,1,1,zone_wide_two_doors-s243-grasp_long_beam@wrist_m50--r1--tick1--pan1500.png,zone_wide_two_doors-s243-grasp_long_beam@wrist_m50--r1--tick1--pan1500.png
2026-09-26-zone-own-perception-v3/dev-scan/eval-labels,zone_wide_two_doors-s2#-grasp_long_beam@wrist_m5#--r1--tick2--pan1#.png,unknown SIM timing: every 10th numeric-sorted frame + first/last (mandatory endpoints may exceed 10% for n<20),,1,1,zone_wide_two_doors-s243-grasp_long_beam@wrist_m50--r1--tick2--pan1500.png,zone_wide_two_doors-s243-grasp_long_beam@wrist_m50--r1--tick2--pan1500.png
2026-09-26-zone-own-perception-v3/dev-scan/eval-labels,zone_wide_two_doors-s2#-grasp_tri_frame@approach_look_v2--r1--tick0--pan1#.png,unknown SIM timing: every 10th numeric-sorted frame + first/last (mandatory endpoints may exceed 10% for n<20),,1,1,zone_wide_two_doors-s243-grasp_tri_frame@approach_look_v2--r1--tick0--pan1500.png,zone_wide_two_doors-s243-grasp_tri_frame@approach_look_v2--r1--tick0--pan1500.png
2026-09-26-zone-own-perception-v3/dev-scan/eval-labels,zone_wide_two_doors-s2#-grasp_tri_frame@approach_look_v2--r1--tick1--pan1#.png,unknown SIM timing: every 10th numeric-sorted frame + first/last (mandatory endpoints may exceed 10% for n<20),,1,1,zone_wide_two_doors-s243-grasp_tri_frame@approach_look_v2--r1--tick1--pan1500.png,zone_wide_two_doors-s243-grasp_tri_frame@approach_look_v2--r1--tick1--pan1500.png
2026-09-26-zone-own-perception-v3/dev-scan/eval-labels,zone_wide_two_doors-s2#-grasp_tri_frame@approach_look_v2--r1--tick2--pan1#.png,unknown SIM timing: every 10th numeric-sorted frame + first/last (mandatory endpoints may exceed 10% for n<20),,1,1,zone_wide_two_doors-s243-grasp_tri_frame@approach_look_v2--r1--tick2--pan1500.png,zone_wide_two_doors-s243-grasp_tri_frame@approach_look_v2--r1--tick2--pan1500.png
2026-09-26-zone-own-perception-v3/dev-scan/eval-labels,zone_wide_two_doors-s2#-grasp_tri_frame@ik_r1#_h1#_m3#--r1--tick0--pan1#.png,unknown SIM timing: every 10th numeric-sorted frame + first/last (mandatory endpoints may exceed 10% for n<20),,1,1,zone_wide_two_doors-s243-grasp_tri_frame@ik_r10_h16_m39--r1--tick0--pan1500.png,zone_wide_two_doors-s243-grasp_tri_frame@ik_r10_h16_m39--r1--tick0--pan1500.png
2026-09-26-zone-own-perception-v3/dev-scan/eval-labels,zone_wide_two_doors-s2#-grasp_tri_frame@ik_r1#_h1#_m3#--r1--tick1--pan1#.png,unknown SIM timing: every 10th numeric-sorted frame + first/last (mandatory endpoints may exceed 10% for n<20),,1,1,zone_wide_two_doors-s243-grasp_tri_frame@ik_r10_h16_m39--r1--tick1--pan1500.png,zone_wide_two_doors-s243-grasp_tri_frame@ik_r10_h16_m39--r1--tick1--pan1500.png
2026-09-26-zone-own-perception-v3/dev-scan/eval-labels,zone_wide_two_doors-s2#-grasp_tri_frame@ik_r1#_h1#_m3#--r1--tick2--pan1#.png,unknown SIM timing: every 10th numeric-sorted frame + first/last (mandatory endpoints may exceed 10% for n<20),,1,1,zone_wide_two_doors-s243-grasp_tri_frame@ik_r10_h16_m39--r1--tick2--pan1500.png,zone_wide_two_doors-s243-grasp_tri_frame@ik_r10_h16_m39--r1--tick2--pan1500.png
2026-09-26-zone-own-perception-v3/dev-scan/eval-labels,zone_wide_two_doors-s2#-grasp_tri_frame@ik_r1#_h1#_m4#--r1--tick0--pan1#.png,unknown SIM timing: every 10th numeric-sorted frame + first/last (mandatory endpoints may exceed 10% for n<20),,1,1,zone_wide_two_doors-s243-grasp_tri_frame@ik_r10_h16_m42--r1--tick0--pan1500.png,zone_wide_two_doors-s243-grasp_tri_frame@ik_r10_h16_m42--r1--tick0--pan1500.png
2026-09-26-zone-own-perception-v3/dev-scan/eval-labels,zone_wide_two_doors-s2#-grasp_tri_frame@ik_r1#_h1#_m4#--r1--tick1--pan1#.png,unknown SIM timing: every 10th numeric-sorted frame + first/last (mandatory endpoints may exceed 10% for n<20),,1,1,zone_wide_two_doors-s243-grasp_tri_frame@ik_r10_h16_m42--r1--tick1--pan1500.png,zone_wide_two_doors-s243-grasp_tri_frame@ik_r10_h16_m42--r1--tick1--pan1500.png
2026-09-26-zone-own-perception-v3/dev-scan/eval-labels,zone_wide_two_doors-s2#-grasp_tri_frame@ik_r1#_h1#_m4#--r1--tick2--pan1#.png,unknown SIM timing: every 10th numeric-sorted frame + first/last (mandatory endpoints may exceed 10% for n<20),,1,1,zone_wide_two_doors-s243-grasp_tri_frame@ik_r10_h16_m42--r1--tick2--pan1500.png,zone_wide_two_doors-s243-grasp_tri_frame@ik_r10_h16_m42--r1--tick2--pan1500.png
2026-09-26-zone-own-perception-v3/dev-scan/eval-labels,zone_wide_two_doors-s2#-grasp_tri_frame@wrist_m4#--r1--tick0--pan1#.png,unknown SIM timing: every 10th numeric-sorted frame + first/last (mandatory endpoints may exceed 10% for n<20),,1,1,zone_wide_two_doors-s243-grasp_tri_frame@wrist_m44--r1--tick0--pan1500.png,zone_wide_two_doors-s243-grasp_tri_frame@wrist_m44--r1--tick0--pan1500.png
2026-09-26-zone-own-perception-v3/dev-scan/eval-labels,zone_wide_two_doors-s2#-grasp_tri_frame@wrist_m4#--r1--tick1--pan1#.png,unknown SIM timing: every 10th numeric-sorted frame + first/last (mandatory endpoints may exceed 10% for n<20),,1,1,zone_wide_two_doors-s243-grasp_tri_frame@wrist_m44--r1--tick1--pan1500.png,zone_wide_two_doors-s243-grasp_tri_frame@wrist_m44--r1--tick1--pan1500.png
2026-09-26-zone-own-perception-v3/dev-scan/eval-labels,zone_wide_two_doors-s2#-grasp_tri_frame@wrist_m4#--r1--tick2--pan1#.png,unknown SIM timing: every 10th numeric-sorted frame + first/last (mandatory endpoints may exceed 10% for n<20),,1,1,zone_wide_two_doors-s243-grasp_tri_frame@wrist_m44--r1--tick2--pan1500.png,zone_wide_two_doors-s243-grasp_tri_frame@wrist_m44--r1--tick2--pan1500.png
2026-09-26-zone-own-perception-v3/dev-scan/eval-labels,zone_wide_two_doors-s2#-grasp_tri_frame@wrist_m5#--r1--tick0--pan1#.png,unknown SIM timing: every 10th numeric-sorted frame + first/last (mandatory endpoints may exceed 10% for n<20),,1,1,zone_wide_two_doors-s243-grasp_tri_frame@wrist_m50--r1--tick0--pan1500.png,zone_wide_two_doors-s243-grasp_tri_frame@wrist_m50--r1--tick0--pan1500.png
2026-09-26-zone-own-perception-v3/dev-scan/eval-labels,zone_wide_two_doors-s2#-grasp_tri_frame@wrist_m5#--r1--tick1--pan1#.png,unknown SIM timing: every 10th numeric-sorted frame + first/last (mandatory endpoints may exceed 10% for n<20),,1,1,zone_wide_two_doors-s243-grasp_tri_frame@wrist_m50--r1--tick1--pan1500.png,zone_wide_two_doors-s243-grasp_tri_frame@wrist_m50--r1--tick1--pan1500.png
2026-09-26-zone-own-perception-v3/dev-scan/eval-labels,zone_wide_two_doors-s2#-grasp_tri_frame@wrist_m5#--r1--tick2--pan1#.png,unknown SIM timing: every 10th numeric-sorted frame + first/last (mandatory endpoints may exceed 10% for n<20),,1,1,zone_wide_two_doors-s243-grasp_tri_frame@wrist_m50--r1--tick2--pan1500.png,zone_wide_two_doors-s243-grasp_tri_frame@wrist_m50--r1--tick2--pan1500.png
2026-09-26-zone-own-perception-v3/dev-scan/eval-labels,zone_wide_two_doors-s2#-grasp_wrong_kind@approach_look_v2--r1--tick0--pan1#.png,unknown SIM timing: every 10th numeric-sorted frame + first/last (mandatory endpoints may exceed 10% for n<20),,1,1,zone_wide_two_doors-s243-grasp_wrong_kind@approach_look_v2--r1--tick0--pan1500.png,zone_wide_two_doors-s243-grasp_wrong_kind@approach_look_v2--r1--tick0--pan1500.png
2026-09-26-zone-own-perception-v3/dev-scan/eval-labels,zone_wide_two_doors-s2#-grasp_wrong_kind@approach_look_v2--r1--tick1--pan1#.png,unknown SIM timing: every 10th numeric-sorted frame + first/last (mandatory endpoints may exceed 10% for n<20),,1,1,zone_wide_two_doors-s243-grasp_wrong_kind@approach_look_v2--r1--tick1--pan1500.png,zone_wide_two_doors-s243-grasp_wrong_kind@approach_look_v2--r1--tick1--pan1500.png
2026-09-26-zone-own-perception-v3/dev-scan/eval-labels,zone_wide_two_doors-s2#-grasp_wrong_kind@approach_look_v2--r1--tick2--pan1#.png,unknown SIM timing: every 10th numeric-sorted frame + first/last (mandatory endpoints may exceed 10% for n<20),,1,1,zone_wide_two_doors-s243-grasp_wrong_kind@approach_look_v2--r1--tick2--pan1500.png,zone_wide_two_doors-s243-grasp_wrong_kind@approach_look_v2--r1--tick2--pan1500.png
2026-09-26-zone-own-perception-v3/dev-scan/eval-labels,zone_wide_two_doors-s2#-grasp_wrong_kind@ik_r1#_h1#_m3#--r1--tick0--pan1#.png,unknown SIM timing: every 10th numeric-sorted frame + first/last (mandatory endpoints may exceed 10% for n<20),,1,1,zone_wide_two_doors-s243-grasp_wrong_kind@ik_r10_h16_m39--r1--tick0--pan1500.png,zone_wide_two_doors-s243-grasp_wrong_kind@ik_r10_h16_m39--r1--tick0--pan1500.png
2026-09-26-zone-own-perception-v3/dev-scan/eval-labels,zone_wide_two_doors-s2#-grasp_wrong_kind@ik_r1#_h1#_m3#--r1--tick1--pan1#.png,unknown SIM timing: every 10th numeric-sorted frame + first/last (mandatory endpoints may exceed 10% for n<20),,1,1,zone_wide_two_doors-s243-grasp_wrong_kind@ik_r10_h16_m39--r1--tick1--pan1500.png,zone_wide_two_doors-s243-grasp_wrong_kind@ik_r10_h16_m39--r1--tick1--pan1500.png
2026-09-26-zone-own-perception-v3/dev-scan/eval-labels,zone_wide_two_doors-s2#-grasp_wrong_kind@ik_r1#_h1#_m3#--r1--tick2--pan1#.png,unknown SIM timing: every 10th numeric-sorted frame + first/last (mandatory endpoints may exceed 10% for n<20),,1,1,zone_wide_two_doors-s243-grasp_wrong_kind@ik_r10_h16_m39--r1--tick2--pan1500.png,zone_wide_two_doors-s243-grasp_wrong_kind@ik_r10_h16_m39--r1--tick2--pan1500.png
2026-09-26-zone-own-perception-v3/dev-scan/eval-labels,zone_wide_two_doors-s2#-grasp_wrong_kind@ik_r1#_h1#_m4#--r1--tick0--pan1#.png,unknown SIM timing: every 10th numeric-sorted frame + first/last (mandatory endpoints may exceed 10% for n<20),,1,1,zone_wide_two_doors-s243-grasp_wrong_kind@ik_r10_h16_m42--r1--tick0--pan1500.png,zone_wide_two_doors-s243-grasp_wrong_kind@ik_r10_h16_m42--r1--tick0--pan1500.png
2026-09-26-zone-own-perception-v3/dev-scan/eval-labels,zone_wide_two_doors-s2#-grasp_wrong_kind@ik_r1#_h1#_m4#--r1--tick1--pan1#.png,unknown SIM timing: every 10th numeric-sorted frame + first/last (mandatory endpoints may exceed 10% for n<20),,1,1,zone_wide_two_doors-s243-grasp_wrong_kind@ik_r10_h16_m42--r1--tick1--pan1500.png,zone_wide_two_doors-s243-grasp_wrong_kind@ik_r10_h16_m42--r1--tick1--pan1500.png
2026-09-26-zone-own-perception-v3/dev-scan/eval-labels,zone_wide_two_doors-s2#-grasp_wrong_kind@ik_r1#_h1#_m4#--r1--tick2--pan1#.png,unknown SIM timing: every 10th numeric-sorted frame + first/last (mandatory endpoints may exceed 10% for n<20),,1,1,zone_wide_two_doors-s243-grasp_wrong_kind@ik_r10_h16_m42--r1--tick2--pan1500.png,zone_wide_two_doors-s243-grasp_wrong_kind@ik_r10_h16_m42--r1--tick2--pan1500.png
2026-09-26-zone-own-perception-v3/dev-scan/eval-labels,zone_wide_two_doors-s2#-grasp_wrong_kind@wrist_m4#--r1--tick0--pan1#.png,unknown SIM timing: every 10th numeric-sorted frame + first/last (mandatory endpoints may exceed 10% for n<20),,1,1,zone_wide_two_doors-s243-grasp_wrong_kind@wrist_m44--r1--tick0--pan1500.png,zone_wide_two_doors-s243-grasp_wrong_kind@wrist_m44--r1--tick0--pan1500.png
2026-09-26-zone-own-perception-v3/dev-scan/eval-labels,zone_wide_two_doors-s2#-grasp_wrong_kind@wrist_m4#--r1--tick1--pan1#.png,unknown SIM timing: every 10th numeric-sorted frame + first/last (mandatory endpoints may exceed 10% for n<20),,1,1,zone_wide_two_doors-s243-grasp_wrong_kind@wrist_m44--r1--tick1--pan1500.png,zone_wide_two_doors-s243-grasp_wrong_kind@wrist_m44--r1--tick1--pan1500.png
2026-09-26-zone-own-perception-v3/dev-scan/eval-labels,zone_wide_two_doors-s2#-grasp_wrong_kind@wrist_m4#--r1--tick2--pan1#.png,unknown SIM timing: every 10th numeric-sorted frame + first/last (mandatory endpoints may exceed 10% for n<20),,1,1,zone_wide_two_doors-s243-grasp_wrong_kind@wrist_m44--r1--tick2--pan1500.png,zone_wide_two_doors-s243-grasp_wrong_kind@wrist_m44--r1--tick2--pan1500.png
2026-09-26-zone-own-perception-v3/dev-scan/eval-labels,zone_wide_two_doors-s2#-grasp_wrong_kind@wrist_m5#--r1--tick0--pan1#.png,unknown SIM timing: every 10th numeric-sorted frame + first/last (mandatory endpoints may exceed 10% for n<20),,1,1,zone_wide_two_doors-s243-grasp_wrong_kind@wrist_m50--r1--tick0--pan1500.png,zone_wide_two_doors-s243-grasp_wrong_kind@wrist_m50--r1--tick0--pan1500.png
2026-09-26-zone-own-perception-v3/dev-scan/eval-labels,zone_wide_two_doors-s2#-grasp_wrong_kind@wrist_m5#--r1--tick1--pan1#.png,unknown SIM timing: every 10th numeric-sorted frame + first/last (mandatory endpoints may exceed 10% for n<20),,1,1,zone_wide_two_doors-s243-grasp_wrong_kind@wrist_m50--r1--tick1--pan1500.png,zone_wide_two_doors-s243-grasp_wrong_kind@wrist_m50--r1--tick1--pan1500.png
2026-09-26-zone-own-perception-v3/dev-scan/eval-labels,zone_wide_two_doors-s2#-grasp_wrong_kind@wrist_m5#--r1--tick2--pan1#.png,unknown SIM timing: every 10th numeric-sorted frame + first/last (mandatory endpoints may exceed 10% for n<20),,1,1,zone_wide_two_doors-s243-grasp_wrong_kind@wrist_m50--r1--tick2--pan1500.png,zone_wide_two_doors-s243-grasp_wrong_kind@wrist_m50--r1--tick2--pan1500.png
2026-09-26-zone-own-perception-v3/dev-scan/eval-labels,zone_wide_two_doors-s2#-held_box_carry--r1--tick0--pan1#.png,unknown SIM timing: every 10th numeric-sorted frame + first/last (mandatory endpoints may exceed 10% for n<20),,1,1,zone_wide_two_doors-s243-held_box_carry--r1--tick0--pan1500.png,zone_wide_two_doors-s243-held_box_carry--r1--tick0--pan1500.png
2026-09-26-zone-own-perception-v3/dev-scan/eval-labels,zone_wide_two_doors-s2#-held_box_carry--r1--tick1--pan1#.png,unknown SIM timing: every 10th numeric-sorted frame + first/last (mandatory endpoints may exceed 10% for n<20),,1,1,zone_wide_two_doors-s243-held_box_carry--r1--tick1--pan1500.png,zone_wide_two_doors-s243-held_box_carry--r1--tick1--pan1500.png
2026-09-26-zone-own-perception-v3/dev-scan/eval-labels,zone_wide_two_doors-s2#-held_box_carry--r1--tick2--pan1#.png,unknown SIM timing: every 10th numeric-sorted frame + first/last (mandatory endpoints may exceed 10% for n<20),,1,1,zone_wide_two_doors-s243-held_box_carry--r1--tick2--pan1500.png,zone_wide_two_doors-s243-held_box_carry--r1--tick2--pan1500.png
2026-09-26-zone-own-perception-v3/dev-scan/eval-labels,zone_wide_two_doors-s2#-held_box_held_check--r1--tick0--pan1#.png,unknown SIM timing: every 10th numeric-sorted frame + first/last (mandatory endpoints may exceed 10% for n<20),,1,1,zone_wide_two_doors-s243-held_box_held_check--r1--tick0--pan1500.png,zone_wide_two_doors-s243-held_box_held_check--r1--tick0--pan1500.png
2026-09-26-zone-own-perception-v3/dev-scan/eval-labels,zone_wide_two_doors-s2#-held_box_held_check--r1--tick1--pan1#.png,unknown SIM timing: every 10th numeric-sorted frame + first/last (mandatory endpoints may exceed 10% for n<20),,1,1,zone_wide_two_doors-s243-held_box_held_check--r1--tick1--pan1500.png,zone_wide_two_doors-s243-held_box_held_check--r1--tick1--pan1500.png
2026-09-26-zone-own-perception-v3/dev-scan/eval-labels,zone_wide_two_doors-s2#-held_box_held_check--r1--tick2--pan1#.png,unknown SIM timing: every 10th numeric-sorted frame + first/last (mandatory endpoints may exceed 10% for n<20),,1,1,zone_wide_two_doors-s243-held_box_held_check--r1--tick2--pan1500.png,zone_wide_two_doors-s243-held_box_held_check--r1--tick2--pan1500.png
2026-09-26-zone-own-perception-v3/dev-scan/eval-labels,zone_wide_two_doors-s2#-held_can--r1--tick0--pan1#.png,unknown SIM timing: every 10th numeric-sorted frame + first/last (mandatory endpoints may exceed 10% for n<20),,1,1,zone_wide_two_doors-s243-held_can--r1--tick0--pan1500.png,zone_wide_two_doors-s243-held_can--r1--tick0--pan1500.png
2026-09-26-zone-own-perception-v3/dev-scan/eval-labels,zone_wide_two_doors-s2#-held_can--r1--tick1--pan1#.png,unknown SIM timing: every 10th numeric-sorted frame + first/last (mandatory endpoints may exceed 10% for n<20),,1,1,zone_wide_two_doors-s243-held_can--r1--tick1--pan1500.png,zone_wide_two_doors-s243-held_can--r1--tick1--pan1500.png
2026-09-26-zone-own-perception-v3/dev-scan/eval-labels,zone_wide_two_doors-s2#-held_can--r1--tick2--pan1#.png,unknown SIM timing: every 10th numeric-sorted frame + first/last (mandatory endpoints may exceed 10% for n<20),,1,1,zone_wide_two_doors-s243-held_can--r1--tick2--pan1500.png,zone_wide_two_doors-s243-held_can--r1--tick2--pan1500.png
2026-09-26-zone-own-perception-v3/dev-scan/eval-labels,zone_wide_two_doors-s2#-held_can_absent--r1--tick0--pan1#.png,unknown SIM timing: every 10th numeric-sorted frame + first/last (mandatory endpoints may exceed 10% for n<20),,1,1,zone_wide_two_doors-s243-held_can_absent--r1--tick0--pan1500.png,zone_wide_two_doors-s243-held_can_absent--r1--tick0--pan1500.png
2026-09-26-zone-own-perception-v3/dev-scan/eval-labels,zone_wide_two_doors-s2#-held_can_absent--r1--tick1--pan1#.png,unknown SIM timing: every 10th numeric-sorted frame + first/last (mandatory endpoints may exceed 10% for n<20),,1,1,zone_wide_two_doors-s243-held_can_absent--r1--tick1--pan1500.png,zone_wide_two_doors-s243-held_can_absent--r1--tick1--pan1500.png
2026-09-26-zone-own-perception-v3/dev-scan/eval-labels,zone_wide_two_doors-s2#-held_can_absent--r1--tick2--pan1#.png,unknown SIM timing: every 10th numeric-sorted frame + first/last (mandatory endpoints may exceed 10% for n<20),,1,1,zone_wide_two_doors-s243-held_can_absent--r1--tick2--pan1500.png,zone_wide_two_doors-s243-held_can_absent--r1--tick2--pan1500.png
2026-09-26-zone-own-perception-v3/dev-scan/eval-labels,zone_wide_two_doors-s2#-held_can_carry--r1--tick0--pan1#.png,unknown SIM timing: every 10th numeric-sorted frame + first/last (mandatory endpoints may exceed 10% for n<20),,1,1,zone_wide_two_doors-s243-held_can_carry--r1--tick0--pan1500.png,zone_wide_two_doors-s243-held_can_carry--r1--tick0--pan1500.png
2026-09-26-zone-own-perception-v3/dev-scan/eval-labels,zone_wide_two_doors-s2#-held_can_carry--r1--tick1--pan1#.png,unknown SIM timing: every 10th numeric-sorted frame + first/last (mandatory endpoints may exceed 10% for n<20),,1,1,zone_wide_two_doors-s243-held_can_carry--r1--tick1--pan1500.png,zone_wide_two_doors-s243-held_can_carry--r1--tick1--pan1500.png
2026-09-26-zone-own-perception-v3/dev-scan/eval-labels,zone_wide_two_doors-s2#-held_can_carry--r1--tick2--pan1#.png,unknown SIM timing: every 10th numeric-sorted frame + first/last (mandatory endpoints may exceed 10% for n<20),,1,1,zone_wide_two_doors-s243-held_can_carry--r1--tick2--pan1500.png,zone_wide_two_doors-s243-held_can_carry--r1--tick2--pan1500.png
2026-09-26-zone-own-perception-v3/dev-scan/eval-labels,zone_wide_two_doors-s2#-held_can_wrong_kind--r1--tick0--pan1#.png,unknown SIM timing: every 10th numeric-sorted frame + first/last (mandatory endpoints may exceed 10% for n<20),,1,1,zone_wide_two_doors-s243-held_can_wrong_kind--r1--tick0--pan1500.png,zone_wide_two_doors-s243-held_can_wrong_kind--r1--tick0--pan1500.png
2026-09-26-zone-own-perception-v3/dev-scan/eval-labels,zone_wide_two_doors-s2#-held_can_wrong_kind--r1--tick1--pan1#.png,unknown SIM timing: every 10th numeric-sorted frame + first/last (mandatory endpoints may exceed 10% for n<20),,1,1,zone_wide_two_doors-s243-held_can_wrong_kind--r1--tick1--pan1500.png,zone_wide_two_doors-s243-held_can_wrong_kind--r1--tick1--pan1500.png
2026-09-26-zone-own-perception-v3/dev-scan/eval-labels,zone_wide_two_doors-s2#-held_can_wrong_kind--r1--tick2--pan1#.png,unknown SIM timing: every 10th numeric-sorted frame + first/last (mandatory endpoints may exceed 10% for n<20),,1,1,zone_wide_two_doors-s243-held_can_wrong_kind--r1--tick2--pan1500.png,zone_wide_two_doors-s243-held_can_wrong_kind--r1--tick2--pan1500.png
2026-09-26-zone-own-perception-v3/dev-scan/eval-labels,zone_wide_two_doors-s2#-held_nothing_carry--r1--tick0--pan1#.png,unknown SIM timing: every 10th numeric-sorted frame + first/last (mandatory endpoints may exceed 10% for n<20),,1,1,zone_wide_two_doors-s243-held_nothing_carry--r1--tick0--pan1500.png,zone_wide_two_doors-s243-held_nothing_carry--r1--tick0--pan1500.png
2026-09-26-zone-own-perception-v3/dev-scan/eval-labels,zone_wide_two_doors-s2#-held_nothing_carry--r1--tick1--pan1#.png,unknown SIM timing: every 10th numeric-sorted frame + first/last (mandatory endpoints may exceed 10% for n<20),,1,1,zone_wide_two_doors-s243-held_nothing_carry--r1--tick1--pan1500.png,zone_wide_two_doors-s243-held_nothing_carry--r1--tick1--pan1500.png
2026-09-26-zone-own-perception-v3/dev-scan/eval-labels,zone_wide_two_doors-s2#-held_nothing_carry--r1--tick2--pan1#.png,unknown SIM timing: every 10th numeric-sorted frame + first/last (mandatory endpoints may exceed 10% for n<20),,1,1,zone_wide_two_doors-s243-held_nothing_carry--r1--tick2--pan1500.png,zone_wide_two_doors-s243-held_nothing_carry--r1--tick2--pan1500.png
2026-09-26-zone-own-perception-v3/dev-scan/eval-labels,zone_wide_two_doors-s2#-held_tile_carry--r1--tick0--pan1#.png,unknown SIM timing: every 10th numeric-sorted frame + first/last (mandatory endpoints may exceed 10% for n<20),,1,1,zone_wide_two_doors-s243-held_tile_carry--r1--tick0--pan1500.png,zone_wide_two_doors-s243-held_tile_carry--r1--tick0--pan1500.png
2026-09-26-zone-own-perception-v3/dev-scan/eval-labels,zone_wide_two_doors-s2#-held_tile_carry--r1--tick1--pan1#.png,unknown SIM timing: every 10th numeric-sorted frame + first/last (mandatory endpoints may exceed 10% for n<20),,1,1,zone_wide_two_doors-s243-held_tile_carry--r1--tick1--pan1500.png,zone_wide_two_doors-s243-held_tile_carry--r1--tick1--pan1500.png
2026-09-26-zone-own-perception-v3/dev-scan/eval-labels,zone_wide_two_doors-s2#-held_tile_carry--r1--tick2--pan1#.png,unknown SIM timing: every 10th numeric-sorted frame + first/last (mandatory endpoints may exceed 10% for n<20),,1,1,zone_wide_two_doors-s243-held_tile_carry--r1--tick2--pan1500.png,zone_wide_two_doors-s243-held_tile_carry--r1--tick2--pan1500.png
2026-09-26-zone-own-perception-v3/dev-scan/eval-labels,zone_wide_two_doors-s2#-held_tile_expect_box_carry--r1--tick0--pan1#.png,unknown SIM timing: every 10th numeric-sorted frame + first/last (mandatory endpoints may exceed 10% for n<20),,1,1,zone_wide_two_doors-s243-held_tile_expect_box_carry--r1--tick0--pan1500.png,zone_wide_two_doors-s243-held_tile_expect_box_carry--r1--tick0--pan1500.png
2026-09-26-zone-own-perception-v3/dev-scan/eval-labels,zone_wide_two_doors-s2#-held_tile_expect_box_carry--r1--tick1--pan1#.png,unknown SIM timing: every 10th numeric-sorted frame + first/last (mandatory endpoints may exceed 10% for n<20),,1,1,zone_wide_two_doors-s243-held_tile_expect_box_carry--r1--tick1--pan1500.png,zone_wide_two_doors-s243-held_tile_expect_box_carry--r1--tick1--pan1500.png
2026-09-26-zone-own-perception-v3/dev-scan/eval-labels,zone_wide_two_doors-s2#-held_tile_expect_box_carry--r1--tick2--pan1#.png,unknown SIM timing: every 10th numeric-sorted frame + first/last (mandatory endpoints may exceed 10% for n<20),,1,1,zone_wide_two_doors-s243-held_tile_expect_box_carry--r1--tick2--pan1500.png,zone_wide_two_doors-s243-held_tile_expect_box_carry--r1--tick2--pan1500.png
2026-09-26-zone-own-perception-v3/dev-scan/eval-labels,zone_wide_two_doors-s2#-wrong_end_long_beam@approach_look_v2--r1--tick0--pan1#.png,unknown SIM timing: every 10th numeric-sorted frame + first/last (mandatory endpoints may exceed 10% for n<20),,1,1,zone_wide_two_doors-s243-wrong_end_long_beam@approach_look_v2--r1--tick0--pan1500.png,zone_wide_two_doors-s243-wrong_end_long_beam@approach_look_v2--r1--tick0--pan1500.png
2026-09-26-zone-own-perception-v3/dev-scan/eval-labels,zone_wide_two_doors-s2#-wrong_end_long_beam@approach_look_v2--r1--tick1--pan1#.png,unknown SIM timing: every 10th numeric-sorted frame + first/last (mandatory endpoints may exceed 10% for n<20),,1,1,zone_wide_two_doors-s243-wrong_end_long_beam@approach_look_v2--r1--tick1--pan1500.png,zone_wide_two_doors-s243-wrong_end_long_beam@approach_look_v2--r1--tick1--pan1500.png
2026-09-26-zone-own-perception-v3/dev-scan/eval-labels,zone_wide_two_doors-s2#-wrong_end_long_beam@approach_look_v2--r1--tick2--pan1#.png,unknown SIM timing: every 10th numeric-sorted frame + first/last (mandatory endpoints may exceed 10% for n<20),,1,1,zone_wide_two_doors-s243-wrong_end_long_beam@approach_look_v2--r1--tick2--pan1500.png,zone_wide_two_doors-s243-wrong_end_long_beam@approach_look_v2--r1--tick2--pan1500.png
2026-09-26-zone-own-perception-v3/dev-scan/eval-labels,zone_wide_two_doors-s2#-wrong_end_long_beam@ik_r1#_h1#_m3#--r1--tick0--pan1#.png,unknown SIM timing: every 10th numeric-sorted frame + first/last (mandatory endpoints may exceed 10% for n<20),,1,1,zone_wide_two_doors-s243-wrong_end_long_beam@ik_r10_h16_m39--r1--tick0--pan1500.png,zone_wide_two_doors-s243-wrong_end_long_beam@ik_r10_h16_m39--r1--tick0--pan1500.png
2026-09-26-zone-own-perception-v3/dev-scan/eval-labels,zone_wide_two_doors-s2#-wrong_end_long_beam@ik_r1#_h1#_m3#--r1--tick1--pan1#.png,unknown SIM timing: every 10th numeric-sorted frame + first/last (mandatory endpoints may exceed 10% for n<20),,1,1,zone_wide_two_doors-s243-wrong_end_long_beam@ik_r10_h16_m39--r1--tick1--pan1500.png,zone_wide_two_doors-s243-wrong_end_long_beam@ik_r10_h16_m39--r1--tick1--pan1500.png
2026-09-26-zone-own-perception-v3/dev-scan/eval-labels,zone_wide_two_doors-s2#-wrong_end_long_beam@ik_r1#_h1#_m3#--r1--tick2--pan1#.png,unknown SIM timing: every 10th numeric-sorted frame + first/last (mandatory endpoints may exceed 10% for n<20),,1,1,zone_wide_two_doors-s243-wrong_end_long_beam@ik_r10_h16_m39--r1--tick2--pan1500.png,zone_wide_two_doors-s243-wrong_end_long_beam@ik_r10_h16_m39--r1--tick2--pan1500.png
2026-09-26-zone-own-perception-v3/dev-scan/eval-labels,zone_wide_two_doors-s2#-wrong_end_long_beam@ik_r1#_h1#_m4#--r1--tick0--pan1#.png,unknown SIM timing: every 10th numeric-sorted frame + first/last (mandatory endpoints may exceed 10% for n<20),,1,1,zone_wide_two_doors-s243-wrong_end_long_beam@ik_r10_h16_m42--r1--tick0--pan1500.png,zone_wide_two_doors-s243-wrong_end_long_beam@ik_r10_h16_m42--r1--tick0--pan1500.png
2026-09-26-zone-own-perception-v3/dev-scan/eval-labels,zone_wide_two_doors-s2#-wrong_end_long_beam@ik_r1#_h1#_m4#--r1--tick1--pan1#.png,unknown SIM timing: every 10th numeric-sorted frame + first/last (mandatory endpoints may exceed 10% for n<20),,1,1,zone_wide_two_doors-s243-wrong_end_long_beam@ik_r10_h16_m42--r1--tick1--pan1500.png,zone_wide_two_doors-s243-wrong_end_long_beam@ik_r10_h16_m42--r1--tick1--pan1500.png
2026-09-26-zone-own-perception-v3/dev-scan/eval-labels,zone_wide_two_doors-s2#-wrong_end_long_beam@ik_r1#_h1#_m4#--r1--tick2--pan1#.png,unknown SIM timing: every 10th numeric-sorted frame + first/last (mandatory endpoints may exceed 10% for n<20),,1,1,zone_wide_two_doors-s243-wrong_end_long_beam@ik_r10_h16_m42--r1--tick2--pan1500.png,zone_wide_two_doors-s243-wrong_end_long_beam@ik_r10_h16_m42--r1--tick2--pan1500.png
2026-09-26-zone-own-perception-v3/dev-scan/eval-labels,zone_wide_two_doors-s2#-wrong_end_long_beam@wrist_m4#--r1--tick0--pan1#.png,unknown SIM timing: every 10th numeric-sorted frame + first/last (mandatory endpoints may exceed 10% for n<20),,1,1,zone_wide_two_doors-s243-wrong_end_long_beam@wrist_m44--r1--tick0--pan1500.png,zone_wide_two_doors-s243-wrong_end_long_beam@wrist_m44--r1--tick0--pan1500.png
2026-09-26-zone-own-perception-v3/dev-scan/eval-labels,zone_wide_two_doors-s2#-wrong_end_long_beam@wrist_m4#--r1--tick1--pan1#.png,unknown SIM timing: every 10th numeric-sorted frame + first/last (mandatory endpoints may exceed 10% for n<20),,1,1,zone_wide_two_doors-s243-wrong_end_long_beam@wrist_m44--r1--tick1--pan1500.png,zone_wide_two_doors-s243-wrong_end_long_beam@wrist_m44--r1--tick1--pan1500.png
2026-09-26-zone-own-perception-v3/dev-scan/eval-labels,zone_wide_two_doors-s2#-wrong_end_long_beam@wrist_m4#--r1--tick2--pan1#.png,unknown SIM timing: every 10th numeric-sorted frame + first/last (mandatory endpoints may exceed 10% for n<20),,1,1,zone_wide_two_doors-s243-wrong_end_long_beam@wrist_m44--r1--tick2--pan1500.png,zone_wide_two_doors-s243-wrong_end_long_beam@wrist_m44--r1--tick2--pan1500.png
2026-09-26-zone-own-perception-v3/dev-scan/eval-labels,zone_wide_two_doors-s2#-wrong_end_long_beam@wrist_m5#--r1--tick0--pan1#.png,unknown SIM timing: every 10th numeric-sorted frame + first/last (mandatory endpoints may exceed 10% for n<20),,1,1,zone_wide_two_doors-s243-wrong_end_long_beam@wrist_m50--r1--tick0--pan1500.png,zone_wide_two_doors-s243-wrong_end_long_beam@wrist_m50--r1--tick0--pan1500.png
2026-09-26-zone-own-perception-v3/dev-scan/eval-labels,zone_wide_two_doors-s2#-wrong_end_long_beam@wrist_m5#--r1--tick1--pan1#.png,unknown SIM timing: every 10th numeric-sorted frame + first/last (mandatory endpoints may exceed 10% for n<20),,1,1,zone_wide_two_doors-s243-wrong_end_long_beam@wrist_m50--r1--tick1--pan1500.png,zone_wide_two_doors-s243-wrong_end_long_beam@wrist_m50--r1--tick1--pan1500.png
2026-09-26-zone-own-perception-v3/dev-scan/eval-labels,zone_wide_two_doors-s2#-wrong_end_long_beam@wrist_m5#--r1--tick2--pan1#.png,unknown SIM timing: every 10th numeric-sorted frame + first/last (mandatory endpoints may exceed 10% for n<20),,1,1,zone_wide_two_doors-s243-wrong_end_long_beam@wrist_m50--r1--tick2--pan1500.png,zone_wide_two_doors-s243-wrong_end_long_beam@wrist_m50--r1--tick2--pan1500.png
2026-09-26-zone-own-perception-v3/dev-scan/frames/zone_wide_corridor-s242-carry_beam_expect_crate,r1--tick0--pan1#.jpg,unknown SIM timing: every 10th numeric-sorted frame + first/last (mandatory endpoints may exceed 10% for n<20),,1,1,r1--tick0--pan1500.jpg,r1--tick0--pan1500.jpg
2026-09-26-zone-own-perception-v3/dev-scan/frames/zone_wide_corridor-s242-carry_beam_expect_crate,r1--tick1--pan1#.jpg,unknown SIM timing: every 10th numeric-sorted frame + first/last (mandatory endpoints may exceed 10% for n<20),,1,1,r1--tick1--pan1500.jpg,r1--tick1--pan1500.jpg
2026-09-26-zone-own-perception-v3/dev-scan/frames/zone_wide_corridor-s242-carry_beam_expect_crate,r1--tick2--pan1#.jpg,unknown SIM timing: every 10th numeric-sorted frame + first/last (mandatory endpoints may exceed 10% for n<20),,1,1,r1--tick2--pan1500.jpg,r1--tick2--pan1500.jpg
2026-09-26-zone-own-perception-v3/dev-scan/frames/zone_wide_corridor-s242-carry_crate_expect_beam,r1--tick0--pan1#.jpg,unknown SIM timing: every 10th numeric-sorted frame + first/last (mandatory endpoints may exceed 10% for n<20),,1,1,r1--tick0--pan1500.jpg,r1--tick0--pan1500.jpg
2026-09-26-zone-own-perception-v3/dev-scan/frames/zone_wide_corridor-s242-carry_crate_expect_beam,r1--tick1--pan1#.jpg,unknown SIM timing: every 10th numeric-sorted frame + first/last (mandatory endpoints may exceed 10% for n<20),,1,1,r1--tick1--pan1500.jpg,r1--tick1--pan1500.jpg
2026-09-26-zone-own-perception-v3/dev-scan/frames/zone_wide_corridor-s242-carry_crate_expect_beam,r1--tick2--pan1#.jpg,unknown SIM timing: every 10th numeric-sorted frame + first/last (mandatory endpoints may exceed 10% for n<20),,1,1,r1--tick2--pan1500.jpg,r1--tick2--pan1500.jpg
2026-09-26-zone-own-perception-v3/dev-scan/frames/zone_wide_corridor-s242-carry_heavy_crate,r1--tick0--pan1#.jpg,unknown SIM timing: every 10th numeric-sorted frame + first/last (mandatory endpoints may exceed 10% for n<20),,1,1,r1--tick0--pan1500.jpg,r1--tick0--pan1500.jpg
2026-09-26-zone-own-perception-v3/dev-scan/frames/zone_wide_corridor-s242-carry_heavy_crate,r1--tick1--pan1#.jpg,unknown SIM timing: every 10th numeric-sorted frame + first/last (mandatory endpoints may exceed 10% for n<20),,1,1,r1--tick1--pan1500.jpg,r1--tick1--pan1500.jpg
2026-09-26-zone-own-perception-v3/dev-scan/frames/zone_wide_corridor-s242-carry_heavy_crate,r1--tick2--pan1#.jpg,unknown SIM timing: every 10th numeric-sorted frame + first/last (mandatory endpoints may exceed 10% for n<20),,1,1,r1--tick2--pan1500.jpg,r1--tick2--pan1500.jpg
2026-09-26-zone-own-perception-v3/dev-scan/frames/zone_wide_corridor-s242-carry_heavy_crate_centroid_hold,r1--tick0--pan1#.jpg,unknown SIM timing: every 10th numeric-sorted frame + first/last (mandatory endpoints may exceed 10% for n<20),,1,1,r1--tick0--pan1500.jpg,r1--tick0--pan1500.jpg
2026-09-26-zone-own-perception-v3/dev-scan/frames/zone_wide_corridor-s242-carry_heavy_crate_centroid_hold,r1--tick1--pan1#.jpg,unknown SIM timing: every 10th numeric-sorted frame + first/last (mandatory endpoints may exceed 10% for n<20),,1,1,r1--tick1--pan1500.jpg,r1--tick1--pan1500.jpg
2026-09-26-zone-own-perception-v3/dev-scan/frames/zone_wide_corridor-s242-carry_heavy_crate_centroid_hold,r1--tick2--pan1#.jpg,unknown SIM timing: every 10th numeric-sorted frame + first/last (mandatory endpoints may exceed 10% for n<20),,1,1,r1--tick2--pan1500.jpg,r1--tick2--pan1500.jpg
2026-09-26-zone-own-perception-v3/dev-scan/frames/zone_wide_corridor-s242-carry_long_beam,r1--tick0--pan1#.jpg,unknown SIM timing: every 10th numeric-sorted frame + first/last (mandatory endpoints may exceed 10% for n<20),,1,1,r1--tick0--pan1500.jpg,r1--tick0--pan1500.jpg
2026-09-26-zone-own-perception-v3/dev-scan/frames/zone_wide_corridor-s242-carry_long_beam,r1--tick1--pan1#.jpg,unknown SIM timing: every 10th numeric-sorted frame + first/last (mandatory endpoints may exceed 10% for n<20),,1,1,r1--tick1--pan1500.jpg,r1--tick1--pan1500.jpg
2026-09-26-zone-own-perception-v3/dev-scan/frames/zone_wide_corridor-s242-carry_long_beam,r1--tick2--pan1#.jpg,unknown SIM timing: every 10th numeric-sorted frame + first/last (mandatory endpoints may exceed 10% for n<20),,1,1,r1--tick2--pan1500.jpg,r1--tick2--pan1500.jpg
2026-09-26-zone-own-perception-v3/dev-scan/frames/zone_wide_corridor-s242-carry_nothing_expect_crate,r1--tick0--pan1#.jpg,unknown SIM timing: every 10th numeric-sorted frame + first/last (mandatory endpoints may exceed 10% for n<20),,1,1,r1--tick0--pan1500.jpg,r1--tick0--pan1500.jpg
2026-09-26-zone-own-perception-v3/dev-scan/frames/zone_wide_corridor-s242-carry_nothing_expect_crate,r1--tick1--pan1#.jpg,unknown SIM timing: every 10th numeric-sorted frame + first/last (mandatory endpoints may exceed 10% for n<20),,1,1,r1--tick1--pan1500.jpg,r1--tick1--pan1500.jpg
2026-09-26-zone-own-perception-v3/dev-scan/frames/zone_wide_corridor-s242-carry_nothing_expect_crate,r1--tick2--pan1#.jpg,unknown SIM timing: every 10th numeric-sorted frame + first/last (mandatory endpoints may exceed 10% for n<20),,1,1,r1--tick2--pan1500.jpg,r1--tick2--pan1500.jpg
2026-09-26-zone-own-perception-v3/dev-scan/frames/zone_wide_corridor-s242-carry_tri_frame,r1--tick0--pan1#.jpg,unknown SIM timing: every 10th numeric-sorted frame + first/last (mandatory endpoints may exceed 10% for n<20),,1,1,r1--tick0--pan1500.jpg,r1--tick0--pan1500.jpg
2026-09-26-zone-own-perception-v3/dev-scan/frames/zone_wide_corridor-s242-carry_tri_frame,r1--tick1--pan1#.jpg,unknown SIM timing: every 10th numeric-sorted frame + first/last (mandatory endpoints may exceed 10% for n<20),,1,1,r1--tick1--pan1500.jpg,r1--tick1--pan1500.jpg
2026-09-26-zone-own-perception-v3/dev-scan/frames/zone_wide_corridor-s242-carry_tri_frame,r1--tick2--pan1#.jpg,unknown SIM timing: every 10th numeric-sorted frame + first/last (mandatory endpoints may exceed 10% for n<20),,1,1,r1--tick2--pan1500.jpg,r1--tick2--pan1500.jpg
2026-09-26-zone-own-perception-v3/dev-scan/frames/zone_wide_corridor-s242-grasp_heavy_crate@approach_look_v2,r1--tick0--pan1#.jpg,unknown SIM timing: every 10th numeric-sorted frame + first/last (mandatory endpoints may exceed 10% for n<20),,1,1,r1--tick0--pan1500.jpg,r1--tick0--pan1500.jpg
2026-09-26-zone-own-perception-v3/dev-scan/frames/zone_wide_corridor-s242-grasp_heavy_crate@approach_look_v2,r1--tick1--pan1#.jpg,unknown SIM timing: every 10th numeric-sorted frame + first/last (mandatory endpoints may exceed 10% for n<20),,1,1,r1--tick1--pan1500.jpg,r1--tick1--pan1500.jpg
2026-09-26-zone-own-perception-v3/dev-scan/frames/zone_wide_corridor-s242-grasp_heavy_crate@approach_look_v2,r1--tick2--pan1#.jpg,unknown SIM timing: every 10th numeric-sorted frame + first/last (mandatory endpoints may exceed 10% for n<20),,1,1,r1--tick2--pan1500.jpg,r1--tick2--pan1500.jpg
2026-09-26-zone-own-perception-v3/dev-scan/frames/zone_wide_corridor-s242-grasp_heavy_crate@ik_r10_h16_m39,r1--tick0--pan1#.jpg,unknown SIM timing: every 10th numeric-sorted frame + first/last (mandatory endpoints may exceed 10% for n<20),,1,1,r1--tick0--pan1500.jpg,r1--tick0--pan1500.jpg
2026-09-26-zone-own-perception-v3/dev-scan/frames/zone_wide_corridor-s242-grasp_heavy_crate@ik_r10_h16_m39,r1--tick1--pan1#.jpg,unknown SIM timing: every 10th numeric-sorted frame + first/last (mandatory endpoints may exceed 10% for n<20),,1,1,r1--tick1--pan1500.jpg,r1--tick1--pan1500.jpg
2026-09-26-zone-own-perception-v3/dev-scan/frames/zone_wide_corridor-s242-grasp_heavy_crate@ik_r10_h16_m39,r1--tick2--pan1#.jpg,unknown SIM timing: every 10th numeric-sorted frame + first/last (mandatory endpoints may exceed 10% for n<20),,1,1,r1--tick2--pan1500.jpg,r1--tick2--pan1500.jpg
2026-09-26-zone-own-perception-v3/dev-scan/frames/zone_wide_corridor-s242-grasp_heavy_crate@ik_r10_h16_m42,r1--tick0--pan1#.jpg,unknown SIM timing: every 10th numeric-sorted frame + first/last (mandatory endpoints may exceed 10% for n<20),,1,1,r1--tick0--pan1500.jpg,r1--tick0--pan1500.jpg
2026-09-26-zone-own-perception-v3/dev-scan/frames/zone_wide_corridor-s242-grasp_heavy_crate@ik_r10_h16_m42,r1--tick1--pan1#.jpg,unknown SIM timing: every 10th numeric-sorted frame + first/last (mandatory endpoints may exceed 10% for n<20),,1,1,r1--tick1--pan1500.jpg,r1--tick1--pan1500.jpg
2026-09-26-zone-own-perception-v3/dev-scan/frames/zone_wide_corridor-s242-grasp_heavy_crate@ik_r10_h16_m42,r1--tick2--pan1#.jpg,unknown SIM timing: every 10th numeric-sorted frame + first/last (mandatory endpoints may exceed 10% for n<20),,1,1,r1--tick2--pan1500.jpg,r1--tick2--pan1500.jpg
2026-09-26-zone-own-perception-v3/dev-scan/frames/zone_wide_corridor-s242-grasp_heavy_crate@wrist_m44,r1--tick0--pan1#.jpg,unknown SIM timing: every 10th numeric-sorted frame + first/last (mandatory endpoints may exceed 10% for n<20),,1,1,r1--tick0--pan1500.jpg,r1--tick0--pan1500.jpg
2026-09-26-zone-own-perception-v3/dev-scan/frames/zone_wide_corridor-s242-grasp_heavy_crate@wrist_m44,r1--tick1--pan1#.jpg,unknown SIM timing: every 10th numeric-sorted frame + first/last (mandatory endpoints may exceed 10% for n<20),,1,1,r1--tick1--pan1500.jpg,r1--tick1--pan1500.jpg
2026-09-26-zone-own-perception-v3/dev-scan/frames/zone_wide_corridor-s242-grasp_heavy_crate@wrist_m44,r1--tick2--pan1#.jpg,unknown SIM timing: every 10th numeric-sorted frame + first/last (mandatory endpoints may exceed 10% for n<20),,1,1,r1--tick2--pan1500.jpg,r1--tick2--pan1500.jpg
2026-09-26-zone-own-perception-v3/dev-scan/frames/zone_wide_corridor-s242-grasp_heavy_crate@wrist_m50,r1--tick0--pan1#.jpg,unknown SIM timing: every 10th numeric-sorted frame + first/last (mandatory endpoints may exceed 10% for n<20),,1,1,r1--tick0--pan1500.jpg,r1--tick0--pan1500.jpg
2026-09-26-zone-own-perception-v3/dev-scan/frames/zone_wide_corridor-s242-grasp_heavy_crate@wrist_m50,r1--tick1--pan1#.jpg,unknown SIM timing: every 10th numeric-sorted frame + first/last (mandatory endpoints may exceed 10% for n<20),,1,1,r1--tick1--pan1500.jpg,r1--tick1--pan1500.jpg
2026-09-26-zone-own-perception-v3/dev-scan/frames/zone_wide_corridor-s242-grasp_heavy_crate@wrist_m50,r1--tick2--pan1#.jpg,unknown SIM timing: every 10th numeric-sorted frame + first/last (mandatory endpoints may exceed 10% for n<20),,1,1,r1--tick2--pan1500.jpg,r1--tick2--pan1500.jpg
2026-09-26-zone-own-perception-v3/dev-scan/frames/zone_wide_corridor-s242-grasp_long_beam@approach_look_v2,r1--tick0--pan1#.jpg,unknown SIM timing: every 10th numeric-sorted frame + first/last (mandatory endpoints may exceed 10% for n<20),,1,1,r1--tick0--pan1500.jpg,r1--tick0--pan1500.jpg
2026-09-26-zone-own-perception-v3/dev-scan/frames/zone_wide_corridor-s242-grasp_long_beam@approach_look_v2,r1--tick1--pan1#.jpg,unknown SIM timing: every 10th numeric-sorted frame + first/last (mandatory endpoints may exceed 10% for n<20),,1,1,r1--tick1--pan1500.jpg,r1--tick1--pan1500.jpg
2026-09-26-zone-own-perception-v3/dev-scan/frames/zone_wide_corridor-s242-grasp_long_beam@approach_look_v2,r1--tick2--pan1#.jpg,unknown SIM timing: every 10th numeric-sorted frame + first/last (mandatory endpoints may exceed 10% for n<20),,1,1,r1--tick2--pan1500.jpg,r1--tick2--pan1500.jpg
2026-09-26-zone-own-perception-v3/dev-scan/frames/zone_wide_corridor-s242-grasp_long_beam@ik_r10_h16_m39,r1--tick0--pan1#.jpg,unknown SIM timing: every 10th numeric-sorted frame + first/last (mandatory endpoints may exceed 10% for n<20),,1,1,r1--tick0--pan1500.jpg,r1--tick0--pan1500.jpg
2026-09-26-zone-own-perception-v3/dev-scan/frames/zone_wide_corridor-s242-grasp_long_beam@ik_r10_h16_m39,r1--tick1--pan1#.jpg,unknown SIM timing: every 10th numeric-sorted frame + first/last (mandatory endpoints may exceed 10% for n<20),,1,1,r1--tick1--pan1500.jpg,r1--tick1--pan1500.jpg
2026-09-26-zone-own-perception-v3/dev-scan/frames/zone_wide_corridor-s242-grasp_long_beam@ik_r10_h16_m39,r1--tick2--pan1#.jpg,unknown SIM timing: every 10th numeric-sorted frame + first/last (mandatory endpoints may exceed 10% for n<20),,1,1,r1--tick2--pan1500.jpg,r1--tick2--pan1500.jpg
2026-09-26-zone-own-perception-v3/dev-scan/frames/zone_wide_corridor-s242-grasp_long_beam@ik_r10_h16_m42,r1--tick0--pan1#.jpg,unknown SIM timing: every 10th numeric-sorted frame + first/last (mandatory endpoints may exceed 10% for n<20),,1,1,r1--tick0--pan1500.jpg,r1--tick0--pan1500.jpg
2026-09-26-zone-own-perception-v3/dev-scan/frames/zone_wide_corridor-s242-grasp_long_beam@ik_r10_h16_m42,r1--tick1--pan1#.jpg,unknown SIM timing: every 10th numeric-sorted frame + first/last (mandatory endpoints may exceed 10% for n<20),,1,1,r1--tick1--pan1500.jpg,r1--tick1--pan1500.jpg
2026-09-26-zone-own-perception-v3/dev-scan/frames/zone_wide_corridor-s242-grasp_long_beam@ik_r10_h16_m42,r1--tick2--pan1#.jpg,unknown SIM timing: every 10th numeric-sorted frame + first/last (mandatory endpoints may exceed 10% for n<20),,1,1,r1--tick2--pan1500.jpg,r1--tick2--pan1500.jpg
2026-09-26-zone-own-perception-v3/dev-scan/frames/zone_wide_corridor-s242-grasp_long_beam@wrist_m44,r1--tick0--pan1#.jpg,unknown SIM timing: every 10th numeric-sorted frame + first/last (mandatory endpoints may exceed 10% for n<20),,1,1,r1--tick0--pan1500.jpg,r1--tick0--pan1500.jpg
2026-09-26-zone-own-perception-v3/dev-scan/frames/zone_wide_corridor-s242-grasp_long_beam@wrist_m44,r1--tick1--pan1#.jpg,unknown SIM timing: every 10th numeric-sorted frame + first/last (mandatory endpoints may exceed 10% for n<20),,1,1,r1--tick1--pan1500.jpg,r1--tick1--pan1500.jpg
2026-09-26-zone-own-perception-v3/dev-scan/frames/zone_wide_corridor-s242-grasp_long_beam@wrist_m44,r1--tick2--pan1#.jpg,unknown SIM timing: every 10th numeric-sorted frame + first/last (mandatory endpoints may exceed 10% for n<20),,1,1,r1--tick2--pan1500.jpg,r1--tick2--pan1500.jpg
2026-09-26-zone-own-perception-v3/dev-scan/frames/zone_wide_corridor-s242-grasp_long_beam@wrist_m50,r1--tick0--pan1#.jpg,unknown SIM timing: every 10th numeric-sorted frame + first/last (mandatory endpoints may exceed 10% for n<20),,1,1,r1--tick0--pan1500.jpg,r1--tick0--pan1500.jpg
2026-09-26-zone-own-perception-v3/dev-scan/frames/zone_wide_corridor-s242-grasp_long_beam@wrist_m50,r1--tick1--pan1#.jpg,unknown SIM timing: every 10th numeric-sorted frame + first/last (mandatory endpoints may exceed 10% for n<20),,1,1,r1--tick1--pan1500.jpg,r1--tick1--pan1500.jpg
2026-09-26-zone-own-perception-v3/dev-scan/frames/zone_wide_corridor-s242-grasp_long_beam@wrist_m50,r1--tick2--pan1#.jpg,unknown SIM timing: every 10th numeric-sorted frame + first/last (mandatory endpoints may exceed 10% for n<20),,1,1,r1--tick2--pan1500.jpg,r1--tick2--pan1500.jpg
2026-09-26-zone-own-perception-v3/dev-scan/frames/zone_wide_corridor-s242-grasp_tri_frame@approach_look_v2,r1--tick0--pan1#.jpg,unknown SIM timing: every 10th numeric-sorted frame + first/last (mandatory endpoints may exceed 10% for n<20),,1,1,r1--tick0--pan1500.jpg,r1--tick0--pan1500.jpg
2026-09-26-zone-own-perception-v3/dev-scan/frames/zone_wide_corridor-s242-grasp_tri_frame@approach_look_v2,r1--tick1--pan1#.jpg,unknown SIM timing: every 10th numeric-sorted frame + first/last (mandatory endpoints may exceed 10% for n<20),,1,1,r1--tick1--pan1500.jpg,r1--tick1--pan1500.jpg
2026-09-26-zone-own-perception-v3/dev-scan/frames/zone_wide_corridor-s242-grasp_tri_frame@approach_look_v2,r1--tick2--pan1#.jpg,unknown SIM timing: every 10th numeric-sorted frame + first/last (mandatory endpoints may exceed 10% for n<20),,1,1,r1--tick2--pan1500.jpg,r1--tick2--pan1500.jpg
2026-09-26-zone-own-perception-v3/dev-scan/frames/zone_wide_corridor-s242-grasp_tri_frame@ik_r10_h16_m39,r1--tick0--pan1#.jpg,unknown SIM timing: every 10th numeric-sorted frame + first/last (mandatory endpoints may exceed 10% for n<20),,1,1,r1--tick0--pan1500.jpg,r1--tick0--pan1500.jpg
2026-09-26-zone-own-perception-v3/dev-scan/frames/zone_wide_corridor-s242-grasp_tri_frame@ik_r10_h16_m39,r1--tick1--pan1#.jpg,unknown SIM timing: every 10th numeric-sorted frame + first/last (mandatory endpoints may exceed 10% for n<20),,1,1,r1--tick1--pan1500.jpg,r1--tick1--pan1500.jpg
2026-09-26-zone-own-perception-v3/dev-scan/frames/zone_wide_corridor-s242-grasp_tri_frame@ik_r10_h16_m39,r1--tick2--pan1#.jpg,unknown SIM timing: every 10th numeric-sorted frame + first/last (mandatory endpoints may exceed 10% for n<20),,1,1,r1--tick2--pan1500.jpg,r1--tick2--pan1500.jpg
2026-09-26-zone-own-perception-v3/dev-scan/frames/zone_wide_corridor-s242-grasp_tri_frame@ik_r10_h16_m42,r1--tick0--pan1#.jpg,unknown SIM timing: every 10th numeric-sorted frame + first/last (mandatory endpoints may exceed 10% for n<20),,1,1,r1--tick0--pan1500.jpg,r1--tick0--pan1500.jpg
2026-09-26-zone-own-perception-v3/dev-scan/frames/zone_wide_corridor-s242-grasp_tri_frame@ik_r10_h16_m42,r1--tick1--pan1#.jpg,unknown SIM timing: every 10th numeric-sorted frame + first/last (mandatory endpoints may exceed 10% for n<20),,1,1,r1--tick1--pan1500.jpg,r1--tick1--pan1500.jpg
2026-09-26-zone-own-perception-v3/dev-scan/frames/zone_wide_corridor-s242-grasp_tri_frame@ik_r10_h16_m42,r1--tick2--pan1#.jpg,unknown SIM timing: every 10th numeric-sorted frame + first/last (mandatory endpoints may exceed 10% for n<20),,1,1,r1--tick2--pan1500.jpg,r1--tick2--pan1500.jpg
2026-09-26-zone-own-perception-v3/dev-scan/frames/zone_wide_corridor-s242-grasp_tri_frame@wrist_m44,r1--tick0--pan1#.jpg,unknown SIM timing: every 10th numeric-sorted frame + first/last (mandatory endpoints may exceed 10% for n<20),,1,1,r1--tick0--pan1500.jpg,r1--tick0--pan1500.jpg
2026-09-26-zone-own-perception-v3/dev-scan/frames/zone_wide_corridor-s242-grasp_tri_frame@wrist_m44,r1--tick1--pan1#.jpg,unknown SIM timing: every 10th numeric-sorted frame + first/last (mandatory endpoints may exceed 10% for n<20),,1,1,r1--tick1--pan1500.jpg,r1--tick1--pan1500.jpg
2026-09-26-zone-own-perception-v3/dev-scan/frames/zone_wide_corridor-s242-grasp_tri_frame@wrist_m44,r1--tick2--pan1#.jpg,unknown SIM timing: every 10th numeric-sorted frame + first/last (mandatory endpoints may exceed 10% for n<20),,1,1,r1--tick2--pan1500.jpg,r1--tick2--pan1500.jpg
2026-09-26-zone-own-perception-v3/dev-scan/frames/zone_wide_corridor-s242-grasp_tri_frame@wrist_m50,r1--tick0--pan1#.jpg,unknown SIM timing: every 10th numeric-sorted frame + first/last (mandatory endpoints may exceed 10% for n<20),,1,1,r1--tick0--pan1500.jpg,r1--tick0--pan1500.jpg
2026-09-26-zone-own-perception-v3/dev-scan/frames/zone_wide_corridor-s242-grasp_tri_frame@wrist_m50,r1--tick1--pan1#.jpg,unknown SIM timing: every 10th numeric-sorted frame + first/last (mandatory endpoints may exceed 10% for n<20),,1,1,r1--tick1--pan1500.jpg,r1--tick1--pan1500.jpg
2026-09-26-zone-own-perception-v3/dev-scan/frames/zone_wide_corridor-s242-grasp_tri_frame@wrist_m50,r1--tick2--pan1#.jpg,unknown SIM timing: every 10th numeric-sorted frame + first/last (mandatory endpoints may exceed 10% for n<20),,1,1,r1--tick2--pan1500.jpg,r1--tick2--pan1500.jpg
2026-09-26-zone-own-perception-v3/dev-scan/frames/zone_wide_corridor-s242-grasp_wrong_kind@approach_look_v2,r1--tick0--pan1#.jpg,unknown SIM timing: every 10th numeric-sorted frame + first/last (mandatory endpoints may exceed 10% for n<20),,1,1,r1--tick0--pan1500.jpg,r1--tick0--pan1500.jpg
2026-09-26-zone-own-perception-v3/dev-scan/frames/zone_wide_corridor-s242-grasp_wrong_kind@approach_look_v2,r1--tick1--pan1#.jpg,unknown SIM timing: every 10th numeric-sorted frame + first/last (mandatory endpoints may exceed 10% for n<20),,1,1,r1--tick1--pan1500.jpg,r1--tick1--pan1500.jpg
2026-09-26-zone-own-perception-v3/dev-scan/frames/zone_wide_corridor-s242-grasp_wrong_kind@approach_look_v2,r1--tick2--pan1#.jpg,unknown SIM timing: every 10th numeric-sorted frame + first/last (mandatory endpoints may exceed 10% for n<20),,1,1,r1--tick2--pan1500.jpg,r1--tick2--pan1500.jpg
2026-09-26-zone-own-perception-v3/dev-scan/frames/zone_wide_corridor-s242-grasp_wrong_kind@ik_r10_h16_m39,r1--tick0--pan1#.jpg,unknown SIM timing: every 10th numeric-sorted frame + first/last (mandatory endpoints may exceed 10% for n<20),,1,1,r1--tick0--pan1500.jpg,r1--tick0--pan1500.jpg
2026-09-26-zone-own-perception-v3/dev-scan/frames/zone_wide_corridor-s242-grasp_wrong_kind@ik_r10_h16_m39,r1--tick1--pan1#.jpg,unknown SIM timing: every 10th numeric-sorted frame + first/last (mandatory endpoints may exceed 10% for n<20),,1,1,r1--tick1--pan1500.jpg,r1--tick1--pan1500.jpg
2026-09-26-zone-own-perception-v3/dev-scan/frames/zone_wide_corridor-s242-grasp_wrong_kind@ik_r10_h16_m39,r1--tick2--pan1#.jpg,unknown SIM timing: every 10th numeric-sorted frame + first/last (mandatory endpoints may exceed 10% for n<20),,1,1,r1--tick2--pan1500.jpg,r1--tick2--pan1500.jpg
2026-09-26-zone-own-perception-v3/dev-scan/frames/zone_wide_corridor-s242-grasp_wrong_kind@ik_r10_h16_m42,r1--tick0--pan1#.jpg,unknown SIM timing: every 10th numeric-sorted frame + first/last (mandatory endpoints may exceed 10% for n<20),,1,1,r1--tick0--pan1500.jpg,r1--tick0--pan1500.jpg
2026-09-26-zone-own-perception-v3/dev-scan/frames/zone_wide_corridor-s242-grasp_wrong_kind@ik_r10_h16_m42,r1--tick1--pan1#.jpg,unknown SIM timing: every 10th numeric-sorted frame + first/last (mandatory endpoints may exceed 10% for n<20),,1,1,r1--tick1--pan1500.jpg,r1--tick1--pan1500.jpg
2026-09-26-zone-own-perception-v3/dev-scan/frames/zone_wide_corridor-s242-grasp_wrong_kind@ik_r10_h16_m42,r1--tick2--pan1#.jpg,unknown SIM timing: every 10th numeric-sorted frame + first/last (mandatory endpoints may exceed 10% for n<20),,1,1,r1--tick2--pan1500.jpg,r1--tick2--pan1500.jpg
2026-09-26-zone-own-perception-v3/dev-scan/frames/zone_wide_corridor-s242-grasp_wrong_kind@wrist_m44,r1--tick0--pan1#.jpg,unknown SIM timing: every 10th numeric-sorted frame + first/last (mandatory endpoints may exceed 10% for n<20),,1,1,r1--tick0--pan1500.jpg,r1--tick0--pan1500.jpg
2026-09-26-zone-own-perception-v3/dev-scan/frames/zone_wide_corridor-s242-grasp_wrong_kind@wrist_m44,r1--tick1--pan1#.jpg,unknown SIM timing: every 10th numeric-sorted frame + first/last (mandatory endpoints may exceed 10% for n<20),,1,1,r1--tick1--pan1500.jpg,r1--tick1--pan1500.jpg
2026-09-26-zone-own-perception-v3/dev-scan/frames/zone_wide_corridor-s242-grasp_wrong_kind@wrist_m44,r1--tick2--pan1#.jpg,unknown SIM timing: every 10th numeric-sorted frame + first/last (mandatory endpoints may exceed 10% for n<20),,1,1,r1--tick2--pan1500.jpg,r1--tick2--pan1500.jpg
2026-09-26-zone-own-perception-v3/dev-scan/frames/zone_wide_corridor-s242-grasp_wrong_kind@wrist_m50,r1--tick0--pan1#.jpg,unknown SIM timing: every 10th numeric-sorted frame + first/last (mandatory endpoints may exceed 10% for n<20),,1,1,r1--tick0--pan1500.jpg,r1--tick0--pan1500.jpg
2026-09-26-zone-own-perception-v3/dev-scan/frames/zone_wide_corridor-s242-grasp_wrong_kind@wrist_m50,r1--tick1--pan1#.jpg,unknown SIM timing: every 10th numeric-sorted frame + first/last (mandatory endpoints may exceed 10% for n<20),,1,1,r1--tick1--pan1500.jpg,r1--tick1--pan1500.jpg
2026-09-26-zone-own-perception-v3/dev-scan/frames/zone_wide_corridor-s242-grasp_wrong_kind@wrist_m50,r1--tick2--pan1#.jpg,unknown SIM timing: every 10th numeric-sorted frame + first/last (mandatory endpoints may exceed 10% for n<20),,1,1,r1--tick2--pan1500.jpg,r1--tick2--pan1500.jpg
2026-09-26-zone-own-perception-v3/dev-scan/frames/zone_wide_corridor-s242-held_box_carry,r1--tick0--pan1#.jpg,unknown SIM timing: every 10th numeric-sorted frame + first/last (mandatory endpoints may exceed 10% for n<20),,1,1,r1--tick0--pan1500.jpg,r1--tick0--pan1500.jpg
2026-09-26-zone-own-perception-v3/dev-scan/frames/zone_wide_corridor-s242-held_box_carry,r1--tick1--pan1#.jpg,unknown SIM timing: every 10th numeric-sorted frame + first/last (mandatory endpoints may exceed 10% for n<20),,1,1,r1--tick1--pan1500.jpg,r1--tick1--pan1500.jpg
2026-09-26-zone-own-perception-v3/dev-scan/frames/zone_wide_corridor-s242-held_box_carry,r1--tick2--pan1#.jpg,unknown SIM timing: every 10th numeric-sorted frame + first/last (mandatory endpoints may exceed 10% for n<20),,1,1,r1--tick2--pan1500.jpg,r1--tick2--pan1500.jpg
2026-09-26-zone-own-perception-v3/dev-scan/frames/zone_wide_corridor-s242-held_box_held_check,r1--tick0--pan1#.jpg,unknown SIM timing: every 10th numeric-sorted frame + first/last (mandatory endpoints may exceed 10% for n<20),,1,1,r1--tick0--pan1500.jpg,r1--tick0--pan1500.jpg
2026-09-26-zone-own-perception-v3/dev-scan/frames/zone_wide_corridor-s242-held_box_held_check,r1--tick1--pan1#.jpg,unknown SIM timing: every 10th numeric-sorted frame + first/last (mandatory endpoints may exceed 10% for n<20),,1,1,r1--tick1--pan1500.jpg,r1--tick1--pan1500.jpg
2026-09-26-zone-own-perception-v3/dev-scan/frames/zone_wide_corridor-s242-held_box_held_check,r1--tick2--pan1#.jpg,unknown SIM timing: every 10th numeric-sorted frame + first/last (mandatory endpoints may exceed 10% for n<20),,1,1,r1--tick2--pan1500.jpg,r1--tick2--pan1500.jpg
2026-09-26-zone-own-perception-v3/dev-scan/frames/zone_wide_corridor-s242-held_can,r1--tick0--pan1#.jpg,unknown SIM timing: every 10th numeric-sorted frame + first/last (mandatory endpoints may exceed 10% for n<20),,1,1,r1--tick0--pan1500.jpg,r1--tick0--pan1500.jpg
2026-09-26-zone-own-perception-v3/dev-scan/frames/zone_wide_corridor-s242-held_can,r1--tick1--pan1#.jpg,unknown SIM timing: every 10th numeric-sorted frame + first/last (mandatory endpoints may exceed 10% for n<20),,1,1,r1--tick1--pan1500.jpg,r1--tick1--pan1500.jpg
2026-09-26-zone-own-perception-v3/dev-scan/frames/zone_wide_corridor-s242-held_can,r1--tick2--pan1#.jpg,unknown SIM timing: every 10th numeric-sorted frame + first/last (mandatory endpoints may exceed 10% for n<20),,1,1,r1--tick2--pan1500.jpg,r1--tick2--pan1500.jpg
2026-09-26-zone-own-perception-v3/dev-scan/frames/zone_wide_corridor-s242-held_can_absent,r1--tick0--pan1#.jpg,unknown SIM timing: every 10th numeric-sorted frame + first/last (mandatory endpoints may exceed 10% for n<20),,1,1,r1--tick0--pan1500.jpg,r1--tick0--pan1500.jpg
2026-09-26-zone-own-perception-v3/dev-scan/frames/zone_wide_corridor-s242-held_can_absent,r1--tick1--pan1#.jpg,unknown SIM timing: every 10th numeric-sorted frame + first/last (mandatory endpoints may exceed 10% for n<20),,1,1,r1--tick1--pan1500.jpg,r1--tick1--pan1500.jpg
2026-09-26-zone-own-perception-v3/dev-scan/frames/zone_wide_corridor-s242-held_can_absent,r1--tick2--pan1#.jpg,unknown SIM timing: every 10th numeric-sorted frame + first/last (mandatory endpoints may exceed 10% for n<20),,1,1,r1--tick2--pan1500.jpg,r1--tick2--pan1500.jpg
2026-09-26-zone-own-perception-v3/dev-scan/frames/zone_wide_corridor-s242-held_can_carry,r1--tick0--pan1#.jpg,unknown SIM timing: every 10th numeric-sorted frame + first/last (mandatory endpoints may exceed 10% for n<20),,1,1,r1--tick0--pan1500.jpg,r1--tick0--pan1500.jpg
2026-09-26-zone-own-perception-v3/dev-scan/frames/zone_wide_corridor-s242-held_can_carry,r1--tick1--pan1#.jpg,unknown SIM timing: every 10th numeric-sorted frame + first/last (mandatory endpoints may exceed 10% for n<20),,1,1,r1--tick1--pan1500.jpg,r1--tick1--pan1500.jpg
2026-09-26-zone-own-perception-v3/dev-scan/frames/zone_wide_corridor-s242-held_can_carry,r1--tick2--pan1#.jpg,unknown SIM timing: every 10th numeric-sorted frame + first/last (mandatory endpoints may exceed 10% for n<20),,1,1,r1--tick2--pan1500.jpg,r1--tick2--pan1500.jpg
2026-09-26-zone-own-perception-v3/dev-scan/frames/zone_wide_corridor-s242-held_can_wrong_kind,r1--tick0--pan1#.jpg,unknown SIM timing: every 10th numeric-sorted frame + first/last (mandatory endpoints may exceed 10% for n<20),,1,1,r1--tick0--pan1500.jpg,r1--tick0--pan1500.jpg
2026-09-26-zone-own-perception-v3/dev-scan/frames/zone_wide_corridor-s242-held_can_wrong_kind,r1--tick1--pan1#.jpg,unknown SIM timing: every 10th numeric-sorted frame + first/last (mandatory endpoints may exceed 10% for n<20),,1,1,r1--tick1--pan1500.jpg,r1--tick1--pan1500.jpg
2026-09-26-zone-own-perception-v3/dev-scan/frames/zone_wide_corridor-s242-held_can_wrong_kind,r1--tick2--pan1#.jpg,unknown SIM timing: every 10th numeric-sorted frame + first/last (mandatory endpoints may exceed 10% for n<20),,1,1,r1--tick2--pan1500.jpg,r1--tick2--pan1500.jpg
2026-09-26-zone-own-perception-v3/dev-scan/frames/zone_wide_corridor-s242-held_nothing_carry,r1--tick0--pan1#.jpg,unknown SIM timing: every 10th numeric-sorted frame + first/last (mandatory endpoints may exceed 10% for n<20),,1,1,r1--tick0--pan1500.jpg,r1--tick0--pan1500.jpg
2026-09-26-zone-own-perception-v3/dev-scan/frames/zone_wide_corridor-s242-held_nothing_carry,r1--tick1--pan1#.jpg,unknown SIM timing: every 10th numeric-sorted frame + first/last (mandatory endpoints may exceed 10% for n<20),,1,1,r1--tick1--pan1500.jpg,r1--tick1--pan1500.jpg
2026-09-26-zone-own-perception-v3/dev-scan/frames/zone_wide_corridor-s242-held_nothing_carry,r1--tick2--pan1#.jpg,unknown SIM timing: every 10th numeric-sorted frame + first/last (mandatory endpoints may exceed 10% for n<20),,1,1,r1--tick2--pan1500.jpg,r1--tick2--pan1500.jpg
2026-09-26-zone-own-perception-v3/dev-scan/frames/zone_wide_corridor-s242-held_tile_carry,r1--tick0--pan1#.jpg,unknown SIM timing: every 10th numeric-sorted frame + first/last (mandatory endpoints may exceed 10% for n<20),,1,1,r1--tick0--pan1500.jpg,r1--tick0--pan1500.jpg
2026-09-26-zone-own-perception-v3/dev-scan/frames/zone_wide_corridor-s242-held_tile_carry,r1--tick1--pan1#.jpg,unknown SIM timing: every 10th numeric-sorted frame + first/last (mandatory endpoints may exceed 10% for n<20),,1,1,r1--tick1--pan1500.jpg,r1--tick1--pan1500.jpg
2026-09-26-zone-own-perception-v3/dev-scan/frames/zone_wide_corridor-s242-held_tile_carry,r1--tick2--pan1#.jpg,unknown SIM timing: every 10th numeric-sorted frame + first/last (mandatory endpoints may exceed 10% for n<20),,1,1,r1--tick2--pan1500.jpg,r1--tick2--pan1500.jpg
2026-09-26-zone-own-perception-v3/dev-scan/frames/zone_wide_corridor-s242-held_tile_expect_box_carry,r1--tick0--pan1#.jpg,unknown SIM timing: every 10th numeric-sorted frame + first/last (mandatory endpoints may exceed 10% for n<20),,1,1,r1--tick0--pan1500.jpg,r1--tick0--pan1500.jpg
2026-09-26-zone-own-perception-v3/dev-scan/frames/zone_wide_corridor-s242-held_tile_expect_box_carry,r1--tick1--pan1#.jpg,unknown SIM timing: every 10th numeric-sorted frame + first/last (mandatory endpoints may exceed 10% for n<20),,1,1,r1--tick1--pan1500.jpg,r1--tick1--pan1500.jpg
2026-09-26-zone-own-perception-v3/dev-scan/frames/zone_wide_corridor-s242-held_tile_expect_box_carry,r1--tick2--pan1#.jpg,unknown SIM timing: every 10th numeric-sorted frame + first/last (mandatory endpoints may exceed 10% for n<20),,1,1,r1--tick2--pan1500.jpg,r1--tick2--pan1500.jpg
2026-09-26-zone-own-perception-v3/dev-scan/frames/zone_wide_corridor-s242-wrong_end_long_beam@approach_look_v2,r1--tick0--pan1#.jpg,unknown SIM timing: every 10th numeric-sorted frame + first/last (mandatory endpoints may exceed 10% for n<20),,1,1,r1--tick0--pan1500.jpg,r1--tick0--pan1500.jpg
2026-09-26-zone-own-perception-v3/dev-scan/frames/zone_wide_corridor-s242-wrong_end_long_beam@approach_look_v2,r1--tick1--pan1#.jpg,unknown SIM timing: every 10th numeric-sorted frame + first/last (mandatory endpoints may exceed 10% for n<20),,1,1,r1--tick1--pan1500.jpg,r1--tick1--pan1500.jpg
2026-09-26-zone-own-perception-v3/dev-scan/frames/zone_wide_corridor-s242-wrong_end_long_beam@approach_look_v2,r1--tick2--pan1#.jpg,unknown SIM timing: every 10th numeric-sorted frame + first/last (mandatory endpoints may exceed 10% for n<20),,1,1,r1--tick2--pan1500.jpg,r1--tick2--pan1500.jpg
2026-09-26-zone-own-perception-v3/dev-scan/frames/zone_wide_corridor-s242-wrong_end_long_beam@ik_r10_h16_m39,r1--tick0--pan1#.jpg,unknown SIM timing: every 10th numeric-sorted frame + first/last (mandatory endpoints may exceed 10% for n<20),,1,1,r1--tick0--pan1500.jpg,r1--tick0--pan1500.jpg
2026-09-26-zone-own-perception-v3/dev-scan/frames/zone_wide_corridor-s242-wrong_end_long_beam@ik_r10_h16_m39,r1--tick1--pan1#.jpg,unknown SIM timing: every 10th numeric-sorted frame + first/last (mandatory endpoints may exceed 10% for n<20),,1,1,r1--tick1--pan1500.jpg,r1--tick1--pan1500.jpg
2026-09-26-zone-own-perception-v3/dev-scan/frames/zone_wide_corridor-s242-wrong_end_long_beam@ik_r10_h16_m39,r1--tick2--pan1#.jpg,unknown SIM timing: every 10th numeric-sorted frame + first/last (mandatory endpoints may exceed 10% for n<20),,1,1,r1--tick2--pan1500.jpg,r1--tick2--pan1500.jpg
2026-09-26-zone-own-perception-v3/dev-scan/frames/zone_wide_corridor-s242-wrong_end_long_beam@ik_r10_h16_m42,r1--tick0--pan1#.jpg,unknown SIM timing: every 10th numeric-sorted frame + first/last (mandatory endpoints may exceed 10% for n<20),,1,1,r1--tick0--pan1500.jpg,r1--tick0--pan1500.jpg
2026-09-26-zone-own-perception-v3/dev-scan/frames/zone_wide_corridor-s242-wrong_end_long_beam@ik_r10_h16_m42,r1--tick1--pan1#.jpg,unknown SIM timing: every 10th numeric-sorted frame + first/last (mandatory endpoints may exceed 10% for n<20),,1,1,r1--tick1--pan1500.jpg,r1--tick1--pan1500.jpg
2026-09-26-zone-own-perception-v3/dev-scan/frames/zone_wide_corridor-s242-wrong_end_long_beam@ik_r10_h16_m42,r1--tick2--pan1#.jpg,unknown SIM timing: every 10th numeric-sorted frame + first/last (mandatory endpoints may exceed 10% for n<20),,1,1,r1--tick2--pan1500.jpg,r1--tick2--pan1500.jpg
2026-09-26-zone-own-perception-v3/dev-scan/frames/zone_wide_corridor-s242-wrong_end_long_beam@wrist_m44,r1--tick0--pan1#.jpg,unknown SIM timing: every 10th numeric-sorted frame + first/last (mandatory endpoints may exceed 10% for n<20),,1,1,r1--tick0--pan1500.jpg,r1--tick0--pan1500.jpg
2026-09-26-zone-own-perception-v3/dev-scan/frames/zone_wide_corridor-s242-wrong_end_long_beam@wrist_m44,r1--tick1--pan1#.jpg,unknown SIM timing: every 10th numeric-sorted frame + first/last (mandatory endpoints may exceed 10% for n<20),,1,1,r1--tick1--pan1500.jpg,r1--tick1--pan1500.jpg
2026-09-26-zone-own-perception-v3/dev-scan/frames/zone_wide_corridor-s242-wrong_end_long_beam@wrist_m44,r1--tick2--pan1#.jpg,unknown SIM timing: every 10th numeric-sorted frame + first/last (mandatory endpoints may exceed 10% for n<20),,1,1,r1--tick2--pan1500.jpg,r1--tick2--pan1500.jpg
2026-09-26-zone-own-perception-v3/dev-scan/frames/zone_wide_corridor-s242-wrong_end_long_beam@wrist_m50,r1--tick0--pan1#.jpg,unknown SIM timing: every 10th numeric-sorted frame + first/last (mandatory endpoints may exceed 10% for n<20),,1,1,r1--tick0--pan1500.jpg,r1--tick0--pan1500.jpg
2026-09-26-zone-own-perception-v3/dev-scan/frames/zone_wide_corridor-s242-wrong_end_long_beam@wrist_m50,r1--tick1--pan1#.jpg,unknown SIM timing: every 10th numeric-sorted frame + first/last (mandatory endpoints may exceed 10% for n<20),,1,1,r1--tick1--pan1500.jpg,r1--tick1--pan1500.jpg
2026-09-26-zone-own-perception-v3/dev-scan/frames/zone_wide_corridor-s242-wrong_end_long_beam@wrist_m50,r1--tick2--pan1#.jpg,unknown SIM timing: every 10th numeric-sorted frame + first/last (mandatory endpoints may exceed 10% for n<20),,1,1,r1--tick2--pan1500.jpg,r1--tick2--pan1500.jpg
2026-09-26-zone-own-perception-v3/dev-scan/frames/zone_wide_door-s241-carry_beam_expect_crate,r1--tick0--pan1#.jpg,unknown SIM timing: every 10th numeric-sorted frame + first/last (mandatory endpoints may exceed 10% for n<20),,1,1,r1--tick0--pan1500.jpg,r1--tick0--pan1500.jpg
2026-09-26-zone-own-perception-v3/dev-scan/frames/zone_wide_door-s241-carry_beam_expect_crate,r1--tick1--pan1#.jpg,unknown SIM timing: every 10th numeric-sorted frame + first/last (mandatory endpoints may exceed 10% for n<20),,1,1,r1--tick1--pan1500.jpg,r1--tick1--pan1500.jpg
2026-09-26-zone-own-perception-v3/dev-scan/frames/zone_wide_door-s241-carry_beam_expect_crate,r1--tick2--pan1#.jpg,unknown SIM timing: every 10th numeric-sorted frame + first/last (mandatory endpoints may exceed 10% for n<20),,1,1,r1--tick2--pan1500.jpg,r1--tick2--pan1500.jpg
2026-09-26-zone-own-perception-v3/dev-scan/frames/zone_wide_door-s241-carry_crate_expect_beam,r1--tick0--pan1#.jpg,unknown SIM timing: every 10th numeric-sorted frame + first/last (mandatory endpoints may exceed 10% for n<20),,1,1,r1--tick0--pan1500.jpg,r1--tick0--pan1500.jpg
2026-09-26-zone-own-perception-v3/dev-scan/frames/zone_wide_door-s241-carry_crate_expect_beam,r1--tick1--pan1#.jpg,unknown SIM timing: every 10th numeric-sorted frame + first/last (mandatory endpoints may exceed 10% for n<20),,1,1,r1--tick1--pan1500.jpg,r1--tick1--pan1500.jpg
2026-09-26-zone-own-perception-v3/dev-scan/frames/zone_wide_door-s241-carry_crate_expect_beam,r1--tick2--pan1#.jpg,unknown SIM timing: every 10th numeric-sorted frame + first/last (mandatory endpoints may exceed 10% for n<20),,1,1,r1--tick2--pan1500.jpg,r1--tick2--pan1500.jpg
2026-09-26-zone-own-perception-v3/dev-scan/frames/zone_wide_door-s241-carry_heavy_crate,r1--tick0--pan1#.jpg,unknown SIM timing: every 10th numeric-sorted frame + first/last (mandatory endpoints may exceed 10% for n<20),,1,1,r1--tick0--pan1500.jpg,r1--tick0--pan1500.jpg
2026-09-26-zone-own-perception-v3/dev-scan/frames/zone_wide_door-s241-carry_heavy_crate,r1--tick1--pan1#.jpg,unknown SIM timing: every 10th numeric-sorted frame + first/last (mandatory endpoints may exceed 10% for n<20),,1,1,r1--tick1--pan1500.jpg,r1--tick1--pan1500.jpg
2026-09-26-zone-own-perception-v3/dev-scan/frames/zone_wide_door-s241-carry_heavy_crate,r1--tick2--pan1#.jpg,unknown SIM timing: every 10th numeric-sorted frame + first/last (mandatory endpoints may exceed 10% for n<20),,1,1,r1--tick2--pan1500.jpg,r1--tick2--pan1500.jpg
2026-09-26-zone-own-perception-v3/dev-scan/frames/zone_wide_door-s241-carry_heavy_crate_centroid_hold,r1--tick0--pan1#.jpg,unknown SIM timing: every 10th numeric-sorted frame + first/last (mandatory endpoints may exceed 10% for n<20),,1,1,r1--tick0--pan1500.jpg,r1--tick0--pan1500.jpg
2026-09-26-zone-own-perception-v3/dev-scan/frames/zone_wide_door-s241-carry_heavy_crate_centroid_hold,r1--tick1--pan1#.jpg,unknown SIM timing: every 10th numeric-sorted frame + first/last (mandatory endpoints may exceed 10% for n<20),,1,1,r1--tick1--pan1500.jpg,r1--tick1--pan1500.jpg
2026-09-26-zone-own-perception-v3/dev-scan/frames/zone_wide_door-s241-carry_heavy_crate_centroid_hold,r1--tick2--pan1#.jpg,unknown SIM timing: every 10th numeric-sorted frame + first/last (mandatory endpoints may exceed 10% for n<20),,1,1,r1--tick2--pan1500.jpg,r1--tick2--pan1500.jpg
2026-09-26-zone-own-perception-v3/dev-scan/frames/zone_wide_door-s241-carry_long_beam,r1--tick0--pan1#.jpg,unknown SIM timing: every 10th numeric-sorted frame + first/last (mandatory endpoints may exceed 10% for n<20),,1,1,r1--tick0--pan1500.jpg,r1--tick0--pan1500.jpg
2026-09-26-zone-own-perception-v3/dev-scan/frames/zone_wide_door-s241-carry_long_beam,r1--tick1--pan1#.jpg,unknown SIM timing: every 10th numeric-sorted frame + first/last (mandatory endpoints may exceed 10% for n<20),,1,1,r1--tick1--pan1500.jpg,r1--tick1--pan1500.jpg
2026-09-26-zone-own-perception-v3/dev-scan/frames/zone_wide_door-s241-carry_long_beam,r1--tick2--pan1#.jpg,unknown SIM timing: every 10th numeric-sorted frame + first/last (mandatory endpoints may exceed 10% for n<20),,1,1,r1--tick2--pan1500.jpg,r1--tick2--pan1500.jpg
2026-09-26-zone-own-perception-v3/dev-scan/frames/zone_wide_door-s241-carry_nothing_expect_crate,r1--tick0--pan1#.jpg,unknown SIM timing: every 10th numeric-sorted frame + first/last (mandatory endpoints may exceed 10% for n<20),,1,1,r1--tick0--pan1500.jpg,r1--tick0--pan1500.jpg
2026-09-26-zone-own-perception-v3/dev-scan/frames/zone_wide_door-s241-carry_nothing_expect_crate,r1--tick1--pan1#.jpg,unknown SIM timing: every 10th numeric-sorted frame + first/last (mandatory endpoints may exceed 10% for n<20),,1,1,r1--tick1--pan1500.jpg,r1--tick1--pan1500.jpg
2026-09-26-zone-own-perception-v3/dev-scan/frames/zone_wide_door-s241-carry_nothing_expect_crate,r1--tick2--pan1#.jpg,unknown SIM timing: every 10th numeric-sorted frame + first/last (mandatory endpoints may exceed 10% for n<20),,1,1,r1--tick2--pan1500.jpg,r1--tick2--pan1500.jpg
2026-09-26-zone-own-perception-v3/dev-scan/frames/zone_wide_door-s241-carry_tri_frame,r1--tick0--pan1#.jpg,unknown SIM timing: every 10th numeric-sorted frame + first/last (mandatory endpoints may exceed 10% for n<20),,1,1,r1--tick0--pan1500.jpg,r1--tick0--pan1500.jpg
2026-09-26-zone-own-perception-v3/dev-scan/frames/zone_wide_door-s241-carry_tri_frame,r1--tick1--pan1#.jpg,unknown SIM timing: every 10th numeric-sorted frame + first/last (mandatory endpoints may exceed 10% for n<20),,1,1,r1--tick1--pan1500.jpg,r1--tick1--pan1500.jpg
2026-09-26-zone-own-perception-v3/dev-scan/frames/zone_wide_door-s241-carry_tri_frame,r1--tick2--pan1#.jpg,unknown SIM timing: every 10th numeric-sorted frame + first/last (mandatory endpoints may exceed 10% for n<20),,1,1,r1--tick2--pan1500.jpg,r1--tick2--pan1500.jpg
2026-09-26-zone-own-perception-v3/dev-scan/frames/zone_wide_door-s241-grasp_heavy_crate@approach_look_v2,r1--tick0--pan1#.jpg,unknown SIM timing: every 10th numeric-sorted frame + first/last (mandatory endpoints may exceed 10% for n<20),,1,1,r1--tick0--pan1500.jpg,r1--tick0--pan1500.jpg
2026-09-26-zone-own-perception-v3/dev-scan/frames/zone_wide_door-s241-grasp_heavy_crate@approach_look_v2,r1--tick1--pan1#.jpg,unknown SIM timing: every 10th numeric-sorted frame + first/last (mandatory endpoints may exceed 10% for n<20),,1,1,r1--tick1--pan1500.jpg,r1--tick1--pan1500.jpg
2026-09-26-zone-own-perception-v3/dev-scan/frames/zone_wide_door-s241-grasp_heavy_crate@approach_look_v2,r1--tick2--pan1#.jpg,unknown SIM timing: every 10th numeric-sorted frame + first/last (mandatory endpoints may exceed 10% for n<20),,1,1,r1--tick2--pan1500.jpg,r1--tick2--pan1500.jpg
2026-09-26-zone-own-perception-v3/dev-scan/frames/zone_wide_door-s241-grasp_heavy_crate@ik_r10_h16_m39,r1--tick0--pan1#.jpg,unknown SIM timing: every 10th numeric-sorted frame + first/last (mandatory endpoints may exceed 10% for n<20),,1,1,r1--tick0--pan1500.jpg,r1--tick0--pan1500.jpg
2026-09-26-zone-own-perception-v3/dev-scan/frames/zone_wide_door-s241-grasp_heavy_crate@ik_r10_h16_m39,r1--tick1--pan1#.jpg,unknown SIM timing: every 10th numeric-sorted frame + first/last (mandatory endpoints may exceed 10% for n<20),,1,1,r1--tick1--pan1500.jpg,r1--tick1--pan1500.jpg
2026-09-26-zone-own-perception-v3/dev-scan/frames/zone_wide_door-s241-grasp_heavy_crate@ik_r10_h16_m39,r1--tick2--pan1#.jpg,unknown SIM timing: every 10th numeric-sorted frame + first/last (mandatory endpoints may exceed 10% for n<20),,1,1,r1--tick2--pan1500.jpg,r1--tick2--pan1500.jpg
2026-09-26-zone-own-perception-v3/dev-scan/frames/zone_wide_door-s241-grasp_heavy_crate@ik_r10_h16_m42,r1--tick0--pan1#.jpg,unknown SIM timing: every 10th numeric-sorted frame + first/last (mandatory endpoints may exceed 10% for n<20),,1,1,r1--tick0--pan1500.jpg,r1--tick0--pan1500.jpg
2026-09-26-zone-own-perception-v3/dev-scan/frames/zone_wide_door-s241-grasp_heavy_crate@ik_r10_h16_m42,r1--tick1--pan1#.jpg,unknown SIM timing: every 10th numeric-sorted frame + first/last (mandatory endpoints may exceed 10% for n<20),,1,1,r1--tick1--pan1500.jpg,r1--tick1--pan1500.jpg
2026-09-26-zone-own-perception-v3/dev-scan/frames/zone_wide_door-s241-grasp_heavy_crate@ik_r10_h16_m42,r1--tick2--pan1#.jpg,unknown SIM timing: every 10th numeric-sorted frame + first/last (mandatory endpoints may exceed 10% for n<20),,1,1,r1--tick2--pan1500.jpg,r1--tick2--pan1500.jpg
2026-09-26-zone-own-perception-v3/dev-scan/frames/zone_wide_door-s241-grasp_heavy_crate@wrist_m44,r1--tick0--pan1#.jpg,unknown SIM timing: every 10th numeric-sorted frame + first/last (mandatory endpoints may exceed 10% for n<20),,1,1,r1--tick0--pan1500.jpg,r1--tick0--pan1500.jpg
2026-09-26-zone-own-perception-v3/dev-scan/frames/zone_wide_door-s241-grasp_heavy_crate@wrist_m44,r1--tick1--pan1#.jpg,unknown SIM timing: every 10th numeric-sorted frame + first/last (mandatory endpoints may exceed 10% for n<20),,1,1,r1--tick1--pan1500.jpg,r1--tick1--pan1500.jpg
2026-09-26-zone-own-perception-v3/dev-scan/frames/zone_wide_door-s241-grasp_heavy_crate@wrist_m44,r1--tick2--pan1#.jpg,unknown SIM timing: every 10th numeric-sorted frame + first/last (mandatory endpoints may exceed 10% for n<20),,1,1,r1--tick2--pan1500.jpg,r1--tick2--pan1500.jpg
2026-09-26-zone-own-perception-v3/dev-scan/frames/zone_wide_door-s241-grasp_heavy_crate@wrist_m50,r1--tick0--pan1#.jpg,unknown SIM timing: every 10th numeric-sorted frame + first/last (mandatory endpoints may exceed 10% for n<20),,1,1,r1--tick0--pan1500.jpg,r1--tick0--pan1500.jpg
2026-09-26-zone-own-perception-v3/dev-scan/frames/zone_wide_door-s241-grasp_heavy_crate@wrist_m50,r1--tick1--pan1#.jpg,unknown SIM timing: every 10th numeric-sorted frame + first/last (mandatory endpoints may exceed 10% for n<20),,1,1,r1--tick1--pan1500.jpg,r1--tick1--pan1500.jpg
2026-09-26-zone-own-perception-v3/dev-scan/frames/zone_wide_door-s241-grasp_heavy_crate@wrist_m50,r1--tick2--pan1#.jpg,unknown SIM timing: every 10th numeric-sorted frame + first/last (mandatory endpoints may exceed 10% for n<20),,1,1,r1--tick2--pan1500.jpg,r1--tick2--pan1500.jpg
2026-09-26-zone-own-perception-v3/dev-scan/frames/zone_wide_door-s241-grasp_long_beam@approach_look_v2,r1--tick0--pan1#.jpg,unknown SIM timing: every 10th numeric-sorted frame + first/last (mandatory endpoints may exceed 10% for n<20),,1,1,r1--tick0--pan1500.jpg,r1--tick0--pan1500.jpg
2026-09-26-zone-own-perception-v3/dev-scan/frames/zone_wide_door-s241-grasp_long_beam@approach_look_v2,r1--tick1--pan1#.jpg,unknown SIM timing: every 10th numeric-sorted frame + first/last (mandatory endpoints may exceed 10% for n<20),,1,1,r1--tick1--pan1500.jpg,r1--tick1--pan1500.jpg
2026-09-26-zone-own-perception-v3/dev-scan/frames/zone_wide_door-s241-grasp_long_beam@approach_look_v2,r1--tick2--pan1#.jpg,unknown SIM timing: every 10th numeric-sorted frame + first/last (mandatory endpoints may exceed 10% for n<20),,1,1,r1--tick2--pan1500.jpg,r1--tick2--pan1500.jpg
2026-09-26-zone-own-perception-v3/dev-scan/frames/zone_wide_door-s241-grasp_long_beam@ik_r10_h16_m39,r1--tick0--pan1#.jpg,unknown SIM timing: every 10th numeric-sorted frame + first/last (mandatory endpoints may exceed 10% for n<20),,1,1,r1--tick0--pan1500.jpg,r1--tick0--pan1500.jpg
2026-09-26-zone-own-perception-v3/dev-scan/frames/zone_wide_door-s241-grasp_long_beam@ik_r10_h16_m39,r1--tick1--pan1#.jpg,unknown SIM timing: every 10th numeric-sorted frame + first/last (mandatory endpoints may exceed 10% for n<20),,1,1,r1--tick1--pan1500.jpg,r1--tick1--pan1500.jpg
2026-09-26-zone-own-perception-v3/dev-scan/frames/zone_wide_door-s241-grasp_long_beam@ik_r10_h16_m39,r1--tick2--pan1#.jpg,unknown SIM timing: every 10th numeric-sorted frame + first/last (mandatory endpoints may exceed 10% for n<20),,1,1,r1--tick2--pan1500.jpg,r1--tick2--pan1500.jpg
2026-09-26-zone-own-perception-v3/dev-scan/frames/zone_wide_door-s241-grasp_long_beam@ik_r10_h16_m42,r1--tick0--pan1#.jpg,unknown SIM timing: every 10th numeric-sorted frame + first/last (mandatory endpoints may exceed 10% for n<20),,1,1,r1--tick0--pan1500.jpg,r1--tick0--pan1500.jpg
2026-09-26-zone-own-perception-v3/dev-scan/frames/zone_wide_door-s241-grasp_long_beam@ik_r10_h16_m42,r1--tick1--pan1#.jpg,unknown SIM timing: every 10th numeric-sorted frame + first/last (mandatory endpoints may exceed 10% for n<20),,1,1,r1--tick1--pan1500.jpg,r1--tick1--pan1500.jpg
2026-09-26-zone-own-perception-v3/dev-scan/frames/zone_wide_door-s241-grasp_long_beam@ik_r10_h16_m42,r1--tick2--pan1#.jpg,unknown SIM timing: every 10th numeric-sorted frame + first/last (mandatory endpoints may exceed 10% for n<20),,1,1,r1--tick2--pan1500.jpg,r1--tick2--pan1500.jpg
2026-09-26-zone-own-perception-v3/dev-scan/frames/zone_wide_door-s241-grasp_long_beam@wrist_m44,r1--tick0--pan1#.jpg,unknown SIM timing: every 10th numeric-sorted frame + first/last (mandatory endpoints may exceed 10% for n<20),,1,1,r1--tick0--pan1500.jpg,r1--tick0--pan1500.jpg
2026-09-26-zone-own-perception-v3/dev-scan/frames/zone_wide_door-s241-grasp_long_beam@wrist_m44,r1--tick1--pan1#.jpg,unknown SIM timing: every 10th numeric-sorted frame + first/last (mandatory endpoints may exceed 10% for n<20),,1,1,r1--tick1--pan1500.jpg,r1--tick1--pan1500.jpg
2026-09-26-zone-own-perception-v3/dev-scan/frames/zone_wide_door-s241-grasp_long_beam@wrist_m44,r1--tick2--pan1#.jpg,unknown SIM timing: every 10th numeric-sorted frame + first/last (mandatory endpoints may exceed 10% for n<20),,1,1,r1--tick2--pan1500.jpg,r1--tick2--pan1500.jpg
2026-09-26-zone-own-perception-v3/dev-scan/frames/zone_wide_door-s241-grasp_long_beam@wrist_m50,r1--tick0--pan1#.jpg,unknown SIM timing: every 10th numeric-sorted frame + first/last (mandatory endpoints may exceed 10% for n<20),,1,1,r1--tick0--pan1500.jpg,r1--tick0--pan1500.jpg
2026-09-26-zone-own-perception-v3/dev-scan/frames/zone_wide_door-s241-grasp_long_beam@wrist_m50,r1--tick1--pan1#.jpg,unknown SIM timing: every 10th numeric-sorted frame + first/last (mandatory endpoints may exceed 10% for n<20),,1,1,r1--tick1--pan1500.jpg,r1--tick1--pan1500.jpg
2026-09-26-zone-own-perception-v3/dev-scan/frames/zone_wide_door-s241-grasp_long_beam@wrist_m50,r1--tick2--pan1#.jpg,unknown SIM timing: every 10th numeric-sorted frame + first/last (mandatory endpoints may exceed 10% for n<20),,1,1,r1--tick2--pan1500.jpg,r1--tick2--pan1500.jpg
2026-09-26-zone-own-perception-v3/dev-scan/frames/zone_wide_door-s241-grasp_tri_frame@approach_look_v2,r1--tick0--pan1#.jpg,unknown SIM timing: every 10th numeric-sorted frame + first/last (mandatory endpoints may exceed 10% for n<20),,1,1,r1--tick0--pan1500.jpg,r1--tick0--pan1500.jpg
2026-09-26-zone-own-perception-v3/dev-scan/frames/zone_wide_door-s241-grasp_tri_frame@approach_look_v2,r1--tick1--pan1#.jpg,unknown SIM timing: every 10th numeric-sorted frame + first/last (mandatory endpoints may exceed 10% for n<20),,1,1,r1--tick1--pan1500.jpg,r1--tick1--pan1500.jpg
2026-09-26-zone-own-perception-v3/dev-scan/frames/zone_wide_door-s241-grasp_tri_frame@approach_look_v2,r1--tick2--pan1#.jpg,unknown SIM timing: every 10th numeric-sorted frame + first/last (mandatory endpoints may exceed 10% for n<20),,1,1,r1--tick2--pan1500.jpg,r1--tick2--pan1500.jpg
2026-09-26-zone-own-perception-v3/dev-scan/frames/zone_wide_door-s241-grasp_tri_frame@ik_r10_h16_m39,r1--tick0--pan1#.jpg,unknown SIM timing: every 10th numeric-sorted frame + first/last (mandatory endpoints may exceed 10% for n<20),,1,1,r1--tick0--pan1500.jpg,r1--tick0--pan1500.jpg
2026-09-26-zone-own-perception-v3/dev-scan/frames/zone_wide_door-s241-grasp_tri_frame@ik_r10_h16_m39,r1--tick1--pan1#.jpg,unknown SIM timing: every 10th numeric-sorted frame + first/last (mandatory endpoints may exceed 10% for n<20),,1,1,r1--tick1--pan1500.jpg,r1--tick1--pan1500.jpg
2026-09-26-zone-own-perception-v3/dev-scan/frames/zone_wide_door-s241-grasp_tri_frame@ik_r10_h16_m39,r1--tick2--pan1#.jpg,unknown SIM timing: every 10th numeric-sorted frame + first/last (mandatory endpoints may exceed 10% for n<20),,1,1,r1--tick2--pan1500.jpg,r1--tick2--pan1500.jpg
2026-09-26-zone-own-perception-v3/dev-scan/frames/zone_wide_door-s241-grasp_tri_frame@ik_r10_h16_m42,r1--tick0--pan1#.jpg,unknown SIM timing: every 10th numeric-sorted frame + first/last (mandatory endpoints may exceed 10% for n<20),,1,1,r1--tick0--pan1500.jpg,r1--tick0--pan1500.jpg
2026-09-26-zone-own-perception-v3/dev-scan/frames/zone_wide_door-s241-grasp_tri_frame@ik_r10_h16_m42,r1--tick1--pan1#.jpg,unknown SIM timing: every 10th numeric-sorted frame + first/last (mandatory endpoints may exceed 10% for n<20),,1,1,r1--tick1--pan1500.jpg,r1--tick1--pan1500.jpg
2026-09-26-zone-own-perception-v3/dev-scan/frames/zone_wide_door-s241-grasp_tri_frame@ik_r10_h16_m42,r1--tick2--pan1#.jpg,unknown SIM timing: every 10th numeric-sorted frame + first/last (mandatory endpoints may exceed 10% for n<20),,1,1,r1--tick2--pan1500.jpg,r1--tick2--pan1500.jpg
2026-09-26-zone-own-perception-v3/dev-scan/frames/zone_wide_door-s241-grasp_tri_frame@wrist_m44,r1--tick0--pan1#.jpg,unknown SIM timing: every 10th numeric-sorted frame + first/last (mandatory endpoints may exceed 10% for n<20),,1,1,r1--tick0--pan1500.jpg,r1--tick0--pan1500.jpg
2026-09-26-zone-own-perception-v3/dev-scan/frames/zone_wide_door-s241-grasp_tri_frame@wrist_m44,r1--tick1--pan1#.jpg,unknown SIM timing: every 10th numeric-sorted frame + first/last (mandatory endpoints may exceed 10% for n<20),,1,1,r1--tick1--pan1500.jpg,r1--tick1--pan1500.jpg
2026-09-26-zone-own-perception-v3/dev-scan/frames/zone_wide_door-s241-grasp_tri_frame@wrist_m44,r1--tick2--pan1#.jpg,unknown SIM timing: every 10th numeric-sorted frame + first/last (mandatory endpoints may exceed 10% for n<20),,1,1,r1--tick2--pan1500.jpg,r1--tick2--pan1500.jpg
2026-09-26-zone-own-perception-v3/dev-scan/frames/zone_wide_door-s241-grasp_tri_frame@wrist_m50,r1--tick0--pan1#.jpg,unknown SIM timing: every 10th numeric-sorted frame + first/last (mandatory endpoints may exceed 10% for n<20),,1,1,r1--tick0--pan1500.jpg,r1--tick0--pan1500.jpg
2026-09-26-zone-own-perception-v3/dev-scan/frames/zone_wide_door-s241-grasp_tri_frame@wrist_m50,r1--tick1--pan1#.jpg,unknown SIM timing: every 10th numeric-sorted frame + first/last (mandatory endpoints may exceed 10% for n<20),,1,1,r1--tick1--pan1500.jpg,r1--tick1--pan1500.jpg
2026-09-26-zone-own-perception-v3/dev-scan/frames/zone_wide_door-s241-grasp_tri_frame@wrist_m50,r1--tick2--pan1#.jpg,unknown SIM timing: every 10th numeric-sorted frame + first/last (mandatory endpoints may exceed 10% for n<20),,1,1,r1--tick2--pan1500.jpg,r1--tick2--pan1500.jpg
2026-09-26-zone-own-perception-v3/dev-scan/frames/zone_wide_door-s241-grasp_wrong_kind@approach_look_v2,r1--tick0--pan1#.jpg,unknown SIM timing: every 10th numeric-sorted frame + first/last (mandatory endpoints may exceed 10% for n<20),,1,1,r1--tick0--pan1500.jpg,r1--tick0--pan1500.jpg
2026-09-26-zone-own-perception-v3/dev-scan/frames/zone_wide_door-s241-grasp_wrong_kind@approach_look_v2,r1--tick1--pan1#.jpg,unknown SIM timing: every 10th numeric-sorted frame + first/last (mandatory endpoints may exceed 10% for n<20),,1,1,r1--tick1--pan1500.jpg,r1--tick1--pan1500.jpg
2026-09-26-zone-own-perception-v3/dev-scan/frames/zone_wide_door-s241-grasp_wrong_kind@approach_look_v2,r1--tick2--pan1#.jpg,unknown SIM timing: every 10th numeric-sorted frame + first/last (mandatory endpoints may exceed 10% for n<20),,1,1,r1--tick2--pan1500.jpg,r1--tick2--pan1500.jpg
2026-09-26-zone-own-perception-v3/dev-scan/frames/zone_wide_door-s241-grasp_wrong_kind@ik_r10_h16_m39,r1--tick0--pan1#.jpg,unknown SIM timing: every 10th numeric-sorted frame + first/last (mandatory endpoints may exceed 10% for n<20),,1,1,r1--tick0--pan1500.jpg,r1--tick0--pan1500.jpg
2026-09-26-zone-own-perception-v3/dev-scan/frames/zone_wide_door-s241-grasp_wrong_kind@ik_r10_h16_m39,r1--tick1--pan1#.jpg,unknown SIM timing: every 10th numeric-sorted frame + first/last (mandatory endpoints may exceed 10% for n<20),,1,1,r1--tick1--pan1500.jpg,r1--tick1--pan1500.jpg
2026-09-26-zone-own-perception-v3/dev-scan/frames/zone_wide_door-s241-grasp_wrong_kind@ik_r10_h16_m39,r1--tick2--pan1#.jpg,unknown SIM timing: every 10th numeric-sorted frame + first/last (mandatory endpoints may exceed 10% for n<20),,1,1,r1--tick2--pan1500.jpg,r1--tick2--pan1500.jpg
2026-09-26-zone-own-perception-v3/dev-scan/frames/zone_wide_door-s241-grasp_wrong_kind@ik_r10_h16_m42,r1--tick0--pan1#.jpg,unknown SIM timing: every 10th numeric-sorted frame + first/last (mandatory endpoints may exceed 10% for n<20),,1,1,r1--tick0--pan1500.jpg,r1--tick0--pan1500.jpg
2026-09-26-zone-own-perception-v3/dev-scan/frames/zone_wide_door-s241-grasp_wrong_kind@ik_r10_h16_m42,r1--tick1--pan1#.jpg,unknown SIM timing: every 10th numeric-sorted frame + first/last (mandatory endpoints may exceed 10% for n<20),,1,1,r1--tick1--pan1500.jpg,r1--tick1--pan1500.jpg
2026-09-26-zone-own-perception-v3/dev-scan/frames/zone_wide_door-s241-grasp_wrong_kind@ik_r10_h16_m42,r1--tick2--pan1#.jpg,unknown SIM timing: every 10th numeric-sorted frame + first/last (mandatory endpoints may exceed 10% for n<20),,1,1,r1--tick2--pan1500.jpg,r1--tick2--pan1500.jpg
2026-09-26-zone-own-perception-v3/dev-scan/frames/zone_wide_door-s241-grasp_wrong_kind@wrist_m44,r1--tick0--pan1#.jpg,unknown SIM timing: every 10th numeric-sorted frame + first/last (mandatory endpoints may exceed 10% for n<20),,1,1,r1--tick0--pan1500.jpg,r1--tick0--pan1500.jpg
2026-09-26-zone-own-perception-v3/dev-scan/frames/zone_wide_door-s241-grasp_wrong_kind@wrist_m44,r1--tick1--pan1#.jpg,unknown SIM timing: every 10th numeric-sorted frame + first/last (mandatory endpoints may exceed 10% for n<20),,1,1,r1--tick1--pan1500.jpg,r1--tick1--pan1500.jpg
2026-09-26-zone-own-perception-v3/dev-scan/frames/zone_wide_door-s241-grasp_wrong_kind@wrist_m44,r1--tick2--pan1#.jpg,unknown SIM timing: every 10th numeric-sorted frame + first/last (mandatory endpoints may exceed 10% for n<20),,1,1,r1--tick2--pan1500.jpg,r1--tick2--pan1500.jpg
2026-09-26-zone-own-perception-v3/dev-scan/frames/zone_wide_door-s241-grasp_wrong_kind@wrist_m50,r1--tick0--pan1#.jpg,unknown SIM timing: every 10th numeric-sorted frame + first/last (mandatory endpoints may exceed 10% for n<20),,1,1,r1--tick0--pan1500.jpg,r1--tick0--pan1500.jpg
2026-09-26-zone-own-perception-v3/dev-scan/frames/zone_wide_door-s241-grasp_wrong_kind@wrist_m50,r1--tick1--pan1#.jpg,unknown SIM timing: every 10th numeric-sorted frame + first/last (mandatory endpoints may exceed 10% for n<20),,1,1,r1--tick1--pan1500.jpg,r1--tick1--pan1500.jpg
2026-09-26-zone-own-perception-v3/dev-scan/frames/zone_wide_door-s241-grasp_wrong_kind@wrist_m50,r1--tick2--pan1#.jpg,unknown SIM timing: every 10th numeric-sorted frame + first/last (mandatory endpoints may exceed 10% for n<20),,1,1,r1--tick2--pan1500.jpg,r1--tick2--pan1500.jpg
2026-09-26-zone-own-perception-v3/dev-scan/frames/zone_wide_door-s241-held_box_carry,r1--tick0--pan1#.jpg,unknown SIM timing: every 10th numeric-sorted frame + first/last (mandatory endpoints may exceed 10% for n<20),,1,1,r1--tick0--pan1500.jpg,r1--tick0--pan1500.jpg
2026-09-26-zone-own-perception-v3/dev-scan/frames/zone_wide_door-s241-held_box_carry,r1--tick1--pan1#.jpg,unknown SIM timing: every 10th numeric-sorted frame + first/last (mandatory endpoints may exceed 10% for n<20),,1,1,r1--tick1--pan1500.jpg,r1--tick1--pan1500.jpg
2026-09-26-zone-own-perception-v3/dev-scan/frames/zone_wide_door-s241-held_box_carry,r1--tick2--pan1#.jpg,unknown SIM timing: every 10th numeric-sorted frame + first/last (mandatory endpoints may exceed 10% for n<20),,1,1,r1--tick2--pan1500.jpg,r1--tick2--pan1500.jpg
2026-09-26-zone-own-perception-v3/dev-scan/frames/zone_wide_door-s241-held_box_held_check,r1--tick0--pan1#.jpg,unknown SIM timing: every 10th numeric-sorted frame + first/last (mandatory endpoints may exceed 10% for n<20),,1,1,r1--tick0--pan1500.jpg,r1--tick0--pan1500.jpg
2026-09-26-zone-own-perception-v3/dev-scan/frames/zone_wide_door-s241-held_box_held_check,r1--tick1--pan1#.jpg,unknown SIM timing: every 10th numeric-sorted frame + first/last (mandatory endpoints may exceed 10% for n<20),,1,1,r1--tick1--pan1500.jpg,r1--tick1--pan1500.jpg
2026-09-26-zone-own-perception-v3/dev-scan/frames/zone_wide_door-s241-held_box_held_check,r1--tick2--pan1#.jpg,unknown SIM timing: every 10th numeric-sorted frame + first/last (mandatory endpoints may exceed 10% for n<20),,1,1,r1--tick2--pan1500.jpg,r1--tick2--pan1500.jpg
2026-09-26-zone-own-perception-v3/dev-scan/frames/zone_wide_door-s241-held_can,r1--tick0--pan1#.jpg,unknown SIM timing: every 10th numeric-sorted frame + first/last (mandatory endpoints may exceed 10% for n<20),,1,1,r1--tick0--pan1500.jpg,r1--tick0--pan1500.jpg
2026-09-26-zone-own-perception-v3/dev-scan/frames/zone_wide_door-s241-held_can,r1--tick1--pan1#.jpg,unknown SIM timing: every 10th numeric-sorted frame + first/last (mandatory endpoints may exceed 10% for n<20),,1,1,r1--tick1--pan1500.jpg,r1--tick1--pan1500.jpg
2026-09-26-zone-own-perception-v3/dev-scan/frames/zone_wide_door-s241-held_can,r1--tick2--pan1#.jpg,unknown SIM timing: every 10th numeric-sorted frame + first/last (mandatory endpoints may exceed 10% for n<20),,1,1,r1--tick2--pan1500.jpg,r1--tick2--pan1500.jpg
2026-09-26-zone-own-perception-v3/dev-scan/frames/zone_wide_door-s241-held_can_absent,r1--tick0--pan1#.jpg,unknown SIM timing: every 10th numeric-sorted frame + first/last (mandatory endpoints may exceed 10% for n<20),,1,1,r1--tick0--pan1500.jpg,r1--tick0--pan1500.jpg
2026-09-26-zone-own-perception-v3/dev-scan/frames/zone_wide_door-s241-held_can_absent,r1--tick1--pan1#.jpg,unknown SIM timing: every 10th numeric-sorted frame + first/last (mandatory endpoints may exceed 10% for n<20),,1,1,r1--tick1--pan1500.jpg,r1--tick1--pan1500.jpg
2026-09-26-zone-own-perception-v3/dev-scan/frames/zone_wide_door-s241-held_can_absent,r1--tick2--pan1#.jpg,unknown SIM timing: every 10th numeric-sorted frame + first/last (mandatory endpoints may exceed 10% for n<20),,1,1,r1--tick2--pan1500.jpg,r1--tick2--pan1500.jpg
2026-09-26-zone-own-perception-v3/dev-scan/frames/zone_wide_door-s241-held_can_carry,r1--tick0--pan1#.jpg,unknown SIM timing: every 10th numeric-sorted frame + first/last (mandatory endpoints may exceed 10% for n<20),,1,1,r1--tick0--pan1500.jpg,r1--tick0--pan1500.jpg
2026-09-26-zone-own-perception-v3/dev-scan/frames/zone_wide_door-s241-held_can_carry,r1--tick1--pan1#.jpg,unknown SIM timing: every 10th numeric-sorted frame + first/last (mandatory endpoints may exceed 10% for n<20),,1,1,r1--tick1--pan1500.jpg,r1--tick1--pan1500.jpg
2026-09-26-zone-own-perception-v3/dev-scan/frames/zone_wide_door-s241-held_can_carry,r1--tick2--pan1#.jpg,unknown SIM timing: every 10th numeric-sorted frame + first/last (mandatory endpoints may exceed 10% for n<20),,1,1,r1--tick2--pan1500.jpg,r1--tick2--pan1500.jpg
2026-09-26-zone-own-perception-v3/dev-scan/frames/zone_wide_door-s241-held_can_wrong_kind,r1--tick0--pan1#.jpg,unknown SIM timing: every 10th numeric-sorted frame + first/last (mandatory endpoints may exceed 10% for n<20),,1,1,r1--tick0--pan1500.jpg,r1--tick0--pan1500.jpg
2026-09-26-zone-own-perception-v3/dev-scan/frames/zone_wide_door-s241-held_can_wrong_kind,r1--tick1--pan1#.jpg,unknown SIM timing: every 10th numeric-sorted frame + first/last (mandatory endpoints may exceed 10% for n<20),,1,1,r1--tick1--pan1500.jpg,r1--tick1--pan1500.jpg
2026-09-26-zone-own-perception-v3/dev-scan/frames/zone_wide_door-s241-held_can_wrong_kind,r1--tick2--pan1#.jpg,unknown SIM timing: every 10th numeric-sorted frame + first/last (mandatory endpoints may exceed 10% for n<20),,1,1,r1--tick2--pan1500.jpg,r1--tick2--pan1500.jpg
2026-09-26-zone-own-perception-v3/dev-scan/frames/zone_wide_door-s241-held_nothing_carry,r1--tick0--pan1#.jpg,unknown SIM timing: every 10th numeric-sorted frame + first/last (mandatory endpoints may exceed 10% for n<20),,1,1,r1--tick0--pan1500.jpg,r1--tick0--pan1500.jpg
2026-09-26-zone-own-perception-v3/dev-scan/frames/zone_wide_door-s241-held_nothing_carry,r1--tick1--pan1#.jpg,unknown SIM timing: every 10th numeric-sorted frame + first/last (mandatory endpoints may exceed 10% for n<20),,1,1,r1--tick1--pan1500.jpg,r1--tick1--pan1500.jpg
2026-09-26-zone-own-perception-v3/dev-scan/frames/zone_wide_door-s241-held_nothing_carry,r1--tick2--pan1#.jpg,unknown SIM timing: every 10th numeric-sorted frame + first/last (mandatory endpoints may exceed 10% for n<20),,1,1,r1--tick2--pan1500.jpg,r1--tick2--pan1500.jpg
2026-09-26-zone-own-perception-v3/dev-scan/frames/zone_wide_door-s241-held_tile_carry,r1--tick0--pan1#.jpg,unknown SIM timing: every 10th numeric-sorted frame + first/last (mandatory endpoints may exceed 10% for n<20),,1,1,r1--tick0--pan1500.jpg,r1--tick0--pan1500.jpg
2026-09-26-zone-own-perception-v3/dev-scan/frames/zone_wide_door-s241-held_tile_carry,r1--tick1--pan1#.jpg,unknown SIM timing: every 10th numeric-sorted frame + first/last (mandatory endpoints may exceed 10% for n<20),,1,1,r1--tick1--pan1500.jpg,r1--tick1--pan1500.jpg
2026-09-26-zone-own-perception-v3/dev-scan/frames/zone_wide_door-s241-held_tile_carry,r1--tick2--pan1#.jpg,unknown SIM timing: every 10th numeric-sorted frame + first/last (mandatory endpoints may exceed 10% for n<20),,1,1,r1--tick2--pan1500.jpg,r1--tick2--pan1500.jpg
2026-09-26-zone-own-perception-v3/dev-scan/frames/zone_wide_door-s241-held_tile_expect_box_carry,r1--tick0--pan1#.jpg,unknown SIM timing: every 10th numeric-sorted frame + first/last (mandatory endpoints may exceed 10% for n<20),,1,1,r1--tick0--pan1500.jpg,r1--tick0--pan1500.jpg
2026-09-26-zone-own-perception-v3/dev-scan/frames/zone_wide_door-s241-held_tile_expect_box_carry,r1--tick1--pan1#.jpg,unknown SIM timing: every 10th numeric-sorted frame + first/last (mandatory endpoints may exceed 10% for n<20),,1,1,r1--tick1--pan1500.jpg,r1--tick1--pan1500.jpg
2026-09-26-zone-own-perception-v3/dev-scan/frames/zone_wide_door-s241-held_tile_expect_box_carry,r1--tick2--pan1#.jpg,unknown SIM timing: every 10th numeric-sorted frame + first/last (mandatory endpoints may exceed 10% for n<20),,1,1,r1--tick2--pan1500.jpg,r1--tick2--pan1500.jpg
2026-09-26-zone-own-perception-v3/dev-scan/frames/zone_wide_door-s241-wrong_end_long_beam@approach_look_v2,r1--tick0--pan1#.jpg,unknown SIM timing: every 10th numeric-sorted frame + first/last (mandatory endpoints may exceed 10% for n<20),,1,1,r1--tick0--pan1500.jpg,r1--tick0--pan1500.jpg
2026-09-26-zone-own-perception-v3/dev-scan/frames/zone_wide_door-s241-wrong_end_long_beam@approach_look_v2,r1--tick1--pan1#.jpg,unknown SIM timing: every 10th numeric-sorted frame + first/last (mandatory endpoints may exceed 10% for n<20),,1,1,r1--tick1--pan1500.jpg,r1--tick1--pan1500.jpg
2026-09-26-zone-own-perception-v3/dev-scan/frames/zone_wide_door-s241-wrong_end_long_beam@approach_look_v2,r1--tick2--pan1#.jpg,unknown SIM timing: every 10th numeric-sorted frame + first/last (mandatory endpoints may exceed 10% for n<20),,1,1,r1--tick2--pan1500.jpg,r1--tick2--pan1500.jpg
2026-09-26-zone-own-perception-v3/dev-scan/frames/zone_wide_door-s241-wrong_end_long_beam@ik_r10_h16_m39,r1--tick0--pan1#.jpg,unknown SIM timing: every 10th numeric-sorted frame + first/last (mandatory endpoints may exceed 10% for n<20),,1,1,r1--tick0--pan1500.jpg,r1--tick0--pan1500.jpg
2026-09-26-zone-own-perception-v3/dev-scan/frames/zone_wide_door-s241-wrong_end_long_beam@ik_r10_h16_m39,r1--tick1--pan1#.jpg,unknown SIM timing: every 10th numeric-sorted frame + first/last (mandatory endpoints may exceed 10% for n<20),,1,1,r1--tick1--pan1500.jpg,r1--tick1--pan1500.jpg
2026-09-26-zone-own-perception-v3/dev-scan/frames/zone_wide_door-s241-wrong_end_long_beam@ik_r10_h16_m39,r1--tick2--pan1#.jpg,unknown SIM timing: every 10th numeric-sorted frame + first/last (mandatory endpoints may exceed 10% for n<20),,1,1,r1--tick2--pan1500.jpg,r1--tick2--pan1500.jpg
2026-09-26-zone-own-perception-v3/dev-scan/frames/zone_wide_door-s241-wrong_end_long_beam@ik_r10_h16_m42,r1--tick0--pan1#.jpg,unknown SIM timing: every 10th numeric-sorted frame + first/last (mandatory endpoints may exceed 10% for n<20),,1,1,r1--tick0--pan1500.jpg,r1--tick0--pan1500.jpg
2026-09-26-zone-own-perception-v3/dev-scan/frames/zone_wide_door-s241-wrong_end_long_beam@ik_r10_h16_m42,r1--tick1--pan1#.jpg,unknown SIM timing: every 10th numeric-sorted frame + first/last (mandatory endpoints may exceed 10% for n<20),,1,1,r1--tick1--pan1500.jpg,r1--tick1--pan1500.jpg
2026-09-26-zone-own-perception-v3/dev-scan/frames/zone_wide_door-s241-wrong_end_long_beam@ik_r10_h16_m42,r1--tick2--pan1#.jpg,unknown SIM timing: every 10th numeric-sorted frame + first/last (mandatory endpoints may exceed 10% for n<20),,1,1,r1--tick2--pan1500.jpg,r1--tick2--pan1500.jpg
2026-09-26-zone-own-perception-v3/dev-scan/frames/zone_wide_door-s241-wrong_end_long_beam@wrist_m44,r1--tick0--pan1#.jpg,unknown SIM timing: every 10th numeric-sorted frame + first/last (mandatory endpoints may exceed 10% for n<20),,1,1,r1--tick0--pan1500.jpg,r1--tick0--pan1500.jpg
2026-09-26-zone-own-perception-v3/dev-scan/frames/zone_wide_door-s241-wrong_end_long_beam@wrist_m44,r1--tick1--pan1#.jpg,unknown SIM timing: every 10th numeric-sorted frame + first/last (mandatory endpoints may exceed 10% for n<20),,1,1,r1--tick1--pan1500.jpg,r1--tick1--pan1500.jpg
2026-09-26-zone-own-perception-v3/dev-scan/frames/zone_wide_door-s241-wrong_end_long_beam@wrist_m44,r1--tick2--pan1#.jpg,unknown SIM timing: every 10th numeric-sorted frame + first/last (mandatory endpoints may exceed 10% for n<20),,1,1,r1--tick2--pan1500.jpg,r1--tick2--pan1500.jpg
2026-09-26-zone-own-perception-v3/dev-scan/frames/zone_wide_door-s241-wrong_end_long_beam@wrist_m50,r1--tick0--pan1#.jpg,unknown SIM timing: every 10th numeric-sorted frame + first/last (mandatory endpoints may exceed 10% for n<20),,1,1,r1--tick0--pan1500.jpg,r1--tick0--pan1500.jpg
2026-09-26-zone-own-perception-v3/dev-scan/frames/zone_wide_door-s241-wrong_end_long_beam@wrist_m50,r1--tick1--pan1#.jpg,unknown SIM timing: every 10th numeric-sorted frame + first/last (mandatory endpoints may exceed 10% for n<20),,1,1,r1--tick1--pan1500.jpg,r1--tick1--pan1500.jpg
2026-09-26-zone-own-perception-v3/dev-scan/frames/zone_wide_door-s241-wrong_end_long_beam@wrist_m50,r1--tick2--pan1#.jpg,unknown SIM timing: every 10th numeric-sorted frame + first/last (mandatory endpoints may exceed 10% for n<20),,1,1,r1--tick2--pan1500.jpg,r1--tick2--pan1500.jpg
2026-09-26-zone-own-perception-v3/dev-scan/frames/zone_wide_door-s244-carry_beam_expect_crate,r1--tick0--pan1#.jpg,unknown SIM timing: every 10th numeric-sorted frame + first/last (mandatory endpoints may exceed 10% for n<20),,1,1,r1--tick0--pan1500.jpg,r1--tick0--pan1500.jpg
2026-09-26-zone-own-perception-v3/dev-scan/frames/zone_wide_door-s244-carry_beam_expect_crate,r1--tick1--pan1#.jpg,unknown SIM timing: every 10th numeric-sorted frame + first/last (mandatory endpoints may exceed 10% for n<20),,1,1,r1--tick1--pan1500.jpg,r1--tick1--pan1500.jpg
2026-09-26-zone-own-perception-v3/dev-scan/frames/zone_wide_door-s244-carry_beam_expect_crate,r1--tick2--pan1#.jpg,unknown SIM timing: every 10th numeric-sorted frame + first/last (mandatory endpoints may exceed 10% for n<20),,1,1,r1--tick2--pan1500.jpg,r1--tick2--pan1500.jpg
2026-09-26-zone-own-perception-v3/dev-scan/frames/zone_wide_door-s244-carry_crate_expect_beam,r1--tick0--pan1#.jpg,unknown SIM timing: every 10th numeric-sorted frame + first/last (mandatory endpoints may exceed 10% for n<20),,1,1,r1--tick0--pan1500.jpg,r1--tick0--pan1500.jpg
2026-09-26-zone-own-perception-v3/dev-scan/frames/zone_wide_door-s244-carry_crate_expect_beam,r1--tick1--pan1#.jpg,unknown SIM timing: every 10th numeric-sorted frame + first/last (mandatory endpoints may exceed 10% for n<20),,1,1,r1--tick1--pan1500.jpg,r1--tick1--pan1500.jpg
2026-09-26-zone-own-perception-v3/dev-scan/frames/zone_wide_door-s244-carry_crate_expect_beam,r1--tick2--pan1#.jpg,unknown SIM timing: every 10th numeric-sorted frame + first/last (mandatory endpoints may exceed 10% for n<20),,1,1,r1--tick2--pan1500.jpg,r1--tick2--pan1500.jpg
2026-09-26-zone-own-perception-v3/dev-scan/frames/zone_wide_door-s244-carry_heavy_crate,r1--tick0--pan1#.jpg,unknown SIM timing: every 10th numeric-sorted frame + first/last (mandatory endpoints may exceed 10% for n<20),,1,1,r1--tick0--pan1500.jpg,r1--tick0--pan1500.jpg
2026-09-26-zone-own-perception-v3/dev-scan/frames/zone_wide_door-s244-carry_heavy_crate,r1--tick1--pan1#.jpg,unknown SIM timing: every 10th numeric-sorted frame + first/last (mandatory endpoints may exceed 10% for n<20),,1,1,r1--tick1--pan1500.jpg,r1--tick1--pan1500.jpg
2026-09-26-zone-own-perception-v3/dev-scan/frames/zone_wide_door-s244-carry_heavy_crate,r1--tick2--pan1#.jpg,unknown SIM timing: every 10th numeric-sorted frame + first/last (mandatory endpoints may exceed 10% for n<20),,1,1,r1--tick2--pan1500.jpg,r1--tick2--pan1500.jpg
2026-09-26-zone-own-perception-v3/dev-scan/frames/zone_wide_door-s244-carry_heavy_crate_centroid_hold,r1--tick0--pan1#.jpg,unknown SIM timing: every 10th numeric-sorted frame + first/last (mandatory endpoints may exceed 10% for n<20),,1,1,r1--tick0--pan1500.jpg,r1--tick0--pan1500.jpg
2026-09-26-zone-own-perception-v3/dev-scan/frames/zone_wide_door-s244-carry_heavy_crate_centroid_hold,r1--tick1--pan1#.jpg,unknown SIM timing: every 10th numeric-sorted frame + first/last (mandatory endpoints may exceed 10% for n<20),,1,1,r1--tick1--pan1500.jpg,r1--tick1--pan1500.jpg
2026-09-26-zone-own-perception-v3/dev-scan/frames/zone_wide_door-s244-carry_heavy_crate_centroid_hold,r1--tick2--pan1#.jpg,unknown SIM timing: every 10th numeric-sorted frame + first/last (mandatory endpoints may exceed 10% for n<20),,1,1,r1--tick2--pan1500.jpg,r1--tick2--pan1500.jpg
2026-09-26-zone-own-perception-v3/dev-scan/frames/zone_wide_door-s244-carry_long_beam,r1--tick0--pan1#.jpg,unknown SIM timing: every 10th numeric-sorted frame + first/last (mandatory endpoints may exceed 10% for n<20),,1,1,r1--tick0--pan1500.jpg,r1--tick0--pan1500.jpg
2026-09-26-zone-own-perception-v3/dev-scan/frames/zone_wide_door-s244-carry_long_beam,r1--tick1--pan1#.jpg,unknown SIM timing: every 10th numeric-sorted frame + first/last (mandatory endpoints may exceed 10% for n<20),,1,1,r1--tick1--pan1500.jpg,r1--tick1--pan1500.jpg
2026-09-26-zone-own-perception-v3/dev-scan/frames/zone_wide_door-s244-carry_long_beam,r1--tick2--pan1#.jpg,unknown SIM timing: every 10th numeric-sorted frame + first/last (mandatory endpoints may exceed 10% for n<20),,1,1,r1--tick2--pan1500.jpg,r1--tick2--pan1500.jpg
2026-09-26-zone-own-perception-v3/dev-scan/frames/zone_wide_door-s244-carry_nothing_expect_crate,r1--tick0--pan1#.jpg,unknown SIM timing: every 10th numeric-sorted frame + first/last (mandatory endpoints may exceed 10% for n<20),,1,1,r1--tick0--pan1500.jpg,r1--tick0--pan1500.jpg
2026-09-26-zone-own-perception-v3/dev-scan/frames/zone_wide_door-s244-carry_nothing_expect_crate,r1--tick1--pan1#.jpg,unknown SIM timing: every 10th numeric-sorted frame + first/last (mandatory endpoints may exceed 10% for n<20),,1,1,r1--tick1--pan1500.jpg,r1--tick1--pan1500.jpg
2026-09-26-zone-own-perception-v3/dev-scan/frames/zone_wide_door-s244-carry_nothing_expect_crate,r1--tick2--pan1#.jpg,unknown SIM timing: every 10th numeric-sorted frame + first/last (mandatory endpoints may exceed 10% for n<20),,1,1,r1--tick2--pan1500.jpg,r1--tick2--pan1500.jpg
2026-09-26-zone-own-perception-v3/dev-scan/frames/zone_wide_door-s244-carry_tri_frame,r1--tick0--pan1#.jpg,unknown SIM timing: every 10th numeric-sorted frame + first/last (mandatory endpoints may exceed 10% for n<20),,1,1,r1--tick0--pan1500.jpg,r1--tick0--pan1500.jpg
2026-09-26-zone-own-perception-v3/dev-scan/frames/zone_wide_door-s244-carry_tri_frame,r1--tick1--pan1#.jpg,unknown SIM timing: every 10th numeric-sorted frame + first/last (mandatory endpoints may exceed 10% for n<20),,1,1,r1--tick1--pan1500.jpg,r1--tick1--pan1500.jpg
2026-09-26-zone-own-perception-v3/dev-scan/frames/zone_wide_door-s244-carry_tri_frame,r1--tick2--pan1#.jpg,unknown SIM timing: every 10th numeric-sorted frame + first/last (mandatory endpoints may exceed 10% for n<20),,1,1,r1--tick2--pan1500.jpg,r1--tick2--pan1500.jpg
2026-09-26-zone-own-perception-v3/dev-scan/frames/zone_wide_door-s244-grasp_heavy_crate@approach_look_v2,r1--tick0--pan1#.jpg,unknown SIM timing: every 10th numeric-sorted frame + first/last (mandatory endpoints may exceed 10% for n<20),,1,1,r1--tick0--pan1500.jpg,r1--tick0--pan1500.jpg
2026-09-26-zone-own-perception-v3/dev-scan/frames/zone_wide_door-s244-grasp_heavy_crate@approach_look_v2,r1--tick1--pan1#.jpg,unknown SIM timing: every 10th numeric-sorted frame + first/last (mandatory endpoints may exceed 10% for n<20),,1,1,r1--tick1--pan1500.jpg,r1--tick1--pan1500.jpg
2026-09-26-zone-own-perception-v3/dev-scan/frames/zone_wide_door-s244-grasp_heavy_crate@approach_look_v2,r1--tick2--pan1#.jpg,unknown SIM timing: every 10th numeric-sorted frame + first/last (mandatory endpoints may exceed 10% for n<20),,1,1,r1--tick2--pan1500.jpg,r1--tick2--pan1500.jpg
2026-09-26-zone-own-perception-v3/dev-scan/frames/zone_wide_door-s244-grasp_heavy_crate@ik_r10_h16_m39,r1--tick0--pan1#.jpg,unknown SIM timing: every 10th numeric-sorted frame + first/last (mandatory endpoints may exceed 10% for n<20),,1,1,r1--tick0--pan1500.jpg,r1--tick0--pan1500.jpg
2026-09-26-zone-own-perception-v3/dev-scan/frames/zone_wide_door-s244-grasp_heavy_crate@ik_r10_h16_m39,r1--tick1--pan1#.jpg,unknown SIM timing: every 10th numeric-sorted frame + first/last (mandatory endpoints may exceed 10% for n<20),,1,1,r1--tick1--pan1500.jpg,r1--tick1--pan1500.jpg
2026-09-26-zone-own-perception-v3/dev-scan/frames/zone_wide_door-s244-grasp_heavy_crate@ik_r10_h16_m39,r1--tick2--pan1#.jpg,unknown SIM timing: every 10th numeric-sorted frame + first/last (mandatory endpoints may exceed 10% for n<20),,1,1,r1--tick2--pan1500.jpg,r1--tick2--pan1500.jpg
2026-09-26-zone-own-perception-v3/dev-scan/frames/zone_wide_door-s244-grasp_heavy_crate@ik_r10_h16_m42,r1--tick0--pan1#.jpg,unknown SIM timing: every 10th numeric-sorted frame + first/last (mandatory endpoints may exceed 10% for n<20),,1,1,r1--tick0--pan1500.jpg,r1--tick0--pan1500.jpg
2026-09-26-zone-own-perception-v3/dev-scan/frames/zone_wide_door-s244-grasp_heavy_crate@ik_r10_h16_m42,r1--tick1--pan1#.jpg,unknown SIM timing: every 10th numeric-sorted frame + first/last (mandatory endpoints may exceed 10% for n<20),,1,1,r1--tick1--pan1500.jpg,r1--tick1--pan1500.jpg
2026-09-26-zone-own-perception-v3/dev-scan/frames/zone_wide_door-s244-grasp_heavy_crate@ik_r10_h16_m42,r1--tick2--pan1#.jpg,unknown SIM timing: every 10th numeric-sorted frame + first/last (mandatory endpoints may exceed 10% for n<20),,1,1,r1--tick2--pan1500.jpg,r1--tick2--pan1500.jpg
2026-09-26-zone-own-perception-v3/dev-scan/frames/zone_wide_door-s244-grasp_heavy_crate@wrist_m44,r1--tick0--pan1#.jpg,unknown SIM timing: every 10th numeric-sorted frame + first/last (mandatory endpoints may exceed 10% for n<20),,1,1,r1--tick0--pan1500.jpg,r1--tick0--pan1500.jpg
2026-09-26-zone-own-perception-v3/dev-scan/frames/zone_wide_door-s244-grasp_heavy_crate@wrist_m44,r1--tick1--pan1#.jpg,unknown SIM timing: every 10th numeric-sorted frame + first/last (mandatory endpoints may exceed 10% for n<20),,1,1,r1--tick1--pan1500.jpg,r1--tick1--pan1500.jpg
2026-09-26-zone-own-perception-v3/dev-scan/frames/zone_wide_door-s244-grasp_heavy_crate@wrist_m44,r1--tick2--pan1#.jpg,unknown SIM timing: every 10th numeric-sorted frame + first/last (mandatory endpoints may exceed 10% for n<20),,1,1,r1--tick2--pan1500.jpg,r1--tick2--pan1500.jpg
2026-09-26-zone-own-perception-v3/dev-scan/frames/zone_wide_door-s244-grasp_heavy_crate@wrist_m50,r1--tick0--pan1#.jpg,unknown SIM timing: every 10th numeric-sorted frame + first/last (mandatory endpoints may exceed 10% for n<20),,1,1,r1--tick0--pan1500.jpg,r1--tick0--pan1500.jpg
2026-09-26-zone-own-perception-v3/dev-scan/frames/zone_wide_door-s244-grasp_heavy_crate@wrist_m50,r1--tick1--pan1#.jpg,unknown SIM timing: every 10th numeric-sorted frame + first/last (mandatory endpoints may exceed 10% for n<20),,1,1,r1--tick1--pan1500.jpg,r1--tick1--pan1500.jpg
2026-09-26-zone-own-perception-v3/dev-scan/frames/zone_wide_door-s244-grasp_heavy_crate@wrist_m50,r1--tick2--pan1#.jpg,unknown SIM timing: every 10th numeric-sorted frame + first/last (mandatory endpoints may exceed 10% for n<20),,1,1,r1--tick2--pan1500.jpg,r1--tick2--pan1500.jpg
2026-09-26-zone-own-perception-v3/dev-scan/frames/zone_wide_door-s244-grasp_long_beam@approach_look_v2,r1--tick0--pan1#.jpg,unknown SIM timing: every 10th numeric-sorted frame + first/last (mandatory endpoints may exceed 10% for n<20),,1,1,r1--tick0--pan1500.jpg,r1--tick0--pan1500.jpg
2026-09-26-zone-own-perception-v3/dev-scan/frames/zone_wide_door-s244-grasp_long_beam@approach_look_v2,r1--tick1--pan1#.jpg,unknown SIM timing: every 10th numeric-sorted frame + first/last (mandatory endpoints may exceed 10% for n<20),,1,1,r1--tick1--pan1500.jpg,r1--tick1--pan1500.jpg
2026-09-26-zone-own-perception-v3/dev-scan/frames/zone_wide_door-s244-grasp_long_beam@approach_look_v2,r1--tick2--pan1#.jpg,unknown SIM timing: every 10th numeric-sorted frame + first/last (mandatory endpoints may exceed 10% for n<20),,1,1,r1--tick2--pan1500.jpg,r1--tick2--pan1500.jpg
2026-09-26-zone-own-perception-v3/dev-scan/frames/zone_wide_door-s244-grasp_long_beam@ik_r10_h16_m39,r1--tick0--pan1#.jpg,unknown SIM timing: every 10th numeric-sorted frame + first/last (mandatory endpoints may exceed 10% for n<20),,1,1,r1--tick0--pan1500.jpg,r1--tick0--pan1500.jpg
2026-09-26-zone-own-perception-v3/dev-scan/frames/zone_wide_door-s244-grasp_long_beam@ik_r10_h16_m39,r1--tick1--pan1#.jpg,unknown SIM timing: every 10th numeric-sorted frame + first/last (mandatory endpoints may exceed 10% for n<20),,1,1,r1--tick1--pan1500.jpg,r1--tick1--pan1500.jpg
2026-09-26-zone-own-perception-v3/dev-scan/frames/zone_wide_door-s244-grasp_long_beam@ik_r10_h16_m39,r1--tick2--pan1#.jpg,unknown SIM timing: every 10th numeric-sorted frame + first/last (mandatory endpoints may exceed 10% for n<20),,1,1,r1--tick2--pan1500.jpg,r1--tick2--pan1500.jpg
2026-09-26-zone-own-perception-v3/dev-scan/frames/zone_wide_door-s244-grasp_long_beam@ik_r10_h16_m42,r1--tick0--pan1#.jpg,unknown SIM timing: every 10th numeric-sorted frame + first/last (mandatory endpoints may exceed 10% for n<20),,1,1,r1--tick0--pan1500.jpg,r1--tick0--pan1500.jpg
2026-09-26-zone-own-perception-v3/dev-scan/frames/zone_wide_door-s244-grasp_long_beam@ik_r10_h16_m42,r1--tick1--pan1#.jpg,unknown SIM timing: every 10th numeric-sorted frame + first/last (mandatory endpoints may exceed 10% for n<20),,1,1,r1--tick1--pan1500.jpg,r1--tick1--pan1500.jpg
2026-09-26-zone-own-perception-v3/dev-scan/frames/zone_wide_door-s244-grasp_long_beam@ik_r10_h16_m42,r1--tick2--pan1#.jpg,unknown SIM timing: every 10th numeric-sorted frame + first/last (mandatory endpoints may exceed 10% for n<20),,1,1,r1--tick2--pan1500.jpg,r1--tick2--pan1500.jpg
2026-09-26-zone-own-perception-v3/dev-scan/frames/zone_wide_door-s244-grasp_long_beam@wrist_m44,r1--tick0--pan1#.jpg,unknown SIM timing: every 10th numeric-sorted frame + first/last (mandatory endpoints may exceed 10% for n<20),,1,1,r1--tick0--pan1500.jpg,r1--tick0--pan1500.jpg
2026-09-26-zone-own-perception-v3/dev-scan/frames/zone_wide_door-s244-grasp_long_beam@wrist_m44,r1--tick1--pan1#.jpg,unknown SIM timing: every 10th numeric-sorted frame + first/last (mandatory endpoints may exceed 10% for n<20),,1,1,r1--tick1--pan1500.jpg,r1--tick1--pan1500.jpg
2026-09-26-zone-own-perception-v3/dev-scan/frames/zone_wide_door-s244-grasp_long_beam@wrist_m44,r1--tick2--pan1#.jpg,unknown SIM timing: every 10th numeric-sorted frame + first/last (mandatory endpoints may exceed 10% for n<20),,1,1,r1--tick2--pan1500.jpg,r1--tick2--pan1500.jpg
2026-09-26-zone-own-perception-v3/dev-scan/frames/zone_wide_door-s244-grasp_long_beam@wrist_m50,r1--tick0--pan1#.jpg,unknown SIM timing: every 10th numeric-sorted frame + first/last (mandatory endpoints may exceed 10% for n<20),,1,1,r1--tick0--pan1500.jpg,r1--tick0--pan1500.jpg
2026-09-26-zone-own-perception-v3/dev-scan/frames/zone_wide_door-s244-grasp_long_beam@wrist_m50,r1--tick1--pan1#.jpg,unknown SIM timing: every 10th numeric-sorted frame + first/last (mandatory endpoints may exceed 10% for n<20),,1,1,r1--tick1--pan1500.jpg,r1--tick1--pan1500.jpg
2026-09-26-zone-own-perception-v3/dev-scan/frames/zone_wide_door-s244-grasp_long_beam@wrist_m50,r1--tick2--pan1#.jpg,unknown SIM timing: every 10th numeric-sorted frame + first/last (mandatory endpoints may exceed 10% for n<20),,1,1,r1--tick2--pan1500.jpg,r1--tick2--pan1500.jpg
2026-09-26-zone-own-perception-v3/dev-scan/frames/zone_wide_door-s244-grasp_tri_frame@approach_look_v2,r1--tick0--pan1#.jpg,unknown SIM timing: every 10th numeric-sorted frame + first/last (mandatory endpoints may exceed 10% for n<20),,1,1,r1--tick0--pan1500.jpg,r1--tick0--pan1500.jpg
2026-09-26-zone-own-perception-v3/dev-scan/frames/zone_wide_door-s244-grasp_tri_frame@approach_look_v2,r1--tick1--pan1#.jpg,unknown SIM timing: every 10th numeric-sorted frame + first/last (mandatory endpoints may exceed 10% for n<20),,1,1,r1--tick1--pan1500.jpg,r1--tick1--pan1500.jpg
2026-09-26-zone-own-perception-v3/dev-scan/frames/zone_wide_door-s244-grasp_tri_frame@approach_look_v2,r1--tick2--pan1#.jpg,unknown SIM timing: every 10th numeric-sorted frame + first/last (mandatory endpoints may exceed 10% for n<20),,1,1,r1--tick2--pan1500.jpg,r1--tick2--pan1500.jpg
2026-09-26-zone-own-perception-v3/dev-scan/frames/zone_wide_door-s244-grasp_tri_frame@ik_r10_h16_m39,r1--tick0--pan1#.jpg,unknown SIM timing: every 10th numeric-sorted frame + first/last (mandatory endpoints may exceed 10% for n<20),,1,1,r1--tick0--pan1500.jpg,r1--tick0--pan1500.jpg
2026-09-26-zone-own-perception-v3/dev-scan/frames/zone_wide_door-s244-grasp_tri_frame@ik_r10_h16_m39,r1--tick1--pan1#.jpg,unknown SIM timing: every 10th numeric-sorted frame + first/last (mandatory endpoints may exceed 10% for n<20),,1,1,r1--tick1--pan1500.jpg,r1--tick1--pan1500.jpg
2026-09-26-zone-own-perception-v3/dev-scan/frames/zone_wide_door-s244-grasp_tri_frame@ik_r10_h16_m39,r1--tick2--pan1#.jpg,unknown SIM timing: every 10th numeric-sorted frame + first/last (mandatory endpoints may exceed 10% for n<20),,1,1,r1--tick2--pan1500.jpg,r1--tick2--pan1500.jpg
2026-09-26-zone-own-perception-v3/dev-scan/frames/zone_wide_door-s244-grasp_tri_frame@ik_r10_h16_m42,r1--tick0--pan1#.jpg,unknown SIM timing: every 10th numeric-sorted frame + first/last (mandatory endpoints may exceed 10% for n<20),,1,1,r1--tick0--pan1500.jpg,r1--tick0--pan1500.jpg
2026-09-26-zone-own-perception-v3/dev-scan/frames/zone_wide_door-s244-grasp_tri_frame@ik_r10_h16_m42,r1--tick1--pan1#.jpg,unknown SIM timing: every 10th numeric-sorted frame + first/last (mandatory endpoints may exceed 10% for n<20),,1,1,r1--tick1--pan1500.jpg,r1--tick1--pan1500.jpg
2026-09-26-zone-own-perception-v3/dev-scan/frames/zone_wide_door-s244-grasp_tri_frame@ik_r10_h16_m42,r1--tick2--pan1#.jpg,unknown SIM timing: every 10th numeric-sorted frame + first/last (mandatory endpoints may exceed 10% for n<20),,1,1,r1--tick2--pan1500.jpg,r1--tick2--pan1500.jpg
2026-09-26-zone-own-perception-v3/dev-scan/frames/zone_wide_door-s244-grasp_tri_frame@wrist_m44,r1--tick0--pan1#.jpg,unknown SIM timing: every 10th numeric-sorted frame + first/last (mandatory endpoints may exceed 10% for n<20),,1,1,r1--tick0--pan1500.jpg,r1--tick0--pan1500.jpg
2026-09-26-zone-own-perception-v3/dev-scan/frames/zone_wide_door-s244-grasp_tri_frame@wrist_m44,r1--tick1--pan1#.jpg,unknown SIM timing: every 10th numeric-sorted frame + first/last (mandatory endpoints may exceed 10% for n<20),,1,1,r1--tick1--pan1500.jpg,r1--tick1--pan1500.jpg
2026-09-26-zone-own-perception-v3/dev-scan/frames/zone_wide_door-s244-grasp_tri_frame@wrist_m44,r1--tick2--pan1#.jpg,unknown SIM timing: every 10th numeric-sorted frame + first/last (mandatory endpoints may exceed 10% for n<20),,1,1,r1--tick2--pan1500.jpg,r1--tick2--pan1500.jpg
2026-09-26-zone-own-perception-v3/dev-scan/frames/zone_wide_door-s244-grasp_tri_frame@wrist_m50,r1--tick0--pan1#.jpg,unknown SIM timing: every 10th numeric-sorted frame + first/last (mandatory endpoints may exceed 10% for n<20),,1,1,r1--tick0--pan1500.jpg,r1--tick0--pan1500.jpg
2026-09-26-zone-own-perception-v3/dev-scan/frames/zone_wide_door-s244-grasp_tri_frame@wrist_m50,r1--tick1--pan1#.jpg,unknown SIM timing: every 10th numeric-sorted frame + first/last (mandatory endpoints may exceed 10% for n<20),,1,1,r1--tick1--pan1500.jpg,r1--tick1--pan1500.jpg
2026-09-26-zone-own-perception-v3/dev-scan/frames/zone_wide_door-s244-grasp_tri_frame@wrist_m50,r1--tick2--pan1#.jpg,unknown SIM timing: every 10th numeric-sorted frame + first/last (mandatory endpoints may exceed 10% for n<20),,1,1,r1--tick2--pan1500.jpg,r1--tick2--pan1500.jpg
2026-09-26-zone-own-perception-v3/dev-scan/frames/zone_wide_door-s244-grasp_wrong_kind@approach_look_v2,r1--tick0--pan1#.jpg,unknown SIM timing: every 10th numeric-sorted frame + first/last (mandatory endpoints may exceed 10% for n<20),,1,1,r1--tick0--pan1500.jpg,r1--tick0--pan1500.jpg
2026-09-26-zone-own-perception-v3/dev-scan/frames/zone_wide_door-s244-grasp_wrong_kind@approach_look_v2,r1--tick1--pan1#.jpg,unknown SIM timing: every 10th numeric-sorted frame + first/last (mandatory endpoints may exceed 10% for n<20),,1,1,r1--tick1--pan1500.jpg,r1--tick1--pan1500.jpg
2026-09-26-zone-own-perception-v3/dev-scan/frames/zone_wide_door-s244-grasp_wrong_kind@approach_look_v2,r1--tick2--pan1#.jpg,unknown SIM timing: every 10th numeric-sorted frame + first/last (mandatory endpoints may exceed 10% for n<20),,1,1,r1--tick2--pan1500.jpg,r1--tick2--pan1500.jpg
2026-09-26-zone-own-perception-v3/dev-scan/frames/zone_wide_door-s244-grasp_wrong_kind@ik_r10_h16_m39,r1--tick0--pan1#.jpg,unknown SIM timing: every 10th numeric-sorted frame + first/last (mandatory endpoints may exceed 10% for n<20),,1,1,r1--tick0--pan1500.jpg,r1--tick0--pan1500.jpg
2026-09-26-zone-own-perception-v3/dev-scan/frames/zone_wide_door-s244-grasp_wrong_kind@ik_r10_h16_m39,r1--tick1--pan1#.jpg,unknown SIM timing: every 10th numeric-sorted frame + first/last (mandatory endpoints may exceed 10% for n<20),,1,1,r1--tick1--pan1500.jpg,r1--tick1--pan1500.jpg
2026-09-26-zone-own-perception-v3/dev-scan/frames/zone_wide_door-s244-grasp_wrong_kind@ik_r10_h16_m39,r1--tick2--pan1#.jpg,unknown SIM timing: every 10th numeric-sorted frame + first/last (mandatory endpoints may exceed 10% for n<20),,1,1,r1--tick2--pan1500.jpg,r1--tick2--pan1500.jpg
2026-09-26-zone-own-perception-v3/dev-scan/frames/zone_wide_door-s244-grasp_wrong_kind@ik_r10_h16_m42,r1--tick0--pan1#.jpg,unknown SIM timing: every 10th numeric-sorted frame + first/last (mandatory endpoints may exceed 10% for n<20),,1,1,r1--tick0--pan1500.jpg,r1--tick0--pan1500.jpg
2026-09-26-zone-own-perception-v3/dev-scan/frames/zone_wide_door-s244-grasp_wrong_kind@ik_r10_h16_m42,r1--tick1--pan1#.jpg,unknown SIM timing: every 10th numeric-sorted frame + first/last (mandatory endpoints may exceed 10% for n<20),,1,1,r1--tick1--pan1500.jpg,r1--tick1--pan1500.jpg
2026-09-26-zone-own-perception-v3/dev-scan/frames/zone_wide_door-s244-grasp_wrong_kind@ik_r10_h16_m42,r1--tick2--pan1#.jpg,unknown SIM timing: every 10th numeric-sorted frame + first/last (mandatory endpoints may exceed 10% for n<20),,1,1,r1--tick2--pan1500.jpg,r1--tick2--pan1500.jpg
2026-09-26-zone-own-perception-v3/dev-scan/frames/zone_wide_door-s244-grasp_wrong_kind@wrist_m44,r1--tick0--pan1#.jpg,unknown SIM timing: every 10th numeric-sorted frame + first/last (mandatory endpoints may exceed 10% for n<20),,1,1,r1--tick0--pan1500.jpg,r1--tick0--pan1500.jpg
2026-09-26-zone-own-perception-v3/dev-scan/frames/zone_wide_door-s244-grasp_wrong_kind@wrist_m44,r1--tick1--pan1#.jpg,unknown SIM timing: every 10th numeric-sorted frame + first/last (mandatory endpoints may exceed 10% for n<20),,1,1,r1--tick1--pan1500.jpg,r1--tick1--pan1500.jpg
2026-09-26-zone-own-perception-v3/dev-scan/frames/zone_wide_door-s244-grasp_wrong_kind@wrist_m44,r1--tick2--pan1#.jpg,unknown SIM timing: every 10th numeric-sorted frame + first/last (mandatory endpoints may exceed 10% for n<20),,1,1,r1--tick2--pan1500.jpg,r1--tick2--pan1500.jpg
2026-09-26-zone-own-perception-v3/dev-scan/frames/zone_wide_door-s244-grasp_wrong_kind@wrist_m50,r1--tick0--pan1#.jpg,unknown SIM timing: every 10th numeric-sorted frame + first/last (mandatory endpoints may exceed 10% for n<20),,1,1,r1--tick0--pan1500.jpg,r1--tick0--pan1500.jpg
2026-09-26-zone-own-perception-v3/dev-scan/frames/zone_wide_door-s244-grasp_wrong_kind@wrist_m50,r1--tick1--pan1#.jpg,unknown SIM timing: every 10th numeric-sorted frame + first/last (mandatory endpoints may exceed 10% for n<20),,1,1,r1--tick1--pan1500.jpg,r1--tick1--pan1500.jpg
2026-09-26-zone-own-perception-v3/dev-scan/frames/zone_wide_door-s244-grasp_wrong_kind@wrist_m50,r1--tick2--pan1#.jpg,unknown SIM timing: every 10th numeric-sorted frame + first/last (mandatory endpoints may exceed 10% for n<20),,1,1,r1--tick2--pan1500.jpg,r1--tick2--pan1500.jpg
2026-09-26-zone-own-perception-v3/dev-scan/frames/zone_wide_door-s244-held_box_carry,r1--tick0--pan1#.jpg,unknown SIM timing: every 10th numeric-sorted frame + first/last (mandatory endpoints may exceed 10% for n<20),,1,1,r1--tick0--pan1500.jpg,r1--tick0--pan1500.jpg
2026-09-26-zone-own-perception-v3/dev-scan/frames/zone_wide_door-s244-held_box_carry,r1--tick1--pan1#.jpg,unknown SIM timing: every 10th numeric-sorted frame + first/last (mandatory endpoints may exceed 10% for n<20),,1,1,r1--tick1--pan1500.jpg,r1--tick1--pan1500.jpg
2026-09-26-zone-own-perception-v3/dev-scan/frames/zone_wide_door-s244-held_box_carry,r1--tick2--pan1#.jpg,unknown SIM timing: every 10th numeric-sorted frame + first/last (mandatory endpoints may exceed 10% for n<20),,1,1,r1--tick2--pan1500.jpg,r1--tick2--pan1500.jpg
2026-09-26-zone-own-perception-v3/dev-scan/frames/zone_wide_door-s244-held_box_held_check,r1--tick0--pan1#.jpg,unknown SIM timing: every 10th numeric-sorted frame + first/last (mandatory endpoints may exceed 10% for n<20),,1,1,r1--tick0--pan1500.jpg,r1--tick0--pan1500.jpg
2026-09-26-zone-own-perception-v3/dev-scan/frames/zone_wide_door-s244-held_box_held_check,r1--tick1--pan1#.jpg,unknown SIM timing: every 10th numeric-sorted frame + first/last (mandatory endpoints may exceed 10% for n<20),,1,1,r1--tick1--pan1500.jpg,r1--tick1--pan1500.jpg
2026-09-26-zone-own-perception-v3/dev-scan/frames/zone_wide_door-s244-held_box_held_check,r1--tick2--pan1#.jpg,unknown SIM timing: every 10th numeric-sorted frame + first/last (mandatory endpoints may exceed 10% for n<20),,1,1,r1--tick2--pan1500.jpg,r1--tick2--pan1500.jpg
2026-09-26-zone-own-perception-v3/dev-scan/frames/zone_wide_door-s244-held_can,r1--tick0--pan1#.jpg,unknown SIM timing: every 10th numeric-sorted frame + first/last (mandatory endpoints may exceed 10% for n<20),,1,1,r1--tick0--pan1500.jpg,r1--tick0--pan1500.jpg
2026-09-26-zone-own-perception-v3/dev-scan/frames/zone_wide_door-s244-held_can,r1--tick1--pan1#.jpg,unknown SIM timing: every 10th numeric-sorted frame + first/last (mandatory endpoints may exceed 10% for n<20),,1,1,r1--tick1--pan1500.jpg,r1--tick1--pan1500.jpg
2026-09-26-zone-own-perception-v3/dev-scan/frames/zone_wide_door-s244-held_can,r1--tick2--pan1#.jpg,unknown SIM timing: every 10th numeric-sorted frame + first/last (mandatory endpoints may exceed 10% for n<20),,1,1,r1--tick2--pan1500.jpg,r1--tick2--pan1500.jpg
2026-09-26-zone-own-perception-v3/dev-scan/frames/zone_wide_door-s244-held_can_absent,r1--tick0--pan1#.jpg,unknown SIM timing: every 10th numeric-sorted frame + first/last (mandatory endpoints may exceed 10% for n<20),,1,1,r1--tick0--pan1500.jpg,r1--tick0--pan1500.jpg
2026-09-26-zone-own-perception-v3/dev-scan/frames/zone_wide_door-s244-held_can_absent,r1--tick1--pan1#.jpg,unknown SIM timing: every 10th numeric-sorted frame + first/last (mandatory endpoints may exceed 10% for n<20),,1,1,r1--tick1--pan1500.jpg,r1--tick1--pan1500.jpg
2026-09-26-zone-own-perception-v3/dev-scan/frames/zone_wide_door-s244-held_can_absent,r1--tick2--pan1#.jpg,unknown SIM timing: every 10th numeric-sorted frame + first/last (mandatory endpoints may exceed 10% for n<20),,1,1,r1--tick2--pan1500.jpg,r1--tick2--pan1500.jpg
2026-09-26-zone-own-perception-v3/dev-scan/frames/zone_wide_door-s244-held_can_carry,r1--tick0--pan1#.jpg,unknown SIM timing: every 10th numeric-sorted frame + first/last (mandatory endpoints may exceed 10% for n<20),,1,1,r1--tick0--pan1500.jpg,r1--tick0--pan1500.jpg
2026-09-26-zone-own-perception-v3/dev-scan/frames/zone_wide_door-s244-held_can_carry,r1--tick1--pan1#.jpg,unknown SIM timing: every 10th numeric-sorted frame + first/last (mandatory endpoints may exceed 10% for n<20),,1,1,r1--tick1--pan1500.jpg,r1--tick1--pan1500.jpg
2026-09-26-zone-own-perception-v3/dev-scan/frames/zone_wide_door-s244-held_can_carry,r1--tick2--pan1#.jpg,unknown SIM timing: every 10th numeric-sorted frame + first/last (mandatory endpoints may exceed 10% for n<20),,1,1,r1--tick2--pan1500.jpg,r1--tick2--pan1500.jpg
2026-09-26-zone-own-perception-v3/dev-scan/frames/zone_wide_door-s244-held_can_wrong_kind,r1--tick0--pan1#.jpg,unknown SIM timing: every 10th numeric-sorted frame + first/last (mandatory endpoints may exceed 10% for n<20),,1,1,r1--tick0--pan1500.jpg,r1--tick0--pan1500.jpg
2026-09-26-zone-own-perception-v3/dev-scan/frames/zone_wide_door-s244-held_can_wrong_kind,r1--tick1--pan1#.jpg,unknown SIM timing: every 10th numeric-sorted frame + first/last (mandatory endpoints may exceed 10% for n<20),,1,1,r1--tick1--pan1500.jpg,r1--tick1--pan1500.jpg
2026-09-26-zone-own-perception-v3/dev-scan/frames/zone_wide_door-s244-held_can_wrong_kind,r1--tick2--pan1#.jpg,unknown SIM timing: every 10th numeric-sorted frame + first/last (mandatory endpoints may exceed 10% for n<20),,1,1,r1--tick2--pan1500.jpg,r1--tick2--pan1500.jpg
2026-09-26-zone-own-perception-v3/dev-scan/frames/zone_wide_door-s244-held_nothing_carry,r1--tick0--pan1#.jpg,unknown SIM timing: every 10th numeric-sorted frame + first/last (mandatory endpoints may exceed 10% for n<20),,1,1,r1--tick0--pan1500.jpg,r1--tick0--pan1500.jpg
2026-09-26-zone-own-perception-v3/dev-scan/frames/zone_wide_door-s244-held_nothing_carry,r1--tick1--pan1#.jpg,unknown SIM timing: every 10th numeric-sorted frame + first/last (mandatory endpoints may exceed 10% for n<20),,1,1,r1--tick1--pan1500.jpg,r1--tick1--pan1500.jpg
2026-09-26-zone-own-perception-v3/dev-scan/frames/zone_wide_door-s244-held_nothing_carry,r1--tick2--pan1#.jpg,unknown SIM timing: every 10th numeric-sorted frame + first/last (mandatory endpoints may exceed 10% for n<20),,1,1,r1--tick2--pan1500.jpg,r1--tick2--pan1500.jpg
2026-09-26-zone-own-perception-v3/dev-scan/frames/zone_wide_door-s244-held_tile_carry,r1--tick0--pan1#.jpg,unknown SIM timing: every 10th numeric-sorted frame + first/last (mandatory endpoints may exceed 10% for n<20),,1,1,r1--tick0--pan1500.jpg,r1--tick0--pan1500.jpg
2026-09-26-zone-own-perception-v3/dev-scan/frames/zone_wide_door-s244-held_tile_carry,r1--tick1--pan1#.jpg,unknown SIM timing: every 10th numeric-sorted frame + first/last (mandatory endpoints may exceed 10% for n<20),,1,1,r1--tick1--pan1500.jpg,r1--tick1--pan1500.jpg
2026-09-26-zone-own-perception-v3/dev-scan/frames/zone_wide_door-s244-held_tile_carry,r1--tick2--pan1#.jpg,unknown SIM timing: every 10th numeric-sorted frame + first/last (mandatory endpoints may exceed 10% for n<20),,1,1,r1--tick2--pan1500.jpg,r1--tick2--pan1500.jpg
2026-09-26-zone-own-perception-v3/dev-scan/frames/zone_wide_door-s244-held_tile_expect_box_carry,r1--tick0--pan1#.jpg,unknown SIM timing: every 10th numeric-sorted frame + first/last (mandatory endpoints may exceed 10% for n<20),,1,1,r1--tick0--pan1500.jpg,r1--tick0--pan1500.jpg
2026-09-26-zone-own-perception-v3/dev-scan/frames/zone_wide_door-s244-held_tile_expect_box_carry,r1--tick1--pan1#.jpg,unknown SIM timing: every 10th numeric-sorted frame + first/last (mandatory endpoints may exceed 10% for n<20),,1,1,r1--tick1--pan1500.jpg,r1--tick1--pan1500.jpg
2026-09-26-zone-own-perception-v3/dev-scan/frames/zone_wide_door-s244-held_tile_expect_box_carry,r1--tick2--pan1#.jpg,unknown SIM timing: every 10th numeric-sorted frame + first/last (mandatory endpoints may exceed 10% for n<20),,1,1,r1--tick2--pan1500.jpg,r1--tick2--pan1500.jpg
2026-09-26-zone-own-perception-v3/dev-scan/frames/zone_wide_door-s244-wrong_end_long_beam@approach_look_v2,r1--tick0--pan1#.jpg,unknown SIM timing: every 10th numeric-sorted frame + first/last (mandatory endpoints may exceed 10% for n<20),,1,1,r1--tick0--pan1500.jpg,r1--tick0--pan1500.jpg
2026-09-26-zone-own-perception-v3/dev-scan/frames/zone_wide_door-s244-wrong_end_long_beam@approach_look_v2,r1--tick1--pan1#.jpg,unknown SIM timing: every 10th numeric-sorted frame + first/last (mandatory endpoints may exceed 10% for n<20),,1,1,r1--tick1--pan1500.jpg,r1--tick1--pan1500.jpg
2026-09-26-zone-own-perception-v3/dev-scan/frames/zone_wide_door-s244-wrong_end_long_beam@approach_look_v2,r1--tick2--pan1#.jpg,unknown SIM timing: every 10th numeric-sorted frame + first/last (mandatory endpoints may exceed 10% for n<20),,1,1,r1--tick2--pan1500.jpg,r1--tick2--pan1500.jpg
2026-09-26-zone-own-perception-v3/dev-scan/frames/zone_wide_door-s244-wrong_end_long_beam@ik_r10_h16_m39,r1--tick0--pan1#.jpg,unknown SIM timing: every 10th numeric-sorted frame + first/last (mandatory endpoints may exceed 10% for n<20),,1,1,r1--tick0--pan1500.jpg,r1--tick0--pan1500.jpg
2026-09-26-zone-own-perception-v3/dev-scan/frames/zone_wide_door-s244-wrong_end_long_beam@ik_r10_h16_m39,r1--tick1--pan1#.jpg,unknown SIM timing: every 10th numeric-sorted frame + first/last (mandatory endpoints may exceed 10% for n<20),,1,1,r1--tick1--pan1500.jpg,r1--tick1--pan1500.jpg
2026-09-26-zone-own-perception-v3/dev-scan/frames/zone_wide_door-s244-wrong_end_long_beam@ik_r10_h16_m39,r1--tick2--pan1#.jpg,unknown SIM timing: every 10th numeric-sorted frame + first/last (mandatory endpoints may exceed 10% for n<20),,1,1,r1--tick2--pan1500.jpg,r1--tick2--pan1500.jpg
2026-09-26-zone-own-perception-v3/dev-scan/frames/zone_wide_door-s244-wrong_end_long_beam@ik_r10_h16_m42,r1--tick0--pan1#.jpg,unknown SIM timing: every 10th numeric-sorted frame + first/last (mandatory endpoints may exceed 10% for n<20),,1,1,r1--tick0--pan1500.jpg,r1--tick0--pan1500.jpg
2026-09-26-zone-own-perception-v3/dev-scan/frames/zone_wide_door-s244-wrong_end_long_beam@ik_r10_h16_m42,r1--tick1--pan1#.jpg,unknown SIM timing: every 10th numeric-sorted frame + first/last (mandatory endpoints may exceed 10% for n<20),,1,1,r1--tick1--pan1500.jpg,r1--tick1--pan1500.jpg
2026-09-26-zone-own-perception-v3/dev-scan/frames/zone_wide_door-s244-wrong_end_long_beam@ik_r10_h16_m42,r1--tick2--pan1#.jpg,unknown SIM timing: every 10th numeric-sorted frame + first/last (mandatory endpoints may exceed 10% for n<20),,1,1,r1--tick2--pan1500.jpg,r1--tick2--pan1500.jpg
2026-09-26-zone-own-perception-v3/dev-scan/frames/zone_wide_door-s244-wrong_end_long_beam@wrist_m44,r1--tick0--pan1#.jpg,unknown SIM timing: every 10th numeric-sorted frame + first/last (mandatory endpoints may exceed 10% for n<20),,1,1,r1--tick0--pan1500.jpg,r1--tick0--pan1500.jpg
2026-09-26-zone-own-perception-v3/dev-scan/frames/zone_wide_door-s244-wrong_end_long_beam@wrist_m44,r1--tick1--pan1#.jpg,unknown SIM timing: every 10th numeric-sorted frame + first/last (mandatory endpoints may exceed 10% for n<20),,1,1,r1--tick1--pan1500.jpg,r1--tick1--pan1500.jpg
2026-09-26-zone-own-perception-v3/dev-scan/frames/zone_wide_door-s244-wrong_end_long_beam@wrist_m44,r1--tick2--pan1#.jpg,unknown SIM timing: every 10th numeric-sorted frame + first/last (mandatory endpoints may exceed 10% for n<20),,1,1,r1--tick2--pan1500.jpg,r1--tick2--pan1500.jpg
2026-09-26-zone-own-perception-v3/dev-scan/frames/zone_wide_door-s244-wrong_end_long_beam@wrist_m50,r1--tick0--pan1#.jpg,unknown SIM timing: every 10th numeric-sorted frame + first/last (mandatory endpoints may exceed 10% for n<20),,1,1,r1--tick0--pan1500.jpg,r1--tick0--pan1500.jpg
2026-09-26-zone-own-perception-v3/dev-scan/frames/zone_wide_door-s244-wrong_end_long_beam@wrist_m50,r1--tick1--pan1#.jpg,unknown SIM timing: every 10th numeric-sorted frame + first/last (mandatory endpoints may exceed 10% for n<20),,1,1,r1--tick1--pan1500.jpg,r1--tick1--pan1500.jpg
2026-09-26-zone-own-perception-v3/dev-scan/frames/zone_wide_door-s244-wrong_end_long_beam@wrist_m50,r1--tick2--pan1#.jpg,unknown SIM timing: every 10th numeric-sorted frame + first/last (mandatory endpoints may exceed 10% for n<20),,1,1,r1--tick2--pan1500.jpg,r1--tick2--pan1500.jpg
2026-09-26-zone-own-perception-v3/dev-scan/frames/zone_wide_two_doors-s243-carry_beam_expect_crate,r1--tick0--pan1#.jpg,unknown SIM timing: every 10th numeric-sorted frame + first/last (mandatory endpoints may exceed 10% for n<20),,1,1,r1--tick0--pan1500.jpg,r1--tick0--pan1500.jpg
2026-09-26-zone-own-perception-v3/dev-scan/frames/zone_wide_two_doors-s243-carry_beam_expect_crate,r1--tick1--pan1#.jpg,unknown SIM timing: every 10th numeric-sorted frame + first/last (mandatory endpoints may exceed 10% for n<20),,1,1,r1--tick1--pan1500.jpg,r1--tick1--pan1500.jpg
2026-09-26-zone-own-perception-v3/dev-scan/frames/zone_wide_two_doors-s243-carry_beam_expect_crate,r1--tick2--pan1#.jpg,unknown SIM timing: every 10th numeric-sorted frame + first/last (mandatory endpoints may exceed 10% for n<20),,1,1,r1--tick2--pan1500.jpg,r1--tick2--pan1500.jpg
2026-09-26-zone-own-perception-v3/dev-scan/frames/zone_wide_two_doors-s243-carry_crate_expect_beam,r1--tick0--pan1#.jpg,unknown SIM timing: every 10th numeric-sorted frame + first/last (mandatory endpoints may exceed 10% for n<20),,1,1,r1--tick0--pan1500.jpg,r1--tick0--pan1500.jpg
2026-09-26-zone-own-perception-v3/dev-scan/frames/zone_wide_two_doors-s243-carry_crate_expect_beam,r1--tick1--pan1#.jpg,unknown SIM timing: every 10th numeric-sorted frame + first/last (mandatory endpoints may exceed 10% for n<20),,1,1,r1--tick1--pan1500.jpg,r1--tick1--pan1500.jpg
2026-09-26-zone-own-perception-v3/dev-scan/frames/zone_wide_two_doors-s243-carry_crate_expect_beam,r1--tick2--pan1#.jpg,unknown SIM timing: every 10th numeric-sorted frame + first/last (mandatory endpoints may exceed 10% for n<20),,1,1,r1--tick2--pan1500.jpg,r1--tick2--pan1500.jpg
2026-09-26-zone-own-perception-v3/dev-scan/frames/zone_wide_two_doors-s243-carry_heavy_crate,r1--tick0--pan1#.jpg,unknown SIM timing: every 10th numeric-sorted frame + first/last (mandatory endpoints may exceed 10% for n<20),,1,1,r1--tick0--pan1500.jpg,r1--tick0--pan1500.jpg
2026-09-26-zone-own-perception-v3/dev-scan/frames/zone_wide_two_doors-s243-carry_heavy_crate,r1--tick1--pan1#.jpg,unknown SIM timing: every 10th numeric-sorted frame + first/last (mandatory endpoints may exceed 10% for n<20),,1,1,r1--tick1--pan1500.jpg,r1--tick1--pan1500.jpg
2026-09-26-zone-own-perception-v3/dev-scan/frames/zone_wide_two_doors-s243-carry_heavy_crate,r1--tick2--pan1#.jpg,unknown SIM timing: every 10th numeric-sorted frame + first/last (mandatory endpoints may exceed 10% for n<20),,1,1,r1--tick2--pan1500.jpg,r1--tick2--pan1500.jpg
2026-09-26-zone-own-perception-v3/dev-scan/frames/zone_wide_two_doors-s243-carry_heavy_crate_centroid_hold,r1--tick0--pan1#.jpg,unknown SIM timing: every 10th numeric-sorted frame + first/last (mandatory endpoints may exceed 10% for n<20),,1,1,r1--tick0--pan1500.jpg,r1--tick0--pan1500.jpg
2026-09-26-zone-own-perception-v3/dev-scan/frames/zone_wide_two_doors-s243-carry_heavy_crate_centroid_hold,r1--tick1--pan1#.jpg,unknown SIM timing: every 10th numeric-sorted frame + first/last (mandatory endpoints may exceed 10% for n<20),,1,1,r1--tick1--pan1500.jpg,r1--tick1--pan1500.jpg
2026-09-26-zone-own-perception-v3/dev-scan/frames/zone_wide_two_doors-s243-carry_heavy_crate_centroid_hold,r1--tick2--pan1#.jpg,unknown SIM timing: every 10th numeric-sorted frame + first/last (mandatory endpoints may exceed 10% for n<20),,1,1,r1--tick2--pan1500.jpg,r1--tick2--pan1500.jpg
2026-09-26-zone-own-perception-v3/dev-scan/frames/zone_wide_two_doors-s243-carry_long_beam,r1--tick0--pan1#.jpg,unknown SIM timing: every 10th numeric-sorted frame + first/last (mandatory endpoints may exceed 10% for n<20),,1,1,r1--tick0--pan1500.jpg,r1--tick0--pan1500.jpg
2026-09-26-zone-own-perception-v3/dev-scan/frames/zone_wide_two_doors-s243-carry_long_beam,r1--tick1--pan1#.jpg,unknown SIM timing: every 10th numeric-sorted frame + first/last (mandatory endpoints may exceed 10% for n<20),,1,1,r1--tick1--pan1500.jpg,r1--tick1--pan1500.jpg
2026-09-26-zone-own-perception-v3/dev-scan/frames/zone_wide_two_doors-s243-carry_long_beam,r1--tick2--pan1#.jpg,unknown SIM timing: every 10th numeric-sorted frame + first/last (mandatory endpoints may exceed 10% for n<20),,1,1,r1--tick2--pan1500.jpg,r1--tick2--pan1500.jpg
2026-09-26-zone-own-perception-v3/dev-scan/frames/zone_wide_two_doors-s243-carry_nothing_expect_crate,r1--tick0--pan1#.jpg,unknown SIM timing: every 10th numeric-sorted frame + first/last (mandatory endpoints may exceed 10% for n<20),,1,1,r1--tick0--pan1500.jpg,r1--tick0--pan1500.jpg
2026-09-26-zone-own-perception-v3/dev-scan/frames/zone_wide_two_doors-s243-carry_nothing_expect_crate,r1--tick1--pan1#.jpg,unknown SIM timing: every 10th numeric-sorted frame + first/last (mandatory endpoints may exceed 10% for n<20),,1,1,r1--tick1--pan1500.jpg,r1--tick1--pan1500.jpg
2026-09-26-zone-own-perception-v3/dev-scan/frames/zone_wide_two_doors-s243-carry_nothing_expect_crate,r1--tick2--pan1#.jpg,unknown SIM timing: every 10th numeric-sorted frame + first/last (mandatory endpoints may exceed 10% for n<20),,1,1,r1--tick2--pan1500.jpg,r1--tick2--pan1500.jpg
2026-09-26-zone-own-perception-v3/dev-scan/frames/zone_wide_two_doors-s243-carry_tri_frame,r1--tick0--pan1#.jpg,unknown SIM timing: every 10th numeric-sorted frame + first/last (mandatory endpoints may exceed 10% for n<20),,1,1,r1--tick0--pan1500.jpg,r1--tick0--pan1500.jpg
2026-09-26-zone-own-perception-v3/dev-scan/frames/zone_wide_two_doors-s243-carry_tri_frame,r1--tick1--pan1#.jpg,unknown SIM timing: every 10th numeric-sorted frame + first/last (mandatory endpoints may exceed 10% for n<20),,1,1,r1--tick1--pan1500.jpg,r1--tick1--pan1500.jpg
2026-09-26-zone-own-perception-v3/dev-scan/frames/zone_wide_two_doors-s243-carry_tri_frame,r1--tick2--pan1#.jpg,unknown SIM timing: every 10th numeric-sorted frame + first/last (mandatory endpoints may exceed 10% for n<20),,1,1,r1--tick2--pan1500.jpg,r1--tick2--pan1500.jpg
2026-09-26-zone-own-perception-v3/dev-scan/frames/zone_wide_two_doors-s243-grasp_heavy_crate@approach_look_v2,r1--tick0--pan1#.jpg,unknown SIM timing: every 10th numeric-sorted frame + first/last (mandatory endpoints may exceed 10% for n<20),,1,1,r1--tick0--pan1500.jpg,r1--tick0--pan1500.jpg
2026-09-26-zone-own-perception-v3/dev-scan/frames/zone_wide_two_doors-s243-grasp_heavy_crate@approach_look_v2,r1--tick1--pan1#.jpg,unknown SIM timing: every 10th numeric-sorted frame + first/last (mandatory endpoints may exceed 10% for n<20),,1,1,r1--tick1--pan1500.jpg,r1--tick1--pan1500.jpg
2026-09-26-zone-own-perception-v3/dev-scan/frames/zone_wide_two_doors-s243-grasp_heavy_crate@approach_look_v2,r1--tick2--pan1#.jpg,unknown SIM timing: every 10th numeric-sorted frame + first/last (mandatory endpoints may exceed 10% for n<20),,1,1,r1--tick2--pan1500.jpg,r1--tick2--pan1500.jpg
2026-09-26-zone-own-perception-v3/dev-scan/frames/zone_wide_two_doors-s243-grasp_heavy_crate@ik_r10_h16_m39,r1--tick0--pan1#.jpg,unknown SIM timing: every 10th numeric-sorted frame + first/last (mandatory endpoints may exceed 10% for n<20),,1,1,r1--tick0--pan1500.jpg,r1--tick0--pan1500.jpg
2026-09-26-zone-own-perception-v3/dev-scan/frames/zone_wide_two_doors-s243-grasp_heavy_crate@ik_r10_h16_m39,r1--tick1--pan1#.jpg,unknown SIM timing: every 10th numeric-sorted frame + first/last (mandatory endpoints may exceed 10% for n<20),,1,1,r1--tick1--pan1500.jpg,r1--tick1--pan1500.jpg
2026-09-26-zone-own-perception-v3/dev-scan/frames/zone_wide_two_doors-s243-grasp_heavy_crate@ik_r10_h16_m39,r1--tick2--pan1#.jpg,unknown SIM timing: every 10th numeric-sorted frame + first/last (mandatory endpoints may exceed 10% for n<20),,1,1,r1--tick2--pan1500.jpg,r1--tick2--pan1500.jpg
2026-09-26-zone-own-perception-v3/dev-scan/frames/zone_wide_two_doors-s243-grasp_heavy_crate@ik_r10_h16_m42,r1--tick0--pan1#.jpg,unknown SIM timing: every 10th numeric-sorted frame + first/last (mandatory endpoints may exceed 10% for n<20),,1,1,r1--tick0--pan1500.jpg,r1--tick0--pan1500.jpg
2026-09-26-zone-own-perception-v3/dev-scan/frames/zone_wide_two_doors-s243-grasp_heavy_crate@ik_r10_h16_m42,r1--tick1--pan1#.jpg,unknown SIM timing: every 10th numeric-sorted frame + first/last (mandatory endpoints may exceed 10% for n<20),,1,1,r1--tick1--pan1500.jpg,r1--tick1--pan1500.jpg
2026-09-26-zone-own-perception-v3/dev-scan/frames/zone_wide_two_doors-s243-grasp_heavy_crate@ik_r10_h16_m42,r1--tick2--pan1#.jpg,unknown SIM timing: every 10th numeric-sorted frame + first/last (mandatory endpoints may exceed 10% for n<20),,1,1,r1--tick2--pan1500.jpg,r1--tick2--pan1500.jpg
2026-09-26-zone-own-perception-v3/dev-scan/frames/zone_wide_two_doors-s243-grasp_heavy_crate@wrist_m44,r1--tick0--pan1#.jpg,unknown SIM timing: every 10th numeric-sorted frame + first/last (mandatory endpoints may exceed 10% for n<20),,1,1,r1--tick0--pan1500.jpg,r1--tick0--pan1500.jpg
2026-09-26-zone-own-perception-v3/dev-scan/frames/zone_wide_two_doors-s243-grasp_heavy_crate@wrist_m44,r1--tick1--pan1#.jpg,unknown SIM timing: every 10th numeric-sorted frame + first/last (mandatory endpoints may exceed 10% for n<20),,1,1,r1--tick1--pan1500.jpg,r1--tick1--pan1500.jpg
2026-09-26-zone-own-perception-v3/dev-scan/frames/zone_wide_two_doors-s243-grasp_heavy_crate@wrist_m44,r1--tick2--pan1#.jpg,unknown SIM timing: every 10th numeric-sorted frame + first/last (mandatory endpoints may exceed 10% for n<20),,1,1,r1--tick2--pan1500.jpg,r1--tick2--pan1500.jpg
2026-09-26-zone-own-perception-v3/dev-scan/frames/zone_wide_two_doors-s243-grasp_heavy_crate@wrist_m50,r1--tick0--pan1#.jpg,unknown SIM timing: every 10th numeric-sorted frame + first/last (mandatory endpoints may exceed 10% for n<20),,1,1,r1--tick0--pan1500.jpg,r1--tick0--pan1500.jpg
2026-09-26-zone-own-perception-v3/dev-scan/frames/zone_wide_two_doors-s243-grasp_heavy_crate@wrist_m50,r1--tick1--pan1#.jpg,unknown SIM timing: every 10th numeric-sorted frame + first/last (mandatory endpoints may exceed 10% for n<20),,1,1,r1--tick1--pan1500.jpg,r1--tick1--pan1500.jpg
2026-09-26-zone-own-perception-v3/dev-scan/frames/zone_wide_two_doors-s243-grasp_heavy_crate@wrist_m50,r1--tick2--pan1#.jpg,unknown SIM timing: every 10th numeric-sorted frame + first/last (mandatory endpoints may exceed 10% for n<20),,1,1,r1--tick2--pan1500.jpg,r1--tick2--pan1500.jpg
2026-09-26-zone-own-perception-v3/dev-scan/frames/zone_wide_two_doors-s243-grasp_long_beam@approach_look_v2,r1--tick0--pan1#.jpg,unknown SIM timing: every 10th numeric-sorted frame + first/last (mandatory endpoints may exceed 10% for n<20),,1,1,r1--tick0--pan1500.jpg,r1--tick0--pan1500.jpg
2026-09-26-zone-own-perception-v3/dev-scan/frames/zone_wide_two_doors-s243-grasp_long_beam@approach_look_v2,r1--tick1--pan1#.jpg,unknown SIM timing: every 10th numeric-sorted frame + first/last (mandatory endpoints may exceed 10% for n<20),,1,1,r1--tick1--pan1500.jpg,r1--tick1--pan1500.jpg
2026-09-26-zone-own-perception-v3/dev-scan/frames/zone_wide_two_doors-s243-grasp_long_beam@approach_look_v2,r1--tick2--pan1#.jpg,unknown SIM timing: every 10th numeric-sorted frame + first/last (mandatory endpoints may exceed 10% for n<20),,1,1,r1--tick2--pan1500.jpg,r1--tick2--pan1500.jpg
2026-09-26-zone-own-perception-v3/dev-scan/frames/zone_wide_two_doors-s243-grasp_long_beam@ik_r10_h16_m39,r1--tick0--pan1#.jpg,unknown SIM timing: every 10th numeric-sorted frame + first/last (mandatory endpoints may exceed 10% for n<20),,1,1,r1--tick0--pan1500.jpg,r1--tick0--pan1500.jpg
2026-09-26-zone-own-perception-v3/dev-scan/frames/zone_wide_two_doors-s243-grasp_long_beam@ik_r10_h16_m39,r1--tick1--pan1#.jpg,unknown SIM timing: every 10th numeric-sorted frame + first/last (mandatory endpoints may exceed 10% for n<20),,1,1,r1--tick1--pan1500.jpg,r1--tick1--pan1500.jpg
2026-09-26-zone-own-perception-v3/dev-scan/frames/zone_wide_two_doors-s243-grasp_long_beam@ik_r10_h16_m39,r1--tick2--pan1#.jpg,unknown SIM timing: every 10th numeric-sorted frame + first/last (mandatory endpoints may exceed 10% for n<20),,1,1,r1--tick2--pan1500.jpg,r1--tick2--pan1500.jpg
2026-09-26-zone-own-perception-v3/dev-scan/frames/zone_wide_two_doors-s243-grasp_long_beam@ik_r10_h16_m42,r1--tick0--pan1#.jpg,unknown SIM timing: every 10th numeric-sorted frame + first/last (mandatory endpoints may exceed 10% for n<20),,1,1,r1--tick0--pan1500.jpg,r1--tick0--pan1500.jpg
2026-09-26-zone-own-perception-v3/dev-scan/frames/zone_wide_two_doors-s243-grasp_long_beam@ik_r10_h16_m42,r1--tick1--pan1#.jpg,unknown SIM timing: every 10th numeric-sorted frame + first/last (mandatory endpoints may exceed 10% for n<20),,1,1,r1--tick1--pan1500.jpg,r1--tick1--pan1500.jpg
2026-09-26-zone-own-perception-v3/dev-scan/frames/zone_wide_two_doors-s243-grasp_long_beam@ik_r10_h16_m42,r1--tick2--pan1#.jpg,unknown SIM timing: every 10th numeric-sorted frame + first/last (mandatory endpoints may exceed 10% for n<20),,1,1,r1--tick2--pan1500.jpg,r1--tick2--pan1500.jpg
2026-09-26-zone-own-perception-v3/dev-scan/frames/zone_wide_two_doors-s243-grasp_long_beam@wrist_m44,r1--tick0--pan1#.jpg,unknown SIM timing: every 10th numeric-sorted frame + first/last (mandatory endpoints may exceed 10% for n<20),,1,1,r1--tick0--pan1500.jpg,r1--tick0--pan1500.jpg
2026-09-26-zone-own-perception-v3/dev-scan/frames/zone_wide_two_doors-s243-grasp_long_beam@wrist_m44,r1--tick1--pan1#.jpg,unknown SIM timing: every 10th numeric-sorted frame + first/last (mandatory endpoints may exceed 10% for n<20),,1,1,r1--tick1--pan1500.jpg,r1--tick1--pan1500.jpg
2026-09-26-zone-own-perception-v3/dev-scan/frames/zone_wide_two_doors-s243-grasp_long_beam@wrist_m44,r1--tick2--pan1#.jpg,unknown SIM timing: every 10th numeric-sorted frame + first/last (mandatory endpoints may exceed 10% for n<20),,1,1,r1--tick2--pan1500.jpg,r1--tick2--pan1500.jpg
2026-09-26-zone-own-perception-v3/dev-scan/frames/zone_wide_two_doors-s243-grasp_long_beam@wrist_m50,r1--tick0--pan1#.jpg,unknown SIM timing: every 10th numeric-sorted frame + first/last (mandatory endpoints may exceed 10% for n<20),,1,1,r1--tick0--pan1500.jpg,r1--tick0--pan1500.jpg
2026-09-26-zone-own-perception-v3/dev-scan/frames/zone_wide_two_doors-s243-grasp_long_beam@wrist_m50,r1--tick1--pan1#.jpg,unknown SIM timing: every 10th numeric-sorted frame + first/last (mandatory endpoints may exceed 10% for n<20),,1,1,r1--tick1--pan1500.jpg,r1--tick1--pan1500.jpg
2026-09-26-zone-own-perception-v3/dev-scan/frames/zone_wide_two_doors-s243-grasp_long_beam@wrist_m50,r1--tick2--pan1#.jpg,unknown SIM timing: every 10th numeric-sorted frame + first/last (mandatory endpoints may exceed 10% for n<20),,1,1,r1--tick2--pan1500.jpg,r1--tick2--pan1500.jpg
2026-09-26-zone-own-perception-v3/dev-scan/frames/zone_wide_two_doors-s243-grasp_tri_frame@approach_look_v2,r1--tick0--pan1#.jpg,unknown SIM timing: every 10th numeric-sorted frame + first/last (mandatory endpoints may exceed 10% for n<20),,1,1,r1--tick0--pan1500.jpg,r1--tick0--pan1500.jpg
2026-09-26-zone-own-perception-v3/dev-scan/frames/zone_wide_two_doors-s243-grasp_tri_frame@approach_look_v2,r1--tick1--pan1#.jpg,unknown SIM timing: every 10th numeric-sorted frame + first/last (mandatory endpoints may exceed 10% for n<20),,1,1,r1--tick1--pan1500.jpg,r1--tick1--pan1500.jpg
2026-09-26-zone-own-perception-v3/dev-scan/frames/zone_wide_two_doors-s243-grasp_tri_frame@approach_look_v2,r1--tick2--pan1#.jpg,unknown SIM timing: every 10th numeric-sorted frame + first/last (mandatory endpoints may exceed 10% for n<20),,1,1,r1--tick2--pan1500.jpg,r1--tick2--pan1500.jpg
2026-09-26-zone-own-perception-v3/dev-scan/frames/zone_wide_two_doors-s243-grasp_tri_frame@ik_r10_h16_m39,r1--tick0--pan1#.jpg,unknown SIM timing: every 10th numeric-sorted frame + first/last (mandatory endpoints may exceed 10% for n<20),,1,1,r1--tick0--pan1500.jpg,r1--tick0--pan1500.jpg
2026-09-26-zone-own-perception-v3/dev-scan/frames/zone_wide_two_doors-s243-grasp_tri_frame@ik_r10_h16_m39,r1--tick1--pan1#.jpg,unknown SIM timing: every 10th numeric-sorted frame + first/last (mandatory endpoints may exceed 10% for n<20),,1,1,r1--tick1--pan1500.jpg,r1--tick1--pan1500.jpg
2026-09-26-zone-own-perception-v3/dev-scan/frames/zone_wide_two_doors-s243-grasp_tri_frame@ik_r10_h16_m39,r1--tick2--pan1#.jpg,unknown SIM timing: every 10th numeric-sorted frame + first/last (mandatory endpoints may exceed 10% for n<20),,1,1,r1--tick2--pan1500.jpg,r1--tick2--pan1500.jpg
2026-09-26-zone-own-perception-v3/dev-scan/frames/zone_wide_two_doors-s243-grasp_tri_frame@ik_r10_h16_m42,r1--tick0--pan1#.jpg,unknown SIM timing: every 10th numeric-sorted frame + first/last (mandatory endpoints may exceed 10% for n<20),,1,1,r1--tick0--pan1500.jpg,r1--tick0--pan1500.jpg
2026-09-26-zone-own-perception-v3/dev-scan/frames/zone_wide_two_doors-s243-grasp_tri_frame@ik_r10_h16_m42,r1--tick1--pan1#.jpg,unknown SIM timing: every 10th numeric-sorted frame + first/last (mandatory endpoints may exceed 10% for n<20),,1,1,r1--tick1--pan1500.jpg,r1--tick1--pan1500.jpg
2026-09-26-zone-own-perception-v3/dev-scan/frames/zone_wide_two_doors-s243-grasp_tri_frame@ik_r10_h16_m42,r1--tick2--pan1#.jpg,unknown SIM timing: every 10th numeric-sorted frame + first/last (mandatory endpoints may exceed 10% for n<20),,1,1,r1--tick2--pan1500.jpg,r1--tick2--pan1500.jpg
2026-09-26-zone-own-perception-v3/dev-scan/frames/zone_wide_two_doors-s243-grasp_tri_frame@wrist_m44,r1--tick0--pan1#.jpg,unknown SIM timing: every 10th numeric-sorted frame + first/last (mandatory endpoints may exceed 10% for n<20),,1,1,r1--tick0--pan1500.jpg,r1--tick0--pan1500.jpg
2026-09-26-zone-own-perception-v3/dev-scan/frames/zone_wide_two_doors-s243-grasp_tri_frame@wrist_m44,r1--tick1--pan1#.jpg,unknown SIM timing: every 10th numeric-sorted frame + first/last (mandatory endpoints may exceed 10% for n<20),,1,1,r1--tick1--pan1500.jpg,r1--tick1--pan1500.jpg
2026-09-26-zone-own-perception-v3/dev-scan/frames/zone_wide_two_doors-s243-grasp_tri_frame@wrist_m44,r1--tick2--pan1#.jpg,unknown SIM timing: every 10th numeric-sorted frame + first/last (mandatory endpoints may exceed 10% for n<20),,1,1,r1--tick2--pan1500.jpg,r1--tick2--pan1500.jpg
2026-09-26-zone-own-perception-v3/dev-scan/frames/zone_wide_two_doors-s243-grasp_tri_frame@wrist_m50,r1--tick0--pan1#.jpg,unknown SIM timing: every 10th numeric-sorted frame + first/last (mandatory endpoints may exceed 10% for n<20),,1,1,r1--tick0--pan1500.jpg,r1--tick0--pan1500.jpg
2026-09-26-zone-own-perception-v3/dev-scan/frames/zone_wide_two_doors-s243-grasp_tri_frame@wrist_m50,r1--tick1--pan1#.jpg,unknown SIM timing: every 10th numeric-sorted frame + first/last (mandatory endpoints may exceed 10% for n<20),,1,1,r1--tick1--pan1500.jpg,r1--tick1--pan1500.jpg
2026-09-26-zone-own-perception-v3/dev-scan/frames/zone_wide_two_doors-s243-grasp_tri_frame@wrist_m50,r1--tick2--pan1#.jpg,unknown SIM timing: every 10th numeric-sorted frame + first/last (mandatory endpoints may exceed 10% for n<20),,1,1,r1--tick2--pan1500.jpg,r1--tick2--pan1500.jpg
2026-09-26-zone-own-perception-v3/dev-scan/frames/zone_wide_two_doors-s243-grasp_wrong_kind@approach_look_v2,r1--tick0--pan1#.jpg,unknown SIM timing: every 10th numeric-sorted frame + first/last (mandatory endpoints may exceed 10% for n<20),,1,1,r1--tick0--pan1500.jpg,r1--tick0--pan1500.jpg
2026-09-26-zone-own-perception-v3/dev-scan/frames/zone_wide_two_doors-s243-grasp_wrong_kind@approach_look_v2,r1--tick1--pan1#.jpg,unknown SIM timing: every 10th numeric-sorted frame + first/last (mandatory endpoints may exceed 10% for n<20),,1,1,r1--tick1--pan1500.jpg,r1--tick1--pan1500.jpg
2026-09-26-zone-own-perception-v3/dev-scan/frames/zone_wide_two_doors-s243-grasp_wrong_kind@approach_look_v2,r1--tick2--pan1#.jpg,unknown SIM timing: every 10th numeric-sorted frame + first/last (mandatory endpoints may exceed 10% for n<20),,1,1,r1--tick2--pan1500.jpg,r1--tick2--pan1500.jpg
2026-09-26-zone-own-perception-v3/dev-scan/frames/zone_wide_two_doors-s243-grasp_wrong_kind@ik_r10_h16_m39,r1--tick0--pan1#.jpg,unknown SIM timing: every 10th numeric-sorted frame + first/last (mandatory endpoints may exceed 10% for n<20),,1,1,r1--tick0--pan1500.jpg,r1--tick0--pan1500.jpg
2026-09-26-zone-own-perception-v3/dev-scan/frames/zone_wide_two_doors-s243-grasp_wrong_kind@ik_r10_h16_m39,r1--tick1--pan1#.jpg,unknown SIM timing: every 10th numeric-sorted frame + first/last (mandatory endpoints may exceed 10% for n<20),,1,1,r1--tick1--pan1500.jpg,r1--tick1--pan1500.jpg
2026-09-26-zone-own-perception-v3/dev-scan/frames/zone_wide_two_doors-s243-grasp_wrong_kind@ik_r10_h16_m39,r1--tick2--pan1#.jpg,unknown SIM timing: every 10th numeric-sorted frame + first/last (mandatory endpoints may exceed 10% for n<20),,1,1,r1--tick2--pan1500.jpg,r1--tick2--pan1500.jpg
2026-09-26-zone-own-perception-v3/dev-scan/frames/zone_wide_two_doors-s243-grasp_wrong_kind@ik_r10_h16_m42,r1--tick0--pan1#.jpg,unknown SIM timing: every 10th numeric-sorted frame + first/last (mandatory endpoints may exceed 10% for n<20),,1,1,r1--tick0--pan1500.jpg,r1--tick0--pan1500.jpg
2026-09-26-zone-own-perception-v3/dev-scan/frames/zone_wide_two_doors-s243-grasp_wrong_kind@ik_r10_h16_m42,r1--tick1--pan1#.jpg,unknown SIM timing: every 10th numeric-sorted frame + first/last (mandatory endpoints may exceed 10% for n<20),,1,1,r1--tick1--pan1500.jpg,r1--tick1--pan1500.jpg
2026-09-26-zone-own-perception-v3/dev-scan/frames/zone_wide_two_doors-s243-grasp_wrong_kind@ik_r10_h16_m42,r1--tick2--pan1#.jpg,unknown SIM timing: every 10th numeric-sorted frame + first/last (mandatory endpoints may exceed 10% for n<20),,1,1,r1--tick2--pan1500.jpg,r1--tick2--pan1500.jpg
2026-09-26-zone-own-perception-v3/dev-scan/frames/zone_wide_two_doors-s243-grasp_wrong_kind@wrist_m44,r1--tick0--pan1#.jpg,unknown SIM timing: every 10th numeric-sorted frame + first/last (mandatory endpoints may exceed 10% for n<20),,1,1,r1--tick0--pan1500.jpg,r1--tick0--pan1500.jpg
2026-09-26-zone-own-perception-v3/dev-scan/frames/zone_wide_two_doors-s243-grasp_wrong_kind@wrist_m44,r1--tick1--pan1#.jpg,unknown SIM timing: every 10th numeric-sorted frame + first/last (mandatory endpoints may exceed 10% for n<20),,1,1,r1--tick1--pan1500.jpg,r1--tick1--pan1500.jpg
2026-09-26-zone-own-perception-v3/dev-scan/frames/zone_wide_two_doors-s243-grasp_wrong_kind@wrist_m44,r1--tick2--pan1#.jpg,unknown SIM timing: every 10th numeric-sorted frame + first/last (mandatory endpoints may exceed 10% for n<20),,1,1,r1--tick2--pan1500.jpg,r1--tick2--pan1500.jpg
2026-09-26-zone-own-perception-v3/dev-scan/frames/zone_wide_two_doors-s243-grasp_wrong_kind@wrist_m50,r1--tick0--pan1#.jpg,unknown SIM timing: every 10th numeric-sorted frame + first/last (mandatory endpoints may exceed 10% for n<20),,1,1,r1--tick0--pan1500.jpg,r1--tick0--pan1500.jpg
2026-09-26-zone-own-perception-v3/dev-scan/frames/zone_wide_two_doors-s243-grasp_wrong_kind@wrist_m50,r1--tick1--pan1#.jpg,unknown SIM timing: every 10th numeric-sorted frame + first/last (mandatory endpoints may exceed 10% for n<20),,1,1,r1--tick1--pan1500.jpg,r1--tick1--pan1500.jpg
2026-09-26-zone-own-perception-v3/dev-scan/frames/zone_wide_two_doors-s243-grasp_wrong_kind@wrist_m50,r1--tick2--pan1#.jpg,unknown SIM timing: every 10th numeric-sorted frame + first/last (mandatory endpoints may exceed 10% for n<20),,1,1,r1--tick2--pan1500.jpg,r1--tick2--pan1500.jpg
2026-09-26-zone-own-perception-v3/dev-scan/frames/zone_wide_two_doors-s243-held_box_carry,r1--tick0--pan1#.jpg,unknown SIM timing: every 10th numeric-sorted frame + first/last (mandatory endpoints may exceed 10% for n<20),,1,1,r1--tick0--pan1500.jpg,r1--tick0--pan1500.jpg
2026-09-26-zone-own-perception-v3/dev-scan/frames/zone_wide_two_doors-s243-held_box_carry,r1--tick1--pan1#.jpg,unknown SIM timing: every 10th numeric-sorted frame + first/last (mandatory endpoints may exceed 10% for n<20),,1,1,r1--tick1--pan1500.jpg,r1--tick1--pan1500.jpg
2026-09-26-zone-own-perception-v3/dev-scan/frames/zone_wide_two_doors-s243-held_box_carry,r1--tick2--pan1#.jpg,unknown SIM timing: every 10th numeric-sorted frame + first/last (mandatory endpoints may exceed 10% for n<20),,1,1,r1--tick2--pan1500.jpg,r1--tick2--pan1500.jpg
2026-09-26-zone-own-perception-v3/dev-scan/frames/zone_wide_two_doors-s243-held_box_held_check,r1--tick0--pan1#.jpg,unknown SIM timing: every 10th numeric-sorted frame + first/last (mandatory endpoints may exceed 10% for n<20),,1,1,r1--tick0--pan1500.jpg,r1--tick0--pan1500.jpg
2026-09-26-zone-own-perception-v3/dev-scan/frames/zone_wide_two_doors-s243-held_box_held_check,r1--tick1--pan1#.jpg,unknown SIM timing: every 10th numeric-sorted frame + first/last (mandatory endpoints may exceed 10% for n<20),,1,1,r1--tick1--pan1500.jpg,r1--tick1--pan1500.jpg
2026-09-26-zone-own-perception-v3/dev-scan/frames/zone_wide_two_doors-s243-held_box_held_check,r1--tick2--pan1#.jpg,unknown SIM timing: every 10th numeric-sorted frame + first/last (mandatory endpoints may exceed 10% for n<20),,1,1,r1--tick2--pan1500.jpg,r1--tick2--pan1500.jpg
2026-09-26-zone-own-perception-v3/dev-scan/frames/zone_wide_two_doors-s243-held_can,r1--tick0--pan1#.jpg,unknown SIM timing: every 10th numeric-sorted frame + first/last (mandatory endpoints may exceed 10% for n<20),,1,1,r1--tick0--pan1500.jpg,r1--tick0--pan1500.jpg
2026-09-26-zone-own-perception-v3/dev-scan/frames/zone_wide_two_doors-s243-held_can,r1--tick1--pan1#.jpg,unknown SIM timing: every 10th numeric-sorted frame + first/last (mandatory endpoints may exceed 10% for n<20),,1,1,r1--tick1--pan1500.jpg,r1--tick1--pan1500.jpg
2026-09-26-zone-own-perception-v3/dev-scan/frames/zone_wide_two_doors-s243-held_can,r1--tick2--pan1#.jpg,unknown SIM timing: every 10th numeric-sorted frame + first/last (mandatory endpoints may exceed 10% for n<20),,1,1,r1--tick2--pan1500.jpg,r1--tick2--pan1500.jpg
2026-09-26-zone-own-perception-v3/dev-scan/frames/zone_wide_two_doors-s243-held_can_absent,r1--tick0--pan1#.jpg,unknown SIM timing: every 10th numeric-sorted frame + first/last (mandatory endpoints may exceed 10% for n<20),,1,1,r1--tick0--pan1500.jpg,r1--tick0--pan1500.jpg
2026-09-26-zone-own-perception-v3/dev-scan/frames/zone_wide_two_doors-s243-held_can_absent,r1--tick1--pan1#.jpg,unknown SIM timing: every 10th numeric-sorted frame + first/last (mandatory endpoints may exceed 10% for n<20),,1,1,r1--tick1--pan1500.jpg,r1--tick1--pan1500.jpg
2026-09-26-zone-own-perception-v3/dev-scan/frames/zone_wide_two_doors-s243-held_can_absent,r1--tick2--pan1#.jpg,unknown SIM timing: every 10th numeric-sorted frame + first/last (mandatory endpoints may exceed 10% for n<20),,1,1,r1--tick2--pan1500.jpg,r1--tick2--pan1500.jpg
2026-09-26-zone-own-perception-v3/dev-scan/frames/zone_wide_two_doors-s243-held_can_carry,r1--tick0--pan1#.jpg,unknown SIM timing: every 10th numeric-sorted frame + first/last (mandatory endpoints may exceed 10% for n<20),,1,1,r1--tick0--pan1500.jpg,r1--tick0--pan1500.jpg
2026-09-26-zone-own-perception-v3/dev-scan/frames/zone_wide_two_doors-s243-held_can_carry,r1--tick1--pan1#.jpg,unknown SIM timing: every 10th numeric-sorted frame + first/last (mandatory endpoints may exceed 10% for n<20),,1,1,r1--tick1--pan1500.jpg,r1--tick1--pan1500.jpg
2026-09-26-zone-own-perception-v3/dev-scan/frames/zone_wide_two_doors-s243-held_can_carry,r1--tick2--pan1#.jpg,unknown SIM timing: every 10th numeric-sorted frame + first/last (mandatory endpoints may exceed 10% for n<20),,1,1,r1--tick2--pan1500.jpg,r1--tick2--pan1500.jpg
2026-09-26-zone-own-perception-v3/dev-scan/frames/zone_wide_two_doors-s243-held_can_wrong_kind,r1--tick0--pan1#.jpg,unknown SIM timing: every 10th numeric-sorted frame + first/last (mandatory endpoints may exceed 10% for n<20),,1,1,r1--tick0--pan1500.jpg,r1--tick0--pan1500.jpg
2026-09-26-zone-own-perception-v3/dev-scan/frames/zone_wide_two_doors-s243-held_can_wrong_kind,r1--tick1--pan1#.jpg,unknown SIM timing: every 10th numeric-sorted frame + first/last (mandatory endpoints may exceed 10% for n<20),,1,1,r1--tick1--pan1500.jpg,r1--tick1--pan1500.jpg
2026-09-26-zone-own-perception-v3/dev-scan/frames/zone_wide_two_doors-s243-held_can_wrong_kind,r1--tick2--pan1#.jpg,unknown SIM timing: every 10th numeric-sorted frame + first/last (mandatory endpoints may exceed 10% for n<20),,1,1,r1--tick2--pan1500.jpg,r1--tick2--pan1500.jpg
2026-09-26-zone-own-perception-v3/dev-scan/frames/zone_wide_two_doors-s243-held_nothing_carry,r1--tick0--pan1#.jpg,unknown SIM timing: every 10th numeric-sorted frame + first/last (mandatory endpoints may exceed 10% for n<20),,1,1,r1--tick0--pan1500.jpg,r1--tick0--pan1500.jpg
2026-09-26-zone-own-perception-v3/dev-scan/frames/zone_wide_two_doors-s243-held_nothing_carry,r1--tick1--pan1#.jpg,unknown SIM timing: every 10th numeric-sorted frame + first/last (mandatory endpoints may exceed 10% for n<20),,1,1,r1--tick1--pan1500.jpg,r1--tick1--pan1500.jpg
2026-09-26-zone-own-perception-v3/dev-scan/frames/zone_wide_two_doors-s243-held_nothing_carry,r1--tick2--pan1#.jpg,unknown SIM timing: every 10th numeric-sorted frame + first/last (mandatory endpoints may exceed 10% for n<20),,1,1,r1--tick2--pan1500.jpg,r1--tick2--pan1500.jpg
2026-09-26-zone-own-perception-v3/dev-scan/frames/zone_wide_two_doors-s243-held_tile_carry,r1--tick0--pan1#.jpg,unknown SIM timing: every 10th numeric-sorted frame + first/last (mandatory endpoints may exceed 10% for n<20),,1,1,r1--tick0--pan1500.jpg,r1--tick0--pan1500.jpg
2026-09-26-zone-own-perception-v3/dev-scan/frames/zone_wide_two_doors-s243-held_tile_carry,r1--tick1--pan1#.jpg,unknown SIM timing: every 10th numeric-sorted frame + first/last (mandatory endpoints may exceed 10% for n<20),,1,1,r1--tick1--pan1500.jpg,r1--tick1--pan1500.jpg
2026-09-26-zone-own-perception-v3/dev-scan/frames/zone_wide_two_doors-s243-held_tile_carry,r1--tick2--pan1#.jpg,unknown SIM timing: every 10th numeric-sorted frame + first/last (mandatory endpoints may exceed 10% for n<20),,1,1,r1--tick2--pan1500.jpg,r1--tick2--pan1500.jpg
2026-09-26-zone-own-perception-v3/dev-scan/frames/zone_wide_two_doors-s243-held_tile_expect_box_carry,r1--tick0--pan1#.jpg,unknown SIM timing: every 10th numeric-sorted frame + first/last (mandatory endpoints may exceed 10% for n<20),,1,1,r1--tick0--pan1500.jpg,r1--tick0--pan1500.jpg
2026-09-26-zone-own-perception-v3/dev-scan/frames/zone_wide_two_doors-s243-held_tile_expect_box_carry,r1--tick1--pan1#.jpg,unknown SIM timing: every 10th numeric-sorted frame + first/last (mandatory endpoints may exceed 10% for n<20),,1,1,r1--tick1--pan1500.jpg,r1--tick1--pan1500.jpg
2026-09-26-zone-own-perception-v3/dev-scan/frames/zone_wide_two_doors-s243-held_tile_expect_box_carry,r1--tick2--pan1#.jpg,unknown SIM timing: every 10th numeric-sorted frame + first/last (mandatory endpoints may exceed 10% for n<20),,1,1,r1--tick2--pan1500.jpg,r1--tick2--pan1500.jpg
2026-09-26-zone-own-perception-v3/dev-scan/frames/zone_wide_two_doors-s243-wrong_end_long_beam@approach_look_v2,r1--tick0--pan1#.jpg,unknown SIM timing: every 10th numeric-sorted frame + first/last (mandatory endpoints may exceed 10% for n<20),,1,1,r1--tick0--pan1500.jpg,r1--tick0--pan1500.jpg
2026-09-26-zone-own-perception-v3/dev-scan/frames/zone_wide_two_doors-s243-wrong_end_long_beam@approach_look_v2,r1--tick1--pan1#.jpg,unknown SIM timing: every 10th numeric-sorted frame + first/last (mandatory endpoints may exceed 10% for n<20),,1,1,r1--tick1--pan1500.jpg,r1--tick1--pan1500.jpg
2026-09-26-zone-own-perception-v3/dev-scan/frames/zone_wide_two_doors-s243-wrong_end_long_beam@approach_look_v2,r1--tick2--pan1#.jpg,unknown SIM timing: every 10th numeric-sorted frame + first/last (mandatory endpoints may exceed 10% for n<20),,1,1,r1--tick2--pan1500.jpg,r1--tick2--pan1500.jpg
2026-09-26-zone-own-perception-v3/dev-scan/frames/zone_wide_two_doors-s243-wrong_end_long_beam@ik_r10_h16_m39,r1--tick0--pan1#.jpg,unknown SIM timing: every 10th numeric-sorted frame + first/last (mandatory endpoints may exceed 10% for n<20),,1,1,r1--tick0--pan1500.jpg,r1--tick0--pan1500.jpg
2026-09-26-zone-own-perception-v3/dev-scan/frames/zone_wide_two_doors-s243-wrong_end_long_beam@ik_r10_h16_m39,r1--tick1--pan1#.jpg,unknown SIM timing: every 10th numeric-sorted frame + first/last (mandatory endpoints may exceed 10% for n<20),,1,1,r1--tick1--pan1500.jpg,r1--tick1--pan1500.jpg
2026-09-26-zone-own-perception-v3/dev-scan/frames/zone_wide_two_doors-s243-wrong_end_long_beam@ik_r10_h16_m39,r1--tick2--pan1#.jpg,unknown SIM timing: every 10th numeric-sorted frame + first/last (mandatory endpoints may exceed 10% for n<20),,1,1,r1--tick2--pan1500.jpg,r1--tick2--pan1500.jpg
2026-09-26-zone-own-perception-v3/dev-scan/frames/zone_wide_two_doors-s243-wrong_end_long_beam@ik_r10_h16_m42,r1--tick0--pan1#.jpg,unknown SIM timing: every 10th numeric-sorted frame + first/last (mandatory endpoints may exceed 10% for n<20),,1,1,r1--tick0--pan1500.jpg,r1--tick0--pan1500.jpg
2026-09-26-zone-own-perception-v3/dev-scan/frames/zone_wide_two_doors-s243-wrong_end_long_beam@ik_r10_h16_m42,r1--tick1--pan1#.jpg,unknown SIM timing: every 10th numeric-sorted frame + first/last (mandatory endpoints may exceed 10% for n<20),,1,1,r1--tick1--pan1500.jpg,r1--tick1--pan1500.jpg
2026-09-26-zone-own-perception-v3/dev-scan/frames/zone_wide_two_doors-s243-wrong_end_long_beam@ik_r10_h16_m42,r1--tick2--pan1#.jpg,unknown SIM timing: every 10th numeric-sorted frame + first/last (mandatory endpoints may exceed 10% for n<20),,1,1,r1--tick2--pan1500.jpg,r1--tick2--pan1500.jpg
2026-09-26-zone-own-perception-v3/dev-scan/frames/zone_wide_two_doors-s243-wrong_end_long_beam@wrist_m44,r1--tick0--pan1#.jpg,unknown SIM timing: every 10th numeric-sorted frame + first/last (mandatory endpoints may exceed 10% for n<20),,1,1,r1--tick0--pan1500.jpg,r1--tick0--pan1500.jpg
2026-09-26-zone-own-perception-v3/dev-scan/frames/zone_wide_two_doors-s243-wrong_end_long_beam@wrist_m44,r1--tick1--pan1#.jpg,unknown SIM timing: every 10th numeric-sorted frame + first/last (mandatory endpoints may exceed 10% for n<20),,1,1,r1--tick1--pan1500.jpg,r1--tick1--pan1500.jpg
2026-09-26-zone-own-perception-v3/dev-scan/frames/zone_wide_two_doors-s243-wrong_end_long_beam@wrist_m44,r1--tick2--pan1#.jpg,unknown SIM timing: every 10th numeric-sorted frame + first/last (mandatory endpoints may exceed 10% for n<20),,1,1,r1--tick2--pan1500.jpg,r1--tick2--pan1500.jpg
2026-09-26-zone-own-perception-v3/dev-scan/frames/zone_wide_two_doors-s243-wrong_end_long_beam@wrist_m50,r1--tick0--pan1#.jpg,unknown SIM timing: every 10th numeric-sorted frame + first/last (mandatory endpoints may exceed 10% for n<20),,1,1,r1--tick0--pan1500.jpg,r1--tick0--pan1500.jpg
2026-09-26-zone-own-perception-v3/dev-scan/frames/zone_wide_two_doors-s243-wrong_end_long_beam@wrist_m50,r1--tick1--pan1#.jpg,unknown SIM timing: every 10th numeric-sorted frame + first/last (mandatory endpoints may exceed 10% for n<20),,1,1,r1--tick1--pan1500.jpg,r1--tick1--pan1500.jpg
2026-09-26-zone-own-perception-v3/dev-scan/frames/zone_wide_two_doors-s243-wrong_end_long_beam@wrist_m50,r1--tick2--pan1#.jpg,unknown SIM timing: every 10th numeric-sorted frame + first/last (mandatory endpoints may exceed 10% for n<20),,1,1,r1--tick2--pan1500.jpg,r1--tick2--pan1500.jpg
2026-09-26-zone-own-perception-v3/smoke/eval-labels,zone_wide_door-s2#-carry_beam_expect_crate--r1--tick0--pan1#.png,unknown SIM timing: every 10th numeric-sorted frame + first/last (mandatory endpoints may exceed 10% for n<20),,1,1,zone_wide_door-s241-carry_beam_expect_crate--r1--tick0--pan1500.png,zone_wide_door-s241-carry_beam_expect_crate--r1--tick0--pan1500.png
2026-09-26-zone-own-perception-v3/smoke/eval-labels,zone_wide_door-s2#-carry_beam_expect_crate--r1--tick1--pan1#.png,unknown SIM timing: every 10th numeric-sorted frame + first/last (mandatory endpoints may exceed 10% for n<20),,1,1,zone_wide_door-s241-carry_beam_expect_crate--r1--tick1--pan1500.png,zone_wide_door-s241-carry_beam_expect_crate--r1--tick1--pan1500.png
2026-09-26-zone-own-perception-v3/smoke/eval-labels,zone_wide_door-s2#-carry_beam_expect_crate--r1--tick2--pan1#.png,unknown SIM timing: every 10th numeric-sorted frame + first/last (mandatory endpoints may exceed 10% for n<20),,1,1,zone_wide_door-s241-carry_beam_expect_crate--r1--tick2--pan1500.png,zone_wide_door-s241-carry_beam_expect_crate--r1--tick2--pan1500.png
2026-09-26-zone-own-perception-v3/smoke/eval-labels,zone_wide_door-s2#-carry_crate_expect_beam--r1--tick0--pan1#.png,unknown SIM timing: every 10th numeric-sorted frame + first/last (mandatory endpoints may exceed 10% for n<20),,1,1,zone_wide_door-s241-carry_crate_expect_beam--r1--tick0--pan1500.png,zone_wide_door-s241-carry_crate_expect_beam--r1--tick0--pan1500.png
2026-09-26-zone-own-perception-v3/smoke/eval-labels,zone_wide_door-s2#-carry_crate_expect_beam--r1--tick1--pan1#.png,unknown SIM timing: every 10th numeric-sorted frame + first/last (mandatory endpoints may exceed 10% for n<20),,1,1,zone_wide_door-s241-carry_crate_expect_beam--r1--tick1--pan1500.png,zone_wide_door-s241-carry_crate_expect_beam--r1--tick1--pan1500.png
2026-09-26-zone-own-perception-v3/smoke/eval-labels,zone_wide_door-s2#-carry_crate_expect_beam--r1--tick2--pan1#.png,unknown SIM timing: every 10th numeric-sorted frame + first/last (mandatory endpoints may exceed 10% for n<20),,1,1,zone_wide_door-s241-carry_crate_expect_beam--r1--tick2--pan1500.png,zone_wide_door-s241-carry_crate_expect_beam--r1--tick2--pan1500.png
2026-09-26-zone-own-perception-v3/smoke/eval-labels,zone_wide_door-s2#-carry_heavy_crate--r1--tick0--pan1#.png,unknown SIM timing: every 10th numeric-sorted frame + first/last (mandatory endpoints may exceed 10% for n<20),,1,1,zone_wide_door-s241-carry_heavy_crate--r1--tick0--pan1500.png,zone_wide_door-s241-carry_heavy_crate--r1--tick0--pan1500.png
2026-09-26-zone-own-perception-v3/smoke/eval-labels,zone_wide_door-s2#-carry_heavy_crate--r1--tick1--pan1#.png,unknown SIM timing: every 10th numeric-sorted frame + first/last (mandatory endpoints may exceed 10% for n<20),,1,1,zone_wide_door-s241-carry_heavy_crate--r1--tick1--pan1500.png,zone_wide_door-s241-carry_heavy_crate--r1--tick1--pan1500.png
2026-09-26-zone-own-perception-v3/smoke/eval-labels,zone_wide_door-s2#-carry_heavy_crate--r1--tick2--pan1#.png,unknown SIM timing: every 10th numeric-sorted frame + first/last (mandatory endpoints may exceed 10% for n<20),,1,1,zone_wide_door-s241-carry_heavy_crate--r1--tick2--pan1500.png,zone_wide_door-s241-carry_heavy_crate--r1--tick2--pan1500.png
2026-09-26-zone-own-perception-v3/smoke/eval-labels,zone_wide_door-s2#-carry_long_beam--r1--tick0--pan1#.png,unknown SIM timing: every 10th numeric-sorted frame + first/last (mandatory endpoints may exceed 10% for n<20),,1,1,zone_wide_door-s241-carry_long_beam--r1--tick0--pan1500.png,zone_wide_door-s241-carry_long_beam--r1--tick0--pan1500.png
2026-09-26-zone-own-perception-v3/smoke/eval-labels,zone_wide_door-s2#-carry_long_beam--r1--tick1--pan1#.png,unknown SIM timing: every 10th numeric-sorted frame + first/last (mandatory endpoints may exceed 10% for n<20),,1,1,zone_wide_door-s241-carry_long_beam--r1--tick1--pan1500.png,zone_wide_door-s241-carry_long_beam--r1--tick1--pan1500.png
2026-09-26-zone-own-perception-v3/smoke/eval-labels,zone_wide_door-s2#-carry_long_beam--r1--tick2--pan1#.png,unknown SIM timing: every 10th numeric-sorted frame + first/last (mandatory endpoints may exceed 10% for n<20),,1,1,zone_wide_door-s241-carry_long_beam--r1--tick2--pan1500.png,zone_wide_door-s241-carry_long_beam--r1--tick2--pan1500.png
2026-09-26-zone-own-perception-v3/smoke/eval-labels,zone_wide_door-s2#-carry_nothing_expect_crate--r1--tick0--pan1#.png,unknown SIM timing: every 10th numeric-sorted frame + first/last (mandatory endpoints may exceed 10% for n<20),,1,1,zone_wide_door-s241-carry_nothing_expect_crate--r1--tick0--pan1500.png,zone_wide_door-s241-carry_nothing_expect_crate--r1--tick0--pan1500.png
2026-09-26-zone-own-perception-v3/smoke/eval-labels,zone_wide_door-s2#-carry_nothing_expect_crate--r1--tick1--pan1#.png,unknown SIM timing: every 10th numeric-sorted frame + first/last (mandatory endpoints may exceed 10% for n<20),,1,1,zone_wide_door-s241-carry_nothing_expect_crate--r1--tick1--pan1500.png,zone_wide_door-s241-carry_nothing_expect_crate--r1--tick1--pan1500.png
2026-09-26-zone-own-perception-v3/smoke/eval-labels,zone_wide_door-s2#-carry_nothing_expect_crate--r1--tick2--pan1#.png,unknown SIM timing: every 10th numeric-sorted frame + first/last (mandatory endpoints may exceed 10% for n<20),,1,1,zone_wide_door-s241-carry_nothing_expect_crate--r1--tick2--pan1500.png,zone_wide_door-s241-carry_nothing_expect_crate--r1--tick2--pan1500.png
2026-09-26-zone-own-perception-v3/smoke/eval-labels,zone_wide_door-s2#-carry_tri_frame--r1--tick0--pan1#.png,unknown SIM timing: every 10th numeric-sorted frame + first/last (mandatory endpoints may exceed 10% for n<20),,1,1,zone_wide_door-s241-carry_tri_frame--r1--tick0--pan1500.png,zone_wide_door-s241-carry_tri_frame--r1--tick0--pan1500.png
2026-09-26-zone-own-perception-v3/smoke/eval-labels,zone_wide_door-s2#-carry_tri_frame--r1--tick1--pan1#.png,unknown SIM timing: every 10th numeric-sorted frame + first/last (mandatory endpoints may exceed 10% for n<20),,1,1,zone_wide_door-s241-carry_tri_frame--r1--tick1--pan1500.png,zone_wide_door-s241-carry_tri_frame--r1--tick1--pan1500.png
2026-09-26-zone-own-perception-v3/smoke/eval-labels,zone_wide_door-s2#-carry_tri_frame--r1--tick2--pan1#.png,unknown SIM timing: every 10th numeric-sorted frame + first/last (mandatory endpoints may exceed 10% for n<20),,1,1,zone_wide_door-s241-carry_tri_frame--r1--tick2--pan1500.png,zone_wide_door-s241-carry_tri_frame--r1--tick2--pan1500.png
2026-09-26-zone-own-perception-v3/smoke/eval-labels,zone_wide_door-s2#-grasp_heavy_crate@approach_look_v2--r1--tick0--pan1#.png,unknown SIM timing: every 10th numeric-sorted frame + first/last (mandatory endpoints may exceed 10% for n<20),,1,1,zone_wide_door-s241-grasp_heavy_crate@approach_look_v2--r1--tick0--pan1500.png,zone_wide_door-s241-grasp_heavy_crate@approach_look_v2--r1--tick0--pan1500.png
2026-09-26-zone-own-perception-v3/smoke/eval-labels,zone_wide_door-s2#-grasp_heavy_crate@approach_look_v2--r1--tick1--pan1#.png,unknown SIM timing: every 10th numeric-sorted frame + first/last (mandatory endpoints may exceed 10% for n<20),,1,1,zone_wide_door-s241-grasp_heavy_crate@approach_look_v2--r1--tick1--pan1500.png,zone_wide_door-s241-grasp_heavy_crate@approach_look_v2--r1--tick1--pan1500.png
2026-09-26-zone-own-perception-v3/smoke/eval-labels,zone_wide_door-s2#-grasp_heavy_crate@approach_look_v2--r1--tick2--pan1#.png,unknown SIM timing: every 10th numeric-sorted frame + first/last (mandatory endpoints may exceed 10% for n<20),,1,1,zone_wide_door-s241-grasp_heavy_crate@approach_look_v2--r1--tick2--pan1500.png,zone_wide_door-s241-grasp_heavy_crate@approach_look_v2--r1--tick2--pan1500.png
2026-09-26-zone-own-perception-v3/smoke/eval-labels,zone_wide_door-s2#-grasp_heavy_crate@ik_r1#_h1#_m3#--r1--tick0--pan1#.png,unknown SIM timing: every 10th numeric-sorted frame + first/last (mandatory endpoints may exceed 10% for n<20),,1,1,zone_wide_door-s241-grasp_heavy_crate@ik_r10_h16_m39--r1--tick0--pan1500.png,zone_wide_door-s241-grasp_heavy_crate@ik_r10_h16_m39--r1--tick0--pan1500.png
2026-09-26-zone-own-perception-v3/smoke/eval-labels,zone_wide_door-s2#-grasp_heavy_crate@ik_r1#_h1#_m3#--r1--tick1--pan1#.png,unknown SIM timing: every 10th numeric-sorted frame + first/last (mandatory endpoints may exceed 10% for n<20),,1,1,zone_wide_door-s241-grasp_heavy_crate@ik_r10_h16_m39--r1--tick1--pan1500.png,zone_wide_door-s241-grasp_heavy_crate@ik_r10_h16_m39--r1--tick1--pan1500.png
2026-09-26-zone-own-perception-v3/smoke/eval-labels,zone_wide_door-s2#-grasp_heavy_crate@ik_r1#_h1#_m3#--r1--tick2--pan1#.png,unknown SIM timing: every 10th numeric-sorted frame + first/last (mandatory endpoints may exceed 10% for n<20),,1,1,zone_wide_door-s241-grasp_heavy_crate@ik_r10_h16_m39--r1--tick2--pan1500.png,zone_wide_door-s241-grasp_heavy_crate@ik_r10_h16_m39--r1--tick2--pan1500.png
2026-09-26-zone-own-perception-v3/smoke/eval-labels,zone_wide_door-s2#-grasp_heavy_crate@ik_r1#_h1#_m4#--r1--tick0--pan1#.png,unknown SIM timing: every 10th numeric-sorted frame + first/last (mandatory endpoints may exceed 10% for n<20),,1,1,zone_wide_door-s241-grasp_heavy_crate@ik_r10_h16_m42--r1--tick0--pan1500.png,zone_wide_door-s241-grasp_heavy_crate@ik_r10_h16_m42--r1--tick0--pan1500.png
2026-09-26-zone-own-perception-v3/smoke/eval-labels,zone_wide_door-s2#-grasp_heavy_crate@ik_r1#_h1#_m4#--r1--tick1--pan1#.png,unknown SIM timing: every 10th numeric-sorted frame + first/last (mandatory endpoints may exceed 10% for n<20),,1,1,zone_wide_door-s241-grasp_heavy_crate@ik_r10_h16_m42--r1--tick1--pan1500.png,zone_wide_door-s241-grasp_heavy_crate@ik_r10_h16_m42--r1--tick1--pan1500.png
2026-09-26-zone-own-perception-v3/smoke/eval-labels,zone_wide_door-s2#-grasp_heavy_crate@ik_r1#_h1#_m4#--r1--tick2--pan1#.png,unknown SIM timing: every 10th numeric-sorted frame + first/last (mandatory endpoints may exceed 10% for n<20),,1,1,zone_wide_door-s241-grasp_heavy_crate@ik_r10_h16_m42--r1--tick2--pan1500.png,zone_wide_door-s241-grasp_heavy_crate@ik_r10_h16_m42--r1--tick2--pan1500.png
2026-09-26-zone-own-perception-v3/smoke/eval-labels,zone_wide_door-s2#-grasp_heavy_crate@wrist_m4#--r1--tick0--pan1#.png,unknown SIM timing: every 10th numeric-sorted frame + first/last (mandatory endpoints may exceed 10% for n<20),,1,1,zone_wide_door-s241-grasp_heavy_crate@wrist_m44--r1--tick0--pan1500.png,zone_wide_door-s241-grasp_heavy_crate@wrist_m44--r1--tick0--pan1500.png
2026-09-26-zone-own-perception-v3/smoke/eval-labels,zone_wide_door-s2#-grasp_heavy_crate@wrist_m4#--r1--tick1--pan1#.png,unknown SIM timing: every 10th numeric-sorted frame + first/last (mandatory endpoints may exceed 10% for n<20),,1,1,zone_wide_door-s241-grasp_heavy_crate@wrist_m44--r1--tick1--pan1500.png,zone_wide_door-s241-grasp_heavy_crate@wrist_m44--r1--tick1--pan1500.png
2026-09-26-zone-own-perception-v3/smoke/eval-labels,zone_wide_door-s2#-grasp_heavy_crate@wrist_m4#--r1--tick2--pan1#.png,unknown SIM timing: every 10th numeric-sorted frame + first/last (mandatory endpoints may exceed 10% for n<20),,1,1,zone_wide_door-s241-grasp_heavy_crate@wrist_m44--r1--tick2--pan1500.png,zone_wide_door-s241-grasp_heavy_crate@wrist_m44--r1--tick2--pan1500.png
2026-09-26-zone-own-perception-v3/smoke/eval-labels,zone_wide_door-s2#-grasp_heavy_crate@wrist_m5#--r1--tick0--pan1#.png,unknown SIM timing: every 10th numeric-sorted frame + first/last (mandatory endpoints may exceed 10% for n<20),,1,1,zone_wide_door-s241-grasp_heavy_crate@wrist_m50--r1--tick0--pan1500.png,zone_wide_door-s241-grasp_heavy_crate@wrist_m50--r1--tick0--pan1500.png
2026-09-26-zone-own-perception-v3/smoke/eval-labels,zone_wide_door-s2#-grasp_heavy_crate@wrist_m5#--r1--tick1--pan1#.png,unknown SIM timing: every 10th numeric-sorted frame + first/last (mandatory endpoints may exceed 10% for n<20),,1,1,zone_wide_door-s241-grasp_heavy_crate@wrist_m50--r1--tick1--pan1500.png,zone_wide_door-s241-grasp_heavy_crate@wrist_m50--r1--tick1--pan1500.png
2026-09-26-zone-own-perception-v3/smoke/eval-labels,zone_wide_door-s2#-grasp_heavy_crate@wrist_m5#--r1--tick2--pan1#.png,unknown SIM timing: every 10th numeric-sorted frame + first/last (mandatory endpoints may exceed 10% for n<20),,1,1,zone_wide_door-s241-grasp_heavy_crate@wrist_m50--r1--tick2--pan1500.png,zone_wide_door-s241-grasp_heavy_crate@wrist_m50--r1--tick2--pan1500.png
2026-09-26-zone-own-perception-v3/smoke/eval-labels,zone_wide_door-s2#-grasp_long_beam@approach_look_v2--r1--tick0--pan1#.png,unknown SIM timing: every 10th numeric-sorted frame + first/last (mandatory endpoints may exceed 10% for n<20),,1,1,zone_wide_door-s241-grasp_long_beam@approach_look_v2--r1--tick0--pan1500.png,zone_wide_door-s241-grasp_long_beam@approach_look_v2--r1--tick0--pan1500.png
2026-09-26-zone-own-perception-v3/smoke/eval-labels,zone_wide_door-s2#-grasp_long_beam@approach_look_v2--r1--tick1--pan1#.png,unknown SIM timing: every 10th numeric-sorted frame + first/last (mandatory endpoints may exceed 10% for n<20),,1,1,zone_wide_door-s241-grasp_long_beam@approach_look_v2--r1--tick1--pan1500.png,zone_wide_door-s241-grasp_long_beam@approach_look_v2--r1--tick1--pan1500.png
2026-09-26-zone-own-perception-v3/smoke/eval-labels,zone_wide_door-s2#-grasp_long_beam@approach_look_v2--r1--tick2--pan1#.png,unknown SIM timing: every 10th numeric-sorted frame + first/last (mandatory endpoints may exceed 10% for n<20),,1,1,zone_wide_door-s241-grasp_long_beam@approach_look_v2--r1--tick2--pan1500.png,zone_wide_door-s241-grasp_long_beam@approach_look_v2--r1--tick2--pan1500.png
2026-09-26-zone-own-perception-v3/smoke/eval-labels,zone_wide_door-s2#-grasp_long_beam@ik_r1#_h1#_m3#--r1--tick0--pan1#.png,unknown SIM timing: every 10th numeric-sorted frame + first/last (mandatory endpoints may exceed 10% for n<20),,1,1,zone_wide_door-s241-grasp_long_beam@ik_r10_h16_m39--r1--tick0--pan1500.png,zone_wide_door-s241-grasp_long_beam@ik_r10_h16_m39--r1--tick0--pan1500.png
2026-09-26-zone-own-perception-v3/smoke/eval-labels,zone_wide_door-s2#-grasp_long_beam@ik_r1#_h1#_m3#--r1--tick1--pan1#.png,unknown SIM timing: every 10th numeric-sorted frame + first/last (mandatory endpoints may exceed 10% for n<20),,1,1,zone_wide_door-s241-grasp_long_beam@ik_r10_h16_m39--r1--tick1--pan1500.png,zone_wide_door-s241-grasp_long_beam@ik_r10_h16_m39--r1--tick1--pan1500.png
2026-09-26-zone-own-perception-v3/smoke/eval-labels,zone_wide_door-s2#-grasp_long_beam@ik_r1#_h1#_m3#--r1--tick2--pan1#.png,unknown SIM timing: every 10th numeric-sorted frame + first/last (mandatory endpoints may exceed 10% for n<20),,1,1,zone_wide_door-s241-grasp_long_beam@ik_r10_h16_m39--r1--tick2--pan1500.png,zone_wide_door-s241-grasp_long_beam@ik_r10_h16_m39--r1--tick2--pan1500.png
2026-09-26-zone-own-perception-v3/smoke/eval-labels,zone_wide_door-s2#-grasp_long_beam@ik_r1#_h1#_m4#--r1--tick0--pan1#.png,unknown SIM timing: every 10th numeric-sorted frame + first/last (mandatory endpoints may exceed 10% for n<20),,1,1,zone_wide_door-s241-grasp_long_beam@ik_r10_h16_m42--r1--tick0--pan1500.png,zone_wide_door-s241-grasp_long_beam@ik_r10_h16_m42--r1--tick0--pan1500.png
2026-09-26-zone-own-perception-v3/smoke/eval-labels,zone_wide_door-s2#-grasp_long_beam@ik_r1#_h1#_m4#--r1--tick1--pan1#.png,unknown SIM timing: every 10th numeric-sorted frame + first/last (mandatory endpoints may exceed 10% for n<20),,1,1,zone_wide_door-s241-grasp_long_beam@ik_r10_h16_m42--r1--tick1--pan1500.png,zone_wide_door-s241-grasp_long_beam@ik_r10_h16_m42--r1--tick1--pan1500.png
2026-09-26-zone-own-perception-v3/smoke/eval-labels,zone_wide_door-s2#-grasp_long_beam@ik_r1#_h1#_m4#--r1--tick2--pan1#.png,unknown SIM timing: every 10th numeric-sorted frame + first/last (mandatory endpoints may exceed 10% for n<20),,1,1,zone_wide_door-s241-grasp_long_beam@ik_r10_h16_m42--r1--tick2--pan1500.png,zone_wide_door-s241-grasp_long_beam@ik_r10_h16_m42--r1--tick2--pan1500.png
2026-09-26-zone-own-perception-v3/smoke/eval-labels,zone_wide_door-s2#-grasp_long_beam@wrist_m4#--r1--tick0--pan1#.png,unknown SIM timing: every 10th numeric-sorted frame + first/last (mandatory endpoints may exceed 10% for n<20),,1,1,zone_wide_door-s241-grasp_long_beam@wrist_m44--r1--tick0--pan1500.png,zone_wide_door-s241-grasp_long_beam@wrist_m44--r1--tick0--pan1500.png
2026-09-26-zone-own-perception-v3/smoke/eval-labels,zone_wide_door-s2#-grasp_long_beam@wrist_m4#--r1--tick1--pan1#.png,unknown SIM timing: every 10th numeric-sorted frame + first/last (mandatory endpoints may exceed 10% for n<20),,1,1,zone_wide_door-s241-grasp_long_beam@wrist_m44--r1--tick1--pan1500.png,zone_wide_door-s241-grasp_long_beam@wrist_m44--r1--tick1--pan1500.png
2026-09-26-zone-own-perception-v3/smoke/eval-labels,zone_wide_door-s2#-grasp_long_beam@wrist_m4#--r1--tick2--pan1#.png,unknown SIM timing: every 10th numeric-sorted frame + first/last (mandatory endpoints may exceed 10% for n<20),,1,1,zone_wide_door-s241-grasp_long_beam@wrist_m44--r1--tick2--pan1500.png,zone_wide_door-s241-grasp_long_beam@wrist_m44--r1--tick2--pan1500.png
2026-09-26-zone-own-perception-v3/smoke/eval-labels,zone_wide_door-s2#-grasp_long_beam@wrist_m5#--r1--tick0--pan1#.png,unknown SIM timing: every 10th numeric-sorted frame + first/last (mandatory endpoints may exceed 10% for n<20),,1,1,zone_wide_door-s241-grasp_long_beam@wrist_m50--r1--tick0--pan1500.png,zone_wide_door-s241-grasp_long_beam@wrist_m50--r1--tick0--pan1500.png
2026-09-26-zone-own-perception-v3/smoke/eval-labels,zone_wide_door-s2#-grasp_long_beam@wrist_m5#--r1--tick1--pan1#.png,unknown SIM timing: every 10th numeric-sorted frame + first/last (mandatory endpoints may exceed 10% for n<20),,1,1,zone_wide_door-s241-grasp_long_beam@wrist_m50--r1--tick1--pan1500.png,zone_wide_door-s241-grasp_long_beam@wrist_m50--r1--tick1--pan1500.png
2026-09-26-zone-own-perception-v3/smoke/eval-labels,zone_wide_door-s2#-grasp_long_beam@wrist_m5#--r1--tick2--pan1#.png,unknown SIM timing: every 10th numeric-sorted frame + first/last (mandatory endpoints may exceed 10% for n<20),,1,1,zone_wide_door-s241-grasp_long_beam@wrist_m50--r1--tick2--pan1500.png,zone_wide_door-s241-grasp_long_beam@wrist_m50--r1--tick2--pan1500.png
2026-09-26-zone-own-perception-v3/smoke/eval-labels,zone_wide_door-s2#-grasp_tri_frame@approach_look_v2--r1--tick0--pan1#.png,unknown SIM timing: every 10th numeric-sorted frame + first/last (mandatory endpoints may exceed 10% for n<20),,1,1,zone_wide_door-s241-grasp_tri_frame@approach_look_v2--r1--tick0--pan1500.png,zone_wide_door-s241-grasp_tri_frame@approach_look_v2--r1--tick0--pan1500.png
2026-09-26-zone-own-perception-v3/smoke/eval-labels,zone_wide_door-s2#-grasp_tri_frame@approach_look_v2--r1--tick1--pan1#.png,unknown SIM timing: every 10th numeric-sorted frame + first/last (mandatory endpoints may exceed 10% for n<20),,1,1,zone_wide_door-s241-grasp_tri_frame@approach_look_v2--r1--tick1--pan1500.png,zone_wide_door-s241-grasp_tri_frame@approach_look_v2--r1--tick1--pan1500.png
2026-09-26-zone-own-perception-v3/smoke/eval-labels,zone_wide_door-s2#-grasp_tri_frame@approach_look_v2--r1--tick2--pan1#.png,unknown SIM timing: every 10th numeric-sorted frame + first/last (mandatory endpoints may exceed 10% for n<20),,1,1,zone_wide_door-s241-grasp_tri_frame@approach_look_v2--r1--tick2--pan1500.png,zone_wide_door-s241-grasp_tri_frame@approach_look_v2--r1--tick2--pan1500.png
2026-09-26-zone-own-perception-v3/smoke/eval-labels,zone_wide_door-s2#-grasp_tri_frame@ik_r1#_h1#_m3#--r1--tick0--pan1#.png,unknown SIM timing: every 10th numeric-sorted frame + first/last (mandatory endpoints may exceed 10% for n<20),,1,1,zone_wide_door-s241-grasp_tri_frame@ik_r10_h16_m39--r1--tick0--pan1500.png,zone_wide_door-s241-grasp_tri_frame@ik_r10_h16_m39--r1--tick0--pan1500.png
2026-09-26-zone-own-perception-v3/smoke/eval-labels,zone_wide_door-s2#-grasp_tri_frame@ik_r1#_h1#_m3#--r1--tick1--pan1#.png,unknown SIM timing: every 10th numeric-sorted frame + first/last (mandatory endpoints may exceed 10% for n<20),,1,1,zone_wide_door-s241-grasp_tri_frame@ik_r10_h16_m39--r1--tick1--pan1500.png,zone_wide_door-s241-grasp_tri_frame@ik_r10_h16_m39--r1--tick1--pan1500.png
2026-09-26-zone-own-perception-v3/smoke/eval-labels,zone_wide_door-s2#-grasp_tri_frame@ik_r1#_h1#_m3#--r1--tick2--pan1#.png,unknown SIM timing: every 10th numeric-sorted frame + first/last (mandatory endpoints may exceed 10% for n<20),,1,1,zone_wide_door-s241-grasp_tri_frame@ik_r10_h16_m39--r1--tick2--pan1500.png,zone_wide_door-s241-grasp_tri_frame@ik_r10_h16_m39--r1--tick2--pan1500.png
2026-09-26-zone-own-perception-v3/smoke/eval-labels,zone_wide_door-s2#-grasp_tri_frame@ik_r1#_h1#_m4#--r1--tick0--pan1#.png,unknown SIM timing: every 10th numeric-sorted frame + first/last (mandatory endpoints may exceed 10% for n<20),,1,1,zone_wide_door-s241-grasp_tri_frame@ik_r10_h16_m42--r1--tick0--pan1500.png,zone_wide_door-s241-grasp_tri_frame@ik_r10_h16_m42--r1--tick0--pan1500.png
2026-09-26-zone-own-perception-v3/smoke/eval-labels,zone_wide_door-s2#-grasp_tri_frame@ik_r1#_h1#_m4#--r1--tick1--pan1#.png,unknown SIM timing: every 10th numeric-sorted frame + first/last (mandatory endpoints may exceed 10% for n<20),,1,1,zone_wide_door-s241-grasp_tri_frame@ik_r10_h16_m42--r1--tick1--pan1500.png,zone_wide_door-s241-grasp_tri_frame@ik_r10_h16_m42--r1--tick1--pan1500.png
2026-09-26-zone-own-perception-v3/smoke/eval-labels,zone_wide_door-s2#-grasp_tri_frame@ik_r1#_h1#_m4#--r1--tick2--pan1#.png,unknown SIM timing: every 10th numeric-sorted frame + first/last (mandatory endpoints may exceed 10% for n<20),,1,1,zone_wide_door-s241-grasp_tri_frame@ik_r10_h16_m42--r1--tick2--pan1500.png,zone_wide_door-s241-grasp_tri_frame@ik_r10_h16_m42--r1--tick2--pan1500.png
2026-09-26-zone-own-perception-v3/smoke/eval-labels,zone_wide_door-s2#-grasp_tri_frame@wrist_m4#--r1--tick0--pan1#.png,unknown SIM timing: every 10th numeric-sorted frame + first/last (mandatory endpoints may exceed 10% for n<20),,1,1,zone_wide_door-s241-grasp_tri_frame@wrist_m44--r1--tick0--pan1500.png,zone_wide_door-s241-grasp_tri_frame@wrist_m44--r1--tick0--pan1500.png
2026-09-26-zone-own-perception-v3/smoke/eval-labels,zone_wide_door-s2#-grasp_tri_frame@wrist_m4#--r1--tick1--pan1#.png,unknown SIM timing: every 10th numeric-sorted frame + first/last (mandatory endpoints may exceed 10% for n<20),,1,1,zone_wide_door-s241-grasp_tri_frame@wrist_m44--r1--tick1--pan1500.png,zone_wide_door-s241-grasp_tri_frame@wrist_m44--r1--tick1--pan1500.png
2026-09-26-zone-own-perception-v3/smoke/eval-labels,zone_wide_door-s2#-grasp_tri_frame@wrist_m4#--r1--tick2--pan1#.png,unknown SIM timing: every 10th numeric-sorted frame + first/last (mandatory endpoints may exceed 10% for n<20),,1,1,zone_wide_door-s241-grasp_tri_frame@wrist_m44--r1--tick2--pan1500.png,zone_wide_door-s241-grasp_tri_frame@wrist_m44--r1--tick2--pan1500.png
2026-09-26-zone-own-perception-v3/smoke/eval-labels,zone_wide_door-s2#-grasp_tri_frame@wrist_m5#--r1--tick0--pan1#.png,unknown SIM timing: every 10th numeric-sorted frame + first/last (mandatory endpoints may exceed 10% for n<20),,1,1,zone_wide_door-s241-grasp_tri_frame@wrist_m50--r1--tick0--pan1500.png,zone_wide_door-s241-grasp_tri_frame@wrist_m50--r1--tick0--pan1500.png
2026-09-26-zone-own-perception-v3/smoke/eval-labels,zone_wide_door-s2#-grasp_tri_frame@wrist_m5#--r1--tick1--pan1#.png,unknown SIM timing: every 10th numeric-sorted frame + first/last (mandatory endpoints may exceed 10% for n<20),,1,1,zone_wide_door-s241-grasp_tri_frame@wrist_m50--r1--tick1--pan1500.png,zone_wide_door-s241-grasp_tri_frame@wrist_m50--r1--tick1--pan1500.png
2026-09-26-zone-own-perception-v3/smoke/eval-labels,zone_wide_door-s2#-grasp_tri_frame@wrist_m5#--r1--tick2--pan1#.png,unknown SIM timing: every 10th numeric-sorted frame + first/last (mandatory endpoints may exceed 10% for n<20),,1,1,zone_wide_door-s241-grasp_tri_frame@wrist_m50--r1--tick2--pan1500.png,zone_wide_door-s241-grasp_tri_frame@wrist_m50--r1--tick2--pan1500.png
2026-09-26-zone-own-perception-v3/smoke/eval-labels,zone_wide_door-s2#-grasp_wrong_kind@approach_look_v2--r1--tick0--pan1#.png,unknown SIM timing: every 10th numeric-sorted frame + first/last (mandatory endpoints may exceed 10% for n<20),,1,1,zone_wide_door-s241-grasp_wrong_kind@approach_look_v2--r1--tick0--pan1500.png,zone_wide_door-s241-grasp_wrong_kind@approach_look_v2--r1--tick0--pan1500.png
2026-09-26-zone-own-perception-v3/smoke/eval-labels,zone_wide_door-s2#-grasp_wrong_kind@approach_look_v2--r1--tick1--pan1#.png,unknown SIM timing: every 10th numeric-sorted frame + first/last (mandatory endpoints may exceed 10% for n<20),,1,1,zone_wide_door-s241-grasp_wrong_kind@approach_look_v2--r1--tick1--pan1500.png,zone_wide_door-s241-grasp_wrong_kind@approach_look_v2--r1--tick1--pan1500.png
2026-09-26-zone-own-perception-v3/smoke/eval-labels,zone_wide_door-s2#-grasp_wrong_kind@approach_look_v2--r1--tick2--pan1#.png,unknown SIM timing: every 10th numeric-sorted frame + first/last (mandatory endpoints may exceed 10% for n<20),,1,1,zone_wide_door-s241-grasp_wrong_kind@approach_look_v2--r1--tick2--pan1500.png,zone_wide_door-s241-grasp_wrong_kind@approach_look_v2--r1--tick2--pan1500.png
2026-09-26-zone-own-perception-v3/smoke/eval-labels,zone_wide_door-s2#-grasp_wrong_kind@ik_r1#_h1#_m3#--r1--tick0--pan1#.png,unknown SIM timing: every 10th numeric-sorted frame + first/last (mandatory endpoints may exceed 10% for n<20),,1,1,zone_wide_door-s241-grasp_wrong_kind@ik_r10_h16_m39--r1--tick0--pan1500.png,zone_wide_door-s241-grasp_wrong_kind@ik_r10_h16_m39--r1--tick0--pan1500.png
2026-09-26-zone-own-perception-v3/smoke/eval-labels,zone_wide_door-s2#-grasp_wrong_kind@ik_r1#_h1#_m3#--r1--tick1--pan1#.png,unknown SIM timing: every 10th numeric-sorted frame + first/last (mandatory endpoints may exceed 10% for n<20),,1,1,zone_wide_door-s241-grasp_wrong_kind@ik_r10_h16_m39--r1--tick1--pan1500.png,zone_wide_door-s241-grasp_wrong_kind@ik_r10_h16_m39--r1--tick1--pan1500.png
2026-09-26-zone-own-perception-v3/smoke/eval-labels,zone_wide_door-s2#-grasp_wrong_kind@ik_r1#_h1#_m3#--r1--tick2--pan1#.png,unknown SIM timing: every 10th numeric-sorted frame + first/last (mandatory endpoints may exceed 10% for n<20),,1,1,zone_wide_door-s241-grasp_wrong_kind@ik_r10_h16_m39--r1--tick2--pan1500.png,zone_wide_door-s241-grasp_wrong_kind@ik_r10_h16_m39--r1--tick2--pan1500.png
2026-09-26-zone-own-perception-v3/smoke/eval-labels,zone_wide_door-s2#-grasp_wrong_kind@ik_r1#_h1#_m4#--r1--tick0--pan1#.png,unknown SIM timing: every 10th numeric-sorted frame + first/last (mandatory endpoints may exceed 10% for n<20),,1,1,zone_wide_door-s241-grasp_wrong_kind@ik_r10_h16_m42--r1--tick0--pan1500.png,zone_wide_door-s241-grasp_wrong_kind@ik_r10_h16_m42--r1--tick0--pan1500.png
2026-09-26-zone-own-perception-v3/smoke/eval-labels,zone_wide_door-s2#-grasp_wrong_kind@ik_r1#_h1#_m4#--r1--tick1--pan1#.png,unknown SIM timing: every 10th numeric-sorted frame + first/last (mandatory endpoints may exceed 10% for n<20),,1,1,zone_wide_door-s241-grasp_wrong_kind@ik_r10_h16_m42--r1--tick1--pan1500.png,zone_wide_door-s241-grasp_wrong_kind@ik_r10_h16_m42--r1--tick1--pan1500.png
2026-09-26-zone-own-perception-v3/smoke/eval-labels,zone_wide_door-s2#-grasp_wrong_kind@ik_r1#_h1#_m4#--r1--tick2--pan1#.png,unknown SIM timing: every 10th numeric-sorted frame + first/last (mandatory endpoints may exceed 10% for n<20),,1,1,zone_wide_door-s241-grasp_wrong_kind@ik_r10_h16_m42--r1--tick2--pan1500.png,zone_wide_door-s241-grasp_wrong_kind@ik_r10_h16_m42--r1--tick2--pan1500.png
2026-09-26-zone-own-perception-v3/smoke/eval-labels,zone_wide_door-s2#-grasp_wrong_kind@wrist_m4#--r1--tick0--pan1#.png,unknown SIM timing: every 10th numeric-sorted frame + first/last (mandatory endpoints may exceed 10% for n<20),,1,1,zone_wide_door-s241-grasp_wrong_kind@wrist_m44--r1--tick0--pan1500.png,zone_wide_door-s241-grasp_wrong_kind@wrist_m44--r1--tick0--pan1500.png
2026-09-26-zone-own-perception-v3/smoke/eval-labels,zone_wide_door-s2#-grasp_wrong_kind@wrist_m4#--r1--tick1--pan1#.png,unknown SIM timing: every 10th numeric-sorted frame + first/last (mandatory endpoints may exceed 10% for n<20),,1,1,zone_wide_door-s241-grasp_wrong_kind@wrist_m44--r1--tick1--pan1500.png,zone_wide_door-s241-grasp_wrong_kind@wrist_m44--r1--tick1--pan1500.png
2026-09-26-zone-own-perception-v3/smoke/eval-labels,zone_wide_door-s2#-grasp_wrong_kind@wrist_m4#--r1--tick2--pan1#.png,unknown SIM timing: every 10th numeric-sorted frame + first/last (mandatory endpoints may exceed 10% for n<20),,1,1,zone_wide_door-s241-grasp_wrong_kind@wrist_m44--r1--tick2--pan1500.png,zone_wide_door-s241-grasp_wrong_kind@wrist_m44--r1--tick2--pan1500.png
2026-09-26-zone-own-perception-v3/smoke/eval-labels,zone_wide_door-s2#-grasp_wrong_kind@wrist_m5#--r1--tick0--pan1#.png,unknown SIM timing: every 10th numeric-sorted frame + first/last (mandatory endpoints may exceed 10% for n<20),,1,1,zone_wide_door-s241-grasp_wrong_kind@wrist_m50--r1--tick0--pan1500.png,zone_wide_door-s241-grasp_wrong_kind@wrist_m50--r1--tick0--pan1500.png
2026-09-26-zone-own-perception-v3/smoke/eval-labels,zone_wide_door-s2#-grasp_wrong_kind@wrist_m5#--r1--tick1--pan1#.png,unknown SIM timing: every 10th numeric-sorted frame + first/last (mandatory endpoints may exceed 10% for n<20),,1,1,zone_wide_door-s241-grasp_wrong_kind@wrist_m50--r1--tick1--pan1500.png,zone_wide_door-s241-grasp_wrong_kind@wrist_m50--r1--tick1--pan1500.png
2026-09-26-zone-own-perception-v3/smoke/eval-labels,zone_wide_door-s2#-grasp_wrong_kind@wrist_m5#--r1--tick2--pan1#.png,unknown SIM timing: every 10th numeric-sorted frame + first/last (mandatory endpoints may exceed 10% for n<20),,1,1,zone_wide_door-s241-grasp_wrong_kind@wrist_m50--r1--tick2--pan1500.png,zone_wide_door-s241-grasp_wrong_kind@wrist_m50--r1--tick2--pan1500.png
2026-09-26-zone-own-perception-v3/smoke/eval-labels,zone_wide_door-s2#-held_box_carry--r1--tick0--pan1#.png,unknown SIM timing: every 10th numeric-sorted frame + first/last (mandatory endpoints may exceed 10% for n<20),,1,1,zone_wide_door-s241-held_box_carry--r1--tick0--pan1500.png,zone_wide_door-s241-held_box_carry--r1--tick0--pan1500.png
2026-09-26-zone-own-perception-v3/smoke/eval-labels,zone_wide_door-s2#-held_box_carry--r1--tick1--pan1#.png,unknown SIM timing: every 10th numeric-sorted frame + first/last (mandatory endpoints may exceed 10% for n<20),,1,1,zone_wide_door-s241-held_box_carry--r1--tick1--pan1500.png,zone_wide_door-s241-held_box_carry--r1--tick1--pan1500.png
2026-09-26-zone-own-perception-v3/smoke/eval-labels,zone_wide_door-s2#-held_box_carry--r1--tick2--pan1#.png,unknown SIM timing: every 10th numeric-sorted frame + first/last (mandatory endpoints may exceed 10% for n<20),,1,1,zone_wide_door-s241-held_box_carry--r1--tick2--pan1500.png,zone_wide_door-s241-held_box_carry--r1--tick2--pan1500.png
2026-09-26-zone-own-perception-v3/smoke/eval-labels,zone_wide_door-s2#-held_box_held_check--r1--tick0--pan1#.png,unknown SIM timing: every 10th numeric-sorted frame + first/last (mandatory endpoints may exceed 10% for n<20),,1,1,zone_wide_door-s241-held_box_held_check--r1--tick0--pan1500.png,zone_wide_door-s241-held_box_held_check--r1--tick0--pan1500.png
2026-09-26-zone-own-perception-v3/smoke/eval-labels,zone_wide_door-s2#-held_box_held_check--r1--tick1--pan1#.png,unknown SIM timing: every 10th numeric-sorted frame + first/last (mandatory endpoints may exceed 10% for n<20),,1,1,zone_wide_door-s241-held_box_held_check--r1--tick1--pan1500.png,zone_wide_door-s241-held_box_held_check--r1--tick1--pan1500.png
2026-09-26-zone-own-perception-v3/smoke/eval-labels,zone_wide_door-s2#-held_box_held_check--r1--tick2--pan1#.png,unknown SIM timing: every 10th numeric-sorted frame + first/last (mandatory endpoints may exceed 10% for n<20),,1,1,zone_wide_door-s241-held_box_held_check--r1--tick2--pan1500.png,zone_wide_door-s241-held_box_held_check--r1--tick2--pan1500.png
2026-09-26-zone-own-perception-v3/smoke/eval-labels,zone_wide_door-s2#-held_can--r1--tick0--pan1#.png,unknown SIM timing: every 10th numeric-sorted frame + first/last (mandatory endpoints may exceed 10% for n<20),,1,1,zone_wide_door-s241-held_can--r1--tick0--pan1500.png,zone_wide_door-s241-held_can--r1--tick0--pan1500.png
2026-09-26-zone-own-perception-v3/smoke/eval-labels,zone_wide_door-s2#-held_can--r1--tick1--pan1#.png,unknown SIM timing: every 10th numeric-sorted frame + first/last (mandatory endpoints may exceed 10% for n<20),,1,1,zone_wide_door-s241-held_can--r1--tick1--pan1500.png,zone_wide_door-s241-held_can--r1--tick1--pan1500.png
2026-09-26-zone-own-perception-v3/smoke/eval-labels,zone_wide_door-s2#-held_can--r1--tick2--pan1#.png,unknown SIM timing: every 10th numeric-sorted frame + first/last (mandatory endpoints may exceed 10% for n<20),,1,1,zone_wide_door-s241-held_can--r1--tick2--pan1500.png,zone_wide_door-s241-held_can--r1--tick2--pan1500.png
2026-09-26-zone-own-perception-v3/smoke/eval-labels,zone_wide_door-s2#-held_can_absent--r1--tick0--pan1#.png,unknown SIM timing: every 10th numeric-sorted frame + first/last (mandatory endpoints may exceed 10% for n<20),,1,1,zone_wide_door-s241-held_can_absent--r1--tick0--pan1500.png,zone_wide_door-s241-held_can_absent--r1--tick0--pan1500.png
2026-09-26-zone-own-perception-v3/smoke/eval-labels,zone_wide_door-s2#-held_can_absent--r1--tick1--pan1#.png,unknown SIM timing: every 10th numeric-sorted frame + first/last (mandatory endpoints may exceed 10% for n<20),,1,1,zone_wide_door-s241-held_can_absent--r1--tick1--pan1500.png,zone_wide_door-s241-held_can_absent--r1--tick1--pan1500.png
2026-09-26-zone-own-perception-v3/smoke/eval-labels,zone_wide_door-s2#-held_can_absent--r1--tick2--pan1#.png,unknown SIM timing: every 10th numeric-sorted frame + first/last (mandatory endpoints may exceed 10% for n<20),,1,1,zone_wide_door-s241-held_can_absent--r1--tick2--pan1500.png,zone_wide_door-s241-held_can_absent--r1--tick2--pan1500.png
2026-09-26-zone-own-perception-v3/smoke/eval-labels,zone_wide_door-s2#-held_can_carry--r1--tick0--pan1#.png,unknown SIM timing: every 10th numeric-sorted frame + first/last (mandatory endpoints may exceed 10% for n<20),,1,1,zone_wide_door-s241-held_can_carry--r1--tick0--pan1500.png,zone_wide_door-s241-held_can_carry--r1--tick0--pan1500.png
2026-09-26-zone-own-perception-v3/smoke/eval-labels,zone_wide_door-s2#-held_can_carry--r1--tick1--pan1#.png,unknown SIM timing: every 10th numeric-sorted frame + first/last (mandatory endpoints may exceed 10% for n<20),,1,1,zone_wide_door-s241-held_can_carry--r1--tick1--pan1500.png,zone_wide_door-s241-held_can_carry--r1--tick1--pan1500.png
2026-09-26-zone-own-perception-v3/smoke/eval-labels,zone_wide_door-s2#-held_can_carry--r1--tick2--pan1#.png,unknown SIM timing: every 10th numeric-sorted frame + first/last (mandatory endpoints may exceed 10% for n<20),,1,1,zone_wide_door-s241-held_can_carry--r1--tick2--pan1500.png,zone_wide_door-s241-held_can_carry--r1--tick2--pan1500.png
2026-09-26-zone-own-perception-v3/smoke/eval-labels,zone_wide_door-s2#-held_can_wrong_kind--r1--tick0--pan1#.png,unknown SIM timing: every 10th numeric-sorted frame + first/last (mandatory endpoints may exceed 10% for n<20),,1,1,zone_wide_door-s241-held_can_wrong_kind--r1--tick0--pan1500.png,zone_wide_door-s241-held_can_wrong_kind--r1--tick0--pan1500.png
2026-09-26-zone-own-perception-v3/smoke/eval-labels,zone_wide_door-s2#-held_can_wrong_kind--r1--tick1--pan1#.png,unknown SIM timing: every 10th numeric-sorted frame + first/last (mandatory endpoints may exceed 10% for n<20),,1,1,zone_wide_door-s241-held_can_wrong_kind--r1--tick1--pan1500.png,zone_wide_door-s241-held_can_wrong_kind--r1--tick1--pan1500.png
2026-09-26-zone-own-perception-v3/smoke/eval-labels,zone_wide_door-s2#-held_can_wrong_kind--r1--tick2--pan1#.png,unknown SIM timing: every 10th numeric-sorted frame + first/last (mandatory endpoints may exceed 10% for n<20),,1,1,zone_wide_door-s241-held_can_wrong_kind--r1--tick2--pan1500.png,zone_wide_door-s241-held_can_wrong_kind--r1--tick2--pan1500.png
2026-09-26-zone-own-perception-v3/smoke/eval-labels,zone_wide_door-s2#-held_nothing_carry--r1--tick0--pan1#.png,unknown SIM timing: every 10th numeric-sorted frame + first/last (mandatory endpoints may exceed 10% for n<20),,1,1,zone_wide_door-s241-held_nothing_carry--r1--tick0--pan1500.png,zone_wide_door-s241-held_nothing_carry--r1--tick0--pan1500.png
2026-09-26-zone-own-perception-v3/smoke/eval-labels,zone_wide_door-s2#-held_nothing_carry--r1--tick1--pan1#.png,unknown SIM timing: every 10th numeric-sorted frame + first/last (mandatory endpoints may exceed 10% for n<20),,1,1,zone_wide_door-s241-held_nothing_carry--r1--tick1--pan1500.png,zone_wide_door-s241-held_nothing_carry--r1--tick1--pan1500.png
2026-09-26-zone-own-perception-v3/smoke/eval-labels,zone_wide_door-s2#-held_nothing_carry--r1--tick2--pan1#.png,unknown SIM timing: every 10th numeric-sorted frame + first/last (mandatory endpoints may exceed 10% for n<20),,1,1,zone_wide_door-s241-held_nothing_carry--r1--tick2--pan1500.png,zone_wide_door-s241-held_nothing_carry--r1--tick2--pan1500.png
2026-09-26-zone-own-perception-v3/smoke/eval-labels,zone_wide_door-s2#-held_tile_carry--r1--tick0--pan1#.png,unknown SIM timing: every 10th numeric-sorted frame + first/last (mandatory endpoints may exceed 10% for n<20),,1,1,zone_wide_door-s241-held_tile_carry--r1--tick0--pan1500.png,zone_wide_door-s241-held_tile_carry--r1--tick0--pan1500.png
2026-09-26-zone-own-perception-v3/smoke/eval-labels,zone_wide_door-s2#-held_tile_carry--r1--tick1--pan1#.png,unknown SIM timing: every 10th numeric-sorted frame + first/last (mandatory endpoints may exceed 10% for n<20),,1,1,zone_wide_door-s241-held_tile_carry--r1--tick1--pan1500.png,zone_wide_door-s241-held_tile_carry--r1--tick1--pan1500.png
2026-09-26-zone-own-perception-v3/smoke/eval-labels,zone_wide_door-s2#-held_tile_carry--r1--tick2--pan1#.png,unknown SIM timing: every 10th numeric-sorted frame + first/last (mandatory endpoints may exceed 10% for n<20),,1,1,zone_wide_door-s241-held_tile_carry--r1--tick2--pan1500.png,zone_wide_door-s241-held_tile_carry--r1--tick2--pan1500.png
2026-09-26-zone-own-perception-v3/smoke/eval-labels,zone_wide_door-s2#-held_tile_expect_box_carry--r1--tick0--pan1#.png,unknown SIM timing: every 10th numeric-sorted frame + first/last (mandatory endpoints may exceed 10% for n<20),,1,1,zone_wide_door-s241-held_tile_expect_box_carry--r1--tick0--pan1500.png,zone_wide_door-s241-held_tile_expect_box_carry--r1--tick0--pan1500.png
2026-09-26-zone-own-perception-v3/smoke/eval-labels,zone_wide_door-s2#-held_tile_expect_box_carry--r1--tick1--pan1#.png,unknown SIM timing: every 10th numeric-sorted frame + first/last (mandatory endpoints may exceed 10% for n<20),,1,1,zone_wide_door-s241-held_tile_expect_box_carry--r1--tick1--pan1500.png,zone_wide_door-s241-held_tile_expect_box_carry--r1--tick1--pan1500.png
2026-09-26-zone-own-perception-v3/smoke/eval-labels,zone_wide_door-s2#-held_tile_expect_box_carry--r1--tick2--pan1#.png,unknown SIM timing: every 10th numeric-sorted frame + first/last (mandatory endpoints may exceed 10% for n<20),,1,1,zone_wide_door-s241-held_tile_expect_box_carry--r1--tick2--pan1500.png,zone_wide_door-s241-held_tile_expect_box_carry--r1--tick2--pan1500.png
2026-09-26-zone-own-perception-v3/smoke/eval-labels,zone_wide_door-s2#-wrong_end_long_beam@approach_look_v2--r1--tick0--pan1#.png,unknown SIM timing: every 10th numeric-sorted frame + first/last (mandatory endpoints may exceed 10% for n<20),,1,1,zone_wide_door-s241-wrong_end_long_beam@approach_look_v2--r1--tick0--pan1500.png,zone_wide_door-s241-wrong_end_long_beam@approach_look_v2--r1--tick0--pan1500.png
2026-09-26-zone-own-perception-v3/smoke/eval-labels,zone_wide_door-s2#-wrong_end_long_beam@approach_look_v2--r1--tick1--pan1#.png,unknown SIM timing: every 10th numeric-sorted frame + first/last (mandatory endpoints may exceed 10% for n<20),,1,1,zone_wide_door-s241-wrong_end_long_beam@approach_look_v2--r1--tick1--pan1500.png,zone_wide_door-s241-wrong_end_long_beam@approach_look_v2--r1--tick1--pan1500.png
2026-09-26-zone-own-perception-v3/smoke/eval-labels,zone_wide_door-s2#-wrong_end_long_beam@approach_look_v2--r1--tick2--pan1#.png,unknown SIM timing: every 10th numeric-sorted frame + first/last (mandatory endpoints may exceed 10% for n<20),,1,1,zone_wide_door-s241-wrong_end_long_beam@approach_look_v2--r1--tick2--pan1500.png,zone_wide_door-s241-wrong_end_long_beam@approach_look_v2--r1--tick2--pan1500.png
2026-09-26-zone-own-perception-v3/smoke/eval-labels,zone_wide_door-s2#-wrong_end_long_beam@ik_r1#_h1#_m3#--r1--tick0--pan1#.png,unknown SIM timing: every 10th numeric-sorted frame + first/last (mandatory endpoints may exceed 10% for n<20),,1,1,zone_wide_door-s241-wrong_end_long_beam@ik_r10_h16_m39--r1--tick0--pan1500.png,zone_wide_door-s241-wrong_end_long_beam@ik_r10_h16_m39--r1--tick0--pan1500.png
2026-09-26-zone-own-perception-v3/smoke/eval-labels,zone_wide_door-s2#-wrong_end_long_beam@ik_r1#_h1#_m3#--r1--tick1--pan1#.png,unknown SIM timing: every 10th numeric-sorted frame + first/last (mandatory endpoints may exceed 10% for n<20),,1,1,zone_wide_door-s241-wrong_end_long_beam@ik_r10_h16_m39--r1--tick1--pan1500.png,zone_wide_door-s241-wrong_end_long_beam@ik_r10_h16_m39--r1--tick1--pan1500.png
2026-09-26-zone-own-perception-v3/smoke/eval-labels,zone_wide_door-s2#-wrong_end_long_beam@ik_r1#_h1#_m3#--r1--tick2--pan1#.png,unknown SIM timing: every 10th numeric-sorted frame + first/last (mandatory endpoints may exceed 10% for n<20),,1,1,zone_wide_door-s241-wrong_end_long_beam@ik_r10_h16_m39--r1--tick2--pan1500.png,zone_wide_door-s241-wrong_end_long_beam@ik_r10_h16_m39--r1--tick2--pan1500.png
2026-09-26-zone-own-perception-v3/smoke/eval-labels,zone_wide_door-s2#-wrong_end_long_beam@ik_r1#_h1#_m4#--r1--tick0--pan1#.png,unknown SIM timing: every 10th numeric-sorted frame + first/last (mandatory endpoints may exceed 10% for n<20),,1,1,zone_wide_door-s241-wrong_end_long_beam@ik_r10_h16_m42--r1--tick0--pan1500.png,zone_wide_door-s241-wrong_end_long_beam@ik_r10_h16_m42--r1--tick0--pan1500.png
2026-09-26-zone-own-perception-v3/smoke/eval-labels,zone_wide_door-s2#-wrong_end_long_beam@ik_r1#_h1#_m4#--r1--tick1--pan1#.png,unknown SIM timing: every 10th numeric-sorted frame + first/last (mandatory endpoints may exceed 10% for n<20),,1,1,zone_wide_door-s241-wrong_end_long_beam@ik_r10_h16_m42--r1--tick1--pan1500.png,zone_wide_door-s241-wrong_end_long_beam@ik_r10_h16_m42--r1--tick1--pan1500.png
2026-09-26-zone-own-perception-v3/smoke/eval-labels,zone_wide_door-s2#-wrong_end_long_beam@ik_r1#_h1#_m4#--r1--tick2--pan1#.png,unknown SIM timing: every 10th numeric-sorted frame + first/last (mandatory endpoints may exceed 10% for n<20),,1,1,zone_wide_door-s241-wrong_end_long_beam@ik_r10_h16_m42--r1--tick2--pan1500.png,zone_wide_door-s241-wrong_end_long_beam@ik_r10_h16_m42--r1--tick2--pan1500.png
2026-09-26-zone-own-perception-v3/smoke/eval-labels,zone_wide_door-s2#-wrong_end_long_beam@wrist_m4#--r1--tick0--pan1#.png,unknown SIM timing: every 10th numeric-sorted frame + first/last (mandatory endpoints may exceed 10% for n<20),,1,1,zone_wide_door-s241-wrong_end_long_beam@wrist_m44--r1--tick0--pan1500.png,zone_wide_door-s241-wrong_end_long_beam@wrist_m44--r1--tick0--pan1500.png
2026-09-26-zone-own-perception-v3/smoke/eval-labels,zone_wide_door-s2#-wrong_end_long_beam@wrist_m4#--r1--tick1--pan1#.png,unknown SIM timing: every 10th numeric-sorted frame + first/last (mandatory endpoints may exceed 10% for n<20),,1,1,zone_wide_door-s241-wrong_end_long_beam@wrist_m44--r1--tick1--pan1500.png,zone_wide_door-s241-wrong_end_long_beam@wrist_m44--r1--tick1--pan1500.png
2026-09-26-zone-own-perception-v3/smoke/eval-labels,zone_wide_door-s2#-wrong_end_long_beam@wrist_m4#--r1--tick2--pan1#.png,unknown SIM timing: every 10th numeric-sorted frame + first/last (mandatory endpoints may exceed 10% for n<20),,1,1,zone_wide_door-s241-wrong_end_long_beam@wrist_m44--r1--tick2--pan1500.png,zone_wide_door-s241-wrong_end_long_beam@wrist_m44--r1--tick2--pan1500.png
2026-09-26-zone-own-perception-v3/smoke/eval-labels,zone_wide_door-s2#-wrong_end_long_beam@wrist_m5#--r1--tick0--pan1#.png,unknown SIM timing: every 10th numeric-sorted frame + first/last (mandatory endpoints may exceed 10% for n<20),,1,1,zone_wide_door-s241-wrong_end_long_beam@wrist_m50--r1--tick0--pan1500.png,zone_wide_door-s241-wrong_end_long_beam@wrist_m50--r1--tick0--pan1500.png
2026-09-26-zone-own-perception-v3/smoke/eval-labels,zone_wide_door-s2#-wrong_end_long_beam@wrist_m5#--r1--tick1--pan1#.png,unknown SIM timing: every 10th numeric-sorted frame + first/last (mandatory endpoints may exceed 10% for n<20),,1,1,zone_wide_door-s241-wrong_end_long_beam@wrist_m50--r1--tick1--pan1500.png,zone_wide_door-s241-wrong_end_long_beam@wrist_m50--r1--tick1--pan1500.png
2026-09-26-zone-own-perception-v3/smoke/eval-labels,zone_wide_door-s2#-wrong_end_long_beam@wrist_m5#--r1--tick2--pan1#.png,unknown SIM timing: every 10th numeric-sorted frame + first/last (mandatory endpoints may exceed 10% for n<20),,1,1,zone_wide_door-s241-wrong_end_long_beam@wrist_m50--r1--tick2--pan1500.png,zone_wide_door-s241-wrong_end_long_beam@wrist_m50--r1--tick2--pan1500.png
2026-09-26-zone-own-perception-v3/smoke/frames/zone_wide_door-s241-carry_beam_expect_crate,r1--tick0--pan1#.jpg,unknown SIM timing: every 10th numeric-sorted frame + first/last (mandatory endpoints may exceed 10% for n<20),,1,1,r1--tick0--pan1500.jpg,r1--tick0--pan1500.jpg
2026-09-26-zone-own-perception-v3/smoke/frames/zone_wide_door-s241-carry_beam_expect_crate,r1--tick1--pan1#.jpg,unknown SIM timing: every 10th numeric-sorted frame + first/last (mandatory endpoints may exceed 10% for n<20),,1,1,r1--tick1--pan1500.jpg,r1--tick1--pan1500.jpg
2026-09-26-zone-own-perception-v3/smoke/frames/zone_wide_door-s241-carry_beam_expect_crate,r1--tick2--pan1#.jpg,unknown SIM timing: every 10th numeric-sorted frame + first/last (mandatory endpoints may exceed 10% for n<20),,1,1,r1--tick2--pan1500.jpg,r1--tick2--pan1500.jpg
2026-09-26-zone-own-perception-v3/smoke/frames/zone_wide_door-s241-carry_crate_expect_beam,r1--tick0--pan1#.jpg,unknown SIM timing: every 10th numeric-sorted frame + first/last (mandatory endpoints may exceed 10% for n<20),,1,1,r1--tick0--pan1500.jpg,r1--tick0--pan1500.jpg
2026-09-26-zone-own-perception-v3/smoke/frames/zone_wide_door-s241-carry_crate_expect_beam,r1--tick1--pan1#.jpg,unknown SIM timing: every 10th numeric-sorted frame + first/last (mandatory endpoints may exceed 10% for n<20),,1,1,r1--tick1--pan1500.jpg,r1--tick1--pan1500.jpg
2026-09-26-zone-own-perception-v3/smoke/frames/zone_wide_door-s241-carry_crate_expect_beam,r1--tick2--pan1#.jpg,unknown SIM timing: every 10th numeric-sorted frame + first/last (mandatory endpoints may exceed 10% for n<20),,1,1,r1--tick2--pan1500.jpg,r1--tick2--pan1500.jpg
2026-09-26-zone-own-perception-v3/smoke/frames/zone_wide_door-s241-carry_heavy_crate,r1--tick0--pan1#.jpg,unknown SIM timing: every 10th numeric-sorted frame + first/last (mandatory endpoints may exceed 10% for n<20),,1,1,r1--tick0--pan1500.jpg,r1--tick0--pan1500.jpg
2026-09-26-zone-own-perception-v3/smoke/frames/zone_wide_door-s241-carry_heavy_crate,r1--tick1--pan1#.jpg,unknown SIM timing: every 10th numeric-sorted frame + first/last (mandatory endpoints may exceed 10% for n<20),,1,1,r1--tick1--pan1500.jpg,r1--tick1--pan1500.jpg
2026-09-26-zone-own-perception-v3/smoke/frames/zone_wide_door-s241-carry_heavy_crate,r1--tick2--pan1#.jpg,unknown SIM timing: every 10th numeric-sorted frame + first/last (mandatory endpoints may exceed 10% for n<20),,1,1,r1--tick2--pan1500.jpg,r1--tick2--pan1500.jpg
2026-09-26-zone-own-perception-v3/smoke/frames/zone_wide_door-s241-carry_long_beam,r1--tick0--pan1#.jpg,unknown SIM timing: every 10th numeric-sorted frame + first/last (mandatory endpoints may exceed 10% for n<20),,1,1,r1--tick0--pan1500.jpg,r1--tick0--pan1500.jpg
2026-09-26-zone-own-perception-v3/smoke/frames/zone_wide_door-s241-carry_long_beam,r1--tick1--pan1#.jpg,unknown SIM timing: every 10th numeric-sorted frame + first/last (mandatory endpoints may exceed 10% for n<20),,1,1,r1--tick1--pan1500.jpg,r1--tick1--pan1500.jpg
2026-09-26-zone-own-perception-v3/smoke/frames/zone_wide_door-s241-carry_long_beam,r1--tick2--pan1#.jpg,unknown SIM timing: every 10th numeric-sorted frame + first/last (mandatory endpoints may exceed 10% for n<20),,1,1,r1--tick2--pan1500.jpg,r1--tick2--pan1500.jpg
2026-09-26-zone-own-perception-v3/smoke/frames/zone_wide_door-s241-carry_nothing_expect_crate,r1--tick0--pan1#.jpg,unknown SIM timing: every 10th numeric-sorted frame + first/last (mandatory endpoints may exceed 10% for n<20),,1,1,r1--tick0--pan1500.jpg,r1--tick0--pan1500.jpg
2026-09-26-zone-own-perception-v3/smoke/frames/zone_wide_door-s241-carry_nothing_expect_crate,r1--tick1--pan1#.jpg,unknown SIM timing: every 10th numeric-sorted frame + first/last (mandatory endpoints may exceed 10% for n<20),,1,1,r1--tick1--pan1500.jpg,r1--tick1--pan1500.jpg
2026-09-26-zone-own-perception-v3/smoke/frames/zone_wide_door-s241-carry_nothing_expect_crate,r1--tick2--pan1#.jpg,unknown SIM timing: every 10th numeric-sorted frame + first/last (mandatory endpoints may exceed 10% for n<20),,1,1,r1--tick2--pan1500.jpg,r1--tick2--pan1500.jpg
2026-09-26-zone-own-perception-v3/smoke/frames/zone_wide_door-s241-carry_tri_frame,r1--tick0--pan1#.jpg,unknown SIM timing: every 10th numeric-sorted frame + first/last (mandatory endpoints may exceed 10% for n<20),,1,1,r1--tick0--pan1500.jpg,r1--tick0--pan1500.jpg
2026-09-26-zone-own-perception-v3/smoke/frames/zone_wide_door-s241-carry_tri_frame,r1--tick1--pan1#.jpg,unknown SIM timing: every 10th numeric-sorted frame + first/last (mandatory endpoints may exceed 10% for n<20),,1,1,r1--tick1--pan1500.jpg,r1--tick1--pan1500.jpg
2026-09-26-zone-own-perception-v3/smoke/frames/zone_wide_door-s241-carry_tri_frame,r1--tick2--pan1#.jpg,unknown SIM timing: every 10th numeric-sorted frame + first/last (mandatory endpoints may exceed 10% for n<20),,1,1,r1--tick2--pan1500.jpg,r1--tick2--pan1500.jpg
2026-09-26-zone-own-perception-v3/smoke/frames/zone_wide_door-s241-grasp_heavy_crate@approach_look_v2,r1--tick0--pan1#.jpg,unknown SIM timing: every 10th numeric-sorted frame + first/last (mandatory endpoints may exceed 10% for n<20),,1,1,r1--tick0--pan1500.jpg,r1--tick0--pan1500.jpg
2026-09-26-zone-own-perception-v3/smoke/frames/zone_wide_door-s241-grasp_heavy_crate@approach_look_v2,r1--tick1--pan1#.jpg,unknown SIM timing: every 10th numeric-sorted frame + first/last (mandatory endpoints may exceed 10% for n<20),,1,1,r1--tick1--pan1500.jpg,r1--tick1--pan1500.jpg
2026-09-26-zone-own-perception-v3/smoke/frames/zone_wide_door-s241-grasp_heavy_crate@approach_look_v2,r1--tick2--pan1#.jpg,unknown SIM timing: every 10th numeric-sorted frame + first/last (mandatory endpoints may exceed 10% for n<20),,1,1,r1--tick2--pan1500.jpg,r1--tick2--pan1500.jpg
2026-09-26-zone-own-perception-v3/smoke/frames/zone_wide_door-s241-grasp_heavy_crate@ik_r10_h16_m39,r1--tick0--pan1#.jpg,unknown SIM timing: every 10th numeric-sorted frame + first/last (mandatory endpoints may exceed 10% for n<20),,1,1,r1--tick0--pan1500.jpg,r1--tick0--pan1500.jpg
2026-09-26-zone-own-perception-v3/smoke/frames/zone_wide_door-s241-grasp_heavy_crate@ik_r10_h16_m39,r1--tick1--pan1#.jpg,unknown SIM timing: every 10th numeric-sorted frame + first/last (mandatory endpoints may exceed 10% for n<20),,1,1,r1--tick1--pan1500.jpg,r1--tick1--pan1500.jpg
2026-09-26-zone-own-perception-v3/smoke/frames/zone_wide_door-s241-grasp_heavy_crate@ik_r10_h16_m39,r1--tick2--pan1#.jpg,unknown SIM timing: every 10th numeric-sorted frame + first/last (mandatory endpoints may exceed 10% for n<20),,1,1,r1--tick2--pan1500.jpg,r1--tick2--pan1500.jpg
2026-09-26-zone-own-perception-v3/smoke/frames/zone_wide_door-s241-grasp_heavy_crate@ik_r10_h16_m42,r1--tick0--pan1#.jpg,unknown SIM timing: every 10th numeric-sorted frame + first/last (mandatory endpoints may exceed 10% for n<20),,1,1,r1--tick0--pan1500.jpg,r1--tick0--pan1500.jpg
2026-09-26-zone-own-perception-v3/smoke/frames/zone_wide_door-s241-grasp_heavy_crate@ik_r10_h16_m42,r1--tick1--pan1#.jpg,unknown SIM timing: every 10th numeric-sorted frame + first/last (mandatory endpoints may exceed 10% for n<20),,1,1,r1--tick1--pan1500.jpg,r1--tick1--pan1500.jpg
2026-09-26-zone-own-perception-v3/smoke/frames/zone_wide_door-s241-grasp_heavy_crate@ik_r10_h16_m42,r1--tick2--pan1#.jpg,unknown SIM timing: every 10th numeric-sorted frame + first/last (mandatory endpoints may exceed 10% for n<20),,1,1,r1--tick2--pan1500.jpg,r1--tick2--pan1500.jpg
2026-09-26-zone-own-perception-v3/smoke/frames/zone_wide_door-s241-grasp_heavy_crate@wrist_m44,r1--tick0--pan1#.jpg,unknown SIM timing: every 10th numeric-sorted frame + first/last (mandatory endpoints may exceed 10% for n<20),,1,1,r1--tick0--pan1500.jpg,r1--tick0--pan1500.jpg
2026-09-26-zone-own-perception-v3/smoke/frames/zone_wide_door-s241-grasp_heavy_crate@wrist_m44,r1--tick1--pan1#.jpg,unknown SIM timing: every 10th numeric-sorted frame + first/last (mandatory endpoints may exceed 10% for n<20),,1,1,r1--tick1--pan1500.jpg,r1--tick1--pan1500.jpg
2026-09-26-zone-own-perception-v3/smoke/frames/zone_wide_door-s241-grasp_heavy_crate@wrist_m44,r1--tick2--pan1#.jpg,unknown SIM timing: every 10th numeric-sorted frame + first/last (mandatory endpoints may exceed 10% for n<20),,1,1,r1--tick2--pan1500.jpg,r1--tick2--pan1500.jpg
2026-09-26-zone-own-perception-v3/smoke/frames/zone_wide_door-s241-grasp_heavy_crate@wrist_m50,r1--tick0--pan1#.jpg,unknown SIM timing: every 10th numeric-sorted frame + first/last (mandatory endpoints may exceed 10% for n<20),,1,1,r1--tick0--pan1500.jpg,r1--tick0--pan1500.jpg
2026-09-26-zone-own-perception-v3/smoke/frames/zone_wide_door-s241-grasp_heavy_crate@wrist_m50,r1--tick1--pan1#.jpg,unknown SIM timing: every 10th numeric-sorted frame + first/last (mandatory endpoints may exceed 10% for n<20),,1,1,r1--tick1--pan1500.jpg,r1--tick1--pan1500.jpg
2026-09-26-zone-own-perception-v3/smoke/frames/zone_wide_door-s241-grasp_heavy_crate@wrist_m50,r1--tick2--pan1#.jpg,unknown SIM timing: every 10th numeric-sorted frame + first/last (mandatory endpoints may exceed 10% for n<20),,1,1,r1--tick2--pan1500.jpg,r1--tick2--pan1500.jpg
2026-09-26-zone-own-perception-v3/smoke/frames/zone_wide_door-s241-grasp_long_beam@approach_look_v2,r1--tick0--pan1#.jpg,unknown SIM timing: every 10th numeric-sorted frame + first/last (mandatory endpoints may exceed 10% for n<20),,1,1,r1--tick0--pan1500.jpg,r1--tick0--pan1500.jpg
2026-09-26-zone-own-perception-v3/smoke/frames/zone_wide_door-s241-grasp_long_beam@approach_look_v2,r1--tick1--pan1#.jpg,unknown SIM timing: every 10th numeric-sorted frame + first/last (mandatory endpoints may exceed 10% for n<20),,1,1,r1--tick1--pan1500.jpg,r1--tick1--pan1500.jpg
2026-09-26-zone-own-perception-v3/smoke/frames/zone_wide_door-s241-grasp_long_beam@approach_look_v2,r1--tick2--pan1#.jpg,unknown SIM timing: every 10th numeric-sorted frame + first/last (mandatory endpoints may exceed 10% for n<20),,1,1,r1--tick2--pan1500.jpg,r1--tick2--pan1500.jpg
2026-09-26-zone-own-perception-v3/smoke/frames/zone_wide_door-s241-grasp_long_beam@ik_r10_h16_m39,r1--tick0--pan1#.jpg,unknown SIM timing: every 10th numeric-sorted frame + first/last (mandatory endpoints may exceed 10% for n<20),,1,1,r1--tick0--pan1500.jpg,r1--tick0--pan1500.jpg
2026-09-26-zone-own-perception-v3/smoke/frames/zone_wide_door-s241-grasp_long_beam@ik_r10_h16_m39,r1--tick1--pan1#.jpg,unknown SIM timing: every 10th numeric-sorted frame + first/last (mandatory endpoints may exceed 10% for n<20),,1,1,r1--tick1--pan1500.jpg,r1--tick1--pan1500.jpg
2026-09-26-zone-own-perception-v3/smoke/frames/zone_wide_door-s241-grasp_long_beam@ik_r10_h16_m39,r1--tick2--pan1#.jpg,unknown SIM timing: every 10th numeric-sorted frame + first/last (mandatory endpoints may exceed 10% for n<20),,1,1,r1--tick2--pan1500.jpg,r1--tick2--pan1500.jpg
2026-09-26-zone-own-perception-v3/smoke/frames/zone_wide_door-s241-grasp_long_beam@ik_r10_h16_m42,r1--tick0--pan1#.jpg,unknown SIM timing: every 10th numeric-sorted frame + first/last (mandatory endpoints may exceed 10% for n<20),,1,1,r1--tick0--pan1500.jpg,r1--tick0--pan1500.jpg
2026-09-26-zone-own-perception-v3/smoke/frames/zone_wide_door-s241-grasp_long_beam@ik_r10_h16_m42,r1--tick1--pan1#.jpg,unknown SIM timing: every 10th numeric-sorted frame + first/last (mandatory endpoints may exceed 10% for n<20),,1,1,r1--tick1--pan1500.jpg,r1--tick1--pan1500.jpg
2026-09-26-zone-own-perception-v3/smoke/frames/zone_wide_door-s241-grasp_long_beam@ik_r10_h16_m42,r1--tick2--pan1#.jpg,unknown SIM timing: every 10th numeric-sorted frame + first/last (mandatory endpoints may exceed 10% for n<20),,1,1,r1--tick2--pan1500.jpg,r1--tick2--pan1500.jpg
2026-09-26-zone-own-perception-v3/smoke/frames/zone_wide_door-s241-grasp_long_beam@wrist_m44,r1--tick0--pan1#.jpg,unknown SIM timing: every 10th numeric-sorted frame + first/last (mandatory endpoints may exceed 10% for n<20),,1,1,r1--tick0--pan1500.jpg,r1--tick0--pan1500.jpg
2026-09-26-zone-own-perception-v3/smoke/frames/zone_wide_door-s241-grasp_long_beam@wrist_m44,r1--tick1--pan1#.jpg,unknown SIM timing: every 10th numeric-sorted frame + first/last (mandatory endpoints may exceed 10% for n<20),,1,1,r1--tick1--pan1500.jpg,r1--tick1--pan1500.jpg
2026-09-26-zone-own-perception-v3/smoke/frames/zone_wide_door-s241-grasp_long_beam@wrist_m44,r1--tick2--pan1#.jpg,unknown SIM timing: every 10th numeric-sorted frame + first/last (mandatory endpoints may exceed 10% for n<20),,1,1,r1--tick2--pan1500.jpg,r1--tick2--pan1500.jpg
2026-09-26-zone-own-perception-v3/smoke/frames/zone_wide_door-s241-grasp_long_beam@wrist_m50,r1--tick0--pan1#.jpg,unknown SIM timing: every 10th numeric-sorted frame + first/last (mandatory endpoints may exceed 10% for n<20),,1,1,r1--tick0--pan1500.jpg,r1--tick0--pan1500.jpg
2026-09-26-zone-own-perception-v3/smoke/frames/zone_wide_door-s241-grasp_long_beam@wrist_m50,r1--tick1--pan1#.jpg,unknown SIM timing: every 10th numeric-sorted frame + first/last (mandatory endpoints may exceed 10% for n<20),,1,1,r1--tick1--pan1500.jpg,r1--tick1--pan1500.jpg
2026-09-26-zone-own-perception-v3/smoke/frames/zone_wide_door-s241-grasp_long_beam@wrist_m50,r1--tick2--pan1#.jpg,unknown SIM timing: every 10th numeric-sorted frame + first/last (mandatory endpoints may exceed 10% for n<20),,1,1,r1--tick2--pan1500.jpg,r1--tick2--pan1500.jpg
2026-09-26-zone-own-perception-v3/smoke/frames/zone_wide_door-s241-grasp_tri_frame@approach_look_v2,r1--tick0--pan1#.jpg,unknown SIM timing: every 10th numeric-sorted frame + first/last (mandatory endpoints may exceed 10% for n<20),,1,1,r1--tick0--pan1500.jpg,r1--tick0--pan1500.jpg
2026-09-26-zone-own-perception-v3/smoke/frames/zone_wide_door-s241-grasp_tri_frame@approach_look_v2,r1--tick1--pan1#.jpg,unknown SIM timing: every 10th numeric-sorted frame + first/last (mandatory endpoints may exceed 10% for n<20),,1,1,r1--tick1--pan1500.jpg,r1--tick1--pan1500.jpg
2026-09-26-zone-own-perception-v3/smoke/frames/zone_wide_door-s241-grasp_tri_frame@approach_look_v2,r1--tick2--pan1#.jpg,unknown SIM timing: every 10th numeric-sorted frame + first/last (mandatory endpoints may exceed 10% for n<20),,1,1,r1--tick2--pan1500.jpg,r1--tick2--pan1500.jpg
2026-09-26-zone-own-perception-v3/smoke/frames/zone_wide_door-s241-grasp_tri_frame@ik_r10_h16_m39,r1--tick0--pan1#.jpg,unknown SIM timing: every 10th numeric-sorted frame + first/last (mandatory endpoints may exceed 10% for n<20),,1,1,r1--tick0--pan1500.jpg,r1--tick0--pan1500.jpg
2026-09-26-zone-own-perception-v3/smoke/frames/zone_wide_door-s241-grasp_tri_frame@ik_r10_h16_m39,r1--tick1--pan1#.jpg,unknown SIM timing: every 10th numeric-sorted frame + first/last (mandatory endpoints may exceed 10% for n<20),,1,1,r1--tick1--pan1500.jpg,r1--tick1--pan1500.jpg
2026-09-26-zone-own-perception-v3/smoke/frames/zone_wide_door-s241-grasp_tri_frame@ik_r10_h16_m39,r1--tick2--pan1#.jpg,unknown SIM timing: every 10th numeric-sorted frame + first/last (mandatory endpoints may exceed 10% for n<20),,1,1,r1--tick2--pan1500.jpg,r1--tick2--pan1500.jpg
2026-09-26-zone-own-perception-v3/smoke/frames/zone_wide_door-s241-grasp_tri_frame@ik_r10_h16_m42,r1--tick0--pan1#.jpg,unknown SIM timing: every 10th numeric-sorted frame + first/last (mandatory endpoints may exceed 10% for n<20),,1,1,r1--tick0--pan1500.jpg,r1--tick0--pan1500.jpg
2026-09-26-zone-own-perception-v3/smoke/frames/zone_wide_door-s241-grasp_tri_frame@ik_r10_h16_m42,r1--tick1--pan1#.jpg,unknown SIM timing: every 10th numeric-sorted frame + first/last (mandatory endpoints may exceed 10% for n<20),,1,1,r1--tick1--pan1500.jpg,r1--tick1--pan1500.jpg
2026-09-26-zone-own-perception-v3/smoke/frames/zone_wide_door-s241-grasp_tri_frame@ik_r10_h16_m42,r1--tick2--pan1#.jpg,unknown SIM timing: every 10th numeric-sorted frame + first/last (mandatory endpoints may exceed 10% for n<20),,1,1,r1--tick2--pan1500.jpg,r1--tick2--pan1500.jpg
2026-09-26-zone-own-perception-v3/smoke/frames/zone_wide_door-s241-grasp_tri_frame@wrist_m44,r1--tick0--pan1#.jpg,unknown SIM timing: every 10th numeric-sorted frame + first/last (mandatory endpoints may exceed 10% for n<20),,1,1,r1--tick0--pan1500.jpg,r1--tick0--pan1500.jpg
2026-09-26-zone-own-perception-v3/smoke/frames/zone_wide_door-s241-grasp_tri_frame@wrist_m44,r1--tick1--pan1#.jpg,unknown SIM timing: every 10th numeric-sorted frame + first/last (mandatory endpoints may exceed 10% for n<20),,1,1,r1--tick1--pan1500.jpg,r1--tick1--pan1500.jpg
2026-09-26-zone-own-perception-v3/smoke/frames/zone_wide_door-s241-grasp_tri_frame@wrist_m44,r1--tick2--pan1#.jpg,unknown SIM timing: every 10th numeric-sorted frame + first/last (mandatory endpoints may exceed 10% for n<20),,1,1,r1--tick2--pan1500.jpg,r1--tick2--pan1500.jpg
2026-09-26-zone-own-perception-v3/smoke/frames/zone_wide_door-s241-grasp_tri_frame@wrist_m50,r1--tick0--pan1#.jpg,unknown SIM timing: every 10th numeric-sorted frame + first/last (mandatory endpoints may exceed 10% for n<20),,1,1,r1--tick0--pan1500.jpg,r1--tick0--pan1500.jpg
2026-09-26-zone-own-perception-v3/smoke/frames/zone_wide_door-s241-grasp_tri_frame@wrist_m50,r1--tick1--pan1#.jpg,unknown SIM timing: every 10th numeric-sorted frame + first/last (mandatory endpoints may exceed 10% for n<20),,1,1,r1--tick1--pan1500.jpg,r1--tick1--pan1500.jpg
2026-09-26-zone-own-perception-v3/smoke/frames/zone_wide_door-s241-grasp_tri_frame@wrist_m50,r1--tick2--pan1#.jpg,unknown SIM timing: every 10th numeric-sorted frame + first/last (mandatory endpoints may exceed 10% for n<20),,1,1,r1--tick2--pan1500.jpg,r1--tick2--pan1500.jpg
2026-09-26-zone-own-perception-v3/smoke/frames/zone_wide_door-s241-grasp_wrong_kind@approach_look_v2,r1--tick0--pan1#.jpg,unknown SIM timing: every 10th numeric-sorted frame + first/last (mandatory endpoints may exceed 10% for n<20),,1,1,r1--tick0--pan1500.jpg,r1--tick0--pan1500.jpg
2026-09-26-zone-own-perception-v3/smoke/frames/zone_wide_door-s241-grasp_wrong_kind@approach_look_v2,r1--tick1--pan1#.jpg,unknown SIM timing: every 10th numeric-sorted frame + first/last (mandatory endpoints may exceed 10% for n<20),,1,1,r1--tick1--pan1500.jpg,r1--tick1--pan1500.jpg
2026-09-26-zone-own-perception-v3/smoke/frames/zone_wide_door-s241-grasp_wrong_kind@approach_look_v2,r1--tick2--pan1#.jpg,unknown SIM timing: every 10th numeric-sorted frame + first/last (mandatory endpoints may exceed 10% for n<20),,1,1,r1--tick2--pan1500.jpg,r1--tick2--pan1500.jpg
2026-09-26-zone-own-perception-v3/smoke/frames/zone_wide_door-s241-grasp_wrong_kind@ik_r10_h16_m39,r1--tick0--pan1#.jpg,unknown SIM timing: every 10th numeric-sorted frame + first/last (mandatory endpoints may exceed 10% for n<20),,1,1,r1--tick0--pan1500.jpg,r1--tick0--pan1500.jpg
2026-09-26-zone-own-perception-v3/smoke/frames/zone_wide_door-s241-grasp_wrong_kind@ik_r10_h16_m39,r1--tick1--pan1#.jpg,unknown SIM timing: every 10th numeric-sorted frame + first/last (mandatory endpoints may exceed 10% for n<20),,1,1,r1--tick1--pan1500.jpg,r1--tick1--pan1500.jpg
2026-09-26-zone-own-perception-v3/smoke/frames/zone_wide_door-s241-grasp_wrong_kind@ik_r10_h16_m39,r1--tick2--pan1#.jpg,unknown SIM timing: every 10th numeric-sorted frame + first/last (mandatory endpoints may exceed 10% for n<20),,1,1,r1--tick2--pan1500.jpg,r1--tick2--pan1500.jpg
2026-09-26-zone-own-perception-v3/smoke/frames/zone_wide_door-s241-grasp_wrong_kind@ik_r10_h16_m42,r1--tick0--pan1#.jpg,unknown SIM timing: every 10th numeric-sorted frame + first/last (mandatory endpoints may exceed 10% for n<20),,1,1,r1--tick0--pan1500.jpg,r1--tick0--pan1500.jpg
2026-09-26-zone-own-perception-v3/smoke/frames/zone_wide_door-s241-grasp_wrong_kind@ik_r10_h16_m42,r1--tick1--pan1#.jpg,unknown SIM timing: every 10th numeric-sorted frame + first/last (mandatory endpoints may exceed 10% for n<20),,1,1,r1--tick1--pan1500.jpg,r1--tick1--pan1500.jpg
2026-09-26-zone-own-perception-v3/smoke/frames/zone_wide_door-s241-grasp_wrong_kind@ik_r10_h16_m42,r1--tick2--pan1#.jpg,unknown SIM timing: every 10th numeric-sorted frame + first/last (mandatory endpoints may exceed 10% for n<20),,1,1,r1--tick2--pan1500.jpg,r1--tick2--pan1500.jpg
2026-09-26-zone-own-perception-v3/smoke/frames/zone_wide_door-s241-grasp_wrong_kind@wrist_m44,r1--tick0--pan1#.jpg,unknown SIM timing: every 10th numeric-sorted frame + first/last (mandatory endpoints may exceed 10% for n<20),,1,1,r1--tick0--pan1500.jpg,r1--tick0--pan1500.jpg
2026-09-26-zone-own-perception-v3/smoke/frames/zone_wide_door-s241-grasp_wrong_kind@wrist_m44,r1--tick1--pan1#.jpg,unknown SIM timing: every 10th numeric-sorted frame + first/last (mandatory endpoints may exceed 10% for n<20),,1,1,r1--tick1--pan1500.jpg,r1--tick1--pan1500.jpg
2026-09-26-zone-own-perception-v3/smoke/frames/zone_wide_door-s241-grasp_wrong_kind@wrist_m44,r1--tick2--pan1#.jpg,unknown SIM timing: every 10th numeric-sorted frame + first/last (mandatory endpoints may exceed 10% for n<20),,1,1,r1--tick2--pan1500.jpg,r1--tick2--pan1500.jpg
2026-09-26-zone-own-perception-v3/smoke/frames/zone_wide_door-s241-grasp_wrong_kind@wrist_m50,r1--tick0--pan1#.jpg,unknown SIM timing: every 10th numeric-sorted frame + first/last (mandatory endpoints may exceed 10% for n<20),,1,1,r1--tick0--pan1500.jpg,r1--tick0--pan1500.jpg
2026-09-26-zone-own-perception-v3/smoke/frames/zone_wide_door-s241-grasp_wrong_kind@wrist_m50,r1--tick1--pan1#.jpg,unknown SIM timing: every 10th numeric-sorted frame + first/last (mandatory endpoints may exceed 10% for n<20),,1,1,r1--tick1--pan1500.jpg,r1--tick1--pan1500.jpg
2026-09-26-zone-own-perception-v3/smoke/frames/zone_wide_door-s241-grasp_wrong_kind@wrist_m50,r1--tick2--pan1#.jpg,unknown SIM timing: every 10th numeric-sorted frame + first/last (mandatory endpoints may exceed 10% for n<20),,1,1,r1--tick2--pan1500.jpg,r1--tick2--pan1500.jpg
2026-09-26-zone-own-perception-v3/smoke/frames/zone_wide_door-s241-held_box_carry,r1--tick0--pan1#.jpg,unknown SIM timing: every 10th numeric-sorted frame + first/last (mandatory endpoints may exceed 10% for n<20),,1,1,r1--tick0--pan1500.jpg,r1--tick0--pan1500.jpg
2026-09-26-zone-own-perception-v3/smoke/frames/zone_wide_door-s241-held_box_carry,r1--tick1--pan1#.jpg,unknown SIM timing: every 10th numeric-sorted frame + first/last (mandatory endpoints may exceed 10% for n<20),,1,1,r1--tick1--pan1500.jpg,r1--tick1--pan1500.jpg
2026-09-26-zone-own-perception-v3/smoke/frames/zone_wide_door-s241-held_box_carry,r1--tick2--pan1#.jpg,unknown SIM timing: every 10th numeric-sorted frame + first/last (mandatory endpoints may exceed 10% for n<20),,1,1,r1--tick2--pan1500.jpg,r1--tick2--pan1500.jpg
2026-09-26-zone-own-perception-v3/smoke/frames/zone_wide_door-s241-held_box_held_check,r1--tick0--pan1#.jpg,unknown SIM timing: every 10th numeric-sorted frame + first/last (mandatory endpoints may exceed 10% for n<20),,1,1,r1--tick0--pan1500.jpg,r1--tick0--pan1500.jpg
2026-09-26-zone-own-perception-v3/smoke/frames/zone_wide_door-s241-held_box_held_check,r1--tick1--pan1#.jpg,unknown SIM timing: every 10th numeric-sorted frame + first/last (mandatory endpoints may exceed 10% for n<20),,1,1,r1--tick1--pan1500.jpg,r1--tick1--pan1500.jpg
2026-09-26-zone-own-perception-v3/smoke/frames/zone_wide_door-s241-held_box_held_check,r1--tick2--pan1#.jpg,unknown SIM timing: every 10th numeric-sorted frame + first/last (mandatory endpoints may exceed 10% for n<20),,1,1,r1--tick2--pan1500.jpg,r1--tick2--pan1500.jpg
2026-09-26-zone-own-perception-v3/smoke/frames/zone_wide_door-s241-held_can,r1--tick0--pan1#.jpg,unknown SIM timing: every 10th numeric-sorted frame + first/last (mandatory endpoints may exceed 10% for n<20),,1,1,r1--tick0--pan1500.jpg,r1--tick0--pan1500.jpg
2026-09-26-zone-own-perception-v3/smoke/frames/zone_wide_door-s241-held_can,r1--tick1--pan1#.jpg,unknown SIM timing: every 10th numeric-sorted frame + first/last (mandatory endpoints may exceed 10% for n<20),,1,1,r1--tick1--pan1500.jpg,r1--tick1--pan1500.jpg
2026-09-26-zone-own-perception-v3/smoke/frames/zone_wide_door-s241-held_can,r1--tick2--pan1#.jpg,unknown SIM timing: every 10th numeric-sorted frame + first/last (mandatory endpoints may exceed 10% for n<20),,1,1,r1--tick2--pan1500.jpg,r1--tick2--pan1500.jpg
2026-09-26-zone-own-perception-v3/smoke/frames/zone_wide_door-s241-held_can_absent,r1--tick0--pan1#.jpg,unknown SIM timing: every 10th numeric-sorted frame + first/last (mandatory endpoints may exceed 10% for n<20),,1,1,r1--tick0--pan1500.jpg,r1--tick0--pan1500.jpg
2026-09-26-zone-own-perception-v3/smoke/frames/zone_wide_door-s241-held_can_absent,r1--tick1--pan1#.jpg,unknown SIM timing: every 10th numeric-sorted frame + first/last (mandatory endpoints may exceed 10% for n<20),,1,1,r1--tick1--pan1500.jpg,r1--tick1--pan1500.jpg
2026-09-26-zone-own-perception-v3/smoke/frames/zone_wide_door-s241-held_can_absent,r1--tick2--pan1#.jpg,unknown SIM timing: every 10th numeric-sorted frame + first/last (mandatory endpoints may exceed 10% for n<20),,1,1,r1--tick2--pan1500.jpg,r1--tick2--pan1500.jpg
2026-09-26-zone-own-perception-v3/smoke/frames/zone_wide_door-s241-held_can_carry,r1--tick0--pan1#.jpg,unknown SIM timing: every 10th numeric-sorted frame + first/last (mandatory endpoints may exceed 10% for n<20),,1,1,r1--tick0--pan1500.jpg,r1--tick0--pan1500.jpg
2026-09-26-zone-own-perception-v3/smoke/frames/zone_wide_door-s241-held_can_carry,r1--tick1--pan1#.jpg,unknown SIM timing: every 10th numeric-sorted frame + first/last (mandatory endpoints may exceed 10% for n<20),,1,1,r1--tick1--pan1500.jpg,r1--tick1--pan1500.jpg
2026-09-26-zone-own-perception-v3/smoke/frames/zone_wide_door-s241-held_can_carry,r1--tick2--pan1#.jpg,unknown SIM timing: every 10th numeric-sorted frame + first/last (mandatory endpoints may exceed 10% for n<20),,1,1,r1--tick2--pan1500.jpg,r1--tick2--pan1500.jpg
2026-09-26-zone-own-perception-v3/smoke/frames/zone_wide_door-s241-held_can_wrong_kind,r1--tick0--pan1#.jpg,unknown SIM timing: every 10th numeric-sorted frame + first/last (mandatory endpoints may exceed 10% for n<20),,1,1,r1--tick0--pan1500.jpg,r1--tick0--pan1500.jpg
2026-09-26-zone-own-perception-v3/smoke/frames/zone_wide_door-s241-held_can_wrong_kind,r1--tick1--pan1#.jpg,unknown SIM timing: every 10th numeric-sorted frame + first/last (mandatory endpoints may exceed 10% for n<20),,1,1,r1--tick1--pan1500.jpg,r1--tick1--pan1500.jpg
2026-09-26-zone-own-perception-v3/smoke/frames/zone_wide_door-s241-held_can_wrong_kind,r1--tick2--pan1#.jpg,unknown SIM timing: every 10th numeric-sorted frame + first/last (mandatory endpoints may exceed 10% for n<20),,1,1,r1--tick2--pan1500.jpg,r1--tick2--pan1500.jpg
2026-09-26-zone-own-perception-v3/smoke/frames/zone_wide_door-s241-held_nothing_carry,r1--tick0--pan1#.jpg,unknown SIM timing: every 10th numeric-sorted frame + first/last (mandatory endpoints may exceed 10% for n<20),,1,1,r1--tick0--pan1500.jpg,r1--tick0--pan1500.jpg
2026-09-26-zone-own-perception-v3/smoke/frames/zone_wide_door-s241-held_nothing_carry,r1--tick1--pan1#.jpg,unknown SIM timing: every 10th numeric-sorted frame + first/last (mandatory endpoints may exceed 10% for n<20),,1,1,r1--tick1--pan1500.jpg,r1--tick1--pan1500.jpg
2026-09-26-zone-own-perception-v3/smoke/frames/zone_wide_door-s241-held_nothing_carry,r1--tick2--pan1#.jpg,unknown SIM timing: every 10th numeric-sorted frame + first/last (mandatory endpoints may exceed 10% for n<20),,1,1,r1--tick2--pan1500.jpg,r1--tick2--pan1500.jpg
2026-09-26-zone-own-perception-v3/smoke/frames/zone_wide_door-s241-held_tile_carry,r1--tick0--pan1#.jpg,unknown SIM timing: every 10th numeric-sorted frame + first/last (mandatory endpoints may exceed 10% for n<20),,1,1,r1--tick0--pan1500.jpg,r1--tick0--pan1500.jpg
2026-09-26-zone-own-perception-v3/smoke/frames/zone_wide_door-s241-held_tile_carry,r1--tick1--pan1#.jpg,unknown SIM timing: every 10th numeric-sorted frame + first/last (mandatory endpoints may exceed 10% for n<20),,1,1,r1--tick1--pan1500.jpg,r1--tick1--pan1500.jpg
2026-09-26-zone-own-perception-v3/smoke/frames/zone_wide_door-s241-held_tile_carry,r1--tick2--pan1#.jpg,unknown SIM timing: every 10th numeric-sorted frame + first/last (mandatory endpoints may exceed 10% for n<20),,1,1,r1--tick2--pan1500.jpg,r1--tick2--pan1500.jpg
2026-09-26-zone-own-perception-v3/smoke/frames/zone_wide_door-s241-held_tile_expect_box_carry,r1--tick0--pan1#.jpg,unknown SIM timing: every 10th numeric-sorted frame + first/last (mandatory endpoints may exceed 10% for n<20),,1,1,r1--tick0--pan1500.jpg,r1--tick0--pan1500.jpg
2026-09-26-zone-own-perception-v3/smoke/frames/zone_wide_door-s241-held_tile_expect_box_carry,r1--tick1--pan1#.jpg,unknown SIM timing: every 10th numeric-sorted frame + first/last (mandatory endpoints may exceed 10% for n<20),,1,1,r1--tick1--pan1500.jpg,r1--tick1--pan1500.jpg
2026-09-26-zone-own-perception-v3/smoke/frames/zone_wide_door-s241-held_tile_expect_box_carry,r1--tick2--pan1#.jpg,unknown SIM timing: every 10th numeric-sorted frame + first/last (mandatory endpoints may exceed 10% for n<20),,1,1,r1--tick2--pan1500.jpg,r1--tick2--pan1500.jpg
2026-09-26-zone-own-perception-v3/smoke/frames/zone_wide_door-s241-wrong_end_long_beam@approach_look_v2,r1--tick0--pan1#.jpg,unknown SIM timing: every 10th numeric-sorted frame + first/last (mandatory endpoints may exceed 10% for n<20),,1,1,r1--tick0--pan1500.jpg,r1--tick0--pan1500.jpg
2026-09-26-zone-own-perception-v3/smoke/frames/zone_wide_door-s241-wrong_end_long_beam@approach_look_v2,r1--tick1--pan1#.jpg,unknown SIM timing: every 10th numeric-sorted frame + first/last (mandatory endpoints may exceed 10% for n<20),,1,1,r1--tick1--pan1500.jpg,r1--tick1--pan1500.jpg
2026-09-26-zone-own-perception-v3/smoke/frames/zone_wide_door-s241-wrong_end_long_beam@approach_look_v2,r1--tick2--pan1#.jpg,unknown SIM timing: every 10th numeric-sorted frame + first/last (mandatory endpoints may exceed 10% for n<20),,1,1,r1--tick2--pan1500.jpg,r1--tick2--pan1500.jpg
2026-09-26-zone-own-perception-v3/smoke/frames/zone_wide_door-s241-wrong_end_long_beam@ik_r10_h16_m39,r1--tick0--pan1#.jpg,unknown SIM timing: every 10th numeric-sorted frame + first/last (mandatory endpoints may exceed 10% for n<20),,1,1,r1--tick0--pan1500.jpg,r1--tick0--pan1500.jpg
2026-09-26-zone-own-perception-v3/smoke/frames/zone_wide_door-s241-wrong_end_long_beam@ik_r10_h16_m39,r1--tick1--pan1#.jpg,unknown SIM timing: every 10th numeric-sorted frame + first/last (mandatory endpoints may exceed 10% for n<20),,1,1,r1--tick1--pan1500.jpg,r1--tick1--pan1500.jpg
2026-09-26-zone-own-perception-v3/smoke/frames/zone_wide_door-s241-wrong_end_long_beam@ik_r10_h16_m39,r1--tick2--pan1#.jpg,unknown SIM timing: every 10th numeric-sorted frame + first/last (mandatory endpoints may exceed 10% for n<20),,1,1,r1--tick2--pan1500.jpg,r1--tick2--pan1500.jpg
2026-09-26-zone-own-perception-v3/smoke/frames/zone_wide_door-s241-wrong_end_long_beam@ik_r10_h16_m42,r1--tick0--pan1#.jpg,unknown SIM timing: every 10th numeric-sorted frame + first/last (mandatory endpoints may exceed 10% for n<20),,1,1,r1--tick0--pan1500.jpg,r1--tick0--pan1500.jpg
2026-09-26-zone-own-perception-v3/smoke/frames/zone_wide_door-s241-wrong_end_long_beam@ik_r10_h16_m42,r1--tick1--pan1#.jpg,unknown SIM timing: every 10th numeric-sorted frame + first/last (mandatory endpoints may exceed 10% for n<20),,1,1,r1--tick1--pan1500.jpg,r1--tick1--pan1500.jpg
2026-09-26-zone-own-perception-v3/smoke/frames/zone_wide_door-s241-wrong_end_long_beam@ik_r10_h16_m42,r1--tick2--pan1#.jpg,unknown SIM timing: every 10th numeric-sorted frame + first/last (mandatory endpoints may exceed 10% for n<20),,1,1,r1--tick2--pan1500.jpg,r1--tick2--pan1500.jpg
2026-09-26-zone-own-perception-v3/smoke/frames/zone_wide_door-s241-wrong_end_long_beam@wrist_m44,r1--tick0--pan1#.jpg,unknown SIM timing: every 10th numeric-sorted frame + first/last (mandatory endpoints may exceed 10% for n<20),,1,1,r1--tick0--pan1500.jpg,r1--tick0--pan1500.jpg
2026-09-26-zone-own-perception-v3/smoke/frames/zone_wide_door-s241-wrong_end_long_beam@wrist_m44,r1--tick1--pan1#.jpg,unknown SIM timing: every 10th numeric-sorted frame + first/last (mandatory endpoints may exceed 10% for n<20),,1,1,r1--tick1--pan1500.jpg,r1--tick1--pan1500.jpg
2026-09-26-zone-own-perception-v3/smoke/frames/zone_wide_door-s241-wrong_end_long_beam@wrist_m44,r1--tick2--pan1#.jpg,unknown SIM timing: every 10th numeric-sorted frame + first/last (mandatory endpoints may exceed 10% for n<20),,1,1,r1--tick2--pan1500.jpg,r1--tick2--pan1500.jpg
2026-09-26-zone-own-perception-v3/smoke/frames/zone_wide_door-s241-wrong_end_long_beam@wrist_m50,r1--tick0--pan1#.jpg,unknown SIM timing: every 10th numeric-sorted frame + first/last (mandatory endpoints may exceed 10% for n<20),,1,1,r1--tick0--pan1500.jpg,r1--tick0--pan1500.jpg
2026-09-26-zone-own-perception-v3/smoke/frames/zone_wide_door-s241-wrong_end_long_beam@wrist_m50,r1--tick1--pan1#.jpg,unknown SIM timing: every 10th numeric-sorted frame + first/last (mandatory endpoints may exceed 10% for n<20),,1,1,r1--tick1--pan1500.jpg,r1--tick1--pan1500.jpg
2026-09-26-zone-own-perception-v3/smoke/frames/zone_wide_door-s241-wrong_end_long_beam@wrist_m50,r1--tick2--pan1#.jpg,unknown SIM timing: every 10th numeric-sorted frame + first/last (mandatory endpoints may exceed 10% for n<20),,1,1,r1--tick2--pan1500.jpg,r1--tick2--pan1500.jpg
2026-09-26-zone-own-perception-v3/test-frames/eval-labels,zone_wide_corridor-s2#-carry_beam_expect_crate--r1--tick0--pan1#.png,unknown SIM timing: every 10th numeric-sorted frame + first/last (mandatory endpoints may exceed 10% for n<20),,2,2,zone_wide_corridor-s272-carry_beam_expect_crate--r1--tick0--pan1500.png,zone_wide_corridor-s274-carry_beam_expect_crate--r1--tick0--pan1500.png
2026-09-26-zone-own-perception-v3/test-frames/eval-labels,zone_wide_corridor-s2#-carry_beam_expect_crate--r1--tick1--pan1#.png,unknown SIM timing: every 10th numeric-sorted frame + first/last (mandatory endpoints may exceed 10% for n<20),,2,2,zone_wide_corridor-s272-carry_beam_expect_crate--r1--tick1--pan1500.png,zone_wide_corridor-s274-carry_beam_expect_crate--r1--tick1--pan1500.png
2026-09-26-zone-own-perception-v3/test-frames/eval-labels,zone_wide_corridor-s2#-carry_beam_expect_crate--r1--tick2--pan1#.png,unknown SIM timing: every 10th numeric-sorted frame + first/last (mandatory endpoints may exceed 10% for n<20),,2,2,zone_wide_corridor-s272-carry_beam_expect_crate--r1--tick2--pan1500.png,zone_wide_corridor-s274-carry_beam_expect_crate--r1--tick2--pan1500.png
2026-09-26-zone-own-perception-v3/test-frames/eval-labels,zone_wide_corridor-s2#-carry_crate_expect_beam--r1--tick0--pan1#.png,unknown SIM timing: every 10th numeric-sorted frame + first/last (mandatory endpoints may exceed 10% for n<20),,2,2,zone_wide_corridor-s272-carry_crate_expect_beam--r1--tick0--pan1500.png,zone_wide_corridor-s274-carry_crate_expect_beam--r1--tick0--pan1500.png
2026-09-26-zone-own-perception-v3/test-frames/eval-labels,zone_wide_corridor-s2#-carry_crate_expect_beam--r1--tick1--pan1#.png,unknown SIM timing: every 10th numeric-sorted frame + first/last (mandatory endpoints may exceed 10% for n<20),,2,2,zone_wide_corridor-s272-carry_crate_expect_beam--r1--tick1--pan1500.png,zone_wide_corridor-s274-carry_crate_expect_beam--r1--tick1--pan1500.png
2026-09-26-zone-own-perception-v3/test-frames/eval-labels,zone_wide_corridor-s2#-carry_crate_expect_beam--r1--tick2--pan1#.png,unknown SIM timing: every 10th numeric-sorted frame + first/last (mandatory endpoints may exceed 10% for n<20),,2,2,zone_wide_corridor-s272-carry_crate_expect_beam--r1--tick2--pan1500.png,zone_wide_corridor-s274-carry_crate_expect_beam--r1--tick2--pan1500.png
2026-09-26-zone-own-perception-v3/test-frames/eval-labels,zone_wide_corridor-s2#-carry_heavy_crate--r1--tick0--pan1#.png,unknown SIM timing: every 10th numeric-sorted frame + first/last (mandatory endpoints may exceed 10% for n<20),,2,2,zone_wide_corridor-s272-carry_heavy_crate--r1--tick0--pan1500.png,zone_wide_corridor-s274-carry_heavy_crate--r1--tick0--pan1500.png
2026-09-26-zone-own-perception-v3/test-frames/eval-labels,zone_wide_corridor-s2#-carry_heavy_crate--r1--tick1--pan1#.png,unknown SIM timing: every 10th numeric-sorted frame + first/last (mandatory endpoints may exceed 10% for n<20),,2,2,zone_wide_corridor-s272-carry_heavy_crate--r1--tick1--pan1500.png,zone_wide_corridor-s274-carry_heavy_crate--r1--tick1--pan1500.png
2026-09-26-zone-own-perception-v3/test-frames/eval-labels,zone_wide_corridor-s2#-carry_heavy_crate--r1--tick2--pan1#.png,unknown SIM timing: every 10th numeric-sorted frame + first/last (mandatory endpoints may exceed 10% for n<20),,2,2,zone_wide_corridor-s272-carry_heavy_crate--r1--tick2--pan1500.png,zone_wide_corridor-s274-carry_heavy_crate--r1--tick2--pan1500.png
2026-09-26-zone-own-perception-v3/test-frames/eval-labels,zone_wide_corridor-s2#-carry_long_beam--r1--tick0--pan1#.png,unknown SIM timing: every 10th numeric-sorted frame + first/last (mandatory endpoints may exceed 10% for n<20),,2,2,zone_wide_corridor-s272-carry_long_beam--r1--tick0--pan1500.png,zone_wide_corridor-s274-carry_long_beam--r1--tick0--pan1500.png
2026-09-26-zone-own-perception-v3/test-frames/eval-labels,zone_wide_corridor-s2#-carry_long_beam--r1--tick1--pan1#.png,unknown SIM timing: every 10th numeric-sorted frame + first/last (mandatory endpoints may exceed 10% for n<20),,2,2,zone_wide_corridor-s272-carry_long_beam--r1--tick1--pan1500.png,zone_wide_corridor-s274-carry_long_beam--r1--tick1--pan1500.png
2026-09-26-zone-own-perception-v3/test-frames/eval-labels,zone_wide_corridor-s2#-carry_long_beam--r1--tick2--pan1#.png,unknown SIM timing: every 10th numeric-sorted frame + first/last (mandatory endpoints may exceed 10% for n<20),,2,2,zone_wide_corridor-s272-carry_long_beam--r1--tick2--pan1500.png,zone_wide_corridor-s274-carry_long_beam--r1--tick2--pan1500.png
2026-09-26-zone-own-perception-v3/test-frames/eval-labels,zone_wide_corridor-s2#-carry_nothing_expect_crate--r1--tick0--pan1#.png,unknown SIM timing: every 10th numeric-sorted frame + first/last (mandatory endpoints may exceed 10% for n<20),,2,2,zone_wide_corridor-s272-carry_nothing_expect_crate--r1--tick0--pan1500.png,zone_wide_corridor-s274-carry_nothing_expect_crate--r1--tick0--pan1500.png
2026-09-26-zone-own-perception-v3/test-frames/eval-labels,zone_wide_corridor-s2#-carry_nothing_expect_crate--r1--tick1--pan1#.png,unknown SIM timing: every 10th numeric-sorted frame + first/last (mandatory endpoints may exceed 10% for n<20),,2,2,zone_wide_corridor-s272-carry_nothing_expect_crate--r1--tick1--pan1500.png,zone_wide_corridor-s274-carry_nothing_expect_crate--r1--tick1--pan1500.png
2026-09-26-zone-own-perception-v3/test-frames/eval-labels,zone_wide_corridor-s2#-carry_nothing_expect_crate--r1--tick2--pan1#.png,unknown SIM timing: every 10th numeric-sorted frame + first/last (mandatory endpoints may exceed 10% for n<20),,2,2,zone_wide_corridor-s272-carry_nothing_expect_crate--r1--tick2--pan1500.png,zone_wide_corridor-s274-carry_nothing_expect_crate--r1--tick2--pan1500.png
2026-09-26-zone-own-perception-v3/test-frames/eval-labels,zone_wide_corridor-s2#-carry_tri_frame--r1--tick0--pan1#.png,unknown SIM timing: every 10th numeric-sorted frame + first/last (mandatory endpoints may exceed 10% for n<20),,2,2,zone_wide_corridor-s272-carry_tri_frame--r1--tick0--pan1500.png,zone_wide_corridor-s274-carry_tri_frame--r1--tick0--pan1500.png
2026-09-26-zone-own-perception-v3/test-frames/eval-labels,zone_wide_corridor-s2#-carry_tri_frame--r1--tick1--pan1#.png,unknown SIM timing: every 10th numeric-sorted frame + first/last (mandatory endpoints may exceed 10% for n<20),,2,2,zone_wide_corridor-s272-carry_tri_frame--r1--tick1--pan1500.png,zone_wide_corridor-s274-carry_tri_frame--r1--tick1--pan1500.png
2026-09-26-zone-own-perception-v3/test-frames/eval-labels,zone_wide_corridor-s2#-carry_tri_frame--r1--tick2--pan1#.png,unknown SIM timing: every 10th numeric-sorted frame + first/last (mandatory endpoints may exceed 10% for n<20),,2,2,zone_wide_corridor-s272-carry_tri_frame--r1--tick2--pan1500.png,zone_wide_corridor-s274-carry_tri_frame--r1--tick2--pan1500.png
2026-09-26-zone-own-perception-v3/test-frames/eval-labels,zone_wide_corridor-s2#-grasp_heavy_crate@approach_look_v2--r1--tick0--pan1#.png,unknown SIM timing: every 10th numeric-sorted frame + first/last (mandatory endpoints may exceed 10% for n<20),,2,2,zone_wide_corridor-s272-grasp_heavy_crate@approach_look_v2--r1--tick0--pan1500.png,zone_wide_corridor-s274-grasp_heavy_crate@approach_look_v2--r1--tick0--pan1500.png
2026-09-26-zone-own-perception-v3/test-frames/eval-labels,zone_wide_corridor-s2#-grasp_heavy_crate@approach_look_v2--r1--tick1--pan1#.png,unknown SIM timing: every 10th numeric-sorted frame + first/last (mandatory endpoints may exceed 10% for n<20),,2,2,zone_wide_corridor-s272-grasp_heavy_crate@approach_look_v2--r1--tick1--pan1500.png,zone_wide_corridor-s274-grasp_heavy_crate@approach_look_v2--r1--tick1--pan1500.png
2026-09-26-zone-own-perception-v3/test-frames/eval-labels,zone_wide_corridor-s2#-grasp_heavy_crate@approach_look_v2--r1--tick2--pan1#.png,unknown SIM timing: every 10th numeric-sorted frame + first/last (mandatory endpoints may exceed 10% for n<20),,2,2,zone_wide_corridor-s272-grasp_heavy_crate@approach_look_v2--r1--tick2--pan1500.png,zone_wide_corridor-s274-grasp_heavy_crate@approach_look_v2--r1--tick2--pan1500.png
2026-09-26-zone-own-perception-v3/test-frames/eval-labels,zone_wide_corridor-s2#-grasp_heavy_crate@grasp_look_v3--r1--tick0--pan1#.png,unknown SIM timing: every 10th numeric-sorted frame + first/last (mandatory endpoints may exceed 10% for n<20),,2,2,zone_wide_corridor-s272-grasp_heavy_crate@grasp_look_v3--r1--tick0--pan1500.png,zone_wide_corridor-s274-grasp_heavy_crate@grasp_look_v3--r1--tick0--pan1500.png
2026-09-26-zone-own-perception-v3/test-frames/eval-labels,zone_wide_corridor-s2#-grasp_heavy_crate@grasp_look_v3--r1--tick1--pan1#.png,unknown SIM timing: every 10th numeric-sorted frame + first/last (mandatory endpoints may exceed 10% for n<20),,2,2,zone_wide_corridor-s272-grasp_heavy_crate@grasp_look_v3--r1--tick1--pan1500.png,zone_wide_corridor-s274-grasp_heavy_crate@grasp_look_v3--r1--tick1--pan1500.png
2026-09-26-zone-own-perception-v3/test-frames/eval-labels,zone_wide_corridor-s2#-grasp_heavy_crate@grasp_look_v3--r1--tick2--pan1#.png,unknown SIM timing: every 10th numeric-sorted frame + first/last (mandatory endpoints may exceed 10% for n<20),,2,2,zone_wide_corridor-s272-grasp_heavy_crate@grasp_look_v3--r1--tick2--pan1500.png,zone_wide_corridor-s274-grasp_heavy_crate@grasp_look_v3--r1--tick2--pan1500.png
2026-09-26-zone-own-perception-v3/test-frames/eval-labels,zone_wide_corridor-s2#-grasp_long_beam@approach_look_v2--r1--tick0--pan1#.png,unknown SIM timing: every 10th numeric-sorted frame + first/last (mandatory endpoints may exceed 10% for n<20),,2,2,zone_wide_corridor-s272-grasp_long_beam@approach_look_v2--r1--tick0--pan1500.png,zone_wide_corridor-s274-grasp_long_beam@approach_look_v2--r1--tick0--pan1500.png
2026-09-26-zone-own-perception-v3/test-frames/eval-labels,zone_wide_corridor-s2#-grasp_long_beam@approach_look_v2--r1--tick1--pan1#.png,unknown SIM timing: every 10th numeric-sorted frame + first/last (mandatory endpoints may exceed 10% for n<20),,2,2,zone_wide_corridor-s272-grasp_long_beam@approach_look_v2--r1--tick1--pan1500.png,zone_wide_corridor-s274-grasp_long_beam@approach_look_v2--r1--tick1--pan1500.png
2026-09-26-zone-own-perception-v3/test-frames/eval-labels,zone_wide_corridor-s2#-grasp_long_beam@approach_look_v2--r1--tick2--pan1#.png,unknown SIM timing: every 10th numeric-sorted frame + first/last (mandatory endpoints may exceed 10% for n<20),,2,2,zone_wide_corridor-s272-grasp_long_beam@approach_look_v2--r1--tick2--pan1500.png,zone_wide_corridor-s274-grasp_long_beam@approach_look_v2--r1--tick2--pan1500.png
2026-09-26-zone-own-perception-v3/test-frames/eval-labels,zone_wide_corridor-s2#-grasp_long_beam@grasp_look_v3--r1--tick0--pan1#.png,unknown SIM timing: every 10th numeric-sorted frame + first/last (mandatory endpoints may exceed 10% for n<20),,2,2,zone_wide_corridor-s272-grasp_long_beam@grasp_look_v3--r1--tick0--pan1500.png,zone_wide_corridor-s274-grasp_long_beam@grasp_look_v3--r1--tick0--pan1500.png
2026-09-26-zone-own-perception-v3/test-frames/eval-labels,zone_wide_corridor-s2#-grasp_long_beam@grasp_look_v3--r1--tick1--pan1#.png,unknown SIM timing: every 10th numeric-sorted frame + first/last (mandatory endpoints may exceed 10% for n<20),,2,2,zone_wide_corridor-s272-grasp_long_beam@grasp_look_v3--r1--tick1--pan1500.png,zone_wide_corridor-s274-grasp_long_beam@grasp_look_v3--r1--tick1--pan1500.png
2026-09-26-zone-own-perception-v3/test-frames/eval-labels,zone_wide_corridor-s2#-grasp_long_beam@grasp_look_v3--r1--tick2--pan1#.png,unknown SIM timing: every 10th numeric-sorted frame + first/last (mandatory endpoints may exceed 10% for n<20),,2,2,zone_wide_corridor-s272-grasp_long_beam@grasp_look_v3--r1--tick2--pan1500.png,zone_wide_corridor-s274-grasp_long_beam@grasp_look_v3--r1--tick2--pan1500.png
2026-09-26-zone-own-perception-v3/test-frames/eval-labels,zone_wide_corridor-s2#-grasp_tri_frame@approach_look_v2--r1--tick0--pan1#.png,unknown SIM timing: every 10th numeric-sorted frame + first/last (mandatory endpoints may exceed 10% for n<20),,2,2,zone_wide_corridor-s272-grasp_tri_frame@approach_look_v2--r1--tick0--pan1500.png,zone_wide_corridor-s274-grasp_tri_frame@approach_look_v2--r1--tick0--pan1500.png
2026-09-26-zone-own-perception-v3/test-frames/eval-labels,zone_wide_corridor-s2#-grasp_tri_frame@approach_look_v2--r1--tick1--pan1#.png,unknown SIM timing: every 10th numeric-sorted frame + first/last (mandatory endpoints may exceed 10% for n<20),,2,2,zone_wide_corridor-s272-grasp_tri_frame@approach_look_v2--r1--tick1--pan1500.png,zone_wide_corridor-s274-grasp_tri_frame@approach_look_v2--r1--tick1--pan1500.png
2026-09-26-zone-own-perception-v3/test-frames/eval-labels,zone_wide_corridor-s2#-grasp_tri_frame@approach_look_v2--r1--tick2--pan1#.png,unknown SIM timing: every 10th numeric-sorted frame + first/last (mandatory endpoints may exceed 10% for n<20),,2,2,zone_wide_corridor-s272-grasp_tri_frame@approach_look_v2--r1--tick2--pan1500.png,zone_wide_corridor-s274-grasp_tri_frame@approach_look_v2--r1--tick2--pan1500.png
2026-09-26-zone-own-perception-v3/test-frames/eval-labels,zone_wide_corridor-s2#-grasp_tri_frame@grasp_look_v3--r1--tick0--pan1#.png,unknown SIM timing: every 10th numeric-sorted frame + first/last (mandatory endpoints may exceed 10% for n<20),,2,2,zone_wide_corridor-s272-grasp_tri_frame@grasp_look_v3--r1--tick0--pan1500.png,zone_wide_corridor-s274-grasp_tri_frame@grasp_look_v3--r1--tick0--pan1500.png
2026-09-26-zone-own-perception-v3/test-frames/eval-labels,zone_wide_corridor-s2#-grasp_tri_frame@grasp_look_v3--r1--tick1--pan1#.png,unknown SIM timing: every 10th numeric-sorted frame + first/last (mandatory endpoints may exceed 10% for n<20),,2,2,zone_wide_corridor-s272-grasp_tri_frame@grasp_look_v3--r1--tick1--pan1500.png,zone_wide_corridor-s274-grasp_tri_frame@grasp_look_v3--r1--tick1--pan1500.png
2026-09-26-zone-own-perception-v3/test-frames/eval-labels,zone_wide_corridor-s2#-grasp_tri_frame@grasp_look_v3--r1--tick2--pan1#.png,unknown SIM timing: every 10th numeric-sorted frame + first/last (mandatory endpoints may exceed 10% for n<20),,2,2,zone_wide_corridor-s272-grasp_tri_frame@grasp_look_v3--r1--tick2--pan1500.png,zone_wide_corridor-s274-grasp_tri_frame@grasp_look_v3--r1--tick2--pan1500.png
2026-09-26-zone-own-perception-v3/test-frames/eval-labels,zone_wide_corridor-s2#-grasp_wrong_kind@approach_look_v2--r1--tick0--pan1#.png,unknown SIM timing: every 10th numeric-sorted frame + first/last (mandatory endpoints may exceed 10% for n<20),,2,2,zone_wide_corridor-s272-grasp_wrong_kind@approach_look_v2--r1--tick0--pan1500.png,zone_wide_corridor-s274-grasp_wrong_kind@approach_look_v2--r1--tick0--pan1500.png
2026-09-26-zone-own-perception-v3/test-frames/eval-labels,zone_wide_corridor-s2#-grasp_wrong_kind@approach_look_v2--r1--tick1--pan1#.png,unknown SIM timing: every 10th numeric-sorted frame + first/last (mandatory endpoints may exceed 10% for n<20),,2,2,zone_wide_corridor-s272-grasp_wrong_kind@approach_look_v2--r1--tick1--pan1500.png,zone_wide_corridor-s274-grasp_wrong_kind@approach_look_v2--r1--tick1--pan1500.png
2026-09-26-zone-own-perception-v3/test-frames/eval-labels,zone_wide_corridor-s2#-grasp_wrong_kind@approach_look_v2--r1--tick2--pan1#.png,unknown SIM timing: every 10th numeric-sorted frame + first/last (mandatory endpoints may exceed 10% for n<20),,2,2,zone_wide_corridor-s272-grasp_wrong_kind@approach_look_v2--r1--tick2--pan1500.png,zone_wide_corridor-s274-grasp_wrong_kind@approach_look_v2--r1--tick2--pan1500.png
2026-09-26-zone-own-perception-v3/test-frames/eval-labels,zone_wide_corridor-s2#-grasp_wrong_kind@grasp_look_v3--r1--tick0--pan1#.png,unknown SIM timing: every 10th numeric-sorted frame + first/last (mandatory endpoints may exceed 10% for n<20),,2,2,zone_wide_corridor-s272-grasp_wrong_kind@grasp_look_v3--r1--tick0--pan1500.png,zone_wide_corridor-s274-grasp_wrong_kind@grasp_look_v3--r1--tick0--pan1500.png
2026-09-26-zone-own-perception-v3/test-frames/eval-labels,zone_wide_corridor-s2#-grasp_wrong_kind@grasp_look_v3--r1--tick1--pan1#.png,unknown SIM timing: every 10th numeric-sorted frame + first/last (mandatory endpoints may exceed 10% for n<20),,2,2,zone_wide_corridor-s272-grasp_wrong_kind@grasp_look_v3--r1--tick1--pan1500.png,zone_wide_corridor-s274-grasp_wrong_kind@grasp_look_v3--r1--tick1--pan1500.png
2026-09-26-zone-own-perception-v3/test-frames/eval-labels,zone_wide_corridor-s2#-grasp_wrong_kind@grasp_look_v3--r1--tick2--pan1#.png,unknown SIM timing: every 10th numeric-sorted frame + first/last (mandatory endpoints may exceed 10% for n<20),,2,2,zone_wide_corridor-s272-grasp_wrong_kind@grasp_look_v3--r1--tick2--pan1500.png,zone_wide_corridor-s274-grasp_wrong_kind@grasp_look_v3--r1--tick2--pan1500.png
2026-09-26-zone-own-perception-v3/test-frames/eval-labels,zone_wide_corridor-s2#-held_box_carry--r1--tick0--pan1#.png,unknown SIM timing: every 10th numeric-sorted frame + first/last (mandatory endpoints may exceed 10% for n<20),,2,2,zone_wide_corridor-s272-held_box_carry--r1--tick0--pan1500.png,zone_wide_corridor-s274-held_box_carry--r1--tick0--pan1500.png
2026-09-26-zone-own-perception-v3/test-frames/eval-labels,zone_wide_corridor-s2#-held_box_carry--r1--tick1--pan1#.png,unknown SIM timing: every 10th numeric-sorted frame + first/last (mandatory endpoints may exceed 10% for n<20),,2,2,zone_wide_corridor-s272-held_box_carry--r1--tick1--pan1500.png,zone_wide_corridor-s274-held_box_carry--r1--tick1--pan1500.png
2026-09-26-zone-own-perception-v3/test-frames/eval-labels,zone_wide_corridor-s2#-held_box_carry--r1--tick2--pan1#.png,unknown SIM timing: every 10th numeric-sorted frame + first/last (mandatory endpoints may exceed 10% for n<20),,2,2,zone_wide_corridor-s272-held_box_carry--r1--tick2--pan1500.png,zone_wide_corridor-s274-held_box_carry--r1--tick2--pan1500.png
2026-09-26-zone-own-perception-v3/test-frames/eval-labels,zone_wide_corridor-s2#-held_box_held_check--r1--tick0--pan1#.png,unknown SIM timing: every 10th numeric-sorted frame + first/last (mandatory endpoints may exceed 10% for n<20),,2,2,zone_wide_corridor-s272-held_box_held_check--r1--tick0--pan1500.png,zone_wide_corridor-s274-held_box_held_check--r1--tick0--pan1500.png
2026-09-26-zone-own-perception-v3/test-frames/eval-labels,zone_wide_corridor-s2#-held_box_held_check--r1--tick1--pan1#.png,unknown SIM timing: every 10th numeric-sorted frame + first/last (mandatory endpoints may exceed 10% for n<20),,2,2,zone_wide_corridor-s272-held_box_held_check--r1--tick1--pan1500.png,zone_wide_corridor-s274-held_box_held_check--r1--tick1--pan1500.png
2026-09-26-zone-own-perception-v3/test-frames/eval-labels,zone_wide_corridor-s2#-held_box_held_check--r1--tick2--pan1#.png,unknown SIM timing: every 10th numeric-sorted frame + first/last (mandatory endpoints may exceed 10% for n<20),,2,2,zone_wide_corridor-s272-held_box_held_check--r1--tick2--pan1500.png,zone_wide_corridor-s274-held_box_held_check--r1--tick2--pan1500.png
2026-09-26-zone-own-perception-v3/test-frames/eval-labels,zone_wide_corridor-s2#-held_can--r1--tick0--pan1#.png,unknown SIM timing: every 10th numeric-sorted frame + first/last (mandatory endpoints may exceed 10% for n<20),,2,2,zone_wide_corridor-s272-held_can--r1--tick0--pan1500.png,zone_wide_corridor-s274-held_can--r1--tick0--pan1500.png
2026-09-26-zone-own-perception-v3/test-frames/eval-labels,zone_wide_corridor-s2#-held_can--r1--tick1--pan1#.png,unknown SIM timing: every 10th numeric-sorted frame + first/last (mandatory endpoints may exceed 10% for n<20),,2,2,zone_wide_corridor-s272-held_can--r1--tick1--pan1500.png,zone_wide_corridor-s274-held_can--r1--tick1--pan1500.png
2026-09-26-zone-own-perception-v3/test-frames/eval-labels,zone_wide_corridor-s2#-held_can--r1--tick2--pan1#.png,unknown SIM timing: every 10th numeric-sorted frame + first/last (mandatory endpoints may exceed 10% for n<20),,2,2,zone_wide_corridor-s272-held_can--r1--tick2--pan1500.png,zone_wide_corridor-s274-held_can--r1--tick2--pan1500.png
2026-09-26-zone-own-perception-v3/test-frames/eval-labels,zone_wide_corridor-s2#-held_can_absent--r1--tick0--pan1#.png,unknown SIM timing: every 10th numeric-sorted frame + first/last (mandatory endpoints may exceed 10% for n<20),,2,2,zone_wide_corridor-s272-held_can_absent--r1--tick0--pan1500.png,zone_wide_corridor-s274-held_can_absent--r1--tick0--pan1500.png
2026-09-26-zone-own-perception-v3/test-frames/eval-labels,zone_wide_corridor-s2#-held_can_absent--r1--tick1--pan1#.png,unknown SIM timing: every 10th numeric-sorted frame + first/last (mandatory endpoints may exceed 10% for n<20),,2,2,zone_wide_corridor-s272-held_can_absent--r1--tick1--pan1500.png,zone_wide_corridor-s274-held_can_absent--r1--tick1--pan1500.png
2026-09-26-zone-own-perception-v3/test-frames/eval-labels,zone_wide_corridor-s2#-held_can_absent--r1--tick2--pan1#.png,unknown SIM timing: every 10th numeric-sorted frame + first/last (mandatory endpoints may exceed 10% for n<20),,2,2,zone_wide_corridor-s272-held_can_absent--r1--tick2--pan1500.png,zone_wide_corridor-s274-held_can_absent--r1--tick2--pan1500.png
2026-09-26-zone-own-perception-v3/test-frames/eval-labels,zone_wide_corridor-s2#-held_can_carry--r1--tick0--pan1#.png,unknown SIM timing: every 10th numeric-sorted frame + first/last (mandatory endpoints may exceed 10% for n<20),,2,2,zone_wide_corridor-s272-held_can_carry--r1--tick0--pan1500.png,zone_wide_corridor-s274-held_can_carry--r1--tick0--pan1500.png
2026-09-26-zone-own-perception-v3/test-frames/eval-labels,zone_wide_corridor-s2#-held_can_carry--r1--tick1--pan1#.png,unknown SIM timing: every 10th numeric-sorted frame + first/last (mandatory endpoints may exceed 10% for n<20),,2,2,zone_wide_corridor-s272-held_can_carry--r1--tick1--pan1500.png,zone_wide_corridor-s274-held_can_carry--r1--tick1--pan1500.png
2026-09-26-zone-own-perception-v3/test-frames/eval-labels,zone_wide_corridor-s2#-held_can_carry--r1--tick2--pan1#.png,unknown SIM timing: every 10th numeric-sorted frame + first/last (mandatory endpoints may exceed 10% for n<20),,2,2,zone_wide_corridor-s272-held_can_carry--r1--tick2--pan1500.png,zone_wide_corridor-s274-held_can_carry--r1--tick2--pan1500.png
2026-09-26-zone-own-perception-v3/test-frames/eval-labels,zone_wide_corridor-s2#-held_can_wrong_kind--r1--tick0--pan1#.png,unknown SIM timing: every 10th numeric-sorted frame + first/last (mandatory endpoints may exceed 10% for n<20),,2,2,zone_wide_corridor-s272-held_can_wrong_kind--r1--tick0--pan1500.png,zone_wide_corridor-s274-held_can_wrong_kind--r1--tick0--pan1500.png
2026-09-26-zone-own-perception-v3/test-frames/eval-labels,zone_wide_corridor-s2#-held_can_wrong_kind--r1--tick1--pan1#.png,unknown SIM timing: every 10th numeric-sorted frame + first/last (mandatory endpoints may exceed 10% for n<20),,2,2,zone_wide_corridor-s272-held_can_wrong_kind--r1--tick1--pan1500.png,zone_wide_corridor-s274-held_can_wrong_kind--r1--tick1--pan1500.png
2026-09-26-zone-own-perception-v3/test-frames/eval-labels,zone_wide_corridor-s2#-held_can_wrong_kind--r1--tick2--pan1#.png,unknown SIM timing: every 10th numeric-sorted frame + first/last (mandatory endpoints may exceed 10% for n<20),,2,2,zone_wide_corridor-s272-held_can_wrong_kind--r1--tick2--pan1500.png,zone_wide_corridor-s274-held_can_wrong_kind--r1--tick2--pan1500.png
2026-09-26-zone-own-perception-v3/test-frames/eval-labels,zone_wide_corridor-s2#-held_nothing_carry--r1--tick0--pan1#.png,unknown SIM timing: every 10th numeric-sorted frame + first/last (mandatory endpoints may exceed 10% for n<20),,2,2,zone_wide_corridor-s272-held_nothing_carry--r1--tick0--pan1500.png,zone_wide_corridor-s274-held_nothing_carry--r1--tick0--pan1500.png
2026-09-26-zone-own-perception-v3/test-frames/eval-labels,zone_wide_corridor-s2#-held_nothing_carry--r1--tick1--pan1#.png,unknown SIM timing: every 10th numeric-sorted frame + first/last (mandatory endpoints may exceed 10% for n<20),,2,2,zone_wide_corridor-s272-held_nothing_carry--r1--tick1--pan1500.png,zone_wide_corridor-s274-held_nothing_carry--r1--tick1--pan1500.png
2026-09-26-zone-own-perception-v3/test-frames/eval-labels,zone_wide_corridor-s2#-held_nothing_carry--r1--tick2--pan1#.png,unknown SIM timing: every 10th numeric-sorted frame + first/last (mandatory endpoints may exceed 10% for n<20),,2,2,zone_wide_corridor-s272-held_nothing_carry--r1--tick2--pan1500.png,zone_wide_corridor-s274-held_nothing_carry--r1--tick2--pan1500.png
2026-09-26-zone-own-perception-v3/test-frames/eval-labels,zone_wide_corridor-s2#-held_tile_carry--r1--tick0--pan1#.png,unknown SIM timing: every 10th numeric-sorted frame + first/last (mandatory endpoints may exceed 10% for n<20),,2,2,zone_wide_corridor-s272-held_tile_carry--r1--tick0--pan1500.png,zone_wide_corridor-s274-held_tile_carry--r1--tick0--pan1500.png
2026-09-26-zone-own-perception-v3/test-frames/eval-labels,zone_wide_corridor-s2#-held_tile_carry--r1--tick1--pan1#.png,unknown SIM timing: every 10th numeric-sorted frame + first/last (mandatory endpoints may exceed 10% for n<20),,2,2,zone_wide_corridor-s272-held_tile_carry--r1--tick1--pan1500.png,zone_wide_corridor-s274-held_tile_carry--r1--tick1--pan1500.png
2026-09-26-zone-own-perception-v3/test-frames/eval-labels,zone_wide_corridor-s2#-held_tile_carry--r1--tick2--pan1#.png,unknown SIM timing: every 10th numeric-sorted frame + first/last (mandatory endpoints may exceed 10% for n<20),,2,2,zone_wide_corridor-s272-held_tile_carry--r1--tick2--pan1500.png,zone_wide_corridor-s274-held_tile_carry--r1--tick2--pan1500.png
2026-09-26-zone-own-perception-v3/test-frames/eval-labels,zone_wide_corridor-s2#-held_tile_expect_box_carry--r1--tick0--pan1#.png,unknown SIM timing: every 10th numeric-sorted frame + first/last (mandatory endpoints may exceed 10% for n<20),,2,2,zone_wide_corridor-s272-held_tile_expect_box_carry--r1--tick0--pan1500.png,zone_wide_corridor-s274-held_tile_expect_box_carry--r1--tick0--pan1500.png
2026-09-26-zone-own-perception-v3/test-frames/eval-labels,zone_wide_corridor-s2#-held_tile_expect_box_carry--r1--tick1--pan1#.png,unknown SIM timing: every 10th numeric-sorted frame + first/last (mandatory endpoints may exceed 10% for n<20),,2,2,zone_wide_corridor-s272-held_tile_expect_box_carry--r1--tick1--pan1500.png,zone_wide_corridor-s274-held_tile_expect_box_carry--r1--tick1--pan1500.png
2026-09-26-zone-own-perception-v3/test-frames/eval-labels,zone_wide_corridor-s2#-held_tile_expect_box_carry--r1--tick2--pan1#.png,unknown SIM timing: every 10th numeric-sorted frame + first/last (mandatory endpoints may exceed 10% for n<20),,2,2,zone_wide_corridor-s272-held_tile_expect_box_carry--r1--tick2--pan1500.png,zone_wide_corridor-s274-held_tile_expect_box_carry--r1--tick2--pan1500.png
2026-09-26-zone-own-perception-v3/test-frames/eval-labels,zone_wide_corridor-s2#-wrong_end_long_beam@approach_look_v2--r1--tick0--pan1#.png,unknown SIM timing: every 10th numeric-sorted frame + first/last (mandatory endpoints may exceed 10% for n<20),,2,2,zone_wide_corridor-s272-wrong_end_long_beam@approach_look_v2--r1--tick0--pan1500.png,zone_wide_corridor-s274-wrong_end_long_beam@approach_look_v2--r1--tick0--pan1500.png
2026-09-26-zone-own-perception-v3/test-frames/eval-labels,zone_wide_corridor-s2#-wrong_end_long_beam@approach_look_v2--r1--tick1--pan1#.png,unknown SIM timing: every 10th numeric-sorted frame + first/last (mandatory endpoints may exceed 10% for n<20),,2,2,zone_wide_corridor-s272-wrong_end_long_beam@approach_look_v2--r1--tick1--pan1500.png,zone_wide_corridor-s274-wrong_end_long_beam@approach_look_v2--r1--tick1--pan1500.png
2026-09-26-zone-own-perception-v3/test-frames/eval-labels,zone_wide_corridor-s2#-wrong_end_long_beam@approach_look_v2--r1--tick2--pan1#.png,unknown SIM timing: every 10th numeric-sorted frame + first/last (mandatory endpoints may exceed 10% for n<20),,2,2,zone_wide_corridor-s272-wrong_end_long_beam@approach_look_v2--r1--tick2--pan1500.png,zone_wide_corridor-s274-wrong_end_long_beam@approach_look_v2--r1--tick2--pan1500.png
2026-09-26-zone-own-perception-v3/test-frames/eval-labels,zone_wide_corridor-s2#-wrong_end_long_beam@grasp_look_v3--r1--tick0--pan1#.png,unknown SIM timing: every 10th numeric-sorted frame + first/last (mandatory endpoints may exceed 10% for n<20),,2,2,zone_wide_corridor-s272-wrong_end_long_beam@grasp_look_v3--r1--tick0--pan1500.png,zone_wide_corridor-s274-wrong_end_long_beam@grasp_look_v3--r1--tick0--pan1500.png
2026-09-26-zone-own-perception-v3/test-frames/eval-labels,zone_wide_corridor-s2#-wrong_end_long_beam@grasp_look_v3--r1--tick1--pan1#.png,unknown SIM timing: every 10th numeric-sorted frame + first/last (mandatory endpoints may exceed 10% for n<20),,2,2,zone_wide_corridor-s272-wrong_end_long_beam@grasp_look_v3--r1--tick1--pan1500.png,zone_wide_corridor-s274-wrong_end_long_beam@grasp_look_v3--r1--tick1--pan1500.png
2026-09-26-zone-own-perception-v3/test-frames/eval-labels,zone_wide_corridor-s2#-wrong_end_long_beam@grasp_look_v3--r1--tick2--pan1#.png,unknown SIM timing: every 10th numeric-sorted frame + first/last (mandatory endpoints may exceed 10% for n<20),,2,2,zone_wide_corridor-s272-wrong_end_long_beam@grasp_look_v3--r1--tick2--pan1500.png,zone_wide_corridor-s274-wrong_end_long_beam@grasp_look_v3--r1--tick2--pan1500.png
2026-09-26-zone-own-perception-v3/test-frames/eval-labels,zone_wide_door-s2#-carry_beam_expect_crate--r1--tick0--pan1#.png,unknown SIM timing: every 10th numeric-sorted frame + first/last (mandatory endpoints may exceed 10% for n<20),,1,1,zone_wide_door-s271-carry_beam_expect_crate--r1--tick0--pan1500.png,zone_wide_door-s271-carry_beam_expect_crate--r1--tick0--pan1500.png
2026-09-26-zone-own-perception-v3/test-frames/eval-labels,zone_wide_door-s2#-carry_beam_expect_crate--r1--tick1--pan1#.png,unknown SIM timing: every 10th numeric-sorted frame + first/last (mandatory endpoints may exceed 10% for n<20),,1,1,zone_wide_door-s271-carry_beam_expect_crate--r1--tick1--pan1500.png,zone_wide_door-s271-carry_beam_expect_crate--r1--tick1--pan1500.png
2026-09-26-zone-own-perception-v3/test-frames/eval-labels,zone_wide_door-s2#-carry_beam_expect_crate--r1--tick2--pan1#.png,unknown SIM timing: every 10th numeric-sorted frame + first/last (mandatory endpoints may exceed 10% for n<20),,1,1,zone_wide_door-s271-carry_beam_expect_crate--r1--tick2--pan1500.png,zone_wide_door-s271-carry_beam_expect_crate--r1--tick2--pan1500.png
2026-09-26-zone-own-perception-v3/test-frames/eval-labels,zone_wide_door-s2#-carry_crate_expect_beam--r1--tick0--pan1#.png,unknown SIM timing: every 10th numeric-sorted frame + first/last (mandatory endpoints may exceed 10% for n<20),,1,1,zone_wide_door-s271-carry_crate_expect_beam--r1--tick0--pan1500.png,zone_wide_door-s271-carry_crate_expect_beam--r1--tick0--pan1500.png
2026-09-26-zone-own-perception-v3/test-frames/eval-labels,zone_wide_door-s2#-carry_crate_expect_beam--r1--tick1--pan1#.png,unknown SIM timing: every 10th numeric-sorted frame + first/last (mandatory endpoints may exceed 10% for n<20),,1,1,zone_wide_door-s271-carry_crate_expect_beam--r1--tick1--pan1500.png,zone_wide_door-s271-carry_crate_expect_beam--r1--tick1--pan1500.png
2026-09-26-zone-own-perception-v3/test-frames/eval-labels,zone_wide_door-s2#-carry_crate_expect_beam--r1--tick2--pan1#.png,unknown SIM timing: every 10th numeric-sorted frame + first/last (mandatory endpoints may exceed 10% for n<20),,1,1,zone_wide_door-s271-carry_crate_expect_beam--r1--tick2--pan1500.png,zone_wide_door-s271-carry_crate_expect_beam--r1--tick2--pan1500.png
2026-09-26-zone-own-perception-v3/test-frames/eval-labels,zone_wide_door-s2#-carry_heavy_crate--r1--tick0--pan1#.png,unknown SIM timing: every 10th numeric-sorted frame + first/last (mandatory endpoints may exceed 10% for n<20),,1,1,zone_wide_door-s271-carry_heavy_crate--r1--tick0--pan1500.png,zone_wide_door-s271-carry_heavy_crate--r1--tick0--pan1500.png
2026-09-26-zone-own-perception-v3/test-frames/eval-labels,zone_wide_door-s2#-carry_heavy_crate--r1--tick1--pan1#.png,unknown SIM timing: every 10th numeric-sorted frame + first/last (mandatory endpoints may exceed 10% for n<20),,1,1,zone_wide_door-s271-carry_heavy_crate--r1--tick1--pan1500.png,zone_wide_door-s271-carry_heavy_crate--r1--tick1--pan1500.png
2026-09-26-zone-own-perception-v3/test-frames/eval-labels,zone_wide_door-s2#-carry_heavy_crate--r1--tick2--pan1#.png,unknown SIM timing: every 10th numeric-sorted frame + first/last (mandatory endpoints may exceed 10% for n<20),,1,1,zone_wide_door-s271-carry_heavy_crate--r1--tick2--pan1500.png,zone_wide_door-s271-carry_heavy_crate--r1--tick2--pan1500.png
2026-09-26-zone-own-perception-v3/test-frames/eval-labels,zone_wide_door-s2#-carry_long_beam--r1--tick0--pan1#.png,unknown SIM timing: every 10th numeric-sorted frame + first/last (mandatory endpoints may exceed 10% for n<20),,1,1,zone_wide_door-s271-carry_long_beam--r1--tick0--pan1500.png,zone_wide_door-s271-carry_long_beam--r1--tick0--pan1500.png
2026-09-26-zone-own-perception-v3/test-frames/eval-labels,zone_wide_door-s2#-carry_long_beam--r1--tick1--pan1#.png,unknown SIM timing: every 10th numeric-sorted frame + first/last (mandatory endpoints may exceed 10% for n<20),,1,1,zone_wide_door-s271-carry_long_beam--r1--tick1--pan1500.png,zone_wide_door-s271-carry_long_beam--r1--tick1--pan1500.png
2026-09-26-zone-own-perception-v3/test-frames/eval-labels,zone_wide_door-s2#-carry_long_beam--r1--tick2--pan1#.png,unknown SIM timing: every 10th numeric-sorted frame + first/last (mandatory endpoints may exceed 10% for n<20),,1,1,zone_wide_door-s271-carry_long_beam--r1--tick2--pan1500.png,zone_wide_door-s271-carry_long_beam--r1--tick2--pan1500.png
2026-09-26-zone-own-perception-v3/test-frames/eval-labels,zone_wide_door-s2#-carry_nothing_expect_crate--r1--tick0--pan1#.png,unknown SIM timing: every 10th numeric-sorted frame + first/last (mandatory endpoints may exceed 10% for n<20),,1,1,zone_wide_door-s271-carry_nothing_expect_crate--r1--tick0--pan1500.png,zone_wide_door-s271-carry_nothing_expect_crate--r1--tick0--pan1500.png
2026-09-26-zone-own-perception-v3/test-frames/eval-labels,zone_wide_door-s2#-carry_nothing_expect_crate--r1--tick1--pan1#.png,unknown SIM timing: every 10th numeric-sorted frame + first/last (mandatory endpoints may exceed 10% for n<20),,1,1,zone_wide_door-s271-carry_nothing_expect_crate--r1--tick1--pan1500.png,zone_wide_door-s271-carry_nothing_expect_crate--r1--tick1--pan1500.png
2026-09-26-zone-own-perception-v3/test-frames/eval-labels,zone_wide_door-s2#-carry_nothing_expect_crate--r1--tick2--pan1#.png,unknown SIM timing: every 10th numeric-sorted frame + first/last (mandatory endpoints may exceed 10% for n<20),,1,1,zone_wide_door-s271-carry_nothing_expect_crate--r1--tick2--pan1500.png,zone_wide_door-s271-carry_nothing_expect_crate--r1--tick2--pan1500.png
2026-09-26-zone-own-perception-v3/test-frames/eval-labels,zone_wide_door-s2#-carry_tri_frame--r1--tick0--pan1#.png,unknown SIM timing: every 10th numeric-sorted frame + first/last (mandatory endpoints may exceed 10% for n<20),,1,1,zone_wide_door-s271-carry_tri_frame--r1--tick0--pan1500.png,zone_wide_door-s271-carry_tri_frame--r1--tick0--pan1500.png
2026-09-26-zone-own-perception-v3/test-frames/eval-labels,zone_wide_door-s2#-carry_tri_frame--r1--tick1--pan1#.png,unknown SIM timing: every 10th numeric-sorted frame + first/last (mandatory endpoints may exceed 10% for n<20),,1,1,zone_wide_door-s271-carry_tri_frame--r1--tick1--pan1500.png,zone_wide_door-s271-carry_tri_frame--r1--tick1--pan1500.png
2026-09-26-zone-own-perception-v3/test-frames/eval-labels,zone_wide_door-s2#-carry_tri_frame--r1--tick2--pan1#.png,unknown SIM timing: every 10th numeric-sorted frame + first/last (mandatory endpoints may exceed 10% for n<20),,1,1,zone_wide_door-s271-carry_tri_frame--r1--tick2--pan1500.png,zone_wide_door-s271-carry_tri_frame--r1--tick2--pan1500.png
2026-09-26-zone-own-perception-v3/test-frames/eval-labels,zone_wide_door-s2#-grasp_heavy_crate@approach_look_v2--r1--tick0--pan1#.png,unknown SIM timing: every 10th numeric-sorted frame + first/last (mandatory endpoints may exceed 10% for n<20),,1,1,zone_wide_door-s271-grasp_heavy_crate@approach_look_v2--r1--tick0--pan1500.png,zone_wide_door-s271-grasp_heavy_crate@approach_look_v2--r1--tick0--pan1500.png
2026-09-26-zone-own-perception-v3/test-frames/eval-labels,zone_wide_door-s2#-grasp_heavy_crate@approach_look_v2--r1--tick1--pan1#.png,unknown SIM timing: every 10th numeric-sorted frame + first/last (mandatory endpoints may exceed 10% for n<20),,1,1,zone_wide_door-s271-grasp_heavy_crate@approach_look_v2--r1--tick1--pan1500.png,zone_wide_door-s271-grasp_heavy_crate@approach_look_v2--r1--tick1--pan1500.png
2026-09-26-zone-own-perception-v3/test-frames/eval-labels,zone_wide_door-s2#-grasp_heavy_crate@approach_look_v2--r1--tick2--pan1#.png,unknown SIM timing: every 10th numeric-sorted frame + first/last (mandatory endpoints may exceed 10% for n<20),,1,1,zone_wide_door-s271-grasp_heavy_crate@approach_look_v2--r1--tick2--pan1500.png,zone_wide_door-s271-grasp_heavy_crate@approach_look_v2--r1--tick2--pan1500.png
2026-09-26-zone-own-perception-v3/test-frames/eval-labels,zone_wide_door-s2#-grasp_heavy_crate@grasp_look_v3--r1--tick0--pan1#.png,unknown SIM timing: every 10th numeric-sorted frame + first/last (mandatory endpoints may exceed 10% for n<20),,1,1,zone_wide_door-s271-grasp_heavy_crate@grasp_look_v3--r1--tick0--pan1500.png,zone_wide_door-s271-grasp_heavy_crate@grasp_look_v3--r1--tick0--pan1500.png
2026-09-26-zone-own-perception-v3/test-frames/eval-labels,zone_wide_door-s2#-grasp_heavy_crate@grasp_look_v3--r1--tick1--pan1#.png,unknown SIM timing: every 10th numeric-sorted frame + first/last (mandatory endpoints may exceed 10% for n<20),,1,1,zone_wide_door-s271-grasp_heavy_crate@grasp_look_v3--r1--tick1--pan1500.png,zone_wide_door-s271-grasp_heavy_crate@grasp_look_v3--r1--tick1--pan1500.png
2026-09-26-zone-own-perception-v3/test-frames/eval-labels,zone_wide_door-s2#-grasp_heavy_crate@grasp_look_v3--r1--tick2--pan1#.png,unknown SIM timing: every 10th numeric-sorted frame + first/last (mandatory endpoints may exceed 10% for n<20),,1,1,zone_wide_door-s271-grasp_heavy_crate@grasp_look_v3--r1--tick2--pan1500.png,zone_wide_door-s271-grasp_heavy_crate@grasp_look_v3--r1--tick2--pan1500.png
2026-09-26-zone-own-perception-v3/test-frames/eval-labels,zone_wide_door-s2#-grasp_long_beam@approach_look_v2--r1--tick0--pan1#.png,unknown SIM timing: every 10th numeric-sorted frame + first/last (mandatory endpoints may exceed 10% for n<20),,1,1,zone_wide_door-s271-grasp_long_beam@approach_look_v2--r1--tick0--pan1500.png,zone_wide_door-s271-grasp_long_beam@approach_look_v2--r1--tick0--pan1500.png
2026-09-26-zone-own-perception-v3/test-frames/eval-labels,zone_wide_door-s2#-grasp_long_beam@approach_look_v2--r1--tick1--pan1#.png,unknown SIM timing: every 10th numeric-sorted frame + first/last (mandatory endpoints may exceed 10% for n<20),,1,1,zone_wide_door-s271-grasp_long_beam@approach_look_v2--r1--tick1--pan1500.png,zone_wide_door-s271-grasp_long_beam@approach_look_v2--r1--tick1--pan1500.png
2026-09-26-zone-own-perception-v3/test-frames/eval-labels,zone_wide_door-s2#-grasp_long_beam@approach_look_v2--r1--tick2--pan1#.png,unknown SIM timing: every 10th numeric-sorted frame + first/last (mandatory endpoints may exceed 10% for n<20),,1,1,zone_wide_door-s271-grasp_long_beam@approach_look_v2--r1--tick2--pan1500.png,zone_wide_door-s271-grasp_long_beam@approach_look_v2--r1--tick2--pan1500.png
2026-09-26-zone-own-perception-v3/test-frames/eval-labels,zone_wide_door-s2#-grasp_long_beam@grasp_look_v3--r1--tick0--pan1#.png,unknown SIM timing: every 10th numeric-sorted frame + first/last (mandatory endpoints may exceed 10% for n<20),,1,1,zone_wide_door-s271-grasp_long_beam@grasp_look_v3--r1--tick0--pan1500.png,zone_wide_door-s271-grasp_long_beam@grasp_look_v3--r1--tick0--pan1500.png
2026-09-26-zone-own-perception-v3/test-frames/eval-labels,zone_wide_door-s2#-grasp_long_beam@grasp_look_v3--r1--tick1--pan1#.png,unknown SIM timing: every 10th numeric-sorted frame + first/last (mandatory endpoints may exceed 10% for n<20),,1,1,zone_wide_door-s271-grasp_long_beam@grasp_look_v3--r1--tick1--pan1500.png,zone_wide_door-s271-grasp_long_beam@grasp_look_v3--r1--tick1--pan1500.png
2026-09-26-zone-own-perception-v3/test-frames/eval-labels,zone_wide_door-s2#-grasp_long_beam@grasp_look_v3--r1--tick2--pan1#.png,unknown SIM timing: every 10th numeric-sorted frame + first/last (mandatory endpoints may exceed 10% for n<20),,1,1,zone_wide_door-s271-grasp_long_beam@grasp_look_v3--r1--tick2--pan1500.png,zone_wide_door-s271-grasp_long_beam@grasp_look_v3--r1--tick2--pan1500.png
2026-09-26-zone-own-perception-v3/test-frames/eval-labels,zone_wide_door-s2#-grasp_tri_frame@approach_look_v2--r1--tick0--pan1#.png,unknown SIM timing: every 10th numeric-sorted frame + first/last (mandatory endpoints may exceed 10% for n<20),,1,1,zone_wide_door-s271-grasp_tri_frame@approach_look_v2--r1--tick0--pan1500.png,zone_wide_door-s271-grasp_tri_frame@approach_look_v2--r1--tick0--pan1500.png
2026-09-26-zone-own-perception-v3/test-frames/eval-labels,zone_wide_door-s2#-grasp_tri_frame@approach_look_v2--r1--tick1--pan1#.png,unknown SIM timing: every 10th numeric-sorted frame + first/last (mandatory endpoints may exceed 10% for n<20),,1,1,zone_wide_door-s271-grasp_tri_frame@approach_look_v2--r1--tick1--pan1500.png,zone_wide_door-s271-grasp_tri_frame@approach_look_v2--r1--tick1--pan1500.png
2026-09-26-zone-own-perception-v3/test-frames/eval-labels,zone_wide_door-s2#-grasp_tri_frame@approach_look_v2--r1--tick2--pan1#.png,unknown SIM timing: every 10th numeric-sorted frame + first/last (mandatory endpoints may exceed 10% for n<20),,1,1,zone_wide_door-s271-grasp_tri_frame@approach_look_v2--r1--tick2--pan1500.png,zone_wide_door-s271-grasp_tri_frame@approach_look_v2--r1--tick2--pan1500.png
2026-09-26-zone-own-perception-v3/test-frames/eval-labels,zone_wide_door-s2#-grasp_tri_frame@grasp_look_v3--r1--tick0--pan1#.png,unknown SIM timing: every 10th numeric-sorted frame + first/last (mandatory endpoints may exceed 10% for n<20),,1,1,zone_wide_door-s271-grasp_tri_frame@grasp_look_v3--r1--tick0--pan1500.png,zone_wide_door-s271-grasp_tri_frame@grasp_look_v3--r1--tick0--pan1500.png
2026-09-26-zone-own-perception-v3/test-frames/eval-labels,zone_wide_door-s2#-grasp_tri_frame@grasp_look_v3--r1--tick1--pan1#.png,unknown SIM timing: every 10th numeric-sorted frame + first/last (mandatory endpoints may exceed 10% for n<20),,1,1,zone_wide_door-s271-grasp_tri_frame@grasp_look_v3--r1--tick1--pan1500.png,zone_wide_door-s271-grasp_tri_frame@grasp_look_v3--r1--tick1--pan1500.png
2026-09-26-zone-own-perception-v3/test-frames/eval-labels,zone_wide_door-s2#-grasp_tri_frame@grasp_look_v3--r1--tick2--pan1#.png,unknown SIM timing: every 10th numeric-sorted frame + first/last (mandatory endpoints may exceed 10% for n<20),,1,1,zone_wide_door-s271-grasp_tri_frame@grasp_look_v3--r1--tick2--pan1500.png,zone_wide_door-s271-grasp_tri_frame@grasp_look_v3--r1--tick2--pan1500.png
2026-09-26-zone-own-perception-v3/test-frames/eval-labels,zone_wide_door-s2#-grasp_wrong_kind@approach_look_v2--r1--tick0--pan1#.png,unknown SIM timing: every 10th numeric-sorted frame + first/last (mandatory endpoints may exceed 10% for n<20),,1,1,zone_wide_door-s271-grasp_wrong_kind@approach_look_v2--r1--tick0--pan1500.png,zone_wide_door-s271-grasp_wrong_kind@approach_look_v2--r1--tick0--pan1500.png
2026-09-26-zone-own-perception-v3/test-frames/eval-labels,zone_wide_door-s2#-grasp_wrong_kind@approach_look_v2--r1--tick1--pan1#.png,unknown SIM timing: every 10th numeric-sorted frame + first/last (mandatory endpoints may exceed 10% for n<20),,1,1,zone_wide_door-s271-grasp_wrong_kind@approach_look_v2--r1--tick1--pan1500.png,zone_wide_door-s271-grasp_wrong_kind@approach_look_v2--r1--tick1--pan1500.png
2026-09-26-zone-own-perception-v3/test-frames/eval-labels,zone_wide_door-s2#-grasp_wrong_kind@approach_look_v2--r1--tick2--pan1#.png,unknown SIM timing: every 10th numeric-sorted frame + first/last (mandatory endpoints may exceed 10% for n<20),,1,1,zone_wide_door-s271-grasp_wrong_kind@approach_look_v2--r1--tick2--pan1500.png,zone_wide_door-s271-grasp_wrong_kind@approach_look_v2--r1--tick2--pan1500.png
2026-09-26-zone-own-perception-v3/test-frames/eval-labels,zone_wide_door-s2#-grasp_wrong_kind@grasp_look_v3--r1--tick0--pan1#.png,unknown SIM timing: every 10th numeric-sorted frame + first/last (mandatory endpoints may exceed 10% for n<20),,1,1,zone_wide_door-s271-grasp_wrong_kind@grasp_look_v3--r1--tick0--pan1500.png,zone_wide_door-s271-grasp_wrong_kind@grasp_look_v3--r1--tick0--pan1500.png
2026-09-26-zone-own-perception-v3/test-frames/eval-labels,zone_wide_door-s2#-grasp_wrong_kind@grasp_look_v3--r1--tick1--pan1#.png,unknown SIM timing: every 10th numeric-sorted frame + first/last (mandatory endpoints may exceed 10% for n<20),,1,1,zone_wide_door-s271-grasp_wrong_kind@grasp_look_v3--r1--tick1--pan1500.png,zone_wide_door-s271-grasp_wrong_kind@grasp_look_v3--r1--tick1--pan1500.png
2026-09-26-zone-own-perception-v3/test-frames/eval-labels,zone_wide_door-s2#-grasp_wrong_kind@grasp_look_v3--r1--tick2--pan1#.png,unknown SIM timing: every 10th numeric-sorted frame + first/last (mandatory endpoints may exceed 10% for n<20),,1,1,zone_wide_door-s271-grasp_wrong_kind@grasp_look_v3--r1--tick2--pan1500.png,zone_wide_door-s271-grasp_wrong_kind@grasp_look_v3--r1--tick2--pan1500.png
2026-09-26-zone-own-perception-v3/test-frames/eval-labels,zone_wide_door-s2#-held_box_carry--r1--tick0--pan1#.png,unknown SIM timing: every 10th numeric-sorted frame + first/last (mandatory endpoints may exceed 10% for n<20),,1,1,zone_wide_door-s271-held_box_carry--r1--tick0--pan1500.png,zone_wide_door-s271-held_box_carry--r1--tick0--pan1500.png
2026-09-26-zone-own-perception-v3/test-frames/eval-labels,zone_wide_door-s2#-held_box_carry--r1--tick1--pan1#.png,unknown SIM timing: every 10th numeric-sorted frame + first/last (mandatory endpoints may exceed 10% for n<20),,1,1,zone_wide_door-s271-held_box_carry--r1--tick1--pan1500.png,zone_wide_door-s271-held_box_carry--r1--tick1--pan1500.png
2026-09-26-zone-own-perception-v3/test-frames/eval-labels,zone_wide_door-s2#-held_box_carry--r1--tick2--pan1#.png,unknown SIM timing: every 10th numeric-sorted frame + first/last (mandatory endpoints may exceed 10% for n<20),,1,1,zone_wide_door-s271-held_box_carry--r1--tick2--pan1500.png,zone_wide_door-s271-held_box_carry--r1--tick2--pan1500.png
2026-09-26-zone-own-perception-v3/test-frames/eval-labels,zone_wide_door-s2#-held_box_held_check--r1--tick0--pan1#.png,unknown SIM timing: every 10th numeric-sorted frame + first/last (mandatory endpoints may exceed 10% for n<20),,1,1,zone_wide_door-s271-held_box_held_check--r1--tick0--pan1500.png,zone_wide_door-s271-held_box_held_check--r1--tick0--pan1500.png
2026-09-26-zone-own-perception-v3/test-frames/eval-labels,zone_wide_door-s2#-held_box_held_check--r1--tick1--pan1#.png,unknown SIM timing: every 10th numeric-sorted frame + first/last (mandatory endpoints may exceed 10% for n<20),,1,1,zone_wide_door-s271-held_box_held_check--r1--tick1--pan1500.png,zone_wide_door-s271-held_box_held_check--r1--tick1--pan1500.png
2026-09-26-zone-own-perception-v3/test-frames/eval-labels,zone_wide_door-s2#-held_box_held_check--r1--tick2--pan1#.png,unknown SIM timing: every 10th numeric-sorted frame + first/last (mandatory endpoints may exceed 10% for n<20),,1,1,zone_wide_door-s271-held_box_held_check--r1--tick2--pan1500.png,zone_wide_door-s271-held_box_held_check--r1--tick2--pan1500.png
2026-09-26-zone-own-perception-v3/test-frames/eval-labels,zone_wide_door-s2#-held_can--r1--tick0--pan1#.png,unknown SIM timing: every 10th numeric-sorted frame + first/last (mandatory endpoints may exceed 10% for n<20),,1,1,zone_wide_door-s271-held_can--r1--tick0--pan1500.png,zone_wide_door-s271-held_can--r1--tick0--pan1500.png
2026-09-26-zone-own-perception-v3/test-frames/eval-labels,zone_wide_door-s2#-held_can--r1--tick1--pan1#.png,unknown SIM timing: every 10th numeric-sorted frame + first/last (mandatory endpoints may exceed 10% for n<20),,1,1,zone_wide_door-s271-held_can--r1--tick1--pan1500.png,zone_wide_door-s271-held_can--r1--tick1--pan1500.png
2026-09-26-zone-own-perception-v3/test-frames/eval-labels,zone_wide_door-s2#-held_can--r1--tick2--pan1#.png,unknown SIM timing: every 10th numeric-sorted frame + first/last (mandatory endpoints may exceed 10% for n<20),,1,1,zone_wide_door-s271-held_can--r1--tick2--pan1500.png,zone_wide_door-s271-held_can--r1--tick2--pan1500.png
2026-09-26-zone-own-perception-v3/test-frames/eval-labels,zone_wide_door-s2#-held_can_absent--r1--tick0--pan1#.png,unknown SIM timing: every 10th numeric-sorted frame + first/last (mandatory endpoints may exceed 10% for n<20),,1,1,zone_wide_door-s271-held_can_absent--r1--tick0--pan1500.png,zone_wide_door-s271-held_can_absent--r1--tick0--pan1500.png
2026-09-26-zone-own-perception-v3/test-frames/eval-labels,zone_wide_door-s2#-held_can_absent--r1--tick1--pan1#.png,unknown SIM timing: every 10th numeric-sorted frame + first/last (mandatory endpoints may exceed 10% for n<20),,1,1,zone_wide_door-s271-held_can_absent--r1--tick1--pan1500.png,zone_wide_door-s271-held_can_absent--r1--tick1--pan1500.png
2026-09-26-zone-own-perception-v3/test-frames/eval-labels,zone_wide_door-s2#-held_can_absent--r1--tick2--pan1#.png,unknown SIM timing: every 10th numeric-sorted frame + first/last (mandatory endpoints may exceed 10% for n<20),,1,1,zone_wide_door-s271-held_can_absent--r1--tick2--pan1500.png,zone_wide_door-s271-held_can_absent--r1--tick2--pan1500.png
2026-09-26-zone-own-perception-v3/test-frames/eval-labels,zone_wide_door-s2#-held_can_carry--r1--tick0--pan1#.png,unknown SIM timing: every 10th numeric-sorted frame + first/last (mandatory endpoints may exceed 10% for n<20),,1,1,zone_wide_door-s271-held_can_carry--r1--tick0--pan1500.png,zone_wide_door-s271-held_can_carry--r1--tick0--pan1500.png
2026-09-26-zone-own-perception-v3/test-frames/eval-labels,zone_wide_door-s2#-held_can_carry--r1--tick1--pan1#.png,unknown SIM timing: every 10th numeric-sorted frame + first/last (mandatory endpoints may exceed 10% for n<20),,1,1,zone_wide_door-s271-held_can_carry--r1--tick1--pan1500.png,zone_wide_door-s271-held_can_carry--r1--tick1--pan1500.png
2026-09-26-zone-own-perception-v3/test-frames/eval-labels,zone_wide_door-s2#-held_can_carry--r1--tick2--pan1#.png,unknown SIM timing: every 10th numeric-sorted frame + first/last (mandatory endpoints may exceed 10% for n<20),,1,1,zone_wide_door-s271-held_can_carry--r1--tick2--pan1500.png,zone_wide_door-s271-held_can_carry--r1--tick2--pan1500.png
2026-09-26-zone-own-perception-v3/test-frames/eval-labels,zone_wide_door-s2#-held_can_wrong_kind--r1--tick0--pan1#.png,unknown SIM timing: every 10th numeric-sorted frame + first/last (mandatory endpoints may exceed 10% for n<20),,1,1,zone_wide_door-s271-held_can_wrong_kind--r1--tick0--pan1500.png,zone_wide_door-s271-held_can_wrong_kind--r1--tick0--pan1500.png
2026-09-26-zone-own-perception-v3/test-frames/eval-labels,zone_wide_door-s2#-held_can_wrong_kind--r1--tick1--pan1#.png,unknown SIM timing: every 10th numeric-sorted frame + first/last (mandatory endpoints may exceed 10% for n<20),,1,1,zone_wide_door-s271-held_can_wrong_kind--r1--tick1--pan1500.png,zone_wide_door-s271-held_can_wrong_kind--r1--tick1--pan1500.png
2026-09-26-zone-own-perception-v3/test-frames/eval-labels,zone_wide_door-s2#-held_can_wrong_kind--r1--tick2--pan1#.png,unknown SIM timing: every 10th numeric-sorted frame + first/last (mandatory endpoints may exceed 10% for n<20),,1,1,zone_wide_door-s271-held_can_wrong_kind--r1--tick2--pan1500.png,zone_wide_door-s271-held_can_wrong_kind--r1--tick2--pan1500.png
2026-09-26-zone-own-perception-v3/test-frames/eval-labels,zone_wide_door-s2#-held_nothing_carry--r1--tick0--pan1#.png,unknown SIM timing: every 10th numeric-sorted frame + first/last (mandatory endpoints may exceed 10% for n<20),,1,1,zone_wide_door-s271-held_nothing_carry--r1--tick0--pan1500.png,zone_wide_door-s271-held_nothing_carry--r1--tick0--pan1500.png
2026-09-26-zone-own-perception-v3/test-frames/eval-labels,zone_wide_door-s2#-held_nothing_carry--r1--tick1--pan1#.png,unknown SIM timing: every 10th numeric-sorted frame + first/last (mandatory endpoints may exceed 10% for n<20),,1,1,zone_wide_door-s271-held_nothing_carry--r1--tick1--pan1500.png,zone_wide_door-s271-held_nothing_carry--r1--tick1--pan1500.png
2026-09-26-zone-own-perception-v3/test-frames/eval-labels,zone_wide_door-s2#-held_nothing_carry--r1--tick2--pan1#.png,unknown SIM timing: every 10th numeric-sorted frame + first/last (mandatory endpoints may exceed 10% for n<20),,1,1,zone_wide_door-s271-held_nothing_carry--r1--tick2--pan1500.png,zone_wide_door-s271-held_nothing_carry--r1--tick2--pan1500.png
2026-09-26-zone-own-perception-v3/test-frames/eval-labels,zone_wide_door-s2#-held_tile_carry--r1--tick0--pan1#.png,unknown SIM timing: every 10th numeric-sorted frame + first/last (mandatory endpoints may exceed 10% for n<20),,1,1,zone_wide_door-s271-held_tile_carry--r1--tick0--pan1500.png,zone_wide_door-s271-held_tile_carry--r1--tick0--pan1500.png
2026-09-26-zone-own-perception-v3/test-frames/eval-labels,zone_wide_door-s2#-held_tile_carry--r1--tick1--pan1#.png,unknown SIM timing: every 10th numeric-sorted frame + first/last (mandatory endpoints may exceed 10% for n<20),,1,1,zone_wide_door-s271-held_tile_carry--r1--tick1--pan1500.png,zone_wide_door-s271-held_tile_carry--r1--tick1--pan1500.png
2026-09-26-zone-own-perception-v3/test-frames/eval-labels,zone_wide_door-s2#-held_tile_carry--r1--tick2--pan1#.png,unknown SIM timing: every 10th numeric-sorted frame + first/last (mandatory endpoints may exceed 10% for n<20),,1,1,zone_wide_door-s271-held_tile_carry--r1--tick2--pan1500.png,zone_wide_door-s271-held_tile_carry--r1--tick2--pan1500.png
2026-09-26-zone-own-perception-v3/test-frames/eval-labels,zone_wide_door-s2#-held_tile_expect_box_carry--r1--tick0--pan1#.png,unknown SIM timing: every 10th numeric-sorted frame + first/last (mandatory endpoints may exceed 10% for n<20),,1,1,zone_wide_door-s271-held_tile_expect_box_carry--r1--tick0--pan1500.png,zone_wide_door-s271-held_tile_expect_box_carry--r1--tick0--pan1500.png
2026-09-26-zone-own-perception-v3/test-frames/eval-labels,zone_wide_door-s2#-held_tile_expect_box_carry--r1--tick1--pan1#.png,unknown SIM timing: every 10th numeric-sorted frame + first/last (mandatory endpoints may exceed 10% for n<20),,1,1,zone_wide_door-s271-held_tile_expect_box_carry--r1--tick1--pan1500.png,zone_wide_door-s271-held_tile_expect_box_carry--r1--tick1--pan1500.png
2026-09-26-zone-own-perception-v3/test-frames/eval-labels,zone_wide_door-s2#-held_tile_expect_box_carry--r1--tick2--pan1#.png,unknown SIM timing: every 10th numeric-sorted frame + first/last (mandatory endpoints may exceed 10% for n<20),,1,1,zone_wide_door-s271-held_tile_expect_box_carry--r1--tick2--pan1500.png,zone_wide_door-s271-held_tile_expect_box_carry--r1--tick2--pan1500.png
2026-09-26-zone-own-perception-v3/test-frames/eval-labels,zone_wide_door-s2#-wrong_end_long_beam@approach_look_v2--r1--tick0--pan1#.png,unknown SIM timing: every 10th numeric-sorted frame + first/last (mandatory endpoints may exceed 10% for n<20),,1,1,zone_wide_door-s271-wrong_end_long_beam@approach_look_v2--r1--tick0--pan1500.png,zone_wide_door-s271-wrong_end_long_beam@approach_look_v2--r1--tick0--pan1500.png
2026-09-26-zone-own-perception-v3/test-frames/eval-labels,zone_wide_door-s2#-wrong_end_long_beam@approach_look_v2--r1--tick1--pan1#.png,unknown SIM timing: every 10th numeric-sorted frame + first/last (mandatory endpoints may exceed 10% for n<20),,1,1,zone_wide_door-s271-wrong_end_long_beam@approach_look_v2--r1--tick1--pan1500.png,zone_wide_door-s271-wrong_end_long_beam@approach_look_v2--r1--tick1--pan1500.png
2026-09-26-zone-own-perception-v3/test-frames/eval-labels,zone_wide_door-s2#-wrong_end_long_beam@approach_look_v2--r1--tick2--pan1#.png,unknown SIM timing: every 10th numeric-sorted frame + first/last (mandatory endpoints may exceed 10% for n<20),,1,1,zone_wide_door-s271-wrong_end_long_beam@approach_look_v2--r1--tick2--pan1500.png,zone_wide_door-s271-wrong_end_long_beam@approach_look_v2--r1--tick2--pan1500.png
2026-09-26-zone-own-perception-v3/test-frames/eval-labels,zone_wide_door-s2#-wrong_end_long_beam@grasp_look_v3--r1--tick0--pan1#.png,unknown SIM timing: every 10th numeric-sorted frame + first/last (mandatory endpoints may exceed 10% for n<20),,1,1,zone_wide_door-s271-wrong_end_long_beam@grasp_look_v3--r1--tick0--pan1500.png,zone_wide_door-s271-wrong_end_long_beam@grasp_look_v3--r1--tick0--pan1500.png
2026-09-26-zone-own-perception-v3/test-frames/eval-labels,zone_wide_door-s2#-wrong_end_long_beam@grasp_look_v3--r1--tick1--pan1#.png,unknown SIM timing: every 10th numeric-sorted frame + first/last (mandatory endpoints may exceed 10% for n<20),,1,1,zone_wide_door-s271-wrong_end_long_beam@grasp_look_v3--r1--tick1--pan1500.png,zone_wide_door-s271-wrong_end_long_beam@grasp_look_v3--r1--tick1--pan1500.png
2026-09-26-zone-own-perception-v3/test-frames/eval-labels,zone_wide_door-s2#-wrong_end_long_beam@grasp_look_v3--r1--tick2--pan1#.png,unknown SIM timing: every 10th numeric-sorted frame + first/last (mandatory endpoints may exceed 10% for n<20),,1,1,zone_wide_door-s271-wrong_end_long_beam@grasp_look_v3--r1--tick2--pan1500.png,zone_wide_door-s271-wrong_end_long_beam@grasp_look_v3--r1--tick2--pan1500.png
2026-09-26-zone-own-perception-v3/test-frames/eval-labels,zone_wide_two_doors-s2#-carry_beam_expect_crate--r1--tick0--pan1#.png,unknown SIM timing: every 10th numeric-sorted frame + first/last (mandatory endpoints may exceed 10% for n<20),,1,1,zone_wide_two_doors-s273-carry_beam_expect_crate--r1--tick0--pan1500.png,zone_wide_two_doors-s273-carry_beam_expect_crate--r1--tick0--pan1500.png
2026-09-26-zone-own-perception-v3/test-frames/eval-labels,zone_wide_two_doors-s2#-carry_beam_expect_crate--r1--tick1--pan1#.png,unknown SIM timing: every 10th numeric-sorted frame + first/last (mandatory endpoints may exceed 10% for n<20),,1,1,zone_wide_two_doors-s273-carry_beam_expect_crate--r1--tick1--pan1500.png,zone_wide_two_doors-s273-carry_beam_expect_crate--r1--tick1--pan1500.png
2026-09-26-zone-own-perception-v3/test-frames/eval-labels,zone_wide_two_doors-s2#-carry_beam_expect_crate--r1--tick2--pan1#.png,unknown SIM timing: every 10th numeric-sorted frame + first/last (mandatory endpoints may exceed 10% for n<20),,1,1,zone_wide_two_doors-s273-carry_beam_expect_crate--r1--tick2--pan1500.png,zone_wide_two_doors-s273-carry_beam_expect_crate--r1--tick2--pan1500.png
2026-09-26-zone-own-perception-v3/test-frames/eval-labels,zone_wide_two_doors-s2#-carry_crate_expect_beam--r1--tick0--pan1#.png,unknown SIM timing: every 10th numeric-sorted frame + first/last (mandatory endpoints may exceed 10% for n<20),,1,1,zone_wide_two_doors-s273-carry_crate_expect_beam--r1--tick0--pan1500.png,zone_wide_two_doors-s273-carry_crate_expect_beam--r1--tick0--pan1500.png
2026-09-26-zone-own-perception-v3/test-frames/eval-labels,zone_wide_two_doors-s2#-carry_crate_expect_beam--r1--tick1--pan1#.png,unknown SIM timing: every 10th numeric-sorted frame + first/last (mandatory endpoints may exceed 10% for n<20),,1,1,zone_wide_two_doors-s273-carry_crate_expect_beam--r1--tick1--pan1500.png,zone_wide_two_doors-s273-carry_crate_expect_beam--r1--tick1--pan1500.png
2026-09-26-zone-own-perception-v3/test-frames/eval-labels,zone_wide_two_doors-s2#-carry_crate_expect_beam--r1--tick2--pan1#.png,unknown SIM timing: every 10th numeric-sorted frame + first/last (mandatory endpoints may exceed 10% for n<20),,1,1,zone_wide_two_doors-s273-carry_crate_expect_beam--r1--tick2--pan1500.png,zone_wide_two_doors-s273-carry_crate_expect_beam--r1--tick2--pan1500.png
2026-09-26-zone-own-perception-v3/test-frames/eval-labels,zone_wide_two_doors-s2#-carry_heavy_crate--r1--tick0--pan1#.png,unknown SIM timing: every 10th numeric-sorted frame + first/last (mandatory endpoints may exceed 10% for n<20),,1,1,zone_wide_two_doors-s273-carry_heavy_crate--r1--tick0--pan1500.png,zone_wide_two_doors-s273-carry_heavy_crate--r1--tick0--pan1500.png
2026-09-26-zone-own-perception-v3/test-frames/eval-labels,zone_wide_two_doors-s2#-carry_heavy_crate--r1--tick1--pan1#.png,unknown SIM timing: every 10th numeric-sorted frame + first/last (mandatory endpoints may exceed 10% for n<20),,1,1,zone_wide_two_doors-s273-carry_heavy_crate--r1--tick1--pan1500.png,zone_wide_two_doors-s273-carry_heavy_crate--r1--tick1--pan1500.png
2026-09-26-zone-own-perception-v3/test-frames/eval-labels,zone_wide_two_doors-s2#-carry_heavy_crate--r1--tick2--pan1#.png,unknown SIM timing: every 10th numeric-sorted frame + first/last (mandatory endpoints may exceed 10% for n<20),,1,1,zone_wide_two_doors-s273-carry_heavy_crate--r1--tick2--pan1500.png,zone_wide_two_doors-s273-carry_heavy_crate--r1--tick2--pan1500.png
2026-09-26-zone-own-perception-v3/test-frames/eval-labels,zone_wide_two_doors-s2#-carry_long_beam--r1--tick0--pan1#.png,unknown SIM timing: every 10th numeric-sorted frame + first/last (mandatory endpoints may exceed 10% for n<20),,1,1,zone_wide_two_doors-s273-carry_long_beam--r1--tick0--pan1500.png,zone_wide_two_doors-s273-carry_long_beam--r1--tick0--pan1500.png
2026-09-26-zone-own-perception-v3/test-frames/eval-labels,zone_wide_two_doors-s2#-carry_long_beam--r1--tick1--pan1#.png,unknown SIM timing: every 10th numeric-sorted frame + first/last (mandatory endpoints may exceed 10% for n<20),,1,1,zone_wide_two_doors-s273-carry_long_beam--r1--tick1--pan1500.png,zone_wide_two_doors-s273-carry_long_beam--r1--tick1--pan1500.png
2026-09-26-zone-own-perception-v3/test-frames/eval-labels,zone_wide_two_doors-s2#-carry_long_beam--r1--tick2--pan1#.png,unknown SIM timing: every 10th numeric-sorted frame + first/last (mandatory endpoints may exceed 10% for n<20),,1,1,zone_wide_two_doors-s273-carry_long_beam--r1--tick2--pan1500.png,zone_wide_two_doors-s273-carry_long_beam--r1--tick2--pan1500.png
2026-09-26-zone-own-perception-v3/test-frames/eval-labels,zone_wide_two_doors-s2#-carry_nothing_expect_crate--r1--tick0--pan1#.png,unknown SIM timing: every 10th numeric-sorted frame + first/last (mandatory endpoints may exceed 10% for n<20),,1,1,zone_wide_two_doors-s273-carry_nothing_expect_crate--r1--tick0--pan1500.png,zone_wide_two_doors-s273-carry_nothing_expect_crate--r1--tick0--pan1500.png
2026-09-26-zone-own-perception-v3/test-frames/eval-labels,zone_wide_two_doors-s2#-carry_nothing_expect_crate--r1--tick1--pan1#.png,unknown SIM timing: every 10th numeric-sorted frame + first/last (mandatory endpoints may exceed 10% for n<20),,1,1,zone_wide_two_doors-s273-carry_nothing_expect_crate--r1--tick1--pan1500.png,zone_wide_two_doors-s273-carry_nothing_expect_crate--r1--tick1--pan1500.png
2026-09-26-zone-own-perception-v3/test-frames/eval-labels,zone_wide_two_doors-s2#-carry_nothing_expect_crate--r1--tick2--pan1#.png,unknown SIM timing: every 10th numeric-sorted frame + first/last (mandatory endpoints may exceed 10% for n<20),,1,1,zone_wide_two_doors-s273-carry_nothing_expect_crate--r1--tick2--pan1500.png,zone_wide_two_doors-s273-carry_nothing_expect_crate--r1--tick2--pan1500.png
2026-09-26-zone-own-perception-v3/test-frames/eval-labels,zone_wide_two_doors-s2#-carry_tri_frame--r1--tick0--pan1#.png,unknown SIM timing: every 10th numeric-sorted frame + first/last (mandatory endpoints may exceed 10% for n<20),,1,1,zone_wide_two_doors-s273-carry_tri_frame--r1--tick0--pan1500.png,zone_wide_two_doors-s273-carry_tri_frame--r1--tick0--pan1500.png
2026-09-26-zone-own-perception-v3/test-frames/eval-labels,zone_wide_two_doors-s2#-carry_tri_frame--r1--tick1--pan1#.png,unknown SIM timing: every 10th numeric-sorted frame + first/last (mandatory endpoints may exceed 10% for n<20),,1,1,zone_wide_two_doors-s273-carry_tri_frame--r1--tick1--pan1500.png,zone_wide_two_doors-s273-carry_tri_frame--r1--tick1--pan1500.png
2026-09-26-zone-own-perception-v3/test-frames/eval-labels,zone_wide_two_doors-s2#-carry_tri_frame--r1--tick2--pan1#.png,unknown SIM timing: every 10th numeric-sorted frame + first/last (mandatory endpoints may exceed 10% for n<20),,1,1,zone_wide_two_doors-s273-carry_tri_frame--r1--tick2--pan1500.png,zone_wide_two_doors-s273-carry_tri_frame--r1--tick2--pan1500.png
2026-09-26-zone-own-perception-v3/test-frames/eval-labels,zone_wide_two_doors-s2#-grasp_heavy_crate@approach_look_v2--r1--tick0--pan1#.png,unknown SIM timing: every 10th numeric-sorted frame + first/last (mandatory endpoints may exceed 10% for n<20),,1,1,zone_wide_two_doors-s273-grasp_heavy_crate@approach_look_v2--r1--tick0--pan1500.png,zone_wide_two_doors-s273-grasp_heavy_crate@approach_look_v2--r1--tick0--pan1500.png
2026-09-26-zone-own-perception-v3/test-frames/eval-labels,zone_wide_two_doors-s2#-grasp_heavy_crate@approach_look_v2--r1--tick1--pan1#.png,unknown SIM timing: every 10th numeric-sorted frame + first/last (mandatory endpoints may exceed 10% for n<20),,1,1,zone_wide_two_doors-s273-grasp_heavy_crate@approach_look_v2--r1--tick1--pan1500.png,zone_wide_two_doors-s273-grasp_heavy_crate@approach_look_v2--r1--tick1--pan1500.png
2026-09-26-zone-own-perception-v3/test-frames/eval-labels,zone_wide_two_doors-s2#-grasp_heavy_crate@approach_look_v2--r1--tick2--pan1#.png,unknown SIM timing: every 10th numeric-sorted frame + first/last (mandatory endpoints may exceed 10% for n<20),,1,1,zone_wide_two_doors-s273-grasp_heavy_crate@approach_look_v2--r1--tick2--pan1500.png,zone_wide_two_doors-s273-grasp_heavy_crate@approach_look_v2--r1--tick2--pan1500.png
2026-09-26-zone-own-perception-v3/test-frames/eval-labels,zone_wide_two_doors-s2#-grasp_heavy_crate@grasp_look_v3--r1--tick0--pan1#.png,unknown SIM timing: every 10th numeric-sorted frame + first/last (mandatory endpoints may exceed 10% for n<20),,1,1,zone_wide_two_doors-s273-grasp_heavy_crate@grasp_look_v3--r1--tick0--pan1500.png,zone_wide_two_doors-s273-grasp_heavy_crate@grasp_look_v3--r1--tick0--pan1500.png
2026-09-26-zone-own-perception-v3/test-frames/eval-labels,zone_wide_two_doors-s2#-grasp_heavy_crate@grasp_look_v3--r1--tick1--pan1#.png,unknown SIM timing: every 10th numeric-sorted frame + first/last (mandatory endpoints may exceed 10% for n<20),,1,1,zone_wide_two_doors-s273-grasp_heavy_crate@grasp_look_v3--r1--tick1--pan1500.png,zone_wide_two_doors-s273-grasp_heavy_crate@grasp_look_v3--r1--tick1--pan1500.png
2026-09-26-zone-own-perception-v3/test-frames/eval-labels,zone_wide_two_doors-s2#-grasp_heavy_crate@grasp_look_v3--r1--tick2--pan1#.png,unknown SIM timing: every 10th numeric-sorted frame + first/last (mandatory endpoints may exceed 10% for n<20),,1,1,zone_wide_two_doors-s273-grasp_heavy_crate@grasp_look_v3--r1--tick2--pan1500.png,zone_wide_two_doors-s273-grasp_heavy_crate@grasp_look_v3--r1--tick2--pan1500.png
2026-09-26-zone-own-perception-v3/test-frames/eval-labels,zone_wide_two_doors-s2#-grasp_long_beam@approach_look_v2--r1--tick0--pan1#.png,unknown SIM timing: every 10th numeric-sorted frame + first/last (mandatory endpoints may exceed 10% for n<20),,1,1,zone_wide_two_doors-s273-grasp_long_beam@approach_look_v2--r1--tick0--pan1500.png,zone_wide_two_doors-s273-grasp_long_beam@approach_look_v2--r1--tick0--pan1500.png
2026-09-26-zone-own-perception-v3/test-frames/eval-labels,zone_wide_two_doors-s2#-grasp_long_beam@approach_look_v2--r1--tick1--pan1#.png,unknown SIM timing: every 10th numeric-sorted frame + first/last (mandatory endpoints may exceed 10% for n<20),,1,1,zone_wide_two_doors-s273-grasp_long_beam@approach_look_v2--r1--tick1--pan1500.png,zone_wide_two_doors-s273-grasp_long_beam@approach_look_v2--r1--tick1--pan1500.png
2026-09-26-zone-own-perception-v3/test-frames/eval-labels,zone_wide_two_doors-s2#-grasp_long_beam@approach_look_v2--r1--tick2--pan1#.png,unknown SIM timing: every 10th numeric-sorted frame + first/last (mandatory endpoints may exceed 10% for n<20),,1,1,zone_wide_two_doors-s273-grasp_long_beam@approach_look_v2--r1--tick2--pan1500.png,zone_wide_two_doors-s273-grasp_long_beam@approach_look_v2--r1--tick2--pan1500.png
2026-09-26-zone-own-perception-v3/test-frames/eval-labels,zone_wide_two_doors-s2#-grasp_long_beam@grasp_look_v3--r1--tick0--pan1#.png,unknown SIM timing: every 10th numeric-sorted frame + first/last (mandatory endpoints may exceed 10% for n<20),,1,1,zone_wide_two_doors-s273-grasp_long_beam@grasp_look_v3--r1--tick0--pan1500.png,zone_wide_two_doors-s273-grasp_long_beam@grasp_look_v3--r1--tick0--pan1500.png
2026-09-26-zone-own-perception-v3/test-frames/eval-labels,zone_wide_two_doors-s2#-grasp_long_beam@grasp_look_v3--r1--tick1--pan1#.png,unknown SIM timing: every 10th numeric-sorted frame + first/last (mandatory endpoints may exceed 10% for n<20),,1,1,zone_wide_two_doors-s273-grasp_long_beam@grasp_look_v3--r1--tick1--pan1500.png,zone_wide_two_doors-s273-grasp_long_beam@grasp_look_v3--r1--tick1--pan1500.png
2026-09-26-zone-own-perception-v3/test-frames/eval-labels,zone_wide_two_doors-s2#-grasp_long_beam@grasp_look_v3--r1--tick2--pan1#.png,unknown SIM timing: every 10th numeric-sorted frame + first/last (mandatory endpoints may exceed 10% for n<20),,1,1,zone_wide_two_doors-s273-grasp_long_beam@grasp_look_v3--r1--tick2--pan1500.png,zone_wide_two_doors-s273-grasp_long_beam@grasp_look_v3--r1--tick2--pan1500.png
2026-09-26-zone-own-perception-v3/test-frames/eval-labels,zone_wide_two_doors-s2#-grasp_tri_frame@approach_look_v2--r1--tick0--pan1#.png,unknown SIM timing: every 10th numeric-sorted frame + first/last (mandatory endpoints may exceed 10% for n<20),,1,1,zone_wide_two_doors-s273-grasp_tri_frame@approach_look_v2--r1--tick0--pan1500.png,zone_wide_two_doors-s273-grasp_tri_frame@approach_look_v2--r1--tick0--pan1500.png
2026-09-26-zone-own-perception-v3/test-frames/eval-labels,zone_wide_two_doors-s2#-grasp_tri_frame@approach_look_v2--r1--tick1--pan1#.png,unknown SIM timing: every 10th numeric-sorted frame + first/last (mandatory endpoints may exceed 10% for n<20),,1,1,zone_wide_two_doors-s273-grasp_tri_frame@approach_look_v2--r1--tick1--pan1500.png,zone_wide_two_doors-s273-grasp_tri_frame@approach_look_v2--r1--tick1--pan1500.png
2026-09-26-zone-own-perception-v3/test-frames/eval-labels,zone_wide_two_doors-s2#-grasp_tri_frame@approach_look_v2--r1--tick2--pan1#.png,unknown SIM timing: every 10th numeric-sorted frame + first/last (mandatory endpoints may exceed 10% for n<20),,1,1,zone_wide_two_doors-s273-grasp_tri_frame@approach_look_v2--r1--tick2--pan1500.png,zone_wide_two_doors-s273-grasp_tri_frame@approach_look_v2--r1--tick2--pan1500.png
2026-09-26-zone-own-perception-v3/test-frames/eval-labels,zone_wide_two_doors-s2#-grasp_tri_frame@grasp_look_v3--r1--tick0--pan1#.png,unknown SIM timing: every 10th numeric-sorted frame + first/last (mandatory endpoints may exceed 10% for n<20),,1,1,zone_wide_two_doors-s273-grasp_tri_frame@grasp_look_v3--r1--tick0--pan1500.png,zone_wide_two_doors-s273-grasp_tri_frame@grasp_look_v3--r1--tick0--pan1500.png
2026-09-26-zone-own-perception-v3/test-frames/eval-labels,zone_wide_two_doors-s2#-grasp_tri_frame@grasp_look_v3--r1--tick1--pan1#.png,unknown SIM timing: every 10th numeric-sorted frame + first/last (mandatory endpoints may exceed 10% for n<20),,1,1,zone_wide_two_doors-s273-grasp_tri_frame@grasp_look_v3--r1--tick1--pan1500.png,zone_wide_two_doors-s273-grasp_tri_frame@grasp_look_v3--r1--tick1--pan1500.png
2026-09-26-zone-own-perception-v3/test-frames/eval-labels,zone_wide_two_doors-s2#-grasp_tri_frame@grasp_look_v3--r1--tick2--pan1#.png,unknown SIM timing: every 10th numeric-sorted frame + first/last (mandatory endpoints may exceed 10% for n<20),,1,1,zone_wide_two_doors-s273-grasp_tri_frame@grasp_look_v3--r1--tick2--pan1500.png,zone_wide_two_doors-s273-grasp_tri_frame@grasp_look_v3--r1--tick2--pan1500.png
2026-09-26-zone-own-perception-v3/test-frames/eval-labels,zone_wide_two_doors-s2#-grasp_wrong_kind@approach_look_v2--r1--tick0--pan1#.png,unknown SIM timing: every 10th numeric-sorted frame + first/last (mandatory endpoints may exceed 10% for n<20),,1,1,zone_wide_two_doors-s273-grasp_wrong_kind@approach_look_v2--r1--tick0--pan1500.png,zone_wide_two_doors-s273-grasp_wrong_kind@approach_look_v2--r1--tick0--pan1500.png
2026-09-26-zone-own-perception-v3/test-frames/eval-labels,zone_wide_two_doors-s2#-grasp_wrong_kind@approach_look_v2--r1--tick1--pan1#.png,unknown SIM timing: every 10th numeric-sorted frame + first/last (mandatory endpoints may exceed 10% for n<20),,1,1,zone_wide_two_doors-s273-grasp_wrong_kind@approach_look_v2--r1--tick1--pan1500.png,zone_wide_two_doors-s273-grasp_wrong_kind@approach_look_v2--r1--tick1--pan1500.png
2026-09-26-zone-own-perception-v3/test-frames/eval-labels,zone_wide_two_doors-s2#-grasp_wrong_kind@approach_look_v2--r1--tick2--pan1#.png,unknown SIM timing: every 10th numeric-sorted frame + first/last (mandatory endpoints may exceed 10% for n<20),,1,1,zone_wide_two_doors-s273-grasp_wrong_kind@approach_look_v2--r1--tick2--pan1500.png,zone_wide_two_doors-s273-grasp_wrong_kind@approach_look_v2--r1--tick2--pan1500.png
2026-09-26-zone-own-perception-v3/test-frames/eval-labels,zone_wide_two_doors-s2#-grasp_wrong_kind@grasp_look_v3--r1--tick0--pan1#.png,unknown SIM timing: every 10th numeric-sorted frame + first/last (mandatory endpoints may exceed 10% for n<20),,1,1,zone_wide_two_doors-s273-grasp_wrong_kind@grasp_look_v3--r1--tick0--pan1500.png,zone_wide_two_doors-s273-grasp_wrong_kind@grasp_look_v3--r1--tick0--pan1500.png
2026-09-26-zone-own-perception-v3/test-frames/eval-labels,zone_wide_two_doors-s2#-grasp_wrong_kind@grasp_look_v3--r1--tick1--pan1#.png,unknown SIM timing: every 10th numeric-sorted frame + first/last (mandatory endpoints may exceed 10% for n<20),,1,1,zone_wide_two_doors-s273-grasp_wrong_kind@grasp_look_v3--r1--tick1--pan1500.png,zone_wide_two_doors-s273-grasp_wrong_kind@grasp_look_v3--r1--tick1--pan1500.png
2026-09-26-zone-own-perception-v3/test-frames/eval-labels,zone_wide_two_doors-s2#-grasp_wrong_kind@grasp_look_v3--r1--tick2--pan1#.png,unknown SIM timing: every 10th numeric-sorted frame + first/last (mandatory endpoints may exceed 10% for n<20),,1,1,zone_wide_two_doors-s273-grasp_wrong_kind@grasp_look_v3--r1--tick2--pan1500.png,zone_wide_two_doors-s273-grasp_wrong_kind@grasp_look_v3--r1--tick2--pan1500.png
2026-09-26-zone-own-perception-v3/test-frames/eval-labels,zone_wide_two_doors-s2#-held_box_carry--r1--tick0--pan1#.png,unknown SIM timing: every 10th numeric-sorted frame + first/last (mandatory endpoints may exceed 10% for n<20),,1,1,zone_wide_two_doors-s273-held_box_carry--r1--tick0--pan1500.png,zone_wide_two_doors-s273-held_box_carry--r1--tick0--pan1500.png
2026-09-26-zone-own-perception-v3/test-frames/eval-labels,zone_wide_two_doors-s2#-held_box_carry--r1--tick1--pan1#.png,unknown SIM timing: every 10th numeric-sorted frame + first/last (mandatory endpoints may exceed 10% for n<20),,1,1,zone_wide_two_doors-s273-held_box_carry--r1--tick1--pan1500.png,zone_wide_two_doors-s273-held_box_carry--r1--tick1--pan1500.png
2026-09-26-zone-own-perception-v3/test-frames/eval-labels,zone_wide_two_doors-s2#-held_box_carry--r1--tick2--pan1#.png,unknown SIM timing: every 10th numeric-sorted frame + first/last (mandatory endpoints may exceed 10% for n<20),,1,1,zone_wide_two_doors-s273-held_box_carry--r1--tick2--pan1500.png,zone_wide_two_doors-s273-held_box_carry--r1--tick2--pan1500.png
2026-09-26-zone-own-perception-v3/test-frames/eval-labels,zone_wide_two_doors-s2#-held_box_held_check--r1--tick0--pan1#.png,unknown SIM timing: every 10th numeric-sorted frame + first/last (mandatory endpoints may exceed 10% for n<20),,1,1,zone_wide_two_doors-s273-held_box_held_check--r1--tick0--pan1500.png,zone_wide_two_doors-s273-held_box_held_check--r1--tick0--pan1500.png
2026-09-26-zone-own-perception-v3/test-frames/eval-labels,zone_wide_two_doors-s2#-held_box_held_check--r1--tick1--pan1#.png,unknown SIM timing: every 10th numeric-sorted frame + first/last (mandatory endpoints may exceed 10% for n<20),,1,1,zone_wide_two_doors-s273-held_box_held_check--r1--tick1--pan1500.png,zone_wide_two_doors-s273-held_box_held_check--r1--tick1--pan1500.png
2026-09-26-zone-own-perception-v3/test-frames/eval-labels,zone_wide_two_doors-s2#-held_box_held_check--r1--tick2--pan1#.png,unknown SIM timing: every 10th numeric-sorted frame + first/last (mandatory endpoints may exceed 10% for n<20),,1,1,zone_wide_two_doors-s273-held_box_held_check--r1--tick2--pan1500.png,zone_wide_two_doors-s273-held_box_held_check--r1--tick2--pan1500.png
2026-09-26-zone-own-perception-v3/test-frames/eval-labels,zone_wide_two_doors-s2#-held_can--r1--tick0--pan1#.png,unknown SIM timing: every 10th numeric-sorted frame + first/last (mandatory endpoints may exceed 10% for n<20),,1,1,zone_wide_two_doors-s273-held_can--r1--tick0--pan1500.png,zone_wide_two_doors-s273-held_can--r1--tick0--pan1500.png
2026-09-26-zone-own-perception-v3/test-frames/eval-labels,zone_wide_two_doors-s2#-held_can--r1--tick1--pan1#.png,unknown SIM timing: every 10th numeric-sorted frame + first/last (mandatory endpoints may exceed 10% for n<20),,1,1,zone_wide_two_doors-s273-held_can--r1--tick1--pan1500.png,zone_wide_two_doors-s273-held_can--r1--tick1--pan1500.png
2026-09-26-zone-own-perception-v3/test-frames/eval-labels,zone_wide_two_doors-s2#-held_can--r1--tick2--pan1#.png,unknown SIM timing: every 10th numeric-sorted frame + first/last (mandatory endpoints may exceed 10% for n<20),,1,1,zone_wide_two_doors-s273-held_can--r1--tick2--pan1500.png,zone_wide_two_doors-s273-held_can--r1--tick2--pan1500.png
2026-09-26-zone-own-perception-v3/test-frames/eval-labels,zone_wide_two_doors-s2#-held_can_absent--r1--tick0--pan1#.png,unknown SIM timing: every 10th numeric-sorted frame + first/last (mandatory endpoints may exceed 10% for n<20),,1,1,zone_wide_two_doors-s273-held_can_absent--r1--tick0--pan1500.png,zone_wide_two_doors-s273-held_can_absent--r1--tick0--pan1500.png
2026-09-26-zone-own-perception-v3/test-frames/eval-labels,zone_wide_two_doors-s2#-held_can_absent--r1--tick1--pan1#.png,unknown SIM timing: every 10th numeric-sorted frame + first/last (mandatory endpoints may exceed 10% for n<20),,1,1,zone_wide_two_doors-s273-held_can_absent--r1--tick1--pan1500.png,zone_wide_two_doors-s273-held_can_absent--r1--tick1--pan1500.png
2026-09-26-zone-own-perception-v3/test-frames/eval-labels,zone_wide_two_doors-s2#-held_can_absent--r1--tick2--pan1#.png,unknown SIM timing: every 10th numeric-sorted frame + first/last (mandatory endpoints may exceed 10% for n<20),,1,1,zone_wide_two_doors-s273-held_can_absent--r1--tick2--pan1500.png,zone_wide_two_doors-s273-held_can_absent--r1--tick2--pan1500.png
2026-09-26-zone-own-perception-v3/test-frames/eval-labels,zone_wide_two_doors-s2#-held_can_carry--r1--tick0--pan1#.png,unknown SIM timing: every 10th numeric-sorted frame + first/last (mandatory endpoints may exceed 10% for n<20),,1,1,zone_wide_two_doors-s273-held_can_carry--r1--tick0--pan1500.png,zone_wide_two_doors-s273-held_can_carry--r1--tick0--pan1500.png
2026-09-26-zone-own-perception-v3/test-frames/eval-labels,zone_wide_two_doors-s2#-held_can_carry--r1--tick1--pan1#.png,unknown SIM timing: every 10th numeric-sorted frame + first/last (mandatory endpoints may exceed 10% for n<20),,1,1,zone_wide_two_doors-s273-held_can_carry--r1--tick1--pan1500.png,zone_wide_two_doors-s273-held_can_carry--r1--tick1--pan1500.png
2026-09-26-zone-own-perception-v3/test-frames/eval-labels,zone_wide_two_doors-s2#-held_can_carry--r1--tick2--pan1#.png,unknown SIM timing: every 10th numeric-sorted frame + first/last (mandatory endpoints may exceed 10% for n<20),,1,1,zone_wide_two_doors-s273-held_can_carry--r1--tick2--pan1500.png,zone_wide_two_doors-s273-held_can_carry--r1--tick2--pan1500.png
2026-09-26-zone-own-perception-v3/test-frames/eval-labels,zone_wide_two_doors-s2#-held_can_wrong_kind--r1--tick0--pan1#.png,unknown SIM timing: every 10th numeric-sorted frame + first/last (mandatory endpoints may exceed 10% for n<20),,1,1,zone_wide_two_doors-s273-held_can_wrong_kind--r1--tick0--pan1500.png,zone_wide_two_doors-s273-held_can_wrong_kind--r1--tick0--pan1500.png
2026-09-26-zone-own-perception-v3/test-frames/eval-labels,zone_wide_two_doors-s2#-held_can_wrong_kind--r1--tick1--pan1#.png,unknown SIM timing: every 10th numeric-sorted frame + first/last (mandatory endpoints may exceed 10% for n<20),,1,1,zone_wide_two_doors-s273-held_can_wrong_kind--r1--tick1--pan1500.png,zone_wide_two_doors-s273-held_can_wrong_kind--r1--tick1--pan1500.png
2026-09-26-zone-own-perception-v3/test-frames/eval-labels,zone_wide_two_doors-s2#-held_can_wrong_kind--r1--tick2--pan1#.png,unknown SIM timing: every 10th numeric-sorted frame + first/last (mandatory endpoints may exceed 10% for n<20),,1,1,zone_wide_two_doors-s273-held_can_wrong_kind--r1--tick2--pan1500.png,zone_wide_two_doors-s273-held_can_wrong_kind--r1--tick2--pan1500.png
2026-09-26-zone-own-perception-v3/test-frames/eval-labels,zone_wide_two_doors-s2#-held_nothing_carry--r1--tick0--pan1#.png,unknown SIM timing: every 10th numeric-sorted frame + first/last (mandatory endpoints may exceed 10% for n<20),,1,1,zone_wide_two_doors-s273-held_nothing_carry--r1--tick0--pan1500.png,zone_wide_two_doors-s273-held_nothing_carry--r1--tick0--pan1500.png
2026-09-26-zone-own-perception-v3/test-frames/eval-labels,zone_wide_two_doors-s2#-held_nothing_carry--r1--tick1--pan1#.png,unknown SIM timing: every 10th numeric-sorted frame + first/last (mandatory endpoints may exceed 10% for n<20),,1,1,zone_wide_two_doors-s273-held_nothing_carry--r1--tick1--pan1500.png,zone_wide_two_doors-s273-held_nothing_carry--r1--tick1--pan1500.png
2026-09-26-zone-own-perception-v3/test-frames/eval-labels,zone_wide_two_doors-s2#-held_nothing_carry--r1--tick2--pan1#.png,unknown SIM timing: every 10th numeric-sorted frame + first/last (mandatory endpoints may exceed 10% for n<20),,1,1,zone_wide_two_doors-s273-held_nothing_carry--r1--tick2--pan1500.png,zone_wide_two_doors-s273-held_nothing_carry--r1--tick2--pan1500.png
2026-09-26-zone-own-perception-v3/test-frames/eval-labels,zone_wide_two_doors-s2#-held_tile_carry--r1--tick0--pan1#.png,unknown SIM timing: every 10th numeric-sorted frame + first/last (mandatory endpoints may exceed 10% for n<20),,1,1,zone_wide_two_doors-s273-held_tile_carry--r1--tick0--pan1500.png,zone_wide_two_doors-s273-held_tile_carry--r1--tick0--pan1500.png
2026-09-26-zone-own-perception-v3/test-frames/eval-labels,zone_wide_two_doors-s2#-held_tile_carry--r1--tick1--pan1#.png,unknown SIM timing: every 10th numeric-sorted frame + first/last (mandatory endpoints may exceed 10% for n<20),,1,1,zone_wide_two_doors-s273-held_tile_carry--r1--tick1--pan1500.png,zone_wide_two_doors-s273-held_tile_carry--r1--tick1--pan1500.png
2026-09-26-zone-own-perception-v3/test-frames/eval-labels,zone_wide_two_doors-s2#-held_tile_carry--r1--tick2--pan1#.png,unknown SIM timing: every 10th numeric-sorted frame + first/last (mandatory endpoints may exceed 10% for n<20),,1,1,zone_wide_two_doors-s273-held_tile_carry--r1--tick2--pan1500.png,zone_wide_two_doors-s273-held_tile_carry--r1--tick2--pan1500.png
2026-09-26-zone-own-perception-v3/test-frames/eval-labels,zone_wide_two_doors-s2#-held_tile_expect_box_carry--r1--tick0--pan1#.png,unknown SIM timing: every 10th numeric-sorted frame + first/last (mandatory endpoints may exceed 10% for n<20),,1,1,zone_wide_two_doors-s273-held_tile_expect_box_carry--r1--tick0--pan1500.png,zone_wide_two_doors-s273-held_tile_expect_box_carry--r1--tick0--pan1500.png
2026-09-26-zone-own-perception-v3/test-frames/eval-labels,zone_wide_two_doors-s2#-held_tile_expect_box_carry--r1--tick1--pan1#.png,unknown SIM timing: every 10th numeric-sorted frame + first/last (mandatory endpoints may exceed 10% for n<20),,1,1,zone_wide_two_doors-s273-held_tile_expect_box_carry--r1--tick1--pan1500.png,zone_wide_two_doors-s273-held_tile_expect_box_carry--r1--tick1--pan1500.png
2026-09-26-zone-own-perception-v3/test-frames/eval-labels,zone_wide_two_doors-s2#-held_tile_expect_box_carry--r1--tick2--pan1#.png,unknown SIM timing: every 10th numeric-sorted frame + first/last (mandatory endpoints may exceed 10% for n<20),,1,1,zone_wide_two_doors-s273-held_tile_expect_box_carry--r1--tick2--pan1500.png,zone_wide_two_doors-s273-held_tile_expect_box_carry--r1--tick2--pan1500.png
2026-09-26-zone-own-perception-v3/test-frames/eval-labels,zone_wide_two_doors-s2#-wrong_end_long_beam@approach_look_v2--r1--tick0--pan1#.png,unknown SIM timing: every 10th numeric-sorted frame + first/last (mandatory endpoints may exceed 10% for n<20),,1,1,zone_wide_two_doors-s273-wrong_end_long_beam@approach_look_v2--r1--tick0--pan1500.png,zone_wide_two_doors-s273-wrong_end_long_beam@approach_look_v2--r1--tick0--pan1500.png
2026-09-26-zone-own-perception-v3/test-frames/eval-labels,zone_wide_two_doors-s2#-wrong_end_long_beam@approach_look_v2--r1--tick1--pan1#.png,unknown SIM timing: every 10th numeric-sorted frame + first/last (mandatory endpoints may exceed 10% for n<20),,1,1,zone_wide_two_doors-s273-wrong_end_long_beam@approach_look_v2--r1--tick1--pan1500.png,zone_wide_two_doors-s273-wrong_end_long_beam@approach_look_v2--r1--tick1--pan1500.png
2026-09-26-zone-own-perception-v3/test-frames/eval-labels,zone_wide_two_doors-s2#-wrong_end_long_beam@approach_look_v2--r1--tick2--pan1#.png,unknown SIM timing: every 10th numeric-sorted frame + first/last (mandatory endpoints may exceed 10% for n<20),,1,1,zone_wide_two_doors-s273-wrong_end_long_beam@approach_look_v2--r1--tick2--pan1500.png,zone_wide_two_doors-s273-wrong_end_long_beam@approach_look_v2--r1--tick2--pan1500.png
2026-09-26-zone-own-perception-v3/test-frames/eval-labels,zone_wide_two_doors-s2#-wrong_end_long_beam@grasp_look_v3--r1--tick0--pan1#.png,unknown SIM timing: every 10th numeric-sorted frame + first/last (mandatory endpoints may exceed 10% for n<20),,1,1,zone_wide_two_doors-s273-wrong_end_long_beam@grasp_look_v3--r1--tick0--pan1500.png,zone_wide_two_doors-s273-wrong_end_long_beam@grasp_look_v3--r1--tick0--pan1500.png
2026-09-26-zone-own-perception-v3/test-frames/eval-labels,zone_wide_two_doors-s2#-wrong_end_long_beam@grasp_look_v3--r1--tick1--pan1#.png,unknown SIM timing: every 10th numeric-sorted frame + first/last (mandatory endpoints may exceed 10% for n<20),,1,1,zone_wide_two_doors-s273-wrong_end_long_beam@grasp_look_v3--r1--tick1--pan1500.png,zone_wide_two_doors-s273-wrong_end_long_beam@grasp_look_v3--r1--tick1--pan1500.png
2026-09-26-zone-own-perception-v3/test-frames/eval-labels,zone_wide_two_doors-s2#-wrong_end_long_beam@grasp_look_v3--r1--tick2--pan1#.png,unknown SIM timing: every 10th numeric-sorted frame + first/last (mandatory endpoints may exceed 10% for n<20),,1,1,zone_wide_two_doors-s273-wrong_end_long_beam@grasp_look_v3--r1--tick2--pan1500.png,zone_wide_two_doors-s273-wrong_end_long_beam@grasp_look_v3--r1--tick2--pan1500.png
2026-09-26-zone-own-perception-v3/test-frames/frames/zone_wide_corridor-s272-carry_beam_expect_crate,r1--tick0--pan1#.jpg,unknown SIM timing: every 10th numeric-sorted frame + first/last (mandatory endpoints may exceed 10% for n<20),,1,1,r1--tick0--pan1500.jpg,r1--tick0--pan1500.jpg
2026-09-26-zone-own-perception-v3/test-frames/frames/zone_wide_corridor-s272-carry_beam_expect_crate,r1--tick1--pan1#.jpg,unknown SIM timing: every 10th numeric-sorted frame + first/last (mandatory endpoints may exceed 10% for n<20),,1,1,r1--tick1--pan1500.jpg,r1--tick1--pan1500.jpg
2026-09-26-zone-own-perception-v3/test-frames/frames/zone_wide_corridor-s272-carry_beam_expect_crate,r1--tick2--pan1#.jpg,unknown SIM timing: every 10th numeric-sorted frame + first/last (mandatory endpoints may exceed 10% for n<20),,1,1,r1--tick2--pan1500.jpg,r1--tick2--pan1500.jpg
2026-09-26-zone-own-perception-v3/test-frames/frames/zone_wide_corridor-s272-carry_crate_expect_beam,r1--tick0--pan1#.jpg,unknown SIM timing: every 10th numeric-sorted frame + first/last (mandatory endpoints may exceed 10% for n<20),,1,1,r1--tick0--pan1500.jpg,r1--tick0--pan1500.jpg
2026-09-26-zone-own-perception-v3/test-frames/frames/zone_wide_corridor-s272-carry_crate_expect_beam,r1--tick1--pan1#.jpg,unknown SIM timing: every 10th numeric-sorted frame + first/last (mandatory endpoints may exceed 10% for n<20),,1,1,r1--tick1--pan1500.jpg,r1--tick1--pan1500.jpg
2026-09-26-zone-own-perception-v3/test-frames/frames/zone_wide_corridor-s272-carry_crate_expect_beam,r1--tick2--pan1#.jpg,unknown SIM timing: every 10th numeric-sorted frame + first/last (mandatory endpoints may exceed 10% for n<20),,1,1,r1--tick2--pan1500.jpg,r1--tick2--pan1500.jpg
2026-09-26-zone-own-perception-v3/test-frames/frames/zone_wide_corridor-s272-carry_heavy_crate,r1--tick0--pan1#.jpg,unknown SIM timing: every 10th numeric-sorted frame + first/last (mandatory endpoints may exceed 10% for n<20),,1,1,r1--tick0--pan1500.jpg,r1--tick0--pan1500.jpg
2026-09-26-zone-own-perception-v3/test-frames/frames/zone_wide_corridor-s272-carry_heavy_crate,r1--tick1--pan1#.jpg,unknown SIM timing: every 10th numeric-sorted frame + first/last (mandatory endpoints may exceed 10% for n<20),,1,1,r1--tick1--pan1500.jpg,r1--tick1--pan1500.jpg
2026-09-26-zone-own-perception-v3/test-frames/frames/zone_wide_corridor-s272-carry_heavy_crate,r1--tick2--pan1#.jpg,unknown SIM timing: every 10th numeric-sorted frame + first/last (mandatory endpoints may exceed 10% for n<20),,1,1,r1--tick2--pan1500.jpg,r1--tick2--pan1500.jpg
2026-09-26-zone-own-perception-v3/test-frames/frames/zone_wide_corridor-s272-carry_long_beam,r1--tick0--pan1#.jpg,unknown SIM timing: every 10th numeric-sorted frame + first/last (mandatory endpoints may exceed 10% for n<20),,1,1,r1--tick0--pan1500.jpg,r1--tick0--pan1500.jpg
2026-09-26-zone-own-perception-v3/test-frames/frames/zone_wide_corridor-s272-carry_long_beam,r1--tick1--pan1#.jpg,unknown SIM timing: every 10th numeric-sorted frame + first/last (mandatory endpoints may exceed 10% for n<20),,1,1,r1--tick1--pan1500.jpg,r1--tick1--pan1500.jpg
2026-09-26-zone-own-perception-v3/test-frames/frames/zone_wide_corridor-s272-carry_long_beam,r1--tick2--pan1#.jpg,unknown SIM timing: every 10th numeric-sorted frame + first/last (mandatory endpoints may exceed 10% for n<20),,1,1,r1--tick2--pan1500.jpg,r1--tick2--pan1500.jpg
2026-09-26-zone-own-perception-v3/test-frames/frames/zone_wide_corridor-s272-carry_nothing_expect_crate,r1--tick0--pan1#.jpg,unknown SIM timing: every 10th numeric-sorted frame + first/last (mandatory endpoints may exceed 10% for n<20),,1,1,r1--tick0--pan1500.jpg,r1--tick0--pan1500.jpg
2026-09-26-zone-own-perception-v3/test-frames/frames/zone_wide_corridor-s272-carry_nothing_expect_crate,r1--tick1--pan1#.jpg,unknown SIM timing: every 10th numeric-sorted frame + first/last (mandatory endpoints may exceed 10% for n<20),,1,1,r1--tick1--pan1500.jpg,r1--tick1--pan1500.jpg
2026-09-26-zone-own-perception-v3/test-frames/frames/zone_wide_corridor-s272-carry_nothing_expect_crate,r1--tick2--pan1#.jpg,unknown SIM timing: every 10th numeric-sorted frame + first/last (mandatory endpoints may exceed 10% for n<20),,1,1,r1--tick2--pan1500.jpg,r1--tick2--pan1500.jpg
2026-09-26-zone-own-perception-v3/test-frames/frames/zone_wide_corridor-s272-carry_tri_frame,r1--tick0--pan1#.jpg,unknown SIM timing: every 10th numeric-sorted frame + first/last (mandatory endpoints may exceed 10% for n<20),,1,1,r1--tick0--pan1500.jpg,r1--tick0--pan1500.jpg
2026-09-26-zone-own-perception-v3/test-frames/frames/zone_wide_corridor-s272-carry_tri_frame,r1--tick1--pan1#.jpg,unknown SIM timing: every 10th numeric-sorted frame + first/last (mandatory endpoints may exceed 10% for n<20),,1,1,r1--tick1--pan1500.jpg,r1--tick1--pan1500.jpg
2026-09-26-zone-own-perception-v3/test-frames/frames/zone_wide_corridor-s272-carry_tri_frame,r1--tick2--pan1#.jpg,unknown SIM timing: every 10th numeric-sorted frame + first/last (mandatory endpoints may exceed 10% for n<20),,1,1,r1--tick2--pan1500.jpg,r1--tick2--pan1500.jpg
2026-09-26-zone-own-perception-v3/test-frames/frames/zone_wide_corridor-s272-grasp_heavy_crate@approach_look_v2,r1--tick0--pan1#.jpg,unknown SIM timing: every 10th numeric-sorted frame + first/last (mandatory endpoints may exceed 10% for n<20),,1,1,r1--tick0--pan1500.jpg,r1--tick0--pan1500.jpg
2026-09-26-zone-own-perception-v3/test-frames/frames/zone_wide_corridor-s272-grasp_heavy_crate@approach_look_v2,r1--tick1--pan1#.jpg,unknown SIM timing: every 10th numeric-sorted frame + first/last (mandatory endpoints may exceed 10% for n<20),,1,1,r1--tick1--pan1500.jpg,r1--tick1--pan1500.jpg
2026-09-26-zone-own-perception-v3/test-frames/frames/zone_wide_corridor-s272-grasp_heavy_crate@approach_look_v2,r1--tick2--pan1#.jpg,unknown SIM timing: every 10th numeric-sorted frame + first/last (mandatory endpoints may exceed 10% for n<20),,1,1,r1--tick2--pan1500.jpg,r1--tick2--pan1500.jpg
2026-09-26-zone-own-perception-v3/test-frames/frames/zone_wide_corridor-s272-grasp_heavy_crate@grasp_look_v3,r1--tick0--pan1#.jpg,unknown SIM timing: every 10th numeric-sorted frame + first/last (mandatory endpoints may exceed 10% for n<20),,1,1,r1--tick0--pan1500.jpg,r1--tick0--pan1500.jpg
2026-09-26-zone-own-perception-v3/test-frames/frames/zone_wide_corridor-s272-grasp_heavy_crate@grasp_look_v3,r1--tick1--pan1#.jpg,unknown SIM timing: every 10th numeric-sorted frame + first/last (mandatory endpoints may exceed 10% for n<20),,1,1,r1--tick1--pan1500.jpg,r1--tick1--pan1500.jpg
2026-09-26-zone-own-perception-v3/test-frames/frames/zone_wide_corridor-s272-grasp_heavy_crate@grasp_look_v3,r1--tick2--pan1#.jpg,unknown SIM timing: every 10th numeric-sorted frame + first/last (mandatory endpoints may exceed 10% for n<20),,1,1,r1--tick2--pan1500.jpg,r1--tick2--pan1500.jpg
2026-09-26-zone-own-perception-v3/test-frames/frames/zone_wide_corridor-s272-grasp_long_beam@approach_look_v2,r1--tick0--pan1#.jpg,unknown SIM timing: every 10th numeric-sorted frame + first/last (mandatory endpoints may exceed 10% for n<20),,1,1,r1--tick0--pan1500.jpg,r1--tick0--pan1500.jpg
2026-09-26-zone-own-perception-v3/test-frames/frames/zone_wide_corridor-s272-grasp_long_beam@approach_look_v2,r1--tick1--pan1#.jpg,unknown SIM timing: every 10th numeric-sorted frame + first/last (mandatory endpoints may exceed 10% for n<20),,1,1,r1--tick1--pan1500.jpg,r1--tick1--pan1500.jpg
2026-09-26-zone-own-perception-v3/test-frames/frames/zone_wide_corridor-s272-grasp_long_beam@approach_look_v2,r1--tick2--pan1#.jpg,unknown SIM timing: every 10th numeric-sorted frame + first/last (mandatory endpoints may exceed 10% for n<20),,1,1,r1--tick2--pan1500.jpg,r1--tick2--pan1500.jpg
2026-09-26-zone-own-perception-v3/test-frames/frames/zone_wide_corridor-s272-grasp_long_beam@grasp_look_v3,r1--tick0--pan1#.jpg,unknown SIM timing: every 10th numeric-sorted frame + first/last (mandatory endpoints may exceed 10% for n<20),,1,1,r1--tick0--pan1500.jpg,r1--tick0--pan1500.jpg
2026-09-26-zone-own-perception-v3/test-frames/frames/zone_wide_corridor-s272-grasp_long_beam@grasp_look_v3,r1--tick1--pan1#.jpg,unknown SIM timing: every 10th numeric-sorted frame + first/last (mandatory endpoints may exceed 10% for n<20),,1,1,r1--tick1--pan1500.jpg,r1--tick1--pan1500.jpg
2026-09-26-zone-own-perception-v3/test-frames/frames/zone_wide_corridor-s272-grasp_long_beam@grasp_look_v3,r1--tick2--pan1#.jpg,unknown SIM timing: every 10th numeric-sorted frame + first/last (mandatory endpoints may exceed 10% for n<20),,1,1,r1--tick2--pan1500.jpg,r1--tick2--pan1500.jpg
2026-09-26-zone-own-perception-v3/test-frames/frames/zone_wide_corridor-s272-grasp_tri_frame@approach_look_v2,r1--tick0--pan1#.jpg,unknown SIM timing: every 10th numeric-sorted frame + first/last (mandatory endpoints may exceed 10% for n<20),,1,1,r1--tick0--pan1500.jpg,r1--tick0--pan1500.jpg
2026-09-26-zone-own-perception-v3/test-frames/frames/zone_wide_corridor-s272-grasp_tri_frame@approach_look_v2,r1--tick1--pan1#.jpg,unknown SIM timing: every 10th numeric-sorted frame + first/last (mandatory endpoints may exceed 10% for n<20),,1,1,r1--tick1--pan1500.jpg,r1--tick1--pan1500.jpg
2026-09-26-zone-own-perception-v3/test-frames/frames/zone_wide_corridor-s272-grasp_tri_frame@approach_look_v2,r1--tick2--pan1#.jpg,unknown SIM timing: every 10th numeric-sorted frame + first/last (mandatory endpoints may exceed 10% for n<20),,1,1,r1--tick2--pan1500.jpg,r1--tick2--pan1500.jpg
2026-09-26-zone-own-perception-v3/test-frames/frames/zone_wide_corridor-s272-grasp_tri_frame@grasp_look_v3,r1--tick0--pan1#.jpg,unknown SIM timing: every 10th numeric-sorted frame + first/last (mandatory endpoints may exceed 10% for n<20),,1,1,r1--tick0--pan1500.jpg,r1--tick0--pan1500.jpg
2026-09-26-zone-own-perception-v3/test-frames/frames/zone_wide_corridor-s272-grasp_tri_frame@grasp_look_v3,r1--tick1--pan1#.jpg,unknown SIM timing: every 10th numeric-sorted frame + first/last (mandatory endpoints may exceed 10% for n<20),,1,1,r1--tick1--pan1500.jpg,r1--tick1--pan1500.jpg
2026-09-26-zone-own-perception-v3/test-frames/frames/zone_wide_corridor-s272-grasp_tri_frame@grasp_look_v3,r1--tick2--pan1#.jpg,unknown SIM timing: every 10th numeric-sorted frame + first/last (mandatory endpoints may exceed 10% for n<20),,1,1,r1--tick2--pan1500.jpg,r1--tick2--pan1500.jpg
2026-09-26-zone-own-perception-v3/test-frames/frames/zone_wide_corridor-s272-grasp_wrong_kind@approach_look_v2,r1--tick0--pan1#.jpg,unknown SIM timing: every 10th numeric-sorted frame + first/last (mandatory endpoints may exceed 10% for n<20),,1,1,r1--tick0--pan1500.jpg,r1--tick0--pan1500.jpg
2026-09-26-zone-own-perception-v3/test-frames/frames/zone_wide_corridor-s272-grasp_wrong_kind@approach_look_v2,r1--tick1--pan1#.jpg,unknown SIM timing: every 10th numeric-sorted frame + first/last (mandatory endpoints may exceed 10% for n<20),,1,1,r1--tick1--pan1500.jpg,r1--tick1--pan1500.jpg
2026-09-26-zone-own-perception-v3/test-frames/frames/zone_wide_corridor-s272-grasp_wrong_kind@approach_look_v2,r1--tick2--pan1#.jpg,unknown SIM timing: every 10th numeric-sorted frame + first/last (mandatory endpoints may exceed 10% for n<20),,1,1,r1--tick2--pan1500.jpg,r1--tick2--pan1500.jpg
2026-09-26-zone-own-perception-v3/test-frames/frames/zone_wide_corridor-s272-grasp_wrong_kind@grasp_look_v3,r1--tick0--pan1#.jpg,unknown SIM timing: every 10th numeric-sorted frame + first/last (mandatory endpoints may exceed 10% for n<20),,1,1,r1--tick0--pan1500.jpg,r1--tick0--pan1500.jpg
2026-09-26-zone-own-perception-v3/test-frames/frames/zone_wide_corridor-s272-grasp_wrong_kind@grasp_look_v3,r1--tick1--pan1#.jpg,unknown SIM timing: every 10th numeric-sorted frame + first/last (mandatory endpoints may exceed 10% for n<20),,1,1,r1--tick1--pan1500.jpg,r1--tick1--pan1500.jpg
2026-09-26-zone-own-perception-v3/test-frames/frames/zone_wide_corridor-s272-grasp_wrong_kind@grasp_look_v3,r1--tick2--pan1#.jpg,unknown SIM timing: every 10th numeric-sorted frame + first/last (mandatory endpoints may exceed 10% for n<20),,1,1,r1--tick2--pan1500.jpg,r1--tick2--pan1500.jpg
2026-09-26-zone-own-perception-v3/test-frames/frames/zone_wide_corridor-s272-held_box_carry,r1--tick0--pan1#.jpg,unknown SIM timing: every 10th numeric-sorted frame + first/last (mandatory endpoints may exceed 10% for n<20),,1,1,r1--tick0--pan1500.jpg,r1--tick0--pan1500.jpg
2026-09-26-zone-own-perception-v3/test-frames/frames/zone_wide_corridor-s272-held_box_carry,r1--tick1--pan1#.jpg,unknown SIM timing: every 10th numeric-sorted frame + first/last (mandatory endpoints may exceed 10% for n<20),,1,1,r1--tick1--pan1500.jpg,r1--tick1--pan1500.jpg
2026-09-26-zone-own-perception-v3/test-frames/frames/zone_wide_corridor-s272-held_box_carry,r1--tick2--pan1#.jpg,unknown SIM timing: every 10th numeric-sorted frame + first/last (mandatory endpoints may exceed 10% for n<20),,1,1,r1--tick2--pan1500.jpg,r1--tick2--pan1500.jpg
2026-09-26-zone-own-perception-v3/test-frames/frames/zone_wide_corridor-s272-held_box_held_check,r1--tick0--pan1#.jpg,unknown SIM timing: every 10th numeric-sorted frame + first/last (mandatory endpoints may exceed 10% for n<20),,1,1,r1--tick0--pan1500.jpg,r1--tick0--pan1500.jpg
2026-09-26-zone-own-perception-v3/test-frames/frames/zone_wide_corridor-s272-held_box_held_check,r1--tick1--pan1#.jpg,unknown SIM timing: every 10th numeric-sorted frame + first/last (mandatory endpoints may exceed 10% for n<20),,1,1,r1--tick1--pan1500.jpg,r1--tick1--pan1500.jpg
2026-09-26-zone-own-perception-v3/test-frames/frames/zone_wide_corridor-s272-held_box_held_check,r1--tick2--pan1#.jpg,unknown SIM timing: every 10th numeric-sorted frame + first/last (mandatory endpoints may exceed 10% for n<20),,1,1,r1--tick2--pan1500.jpg,r1--tick2--pan1500.jpg
2026-09-26-zone-own-perception-v3/test-frames/frames/zone_wide_corridor-s272-held_can,r1--tick0--pan1#.jpg,unknown SIM timing: every 10th numeric-sorted frame + first/last (mandatory endpoints may exceed 10% for n<20),,1,1,r1--tick0--pan1500.jpg,r1--tick0--pan1500.jpg
2026-09-26-zone-own-perception-v3/test-frames/frames/zone_wide_corridor-s272-held_can,r1--tick1--pan1#.jpg,unknown SIM timing: every 10th numeric-sorted frame + first/last (mandatory endpoints may exceed 10% for n<20),,1,1,r1--tick1--pan1500.jpg,r1--tick1--pan1500.jpg
2026-09-26-zone-own-perception-v3/test-frames/frames/zone_wide_corridor-s272-held_can,r1--tick2--pan1#.jpg,unknown SIM timing: every 10th numeric-sorted frame + first/last (mandatory endpoints may exceed 10% for n<20),,1,1,r1--tick2--pan1500.jpg,r1--tick2--pan1500.jpg
2026-09-26-zone-own-perception-v3/test-frames/frames/zone_wide_corridor-s272-held_can_absent,r1--tick0--pan1#.jpg,unknown SIM timing: every 10th numeric-sorted frame + first/last (mandatory endpoints may exceed 10% for n<20),,1,1,r1--tick0--pan1500.jpg,r1--tick0--pan1500.jpg
2026-09-26-zone-own-perception-v3/test-frames/frames/zone_wide_corridor-s272-held_can_absent,r1--tick1--pan1#.jpg,unknown SIM timing: every 10th numeric-sorted frame + first/last (mandatory endpoints may exceed 10% for n<20),,1,1,r1--tick1--pan1500.jpg,r1--tick1--pan1500.jpg
2026-09-26-zone-own-perception-v3/test-frames/frames/zone_wide_corridor-s272-held_can_absent,r1--tick2--pan1#.jpg,unknown SIM timing: every 10th numeric-sorted frame + first/last (mandatory endpoints may exceed 10% for n<20),,1,1,r1--tick2--pan1500.jpg,r1--tick2--pan1500.jpg
2026-09-26-zone-own-perception-v3/test-frames/frames/zone_wide_corridor-s272-held_can_carry,r1--tick0--pan1#.jpg,unknown SIM timing: every 10th numeric-sorted frame + first/last (mandatory endpoints may exceed 10% for n<20),,1,1,r1--tick0--pan1500.jpg,r1--tick0--pan1500.jpg
2026-09-26-zone-own-perception-v3/test-frames/frames/zone_wide_corridor-s272-held_can_carry,r1--tick1--pan1#.jpg,unknown SIM timing: every 10th numeric-sorted frame + first/last (mandatory endpoints may exceed 10% for n<20),,1,1,r1--tick1--pan1500.jpg,r1--tick1--pan1500.jpg
2026-09-26-zone-own-perception-v3/test-frames/frames/zone_wide_corridor-s272-held_can_carry,r1--tick2--pan1#.jpg,unknown SIM timing: every 10th numeric-sorted frame + first/last (mandatory endpoints may exceed 10% for n<20),,1,1,r1--tick2--pan1500.jpg,r1--tick2--pan1500.jpg
2026-09-26-zone-own-perception-v3/test-frames/frames/zone_wide_corridor-s272-held_can_wrong_kind,r1--tick0--pan1#.jpg,unknown SIM timing: every 10th numeric-sorted frame + first/last (mandatory endpoints may exceed 10% for n<20),,1,1,r1--tick0--pan1500.jpg,r1--tick0--pan1500.jpg
2026-09-26-zone-own-perception-v3/test-frames/frames/zone_wide_corridor-s272-held_can_wrong_kind,r1--tick1--pan1#.jpg,unknown SIM timing: every 10th numeric-sorted frame + first/last (mandatory endpoints may exceed 10% for n<20),,1,1,r1--tick1--pan1500.jpg,r1--tick1--pan1500.jpg
2026-09-26-zone-own-perception-v3/test-frames/frames/zone_wide_corridor-s272-held_can_wrong_kind,r1--tick2--pan1#.jpg,unknown SIM timing: every 10th numeric-sorted frame + first/last (mandatory endpoints may exceed 10% for n<20),,1,1,r1--tick2--pan1500.jpg,r1--tick2--pan1500.jpg
2026-09-26-zone-own-perception-v3/test-frames/frames/zone_wide_corridor-s272-held_nothing_carry,r1--tick0--pan1#.jpg,unknown SIM timing: every 10th numeric-sorted frame + first/last (mandatory endpoints may exceed 10% for n<20),,1,1,r1--tick0--pan1500.jpg,r1--tick0--pan1500.jpg
2026-09-26-zone-own-perception-v3/test-frames/frames/zone_wide_corridor-s272-held_nothing_carry,r1--tick1--pan1#.jpg,unknown SIM timing: every 10th numeric-sorted frame + first/last (mandatory endpoints may exceed 10% for n<20),,1,1,r1--tick1--pan1500.jpg,r1--tick1--pan1500.jpg
2026-09-26-zone-own-perception-v3/test-frames/frames/zone_wide_corridor-s272-held_nothing_carry,r1--tick2--pan1#.jpg,unknown SIM timing: every 10th numeric-sorted frame + first/last (mandatory endpoints may exceed 10% for n<20),,1,1,r1--tick2--pan1500.jpg,r1--tick2--pan1500.jpg
2026-09-26-zone-own-perception-v3/test-frames/frames/zone_wide_corridor-s272-held_tile_carry,r1--tick0--pan1#.jpg,unknown SIM timing: every 10th numeric-sorted frame + first/last (mandatory endpoints may exceed 10% for n<20),,1,1,r1--tick0--pan1500.jpg,r1--tick0--pan1500.jpg
2026-09-26-zone-own-perception-v3/test-frames/frames/zone_wide_corridor-s272-held_tile_carry,r1--tick1--pan1#.jpg,unknown SIM timing: every 10th numeric-sorted frame + first/last (mandatory endpoints may exceed 10% for n<20),,1,1,r1--tick1--pan1500.jpg,r1--tick1--pan1500.jpg
2026-09-26-zone-own-perception-v3/test-frames/frames/zone_wide_corridor-s272-held_tile_carry,r1--tick2--pan1#.jpg,unknown SIM timing: every 10th numeric-sorted frame + first/last (mandatory endpoints may exceed 10% for n<20),,1,1,r1--tick2--pan1500.jpg,r1--tick2--pan1500.jpg
2026-09-26-zone-own-perception-v3/test-frames/frames/zone_wide_corridor-s272-held_tile_expect_box_carry,r1--tick0--pan1#.jpg,unknown SIM timing: every 10th numeric-sorted frame + first/last (mandatory endpoints may exceed 10% for n<20),,1,1,r1--tick0--pan1500.jpg,r1--tick0--pan1500.jpg
2026-09-26-zone-own-perception-v3/test-frames/frames/zone_wide_corridor-s272-held_tile_expect_box_carry,r1--tick1--pan1#.jpg,unknown SIM timing: every 10th numeric-sorted frame + first/last (mandatory endpoints may exceed 10% for n<20),,1,1,r1--tick1--pan1500.jpg,r1--tick1--pan1500.jpg
2026-09-26-zone-own-perception-v3/test-frames/frames/zone_wide_corridor-s272-held_tile_expect_box_carry,r1--tick2--pan1#.jpg,unknown SIM timing: every 10th numeric-sorted frame + first/last (mandatory endpoints may exceed 10% for n<20),,1,1,r1--tick2--pan1500.jpg,r1--tick2--pan1500.jpg
2026-09-26-zone-own-perception-v3/test-frames/frames/zone_wide_corridor-s272-wrong_end_long_beam@approach_look_v2,r1--tick0--pan1#.jpg,unknown SIM timing: every 10th numeric-sorted frame + first/last (mandatory endpoints may exceed 10% for n<20),,1,1,r1--tick0--pan1500.jpg,r1--tick0--pan1500.jpg
2026-09-26-zone-own-perception-v3/test-frames/frames/zone_wide_corridor-s272-wrong_end_long_beam@approach_look_v2,r1--tick1--pan1#.jpg,unknown SIM timing: every 10th numeric-sorted frame + first/last (mandatory endpoints may exceed 10% for n<20),,1,1,r1--tick1--pan1500.jpg,r1--tick1--pan1500.jpg
2026-09-26-zone-own-perception-v3/test-frames/frames/zone_wide_corridor-s272-wrong_end_long_beam@approach_look_v2,r1--tick2--pan1#.jpg,unknown SIM timing: every 10th numeric-sorted frame + first/last (mandatory endpoints may exceed 10% for n<20),,1,1,r1--tick2--pan1500.jpg,r1--tick2--pan1500.jpg
2026-09-26-zone-own-perception-v3/test-frames/frames/zone_wide_corridor-s272-wrong_end_long_beam@grasp_look_v3,r1--tick0--pan1#.jpg,unknown SIM timing: every 10th numeric-sorted frame + first/last (mandatory endpoints may exceed 10% for n<20),,1,1,r1--tick0--pan1500.jpg,r1--tick0--pan1500.jpg
2026-09-26-zone-own-perception-v3/test-frames/frames/zone_wide_corridor-s272-wrong_end_long_beam@grasp_look_v3,r1--tick1--pan1#.jpg,unknown SIM timing: every 10th numeric-sorted frame + first/last (mandatory endpoints may exceed 10% for n<20),,1,1,r1--tick1--pan1500.jpg,r1--tick1--pan1500.jpg
2026-09-26-zone-own-perception-v3/test-frames/frames/zone_wide_corridor-s272-wrong_end_long_beam@grasp_look_v3,r1--tick2--pan1#.jpg,unknown SIM timing: every 10th numeric-sorted frame + first/last (mandatory endpoints may exceed 10% for n<20),,1,1,r1--tick2--pan1500.jpg,r1--tick2--pan1500.jpg
2026-09-26-zone-own-perception-v3/test-frames/frames/zone_wide_corridor-s274-carry_beam_expect_crate,r1--tick0--pan1#.jpg,unknown SIM timing: every 10th numeric-sorted frame + first/last (mandatory endpoints may exceed 10% for n<20),,1,1,r1--tick0--pan1500.jpg,r1--tick0--pan1500.jpg
2026-09-26-zone-own-perception-v3/test-frames/frames/zone_wide_corridor-s274-carry_beam_expect_crate,r1--tick1--pan1#.jpg,unknown SIM timing: every 10th numeric-sorted frame + first/last (mandatory endpoints may exceed 10% for n<20),,1,1,r1--tick1--pan1500.jpg,r1--tick1--pan1500.jpg
2026-09-26-zone-own-perception-v3/test-frames/frames/zone_wide_corridor-s274-carry_beam_expect_crate,r1--tick2--pan1#.jpg,unknown SIM timing: every 10th numeric-sorted frame + first/last (mandatory endpoints may exceed 10% for n<20),,1,1,r1--tick2--pan1500.jpg,r1--tick2--pan1500.jpg
2026-09-26-zone-own-perception-v3/test-frames/frames/zone_wide_corridor-s274-carry_crate_expect_beam,r1--tick0--pan1#.jpg,unknown SIM timing: every 10th numeric-sorted frame + first/last (mandatory endpoints may exceed 10% for n<20),,1,1,r1--tick0--pan1500.jpg,r1--tick0--pan1500.jpg
2026-09-26-zone-own-perception-v3/test-frames/frames/zone_wide_corridor-s274-carry_crate_expect_beam,r1--tick1--pan1#.jpg,unknown SIM timing: every 10th numeric-sorted frame + first/last (mandatory endpoints may exceed 10% for n<20),,1,1,r1--tick1--pan1500.jpg,r1--tick1--pan1500.jpg
2026-09-26-zone-own-perception-v3/test-frames/frames/zone_wide_corridor-s274-carry_crate_expect_beam,r1--tick2--pan1#.jpg,unknown SIM timing: every 10th numeric-sorted frame + first/last (mandatory endpoints may exceed 10% for n<20),,1,1,r1--tick2--pan1500.jpg,r1--tick2--pan1500.jpg
2026-09-26-zone-own-perception-v3/test-frames/frames/zone_wide_corridor-s274-carry_heavy_crate,r1--tick0--pan1#.jpg,unknown SIM timing: every 10th numeric-sorted frame + first/last (mandatory endpoints may exceed 10% for n<20),,1,1,r1--tick0--pan1500.jpg,r1--tick0--pan1500.jpg
2026-09-26-zone-own-perception-v3/test-frames/frames/zone_wide_corridor-s274-carry_heavy_crate,r1--tick1--pan1#.jpg,unknown SIM timing: every 10th numeric-sorted frame + first/last (mandatory endpoints may exceed 10% for n<20),,1,1,r1--tick1--pan1500.jpg,r1--tick1--pan1500.jpg
2026-09-26-zone-own-perception-v3/test-frames/frames/zone_wide_corridor-s274-carry_heavy_crate,r1--tick2--pan1#.jpg,unknown SIM timing: every 10th numeric-sorted frame + first/last (mandatory endpoints may exceed 10% for n<20),,1,1,r1--tick2--pan1500.jpg,r1--tick2--pan1500.jpg
2026-09-26-zone-own-perception-v3/test-frames/frames/zone_wide_corridor-s274-carry_long_beam,r1--tick0--pan1#.jpg,unknown SIM timing: every 10th numeric-sorted frame + first/last (mandatory endpoints may exceed 10% for n<20),,1,1,r1--tick0--pan1500.jpg,r1--tick0--pan1500.jpg
2026-09-26-zone-own-perception-v3/test-frames/frames/zone_wide_corridor-s274-carry_long_beam,r1--tick1--pan1#.jpg,unknown SIM timing: every 10th numeric-sorted frame + first/last (mandatory endpoints may exceed 10% for n<20),,1,1,r1--tick1--pan1500.jpg,r1--tick1--pan1500.jpg
2026-09-26-zone-own-perception-v3/test-frames/frames/zone_wide_corridor-s274-carry_long_beam,r1--tick2--pan1#.jpg,unknown SIM timing: every 10th numeric-sorted frame + first/last (mandatory endpoints may exceed 10% for n<20),,1,1,r1--tick2--pan1500.jpg,r1--tick2--pan1500.jpg
2026-09-26-zone-own-perception-v3/test-frames/frames/zone_wide_corridor-s274-carry_nothing_expect_crate,r1--tick0--pan1#.jpg,unknown SIM timing: every 10th numeric-sorted frame + first/last (mandatory endpoints may exceed 10% for n<20),,1,1,r1--tick0--pan1500.jpg,r1--tick0--pan1500.jpg
2026-09-26-zone-own-perception-v3/test-frames/frames/zone_wide_corridor-s274-carry_nothing_expect_crate,r1--tick1--pan1#.jpg,unknown SIM timing: every 10th numeric-sorted frame + first/last (mandatory endpoints may exceed 10% for n<20),,1,1,r1--tick1--pan1500.jpg,r1--tick1--pan1500.jpg
2026-09-26-zone-own-perception-v3/test-frames/frames/zone_wide_corridor-s274-carry_nothing_expect_crate,r1--tick2--pan1#.jpg,unknown SIM timing: every 10th numeric-sorted frame + first/last (mandatory endpoints may exceed 10% for n<20),,1,1,r1--tick2--pan1500.jpg,r1--tick2--pan1500.jpg
2026-09-26-zone-own-perception-v3/test-frames/frames/zone_wide_corridor-s274-carry_tri_frame,r1--tick0--pan1#.jpg,unknown SIM timing: every 10th numeric-sorted frame + first/last (mandatory endpoints may exceed 10% for n<20),,1,1,r1--tick0--pan1500.jpg,r1--tick0--pan1500.jpg
2026-09-26-zone-own-perception-v3/test-frames/frames/zone_wide_corridor-s274-carry_tri_frame,r1--tick1--pan1#.jpg,unknown SIM timing: every 10th numeric-sorted frame + first/last (mandatory endpoints may exceed 10% for n<20),,1,1,r1--tick1--pan1500.jpg,r1--tick1--pan1500.jpg
2026-09-26-zone-own-perception-v3/test-frames/frames/zone_wide_corridor-s274-carry_tri_frame,r1--tick2--pan1#.jpg,unknown SIM timing: every 10th numeric-sorted frame + first/last (mandatory endpoints may exceed 10% for n<20),,1,1,r1--tick2--pan1500.jpg,r1--tick2--pan1500.jpg
2026-09-26-zone-own-perception-v3/test-frames/frames/zone_wide_corridor-s274-grasp_heavy_crate@approach_look_v2,r1--tick0--pan1#.jpg,unknown SIM timing: every 10th numeric-sorted frame + first/last (mandatory endpoints may exceed 10% for n<20),,1,1,r1--tick0--pan1500.jpg,r1--tick0--pan1500.jpg
2026-09-26-zone-own-perception-v3/test-frames/frames/zone_wide_corridor-s274-grasp_heavy_crate@approach_look_v2,r1--tick1--pan1#.jpg,unknown SIM timing: every 10th numeric-sorted frame + first/last (mandatory endpoints may exceed 10% for n<20),,1,1,r1--tick1--pan1500.jpg,r1--tick1--pan1500.jpg
2026-09-26-zone-own-perception-v3/test-frames/frames/zone_wide_corridor-s274-grasp_heavy_crate@approach_look_v2,r1--tick2--pan1#.jpg,unknown SIM timing: every 10th numeric-sorted frame + first/last (mandatory endpoints may exceed 10% for n<20),,1,1,r1--tick2--pan1500.jpg,r1--tick2--pan1500.jpg
2026-09-26-zone-own-perception-v3/test-frames/frames/zone_wide_corridor-s274-grasp_heavy_crate@grasp_look_v3,r1--tick0--pan1#.jpg,unknown SIM timing: every 10th numeric-sorted frame + first/last (mandatory endpoints may exceed 10% for n<20),,1,1,r1--tick0--pan1500.jpg,r1--tick0--pan1500.jpg
2026-09-26-zone-own-perception-v3/test-frames/frames/zone_wide_corridor-s274-grasp_heavy_crate@grasp_look_v3,r1--tick1--pan1#.jpg,unknown SIM timing: every 10th numeric-sorted frame + first/last (mandatory endpoints may exceed 10% for n<20),,1,1,r1--tick1--pan1500.jpg,r1--tick1--pan1500.jpg
2026-09-26-zone-own-perception-v3/test-frames/frames/zone_wide_corridor-s274-grasp_heavy_crate@grasp_look_v3,r1--tick2--pan1#.jpg,unknown SIM timing: every 10th numeric-sorted frame + first/last (mandatory endpoints may exceed 10% for n<20),,1,1,r1--tick2--pan1500.jpg,r1--tick2--pan1500.jpg
2026-09-26-zone-own-perception-v3/test-frames/frames/zone_wide_corridor-s274-grasp_long_beam@approach_look_v2,r1--tick0--pan1#.jpg,unknown SIM timing: every 10th numeric-sorted frame + first/last (mandatory endpoints may exceed 10% for n<20),,1,1,r1--tick0--pan1500.jpg,r1--tick0--pan1500.jpg
2026-09-26-zone-own-perception-v3/test-frames/frames/zone_wide_corridor-s274-grasp_long_beam@approach_look_v2,r1--tick1--pan1#.jpg,unknown SIM timing: every 10th numeric-sorted frame + first/last (mandatory endpoints may exceed 10% for n<20),,1,1,r1--tick1--pan1500.jpg,r1--tick1--pan1500.jpg
2026-09-26-zone-own-perception-v3/test-frames/frames/zone_wide_corridor-s274-grasp_long_beam@approach_look_v2,r1--tick2--pan1#.jpg,unknown SIM timing: every 10th numeric-sorted frame + first/last (mandatory endpoints may exceed 10% for n<20),,1,1,r1--tick2--pan1500.jpg,r1--tick2--pan1500.jpg
2026-09-26-zone-own-perception-v3/test-frames/frames/zone_wide_corridor-s274-grasp_long_beam@grasp_look_v3,r1--tick0--pan1#.jpg,unknown SIM timing: every 10th numeric-sorted frame + first/last (mandatory endpoints may exceed 10% for n<20),,1,1,r1--tick0--pan1500.jpg,r1--tick0--pan1500.jpg
2026-09-26-zone-own-perception-v3/test-frames/frames/zone_wide_corridor-s274-grasp_long_beam@grasp_look_v3,r1--tick1--pan1#.jpg,unknown SIM timing: every 10th numeric-sorted frame + first/last (mandatory endpoints may exceed 10% for n<20),,1,1,r1--tick1--pan1500.jpg,r1--tick1--pan1500.jpg
2026-09-26-zone-own-perception-v3/test-frames/frames/zone_wide_corridor-s274-grasp_long_beam@grasp_look_v3,r1--tick2--pan1#.jpg,unknown SIM timing: every 10th numeric-sorted frame + first/last (mandatory endpoints may exceed 10% for n<20),,1,1,r1--tick2--pan1500.jpg,r1--tick2--pan1500.jpg
2026-09-26-zone-own-perception-v3/test-frames/frames/zone_wide_corridor-s274-grasp_tri_frame@approach_look_v2,r1--tick0--pan1#.jpg,unknown SIM timing: every 10th numeric-sorted frame + first/last (mandatory endpoints may exceed 10% for n<20),,1,1,r1--tick0--pan1500.jpg,r1--tick0--pan1500.jpg
2026-09-26-zone-own-perception-v3/test-frames/frames/zone_wide_corridor-s274-grasp_tri_frame@approach_look_v2,r1--tick1--pan1#.jpg,unknown SIM timing: every 10th numeric-sorted frame + first/last (mandatory endpoints may exceed 10% for n<20),,1,1,r1--tick1--pan1500.jpg,r1--tick1--pan1500.jpg
2026-09-26-zone-own-perception-v3/test-frames/frames/zone_wide_corridor-s274-grasp_tri_frame@approach_look_v2,r1--tick2--pan1#.jpg,unknown SIM timing: every 10th numeric-sorted frame + first/last (mandatory endpoints may exceed 10% for n<20),,1,1,r1--tick2--pan1500.jpg,r1--tick2--pan1500.jpg
2026-09-26-zone-own-perception-v3/test-frames/frames/zone_wide_corridor-s274-grasp_tri_frame@grasp_look_v3,r1--tick0--pan1#.jpg,unknown SIM timing: every 10th numeric-sorted frame + first/last (mandatory endpoints may exceed 10% for n<20),,1,1,r1--tick0--pan1500.jpg,r1--tick0--pan1500.jpg
2026-09-26-zone-own-perception-v3/test-frames/frames/zone_wide_corridor-s274-grasp_tri_frame@grasp_look_v3,r1--tick1--pan1#.jpg,unknown SIM timing: every 10th numeric-sorted frame + first/last (mandatory endpoints may exceed 10% for n<20),,1,1,r1--tick1--pan1500.jpg,r1--tick1--pan1500.jpg
2026-09-26-zone-own-perception-v3/test-frames/frames/zone_wide_corridor-s274-grasp_tri_frame@grasp_look_v3,r1--tick2--pan1#.jpg,unknown SIM timing: every 10th numeric-sorted frame + first/last (mandatory endpoints may exceed 10% for n<20),,1,1,r1--tick2--pan1500.jpg,r1--tick2--pan1500.jpg
2026-09-26-zone-own-perception-v3/test-frames/frames/zone_wide_corridor-s274-grasp_wrong_kind@approach_look_v2,r1--tick0--pan1#.jpg,unknown SIM timing: every 10th numeric-sorted frame + first/last (mandatory endpoints may exceed 10% for n<20),,1,1,r1--tick0--pan1500.jpg,r1--tick0--pan1500.jpg
2026-09-26-zone-own-perception-v3/test-frames/frames/zone_wide_corridor-s274-grasp_wrong_kind@approach_look_v2,r1--tick1--pan1#.jpg,unknown SIM timing: every 10th numeric-sorted frame + first/last (mandatory endpoints may exceed 10% for n<20),,1,1,r1--tick1--pan1500.jpg,r1--tick1--pan1500.jpg
2026-09-26-zone-own-perception-v3/test-frames/frames/zone_wide_corridor-s274-grasp_wrong_kind@approach_look_v2,r1--tick2--pan1#.jpg,unknown SIM timing: every 10th numeric-sorted frame + first/last (mandatory endpoints may exceed 10% for n<20),,1,1,r1--tick2--pan1500.jpg,r1--tick2--pan1500.jpg
2026-09-26-zone-own-perception-v3/test-frames/frames/zone_wide_corridor-s274-grasp_wrong_kind@grasp_look_v3,r1--tick0--pan1#.jpg,unknown SIM timing: every 10th numeric-sorted frame + first/last (mandatory endpoints may exceed 10% for n<20),,1,1,r1--tick0--pan1500.jpg,r1--tick0--pan1500.jpg
2026-09-26-zone-own-perception-v3/test-frames/frames/zone_wide_corridor-s274-grasp_wrong_kind@grasp_look_v3,r1--tick1--pan1#.jpg,unknown SIM timing: every 10th numeric-sorted frame + first/last (mandatory endpoints may exceed 10% for n<20),,1,1,r1--tick1--pan1500.jpg,r1--tick1--pan1500.jpg
2026-09-26-zone-own-perception-v3/test-frames/frames/zone_wide_corridor-s274-grasp_wrong_kind@grasp_look_v3,r1--tick2--pan1#.jpg,unknown SIM timing: every 10th numeric-sorted frame + first/last (mandatory endpoints may exceed 10% for n<20),,1,1,r1--tick2--pan1500.jpg,r1--tick2--pan1500.jpg
2026-09-26-zone-own-perception-v3/test-frames/frames/zone_wide_corridor-s274-held_box_carry,r1--tick0--pan1#.jpg,unknown SIM timing: every 10th numeric-sorted frame + first/last (mandatory endpoints may exceed 10% for n<20),,1,1,r1--tick0--pan1500.jpg,r1--tick0--pan1500.jpg
2026-09-26-zone-own-perception-v3/test-frames/frames/zone_wide_corridor-s274-held_box_carry,r1--tick1--pan1#.jpg,unknown SIM timing: every 10th numeric-sorted frame + first/last (mandatory endpoints may exceed 10% for n<20),,1,1,r1--tick1--pan1500.jpg,r1--tick1--pan1500.jpg
2026-09-26-zone-own-perception-v3/test-frames/frames/zone_wide_corridor-s274-held_box_carry,r1--tick2--pan1#.jpg,unknown SIM timing: every 10th numeric-sorted frame + first/last (mandatory endpoints may exceed 10% for n<20),,1,1,r1--tick2--pan1500.jpg,r1--tick2--pan1500.jpg
2026-09-26-zone-own-perception-v3/test-frames/frames/zone_wide_corridor-s274-held_box_held_check,r1--tick0--pan1#.jpg,unknown SIM timing: every 10th numeric-sorted frame + first/last (mandatory endpoints may exceed 10% for n<20),,1,1,r1--tick0--pan1500.jpg,r1--tick0--pan1500.jpg
2026-09-26-zone-own-perception-v3/test-frames/frames/zone_wide_corridor-s274-held_box_held_check,r1--tick1--pan1#.jpg,unknown SIM timing: every 10th numeric-sorted frame + first/last (mandatory endpoints may exceed 10% for n<20),,1,1,r1--tick1--pan1500.jpg,r1--tick1--pan1500.jpg
2026-09-26-zone-own-perception-v3/test-frames/frames/zone_wide_corridor-s274-held_box_held_check,r1--tick2--pan1#.jpg,unknown SIM timing: every 10th numeric-sorted frame + first/last (mandatory endpoints may exceed 10% for n<20),,1,1,r1--tick2--pan1500.jpg,r1--tick2--pan1500.jpg
2026-09-26-zone-own-perception-v3/test-frames/frames/zone_wide_corridor-s274-held_can,r1--tick0--pan1#.jpg,unknown SIM timing: every 10th numeric-sorted frame + first/last (mandatory endpoints may exceed 10% for n<20),,1,1,r1--tick0--pan1500.jpg,r1--tick0--pan1500.jpg
2026-09-26-zone-own-perception-v3/test-frames/frames/zone_wide_corridor-s274-held_can,r1--tick1--pan1#.jpg,unknown SIM timing: every 10th numeric-sorted frame + first/last (mandatory endpoints may exceed 10% for n<20),,1,1,r1--tick1--pan1500.jpg,r1--tick1--pan1500.jpg
2026-09-26-zone-own-perception-v3/test-frames/frames/zone_wide_corridor-s274-held_can,r1--tick2--pan1#.jpg,unknown SIM timing: every 10th numeric-sorted frame + first/last (mandatory endpoints may exceed 10% for n<20),,1,1,r1--tick2--pan1500.jpg,r1--tick2--pan1500.jpg
2026-09-26-zone-own-perception-v3/test-frames/frames/zone_wide_corridor-s274-held_can_absent,r1--tick0--pan1#.jpg,unknown SIM timing: every 10th numeric-sorted frame + first/last (mandatory endpoints may exceed 10% for n<20),,1,1,r1--tick0--pan1500.jpg,r1--tick0--pan1500.jpg
2026-09-26-zone-own-perception-v3/test-frames/frames/zone_wide_corridor-s274-held_can_absent,r1--tick1--pan1#.jpg,unknown SIM timing: every 10th numeric-sorted frame + first/last (mandatory endpoints may exceed 10% for n<20),,1,1,r1--tick1--pan1500.jpg,r1--tick1--pan1500.jpg
2026-09-26-zone-own-perception-v3/test-frames/frames/zone_wide_corridor-s274-held_can_absent,r1--tick2--pan1#.jpg,unknown SIM timing: every 10th numeric-sorted frame + first/last (mandatory endpoints may exceed 10% for n<20),,1,1,r1--tick2--pan1500.jpg,r1--tick2--pan1500.jpg
2026-09-26-zone-own-perception-v3/test-frames/frames/zone_wide_corridor-s274-held_can_carry,r1--tick0--pan1#.jpg,unknown SIM timing: every 10th numeric-sorted frame + first/last (mandatory endpoints may exceed 10% for n<20),,1,1,r1--tick0--pan1500.jpg,r1--tick0--pan1500.jpg
2026-09-26-zone-own-perception-v3/test-frames/frames/zone_wide_corridor-s274-held_can_carry,r1--tick1--pan1#.jpg,unknown SIM timing: every 10th numeric-sorted frame + first/last (mandatory endpoints may exceed 10% for n<20),,1,1,r1--tick1--pan1500.jpg,r1--tick1--pan1500.jpg
2026-09-26-zone-own-perception-v3/test-frames/frames/zone_wide_corridor-s274-held_can_carry,r1--tick2--pan1#.jpg,unknown SIM timing: every 10th numeric-sorted frame + first/last (mandatory endpoints may exceed 10% for n<20),,1,1,r1--tick2--pan1500.jpg,r1--tick2--pan1500.jpg
2026-09-26-zone-own-perception-v3/test-frames/frames/zone_wide_corridor-s274-held_can_wrong_kind,r1--tick0--pan1#.jpg,unknown SIM timing: every 10th numeric-sorted frame + first/last (mandatory endpoints may exceed 10% for n<20),,1,1,r1--tick0--pan1500.jpg,r1--tick0--pan1500.jpg
2026-09-26-zone-own-perception-v3/test-frames/frames/zone_wide_corridor-s274-held_can_wrong_kind,r1--tick1--pan1#.jpg,unknown SIM timing: every 10th numeric-sorted frame + first/last (mandatory endpoints may exceed 10% for n<20),,1,1,r1--tick1--pan1500.jpg,r1--tick1--pan1500.jpg
2026-09-26-zone-own-perception-v3/test-frames/frames/zone_wide_corridor-s274-held_can_wrong_kind,r1--tick2--pan1#.jpg,unknown SIM timing: every 10th numeric-sorted frame + first/last (mandatory endpoints may exceed 10% for n<20),,1,1,r1--tick2--pan1500.jpg,r1--tick2--pan1500.jpg
2026-09-26-zone-own-perception-v3/test-frames/frames/zone_wide_corridor-s274-held_nothing_carry,r1--tick0--pan1#.jpg,unknown SIM timing: every 10th numeric-sorted frame + first/last (mandatory endpoints may exceed 10% for n<20),,1,1,r1--tick0--pan1500.jpg,r1--tick0--pan1500.jpg
2026-09-26-zone-own-perception-v3/test-frames/frames/zone_wide_corridor-s274-held_nothing_carry,r1--tick1--pan1#.jpg,unknown SIM timing: every 10th numeric-sorted frame + first/last (mandatory endpoints may exceed 10% for n<20),,1,1,r1--tick1--pan1500.jpg,r1--tick1--pan1500.jpg
2026-09-26-zone-own-perception-v3/test-frames/frames/zone_wide_corridor-s274-held_nothing_carry,r1--tick2--pan1#.jpg,unknown SIM timing: every 10th numeric-sorted frame + first/last (mandatory endpoints may exceed 10% for n<20),,1,1,r1--tick2--pan1500.jpg,r1--tick2--pan1500.jpg
2026-09-26-zone-own-perception-v3/test-frames/frames/zone_wide_corridor-s274-held_tile_carry,r1--tick0--pan1#.jpg,unknown SIM timing: every 10th numeric-sorted frame + first/last (mandatory endpoints may exceed 10% for n<20),,1,1,r1--tick0--pan1500.jpg,r1--tick0--pan1500.jpg
2026-09-26-zone-own-perception-v3/test-frames/frames/zone_wide_corridor-s274-held_tile_carry,r1--tick1--pan1#.jpg,unknown SIM timing: every 10th numeric-sorted frame + first/last (mandatory endpoints may exceed 10% for n<20),,1,1,r1--tick1--pan1500.jpg,r1--tick1--pan1500.jpg
2026-09-26-zone-own-perception-v3/test-frames/frames/zone_wide_corridor-s274-held_tile_carry,r1--tick2--pan1#.jpg,unknown SIM timing: every 10th numeric-sorted frame + first/last (mandatory endpoints may exceed 10% for n<20),,1,1,r1--tick2--pan1500.jpg,r1--tick2--pan1500.jpg
2026-09-26-zone-own-perception-v3/test-frames/frames/zone_wide_corridor-s274-held_tile_expect_box_carry,r1--tick0--pan1#.jpg,unknown SIM timing: every 10th numeric-sorted frame + first/last (mandatory endpoints may exceed 10% for n<20),,1,1,r1--tick0--pan1500.jpg,r1--tick0--pan1500.jpg
2026-09-26-zone-own-perception-v3/test-frames/frames/zone_wide_corridor-s274-held_tile_expect_box_carry,r1--tick1--pan1#.jpg,unknown SIM timing: every 10th numeric-sorted frame + first/last (mandatory endpoints may exceed 10% for n<20),,1,1,r1--tick1--pan1500.jpg,r1--tick1--pan1500.jpg
2026-09-26-zone-own-perception-v3/test-frames/frames/zone_wide_corridor-s274-held_tile_expect_box_carry,r1--tick2--pan1#.jpg,unknown SIM timing: every 10th numeric-sorted frame + first/last (mandatory endpoints may exceed 10% for n<20),,1,1,r1--tick2--pan1500.jpg,r1--tick2--pan1500.jpg
2026-09-26-zone-own-perception-v3/test-frames/frames/zone_wide_corridor-s274-wrong_end_long_beam@approach_look_v2,r1--tick0--pan1#.jpg,unknown SIM timing: every 10th numeric-sorted frame + first/last (mandatory endpoints may exceed 10% for n<20),,1,1,r1--tick0--pan1500.jpg,r1--tick0--pan1500.jpg
2026-09-26-zone-own-perception-v3/test-frames/frames/zone_wide_corridor-s274-wrong_end_long_beam@approach_look_v2,r1--tick1--pan1#.jpg,unknown SIM timing: every 10th numeric-sorted frame + first/last (mandatory endpoints may exceed 10% for n<20),,1,1,r1--tick1--pan1500.jpg,r1--tick1--pan1500.jpg
2026-09-26-zone-own-perception-v3/test-frames/frames/zone_wide_corridor-s274-wrong_end_long_beam@approach_look_v2,r1--tick2--pan1#.jpg,unknown SIM timing: every 10th numeric-sorted frame + first/last (mandatory endpoints may exceed 10% for n<20),,1,1,r1--tick2--pan1500.jpg,r1--tick2--pan1500.jpg
2026-09-26-zone-own-perception-v3/test-frames/frames/zone_wide_corridor-s274-wrong_end_long_beam@grasp_look_v3,r1--tick0--pan1#.jpg,unknown SIM timing: every 10th numeric-sorted frame + first/last (mandatory endpoints may exceed 10% for n<20),,1,1,r1--tick0--pan1500.jpg,r1--tick0--pan1500.jpg
2026-09-26-zone-own-perception-v3/test-frames/frames/zone_wide_corridor-s274-wrong_end_long_beam@grasp_look_v3,r1--tick1--pan1#.jpg,unknown SIM timing: every 10th numeric-sorted frame + first/last (mandatory endpoints may exceed 10% for n<20),,1,1,r1--tick1--pan1500.jpg,r1--tick1--pan1500.jpg
2026-09-26-zone-own-perception-v3/test-frames/frames/zone_wide_corridor-s274-wrong_end_long_beam@grasp_look_v3,r1--tick2--pan1#.jpg,unknown SIM timing: every 10th numeric-sorted frame + first/last (mandatory endpoints may exceed 10% for n<20),,1,1,r1--tick2--pan1500.jpg,r1--tick2--pan1500.jpg
2026-09-26-zone-own-perception-v3/test-frames/frames/zone_wide_door-s271-carry_beam_expect_crate,r1--tick0--pan1#.jpg,unknown SIM timing: every 10th numeric-sorted frame + first/last (mandatory endpoints may exceed 10% for n<20),,1,1,r1--tick0--pan1500.jpg,r1--tick0--pan1500.jpg
2026-09-26-zone-own-perception-v3/test-frames/frames/zone_wide_door-s271-carry_beam_expect_crate,r1--tick1--pan1#.jpg,unknown SIM timing: every 10th numeric-sorted frame + first/last (mandatory endpoints may exceed 10% for n<20),,1,1,r1--tick1--pan1500.jpg,r1--tick1--pan1500.jpg
2026-09-26-zone-own-perception-v3/test-frames/frames/zone_wide_door-s271-carry_beam_expect_crate,r1--tick2--pan1#.jpg,unknown SIM timing: every 10th numeric-sorted frame + first/last (mandatory endpoints may exceed 10% for n<20),,1,1,r1--tick2--pan1500.jpg,r1--tick2--pan1500.jpg
2026-09-26-zone-own-perception-v3/test-frames/frames/zone_wide_door-s271-carry_crate_expect_beam,r1--tick0--pan1#.jpg,unknown SIM timing: every 10th numeric-sorted frame + first/last (mandatory endpoints may exceed 10% for n<20),,1,1,r1--tick0--pan1500.jpg,r1--tick0--pan1500.jpg
2026-09-26-zone-own-perception-v3/test-frames/frames/zone_wide_door-s271-carry_crate_expect_beam,r1--tick1--pan1#.jpg,unknown SIM timing: every 10th numeric-sorted frame + first/last (mandatory endpoints may exceed 10% for n<20),,1,1,r1--tick1--pan1500.jpg,r1--tick1--pan1500.jpg
2026-09-26-zone-own-perception-v3/test-frames/frames/zone_wide_door-s271-carry_crate_expect_beam,r1--tick2--pan1#.jpg,unknown SIM timing: every 10th numeric-sorted frame + first/last (mandatory endpoints may exceed 10% for n<20),,1,1,r1--tick2--pan1500.jpg,r1--tick2--pan1500.jpg
2026-09-26-zone-own-perception-v3/test-frames/frames/zone_wide_door-s271-carry_heavy_crate,r1--tick0--pan1#.jpg,unknown SIM timing: every 10th numeric-sorted frame + first/last (mandatory endpoints may exceed 10% for n<20),,1,1,r1--tick0--pan1500.jpg,r1--tick0--pan1500.jpg
2026-09-26-zone-own-perception-v3/test-frames/frames/zone_wide_door-s271-carry_heavy_crate,r1--tick1--pan1#.jpg,unknown SIM timing: every 10th numeric-sorted frame + first/last (mandatory endpoints may exceed 10% for n<20),,1,1,r1--tick1--pan1500.jpg,r1--tick1--pan1500.jpg
2026-09-26-zone-own-perception-v3/test-frames/frames/zone_wide_door-s271-carry_heavy_crate,r1--tick2--pan1#.jpg,unknown SIM timing: every 10th numeric-sorted frame + first/last (mandatory endpoints may exceed 10% for n<20),,1,1,r1--tick2--pan1500.jpg,r1--tick2--pan1500.jpg
2026-09-26-zone-own-perception-v3/test-frames/frames/zone_wide_door-s271-carry_long_beam,r1--tick0--pan1#.jpg,unknown SIM timing: every 10th numeric-sorted frame + first/last (mandatory endpoints may exceed 10% for n<20),,1,1,r1--tick0--pan1500.jpg,r1--tick0--pan1500.jpg
2026-09-26-zone-own-perception-v3/test-frames/frames/zone_wide_door-s271-carry_long_beam,r1--tick1--pan1#.jpg,unknown SIM timing: every 10th numeric-sorted frame + first/last (mandatory endpoints may exceed 10% for n<20),,1,1,r1--tick1--pan1500.jpg,r1--tick1--pan1500.jpg
2026-09-26-zone-own-perception-v3/test-frames/frames/zone_wide_door-s271-carry_long_beam,r1--tick2--pan1#.jpg,unknown SIM timing: every 10th numeric-sorted frame + first/last (mandatory endpoints may exceed 10% for n<20),,1,1,r1--tick2--pan1500.jpg,r1--tick2--pan1500.jpg
2026-09-26-zone-own-perception-v3/test-frames/frames/zone_wide_door-s271-carry_nothing_expect_crate,r1--tick0--pan1#.jpg,unknown SIM timing: every 10th numeric-sorted frame + first/last (mandatory endpoints may exceed 10% for n<20),,1,1,r1--tick0--pan1500.jpg,r1--tick0--pan1500.jpg
2026-09-26-zone-own-perception-v3/test-frames/frames/zone_wide_door-s271-carry_nothing_expect_crate,r1--tick1--pan1#.jpg,unknown SIM timing: every 10th numeric-sorted frame + first/last (mandatory endpoints may exceed 10% for n<20),,1,1,r1--tick1--pan1500.jpg,r1--tick1--pan1500.jpg
2026-09-26-zone-own-perception-v3/test-frames/frames/zone_wide_door-s271-carry_nothing_expect_crate,r1--tick2--pan1#.jpg,unknown SIM timing: every 10th numeric-sorted frame + first/last (mandatory endpoints may exceed 10% for n<20),,1,1,r1--tick2--pan1500.jpg,r1--tick2--pan1500.jpg
2026-09-26-zone-own-perception-v3/test-frames/frames/zone_wide_door-s271-carry_tri_frame,r1--tick0--pan1#.jpg,unknown SIM timing: every 10th numeric-sorted frame + first/last (mandatory endpoints may exceed 10% for n<20),,1,1,r1--tick0--pan1500.jpg,r1--tick0--pan1500.jpg
2026-09-26-zone-own-perception-v3/test-frames/frames/zone_wide_door-s271-carry_tri_frame,r1--tick1--pan1#.jpg,unknown SIM timing: every 10th numeric-sorted frame + first/last (mandatory endpoints may exceed 10% for n<20),,1,1,r1--tick1--pan1500.jpg,r1--tick1--pan1500.jpg
2026-09-26-zone-own-perception-v3/test-frames/frames/zone_wide_door-s271-carry_tri_frame,r1--tick2--pan1#.jpg,unknown SIM timing: every 10th numeric-sorted frame + first/last (mandatory endpoints may exceed 10% for n<20),,1,1,r1--tick2--pan1500.jpg,r1--tick2--pan1500.jpg
2026-09-26-zone-own-perception-v3/test-frames/frames/zone_wide_door-s271-grasp_heavy_crate@approach_look_v2,r1--tick0--pan1#.jpg,unknown SIM timing: every 10th numeric-sorted frame + first/last (mandatory endpoints may exceed 10% for n<20),,1,1,r1--tick0--pan1500.jpg,r1--tick0--pan1500.jpg
2026-09-26-zone-own-perception-v3/test-frames/frames/zone_wide_door-s271-grasp_heavy_crate@approach_look_v2,r1--tick1--pan1#.jpg,unknown SIM timing: every 10th numeric-sorted frame + first/last (mandatory endpoints may exceed 10% for n<20),,1,1,r1--tick1--pan1500.jpg,r1--tick1--pan1500.jpg
2026-09-26-zone-own-perception-v3/test-frames/frames/zone_wide_door-s271-grasp_heavy_crate@approach_look_v2,r1--tick2--pan1#.jpg,unknown SIM timing: every 10th numeric-sorted frame + first/last (mandatory endpoints may exceed 10% for n<20),,1,1,r1--tick2--pan1500.jpg,r1--tick2--pan1500.jpg
2026-09-26-zone-own-perception-v3/test-frames/frames/zone_wide_door-s271-grasp_heavy_crate@grasp_look_v3,r1--tick0--pan1#.jpg,unknown SIM timing: every 10th numeric-sorted frame + first/last (mandatory endpoints may exceed 10% for n<20),,1,1,r1--tick0--pan1500.jpg,r1--tick0--pan1500.jpg
2026-09-26-zone-own-perception-v3/test-frames/frames/zone_wide_door-s271-grasp_heavy_crate@grasp_look_v3,r1--tick1--pan1#.jpg,unknown SIM timing: every 10th numeric-sorted frame + first/last (mandatory endpoints may exceed 10% for n<20),,1,1,r1--tick1--pan1500.jpg,r1--tick1--pan1500.jpg
2026-09-26-zone-own-perception-v3/test-frames/frames/zone_wide_door-s271-grasp_heavy_crate@grasp_look_v3,r1--tick2--pan1#.jpg,unknown SIM timing: every 10th numeric-sorted frame + first/last (mandatory endpoints may exceed 10% for n<20),,1,1,r1--tick2--pan1500.jpg,r1--tick2--pan1500.jpg
2026-09-26-zone-own-perception-v3/test-frames/frames/zone_wide_door-s271-grasp_long_beam@approach_look_v2,r1--tick0--pan1#.jpg,unknown SIM timing: every 10th numeric-sorted frame + first/last (mandatory endpoints may exceed 10% for n<20),,1,1,r1--tick0--pan1500.jpg,r1--tick0--pan1500.jpg
2026-09-26-zone-own-perception-v3/test-frames/frames/zone_wide_door-s271-grasp_long_beam@approach_look_v2,r1--tick1--pan1#.jpg,unknown SIM timing: every 10th numeric-sorted frame + first/last (mandatory endpoints may exceed 10% for n<20),,1,1,r1--tick1--pan1500.jpg,r1--tick1--pan1500.jpg
2026-09-26-zone-own-perception-v3/test-frames/frames/zone_wide_door-s271-grasp_long_beam@approach_look_v2,r1--tick2--pan1#.jpg,unknown SIM timing: every 10th numeric-sorted frame + first/last (mandatory endpoints may exceed 10% for n<20),,1,1,r1--tick2--pan1500.jpg,r1--tick2--pan1500.jpg
2026-09-26-zone-own-perception-v3/test-frames/frames/zone_wide_door-s271-grasp_long_beam@grasp_look_v3,r1--tick0--pan1#.jpg,unknown SIM timing: every 10th numeric-sorted frame + first/last (mandatory endpoints may exceed 10% for n<20),,1,1,r1--tick0--pan1500.jpg,r1--tick0--pan1500.jpg
2026-09-26-zone-own-perception-v3/test-frames/frames/zone_wide_door-s271-grasp_long_beam@grasp_look_v3,r1--tick1--pan1#.jpg,unknown SIM timing: every 10th numeric-sorted frame + first/last (mandatory endpoints may exceed 10% for n<20),,1,1,r1--tick1--pan1500.jpg,r1--tick1--pan1500.jpg
2026-09-26-zone-own-perception-v3/test-frames/frames/zone_wide_door-s271-grasp_long_beam@grasp_look_v3,r1--tick2--pan1#.jpg,unknown SIM timing: every 10th numeric-sorted frame + first/last (mandatory endpoints may exceed 10% for n<20),,1,1,r1--tick2--pan1500.jpg,r1--tick2--pan1500.jpg
2026-09-26-zone-own-perception-v3/test-frames/frames/zone_wide_door-s271-grasp_tri_frame@approach_look_v2,r1--tick0--pan1#.jpg,unknown SIM timing: every 10th numeric-sorted frame + first/last (mandatory endpoints may exceed 10% for n<20),,1,1,r1--tick0--pan1500.jpg,r1--tick0--pan1500.jpg
2026-09-26-zone-own-perception-v3/test-frames/frames/zone_wide_door-s271-grasp_tri_frame@approach_look_v2,r1--tick1--pan1#.jpg,unknown SIM timing: every 10th numeric-sorted frame + first/last (mandatory endpoints may exceed 10% for n<20),,1,1,r1--tick1--pan1500.jpg,r1--tick1--pan1500.jpg
2026-09-26-zone-own-perception-v3/test-frames/frames/zone_wide_door-s271-grasp_tri_frame@approach_look_v2,r1--tick2--pan1#.jpg,unknown SIM timing: every 10th numeric-sorted frame + first/last (mandatory endpoints may exceed 10% for n<20),,1,1,r1--tick2--pan1500.jpg,r1--tick2--pan1500.jpg
2026-09-26-zone-own-perception-v3/test-frames/frames/zone_wide_door-s271-grasp_tri_frame@grasp_look_v3,r1--tick0--pan1#.jpg,unknown SIM timing: every 10th numeric-sorted frame + first/last (mandatory endpoints may exceed 10% for n<20),,1,1,r1--tick0--pan1500.jpg,r1--tick0--pan1500.jpg
2026-09-26-zone-own-perception-v3/test-frames/frames/zone_wide_door-s271-grasp_tri_frame@grasp_look_v3,r1--tick1--pan1#.jpg,unknown SIM timing: every 10th numeric-sorted frame + first/last (mandatory endpoints may exceed 10% for n<20),,1,1,r1--tick1--pan1500.jpg,r1--tick1--pan1500.jpg
2026-09-26-zone-own-perception-v3/test-frames/frames/zone_wide_door-s271-grasp_tri_frame@grasp_look_v3,r1--tick2--pan1#.jpg,unknown SIM timing: every 10th numeric-sorted frame + first/last (mandatory endpoints may exceed 10% for n<20),,1,1,r1--tick2--pan1500.jpg,r1--tick2--pan1500.jpg
2026-09-26-zone-own-perception-v3/test-frames/frames/zone_wide_door-s271-grasp_wrong_kind@approach_look_v2,r1--tick0--pan1#.jpg,unknown SIM timing: every 10th numeric-sorted frame + first/last (mandatory endpoints may exceed 10% for n<20),,1,1,r1--tick0--pan1500.jpg,r1--tick0--pan1500.jpg
2026-09-26-zone-own-perception-v3/test-frames/frames/zone_wide_door-s271-grasp_wrong_kind@approach_look_v2,r1--tick1--pan1#.jpg,unknown SIM timing: every 10th numeric-sorted frame + first/last (mandatory endpoints may exceed 10% for n<20),,1,1,r1--tick1--pan1500.jpg,r1--tick1--pan1500.jpg
2026-09-26-zone-own-perception-v3/test-frames/frames/zone_wide_door-s271-grasp_wrong_kind@approach_look_v2,r1--tick2--pan1#.jpg,unknown SIM timing: every 10th numeric-sorted frame + first/last (mandatory endpoints may exceed 10% for n<20),,1,1,r1--tick2--pan1500.jpg,r1--tick2--pan1500.jpg
2026-09-26-zone-own-perception-v3/test-frames/frames/zone_wide_door-s271-grasp_wrong_kind@grasp_look_v3,r1--tick0--pan1#.jpg,unknown SIM timing: every 10th numeric-sorted frame + first/last (mandatory endpoints may exceed 10% for n<20),,1,1,r1--tick0--pan1500.jpg,r1--tick0--pan1500.jpg
2026-09-26-zone-own-perception-v3/test-frames/frames/zone_wide_door-s271-grasp_wrong_kind@grasp_look_v3,r1--tick1--pan1#.jpg,unknown SIM timing: every 10th numeric-sorted frame + first/last (mandatory endpoints may exceed 10% for n<20),,1,1,r1--tick1--pan1500.jpg,r1--tick1--pan1500.jpg
2026-09-26-zone-own-perception-v3/test-frames/frames/zone_wide_door-s271-grasp_wrong_kind@grasp_look_v3,r1--tick2--pan1#.jpg,unknown SIM timing: every 10th numeric-sorted frame + first/last (mandatory endpoints may exceed 10% for n<20),,1,1,r1--tick2--pan1500.jpg,r1--tick2--pan1500.jpg
2026-09-26-zone-own-perception-v3/test-frames/frames/zone_wide_door-s271-held_box_carry,r1--tick0--pan1#.jpg,unknown SIM timing: every 10th numeric-sorted frame + first/last (mandatory endpoints may exceed 10% for n<20),,1,1,r1--tick0--pan1500.jpg,r1--tick0--pan1500.jpg
2026-09-26-zone-own-perception-v3/test-frames/frames/zone_wide_door-s271-held_box_carry,r1--tick1--pan1#.jpg,unknown SIM timing: every 10th numeric-sorted frame + first/last (mandatory endpoints may exceed 10% for n<20),,1,1,r1--tick1--pan1500.jpg,r1--tick1--pan1500.jpg
2026-09-26-zone-own-perception-v3/test-frames/frames/zone_wide_door-s271-held_box_carry,r1--tick2--pan1#.jpg,unknown SIM timing: every 10th numeric-sorted frame + first/last (mandatory endpoints may exceed 10% for n<20),,1,1,r1--tick2--pan1500.jpg,r1--tick2--pan1500.jpg
2026-09-26-zone-own-perception-v3/test-frames/frames/zone_wide_door-s271-held_box_held_check,r1--tick0--pan1#.jpg,unknown SIM timing: every 10th numeric-sorted frame + first/last (mandatory endpoints may exceed 10% for n<20),,1,1,r1--tick0--pan1500.jpg,r1--tick0--pan1500.jpg
2026-09-26-zone-own-perception-v3/test-frames/frames/zone_wide_door-s271-held_box_held_check,r1--tick1--pan1#.jpg,unknown SIM timing: every 10th numeric-sorted frame + first/last (mandatory endpoints may exceed 10% for n<20),,1,1,r1--tick1--pan1500.jpg,r1--tick1--pan1500.jpg
2026-09-26-zone-own-perception-v3/test-frames/frames/zone_wide_door-s271-held_box_held_check,r1--tick2--pan1#.jpg,unknown SIM timing: every 10th numeric-sorted frame + first/last (mandatory endpoints may exceed 10% for n<20),,1,1,r1--tick2--pan1500.jpg,r1--tick2--pan1500.jpg
2026-09-26-zone-own-perception-v3/test-frames/frames/zone_wide_door-s271-held_can,r1--tick0--pan1#.jpg,unknown SIM timing: every 10th numeric-sorted frame + first/last (mandatory endpoints may exceed 10% for n<20),,1,1,r1--tick0--pan1500.jpg,r1--tick0--pan1500.jpg
2026-09-26-zone-own-perception-v3/test-frames/frames/zone_wide_door-s271-held_can,r1--tick1--pan1#.jpg,unknown SIM timing: every 10th numeric-sorted frame + first/last (mandatory endpoints may exceed 10% for n<20),,1,1,r1--tick1--pan1500.jpg,r1--tick1--pan1500.jpg
2026-09-26-zone-own-perception-v3/test-frames/frames/zone_wide_door-s271-held_can,r1--tick2--pan1#.jpg,unknown SIM timing: every 10th numeric-sorted frame + first/last (mandatory endpoints may exceed 10% for n<20),,1,1,r1--tick2--pan1500.jpg,r1--tick2--pan1500.jpg
2026-09-26-zone-own-perception-v3/test-frames/frames/zone_wide_door-s271-held_can_absent,r1--tick0--pan1#.jpg,unknown SIM timing: every 10th numeric-sorted frame + first/last (mandatory endpoints may exceed 10% for n<20),,1,1,r1--tick0--pan1500.jpg,r1--tick0--pan1500.jpg
2026-09-26-zone-own-perception-v3/test-frames/frames/zone_wide_door-s271-held_can_absent,r1--tick1--pan1#.jpg,unknown SIM timing: every 10th numeric-sorted frame + first/last (mandatory endpoints may exceed 10% for n<20),,1,1,r1--tick1--pan1500.jpg,r1--tick1--pan1500.jpg
2026-09-26-zone-own-perception-v3/test-frames/frames/zone_wide_door-s271-held_can_absent,r1--tick2--pan1#.jpg,unknown SIM timing: every 10th numeric-sorted frame + first/last (mandatory endpoints may exceed 10% for n<20),,1,1,r1--tick2--pan1500.jpg,r1--tick2--pan1500.jpg
2026-09-26-zone-own-perception-v3/test-frames/frames/zone_wide_door-s271-held_can_carry,r1--tick0--pan1#.jpg,unknown SIM timing: every 10th numeric-sorted frame + first/last (mandatory endpoints may exceed 10% for n<20),,1,1,r1--tick0--pan1500.jpg,r1--tick0--pan1500.jpg
2026-09-26-zone-own-perception-v3/test-frames/frames/zone_wide_door-s271-held_can_carry,r1--tick1--pan1#.jpg,unknown SIM timing: every 10th numeric-sorted frame + first/last (mandatory endpoints may exceed 10% for n<20),,1,1,r1--tick1--pan1500.jpg,r1--tick1--pan1500.jpg
2026-09-26-zone-own-perception-v3/test-frames/frames/zone_wide_door-s271-held_can_carry,r1--tick2--pan1#.jpg,unknown SIM timing: every 10th numeric-sorted frame + first/last (mandatory endpoints may exceed 10% for n<20),,1,1,r1--tick2--pan1500.jpg,r1--tick2--pan1500.jpg
2026-09-26-zone-own-perception-v3/test-frames/frames/zone_wide_door-s271-held_can_wrong_kind,r1--tick0--pan1#.jpg,unknown SIM timing: every 10th numeric-sorted frame + first/last (mandatory endpoints may exceed 10% for n<20),,1,1,r1--tick0--pan1500.jpg,r1--tick0--pan1500.jpg
2026-09-26-zone-own-perception-v3/test-frames/frames/zone_wide_door-s271-held_can_wrong_kind,r1--tick1--pan1#.jpg,unknown SIM timing: every 10th numeric-sorted frame + first/last (mandatory endpoints may exceed 10% for n<20),,1,1,r1--tick1--pan1500.jpg,r1--tick1--pan1500.jpg
2026-09-26-zone-own-perception-v3/test-frames/frames/zone_wide_door-s271-held_can_wrong_kind,r1--tick2--pan1#.jpg,unknown SIM timing: every 10th numeric-sorted frame + first/last (mandatory endpoints may exceed 10% for n<20),,1,1,r1--tick2--pan1500.jpg,r1--tick2--pan1500.jpg
2026-09-26-zone-own-perception-v3/test-frames/frames/zone_wide_door-s271-held_nothing_carry,r1--tick0--pan1#.jpg,unknown SIM timing: every 10th numeric-sorted frame + first/last (mandatory endpoints may exceed 10% for n<20),,1,1,r1--tick0--pan1500.jpg,r1--tick0--pan1500.jpg
2026-09-26-zone-own-perception-v3/test-frames/frames/zone_wide_door-s271-held_nothing_carry,r1--tick1--pan1#.jpg,unknown SIM timing: every 10th numeric-sorted frame + first/last (mandatory endpoints may exceed 10% for n<20),,1,1,r1--tick1--pan1500.jpg,r1--tick1--pan1500.jpg
2026-09-26-zone-own-perception-v3/test-frames/frames/zone_wide_door-s271-held_nothing_carry,r1--tick2--pan1#.jpg,unknown SIM timing: every 10th numeric-sorted frame + first/last (mandatory endpoints may exceed 10% for n<20),,1,1,r1--tick2--pan1500.jpg,r1--tick2--pan1500.jpg
2026-09-26-zone-own-perception-v3/test-frames/frames/zone_wide_door-s271-held_tile_carry,r1--tick0--pan1#.jpg,unknown SIM timing: every 10th numeric-sorted frame + first/last (mandatory endpoints may exceed 10% for n<20),,1,1,r1--tick0--pan1500.jpg,r1--tick0--pan1500.jpg
2026-09-26-zone-own-perception-v3/test-frames/frames/zone_wide_door-s271-held_tile_carry,r1--tick1--pan1#.jpg,unknown SIM timing: every 10th numeric-sorted frame + first/last (mandatory endpoints may exceed 10% for n<20),,1,1,r1--tick1--pan1500.jpg,r1--tick1--pan1500.jpg
2026-09-26-zone-own-perception-v3/test-frames/frames/zone_wide_door-s271-held_tile_carry,r1--tick2--pan1#.jpg,unknown SIM timing: every 10th numeric-sorted frame + first/last (mandatory endpoints may exceed 10% for n<20),,1,1,r1--tick2--pan1500.jpg,r1--tick2--pan1500.jpg
2026-09-26-zone-own-perception-v3/test-frames/frames/zone_wide_door-s271-held_tile_expect_box_carry,r1--tick0--pan1#.jpg,unknown SIM timing: every 10th numeric-sorted frame + first/last (mandatory endpoints may exceed 10% for n<20),,1,1,r1--tick0--pan1500.jpg,r1--tick0--pan1500.jpg
2026-09-26-zone-own-perception-v3/test-frames/frames/zone_wide_door-s271-held_tile_expect_box_carry,r1--tick1--pan1#.jpg,unknown SIM timing: every 10th numeric-sorted frame + first/last (mandatory endpoints may exceed 10% for n<20),,1,1,r1--tick1--pan1500.jpg,r1--tick1--pan1500.jpg
2026-09-26-zone-own-perception-v3/test-frames/frames/zone_wide_door-s271-held_tile_expect_box_carry,r1--tick2--pan1#.jpg,unknown SIM timing: every 10th numeric-sorted frame + first/last (mandatory endpoints may exceed 10% for n<20),,1,1,r1--tick2--pan1500.jpg,r1--tick2--pan1500.jpg
2026-09-26-zone-own-perception-v3/test-frames/frames/zone_wide_door-s271-wrong_end_long_beam@approach_look_v2,r1--tick0--pan1#.jpg,unknown SIM timing: every 10th numeric-sorted frame + first/last (mandatory endpoints may exceed 10% for n<20),,1,1,r1--tick0--pan1500.jpg,r1--tick0--pan1500.jpg
2026-09-26-zone-own-perception-v3/test-frames/frames/zone_wide_door-s271-wrong_end_long_beam@approach_look_v2,r1--tick1--pan1#.jpg,unknown SIM timing: every 10th numeric-sorted frame + first/last (mandatory endpoints may exceed 10% for n<20),,1,1,r1--tick1--pan1500.jpg,r1--tick1--pan1500.jpg
2026-09-26-zone-own-perception-v3/test-frames/frames/zone_wide_door-s271-wrong_end_long_beam@approach_look_v2,r1--tick2--pan1#.jpg,unknown SIM timing: every 10th numeric-sorted frame + first/last (mandatory endpoints may exceed 10% for n<20),,1,1,r1--tick2--pan1500.jpg,r1--tick2--pan1500.jpg
2026-09-26-zone-own-perception-v3/test-frames/frames/zone_wide_door-s271-wrong_end_long_beam@grasp_look_v3,r1--tick0--pan1#.jpg,unknown SIM timing: every 10th numeric-sorted frame + first/last (mandatory endpoints may exceed 10% for n<20),,1,1,r1--tick0--pan1500.jpg,r1--tick0--pan1500.jpg
2026-09-26-zone-own-perception-v3/test-frames/frames/zone_wide_door-s271-wrong_end_long_beam@grasp_look_v3,r1--tick1--pan1#.jpg,unknown SIM timing: every 10th numeric-sorted frame + first/last (mandatory endpoints may exceed 10% for n<20),,1,1,r1--tick1--pan1500.jpg,r1--tick1--pan1500.jpg
2026-09-26-zone-own-perception-v3/test-frames/frames/zone_wide_door-s271-wrong_end_long_beam@grasp_look_v3,r1--tick2--pan1#.jpg,unknown SIM timing: every 10th numeric-sorted frame + first/last (mandatory endpoints may exceed 10% for n<20),,1,1,r1--tick2--pan1500.jpg,r1--tick2--pan1500.jpg
2026-09-26-zone-own-perception-v3/test-frames/frames/zone_wide_two_doors-s273-carry_beam_expect_crate,r1--tick0--pan1#.jpg,unknown SIM timing: every 10th numeric-sorted frame + first/last (mandatory endpoints may exceed 10% for n<20),,1,1,r1--tick0--pan1500.jpg,r1--tick0--pan1500.jpg
2026-09-26-zone-own-perception-v3/test-frames/frames/zone_wide_two_doors-s273-carry_beam_expect_crate,r1--tick1--pan1#.jpg,unknown SIM timing: every 10th numeric-sorted frame + first/last (mandatory endpoints may exceed 10% for n<20),,1,1,r1--tick1--pan1500.jpg,r1--tick1--pan1500.jpg
2026-09-26-zone-own-perception-v3/test-frames/frames/zone_wide_two_doors-s273-carry_beam_expect_crate,r1--tick2--pan1#.jpg,unknown SIM timing: every 10th numeric-sorted frame + first/last (mandatory endpoints may exceed 10% for n<20),,1,1,r1--tick2--pan1500.jpg,r1--tick2--pan1500.jpg
2026-09-26-zone-own-perception-v3/test-frames/frames/zone_wide_two_doors-s273-carry_crate_expect_beam,r1--tick0--pan1#.jpg,unknown SIM timing: every 10th numeric-sorted frame + first/last (mandatory endpoints may exceed 10% for n<20),,1,1,r1--tick0--pan1500.jpg,r1--tick0--pan1500.jpg
2026-09-26-zone-own-perception-v3/test-frames/frames/zone_wide_two_doors-s273-carry_crate_expect_beam,r1--tick1--pan1#.jpg,unknown SIM timing: every 10th numeric-sorted frame + first/last (mandatory endpoints may exceed 10% for n<20),,1,1,r1--tick1--pan1500.jpg,r1--tick1--pan1500.jpg
2026-09-26-zone-own-perception-v3/test-frames/frames/zone_wide_two_doors-s273-carry_crate_expect_beam,r1--tick2--pan1#.jpg,unknown SIM timing: every 10th numeric-sorted frame + first/last (mandatory endpoints may exceed 10% for n<20),,1,1,r1--tick2--pan1500.jpg,r1--tick2--pan1500.jpg
2026-09-26-zone-own-perception-v3/test-frames/frames/zone_wide_two_doors-s273-carry_heavy_crate,r1--tick0--pan1#.jpg,unknown SIM timing: every 10th numeric-sorted frame + first/last (mandatory endpoints may exceed 10% for n<20),,1,1,r1--tick0--pan1500.jpg,r1--tick0--pan1500.jpg
2026-09-26-zone-own-perception-v3/test-frames/frames/zone_wide_two_doors-s273-carry_heavy_crate,r1--tick1--pan1#.jpg,unknown SIM timing: every 10th numeric-sorted frame + first/last (mandatory endpoints may exceed 10% for n<20),,1,1,r1--tick1--pan1500.jpg,r1--tick1--pan1500.jpg
2026-09-26-zone-own-perception-v3/test-frames/frames/zone_wide_two_doors-s273-carry_heavy_crate,r1--tick2--pan1#.jpg,unknown SIM timing: every 10th numeric-sorted frame + first/last (mandatory endpoints may exceed 10% for n<20),,1,1,r1--tick2--pan1500.jpg,r1--tick2--pan1500.jpg
2026-09-26-zone-own-perception-v3/test-frames/frames/zone_wide_two_doors-s273-carry_long_beam,r1--tick0--pan1#.jpg,unknown SIM timing: every 10th numeric-sorted frame + first/last (mandatory endpoints may exceed 10% for n<20),,1,1,r1--tick0--pan1500.jpg,r1--tick0--pan1500.jpg
2026-09-26-zone-own-perception-v3/test-frames/frames/zone_wide_two_doors-s273-carry_long_beam,r1--tick1--pan1#.jpg,unknown SIM timing: every 10th numeric-sorted frame + first/last (mandatory endpoints may exceed 10% for n<20),,1,1,r1--tick1--pan1500.jpg,r1--tick1--pan1500.jpg
2026-09-26-zone-own-perception-v3/test-frames/frames/zone_wide_two_doors-s273-carry_long_beam,r1--tick2--pan1#.jpg,unknown SIM timing: every 10th numeric-sorted frame + first/last (mandatory endpoints may exceed 10% for n<20),,1,1,r1--tick2--pan1500.jpg,r1--tick2--pan1500.jpg
2026-09-26-zone-own-perception-v3/test-frames/frames/zone_wide_two_doors-s273-carry_nothing_expect_crate,r1--tick0--pan1#.jpg,unknown SIM timing: every 10th numeric-sorted frame + first/last (mandatory endpoints may exceed 10% for n<20),,1,1,r1--tick0--pan1500.jpg,r1--tick0--pan1500.jpg
2026-09-26-zone-own-perception-v3/test-frames/frames/zone_wide_two_doors-s273-carry_nothing_expect_crate,r1--tick1--pan1#.jpg,unknown SIM timing: every 10th numeric-sorted frame + first/last (mandatory endpoints may exceed 10% for n<20),,1,1,r1--tick1--pan1500.jpg,r1--tick1--pan1500.jpg
2026-09-26-zone-own-perception-v3/test-frames/frames/zone_wide_two_doors-s273-carry_nothing_expect_crate,r1--tick2--pan1#.jpg,unknown SIM timing: every 10th numeric-sorted frame + first/last (mandatory endpoints may exceed 10% for n<20),,1,1,r1--tick2--pan1500.jpg,r1--tick2--pan1500.jpg
2026-09-26-zone-own-perception-v3/test-frames/frames/zone_wide_two_doors-s273-carry_tri_frame,r1--tick0--pan1#.jpg,unknown SIM timing: every 10th numeric-sorted frame + first/last (mandatory endpoints may exceed 10% for n<20),,1,1,r1--tick0--pan1500.jpg,r1--tick0--pan1500.jpg
2026-09-26-zone-own-perception-v3/test-frames/frames/zone_wide_two_doors-s273-carry_tri_frame,r1--tick1--pan1#.jpg,unknown SIM timing: every 10th numeric-sorted frame + first/last (mandatory endpoints may exceed 10% for n<20),,1,1,r1--tick1--pan1500.jpg,r1--tick1--pan1500.jpg
2026-09-26-zone-own-perception-v3/test-frames/frames/zone_wide_two_doors-s273-carry_tri_frame,r1--tick2--pan1#.jpg,unknown SIM timing: every 10th numeric-sorted frame + first/last (mandatory endpoints may exceed 10% for n<20),,1,1,r1--tick2--pan1500.jpg,r1--tick2--pan1500.jpg
2026-09-26-zone-own-perception-v3/test-frames/frames/zone_wide_two_doors-s273-grasp_heavy_crate@approach_look_v2,r1--tick0--pan1#.jpg,unknown SIM timing: every 10th numeric-sorted frame + first/last (mandatory endpoints may exceed 10% for n<20),,1,1,r1--tick0--pan1500.jpg,r1--tick0--pan1500.jpg
2026-09-26-zone-own-perception-v3/test-frames/frames/zone_wide_two_doors-s273-grasp_heavy_crate@approach_look_v2,r1--tick1--pan1#.jpg,unknown SIM timing: every 10th numeric-sorted frame + first/last (mandatory endpoints may exceed 10% for n<20),,1,1,r1--tick1--pan1500.jpg,r1--tick1--pan1500.jpg
2026-09-26-zone-own-perception-v3/test-frames/frames/zone_wide_two_doors-s273-grasp_heavy_crate@approach_look_v2,r1--tick2--pan1#.jpg,unknown SIM timing: every 10th numeric-sorted frame + first/last (mandatory endpoints may exceed 10% for n<20),,1,1,r1--tick2--pan1500.jpg,r1--tick2--pan1500.jpg
2026-09-26-zone-own-perception-v3/test-frames/frames/zone_wide_two_doors-s273-grasp_heavy_crate@grasp_look_v3,r1--tick0--pan1#.jpg,unknown SIM timing: every 10th numeric-sorted frame + first/last (mandatory endpoints may exceed 10% for n<20),,1,1,r1--tick0--pan1500.jpg,r1--tick0--pan1500.jpg
2026-09-26-zone-own-perception-v3/test-frames/frames/zone_wide_two_doors-s273-grasp_heavy_crate@grasp_look_v3,r1--tick1--pan1#.jpg,unknown SIM timing: every 10th numeric-sorted frame + first/last (mandatory endpoints may exceed 10% for n<20),,1,1,r1--tick1--pan1500.jpg,r1--tick1--pan1500.jpg
2026-09-26-zone-own-perception-v3/test-frames/frames/zone_wide_two_doors-s273-grasp_heavy_crate@grasp_look_v3,r1--tick2--pan1#.jpg,unknown SIM timing: every 10th numeric-sorted frame + first/last (mandatory endpoints may exceed 10% for n<20),,1,1,r1--tick2--pan1500.jpg,r1--tick2--pan1500.jpg
2026-09-26-zone-own-perception-v3/test-frames/frames/zone_wide_two_doors-s273-grasp_long_beam@approach_look_v2,r1--tick0--pan1#.jpg,unknown SIM timing: every 10th numeric-sorted frame + first/last (mandatory endpoints may exceed 10% for n<20),,1,1,r1--tick0--pan1500.jpg,r1--tick0--pan1500.jpg
2026-09-26-zone-own-perception-v3/test-frames/frames/zone_wide_two_doors-s273-grasp_long_beam@approach_look_v2,r1--tick1--pan1#.jpg,unknown SIM timing: every 10th numeric-sorted frame + first/last (mandatory endpoints may exceed 10% for n<20),,1,1,r1--tick1--pan1500.jpg,r1--tick1--pan1500.jpg
2026-09-26-zone-own-perception-v3/test-frames/frames/zone_wide_two_doors-s273-grasp_long_beam@approach_look_v2,r1--tick2--pan1#.jpg,unknown SIM timing: every 10th numeric-sorted frame + first/last (mandatory endpoints may exceed 10% for n<20),,1,1,r1--tick2--pan1500.jpg,r1--tick2--pan1500.jpg
2026-09-26-zone-own-perception-v3/test-frames/frames/zone_wide_two_doors-s273-grasp_long_beam@grasp_look_v3,r1--tick0--pan1#.jpg,unknown SIM timing: every 10th numeric-sorted frame + first/last (mandatory endpoints may exceed 10% for n<20),,1,1,r1--tick0--pan1500.jpg,r1--tick0--pan1500.jpg
2026-09-26-zone-own-perception-v3/test-frames/frames/zone_wide_two_doors-s273-grasp_long_beam@grasp_look_v3,r1--tick1--pan1#.jpg,unknown SIM timing: every 10th numeric-sorted frame + first/last (mandatory endpoints may exceed 10% for n<20),,1,1,r1--tick1--pan1500.jpg,r1--tick1--pan1500.jpg
2026-09-26-zone-own-perception-v3/test-frames/frames/zone_wide_two_doors-s273-grasp_long_beam@grasp_look_v3,r1--tick2--pan1#.jpg,unknown SIM timing: every 10th numeric-sorted frame + first/last (mandatory endpoints may exceed 10% for n<20),,1,1,r1--tick2--pan1500.jpg,r1--tick2--pan1500.jpg
2026-09-26-zone-own-perception-v3/test-frames/frames/zone_wide_two_doors-s273-grasp_tri_frame@approach_look_v2,r1--tick0--pan1#.jpg,unknown SIM timing: every 10th numeric-sorted frame + first/last (mandatory endpoints may exceed 10% for n<20),,1,1,r1--tick0--pan1500.jpg,r1--tick0--pan1500.jpg
2026-09-26-zone-own-perception-v3/test-frames/frames/zone_wide_two_doors-s273-grasp_tri_frame@approach_look_v2,r1--tick1--pan1#.jpg,unknown SIM timing: every 10th numeric-sorted frame + first/last (mandatory endpoints may exceed 10% for n<20),,1,1,r1--tick1--pan1500.jpg,r1--tick1--pan1500.jpg
2026-09-26-zone-own-perception-v3/test-frames/frames/zone_wide_two_doors-s273-grasp_tri_frame@approach_look_v2,r1--tick2--pan1#.jpg,unknown SIM timing: every 10th numeric-sorted frame + first/last (mandatory endpoints may exceed 10% for n<20),,1,1,r1--tick2--pan1500.jpg,r1--tick2--pan1500.jpg
2026-09-26-zone-own-perception-v3/test-frames/frames/zone_wide_two_doors-s273-grasp_tri_frame@grasp_look_v3,r1--tick0--pan1#.jpg,unknown SIM timing: every 10th numeric-sorted frame + first/last (mandatory endpoints may exceed 10% for n<20),,1,1,r1--tick0--pan1500.jpg,r1--tick0--pan1500.jpg
2026-09-26-zone-own-perception-v3/test-frames/frames/zone_wide_two_doors-s273-grasp_tri_frame@grasp_look_v3,r1--tick1--pan1#.jpg,unknown SIM timing: every 10th numeric-sorted frame + first/last (mandatory endpoints may exceed 10% for n<20),,1,1,r1--tick1--pan1500.jpg,r1--tick1--pan1500.jpg
2026-09-26-zone-own-perception-v3/test-frames/frames/zone_wide_two_doors-s273-grasp_tri_frame@grasp_look_v3,r1--tick2--pan1#.jpg,unknown SIM timing: every 10th numeric-sorted frame + first/last (mandatory endpoints may exceed 10% for n<20),,1,1,r1--tick2--pan1500.jpg,r1--tick2--pan1500.jpg
2026-09-26-zone-own-perception-v3/test-frames/frames/zone_wide_two_doors-s273-grasp_wrong_kind@approach_look_v2,r1--tick0--pan1#.jpg,unknown SIM timing: every 10th numeric-sorted frame + first/last (mandatory endpoints may exceed 10% for n<20),,1,1,r1--tick0--pan1500.jpg,r1--tick0--pan1500.jpg
2026-09-26-zone-own-perception-v3/test-frames/frames/zone_wide_two_doors-s273-grasp_wrong_kind@approach_look_v2,r1--tick1--pan1#.jpg,unknown SIM timing: every 10th numeric-sorted frame + first/last (mandatory endpoints may exceed 10% for n<20),,1,1,r1--tick1--pan1500.jpg,r1--tick1--pan1500.jpg
2026-09-26-zone-own-perception-v3/test-frames/frames/zone_wide_two_doors-s273-grasp_wrong_kind@approach_look_v2,r1--tick2--pan1#.jpg,unknown SIM timing: every 10th numeric-sorted frame + first/last (mandatory endpoints may exceed 10% for n<20),,1,1,r1--tick2--pan1500.jpg,r1--tick2--pan1500.jpg
2026-09-26-zone-own-perception-v3/test-frames/frames/zone_wide_two_doors-s273-grasp_wrong_kind@grasp_look_v3,r1--tick0--pan1#.jpg,unknown SIM timing: every 10th numeric-sorted frame + first/last (mandatory endpoints may exceed 10% for n<20),,1,1,r1--tick0--pan1500.jpg,r1--tick0--pan1500.jpg
2026-09-26-zone-own-perception-v3/test-frames/frames/zone_wide_two_doors-s273-grasp_wrong_kind@grasp_look_v3,r1--tick1--pan1#.jpg,unknown SIM timing: every 10th numeric-sorted frame + first/last (mandatory endpoints may exceed 10% for n<20),,1,1,r1--tick1--pan1500.jpg,r1--tick1--pan1500.jpg
2026-09-26-zone-own-perception-v3/test-frames/frames/zone_wide_two_doors-s273-grasp_wrong_kind@grasp_look_v3,r1--tick2--pan1#.jpg,unknown SIM timing: every 10th numeric-sorted frame + first/last (mandatory endpoints may exceed 10% for n<20),,1,1,r1--tick2--pan1500.jpg,r1--tick2--pan1500.jpg
2026-09-26-zone-own-perception-v3/test-frames/frames/zone_wide_two_doors-s273-held_box_carry,r1--tick0--pan1#.jpg,unknown SIM timing: every 10th numeric-sorted frame + first/last (mandatory endpoints may exceed 10% for n<20),,1,1,r1--tick0--pan1500.jpg,r1--tick0--pan1500.jpg
2026-09-26-zone-own-perception-v3/test-frames/frames/zone_wide_two_doors-s273-held_box_carry,r1--tick1--pan1#.jpg,unknown SIM timing: every 10th numeric-sorted frame + first/last (mandatory endpoints may exceed 10% for n<20),,1,1,r1--tick1--pan1500.jpg,r1--tick1--pan1500.jpg
2026-09-26-zone-own-perception-v3/test-frames/frames/zone_wide_two_doors-s273-held_box_carry,r1--tick2--pan1#.jpg,unknown SIM timing: every 10th numeric-sorted frame + first/last (mandatory endpoints may exceed 10% for n<20),,1,1,r1--tick2--pan1500.jpg,r1--tick2--pan1500.jpg
2026-09-26-zone-own-perception-v3/test-frames/frames/zone_wide_two_doors-s273-held_box_held_check,r1--tick0--pan1#.jpg,unknown SIM timing: every 10th numeric-sorted frame + first/last (mandatory endpoints may exceed 10% for n<20),,1,1,r1--tick0--pan1500.jpg,r1--tick0--pan1500.jpg
2026-09-26-zone-own-perception-v3/test-frames/frames/zone_wide_two_doors-s273-held_box_held_check,r1--tick1--pan1#.jpg,unknown SIM timing: every 10th numeric-sorted frame + first/last (mandatory endpoints may exceed 10% for n<20),,1,1,r1--tick1--pan1500.jpg,r1--tick1--pan1500.jpg
2026-09-26-zone-own-perception-v3/test-frames/frames/zone_wide_two_doors-s273-held_box_held_check,r1--tick2--pan1#.jpg,unknown SIM timing: every 10th numeric-sorted frame + first/last (mandatory endpoints may exceed 10% for n<20),,1,1,r1--tick2--pan1500.jpg,r1--tick2--pan1500.jpg
2026-09-26-zone-own-perception-v3/test-frames/frames/zone_wide_two_doors-s273-held_can,r1--tick0--pan1#.jpg,unknown SIM timing: every 10th numeric-sorted frame + first/last (mandatory endpoints may exceed 10% for n<20),,1,1,r1--tick0--pan1500.jpg,r1--tick0--pan1500.jpg
2026-09-26-zone-own-perception-v3/test-frames/frames/zone_wide_two_doors-s273-held_can,r1--tick1--pan1#.jpg,unknown SIM timing: every 10th numeric-sorted frame + first/last (mandatory endpoints may exceed 10% for n<20),,1,1,r1--tick1--pan1500.jpg,r1--tick1--pan1500.jpg
2026-09-26-zone-own-perception-v3/test-frames/frames/zone_wide_two_doors-s273-held_can,r1--tick2--pan1#.jpg,unknown SIM timing: every 10th numeric-sorted frame + first/last (mandatory endpoints may exceed 10% for n<20),,1,1,r1--tick2--pan1500.jpg,r1--tick2--pan1500.jpg
2026-09-26-zone-own-perception-v3/test-frames/frames/zone_wide_two_doors-s273-held_can_absent,r1--tick0--pan1#.jpg,unknown SIM timing: every 10th numeric-sorted frame + first/last (mandatory endpoints may exceed 10% for n<20),,1,1,r1--tick0--pan1500.jpg,r1--tick0--pan1500.jpg
2026-09-26-zone-own-perception-v3/test-frames/frames/zone_wide_two_doors-s273-held_can_absent,r1--tick1--pan1#.jpg,unknown SIM timing: every 10th numeric-sorted frame + first/last (mandatory endpoints may exceed 10% for n<20),,1,1,r1--tick1--pan1500.jpg,r1--tick1--pan1500.jpg
2026-09-26-zone-own-perception-v3/test-frames/frames/zone_wide_two_doors-s273-held_can_absent,r1--tick2--pan1#.jpg,unknown SIM timing: every 10th numeric-sorted frame + first/last (mandatory endpoints may exceed 10% for n<20),,1,1,r1--tick2--pan1500.jpg,r1--tick2--pan1500.jpg
2026-09-26-zone-own-perception-v3/test-frames/frames/zone_wide_two_doors-s273-held_can_carry,r1--tick0--pan1#.jpg,unknown SIM timing: every 10th numeric-sorted frame + first/last (mandatory endpoints may exceed 10% for n<20),,1,1,r1--tick0--pan1500.jpg,r1--tick0--pan1500.jpg
2026-09-26-zone-own-perception-v3/test-frames/frames/zone_wide_two_doors-s273-held_can_carry,r1--tick1--pan1#.jpg,unknown SIM timing: every 10th numeric-sorted frame + first/last (mandatory endpoints may exceed 10% for n<20),,1,1,r1--tick1--pan1500.jpg,r1--tick1--pan1500.jpg
2026-09-26-zone-own-perception-v3/test-frames/frames/zone_wide_two_doors-s273-held_can_carry,r1--tick2--pan1#.jpg,unknown SIM timing: every 10th numeric-sorted frame + first/last (mandatory endpoints may exceed 10% for n<20),,1,1,r1--tick2--pan1500.jpg,r1--tick2--pan1500.jpg
2026-09-26-zone-own-perception-v3/test-frames/frames/zone_wide_two_doors-s273-held_can_wrong_kind,r1--tick0--pan1#.jpg,unknown SIM timing: every 10th numeric-sorted frame + first/last (mandatory endpoints may exceed 10% for n<20),,1,1,r1--tick0--pan1500.jpg,r1--tick0--pan1500.jpg
2026-09-26-zone-own-perception-v3/test-frames/frames/zone_wide_two_doors-s273-held_can_wrong_kind,r1--tick1--pan1#.jpg,unknown SIM timing: every 10th numeric-sorted frame + first/last (mandatory endpoints may exceed 10% for n<20),,1,1,r1--tick1--pan1500.jpg,r1--tick1--pan1500.jpg
2026-09-26-zone-own-perception-v3/test-frames/frames/zone_wide_two_doors-s273-held_can_wrong_kind,r1--tick2--pan1#.jpg,unknown SIM timing: every 10th numeric-sorted frame + first/last (mandatory endpoints may exceed 10% for n<20),,1,1,r1--tick2--pan1500.jpg,r1--tick2--pan1500.jpg
2026-09-26-zone-own-perception-v3/test-frames/frames/zone_wide_two_doors-s273-held_nothing_carry,r1--tick0--pan1#.jpg,unknown SIM timing: every 10th numeric-sorted frame + first/last (mandatory endpoints may exceed 10% for n<20),,1,1,r1--tick0--pan1500.jpg,r1--tick0--pan1500.jpg
2026-09-26-zone-own-perception-v3/test-frames/frames/zone_wide_two_doors-s273-held_nothing_carry,r1--tick1--pan1#.jpg,unknown SIM timing: every 10th numeric-sorted frame + first/last (mandatory endpoints may exceed 10% for n<20),,1,1,r1--tick1--pan1500.jpg,r1--tick1--pan1500.jpg
2026-09-26-zone-own-perception-v3/test-frames/frames/zone_wide_two_doors-s273-held_nothing_carry,r1--tick2--pan1#.jpg,unknown SIM timing: every 10th numeric-sorted frame + first/last (mandatory endpoints may exceed 10% for n<20),,1,1,r1--tick2--pan1500.jpg,r1--tick2--pan1500.jpg
2026-09-26-zone-own-perception-v3/test-frames/frames/zone_wide_two_doors-s273-held_tile_carry,r1--tick0--pan1#.jpg,unknown SIM timing: every 10th numeric-sorted frame + first/last (mandatory endpoints may exceed 10% for n<20),,1,1,r1--tick0--pan1500.jpg,r1--tick0--pan1500.jpg
2026-09-26-zone-own-perception-v3/test-frames/frames/zone_wide_two_doors-s273-held_tile_carry,r1--tick1--pan1#.jpg,unknown SIM timing: every 10th numeric-sorted frame + first/last (mandatory endpoints may exceed 10% for n<20),,1,1,r1--tick1--pan1500.jpg,r1--tick1--pan1500.jpg
2026-09-26-zone-own-perception-v3/test-frames/frames/zone_wide_two_doors-s273-held_tile_carry,r1--tick2--pan1#.jpg,unknown SIM timing: every 10th numeric-sorted frame + first/last (mandatory endpoints may exceed 10% for n<20),,1,1,r1--tick2--pan1500.jpg,r1--tick2--pan1500.jpg
2026-09-26-zone-own-perception-v3/test-frames/frames/zone_wide_two_doors-s273-held_tile_expect_box_carry,r1--tick0--pan1#.jpg,unknown SIM timing: every 10th numeric-sorted frame + first/last (mandatory endpoints may exceed 10% for n<20),,1,1,r1--tick0--pan1500.jpg,r1--tick0--pan1500.jpg
2026-09-26-zone-own-perception-v3/test-frames/frames/zone_wide_two_doors-s273-held_tile_expect_box_carry,r1--tick1--pan1#.jpg,unknown SIM timing: every 10th numeric-sorted frame + first/last (mandatory endpoints may exceed 10% for n<20),,1,1,r1--tick1--pan1500.jpg,r1--tick1--pan1500.jpg
2026-09-26-zone-own-perception-v3/test-frames/frames/zone_wide_two_doors-s273-held_tile_expect_box_carry,r1--tick2--pan1#.jpg,unknown SIM timing: every 10th numeric-sorted frame + first/last (mandatory endpoints may exceed 10% for n<20),,1,1,r1--tick2--pan1500.jpg,r1--tick2--pan1500.jpg
2026-09-26-zone-own-perception-v3/test-frames/frames/zone_wide_two_doors-s273-wrong_end_long_beam@approach_look_v2,r1--tick0--pan1#.jpg,unknown SIM timing: every 10th numeric-sorted frame + first/last (mandatory endpoints may exceed 10% for n<20),,1,1,r1--tick0--pan1500.jpg,r1--tick0--pan1500.jpg
2026-09-26-zone-own-perception-v3/test-frames/frames/zone_wide_two_doors-s273-wrong_end_long_beam@approach_look_v2,r1--tick1--pan1#.jpg,unknown SIM timing: every 10th numeric-sorted frame + first/last (mandatory endpoints may exceed 10% for n<20),,1,1,r1--tick1--pan1500.jpg,r1--tick1--pan1500.jpg
2026-09-26-zone-own-perception-v3/test-frames/frames/zone_wide_two_doors-s273-wrong_end_long_beam@approach_look_v2,r1--tick2--pan1#.jpg,unknown SIM timing: every 10th numeric-sorted frame + first/last (mandatory endpoints may exceed 10% for n<20),,1,1,r1--tick2--pan1500.jpg,r1--tick2--pan1500.jpg
2026-09-26-zone-own-perception-v3/test-frames/frames/zone_wide_two_doors-s273-wrong_end_long_beam@grasp_look_v3,r1--tick0--pan1#.jpg,unknown SIM timing: every 10th numeric-sorted frame + first/last (mandatory endpoints may exceed 10% for n<20),,1,1,r1--tick0--pan1500.jpg,r1--tick0--pan1500.jpg
2026-09-26-zone-own-perception-v3/test-frames/frames/zone_wide_two_doors-s273-wrong_end_long_beam@grasp_look_v3,r1--tick1--pan1#.jpg,unknown SIM timing: every 10th numeric-sorted frame + first/last (mandatory endpoints may exceed 10% for n<20),,1,1,r1--tick1--pan1500.jpg,r1--tick1--pan1500.jpg
2026-09-26-zone-own-perception-v3/test-frames/frames/zone_wide_two_doors-s273-wrong_end_long_beam@grasp_look_v3,r1--tick2--pan1#.jpg,unknown SIM timing: every 10th numeric-sorted frame + first/last (mandatory endpoints may exceed 10% for n<20),,1,1,r1--tick2--pan1500.jpg,r1--tick2--pan1500.jpg
2026-09-26-zone-own-perception/dev-frames-clean/eval-labels,zone_wide_corridor-s4#-block_unmapped_near--r1--tick0--pan1#.png,unknown SIM timing: every 10th numeric-sorted frame + first/last (mandatory endpoints may exceed 10% for n<20),,1,1,zone_wide_corridor-s42-block_unmapped_near--r1--tick0--pan1500.png,zone_wide_corridor-s42-block_unmapped_near--r1--tick0--pan1500.png
2026-09-26-zone-own-perception/dev-frames-clean/eval-labels,zone_wide_corridor-s4#-block_unmapped_near--r1--tick1--pan1#.png,unknown SIM timing: every 10th numeric-sorted frame + first/last (mandatory endpoints may exceed 10% for n<20),,1,1,zone_wide_corridor-s42-block_unmapped_near--r1--tick1--pan1500.png,zone_wide_corridor-s42-block_unmapped_near--r1--tick1--pan1500.png
2026-09-26-zone-own-perception/dev-frames-clean/eval-labels,zone_wide_corridor-s4#-block_unmapped_passage--r1--tick0--pan1#.png,unknown SIM timing: every 10th numeric-sorted frame + first/last (mandatory endpoints may exceed 10% for n<20),,1,1,zone_wide_corridor-s42-block_unmapped_passage--r1--tick0--pan1500.png,zone_wide_corridor-s42-block_unmapped_passage--r1--tick0--pan1500.png
2026-09-26-zone-own-perception/dev-frames-clean/eval-labels,zone_wide_corridor-s4#-block_unmapped_passage--r1--tick1--pan1#.png,unknown SIM timing: every 10th numeric-sorted frame + first/last (mandatory endpoints may exceed 10% for n<20),,1,1,zone_wide_corridor-s42-block_unmapped_passage--r1--tick1--pan1500.png,zone_wide_corridor-s42-block_unmapped_passage--r1--tick1--pan1500.png
2026-09-26-zone-own-perception/dev-frames-clean/eval-labels,zone_wide_corridor-s4#-clear_open--r1--tick0--pan1#.png,unknown SIM timing: every 10th numeric-sorted frame + first/last (mandatory endpoints may exceed 10% for n<20),,1,1,zone_wide_corridor-s42-clear_open--r1--tick0--pan1500.png,zone_wide_corridor-s42-clear_open--r1--tick0--pan1500.png
2026-09-26-zone-own-perception/dev-frames-clean/eval-labels,zone_wide_corridor-s4#-clear_open--r1--tick1--pan1#.png,unknown SIM timing: every 10th numeric-sorted frame + first/last (mandatory endpoints may exceed 10% for n<20),,1,1,zone_wide_corridor-s42-clear_open--r1--tick1--pan1500.png,zone_wide_corridor-s42-clear_open--r1--tick1--pan1500.png
2026-09-26-zone-own-perception/dev-frames-clean/eval-labels,zone_wide_corridor-s4#-clear_passage--r1--tick0--pan1#.png,unknown SIM timing: every 10th numeric-sorted frame + first/last (mandatory endpoints may exceed 10% for n<20),,1,1,zone_wide_corridor-s42-clear_passage--r1--tick0--pan1500.png,zone_wide_corridor-s42-clear_passage--r1--tick0--pan1500.png
2026-09-26-zone-own-perception/dev-frames-clean/eval-labels,zone_wide_corridor-s4#-clear_passage--r1--tick1--pan1#.png,unknown SIM timing: every 10th numeric-sorted frame + first/last (mandatory endpoints may exceed 10% for n<20),,1,1,zone_wide_corridor-s42-clear_passage--r1--tick1--pan1500.png,zone_wide_corridor-s42-clear_passage--r1--tick1--pan1500.png
2026-09-26-zone-own-perception/dev-frames-clean/eval-labels,zone_wide_corridor-s4#-hold_empty--r1--tick0--pan1#.png,unknown SIM timing: every 10th numeric-sorted frame + first/last (mandatory endpoints may exceed 10% for n<20),,1,1,zone_wide_corridor-s42-hold_empty--r1--tick0--pan1500.png,zone_wide_corridor-s42-hold_empty--r1--tick0--pan1500.png
2026-09-26-zone-own-perception/dev-frames-clean/eval-labels,zone_wide_corridor-s4#-hold_empty--r1--tick1--pan1#.png,unknown SIM timing: every 10th numeric-sorted frame + first/last (mandatory endpoints may exceed 10% for n<20),,1,1,zone_wide_corridor-s42-hold_empty--r1--tick1--pan1500.png,zone_wide_corridor-s42-hold_empty--r1--tick1--pan1500.png
2026-09-26-zone-own-perception/dev-frames-clean/eval-labels,zone_wide_corridor-s4#-hold_expected_box--r1--tick0--pan1#.png,unknown SIM timing: every 10th numeric-sorted frame + first/last (mandatory endpoints may exceed 10% for n<20),,1,1,zone_wide_corridor-s42-hold_expected_box--r1--tick0--pan1500.png,zone_wide_corridor-s42-hold_expected_box--r1--tick0--pan1500.png
2026-09-26-zone-own-perception/dev-frames-clean/eval-labels,zone_wide_corridor-s4#-hold_expected_box--r1--tick1--pan1#.png,unknown SIM timing: every 10th numeric-sorted frame + first/last (mandatory endpoints may exceed 10% for n<20),,1,1,zone_wide_corridor-s42-hold_expected_box--r1--tick1--pan1500.png,zone_wide_corridor-s42-hold_expected_box--r1--tick1--pan1500.png
2026-09-26-zone-own-perception/dev-frames-clean/eval-labels,zone_wide_corridor-s4#-hold_expected_can--r1--tick0--pan1#.png,unknown SIM timing: every 10th numeric-sorted frame + first/last (mandatory endpoints may exceed 10% for n<20),,1,1,zone_wide_corridor-s42-hold_expected_can--r1--tick0--pan1500.png,zone_wide_corridor-s42-hold_expected_can--r1--tick0--pan1500.png
2026-09-26-zone-own-perception/dev-frames-clean/eval-labels,zone_wide_corridor-s4#-hold_expected_can--r1--tick1--pan1#.png,unknown SIM timing: every 10th numeric-sorted frame + first/last (mandatory endpoints may exceed 10% for n<20),,1,1,zone_wide_corridor-s42-hold_expected_can--r1--tick1--pan1500.png,zone_wide_corridor-s42-hold_expected_can--r1--tick1--pan1500.png
2026-09-26-zone-own-perception/dev-frames-clean/eval-labels,zone_wide_corridor-s4#-hold_expected_tile--r1--tick0--pan1#.png,unknown SIM timing: every 10th numeric-sorted frame + first/last (mandatory endpoints may exceed 10% for n<20),,1,1,zone_wide_corridor-s42-hold_expected_tile--r1--tick0--pan1500.png,zone_wide_corridor-s42-hold_expected_tile--r1--tick0--pan1500.png
2026-09-26-zone-own-perception/dev-frames-clean/eval-labels,zone_wide_corridor-s4#-hold_expected_tile--r1--tick1--pan1#.png,unknown SIM timing: every 10th numeric-sorted frame + first/last (mandatory endpoints may exceed 10% for n<20),,1,1,zone_wide_corridor-s42-hold_expected_tile--r1--tick1--pan1500.png,zone_wide_corridor-s42-hold_expected_tile--r1--tick1--pan1500.png
2026-09-26-zone-own-perception/dev-frames-clean/eval-labels,zone_wide_corridor-s4#-hold_wrong_kind--r1--tick0--pan1#.png,unknown SIM timing: every 10th numeric-sorted frame + first/last (mandatory endpoints may exceed 10% for n<20),,1,1,zone_wide_corridor-s42-hold_wrong_kind--r1--tick0--pan1500.png,zone_wide_corridor-s42-hold_wrong_kind--r1--tick0--pan1500.png
2026-09-26-zone-own-perception/dev-frames-clean/eval-labels,zone_wide_corridor-s4#-hold_wrong_kind--r1--tick1--pan1#.png,unknown SIM timing: every 10th numeric-sorted frame + first/last (mandatory endpoints may exceed 10% for n<20),,1,1,zone_wide_corridor-s42-hold_wrong_kind--r1--tick1--pan1500.png,zone_wide_corridor-s42-hold_wrong_kind--r1--tick1--pan1500.png
2026-09-26-zone-own-perception/dev-frames-clean/eval-labels,zone_wide_corridor-s4#-mapped_wall--r1--tick0--pan1#.png,unknown SIM timing: every 10th numeric-sorted frame + first/last (mandatory endpoints may exceed 10% for n<20),,1,1,zone_wide_corridor-s42-mapped_wall--r1--tick0--pan1500.png,zone_wide_corridor-s42-mapped_wall--r1--tick0--pan1500.png
2026-09-26-zone-own-perception/dev-frames-clean/eval-labels,zone_wide_corridor-s4#-mapped_wall--r1--tick1--pan1#.png,unknown SIM timing: every 10th numeric-sorted frame + first/last (mandatory endpoints may exceed 10% for n<20),,1,1,zone_wide_corridor-s42-mapped_wall--r1--tick1--pan1500.png,zone_wide_corridor-s42-mapped_wall--r1--tick1--pan1500.png
2026-09-26-zone-own-perception/dev-frames-clean/eval-labels,zone_wide_corridor-s4#-peer_in_lane--r1--tick0--pan1#.png,unknown SIM timing: every 10th numeric-sorted frame + first/last (mandatory endpoints may exceed 10% for n<20),,1,1,zone_wide_corridor-s42-peer_in_lane--r1--tick0--pan1500.png,zone_wide_corridor-s42-peer_in_lane--r1--tick0--pan1500.png
2026-09-26-zone-own-perception/dev-frames-clean/eval-labels,zone_wide_corridor-s4#-peer_in_lane--r1--tick1--pan1#.png,unknown SIM timing: every 10th numeric-sorted frame + first/last (mandatory endpoints may exceed 10% for n<20),,1,1,zone_wide_corridor-s42-peer_in_lane--r1--tick1--pan1500.png,zone_wide_corridor-s42-peer_in_lane--r1--tick1--pan1500.png
2026-09-26-zone-own-perception/dev-frames-clean/eval-labels,zone_wide_corridor-s4#-placed_empty--r1--tick0--pan1#.png,unknown SIM timing: every 10th numeric-sorted frame + first/last (mandatory endpoints may exceed 10% for n<20),,1,1,zone_wide_corridor-s42-placed_empty--r1--tick0--pan1500.png,zone_wide_corridor-s42-placed_empty--r1--tick0--pan1500.png
2026-09-26-zone-own-perception/dev-frames-clean/eval-labels,zone_wide_corridor-s4#-placed_empty--r1--tick1--pan1#.png,unknown SIM timing: every 10th numeric-sorted frame + first/last (mandatory endpoints may exceed 10% for n<20),,1,1,zone_wide_corridor-s42-placed_empty--r1--tick1--pan1500.png,zone_wide_corridor-s42-placed_empty--r1--tick1--pan1500.png
2026-09-26-zone-own-perception/dev-frames-clean/eval-labels,zone_wide_corridor-s4#-placed_empty--r1--tick2--pan1#.png,unknown SIM timing: every 10th numeric-sorted frame + first/last (mandatory endpoints may exceed 10% for n<20),,1,1,zone_wide_corridor-s42-placed_empty--r1--tick2--pan1770.png,zone_wide_corridor-s42-placed_empty--r1--tick2--pan1770.png
2026-09-26-zone-own-perception/dev-frames-clean/eval-labels,zone_wide_corridor-s4#-placed_occluded--r1--tick0--pan1#.png,unknown SIM timing: every 10th numeric-sorted frame + first/last (mandatory endpoints may exceed 10% for n<20),,1,1,zone_wide_corridor-s42-placed_occluded--r1--tick0--pan1500.png,zone_wide_corridor-s42-placed_occluded--r1--tick0--pan1500.png
2026-09-26-zone-own-perception/dev-frames-clean/eval-labels,zone_wide_corridor-s4#-placed_occluded--r1--tick1--pan1#.png,unknown SIM timing: every 10th numeric-sorted frame + first/last (mandatory endpoints may exceed 10% for n<20),,1,1,zone_wide_corridor-s42-placed_occluded--r1--tick1--pan1500.png,zone_wide_corridor-s42-placed_occluded--r1--tick1--pan1500.png
2026-09-26-zone-own-perception/dev-frames-clean/eval-labels,zone_wide_corridor-s4#-placed_occluded--r1--tick2--pan1#.png,unknown SIM timing: every 10th numeric-sorted frame + first/last (mandatory endpoints may exceed 10% for n<20),,1,1,zone_wide_corridor-s42-placed_occluded--r1--tick2--pan1770.png,zone_wide_corridor-s42-placed_occluded--r1--tick2--pan1770.png
2026-09-26-zone-own-perception/dev-frames-clean/eval-labels,zone_wide_corridor-s4#-placed_outside_slot--r1--tick0--pan1#.png,unknown SIM timing: every 10th numeric-sorted frame + first/last (mandatory endpoints may exceed 10% for n<20),,1,1,zone_wide_corridor-s42-placed_outside_slot--r1--tick0--pan1500.png,zone_wide_corridor-s42-placed_outside_slot--r1--tick0--pan1500.png
2026-09-26-zone-own-perception/dev-frames-clean/eval-labels,zone_wide_corridor-s4#-placed_outside_slot--r1--tick1--pan1#.png,unknown SIM timing: every 10th numeric-sorted frame + first/last (mandatory endpoints may exceed 10% for n<20),,1,1,zone_wide_corridor-s42-placed_outside_slot--r1--tick1--pan1500.png,zone_wide_corridor-s42-placed_outside_slot--r1--tick1--pan1500.png
2026-09-26-zone-own-perception/dev-frames-clean/eval-labels,zone_wide_corridor-s4#-placed_outside_slot--r1--tick2--pan1#.png,unknown SIM timing: every 10th numeric-sorted frame + first/last (mandatory endpoints may exceed 10% for n<20),,1,1,zone_wide_corridor-s42-placed_outside_slot--r1--tick2--pan1770.png,zone_wide_corridor-s42-placed_outside_slot--r1--tick2--pan1770.png
2026-09-26-zone-own-perception/dev-frames-clean/eval-labels,zone_wide_corridor-s4#-placed_zone_A--r1--tick0--pan1#.png,unknown SIM timing: every 10th numeric-sorted frame + first/last (mandatory endpoints may exceed 10% for n<20),,1,1,zone_wide_corridor-s42-placed_zone_A--r1--tick0--pan1500.png,zone_wide_corridor-s42-placed_zone_A--r1--tick0--pan1500.png
2026-09-26-zone-own-perception/dev-frames-clean/eval-labels,zone_wide_corridor-s4#-placed_zone_A--r1--tick1--pan1#.png,unknown SIM timing: every 10th numeric-sorted frame + first/last (mandatory endpoints may exceed 10% for n<20),,1,1,zone_wide_corridor-s42-placed_zone_A--r1--tick1--pan1500.png,zone_wide_corridor-s42-placed_zone_A--r1--tick1--pan1500.png
2026-09-26-zone-own-perception/dev-frames-clean/eval-labels,zone_wide_corridor-s4#-placed_zone_A--r1--tick2--pan1#.png,unknown SIM timing: every 10th numeric-sorted frame + first/last (mandatory endpoints may exceed 10% for n<20),,1,1,zone_wide_corridor-s42-placed_zone_A--r1--tick2--pan1770.png,zone_wide_corridor-s42-placed_zone_A--r1--tick2--pan1770.png
2026-09-26-zone-own-perception/dev-frames-clean/eval-labels,zone_wide_corridor-s4#-placed_zone_B--r1--tick0--pan1#.png,unknown SIM timing: every 10th numeric-sorted frame + first/last (mandatory endpoints may exceed 10% for n<20),,1,1,zone_wide_corridor-s42-placed_zone_B--r1--tick0--pan1500.png,zone_wide_corridor-s42-placed_zone_B--r1--tick0--pan1500.png
2026-09-26-zone-own-perception/dev-frames-clean/eval-labels,zone_wide_corridor-s4#-placed_zone_B--r1--tick1--pan1#.png,unknown SIM timing: every 10th numeric-sorted frame + first/last (mandatory endpoints may exceed 10% for n<20),,1,1,zone_wide_corridor-s42-placed_zone_B--r1--tick1--pan1500.png,zone_wide_corridor-s42-placed_zone_B--r1--tick1--pan1500.png
2026-09-26-zone-own-perception/dev-frames-clean/eval-labels,zone_wide_corridor-s4#-placed_zone_B--r1--tick2--pan1#.png,unknown SIM timing: every 10th numeric-sorted frame + first/last (mandatory endpoints may exceed 10% for n<20),,1,1,zone_wide_corridor-s42-placed_zone_B--r1--tick2--pan1770.png,zone_wide_corridor-s42-placed_zone_B--r1--tick2--pan1770.png
2026-09-26-zone-own-perception/dev-frames-clean/eval-labels,zone_wide_corridor-s4#-placed_zone_C--r1--tick0--pan1#.png,unknown SIM timing: every 10th numeric-sorted frame + first/last (mandatory endpoints may exceed 10% for n<20),,1,1,zone_wide_corridor-s42-placed_zone_C--r1--tick0--pan1500.png,zone_wide_corridor-s42-placed_zone_C--r1--tick0--pan1500.png
2026-09-26-zone-own-perception/dev-frames-clean/eval-labels,zone_wide_corridor-s4#-placed_zone_C--r1--tick1--pan1#.png,unknown SIM timing: every 10th numeric-sorted frame + first/last (mandatory endpoints may exceed 10% for n<20),,1,1,zone_wide_corridor-s42-placed_zone_C--r1--tick1--pan1500.png,zone_wide_corridor-s42-placed_zone_C--r1--tick1--pan1500.png
2026-09-26-zone-own-perception/dev-frames-clean/eval-labels,zone_wide_corridor-s4#-placed_zone_C--r1--tick2--pan1#.png,unknown SIM timing: every 10th numeric-sorted frame + first/last (mandatory endpoints may exceed 10% for n<20),,1,1,zone_wide_corridor-s42-placed_zone_C--r1--tick2--pan1770.png,zone_wide_corridor-s42-placed_zone_C--r1--tick2--pan1770.png
2026-09-26-zone-own-perception/dev-frames-clean/eval-labels,zone_wide_corridor-s4#-slot_empty--r1--tick0--pan1#.png,unknown SIM timing: every 10th numeric-sorted frame + first/last (mandatory endpoints may exceed 10% for n<20),,1,1,zone_wide_corridor-s42-slot_empty--r1--tick0--pan1500.png,zone_wide_corridor-s42-slot_empty--r1--tick0--pan1500.png
2026-09-26-zone-own-perception/dev-frames-clean/eval-labels,zone_wide_corridor-s4#-slot_empty--r1--tick1--pan1#.png,unknown SIM timing: every 10th numeric-sorted frame + first/last (mandatory endpoints may exceed 10% for n<20),,1,1,zone_wide_corridor-s42-slot_empty--r1--tick1--pan1500.png,zone_wide_corridor-s42-slot_empty--r1--tick1--pan1500.png
2026-09-26-zone-own-perception/dev-frames-clean/eval-labels,zone_wide_corridor-s4#-slot_expected_box--r1--tick0--pan1#.png,unknown SIM timing: every 10th numeric-sorted frame + first/last (mandatory endpoints may exceed 10% for n<20),,1,1,zone_wide_corridor-s42-slot_expected_box--r1--tick0--pan1500.png,zone_wide_corridor-s42-slot_expected_box--r1--tick0--pan1500.png
2026-09-26-zone-own-perception/dev-frames-clean/eval-labels,zone_wide_corridor-s4#-slot_expected_box--r1--tick1--pan1#.png,unknown SIM timing: every 10th numeric-sorted frame + first/last (mandatory endpoints may exceed 10% for n<20),,1,1,zone_wide_corridor-s42-slot_expected_box--r1--tick1--pan1500.png,zone_wide_corridor-s42-slot_expected_box--r1--tick1--pan1500.png
2026-09-26-zone-own-perception/dev-frames-clean/eval-labels,zone_wide_corridor-s4#-slot_expected_can--r1--tick0--pan1#.png,unknown SIM timing: every 10th numeric-sorted frame + first/last (mandatory endpoints may exceed 10% for n<20),,1,1,zone_wide_corridor-s42-slot_expected_can--r1--tick0--pan1500.png,zone_wide_corridor-s42-slot_expected_can--r1--tick0--pan1500.png
2026-09-26-zone-own-perception/dev-frames-clean/eval-labels,zone_wide_corridor-s4#-slot_expected_can--r1--tick1--pan1#.png,unknown SIM timing: every 10th numeric-sorted frame + first/last (mandatory endpoints may exceed 10% for n<20),,1,1,zone_wide_corridor-s42-slot_expected_can--r1--tick1--pan1500.png,zone_wide_corridor-s42-slot_expected_can--r1--tick1--pan1500.png
2026-09-26-zone-own-perception/dev-frames-clean/eval-labels,zone_wide_corridor-s4#-slot_far--r1--tick0--pan1#.png,unknown SIM timing: every 10th numeric-sorted frame + first/last (mandatory endpoints may exceed 10% for n<20),,1,1,zone_wide_corridor-s42-slot_far--r1--tick0--pan1500.png,zone_wide_corridor-s42-slot_far--r1--tick0--pan1500.png
2026-09-26-zone-own-perception/dev-frames-clean/eval-labels,zone_wide_corridor-s4#-slot_far--r1--tick1--pan1#.png,unknown SIM timing: every 10th numeric-sorted frame + first/last (mandatory endpoints may exceed 10% for n<20),,1,1,zone_wide_corridor-s42-slot_far--r1--tick1--pan1500.png,zone_wide_corridor-s42-slot_far--r1--tick1--pan1500.png
2026-09-26-zone-own-perception/dev-frames-clean/eval-labels,zone_wide_corridor-s4#-slot_occluded--r1--tick0--pan1#.png,unknown SIM timing: every 10th numeric-sorted frame + first/last (mandatory endpoints may exceed 10% for n<20),,1,1,zone_wide_corridor-s42-slot_occluded--r1--tick0--pan1500.png,zone_wide_corridor-s42-slot_occluded--r1--tick0--pan1500.png
2026-09-26-zone-own-perception/dev-frames-clean/eval-labels,zone_wide_corridor-s4#-slot_occluded--r1--tick1--pan1#.png,unknown SIM timing: every 10th numeric-sorted frame + first/last (mandatory endpoints may exceed 10% for n<20),,1,1,zone_wide_corridor-s42-slot_occluded--r1--tick1--pan1500.png,zone_wide_corridor-s42-slot_occluded--r1--tick1--pan1500.png
2026-09-26-zone-own-perception/dev-frames-clean/eval-labels,zone_wide_corridor-s4#-slot_wrong_kind--r1--tick0--pan1#.png,unknown SIM timing: every 10th numeric-sorted frame + first/last (mandatory endpoints may exceed 10% for n<20),,1,1,zone_wide_corridor-s42-slot_wrong_kind--r1--tick0--pan1500.png,zone_wide_corridor-s42-slot_wrong_kind--r1--tick0--pan1500.png
2026-09-26-zone-own-perception/dev-frames-clean/eval-labels,zone_wide_corridor-s4#-slot_wrong_kind--r1--tick1--pan1#.png,unknown SIM timing: every 10th numeric-sorted frame + first/last (mandatory endpoints may exceed 10% for n<20),,1,1,zone_wide_corridor-s42-slot_wrong_kind--r1--tick1--pan1500.png,zone_wide_corridor-s42-slot_wrong_kind--r1--tick1--pan1500.png
2026-09-26-zone-own-perception/dev-frames-clean/eval-labels,zone_wide_door-s4#-block_unmapped_near--r1--tick0--pan1#.png,unknown SIM timing: every 10th numeric-sorted frame + first/last (mandatory endpoints may exceed 10% for n<20),,2,2,zone_wide_door-s41-block_unmapped_near--r1--tick0--pan1500.png,zone_wide_door-s44-block_unmapped_near--r1--tick0--pan1500.png
2026-09-26-zone-own-perception/dev-frames-clean/eval-labels,zone_wide_door-s4#-block_unmapped_near--r1--tick1--pan1#.png,unknown SIM timing: every 10th numeric-sorted frame + first/last (mandatory endpoints may exceed 10% for n<20),,2,2,zone_wide_door-s41-block_unmapped_near--r1--tick1--pan1500.png,zone_wide_door-s44-block_unmapped_near--r1--tick1--pan1500.png
2026-09-26-zone-own-perception/dev-frames-clean/eval-labels,zone_wide_door-s4#-block_unmapped_passage--r1--tick0--pan1#.png,unknown SIM timing: every 10th numeric-sorted frame + first/last (mandatory endpoints may exceed 10% for n<20),,2,2,zone_wide_door-s41-block_unmapped_passage--r1--tick0--pan1500.png,zone_wide_door-s44-block_unmapped_passage--r1--tick0--pan1500.png
2026-09-26-zone-own-perception/dev-frames-clean/eval-labels,zone_wide_door-s4#-block_unmapped_passage--r1--tick1--pan1#.png,unknown SIM timing: every 10th numeric-sorted frame + first/last (mandatory endpoints may exceed 10% for n<20),,2,2,zone_wide_door-s41-block_unmapped_passage--r1--tick1--pan1500.png,zone_wide_door-s44-block_unmapped_passage--r1--tick1--pan1500.png
2026-09-26-zone-own-perception/dev-frames-clean/eval-labels,zone_wide_door-s4#-clear_open--r1--tick0--pan1#.png,unknown SIM timing: every 10th numeric-sorted frame + first/last (mandatory endpoints may exceed 10% for n<20),,2,2,zone_wide_door-s41-clear_open--r1--tick0--pan1500.png,zone_wide_door-s44-clear_open--r1--tick0--pan1500.png
2026-09-26-zone-own-perception/dev-frames-clean/eval-labels,zone_wide_door-s4#-clear_open--r1--tick1--pan1#.png,unknown SIM timing: every 10th numeric-sorted frame + first/last (mandatory endpoints may exceed 10% for n<20),,2,2,zone_wide_door-s41-clear_open--r1--tick1--pan1500.png,zone_wide_door-s44-clear_open--r1--tick1--pan1500.png
2026-09-26-zone-own-perception/dev-frames-clean/eval-labels,zone_wide_door-s4#-clear_passage--r1--tick0--pan1#.png,unknown SIM timing: every 10th numeric-sorted frame + first/last (mandatory endpoints may exceed 10% for n<20),,2,2,zone_wide_door-s41-clear_passage--r1--tick0--pan1500.png,zone_wide_door-s44-clear_passage--r1--tick0--pan1500.png
2026-09-26-zone-own-perception/dev-frames-clean/eval-labels,zone_wide_door-s4#-clear_passage--r1--tick1--pan1#.png,unknown SIM timing: every 10th numeric-sorted frame + first/last (mandatory endpoints may exceed 10% for n<20),,2,2,zone_wide_door-s41-clear_passage--r1--tick1--pan1500.png,zone_wide_door-s44-clear_passage--r1--tick1--pan1500.png
2026-09-26-zone-own-perception/dev-frames-clean/eval-labels,zone_wide_door-s4#-hold_empty--r1--tick0--pan1#.png,unknown SIM timing: every 10th numeric-sorted frame + first/last (mandatory endpoints may exceed 10% for n<20),,2,2,zone_wide_door-s41-hold_empty--r1--tick0--pan1500.png,zone_wide_door-s44-hold_empty--r1--tick0--pan1500.png
2026-09-26-zone-own-perception/dev-frames-clean/eval-labels,zone_wide_door-s4#-hold_empty--r1--tick1--pan1#.png,unknown SIM timing: every 10th numeric-sorted frame + first/last (mandatory endpoints may exceed 10% for n<20),,2,2,zone_wide_door-s41-hold_empty--r1--tick1--pan1500.png,zone_wide_door-s44-hold_empty--r1--tick1--pan1500.png
2026-09-26-zone-own-perception/dev-frames-clean/eval-labels,zone_wide_door-s4#-hold_expected_box--r1--tick0--pan1#.png,unknown SIM timing: every 10th numeric-sorted frame + first/last (mandatory endpoints may exceed 10% for n<20),,2,2,zone_wide_door-s41-hold_expected_box--r1--tick0--pan1500.png,zone_wide_door-s44-hold_expected_box--r1--tick0--pan1500.png
2026-09-26-zone-own-perception/dev-frames-clean/eval-labels,zone_wide_door-s4#-hold_expected_box--r1--tick1--pan1#.png,unknown SIM timing: every 10th numeric-sorted frame + first/last (mandatory endpoints may exceed 10% for n<20),,2,2,zone_wide_door-s41-hold_expected_box--r1--tick1--pan1500.png,zone_wide_door-s44-hold_expected_box--r1--tick1--pan1500.png
2026-09-26-zone-own-perception/dev-frames-clean/eval-labels,zone_wide_door-s4#-hold_expected_can--r1--tick0--pan1#.png,unknown SIM timing: every 10th numeric-sorted frame + first/last (mandatory endpoints may exceed 10% for n<20),,2,2,zone_wide_door-s41-hold_expected_can--r1--tick0--pan1500.png,zone_wide_door-s44-hold_expected_can--r1--tick0--pan1500.png
2026-09-26-zone-own-perception/dev-frames-clean/eval-labels,zone_wide_door-s4#-hold_expected_can--r1--tick1--pan1#.png,unknown SIM timing: every 10th numeric-sorted frame + first/last (mandatory endpoints may exceed 10% for n<20),,2,2,zone_wide_door-s41-hold_expected_can--r1--tick1--pan1500.png,zone_wide_door-s44-hold_expected_can--r1--tick1--pan1500.png
2026-09-26-zone-own-perception/dev-frames-clean/eval-labels,zone_wide_door-s4#-hold_expected_tile--r1--tick0--pan1#.png,unknown SIM timing: every 10th numeric-sorted frame + first/last (mandatory endpoints may exceed 10% for n<20),,2,2,zone_wide_door-s41-hold_expected_tile--r1--tick0--pan1500.png,zone_wide_door-s44-hold_expected_tile--r1--tick0--pan1500.png
2026-09-26-zone-own-perception/dev-frames-clean/eval-labels,zone_wide_door-s4#-hold_expected_tile--r1--tick1--pan1#.png,unknown SIM timing: every 10th numeric-sorted frame + first/last (mandatory endpoints may exceed 10% for n<20),,2,2,zone_wide_door-s41-hold_expected_tile--r1--tick1--pan1500.png,zone_wide_door-s44-hold_expected_tile--r1--tick1--pan1500.png
2026-09-26-zone-own-perception/dev-frames-clean/eval-labels,zone_wide_door-s4#-hold_wrong_kind--r1--tick0--pan1#.png,unknown SIM timing: every 10th numeric-sorted frame + first/last (mandatory endpoints may exceed 10% for n<20),,2,2,zone_wide_door-s41-hold_wrong_kind--r1--tick0--pan1500.png,zone_wide_door-s44-hold_wrong_kind--r1--tick0--pan1500.png
2026-09-26-zone-own-perception/dev-frames-clean/eval-labels,zone_wide_door-s4#-hold_wrong_kind--r1--tick1--pan1#.png,unknown SIM timing: every 10th numeric-sorted frame + first/last (mandatory endpoints may exceed 10% for n<20),,2,2,zone_wide_door-s41-hold_wrong_kind--r1--tick1--pan1500.png,zone_wide_door-s44-hold_wrong_kind--r1--tick1--pan1500.png
2026-09-26-zone-own-perception/dev-frames-clean/eval-labels,zone_wide_door-s4#-mapped_wall--r1--tick0--pan1#.png,unknown SIM timing: every 10th numeric-sorted frame + first/last (mandatory endpoints may exceed 10% for n<20),,2,2,zone_wide_door-s41-mapped_wall--r1--tick0--pan1500.png,zone_wide_door-s44-mapped_wall--r1--tick0--pan1500.png
2026-09-26-zone-own-perception/dev-frames-clean/eval-labels,zone_wide_door-s4#-mapped_wall--r1--tick1--pan1#.png,unknown SIM timing: every 10th numeric-sorted frame + first/last (mandatory endpoints may exceed 10% for n<20),,2,2,zone_wide_door-s41-mapped_wall--r1--tick1--pan1500.png,zone_wide_door-s44-mapped_wall--r1--tick1--pan1500.png
2026-09-26-zone-own-perception/dev-frames-clean/eval-labels,zone_wide_door-s4#-peer_in_lane--r1--tick0--pan1#.png,unknown SIM timing: every 10th numeric-sorted frame + first/last (mandatory endpoints may exceed 10% for n<20),,2,2,zone_wide_door-s41-peer_in_lane--r1--tick0--pan1500.png,zone_wide_door-s44-peer_in_lane--r1--tick0--pan1500.png
2026-09-26-zone-own-perception/dev-frames-clean/eval-labels,zone_wide_door-s4#-peer_in_lane--r1--tick1--pan1#.png,unknown SIM timing: every 10th numeric-sorted frame + first/last (mandatory endpoints may exceed 10% for n<20),,2,2,zone_wide_door-s41-peer_in_lane--r1--tick1--pan1500.png,zone_wide_door-s44-peer_in_lane--r1--tick1--pan1500.png
2026-09-26-zone-own-perception/dev-frames-clean/eval-labels,zone_wide_door-s4#-placed_empty--r1--tick0--pan1#.png,unknown SIM timing: every 10th numeric-sorted frame + first/last (mandatory endpoints may exceed 10% for n<20),,2,2,zone_wide_door-s41-placed_empty--r1--tick0--pan1500.png,zone_wide_door-s44-placed_empty--r1--tick0--pan1500.png
2026-09-26-zone-own-perception/dev-frames-clean/eval-labels,zone_wide_door-s4#-placed_empty--r1--tick1--pan1#.png,unknown SIM timing: every 10th numeric-sorted frame + first/last (mandatory endpoints may exceed 10% for n<20),,2,2,zone_wide_door-s41-placed_empty--r1--tick1--pan1500.png,zone_wide_door-s44-placed_empty--r1--tick1--pan1500.png
2026-09-26-zone-own-perception/dev-frames-clean/eval-labels,zone_wide_door-s4#-placed_empty--r1--tick2--pan1#.png,unknown SIM timing: every 10th numeric-sorted frame + first/last (mandatory endpoints may exceed 10% for n<20),,2,2,zone_wide_door-s41-placed_empty--r1--tick2--pan1770.png,zone_wide_door-s44-placed_empty--r1--tick2--pan1770.png
2026-09-26-zone-own-perception/dev-frames-clean/eval-labels,zone_wide_door-s4#-placed_occluded--r1--tick0--pan1#.png,unknown SIM timing: every 10th numeric-sorted frame + first/last (mandatory endpoints may exceed 10% for n<20),,2,2,zone_wide_door-s41-placed_occluded--r1--tick0--pan1500.png,zone_wide_door-s44-placed_occluded--r1--tick0--pan1500.png
2026-09-26-zone-own-perception/dev-frames-clean/eval-labels,zone_wide_door-s4#-placed_occluded--r1--tick1--pan1#.png,unknown SIM timing: every 10th numeric-sorted frame + first/last (mandatory endpoints may exceed 10% for n<20),,2,2,zone_wide_door-s41-placed_occluded--r1--tick1--pan1500.png,zone_wide_door-s44-placed_occluded--r1--tick1--pan1500.png
2026-09-26-zone-own-perception/dev-frames-clean/eval-labels,zone_wide_door-s4#-placed_occluded--r1--tick2--pan1#.png,unknown SIM timing: every 10th numeric-sorted frame + first/last (mandatory endpoints may exceed 10% for n<20),,2,2,zone_wide_door-s41-placed_occluded--r1--tick2--pan1770.png,zone_wide_door-s44-placed_occluded--r1--tick2--pan1770.png
2026-09-26-zone-own-perception/dev-frames-clean/eval-labels,zone_wide_door-s4#-placed_outside_slot--r1--tick0--pan1#.png,unknown SIM timing: every 10th numeric-sorted frame + first/last (mandatory endpoints may exceed 10% for n<20),,2,2,zone_wide_door-s41-placed_outside_slot--r1--tick0--pan1500.png,zone_wide_door-s44-placed_outside_slot--r1--tick0--pan1500.png
2026-09-26-zone-own-perception/dev-frames-clean/eval-labels,zone_wide_door-s4#-placed_outside_slot--r1--tick1--pan1#.png,unknown SIM timing: every 10th numeric-sorted frame + first/last (mandatory endpoints may exceed 10% for n<20),,2,2,zone_wide_door-s41-placed_outside_slot--r1--tick1--pan1500.png,zone_wide_door-s44-placed_outside_slot--r1--tick1--pan1500.png
2026-09-26-zone-own-perception/dev-frames-clean/eval-labels,zone_wide_door-s4#-placed_outside_slot--r1--tick2--pan1#.png,unknown SIM timing: every 10th numeric-sorted frame + first/last (mandatory endpoints may exceed 10% for n<20),,2,2,zone_wide_door-s41-placed_outside_slot--r1--tick2--pan1770.png,zone_wide_door-s44-placed_outside_slot--r1--tick2--pan1770.png
2026-09-26-zone-own-perception/dev-frames-clean/eval-labels,zone_wide_door-s4#-placed_zone_A--r1--tick0--pan1#.png,unknown SIM timing: every 10th numeric-sorted frame + first/last (mandatory endpoints may exceed 10% for n<20),,2,2,zone_wide_door-s41-placed_zone_A--r1--tick0--pan1500.png,zone_wide_door-s44-placed_zone_A--r1--tick0--pan1500.png
2026-09-26-zone-own-perception/dev-frames-clean/eval-labels,zone_wide_door-s4#-placed_zone_A--r1--tick1--pan1#.png,unknown SIM timing: every 10th numeric-sorted frame + first/last (mandatory endpoints may exceed 10% for n<20),,2,2,zone_wide_door-s41-placed_zone_A--r1--tick1--pan1500.png,zone_wide_door-s44-placed_zone_A--r1--tick1--pan1500.png
2026-09-26-zone-own-perception/dev-frames-clean/eval-labels,zone_wide_door-s4#-placed_zone_A--r1--tick2--pan1#.png,unknown SIM timing: every 10th numeric-sorted frame + first/last (mandatory endpoints may exceed 10% for n<20),,2,2,zone_wide_door-s41-placed_zone_A--r1--tick2--pan1770.png,zone_wide_door-s44-placed_zone_A--r1--tick2--pan1770.png
2026-09-26-zone-own-perception/dev-frames-clean/eval-labels,zone_wide_door-s4#-placed_zone_B--r1--tick0--pan1#.png,unknown SIM timing: every 10th numeric-sorted frame + first/last (mandatory endpoints may exceed 10% for n<20),,2,2,zone_wide_door-s41-placed_zone_B--r1--tick0--pan1500.png,zone_wide_door-s44-placed_zone_B--r1--tick0--pan1500.png
2026-09-26-zone-own-perception/dev-frames-clean/eval-labels,zone_wide_door-s4#-placed_zone_B--r1--tick1--pan1#.png,unknown SIM timing: every 10th numeric-sorted frame + first/last (mandatory endpoints may exceed 10% for n<20),,2,2,zone_wide_door-s41-placed_zone_B--r1--tick1--pan1500.png,zone_wide_door-s44-placed_zone_B--r1--tick1--pan1500.png
2026-09-26-zone-own-perception/dev-frames-clean/eval-labels,zone_wide_door-s4#-placed_zone_B--r1--tick2--pan1#.png,unknown SIM timing: every 10th numeric-sorted frame + first/last (mandatory endpoints may exceed 10% for n<20),,2,2,zone_wide_door-s41-placed_zone_B--r1--tick2--pan1770.png,zone_wide_door-s44-placed_zone_B--r1--tick2--pan1770.png
