folder,before_bytes,after_bytes,before_allocated_bytes,after_allocated_bytes,files_before,delete_files,keep_files,delete_bytes,delete_allocated_bytes,rule_ids,thinning_rule
pair-stage-probes-1f70b1a6-v6c-bound-grid/cases/grasp_lift_b-v6c_boundary_ey+4mm_s911/frames/r3,344064,135168,344064,135168,28,17,11,208896,208896,D1,first + >=1 SIM second since last sample + last per stream/episode/leg
pair-stage-probes-1f70b1a6-v6c-bound-grid/cases/grasp_lift_b-v6c_boundary_ey+8mm_s911,788942,788942,798720,798720,5,0,5,0,0,,
pair-stage-probes-1f70b1a6-v6c-bound-grid/cases/grasp_lift_b-v6c_boundary_ey+8mm_s911/checkpoints,332723,330679,344064,339968,4,1,3,2044,4096,D5,
pair-stage-probes-1f70b1a6-v6c-bound-grid/cases/grasp_lift_b-v6c_boundary_ey+8mm_s911/eval_only,196855,196855,200704,200704,2,0,2,0,0,,
pair-stage-probes-1f70b1a6-v6c-bound-grid/cases/grasp_lift_b-v6c_boundary_ey+8mm_s911/frames,0,0,0,0,0,0,0,0,0,,
pair-stage-probes-1f70b1a6-v6c-bound-grid/cases/grasp_lift_b-v6c_boundary_ey+8mm_s911/frames/r1,1291126,589418,1400832,643072,78,43,35,701708,757760,D1,first + >=1 SIM second since last sample + last per stream/episode/leg
pair-stage-probes-1f70b1a6-v6c-bound-grid/cases/grasp_lift_b-v6c_boundary_ey+8mm_s911/frames/r2,1242836,310388,1388544,344064,79,60,19,932448,1044480,D1,first + >=1 SIM second since last sample + last per stream/episode/leg
pair-stage-probes-1f70b1a6-v6c-bound-grid/cases/grasp_lift_b-v6c_boundary_ey+8mm_s911/frames/r3,540672,184320,540672,184320,44,29,15,356352,356352,D1,first + >=1 SIM second since last sample + last per stream/episode/leg
pair-stage-probes-1f70b1a6-v6c-bound-grid/cases/grasp_lift_b-v6c_boundary_ey-4mm_s911,789042,789042,798720,798720,5,0,5,0,0,,
pair-stage-probes-1f70b1a6-v6c-bound-grid/cases/grasp_lift_b-v6c_boundary_ey-4mm_s911/checkpoints,333064,331020,344064,339968,4,1,3,2044,4096,D5,
pair-stage-probes-1f70b1a6-v6c-bound-grid/cases/grasp_lift_b-v6c_boundary_ey-4mm_s911/eval_only,196652,196652,200704,200704,2,0,2,0,0,,
pair-stage-probes-1f70b1a6-v6c-bound-grid/cases/grasp_lift_b-v6c_boundary_ey-4mm_s911/frames,0,0,0,0,0,0,0,0,0,,
pair-stage-probes-1f70b1a6-v6c-bound-grid/cases/grasp_lift_b-v6c_boundary_ey-4mm_s911/frames/r1,1281128,587143,1384448,626688,78,43,35,693985,757760,D1,first + >=1 SIM second since last sample + last per stream/episode/leg
pair-stage-probes-1f70b1a6-v6c-bound-grid/cases/grasp_lift_b-v6c_boundary_ey-4mm_s911/frames/r2,1237288,308631,1388544,344064,79,60,19,928657,1044480,D1,first + >=1 SIM second since last sample + last per stream/episode/leg
pair-stage-probes-1f70b1a6-v6c-bound-grid/cases/grasp_lift_b-v6c_boundary_ey-4mm_s911/frames/r3,540672,184320,540672,184320,44,29,15,356352,356352,D1,first + >=1 SIM second since last sample + last per stream/episode/leg
pair-stage-probes-1f70b1a6-v6c-bound-grid/cases/grasp_lift_b-v6c_boundary_ey-8mm_s911,789174,789174,798720,798720,5,0,5,0,0,,
pair-stage-probes-1f70b1a6-v6c-bound-grid/cases/grasp_lift_b-v6c_boundary_ey-8mm_s911/checkpoints,333474,331430,344064,339968,4,1,3,2044,4096,D5,
pair-stage-probes-1f70b1a6-v6c-bound-grid/cases/grasp_lift_b-v6c_boundary_ey-8mm_s911/eval_only,196778,196778,200704,200704,2,0,2,0,0,,
pair-stage-probes-1f70b1a6-v6c-bound-grid/cases/grasp_lift_b-v6c_boundary_ey-8mm_s911/frames,0,0,0,0,0,0,0,0,0,,
pair-stage-probes-1f70b1a6-v6c-bound-grid/cases/grasp_lift_b-v6c_boundary_ey-8mm_s911/frames/r1,1289363,589577,1404928,643072,78,43,35,699786,761856,D1,first + >=1 SIM second since last sample + last per stream/episode/leg
pair-stage-probes-1f70b1a6-v6c-bound-grid/cases/grasp_lift_b-v6c_boundary_ey-8mm_s911/frames/r2,1247496,311122,1388544,344064,79,60,19,936374,1044480,D1,first + >=1 SIM second since last sample + last per stream/episode/leg
pair-stage-probes-1f70b1a6-v6c-bound-grid/cases/grasp_lift_b-v6c_boundary_ey-8mm_s911/frames/r3,540672,184320,540672,184320,44,29,15,356352,356352,D1,first + >=1 SIM second since last sample + last per stream/episode/leg
pair-stage-probes-1f70b1a6-v6c-bound-grid/cases/grasp_lift_b-v6c_boundary_eyaw+0.0175rad_s911,787901,787901,798720,798720,5,0,5,0,0,,
pair-stage-probes-1f70b1a6-v6c-bound-grid/cases/grasp_lift_b-v6c_boundary_eyaw+0.0175rad_s911/checkpoints,331450,329406,339968,335872,4,1,3,2044,4096,D5,
pair-stage-probes-1f70b1a6-v6c-bound-grid/cases/grasp_lift_b-v6c_boundary_eyaw+0.0175rad_s911/eval_only,197571,197571,200704,200704,2,0,2,0,0,,
pair-stage-probes-1f70b1a6-v6c-bound-grid/cases/grasp_lift_b-v6c_boundary_eyaw+0.0175rad_s911/frames,0,0,0,0,0,0,0,0,0,,
pair-stage-probes-1f70b1a6-v6c-bound-grid/cases/grasp_lift_b-v6c_boundary_eyaw+0.0175rad_s911/frames/r1,1278373,586116,1404928,643072,78,43,35,692257,761856,D1,first + >=1 SIM second since last sample + last per stream/episode/leg
pair-stage-probes-1f70b1a6-v6c-bound-grid/cases/grasp_lift_b-v6c_boundary_eyaw+0.0175rad_s911/frames/r2,1239878,309851,1388544,344064,79,60,19,930027,1044480,D1,first + >=1 SIM second since last sample + last per stream/episode/leg
pair-stage-probes-1f70b1a6-v6c-bound-grid/cases/grasp_lift_b-v6c_boundary_eyaw+0.0175rad_s911/frames/r3,540672,184320,540672,184320,44,29,15,356352,356352,D1,first + >=1 SIM second since last sample + last per stream/episode/leg
pair-stage-probes-1f70b1a6-v6c-bound-grid/cases/grasp_lift_b-v6c_boundary_eyaw+0.0350rad_s911,789140,789140,798720,798720,5,0,5,0,0,,
pair-stage-probes-1f70b1a6-v6c-bound-grid/cases/grasp_lift_b-v6c_boundary_eyaw+0.0350rad_s911/checkpoints,329712,327668,339968,335872,4,1,3,2044,4096,D5,
pair-stage-probes-1f70b1a6-v6c-bound-grid/cases/grasp_lift_b-v6c_boundary_eyaw+0.0350rad_s911/eval_only,197088,197088,200704,200704,2,0,2,0,0,,
pair-stage-probes-1f70b1a6-v6c-bound-grid/cases/grasp_lift_b-v6c_boundary_eyaw+0.0350rad_s911/frames,0,0,0,0,0,0,0,0,0,,
pair-stage-probes-1f70b1a6-v6c-bound-grid/cases/grasp_lift_b-v6c_boundary_eyaw+0.0350rad_s911/frames/r1,1284529,588064,1409024,643072,78,43,35,696465,765952,D1,first + >=1 SIM second since last sample + last per stream/episode/leg
pair-stage-probes-1f70b1a6-v6c-bound-grid/cases/grasp_lift_b-v6c_boundary_eyaw+0.0350rad_s911/frames/r2,1242710,311218,1388544,344064,79,60,19,931492,1044480,D1,first + >=1 SIM second since last sample + last per stream/episode/leg
pair-stage-probes-1f70b1a6-v6c-bound-grid/cases/grasp_lift_b-v6c_boundary_eyaw+0.0350rad_s911/frames/r3,540672,184320,540672,184320,44,29,15,356352,356352,D1,first + >=1 SIM second since last sample + last per stream/episode/leg
pair-stage-probes-1f70b1a6-v6c-bound-grid/cases/grasp_lift_b-v6c_boundary_eyaw-0.0175rad_s911,82091,81101,94208,90112,5,1,4,990,4096,D5,
pair-stage-probes-1f70b1a6-v6c-bound-grid/cases/grasp_lift_b-v6c_boundary_eyaw-0.0175rad_s911/checkpoints,186743,184699,192512,188416,2,1,1,2044,4096,D5,
pair-stage-probes-1f70b1a6-v6c-bound-grid/cases/grasp_lift_b-v6c_boundary_eyaw-0.0175rad_s911/eval_only,40440,16002,40960,16384,2,1,1,24438,24576,D5,
pair-stage-probes-1f70b1a6-v6c-bound-grid/cases/grasp_lift_b-v6c_boundary_eyaw-0.0175rad_s911/frames,0,0,0,0,0,0,0,0,0,,
pair-stage-probes-1f70b1a6-v6c-bound-grid/cases/grasp_lift_b-v6c_boundary_eyaw-0.0175rad_s911/frames/r1,237680,118835,245760,122880,10,5,5,118845,122880,D1,first + >=1 SIM second since last sample + last per stream/episode/leg
pair-stage-probes-1f70b1a6-v6c-bound-grid/cases/grasp_lift_b-v6c_boundary_eyaw-0.0175rad_s911/frames/r2,232566,116291,245760,122880,10,5,5,116275,122880,D1,first + >=1 SIM second since last sample + last per stream/episode/leg
pair-stage-probes-1f70b1a6-v6c-bound-grid/cases/grasp_lift_b-v6c_boundary_eyaw-0.0175rad_s911/frames/r3,122880,61440,122880,61440,10,5,5,61440,61440,D1,first + >=1 SIM second since last sample + last per stream/episode/leg
pair-stage-probes-1f70b1a6-v6c-bound-grid/cases/grasp_lift_b-v6c_boundary_eyaw-0.0350rad_s911,82095,81105,94208,90112,5,1,4,990,4096,D5,
pair-stage-probes-1f70b1a6-v6c-bound-grid/cases/grasp_lift_b-v6c_boundary_eyaw-0.0350rad_s911/checkpoints,186747,184703,192512,188416,2,1,1,2044,4096,D5,
pair-stage-probes-1f70b1a6-v6c-bound-grid/cases/grasp_lift_b-v6c_boundary_eyaw-0.0350rad_s911/eval_only,40282,15994,40960,16384,2,1,1,24288,24576,D5,
pair-stage-probes-1f70b1a6-v6c-bound-grid/cases/grasp_lift_b-v6c_boundary_eyaw-0.0350rad_s911/frames,0,0,0,0,0,0,0,0,0,,
pair-stage-probes-1f70b1a6-v6c-bound-grid/cases/grasp_lift_b-v6c_boundary_eyaw-0.0350rad_s911/frames/r1,237893,118968,245760,122880,10,5,5,118925,122880,D1,first + >=1 SIM second since last sample + last per stream/episode/leg
pair-stage-probes-1f70b1a6-v6c-bound-grid/cases/grasp_lift_b-v6c_boundary_eyaw-0.0350rad_s911/frames/r2,234053,117023,245760,122880,10,5,5,117030,122880,D1,first + >=1 SIM second since last sample + last per stream/episode/leg
pair-stage-probes-1f70b1a6-v6c-bound-grid/cases/grasp_lift_b-v6c_boundary_eyaw-0.0350rad_s911/frames/r3,122880,61440,122880,61440,10,5,5,61440,61440,D1,first + >=1 SIM second since last sample + last per stream/episode/leg
pair-stage-probes-2aa03454-grid1,5401587,5401587,5414912,5414912,5,0,5,0,0,,
pair-stage-probes-2aa03454-grid1-managed,6299758,6299758,6307840,6307840,2,0,2,0,0,,
pair-stage-probes-2aa03454-grid1/cases,182220,182220,622592,622592,152,0,152,0,0,,
pair-stage-probes-2aa03454-grid1/cases/align_e2e_v6-s911-v5h_s911,1424455,1424455,1437696,1437696,5,0,5,0,0,,
pair-stage-probes-2aa03454-grid1/cases/align_e2e_v6-s911-v5h_s911/eval_only,518924,518924,520192,520192,2,0,2,0,0,,
pair-stage-probes-2aa03454-grid1/cases/align_e2e_v6-s911-v5h_s911/frames,0,0,0,0,0,0,0,0,0,,
pair-stage-probes-2aa03454-grid1/cases/align_e2e_v6-s911-v5h_s911/frames/r1,4534774,910132,4976640,1003520,221,178,43,3624642,3973120,D1,first + >=1 SIM second since last sample + last per stream/episode/leg
pair-stage-probes-2aa03454-grid1/cases/align_e2e_v6-s911-v5h_s911/frames/r2,3986298,532073,4464640,585728,222,193,29,3454225,3878912,D1,first + >=1 SIM second since last sample + last per stream/episode/leg
pair-stage-probes-2aa03454-grid1/cases/align_e2e_v6-s911-v5h_s911/frames/r3,1424016,331452,1425408,331776,116,89,27,1092564,1093632,D1,first + >=1 SIM second since last sample + last per stream/episode/leg
pair-stage-probes-2aa03454-grid1/cases/align_e2e_v6-s911-v5h_s912,1639981,1639981,1646592,1646592,5,0,5,0,0,,
pair-stage-probes-2aa03454-grid1/cases/align_e2e_v6-s911-v5h_s912/eval_only,610064,610064,614400,614400,2,0,2,0,0,,
pair-stage-probes-2aa03454-grid1/cases/align_e2e_v6-s911-v5h_s912/frames,0,0,0,0,0,0,0,0,0,,
pair-stage-probes-2aa03454-grid1/cases/align_e2e_v6-s911-v5h_s912/frames/r1,5102097,974125,5599232,1073152,261,214,47,4127972,4526080,D1,first + >=1 SIM second since last sample + last per stream/episode/leg
pair-stage-probes-2aa03454-grid1/cases/align_e2e_v6-s911-v5h_s912/frames/r2,4709861,606975,5242880,663552,262,229,33,4102886,4579328,D1,first + >=1 SIM second since last sample + last per stream/episode/leg
pair-stage-probes-2aa03454-grid1/cases/align_e2e_v6-s911-v5h_s912/frames/r3,1669536,380556,1671168,380928,136,105,31,1288980,1290240,D1,first + >=1 SIM second since last sample + last per stream/episode/leg
pair-stage-probes-2aa03454-grid1/cases/align_e2e_v6-s911-v5h_s913,1424375,1333487,1437696,1343488,5,1,4,90888,94208,D5,
pair-stage-probes-2aa03454-grid1/cases/align_e2e_v6-s911-v5h_s913/eval_only,518917,518917,520192,520192,2,0,2,0,0,,
pair-stage-probes-2aa03454-grid1/cases/align_e2e_v6-s911-v5h_s913/frames,0,0,0,0,0,0,0,0,0,,
pair-stage-probes-2aa03454-grid1/cases/align_e2e_v6-s911-v5h_s913/frames/r1,4534774,910132,4976640,1003520,221,178,43,3624642,3973120,D1,first + >=1 SIM second since last sample + last per stream/episode/leg
pair-stage-probes-2aa03454-grid1/cases/align_e2e_v6-s911-v5h_s913/frames/r2,3986298,532073,4464640,585728,222,193,29,3454225,3878912,D1,first + >=1 SIM second since last sample + last per stream/episode/leg
pair-stage-probes-2aa03454-grid1/cases/align_e2e_v6-s911-v5h_s913/frames/r3,1424016,331452,1425408,331776,116,89,27,1092564,1093632,D1,first + >=1 SIM second since last sample + last per stream/episode/leg
pair-stage-probes-2aa03454-grid1/cases/align_e2e_v6-s912-v5h_s911,1309159,1309159,1318912,1318912,5,0,5,0,0,,
pair-stage-probes-2aa03454-grid1/cases/align_e2e_v6-s912-v5h_s911/eval_only,476625,476625,483328,483328,2,0,2,0,0,,
pair-stage-probes-2aa03454-grid1/cases/align_e2e_v6-s912-v5h_s911/frames,0,0,0,0,0,0,0,0,0,,
pair-stage-probes-2aa03454-grid1/cases/align_e2e_v6-s912-v5h_s911/frames/r1,4113791,861629,4517888,958464,201,160,41,3252162,3559424,D1,first + >=1 SIM second since last sample + last per stream/episode/leg
pair-stage-probes-2aa03454-grid1/cases/align_e2e_v6-s912-v5h_s911/frames/r2,3628996,498267,4083712,569344,202,175,27,3130729,3514368,D1,first + >=1 SIM second since last sample + last per stream/episode/leg
pair-stage-probes-2aa03454-grid1/cases/align_e2e_v6-s912-v5h_s911/frames/r3,1301256,306900,1302528,307200,106,81,25,994356,995328,D1,first + >=1 SIM second since last sample + last per stream/episode/leg
pair-stage-probes-2aa03454-grid1/cases/align_e2e_v6-s912-v5h_s912,1309398,1233037,1318912,1241088,5,1,4,76361,77824,D5,
pair-stage-probes-2aa03454-grid1/cases/align_e2e_v6-s912-v5h_s912/eval_only,476649,476649,483328,483328,2,0,2,0,0,,
pair-stage-probes-2aa03454-grid1/cases/align_e2e_v6-s912-v5h_s912/frames,0,0,0,0,0,0,0,0,0,,
pair-stage-probes-2aa03454-grid1/cases/align_e2e_v6-s912-v5h_s912/frames/r1,4113791,861629,4517888,958464,201,160,41,3252162,3559424,D1,first + >=1 SIM second since last sample + last per stream/episode/leg
pair-stage-probes-2aa03454-grid1/cases/align_e2e_v6-s912-v5h_s912/frames/r2,3628996,498267,4083712,569344,202,175,27,3130729,3514368,D1,first + >=1 SIM second since last sample + last per stream/episode/leg
pair-stage-probes-2aa03454-grid1/cases/align_e2e_v6-s912-v5h_s912/frames/r3,1301256,306900,1302528,307200,106,81,25,994356,995328,D1,first + >=1 SIM second since last sample + last per stream/episode/leg
pair-stage-probes-2aa03454-grid1/cases/align_e2e_v6-s912-v5h_s913,1301517,1301517,1310720,1310720,5,0,5,0,0,,
pair-stage-probes-2aa03454-grid1/cases/align_e2e_v6-s912-v5h_s913/eval_only,476895,476895,483328,483328,2,0,2,0,0,,
pair-stage-probes-2aa03454-grid1/cases/align_e2e_v6-s912-v5h_s913/frames,0,0,0,0,0,0,0,0,0,,
pair-stage-probes-2aa03454-grid1/cases/align_e2e_v6-s912-v5h_s913/frames/r1,4195510,865229,4603904,958464,201,160,41,3330281,3645440,D1,first + >=1 SIM second since last sample + last per stream/episode/leg
pair-stage-probes-2aa03454-grid1/cases/align_e2e_v6-s912-v5h_s913/frames/r2,3681766,511444,4120576,577536,202,175,27,3170322,3543040,D1,first + >=1 SIM second since last sample + last per stream/episode/leg
pair-stage-probes-2aa03454-grid1/cases/align_e2e_v6-s912-v5h_s913/frames/r3,1301256,306900,1302528,307200,106,81,25,994356,995328,D1,first + >=1 SIM second since last sample + last per stream/episode/leg
pair-stage-probes-2aa03454-grid1/cases/align_teacher_along+_opp_s911,1307993,1307993,1314816,1314816,5,0,5,0,0,,
pair-stage-probes-2aa03454-grid1/cases/align_teacher_along+_opp_s911/eval_only,469178,469178,471040,471040,2,0,2,0,0,,
pair-stage-probes-2aa03454-grid1/cases/align_teacher_along+_opp_s911/frames,0,0,0,0,0,0,0,0,0,,
pair-stage-probes-2aa03454-grid1/cases/align_teacher_along+_opp_s911/frames/r1,4118507,861658,4472832,942080,200,159,41,3256849,3530752,D1,first + >=1 SIM second since last sample + last per stream/episode/leg
pair-stage-probes-2aa03454-grid1/cases/align_teacher_along+_opp_s911/frames/r2,3768798,507913,4194304,557056,201,174,27,3260885,3637248,D1,first + >=1 SIM second since last sample + last per stream/episode/leg
pair-stage-probes-2aa03454-grid1/cases/align_teacher_along+_opp_s911/frames/r3,1290240,307200,1290240,307200,105,80,25,983040,983040,D1,first + >=1 SIM second since last sample + last per stream/episode/leg
pair-stage-probes-2aa03454-grid1/cases/align_teacher_along+_opp_s912,1187249,1187249,1196032,1196032,5,0,5,0,0,,
pair-stage-probes-2aa03454-grid1/cases/align_teacher_along+_opp_s912/eval_only,430668,430668,434176,434176,2,0,2,0,0,,
pair-stage-probes-2aa03454-grid1/cases/align_teacher_along+_opp_s912/frames,0,0,0,0,0,0,0,0,0,,
pair-stage-probes-2aa03454-grid1/cases/align_teacher_along+_opp_s912/frames/r1,3783181,854955,4104192,942080,183,144,39,2928226,3162112,D1,first + >=1 SIM second since last sample + last per stream/episode/leg
pair-stage-probes-2aa03454-grid1/cases/align_teacher_along+_opp_s912/frames/r2,3549613,484995,3948544,528384,184,159,25,3064618,3420160,D1,first + >=1 SIM second since last sample + last per stream/episode/leg
pair-stage-probes-2aa03454-grid1/cases/align_teacher_along+_opp_s912/frames/r3,1191936,294912,1191936,294912,97,73,24,897024,897024,D1,first + >=1 SIM second since last sample + last per stream/episode/leg
pair-stage-probes-2aa03454-grid1/cases/align_teacher_along+_same_s911,1723141,1723141,1732608,1732608,5,0,5,0,0,,
pair-stage-probes-2aa03454-grid1/cases/align_teacher_along+_same_s911/eval_only,662966,662966,667648,667648,2,0,2,0,0,,
pair-stage-probes-2aa03454-grid1/cases/align_teacher_along+_same_s911/frames,0,0,0,0,0,0,0,0,0,,
pair-stage-probes-2aa03454-grid1/cases/align_teacher_along+_same_s911/frames/r1,5641773,1023375,6094848,1118208,286,236,50,4618398,4976640,D1,first + >=1 SIM second since last sample + last per stream/episode/leg
pair-stage-probes-2aa03454-grid1/cases/align_teacher_along+_same_s911/frames/r2,4724207,612106,5341184,692224,287,252,35,4112101,4648960,D1,first + >=1 SIM second since last sample + last per stream/episode/leg
pair-stage-probes-2aa03454-grid1/cases/align_teacher_along+_same_s911/frames/r3,1818624,417792,1818624,417792,148,114,34,1400832,1400832,D1,first + >=1 SIM second since last sample + last per stream/episode/leg
pair-stage-probes-2aa03454-grid1/cases/align_teacher_along+_same_s912,1138962,1138962,1146880,1146880,5,0,5,0,0,,
pair-stage-probes-2aa03454-grid1/cases/align_teacher_along+_same_s912/eval_only,426381,426381,430080,430080,2,0,2,0,0,,
pair-stage-probes-2aa03454-grid1/cases/align_teacher_along+_same_s912/frames,0,0,0,0,0,0,0,0,0,,
pair-stage-probes-2aa03454-grid1/cases/align_teacher_along+_same_s912/frames/r1,3770784,862381,4079616,946176,181,142,39,2908403,3133440,D1,first + >=1 SIM second since last sample + last per stream/episode/leg
pair-stage-probes-2aa03454-grid1/cases/align_teacher_along+_same_s912/frames/r2,3210661,459421,3596288,524288,182,157,25,2751240,3072000,D1,first + >=1 SIM second since last sample + last per stream/episode/leg
pair-stage-probes-2aa03454-grid1/cases/align_teacher_along+_same_s912/frames/r3,1179648,282624,1179648,282624,96,73,23,897024,897024,D1,first + >=1 SIM second since last sample + last per stream/episode/leg
pair-stage-probes-2aa03454-grid1/cases/align_teacher_along-_opp_s911,1289663,1289663,1298432,1298432,5,0,5,0,0,,
pair-stage-probes-2aa03454-grid1/cases/align_teacher_along-_opp_s911/eval_only,464909,464909,471040,471040,2,0,2,0,0,,
pair-stage-probes-2aa03454-grid1/cases/align_teacher_along-_opp_s911/frames,0,0,0,0,0,0,0,0,0,,
pair-stage-probes-2aa03454-grid1/cases/align_teacher_along-_opp_s911/frames/r1,4090979,868882,4493312,962560,198,157,41,3222097,3530752,D1,first + >=1 SIM second since last sample + last per stream/episode/leg
pair-stage-probes-2aa03454-grid1/cases/align_teacher_along-_opp_s911/frames/r2,3494546,478840,3940352,544768,199,173,26,3015706,3395584,D1,first + >=1 SIM second since last sample + last per stream/episode/leg
pair-stage-probes-2aa03454-grid1/cases/align_teacher_along-_opp_s911/frames/r3,1277952,307200,1277952,307200,104,79,25,970752,970752,D1,first + >=1 SIM second since last sample + last per stream/episode/leg
pair-stage-probes-2aa03454-grid1/cases/align_teacher_along-_opp_s912,1179408,1179408,1191936,1191936,5,0,5,0,0,,
pair-stage-probes-2aa03454-grid1/cases/align_teacher_along-_opp_s912/eval_only,426650,426650,430080,430080,2,0,2,0,0,,
pair-stage-probes-2aa03454-grid1/cases/align_teacher_along-_opp_s912/frames,0,0,0,0,0,0,0,0,0,,
pair-stage-probes-2aa03454-grid1/cases/align_teacher_along-_opp_s912/frames/r1,3840552,840719,4210688,929792,181,142,39,2999833,3280896,D1,first + >=1 SIM second since last sample + last per stream/episode/leg
pair-stage-probes-2aa03454-grid1/cases/align_teacher_along-_opp_s912/frames/r2,3194973,457056,3596288,524288,182,157,25,2737917,3072000,D1,first + >=1 SIM second since last sample + last per stream/episode/leg
pair-stage-probes-2aa03454-grid1/cases/align_teacher_along-_opp_s912/frames/r3,1179648,282624,1179648,282624,96,73,23,897024,897024,D1,first + >=1 SIM second since last sample + last per stream/episode/leg
pair-stage-probes-2aa03454-grid1/cases/align_teacher_along-_same_s911,1782715,1782715,1794048,1794048,5,0,5,0,0,,
pair-stage-probes-2aa03454-grid1/cases/align_teacher_along-_same_s911/eval_only,661232,661232,663552,663552,2,0,2,0,0,,
pair-stage-probes-2aa03454-grid1/cases/align_teacher_along-_same_s911/frames,0,0,0,0,0,0,0,0,0,,
pair-stage-probes-2aa03454-grid1/cases/align_teacher_along-_same_s911/frames/r1,5569983,1017301,6111232,1126400,285,235,50,4552682,4984832,D1,first + >=1 SIM second since last sample + last per stream/episode/leg
pair-stage-probes-2aa03454-grid1/cases/align_teacher_along-_same_s911/frames/r2,4963493,619026,5533696,679936,286,251,35,4344467,4853760,D1,first + >=1 SIM second since last sample + last per stream/episode/leg
pair-stage-probes-2aa03454-grid1/cases/align_teacher_along-_same_s911/frames/r3,1818624,417792,1818624,417792,148,114,34,1400832,1400832,D1,first + >=1 SIM second since last sample + last per stream/episode/leg
pair-stage-probes-2aa03454-grid1/cases/align_teacher_along-_same_s912,1570414,1570414,1581056,1581056,5,0,5,0,0,,
pair-stage-probes-2aa03454-grid1/cases/align_teacher_along-_same_s912/eval_only,559025,559025,561152,561152,2,0,2,0,0,,
pair-stage-probes-2aa03454-grid1/cases/align_teacher_along-_same_s912/frames,0,0,0,0,0,0,0,0,0,,
pair-stage-probes-2aa03454-grid1/cases/align_teacher_along-_same_s912/frames/r1,4820091,934662,5316608,1040384,240,195,45,3885429,4276224,D1,first + >=1 SIM second since last sample + last per stream/episode/leg
pair-stage-probes-2aa03454-grid1/cases/align_teacher_along-_same_s912/frames/r2,4344867,567495,4829184,622592,241,210,31,3777372,4206592,D1,first + >=1 SIM second since last sample + last per stream/episode/leg
pair-stage-probes-2aa03454-grid1/cases/align_teacher_along-_same_s912/frames/r3,1536000,356352,1536000,356352,125,96,29,1179648,1179648,D1,first + >=1 SIM second since last sample + last per stream/episode/leg
pair-stage-probes-2aa03454-grid1/cases/align_teacher_corner++_opp_s911,1233264,1233264,1245184,1245184,5,0,5,0,0,,
pair-stage-probes-2aa03454-grid1/cases/align_teacher_corner++_opp_s911/eval_only,440478,440478,442368,442368,2,0,2,0,0,,
pair-stage-probes-2aa03454-grid1/cases/align_teacher_corner++_opp_s911/frames,0,0,0,0,0,0,0,0,0,,
pair-stage-probes-2aa03454-grid1/cases/align_teacher_corner++_opp_s911/frames/r1,3840559,847390,4227072,946176,188,148,40,2993169,3280896,D1,first + >=1 SIM second since last sample + last per stream/episode/leg
pair-stage-probes-2aa03454-grid1/cases/align_teacher_corner++_opp_s911/frames/r2,3590231,477747,3936256,520192,189,164,25,3112484,3416064,D1,first + >=1 SIM second since last sample + last per stream/episode/leg
pair-stage-probes-2aa03454-grid1/cases/align_teacher_corner++_opp_s911/frames/r3,1216512,294912,1216512,294912,99,75,24,921600,921600,D1,first + >=1 SIM second since last sample + last per stream/episode/leg
pair-stage-probes-2aa03454-grid1/cases/align_teacher_corner++_opp_s912,1534820,1534820,1544192,1544192,5,0,5,0,0,,
pair-stage-probes-2aa03454-grid1/cases/align_teacher_corner++_opp_s912/eval_only,559581,559581,565248,565248,2,0,2,0,0,,
pair-stage-probes-2aa03454-grid1/cases/align_teacher_corner++_opp_s912/frames,0,0,0,0,0,0,0,0,0,,
pair-stage-probes-2aa03454-grid1/cases/align_teacher_corner++_opp_s912/frames/r1,4562679,903782,4988928,1003520,241,196,45,3658897,3985408,D1,first + >=1 SIM second since last sample + last per stream/episode/leg
pair-stage-probes-2aa03454-grid1/cases/align_teacher_corner++_opp_s912/frames/r2,4384689,566265,4874240,622592,242,211,31,3818424,4251648,D1,first + >=1 SIM second since last sample + last per stream/episode/leg
pair-stage-probes-2aa03454-grid1/cases/align_teacher_corner++_opp_s912/frames/r3,1548288,356352,1548288,356352,126,97,29,1191936,1191936,D1,first + >=1 SIM second since last sample + last per stream/episode/leg
pair-stage-probes-2aa03454-grid1/cases/align_teacher_corner++_same_s911,1991784,1991784,2002944,2002944,5,0,5,0,0,,
pair-stage-probes-2aa03454-grid1/cases/align_teacher_corner++_same_s911/eval_only,758854,758854,761856,761856,2,0,2,0,0,,
pair-stage-probes-2aa03454-grid1/cases/align_teacher_corner++_same_s911/frames,0,0,0,0,0,0,0,0,0,,
pair-stage-probes-2aa03454-grid1/cases/align_teacher_corner++_same_s911/frames/r1,6521853,1132202,7077888,1245184,329,274,55,5389651,5832704,D1,first + >=1 SIM second since last sample + last per stream/episode/leg
pair-stage-probes-2aa03454-grid1/cases/align_teacher_corner++_same_s911/frames/r2,5350243,693424,5984256,782336,330,289,41,4656819,5201920,D1,first + >=1 SIM second since last sample + last per stream/episode/leg
pair-stage-probes-2aa03454-grid1/cases/align_teacher_corner++_same_s911/frames/r3,2088960,466944,2088960,466944,170,132,38,1622016,1622016,D1,first + >=1 SIM second since last sample + last per stream/episode/leg
pair-stage-probes-2aa03454-grid1/cases/align_teacher_corner++_same_s912,1153196,1153196,1163264,1163264,5,0,5,0,0,,
pair-stage-probes-2aa03454-grid1/cases/align_teacher_corner++_same_s912/eval_only,426674,426674,430080,430080,2,0,2,0,0,,
pair-stage-probes-2aa03454-grid1/cases/align_teacher_corner++_same_s912/frames,0,0,0,0,0,0,0,0,0,,
pair-stage-probes-2aa03454-grid1/cases/align_teacher_corner++_same_s912/frames/r1,3689248,825197,4014080,913408,181,142,39,2864051,3100672,D1,first + >=1 SIM second since last sample + last per stream/episode/leg
pair-stage-probes-2aa03454-grid1/cases/align_teacher_corner++_same_s912/frames/r2,3286387,470342,3620864,524288,182,157,25,2816045,3096576,D1,first + >=1 SIM second since last sample + last per stream/episode/leg
pair-stage-probes-2aa03454-grid1/cases/align_teacher_corner++_same_s912/frames/r3,1179648,282624,1179648,282624,96,73,23,897024,897024,D1,first + >=1 SIM second since last sample + last per stream/episode/leg
pair-stage-probes-2aa03454-grid1/cases/align_teacher_corner--_opp_s911,1585818,1585818,1593344,1593344,5,0,5,0,0,,
pair-stage-probes-2aa03454-grid1/cases/align_teacher_corner--_opp_s911/eval_only,573694,573694,581632,581632,2,0,2,0,0,,
pair-stage-probes-2aa03454-grid1/cases/align_teacher_corner--_opp_s911/frames,0,0,0,0,0,0,0,0,0,,
pair-stage-probes-2aa03454-grid1/cases/align_teacher_corner--_opp_s911/frames/r1,5135403,978971,5591040,1077248,246,200,46,4156432,4513792,D1,first + >=1 SIM second since last sample + last per stream/episode/leg
pair-stage-probes-2aa03454-grid1/cases/align_teacher_corner--_opp_s911/frames/r2,4122659,543869,4624384,614400,247,216,31,3578790,4009984,D1,first + >=1 SIM second since last sample + last per stream/episode/leg
pair-stage-probes-2aa03454-grid1/cases/align_teacher_corner--_opp_s911/frames/r3,1572864,368640,1572864,368640,128,98,30,1204224,1204224,D1,first + >=1 SIM second since last sample + last per stream/episode/leg
pair-stage-probes-2aa03454-grid1/cases/align_teacher_corner--_opp_s912,1164734,1164734,1175552,1175552,5,0,5,0,0,,
pair-stage-probes-2aa03454-grid1/cases/align_teacher_corner--_opp_s912/eval_only,428211,428211,430080,430080,2,0,2,0,0,,
pair-stage-probes-2aa03454-grid1/cases/align_teacher_corner--_opp_s912/frames,0,0,0,0,0,0,0,0,0,,
pair-stage-probes-2aa03454-grid1/cases/align_teacher_corner--_opp_s912/frames/r1,3910259,826218,4259840,905216,181,142,39,3084041,3354624,D1,first + >=1 SIM second since last sample + last per stream/episode/leg
pair-stage-probes-2aa03454-grid1/cases/align_teacher_corner--_opp_s912/frames/r2,3237663,459546,3571712,516096,182,157,25,2778117,3055616,D1,first + >=1 SIM second since last sample + last per stream/episode/leg
pair-stage-probes-2aa03454-grid1/cases/align_teacher_corner--_opp_s912/frames/r3,1179648,282624,1179648,282624,96,73,23,897024,897024,D1,first + >=1 SIM second since last sample + last per stream/episode/leg
pair-stage-probes-2aa03454-grid1/cases/align_teacher_corner--_same_s911,1561237,1561237,1568768,1568768,5,0,5,0,0,,
pair-stage-probes-2aa03454-grid1/cases/align_teacher_corner--_same_s911/eval_only,559361,559361,561152,561152,2,0,2,0,0,,
pair-stage-probes-2aa03454-grid1/cases/align_teacher_corner--_same_s911/frames,0,0,0,0,0,0,0,0,0,,
pair-stage-probes-2aa03454-grid1/cases/align_teacher_corner--_same_s911/frames/r1,4895918,946250,5369856,1044480,240,195,45,3949668,4325376,D1,first + >=1 SIM second since last sample + last per stream/episode/leg
pair-stage-probes-2aa03454-grid1/cases/align_teacher_corner--_same_s911/frames/r2,4336837,564890,4816896,622592,241,210,31,3771947,4194304,D1,first + >=1 SIM second since last sample + last per stream/episode/leg
pair-stage-probes-2aa03454-grid1/cases/align_teacher_corner--_same_s911/frames/r3,1536000,356352,1536000,356352,125,96,29,1179648,1179648,D1,first + >=1 SIM second since last sample + last per stream/episode/leg
pair-stage-probes-2aa03454-grid1/cases/align_teacher_corner--_same_s912,2936048,2936048,2945024,2945024,5,0,5,0,0,,
pair-stage-probes-2aa03454-grid1/cases/align_teacher_corner--_same_s912/eval_only,1156079,1156079,1159168,1159168,2,0,2,0,0,,
pair-stage-probes-2aa03454-grid1/cases/align_teacher_corner--_same_s912/frames,0,0,0,0,0,0,0,0,0,,
pair-stage-probes-2aa03454-grid1/cases/align_teacher_corner--_same_s912/frames/r1,9455556,1382670,10461184,1536000,504,432,72,8072886,8925184,D1,first + >=1 SIM second since last sample + last per stream/episode/leg
pair-stage-probes-2aa03454-grid1/cases/align_teacher_corner--_same_s912/frames/r2,8198482,962742,9117696,1060864,505,447,58,7235740,8056832,D1,first + >=1 SIM second since last sample + last per stream/episode/leg
pair-stage-probes-2aa03454-grid1/cases/align_teacher_corner--_same_s912/frames/r3,3158016,688128,3158016,688128,257,201,56,2469888,2469888,D1,first + >=1 SIM second since last sample + last per stream/episode/leg
pair-stage-probes-2aa03454-grid1/cases/align_teacher_lat+_opp_s911,1467476,1467476,1478656,1478656,5,0,5,0,0,,
pair-stage-probes-2aa03454-grid1/cases/align_teacher_lat+_opp_s911/eval_only,532701,532701,536576,536576,2,0,2,0,0,,
pair-stage-probes-2aa03454-grid1/cases/align_teacher_lat+_opp_s911/frames,0,0,0,0,0,0,0,0,0,,
pair-stage-probes-2aa03454-grid1/cases/align_teacher_lat+_opp_s911/frames/r1,4526652,908172,4988928,1015808,228,184,44,3618480,3973120,D1,first + >=1 SIM second since last sample + last per stream/episode/leg
pair-stage-probes-2aa03454-grid1/cases/align_teacher_lat+_opp_s911/frames/r2,4075550,533580,4554752,581632,229,200,29,3541970,3973120,D1,first + >=1 SIM second since last sample + last per stream/episode/leg
pair-stage-probes-2aa03454-grid1/cases/align_teacher_lat+_opp_s911/frames/r3,1462272,344064,1462272,344064,119,91,28,1118208,1118208,D1,first + >=1 SIM second since last sample + last per stream/episode/leg
pair-stage-probes-2aa03454-grid1/cases/align_teacher_lat+_opp_s912,1586760,1586760,1597440,1597440,5,0,5,0,0,,
pair-stage-probes-2aa03454-grid1/cases/align_teacher_lat+_opp_s912/eval_only,593971,593971,598016,598016,2,0,2,0,0,,
pair-stage-probes-2aa03454-grid1/cases/align_teacher_lat+_opp_s912/frames,0,0,0,0,0,0,0,0,0,,
pair-stage-probes-2aa03454-grid1/cases/align_teacher_lat+_opp_s912/frames/r1,4959104,956908,5435392,1069056,255,208,47,4002196,4366336,D1,first + >=1 SIM second since last sample + last per stream/episode/leg
pair-stage-probes-2aa03454-grid1/cases/align_teacher_lat+_opp_s912/frames/r2,4381626,559461,4874240,614400,256,224,32,3822165,4259840,D1,first + >=1 SIM second since last sample + last per stream/episode/leg
pair-stage-probes-2aa03454-grid1/cases/align_teacher_lat+_opp_s912/frames/r3,1634304,380928,1634304,380928,133,102,31,1253376,1253376,D1,first + >=1 SIM second since last sample + last per stream/episode/leg
pair-stage-probes-2aa03454-grid1/cases/align_teacher_lat+_same_s911,1583256,1583256,1593344,1593344,5,0,5,0,0,,
pair-stage-probes-2aa03454-grid1/cases/align_teacher_lat+_same_s911/eval_only,596746,596746,602112,602112,2,0,2,0,0,,
pair-stage-probes-2aa03454-grid1/cases/align_teacher_lat+_same_s911/frames,0,0,0,0,0,0,0,0,0,,
pair-stage-probes-2aa03454-grid1/cases/align_teacher_lat+_same_s911/frames/r1,4983058,958654,5451776,1069056,256,209,47,4024404,4382720,D1,first + >=1 SIM second since last sample + last per stream/episode/leg
pair-stage-probes-2aa03454-grid1/cases/align_teacher_lat+_same_s911/frames/r2,4448849,570440,5033984,651264,257,225,32,3878409,4382720,D1,first + >=1 SIM second since last sample + last per stream/episode/leg
pair-stage-probes-2aa03454-grid1/cases/align_teacher_lat+_same_s911/frames/r3,1634304,380928,1634304,380928,133,102,31,1253376,1253376,D1,first + >=1 SIM second since last sample + last per stream/episode/leg
pair-stage-probes-2aa03454-grid1/cases/align_teacher_lat+_same_s912,1369172,1369172,1376256,1376256,5,0,5,0,0,,
pair-stage-probes-2aa03454-grid1/cases/align_teacher_lat+_same_s912/eval_only,494971,494971,499712,499712,2,0,2,0,0,,
pair-stage-probes-2aa03454-grid1/cases/align_teacher_lat+_same_s912/frames,0,0,0,0,0,0,0,0,0,,
pair-stage-probes-2aa03454-grid1/cases/align_teacher_lat+_same_s912/frames/r1,4285095,879942,4714496,987136,211,169,42,3405153,3727360,D1,first + >=1 SIM second since last sample + last per stream/episode/leg
pair-stage-probes-2aa03454-grid1/cases/align_teacher_lat+_same_s912/frames/r2,3832011,520240,4329472,593920,212,184,28,3311771,3735552,D1,first + >=1 SIM second since last sample + last per stream/episode/leg
pair-stage-probes-2aa03454-grid1/cases/align_teacher_lat+_same_s912/frames/r3,1363968,319488,1363968,319488,111,85,26,1044480,1044480,D1,first + >=1 SIM second since last sample + last per stream/episode/leg
pair-stage-probes-2aa03454-grid1/cases/align_teacher_lat-_opp_s911,1361993,1361993,1368064,1368064,5,0,5,0,0,,
pair-stage-probes-2aa03454-grid1/cases/align_teacher_lat-_opp_s911/eval_only,495066,495066,499712,499712,2,0,2,0,0,,
pair-stage-probes-2aa03454-grid1/cases/align_teacher_lat-_opp_s911/frames,0,0,0,0,0,0,0,0,0,,
pair-stage-probes-2aa03454-grid1/cases/align_teacher_lat-_opp_s911/frames/r1,4359553,901475,4726784,987136,211,169,42,3458078,3739648,D1,first + >=1 SIM second since last sample + last per stream/episode/leg
pair-stage-probes-2aa03454-grid1/cases/align_teacher_lat-_opp_s911/frames/r2,3845790,522454,4333568,593920,212,184,28,3323336,3739648,D1,first + >=1 SIM second since last sample + last per stream/episode/leg
pair-stage-probes-2aa03454-grid1/cases/align_teacher_lat-_opp_s911/frames/r3,1363968,319488,1363968,319488,111,85,26,1044480,1044480,D1,first + >=1 SIM second since last sample + last per stream/episode/leg
pair-stage-probes-2aa03454-grid1/cases/align_teacher_lat-_opp_s912,1357389,1357389,1368064,1368064,5,0,5,0,0,,
pair-stage-probes-2aa03454-grid1/cases/align_teacher_lat-_opp_s912/eval_only,495000,495000,499712,499712,2,0,2,0,0,,
pair-stage-probes-2aa03454-grid1/cases/align_teacher_lat-_opp_s912/frames,0,0,0,0,0,0,0,0,0,,
pair-stage-probes-2aa03454-grid1/cases/align_teacher_lat-_opp_s912/frames/r1,4448907,922300,4825088,1007616,211,169,42,3526607,3817472,D1,first + >=1 SIM second since last sample + last per stream/episode/leg
pair-stage-probes-2aa03454-grid1/cases/align_teacher_lat-_opp_s912/frames/r2,3845273,522388,4333568,593920,212,184,28,3322885,3739648,D1,first + >=1 SIM second since last sample + last per stream/episode/leg
pair-stage-probes-2aa03454-grid1/cases/align_teacher_lat-_opp_s912/frames/r3,1363968,319488,1363968,319488,111,85,26,1044480,1044480,D1,first + >=1 SIM second since last sample + last per stream/episode/leg
pair-stage-probes-2aa03454-grid1/cases/align_teacher_lat-_same_s911,1417380,1417380,1425408,1425408,5,0,5,0,0,,
pair-stage-probes-2aa03454-grid1/cases/align_teacher_lat-_same_s911/eval_only,517166,517166,520192,520192,2,0,2,0,0,,
pair-stage-probes-2aa03454-grid1/cases/align_teacher_lat-_same_s911/frames,0,0,0,0,0,0,0,0,0,,
pair-stage-probes-2aa03454-grid1/cases/align_teacher_lat-_same_s911/frames/r1,4491033,912996,4886528,1003520,221,178,43,3578037,3883008,D1,first + >=1 SIM second since last sample + last per stream/episode/leg
pair-stage-probes-2aa03454-grid1/cases/align_teacher_lat-_same_s911/frames/r2,3895186,516956,4317184,565248,222,193,29,3378230,3751936,D1,first + >=1 SIM second since last sample + last per stream/episode/leg
pair-stage-probes-2aa03454-grid1/cases/align_teacher_lat-_same_s911/frames/r3,1425408,331776,1425408,331776,116,89,27,1093632,1093632,D1,first + >=1 SIM second since last sample + last per stream/episode/leg
pair-stage-probes-2aa03454-grid1/cases/align_teacher_lat-_same_s912,1577047,1577047,1585152,1585152,5,0,5,0,0,,
pair-stage-probes-2aa03454-grid1/cases/align_teacher_lat-_same_s912/eval_only,596295,596295,602112,602112,2,0,2,0,0,,
pair-stage-probes-2aa03454-grid1/cases/align_teacher_lat-_same_s912/frames,0,0,0,0,0,0,0,0,0,,
pair-stage-probes-2aa03454-grid1/cases/align_teacher_lat-_same_s912/frames/r1,5039138,976315,5459968,1069056,256,209,47,4062823,4390912,D1,first + >=1 SIM second since last sample + last per stream/episode/leg
pair-stage-probes-2aa03454-grid1/cases/align_teacher_lat-_same_s912/frames/r2,4406018,562264,4890624,614400,257,225,32,3843754,4276224,D1,first + >=1 SIM second since last sample + last per stream/episode/leg
pair-stage-probes-2aa03454-grid1/cases/align_teacher_lat-_same_s912/frames/r3,1634304,380928,1634304,380928,133,102,31,1253376,1253376,D1,first + >=1 SIM second since last sample + last per stream/episode/leg
pair-stage-probes-2aa03454-grid1/cases/align_teacher_nominal_s911,1779712,790389,1789952,794624,5,3,2,989323,995328,D5,
pair-stage-probes-2aa03454-grid1/cases/align_teacher_nominal_s911/eval_only,667027,248214,671744,249856,2,1,1,418813,421888,D5,
pair-stage-probes-2aa03454-grid1/cases/align_teacher_nominal_s911/frames,0,0,0,0,0,0,0,0,0,,
pair-stage-probes-2aa03454-grid1/cases/align_teacher_nominal_s911/frames/r1,5748241,1049968,6279168,1159168,288,238,50,4698273,5120000,D1,first + >=1 SIM second since last sample + last per stream/episode/leg
pair-stage-probes-2aa03454-grid1/cases/align_teacher_nominal_s911/frames/r2,4751816,600641,5427200,692224,289,254,35,4151175,4734976,D1,first + >=1 SIM second since last sample + last per stream/episode/leg
pair-stage-probes-2aa03454-grid1/cases/align_teacher_nominal_s911/frames/r3,1830912,417792,1830912,417792,149,115,34,1413120,1413120,D1,first + >=1 SIM second since last sample + last per stream/episode/leg
pair-stage-probes-2aa03454-grid1/cases/align_teacher_nominal_s912,1363418,1363418,1376256,1376256,5,0,5,0,0,,
pair-stage-probes-2aa03454-grid1/cases/align_teacher_nominal_s912/eval_only,493929,493929,495616,495616,2,0,2,0,0,,
pair-stage-probes-2aa03454-grid1/cases/align_teacher_nominal_s912/frames,0,0,0,0,0,0,0,0,0,,
pair-stage-probes-2aa03454-grid1/cases/align_teacher_nominal_s912/frames/r1,4378983,908968,4804608,1003520,211,169,42,3470015,3801088,D1,first + >=1 SIM second since last sample + last per stream/episode/leg
pair-stage-probes-2aa03454-grid1/cases/align_teacher_nominal_s912/frames/r2,3787230,513858,4304896,589824,212,184,28,3273372,3715072,D1,first + >=1 SIM second since last sample + last per stream/episode/leg
pair-stage-probes-2aa03454-grid1/cases/align_teacher_nominal_s912/frames/r3,1363968,319488,1363968,319488,111,85,26,1044480,1044480,D1,first + >=1 SIM second since last sample + last per stream/episode/leg
pair-stage-probes-2aa03454-grid1/cases/align_teacher_nominal_s913,1529011,1529011,1544192,1544192,5,0,5,0,0,,
pair-stage-probes-2aa03454-grid1/cases/align_teacher_nominal_s913/eval_only,574831,574831,581632,581632,2,0,2,0,0,,
pair-stage-probes-2aa03454-grid1/cases/align_teacher_nominal_s913/frames,0,0,0,0,0,0,0,0,0,,
pair-stage-probes-2aa03454-grid1/cases/align_teacher_nominal_s913/frames/r1,5000170,938443,5492736,1040384,246,200,46,4061727,4452352,D1,first + >=1 SIM second since last sample + last per stream/episode/leg
pair-stage-probes-2aa03454-grid1/cases/align_teacher_nominal_s913/frames/r2,4254690,550282,4841472,630784,247,216,31,3704408,4210688,D1,first + >=1 SIM second since last sample + last per stream/episode/leg
pair-stage-probes-2aa03454-grid1/cases/align_teacher_nominal_s913/frames/r3,1585152,368640,1585152,368640,129,99,30,1216512,1216512,D1,first + >=1 SIM second since last sample + last per stream/episode/leg
pair-stage-probes-2aa03454-grid1/cases/align_teacher_yaw+_opp_s911,1578308,1578308,1593344,1593344,5,0,5,0,0,,
pair-stage-probes-2aa03454-grid1/cases/align_teacher_yaw+_opp_s911/eval_only,594154,594154,598016,598016,2,0,2,0,0,,
pair-stage-probes-2aa03454-grid1/cases/align_teacher_yaw+_opp_s911/frames,0,0,0,0,0,0,0,0,0,,
pair-stage-probes-2aa03454-grid1/cases/align_teacher_yaw+_opp_s911/frames/r1,5054969,955319,5550080,1048576,256,209,47,4099650,4501504,D1,first + >=1 SIM second since last sample + last per stream/episode/leg
pair-stage-probes-2aa03454-grid1/cases/align_teacher_yaw+_opp_s911/frames/r2,4437992,565911,4947968,618496,257,225,32,3872081,4329472,D1,first + >=1 SIM second since last sample + last per stream/episode/leg
pair-stage-probes-2aa03454-grid1/cases/align_teacher_yaw+_opp_s911/frames/r3,1634304,380928,1634304,380928,133,102,31,1253376,1253376,D1,first + >=1 SIM second since last sample + last per stream/episode/leg
pair-stage-probes-2aa03454-grid1/cases/align_teacher_yaw+_opp_s912,1367739,1367739,1376256,1376256,5,0,5,0,0,,
pair-stage-probes-2aa03454-grid1/cases/align_teacher_yaw+_opp_s912/eval_only,492184,492184,495616,495616,2,0,2,0,0,,
pair-stage-probes-2aa03454-grid1/cases/align_teacher_yaw+_opp_s912/frames,0,0,0,0,0,0,0,0,0,,
pair-stage-probes-2aa03454-grid1/cases/align_teacher_yaw+_opp_s912/frames/r1,4267458,882370,4698112,974848,211,169,42,3385088,3723264,D1,first + >=1 SIM second since last sample + last per stream/episode/leg
pair-stage-probes-2aa03454-grid1/cases/align_teacher_yaw+_opp_s912/frames/r2,3798523,511122,4227072,557056,212,184,28,3287401,3670016,D1,first + >=1 SIM second since last sample + last per stream/episode/leg
pair-stage-probes-2aa03454-grid1/cases/align_teacher_yaw+_opp_s912/frames/r3,1363968,319488,1363968,319488,111,85,26,1044480,1044480,D1,first + >=1 SIM second since last sample + last per stream/episode/leg
pair-stage-probes-2aa03454-grid1/cases/align_teacher_yaw+_same_s911,1365063,1365063,1376256,1376256,5,0,5,0,0,,
pair-stage-probes-2aa03454-grid1/cases/align_teacher_yaw+_same_s911/eval_only,493642,493642,495616,495616,2,0,2,0,0,,
pair-stage-probes-2aa03454-grid1/cases/align_teacher_yaw+_same_s911/frames,0,0,0,0,0,0,0,0,0,,
pair-stage-probes-2aa03454-grid1/cases/align_teacher_yaw+_same_s911/frames/r1,4306929,884545,4734976,970752,211,169,42,3422384,3764224,D1,first + >=1 SIM second since last sample + last per stream/episode/leg
pair-stage-probes-2aa03454-grid1/cases/align_teacher_yaw+_same_s911/frames/r2,3797810,515168,4255744,565248,212,184,28,3282642,3690496,D1,first + >=1 SIM second since last sample + last per stream/episode/leg
pair-stage-probes-2aa03454-grid1/cases/align_teacher_yaw+_same_s911/frames/r3,1363968,319488,1363968,319488,111,85,26,1044480,1044480,D1,first + >=1 SIM second since last sample + last per stream/episode/leg
pair-stage-probes-2aa03454-grid1/cases/align_teacher_yaw+_same_s912,1371227,1371227,1380352,1380352,5,0,5,0,0,,
pair-stage-probes-2aa03454-grid1/cases/align_teacher_yaw+_same_s912/eval_only,493504,493504,495616,495616,2,0,2,0,0,,
pair-stage-probes-2aa03454-grid1/cases/align_teacher_yaw+_same_s912/frames,0,0,0,0,0,0,0,0,0,,
pair-stage-probes-2aa03454-grid1/cases/align_teacher_yaw+_same_s912/frames/r1,4200679,877042,4616192,970752,211,169,42,3323637,3645440,D1,first + >=1 SIM second since last sample + last per stream/episode/leg
pair-stage-probes-2aa03454-grid1/cases/align_teacher_yaw+_same_s912/frames/r2,3803746,515715,4247552,565248,212,184,28,3288031,3682304,D1,first + >=1 SIM second since last sample + last per stream/episode/leg
pair-stage-probes-2aa03454-grid1/cases/align_teacher_yaw+_same_s912/frames/r3,1363968,319488,1363968,319488,111,85,26,1044480,1044480,D1,first + >=1 SIM second since last sample + last per stream/episode/leg
pair-stage-probes-2aa03454-grid1/cases/align_teacher_yaw-_opp_s911,1369483,1369483,1380352,1380352,5,0,5,0,0,,
pair-stage-probes-2aa03454-grid1/cases/align_teacher_yaw-_opp_s911/eval_only,494788,494788,495616,495616,2,0,2,0,0,,
pair-stage-probes-2aa03454-grid1/cases/align_teacher_yaw-_opp_s911/frames,0,0,0,0,0,0,0,0,0,,
pair-stage-probes-2aa03454-grid1/cases/align_teacher_yaw-_opp_s911/frames/r1,4291422,884953,4710400,987136,211,169,42,3406469,3723264,D1,first + >=1 SIM second since last sample + last per stream/episode/leg
pair-stage-probes-2aa03454-grid1/cases/align_teacher_yaw-_opp_s911/frames/r2,3801645,515477,4243456,565248,212,184,28,3286168,3678208,D1,first + >=1 SIM second since last sample + last per stream/episode/leg
pair-stage-probes-2aa03454-grid1/cases/align_teacher_yaw-_opp_s911/frames/r3,1363968,319488,1363968,319488,111,85,26,1044480,1044480,D1,first + >=1 SIM second since last sample + last per stream/episode/leg
pair-stage-probes-2aa03454-grid1/cases/align_teacher_yaw-_opp_s912,1369186,1273490,1380352,1282048,5,1,4,95696,98304,D5,
pair-stage-probes-2aa03454-grid1/cases/align_teacher_yaw-_opp_s912/eval_only,494839,494839,495616,495616,2,0,2,0,0,,
pair-stage-probes-2aa03454-grid1/cases/align_teacher_yaw-_opp_s912/frames,0,0,0,0,0,0,0,0,0,,
pair-stage-probes-2aa03454-grid1/cases/align_teacher_yaw-_opp_s912/frames/r1,4291422,884953,4710400,987136,211,169,42,3406469,3723264,D1,first + >=1 SIM second since last sample + last per stream/episode/leg
pair-stage-probes-2aa03454-grid1/cases/align_teacher_yaw-_opp_s912/frames/r2,3801645,515477,4243456,565248,212,184,28,3286168,3678208,D1,first + >=1 SIM second since last sample + last per stream/episode/leg
pair-stage-probes-2aa03454-grid1/cases/align_teacher_yaw-_opp_s912/frames/r3,1363968,319488,1363968,319488,111,85,26,1044480,1044480,D1,first + >=1 SIM second since last sample + last per stream/episode/leg
pair-stage-probes-2aa03454-grid1/cases/align_teacher_yaw-_same_s911,1399872,1399872,1409024,1409024,5,0,5,0,0,,
pair-stage-probes-2aa03454-grid1/cases/align_teacher_yaw-_same_s911/eval_only,507255,507255,512000,512000,2,0,2,0,0,,
pair-stage-probes-2aa03454-grid1/cases/align_teacher_yaw-_same_s911/frames,0,0,0,0,0,0,0,0,0,,
pair-stage-probes-2aa03454-grid1/cases/align_teacher_yaw-_same_s911/frames/r1,4376634,899545,4804608,1003520,217,174,43,3477089,3801088,D1,first + >=1 SIM second since last sample + last per stream/episode/leg
pair-stage-probes-2aa03454-grid1/cases/align_teacher_yaw-_same_s911/frames/r2,3886667,513954,4333568,561152,218,190,28,3372713,3772416,D1,first + >=1 SIM second since last sample + last per stream/episode/leg
pair-stage-probes-2aa03454-grid1/cases/align_teacher_yaw-_same_s911/frames/r3,1400832,331776,1400832,331776,114,87,27,1069056,1069056,D1,first + >=1 SIM second since last sample + last per stream/episode/leg
pair-stage-probes-2aa03454-grid1/cases/align_teacher_yaw-_same_s912,1475391,1475391,1486848,1486848,5,0,5,0,0,,
pair-stage-probes-2aa03454-grid1/cases/align_teacher_yaw-_same_s912/eval_only,544072,544072,548864,548864,2,0,2,0,0,,
pair-stage-probes-2aa03454-grid1/cases/align_teacher_yaw-_same_s912/frames,0,0,0,0,0,0,0,0,0,,
pair-stage-probes-2aa03454-grid1/cases/align_teacher_yaw-_same_s912/frames/r1,4621423,915440,5066752,1019904,233,189,44,3705983,4046848,D1,first + >=1 SIM second since last sample + last per stream/episode/leg
pair-stage-probes-2aa03454-grid1/cases/align_teacher_yaw-_same_s912/frames/r2,4091627,536018,4562944,585728,234,204,30,3555609,3977216,D1,first + >=1 SIM second since last sample + last per stream/episode/leg
pair-stage-probes-2aa03454-grid1/cases/align_teacher_yaw-_same_s912/frames/r3,1499136,356352,1499136,356352,122,93,29,1142784,1142784,D1,first + >=1 SIM second since last sample + last per stream/episode/leg
pair-stage-probes-2aa03454-grid1/cases/grasp_lift_teacher_along+_opp_s911,278937,278937,290816,290816,5,0,5,0,0,,
pair-stage-probes-2aa03454-grid1/cases/grasp_lift_teacher_along+_opp_s911/eval_only,116939,116939,122880,122880,2,0,2,0,0,,
pair-stage-probes-2aa03454-grid1/cases/grasp_lift_teacher_along+_opp_s911/frames,0,0,0,0,0,0,0,0,0,,
pair-stage-probes-2aa03454-grid1/cases/grasp_lift_teacher_along+_opp_s911/frames/r1,777608,470357,815104,495616,44,17,27,307251,319488,D1,first + >=1 SIM second since last sample + last per stream/episode/leg
pair-stage-probes-2aa03454-grid1/cases/grasp_lift_teacher_along+_opp_s911/frames/r2,759692,197358,831488,212992,45,34,11,562334,618496,D1,first + >=1 SIM second since last sample + last per stream/episode/leg
pair-stage-probes-2aa03454-grid1/cases/grasp_lift_teacher_along+_opp_s911/frames/r3,331776,122880,331776,122880,27,17,10,208896,208896,D1,first + >=1 SIM second since last sample + last per stream/episode/leg
pair-stage-probes-2aa03454-grid1/cases/grasp_lift_teacher_along+_opp_s912,278961,218441,290816,229376,5,1,4,60520,61440,D5,
pair-stage-probes-2aa03454-grid1/cases/grasp_lift_teacher_along+_opp_s912/eval_only,116955,116955,122880,122880,2,0,2,0,0,,
pair-stage-probes-2aa03454-grid1/cases/grasp_lift_teacher_along+_opp_s912/frames,0,0,0,0,0,0,0,0,0,,
pair-stage-probes-2aa03454-grid1/cases/grasp_lift_teacher_along+_opp_s912/frames/r1,777608,470357,815104,495616,44,17,27,307251,319488,D1,first + >=1 SIM second since last sample + last per stream/episode/leg
pair-stage-probes-2aa03454-grid1/cases/grasp_lift_teacher_along+_opp_s912/frames/r2,759692,197358,831488,212992,45,34,11,562334,618496,D1,first + >=1 SIM second since last sample + last per stream/episode/leg
pair-stage-probes-2aa03454-grid1/cases/grasp_lift_teacher_along+_opp_s912/frames/r3,331776,122880,331776,122880,27,17,10,208896,208896,D1,first + >=1 SIM second since last sample + last per stream/episode/leg
pair-stage-probes-2aa03454-grid1/cases/grasp_lift_teacher_along+_same_s911,267920,267920,278528,278528,5,0,5,0,0,,
pair-stage-probes-2aa03454-grid1/cases/grasp_lift_teacher_along+_same_s911/eval_only,114796,114796,118784,118784,2,0,2,0,0,,
pair-stage-probes-2aa03454-grid1/cases/grasp_lift_teacher_along+_same_s911/frames,0,0,0,0,0,0,0,0,0,,
pair-stage-probes-2aa03454-grid1/cases/grasp_lift_teacher_along+_same_s911/frames/r1,760520,467603,798720,495616,43,16,27,292917,303104,D1,first + >=1 SIM second since last sample + last per stream/episode/leg
pair-stage-probes-2aa03454-grid1/cases/grasp_lift_teacher_along+_same_s911/frames/r2,752914,200262,815104,212992,44,33,11,552652,602112,D1,first + >=1 SIM second since last sample + last per stream/episode/leg
pair-stage-probes-2aa03454-grid1/cases/grasp_lift_teacher_along+_same_s911/frames/r3,331776,122880,331776,122880,27,17,10,208896,208896,D1,first + >=1 SIM second since last sample + last per stream/episode/leg
pair-stage-probes-2aa03454-grid1/cases/grasp_lift_teacher_along+_same_s912,267943,208707,278528,217088,5,1,4,59236,61440,D5,
pair-stage-probes-2aa03454-grid1/cases/grasp_lift_teacher_along+_same_s912/eval_only,114809,114809,118784,118784,2,0,2,0,0,,
pair-stage-probes-2aa03454-grid1/cases/grasp_lift_teacher_along+_same_s912/frames,0,0,0,0,0,0,0,0,0,,
pair-stage-probes-2aa03454-grid1/cases/grasp_lift_teacher_along+_same_s912/frames/r1,760520,467603,798720,495616,43,16,27,292917,303104,D1,first + >=1 SIM second since last sample + last per stream/episode/leg
pair-stage-probes-2aa03454-grid1/cases/grasp_lift_teacher_along+_same_s912/frames/r2,752914,200262,815104,212992,44,33,11,552652,602112,D1,first + >=1 SIM second since last sample + last per stream/episode/leg
pair-stage-probes-2aa03454-grid1/cases/grasp_lift_teacher_along+_same_s912/frames/r3,331776,122880,331776,122880,27,17,10,208896,208896,D1,first + >=1 SIM second since last sample + last per stream/episode/leg
pair-stage-probes-2aa03454-grid1/cases/grasp_lift_teacher_along-_opp_s911,142099,142099,151552,151552,5,0,5,0,0,,
pair-stage-probes-2aa03454-grid1/cases/grasp_lift_teacher_along-_opp_s911/eval_only,71895,71895,73728,73728,2,0,2,0,0,,
pair-stage-probes-2aa03454-grid1/cases/grasp_lift_teacher_along-_opp_s911/frames,0,0,0,0,0,0,0,0,0,,
pair-stage-probes-2aa03454-grid1/cases/grasp_lift_teacher_along-_opp_s911/frames/r1,471068,271343,487424,282624,24,10,14,199725,204800,D1,first + >=1 SIM second since last sample + last per stream/episode/leg
pair-stage-probes-2aa03454-grid1/cases/grasp_lift_teacher_along-_opp_s911/frames/r2,470622,169174,503808,180224,25,16,9,301448,323584,D1,first + >=1 SIM second since last sample + last per stream/episode/leg
pair-stage-probes-2aa03454-grid1/cases/grasp_lift_teacher_along-_opp_s911/frames/r3,208896,98304,208896,98304,17,9,8,110592,110592,D1,first + >=1 SIM second since last sample + last per stream/episode/leg
pair-stage-probes-2aa03454-grid1/cases/grasp_lift_teacher_along-_opp_s912,142113,124033,151552,131072,5,1,4,18080,20480,D5,
pair-stage-probes-2aa03454-grid1/cases/grasp_lift_teacher_along-_opp_s912/eval_only,71896,71896,73728,73728,2,0,2,0,0,,
pair-stage-probes-2aa03454-grid1/cases/grasp_lift_teacher_along-_opp_s912/frames,0,0,0,0,0,0,0,0,0,,
pair-stage-probes-2aa03454-grid1/cases/grasp_lift_teacher_along-_opp_s912/frames/r1,471068,271343,487424,282624,24,10,14,199725,204800,D1,first + >=1 SIM second since last sample + last per stream/episode/leg
pair-stage-probes-2aa03454-grid1/cases/grasp_lift_teacher_along-_opp_s912/frames/r2,470622,169174,503808,180224,25,16,9,301448,323584,D1,first + >=1 SIM second since last sample + last per stream/episode/leg
pair-stage-probes-2aa03454-grid1/cases/grasp_lift_teacher_along-_opp_s912/frames/r3,208896,98304,208896,98304,17,9,8,110592,110592,D1,first + >=1 SIM second since last sample + last per stream/episode/leg
pair-stage-probes-2aa03454-grid1/cases/grasp_lift_teacher_along-_same_s911,142105,124025,151552,131072,5,1,4,18080,20480,D5,
pair-stage-probes-2aa03454-grid1/cases/grasp_lift_teacher_along-_same_s911/eval_only,71901,71901,73728,73728,2,0,2,0,0,,
pair-stage-probes-2aa03454-grid1/cases/grasp_lift_teacher_along-_same_s911/frames,0,0,0,0,0,0,0,0,0,,
pair-stage-probes-2aa03454-grid1/cases/grasp_lift_teacher_along-_same_s911/frames/r1,470304,270489,487424,282624,24,10,14,199815,204800,D1,first + >=1 SIM second since last sample + last per stream/episode/leg
pair-stage-probes-2aa03454-grid1/cases/grasp_lift_teacher_along-_same_s911/frames/r2,468112,168457,503808,180224,25,16,9,299655,323584,D1,first + >=1 SIM second since last sample + last per stream/episode/leg
pair-stage-probes-2aa03454-grid1/cases/grasp_lift_teacher_along-_same_s911/frames/r3,208896,98304,208896,98304,17,9,8,110592,110592,D1,first + >=1 SIM second since last sample + last per stream/episode/leg
pair-stage-probes-2aa03454-grid1/cases/grasp_lift_teacher_along-_same_s912,142127,124047,151552,131072,5,1,4,18080,20480,D5,
pair-stage-probes-2aa03454-grid1/cases/grasp_lift_teacher_along-_same_s912/eval_only,71912,71912,73728,73728,2,0,2,0,0,,
pair-stage-probes-2aa03454-grid1/cases/grasp_lift_teacher_along-_same_s912/frames,0,0,0,0,0,0,0,0,0,,
pair-stage-probes-2aa03454-grid1/cases/grasp_lift_teacher_along-_same_s912/frames/r1,470304,270489,487424,282624,24,10,14,199815,204800,D1,first + >=1 SIM second since last sample + last per stream/episode/leg
pair-stage-probes-2aa03454-grid1/cases/grasp_lift_teacher_along-_same_s912/frames/r2,468112,168457,503808,180224,25,16,9,299655,323584,D1,first + >=1 SIM second since last sample + last per stream/episode/leg
pair-stage-probes-2aa03454-grid1/cases/grasp_lift_teacher_along-_same_s912/frames/r3,208896,98304,208896,98304,17,9,8,110592,110592,D1,first + >=1 SIM second since last sample + last per stream/episode/leg
pair-stage-probes-2aa03454-grid1/cases/grasp_lift_teacher_corner++_opp_s911,584287,584287,593920,593920,5,0,5,0,0,,
pair-stage-probes-2aa03454-grid1/cases/grasp_lift_teacher_corner++_opp_s911/eval_only,189873,189873,192512,192512,2,0,2,0,0,,
pair-stage-probes-2aa03454-grid1/cases/grasp_lift_teacher_corner++_opp_s911/frames,0,0,0,0,0,0,0,0,0,,
pair-stage-probes-2aa03454-grid1/cases/grasp_lift_teacher_corner++_opp_s911/frames/r1,1270131,521295,1359872,565248,75,45,30,748836,794624,D1,first + >=1 SIM second since last sample + last per stream/episode/leg
pair-stage-probes-2aa03454-grid1/cases/grasp_lift_teacher_corner++_opp_s911/frames/r2,1211693,242587,1339392,262144,76,62,14,969106,1077248,D1,first + >=1 SIM second since last sample + last per stream/episode/leg
pair-stage-probes-2aa03454-grid1/cases/grasp_lift_teacher_corner++_opp_s911/frames/r3,528384,159744,528384,159744,43,30,13,368640,368640,D1,first + >=1 SIM second since last sample + last per stream/episode/leg
pair-stage-probes-2aa03454-grid1/cases/grasp_lift_teacher_corner++_opp_s912,584364,497400,593920,503808,5,1,4,86964,90112,D5,
pair-stage-probes-2aa03454-grid1/cases/grasp_lift_teacher_corner++_opp_s912/eval_only,189865,189865,192512,192512,2,0,2,0,0,,
pair-stage-probes-2aa03454-grid1/cases/grasp_lift_teacher_corner++_opp_s912/frames,0,0,0,0,0,0,0,0,0,,
pair-stage-probes-2aa03454-grid1/cases/grasp_lift_teacher_corner++_opp_s912/frames/r1,1270124,521305,1359872,565248,75,45,30,748819,794624,D1,first + >=1 SIM second since last sample + last per stream/episode/leg
pair-stage-probes-2aa03454-grid1/cases/grasp_lift_teacher_corner++_opp_s912/frames/r2,1211678,242587,1339392,262144,76,62,14,969091,1077248,D1,first + >=1 SIM second since last sample + last per stream/episode/leg
pair-stage-probes-2aa03454-grid1/cases/grasp_lift_teacher_corner++_opp_s912/frames/r3,528384,159744,528384,159744,43,30,13,368640,368640,D1,first + >=1 SIM second since last sample + last per stream/episode/leg
pair-stage-probes-2aa03454-grid1/cases/grasp_lift_teacher_corner++_same_s911,268003,268003,278528,278528,5,0,5,0,0,,
pair-stage-probes-2aa03454-grid1/cases/grasp_lift_teacher_corner++_same_s911/eval_only,115661,115661,118784,118784,2,0,2,0,0,,
pair-stage-probes-2aa03454-grid1/cases/grasp_lift_teacher_corner++_same_s911/frames,0,0,0,0,0,0,0,0,0,,
pair-stage-probes-2aa03454-grid1/cases/grasp_lift_teacher_corner++_same_s911/frames/r1,772222,473720,831488,512000,43,16,27,298502,319488,D1,first + >=1 SIM second since last sample + last per stream/episode/leg
pair-stage-probes-2aa03454-grid1/cases/grasp_lift_teacher_corner++_same_s911/frames/r2,760961,202227,815104,212992,44,33,11,558734,602112,D1,first + >=1 SIM second since last sample + last per stream/episode/leg
pair-stage-probes-2aa03454-grid1/cases/grasp_lift_teacher_corner++_same_s911/frames/r3,331776,122880,331776,122880,27,17,10,208896,208896,D1,first + >=1 SIM second since last sample + last per stream/episode/leg
pair-stage-probes-2aa03454-grid1/cases/grasp_lift_teacher_corner++_same_s912,268043,208807,278528,217088,5,1,4,59236,61440,D5,
pair-stage-probes-2aa03454-grid1/cases/grasp_lift_teacher_corner++_same_s912/eval_only,115682,115682,118784,118784,2,0,2,0,0,,
pair-stage-probes-2aa03454-grid1/cases/grasp_lift_teacher_corner++_same_s912/frames,0,0,0,0,0,0,0,0,0,,
pair-stage-probes-2aa03454-grid1/cases/grasp_lift_teacher_corner++_same_s912/frames/r1,772222,473720,831488,512000,43,16,27,298502,319488,D1,first + >=1 SIM second since last sample + last per stream/episode/leg
pair-stage-probes-2aa03454-grid1/cases/grasp_lift_teacher_corner++_same_s912/frames/r2,760961,202227,815104,212992,44,33,11,558734,602112,D1,first + >=1 SIM second since last sample + last per stream/episode/leg
pair-stage-probes-2aa03454-grid1/cases/grasp_lift_teacher_corner++_same_s912/frames/r3,331776,122880,331776,122880,27,17,10,208896,208896,D1,first + >=1 SIM second since last sample + last per stream/episode/leg
pair-stage-probes-2aa03454-grid1/cases/grasp_lift_teacher_corner--_opp_s911,267243,267243,278528,278528,5,0,5,0,0,,
pair-stage-probes-2aa03454-grid1/cases/grasp_lift_teacher_corner--_opp_s911/eval_only,115940,115940,118784,118784,2,0,2,0,0,,
pair-stage-probes-2aa03454-grid1/cases/grasp_lift_teacher_corner--_opp_s911/frames,0,0,0,0,0,0,0,0,0,,
pair-stage-probes-2aa03454-grid1/cases/grasp_lift_teacher_corner--_opp_s911/frames/r1,763011,466714,835584,512000,43,16,27,296297,323584,D1,first + >=1 SIM second since last sample + last per stream/episode/leg
pair-stage-probes-2aa03454-grid1/cases/grasp_lift_teacher_corner--_opp_s911/frames/r2,756544,200690,815104,212992,44,33,11,555854,602112,D1,first + >=1 SIM second since last sample + last per stream/episode/leg
pair-stage-probes-2aa03454-grid1/cases/grasp_lift_teacher_corner--_opp_s911/frames/r3,331776,122880,331776,122880,27,17,10,208896,208896,D1,first + >=1 SIM second since last sample + last per stream/episode/leg
pair-stage-probes-2aa03454-grid1/cases/grasp_lift_teacher_corner--_opp_s912,267289,208045,278528,217088,5,1,4,59244,61440,D5,
pair-stage-probes-2aa03454-grid1/cases/grasp_lift_teacher_corner--_opp_s912/eval_only,115962,115962,118784,118784,2,0,2,0,0,,
pair-stage-probes-2aa03454-grid1/cases/grasp_lift_teacher_corner--_opp_s912/frames,0,0,0,0,0,0,0,0,0,,
pair-stage-probes-2aa03454-grid1/cases/grasp_lift_teacher_corner--_opp_s912/frames/r1,763011,466714,835584,512000,43,16,27,296297,323584,D1,first + >=1 SIM second since last sample + last per stream/episode/leg
pair-stage-probes-2aa03454-grid1/cases/grasp_lift_teacher_corner--_opp_s912/frames/r2,756544,200690,815104,212992,44,33,11,555854,602112,D1,first + >=1 SIM second since last sample + last per stream/episode/leg
pair-stage-probes-2aa03454-grid1/cases/grasp_lift_teacher_corner--_opp_s912/frames/r3,331776,122880,331776,122880,27,17,10,208896,208896,D1,first + >=1 SIM second since last sample + last per stream/episode/leg
pair-stage-probes-2aa03454-grid1/cases/grasp_lift_teacher_corner--_same_s911,311818,311818,319488,319488,5,0,5,0,0,,
pair-stage-probes-2aa03454-grid1/cases/grasp_lift_teacher_corner--_same_s911/eval_only,122342,122342,126976,126976,2,0,2,0,0,,
pair-stage-probes-2aa03454-grid1/cases/grasp_lift_teacher_corner--_same_s911/frames,0,0,0,0,0,0,0,0,0,,
pair-stage-probes-2aa03454-grid1/cases/grasp_lift_teacher_corner--_same_s911/frames/r1,810875,469387,884736,512000,46,19,27,341488,372736,D1,first + >=1 SIM second since last sample + last per stream/episode/leg
pair-stage-probes-2aa03454-grid1/cases/grasp_lift_teacher_corner--_same_s911/frames/r2,797126,199918,864256,212992,47,36,11,597208,651264,D1,first + >=1 SIM second since last sample + last per stream/episode/leg
pair-stage-probes-2aa03454-grid1/cases/grasp_lift_teacher_corner--_same_s911/frames/r3,344064,122880,344064,122880,28,18,10,221184,221184,D1,first + >=1 SIM second since last sample + last per stream/episode/leg
pair-stage-probes-2aa03454-grid1/cases/grasp_lift_teacher_corner--_same_s912,311848,251317,319488,258048,5,1,4,60531,61440,D5,
pair-stage-probes-2aa03454-grid1/cases/grasp_lift_teacher_corner--_same_s912/eval_only,122357,122357,126976,126976,2,0,2,0,0,,
pair-stage-probes-2aa03454-grid1/cases/grasp_lift_teacher_corner--_same_s912/frames,0,0,0,0,0,0,0,0,0,,
pair-stage-probes-2aa03454-grid1/cases/grasp_lift_teacher_corner--_same_s912/frames/r1,810875,469387,884736,512000,46,19,27,341488,372736,D1,first + >=1 SIM second since last sample + last per stream/episode/leg
pair-stage-probes-2aa03454-grid1/cases/grasp_lift_teacher_corner--_same_s912/frames/r2,797126,199918,864256,212992,47,36,11,597208,651264,D1,first + >=1 SIM second since last sample + last per stream/episode/leg
pair-stage-probes-2aa03454-grid1/cases/grasp_lift_teacher_corner--_same_s912/frames/r3,344064,122880,344064,122880,28,18,10,221184,221184,D1,first + >=1 SIM second since last sample + last per stream/episode/leg
pair-stage-probes-2aa03454-grid1/cases/grasp_lift_teacher_lat+_opp_s911,582698,582698,589824,589824,5,0,5,0,0,,
pair-stage-probes-2aa03454-grid1/cases/grasp_lift_teacher_lat+_opp_s911/eval_only,190055,190055,192512,192512,2,0,2,0,0,,
pair-stage-probes-2aa03454-grid1/cases/grasp_lift_teacher_lat+_opp_s911/frames,0,0,0,0,0,0,0,0,0,,
pair-stage-probes-2aa03454-grid1/cases/grasp_lift_teacher_lat+_opp_s911/frames/r1,1246481,516244,1359872,561152,75,45,30,730237,798720,D1,first + >=1 SIM second since last sample + last per stream/episode/leg
pair-stage-probes-2aa03454-grid1/cases/grasp_lift_teacher_lat+_opp_s911/frames/r2,1206897,241281,1339392,262144,76,62,14,965616,1077248,D1,first + >=1 SIM second since last sample + last per stream/episode/leg
pair-stage-probes-2aa03454-grid1/cases/grasp_lift_teacher_lat+_opp_s911/frames/r3,528384,159744,528384,159744,43,30,13,368640,368640,D1,first + >=1 SIM second since last sample + last per stream/episode/leg
pair-stage-probes-2aa03454-grid1/cases/grasp_lift_teacher_lat+_opp_s912,582727,495783,589824,499712,5,1,4,86944,90112,D5,
pair-stage-probes-2aa03454-grid1/cases/grasp_lift_teacher_lat+_opp_s912/eval_only,190047,190047,192512,192512,2,0,2,0,0,,
pair-stage-probes-2aa03454-grid1/cases/grasp_lift_teacher_lat+_opp_s912/frames,0,0,0,0,0,0,0,0,0,,
pair-stage-probes-2aa03454-grid1/cases/grasp_lift_teacher_lat+_opp_s912/frames/r1,1246473,516244,1359872,561152,75,45,30,730229,798720,D1,first + >=1 SIM second since last sample + last per stream/episode/leg
pair-stage-probes-2aa03454-grid1/cases/grasp_lift_teacher_lat+_opp_s912/frames/r2,1206897,241281,1339392,262144,76,62,14,965616,1077248,D1,first + >=1 SIM second since last sample + last per stream/episode/leg
pair-stage-probes-2aa03454-grid1/cases/grasp_lift_teacher_lat+_opp_s912/frames/r3,528384,159744,528384,159744,43,30,13,368640,368640,D1,first + >=1 SIM second since last sample + last per stream/episode/leg
pair-stage-probes-2aa03454-grid1/cases/grasp_lift_teacher_lat+_same_s911,582845,582845,589824,589824,5,0,5,0,0,,
pair-stage-probes-2aa03454-grid1/cases/grasp_lift_teacher_lat+_same_s911/eval_only,190129,190129,192512,192512,2,0,2,0,0,,
pair-stage-probes-2aa03454-grid1/cases/grasp_lift_teacher_lat+_same_s911/frames,0,0,0,0,0,0,0,0,0,,
pair-stage-probes-2aa03454-grid1/cases/grasp_lift_teacher_lat+_same_s911/frames/r1,1247313,517086,1359872,561152,75,45,30,730227,798720,D1,first + >=1 SIM second since last sample + last per stream/episode/leg
pair-stage-probes-2aa03454-grid1/cases/grasp_lift_teacher_lat+_same_s911/frames/r2,1206062,240766,1339392,262144,76,62,14,965296,1077248,D1,first + >=1 SIM second since last sample + last per stream/episode/leg
pair-stage-probes-2aa03454-grid1/cases/grasp_lift_teacher_lat+_same_s911/frames/r3,528384,159744,528384,159744,43,30,13,368640,368640,D1,first + >=1 SIM second since last sample + last per stream/episode/leg
pair-stage-probes-2aa03454-grid1/cases/grasp_lift_teacher_lat+_same_s912,582871,495927,589824,499712,5,1,4,86944,90112,D5,
pair-stage-probes-2aa03454-grid1/cases/grasp_lift_teacher_lat+_same_s912/eval_only,190123,190123,192512,192512,2,0,2,0,0,,
pair-stage-probes-2aa03454-grid1/cases/grasp_lift_teacher_lat+_same_s912/frames,0,0,0,0,0,0,0,0,0,,
pair-stage-probes-2aa03454-grid1/cases/grasp_lift_teacher_lat+_same_s912/frames/r1,1247313,517086,1359872,561152,75,45,30,730227,798720,D1,first + >=1 SIM second since last sample + last per stream/episode/leg
pair-stage-probes-2aa03454-grid1/cases/grasp_lift_teacher_lat+_same_s912/frames/r2,1206062,240766,1339392,262144,76,62,14,965296,1077248,D1,first + >=1 SIM second since last sample + last per stream/episode/leg
pair-stage-probes-2aa03454-grid1/cases/grasp_lift_teacher_lat+_same_s912/frames/r3,528384,159744,528384,159744,43,30,13,368640,368640,D1,first + >=1 SIM second since last sample + last per stream/episode/leg
pair-stage-probes-2aa03454-grid1/cases/grasp_lift_teacher_lat-_opp_s911,142068,142068,151552,151552,5,0,5,0,0,,
pair-stage-probes-2aa03454-grid1/cases/grasp_lift_teacher_lat-_opp_s911/eval_only,72050,72050,73728,73728,2,0,2,0,0,,
pair-stage-probes-2aa03454-grid1/cases/grasp_lift_teacher_lat-_opp_s911/frames,0,0,0,0,0,0,0,0,0,,
pair-stage-probes-2aa03454-grid1/cases/grasp_lift_teacher_lat-_opp_s911/frames/r1,472523,272097,524288,303104,24,10,14,200426,221184,D1,first + >=1 SIM second since last sample + last per stream/episode/leg
pair-stage-probes-2aa03454-grid1/cases/grasp_lift_teacher_lat-_opp_s911/frames/r2,469824,168654,503808,180224,25,16,9,301170,323584,D1,first + >=1 SIM second since last sample + last per stream/episode/leg
pair-stage-probes-2aa03454-grid1/cases/grasp_lift_teacher_lat-_opp_s911/frames/r3,208896,98304,208896,98304,17,9,8,110592,110592,D1,first + >=1 SIM second since last sample + last per stream/episode/leg
pair-stage-probes-2aa03454-grid1/cases/grasp_lift_teacher_lat-_opp_s912,142069,123989,151552,131072,5,1,4,18080,20480,D5,
pair-stage-probes-2aa03454-grid1/cases/grasp_lift_teacher_lat-_opp_s912/eval_only,72046,72046,73728,73728,2,0,2,0,0,,
pair-stage-probes-2aa03454-grid1/cases/grasp_lift_teacher_lat-_opp_s912/frames,0,0,0,0,0,0,0,0,0,,
pair-stage-probes-2aa03454-grid1/cases/grasp_lift_teacher_lat-_opp_s912/frames/r1,472523,272097,524288,303104,24,10,14,200426,221184,D1,first + >=1 SIM second since last sample + last per stream/episode/leg
pair-stage-probes-2aa03454-grid1/cases/grasp_lift_teacher_lat-_opp_s912/frames/r2,469824,168654,503808,180224,25,16,9,301170,323584,D1,first + >=1 SIM second since last sample + last per stream/episode/leg
pair-stage-probes-2aa03454-grid1/cases/grasp_lift_teacher_lat-_opp_s912/frames/r3,208896,98304,208896,98304,17,9,8,110592,110592,D1,first + >=1 SIM second since last sample + last per stream/episode/leg
pair-stage-probes-2aa03454-grid1/cases/grasp_lift_teacher_lat-_same_s911,142062,123982,151552,131072,5,1,4,18080,20480,D5,
pair-stage-probes-2aa03454-grid1/cases/grasp_lift_teacher_lat-_same_s911/eval_only,72058,72058,73728,73728,2,0,2,0,0,,
pair-stage-probes-2aa03454-grid1/cases/grasp_lift_teacher_lat-_same_s911/frames,0,0,0,0,0,0,0,0,0,,
pair-stage-probes-2aa03454-grid1/cases/grasp_lift_teacher_lat-_same_s911/frames/r1,475464,273583,524288,303104,24,10,14,201881,221184,D1,first + >=1 SIM second since last sample + last per stream/episode/leg
pair-stage-probes-2aa03454-grid1/cases/grasp_lift_teacher_lat-_same_s911/frames/r2,473969,170273,503808,180224,25,16,9,303696,323584,D1,first + >=1 SIM second since last sample + last per stream/episode/leg
pair-stage-probes-2aa03454-grid1/cases/grasp_lift_teacher_lat-_same_s911/frames/r3,208896,98304,208896,98304,17,9,8,110592,110592,D1,first + >=1 SIM second since last sample + last per stream/episode/leg
pair-stage-probes-2aa03454-grid1/cases/grasp_lift_teacher_lat-_same_s912,142066,123986,151552,131072,5,1,4,18080,20480,D5,
pair-stage-probes-2aa03454-grid1/cases/grasp_lift_teacher_lat-_same_s912/eval_only,72051,72051,73728,73728,2,0,2,0,0,,
pair-stage-probes-2aa03454-grid1/cases/grasp_lift_teacher_lat-_same_s912/frames,0,0,0,0,0,0,0,0,0,,
pair-stage-probes-2aa03454-grid1/cases/grasp_lift_teacher_lat-_same_s912/frames/r1,475464,273583,524288,303104,24,10,14,201881,221184,D1,first + >=1 SIM second since last sample + last per stream/episode/leg
pair-stage-probes-2aa03454-grid1/cases/grasp_lift_teacher_lat-_same_s912/frames/r2,473969,170273,503808,180224,25,16,9,303696,323584,D1,first + >=1 SIM second since last sample + last per stream/episode/leg
pair-stage-probes-2aa03454-grid1/cases/grasp_lift_teacher_lat-_same_s912/frames/r3,208896,98304,208896,98304,17,9,8,110592,110592,D1,first + >=1 SIM second since last sample + last per stream/episode/leg
pair-stage-probes-2aa03454-grid1/cases/grasp_lift_teacher_nominal_s911,581829,265414,589824,266240,5,3,2,316415,323584,D5,
pair-stage-probes-2aa03454-grid1/cases/grasp_lift_teacher_nominal_s911/eval_only,188971,73611,192512,73728,2,1,1,115360,118784,D5,
pair-stage-probes-2aa03454-grid1/cases/grasp_lift_teacher_nominal_s911/frames,0,0,0,0,0,0,0,0,0,,
pair-stage-probes-2aa03454-grid1/cases/grasp_lift_teacher_nominal_s911/frames/r1,1233017,511932,1351680,561152,75,45,30,721085,790528,D1,first + >=1 SIM second since last sample + last per stream/episode/leg
pair-stage-probes-2aa03454-grid1/cases/grasp_lift_teacher_nominal_s911/frames/r2,1196760,239733,1335296,262144,76,62,14,957027,1073152,D1,first + >=1 SIM second since last sample + last per stream/episode/leg
pair-stage-probes-2aa03454-grid1/cases/grasp_lift_teacher_nominal_s911/frames/r3,528384,159744,528384,159744,43,30,13,368640,368640,D1,first + >=1 SIM second since last sample + last per stream/episode/leg
pair-stage-probes-2aa03454-grid1/cases/grasp_lift_teacher_nominal_s912,581864,494920,589824,499712,5,1,4,86944,90112,D5,
pair-stage-probes-2aa03454-grid1/cases/grasp_lift_teacher_nominal_s912/eval_only,188962,188962,192512,192512,2,0,2,0,0,,
pair-stage-probes-2aa03454-grid1/cases/grasp_lift_teacher_nominal_s912/frames,0,0,0,0,0,0,0,0,0,,
pair-stage-probes-2aa03454-grid1/cases/grasp_lift_teacher_nominal_s912/frames/r1,1232994,511967,1351680,561152,75,45,30,721027,790528,D1,first + >=1 SIM second since last sample + last per stream/episode/leg
pair-stage-probes-2aa03454-grid1/cases/grasp_lift_teacher_nominal_s912/frames/r2,1196795,239768,1335296,262144,76,62,14,957027,1073152,D1,first + >=1 SIM second since last sample + last per stream/episode/leg
pair-stage-probes-2aa03454-grid1/cases/grasp_lift_teacher_nominal_s912/frames/r3,528384,159744,528384,159744,43,30,13,368640,368640,D1,first + >=1 SIM second since last sample + last per stream/episode/leg
pair-stage-probes-2aa03454-grid1/cases/grasp_lift_teacher_nominal_s913,581865,494921,589824,499712,5,1,4,86944,90112,D5,
pair-stage-probes-2aa03454-grid1/cases/grasp_lift_teacher_nominal_s913/eval_only,188986,188986,192512,192512,2,0,2,0,0,,
pair-stage-probes-2aa03454-grid1/cases/grasp_lift_teacher_nominal_s913/frames,0,0,0,0,0,0,0,0,0,,
pair-stage-probes-2aa03454-grid1/cases/grasp_lift_teacher_nominal_s913/frames/r1,1232955,511953,1351680,561152,75,45,30,721002,790528,D1,first + >=1 SIM second since last sample + last per stream/episode/leg
pair-stage-probes-2aa03454-grid1/cases/grasp_lift_teacher_nominal_s913/frames/r2,1196854,239759,1335296,262144,76,62,14,957095,1073152,D1,first + >=1 SIM second since last sample + last per stream/episode/leg
pair-stage-probes-2aa03454-grid1/cases/grasp_lift_teacher_nominal_s913/frames/r3,528384,159744,528384,159744,43,30,13,368640,368640,D1,first + >=1 SIM second since last sample + last per stream/episode/leg
pair-stage-probes-2aa03454-grid1/cases/grasp_lift_teacher_yaw+_opp_s911,584177,584177,593920,593920,5,0,5,0,0,,
pair-stage-probes-2aa03454-grid1/cases/grasp_lift_teacher_yaw+_opp_s911/eval_only,189669,189669,192512,192512,2,0,2,0,0,,
pair-stage-probes-2aa03454-grid1/cases/grasp_lift_teacher_yaw+_opp_s911/frames,0,0,0,0,0,0,0,0,0,,
pair-stage-probes-2aa03454-grid1/cases/grasp_lift_teacher_yaw+_opp_s911/frames/r1,1238108,513962,1359872,561152,75,45,30,724146,798720,D1,first + >=1 SIM second since last sample + last per stream/episode/leg
pair-stage-probes-2aa03454-grid1/cases/grasp_lift_teacher_yaw+_opp_s911/frames/r2,1197464,240421,1335296,262144,76,62,14,957043,1073152,D1,first + >=1 SIM second since last sample + last per stream/episode/leg
pair-stage-probes-2aa03454-grid1/cases/grasp_lift_teacher_yaw+_opp_s911/frames/r3,528384,159744,528384,159744,43,30,13,368640,368640,D1,first + >=1 SIM second since last sample + last per stream/episode/leg
pair-stage-probes-2aa03454-grid1/cases/grasp_lift_teacher_yaw+_opp_s912,584228,497284,593920,503808,5,1,4,86944,90112,D5,
pair-stage-probes-2aa03454-grid1/cases/grasp_lift_teacher_yaw+_opp_s912/eval_only,189674,189674,192512,192512,2,0,2,0,0,,
pair-stage-probes-2aa03454-grid1/cases/grasp_lift_teacher_yaw+_opp_s912/frames,0,0,0,0,0,0,0,0,0,,
pair-stage-probes-2aa03454-grid1/cases/grasp_lift_teacher_yaw+_opp_s912/frames/r1,1238079,513982,1359872,561152,75,45,30,724097,798720,D1,first + >=1 SIM second since last sample + last per stream/episode/leg
pair-stage-probes-2aa03454-grid1/cases/grasp_lift_teacher_yaw+_opp_s912/frames/r2,1197631,240535,1335296,262144,76,62,14,957096,1073152,D1,first + >=1 SIM second since last sample + last per stream/episode/leg
pair-stage-probes-2aa03454-grid1/cases/grasp_lift_teacher_yaw+_opp_s912/frames/r3,528384,159744,528384,159744,43,30,13,368640,368640,D1,first + >=1 SIM second since last sample + last per stream/episode/leg
pair-stage-probes-2aa03454-grid1/cases/grasp_lift_teacher_yaw+_same_s911,582909,582909,589824,589824,5,0,5,0,0,,
pair-stage-probes-2aa03454-grid1/cases/grasp_lift_teacher_yaw+_same_s911/eval_only,190017,190017,192512,192512,2,0,2,0,0,,
pair-stage-probes-2aa03454-grid1/cases/grasp_lift_teacher_yaw+_same_s911/frames,0,0,0,0,0,0,0,0,0,,
pair-stage-probes-2aa03454-grid1/cases/grasp_lift_teacher_yaw+_same_s911/frames/r1,1238636,514248,1359872,561152,75,45,30,724388,798720,D1,first + >=1 SIM second since last sample + last per stream/episode/leg
pair-stage-probes-2aa03454-grid1/cases/grasp_lift_teacher_yaw+_same_s911/frames/r2,1199010,240232,1339392,262144,76,62,14,958778,1077248,D1,first + >=1 SIM second since last sample + last per stream/episode/leg
pair-stage-probes-2aa03454-grid1/cases/grasp_lift_teacher_yaw+_same_s911/frames/r3,528384,159744,528384,159744,43,30,13,368640,368640,D1,first + >=1 SIM second since last sample + last per stream/episode/leg
pair-stage-probes-2aa03454-grid1/cases/grasp_lift_teacher_yaw+_same_s912,582944,496000,589824,499712,5,1,4,86944,90112,D5,
pair-stage-probes-2aa03454-grid1/cases/grasp_lift_teacher_yaw+_same_s912/eval_only,189998,189998,192512,192512,2,0,2,0,0,,
pair-stage-probes-2aa03454-grid1/cases/grasp_lift_teacher_yaw+_same_s912/frames,0,0,0,0,0,0,0,0,0,,
pair-stage-probes-2aa03454-grid1/cases/grasp_lift_teacher_yaw+_same_s912/frames/r1,1238636,514257,1359872,561152,75,45,30,724379,798720,D1,first + >=1 SIM second since last sample + last per stream/episode/leg
pair-stage-probes-2aa03454-grid1/cases/grasp_lift_teacher_yaw+_same_s912/frames/r2,1199008,240250,1339392,262144,76,62,14,958758,1077248,D1,first + >=1 SIM second since last sample + last per stream/episode/leg
pair-stage-probes-2aa03454-grid1/cases/grasp_lift_teacher_yaw+_same_s912/frames/r3,528384,159744,528384,159744,43,30,13,368640,368640,D1,first + >=1 SIM second since last sample + last per stream/episode/leg
pair-stage-probes-2aa03454-grid1/cases/grasp_lift_teacher_yaw-_opp_s911,581562,581562,589824,589824,5,0,5,0,0,,
pair-stage-probes-2aa03454-grid1/cases/grasp_lift_teacher_yaw-_opp_s911/eval_only,190378,190378,192512,192512,2,0,2,0,0,,
pair-stage-probes-2aa03454-grid1/cases/grasp_lift_teacher_yaw-_opp_s911/frames,0,0,0,0,0,0,0,0,0,,
pair-stage-probes-2aa03454-grid1/cases/grasp_lift_teacher_yaw-_opp_s911/frames/r1,1236486,512718,1359872,561152,75,45,30,723768,798720,D1,first + >=1 SIM second since last sample + last per stream/episode/leg
pair-stage-probes-2aa03454-grid1/cases/grasp_lift_teacher_yaw-_opp_s911/frames/r2,1198309,240047,1339392,262144,76,62,14,958262,1077248,D1,first + >=1 SIM second since last sample + last per stream/episode/leg
pair-stage-probes-2aa03454-grid1/cases/grasp_lift_teacher_yaw-_opp_s911/frames/r3,528384,159744,528384,159744,43,30,13,368640,368640,D1,first + >=1 SIM second since last sample + last per stream/episode/leg
pair-stage-probes-2aa03454-grid1/cases/grasp_lift_teacher_yaw-_opp_s912,581589,494645,589824,499712,5,1,4,86944,90112,D5,
pair-stage-probes-2aa03454-grid1/cases/grasp_lift_teacher_yaw-_opp_s912/eval_only,190412,190412,192512,192512,2,0,2,0,0,,
pair-stage-probes-2aa03454-grid1/cases/grasp_lift_teacher_yaw-_opp_s912/frames,0,0,0,0,0,0,0,0,0,,
pair-stage-probes-2aa03454-grid1/cases/grasp_lift_teacher_yaw-_opp_s912/frames/r1,1236437,512690,1359872,561152,75,45,30,723747,798720,D1,first + >=1 SIM second since last sample + last per stream/episode/leg
pair-stage-probes-2aa03454-grid1/cases/grasp_lift_teacher_yaw-_opp_s912/frames/r2,1198254,240049,1339392,262144,76,62,14,958205,1077248,D1,first + >=1 SIM second since last sample + last per stream/episode/leg
pair-stage-probes-2aa03454-grid1/cases/grasp_lift_teacher_yaw-_opp_s912/frames/r3,528384,159744,528384,159744,43,30,13,368640,368640,D1,first + >=1 SIM second since last sample + last per stream/episode/leg
pair-stage-probes-2aa03454-grid1/cases/grasp_lift_teacher_yaw-_same_s911,582681,582681,589824,589824,5,0,5,0,0,,
pair-stage-probes-2aa03454-grid1/cases/grasp_lift_teacher_yaw-_same_s911/eval_only,190032,190032,192512,192512,2,0,2,0,0,,
pair-stage-probes-2aa03454-grid1/cases/grasp_lift_teacher_yaw-_same_s911/frames,0,0,0,0,0,0,0,0,0,,
pair-stage-probes-2aa03454-grid1/cases/grasp_lift_teacher_yaw-_same_s911/frames/r1,1236752,513123,1359872,561152,75,45,30,723629,798720,D1,first + >=1 SIM second since last sample + last per stream/episode/leg
pair-stage-probes-2aa03454-grid1/cases/grasp_lift_teacher_yaw-_same_s911/frames/r2,1198206,240614,1335296,262144,76,62,14,957592,1073152,D1,first + >=1 SIM second since last sample + last per stream/episode/leg
pair-stage-probes-2aa03454-grid1/cases/grasp_lift_teacher_yaw-_same_s911/frames/r3,528384,159744,528384,159744,43,30,13,368640,368640,D1,first + >=1 SIM second since last sample + last per stream/episode/leg
pair-stage-probes-2aa03454-grid1/cases/grasp_lift_teacher_yaw-_same_s912,582697,495753,589824,499712,5,1,4,86944,90112,D5,
pair-stage-probes-2aa03454-grid1/cases/grasp_lift_teacher_yaw-_same_s912/eval_only,190006,190006,192512,192512,2,0,2,0,0,,
pair-stage-probes-2aa03454-grid1/cases/grasp_lift_teacher_yaw-_same_s912/frames,0,0,0,0,0,0,0,0,0,,
pair-stage-probes-2aa03454-grid1/cases/grasp_lift_teacher_yaw-_same_s912/frames/r1,1236689,513112,1359872,561152,75,45,30,723577,798720,D1,first + >=1 SIM second since last sample + last per stream/episode/leg
pair-stage-probes-2aa03454-grid1/cases/grasp_lift_teacher_yaw-_same_s912/frames/r2,1198269,240605,1335296,262144,76,62,14,957664,1073152,D1,first + >=1 SIM second since last sample + last per stream/episode/leg
pair-stage-probes-2aa03454-grid1/cases/grasp_lift_teacher_yaw-_same_s912/frames/r3,528384,159744,528384,159744,43,30,13,368640,368640,D1,first + >=1 SIM second since last sample + last per stream/episode/leg
pair-stage-probes-3061a66e-dxAllC,1252759,1252759,1265664,1265664,5,0,5,0,0,,
pair-stage-probes-3061a66e-dxAllC/cases,48778,48778,65536,65536,16,0,16,0,0,,
pair-stage-probes-3061a66e-dxAllC/cases/carry_b-v6c_teacher_nominal_s911_pE2E_L1_diag-carry_all_three,2026453,2026453,2035712,2035712,5,0,5,0,0,,
pair-stage-probes-3061a66e-dxAllC/cases/carry_b-v6c_teacher_nominal_s911_pE2E_L1_diag-carry_all_three/checkpoints,342400,340306,348160,344064,4,1,3,2094,4096,D5,
pair-stage-probes-3061a66e-dxAllC/cases/carry_b-v6c_teacher_nominal_s911_pE2E_L1_diag-carry_all_three/eval_only,694687,694687,700416,700416,2,0,2,0,0,,
pair-stage-probes-3061a66e-dxAllC/cases/carry_b-v6c_teacher_nominal_s911_pE2E_L1_diag-carry_all_three/frames,0,0,0,0,0,0,0,0,0,,
pair-stage-probes-3061a66e-dxAllC/cases/carry_b-v6c_teacher_nominal_s911_pE2E_L1_diag-carry_all_three/frames/r1,3169676,610191,3559424,671744,279,230,49,2559485,2887680,D1,first + >=1 SIM second since last sample + last per stream/episode/leg
pair-stage-probes-3061a66e-dxAllC/cases/carry_b-v6c_teacher_nominal_s911_pE2E_L1_diag-carry_all_three/frames/r2,3070724,391139,3555328,450560,279,246,33,2679585,3104768,D1,first + >=1 SIM second since last sample + last per stream/episode/leg
pair-stage-probes-3061a66e-dxAllC/cases/carry_b-v6c_teacher_nominal_s911_pE2E_L1_diag-carry_all_three/frames/r3,1880064,405504,1880064,405504,153,120,33,1474560,1474560,D1,first + >=1 SIM second since last sample + last per stream/episode/leg
pair-stage-probes-3061a66e-dxAllC/cases/carry_b-v6c_teacher_nominal_s911_pE2E_L2_diag-carry_all_three,1620161,1620161,1630208,1630208,5,0,5,0,0,,
pair-stage-probes-3061a66e-dxAllC/cases/carry_b-v6c_teacher_nominal_s911_pE2E_L2_diag-carry_all_three/checkpoints,374221,374221,385024,385024,4,0,4,0,0,,
pair-stage-probes-3061a66e-dxAllC/cases/carry_b-v6c_teacher_nominal_s911_pE2E_L2_diag-carry_all_three/eval_only,668082,668082,671744,671744,2,0,2,0,0,,
pair-stage-probes-3061a66e-dxAllC/cases/carry_b-v6c_teacher_nominal_s911_pE2E_L2_diag-carry_all_three/frames,0,0,0,0,0,0,0,0,0,,
pair-stage-probes-3061a66e-dxAllC/cases/carry_b-v6c_teacher_nominal_s911_pE2E_L2_diag-carry_all_three/frames/r1,2836913,540657,3375104,630784,268,220,48,2296256,2744320,D1,first + >=1 SIM second since last sample + last per stream/episode/leg
pair-stage-probes-3061a66e-dxAllC/cases/carry_b-v6c_teacher_nominal_s911_pE2E_L2_diag-carry_all_three/frames/r2,2845378,369115,3416064,438272,268,236,32,2476263,2977792,D1,first + >=1 SIM second since last sample + last per stream/episode/leg
pair-stage-probes-3061a66e-dxAllC/cases/carry_b-v6c_teacher_nominal_s911_pE2E_L2_diag-carry_all_three/frames/r3,1806336,393216,1806336,393216,147,115,32,1413120,1413120,D1,first + >=1 SIM second since last sample + last per stream/episode/leg
pair-stage-probes-3061a66e-dxAllC/cases/carry_b-v6c_teacher_nominal_s911_pE2E_L3_diag-carry_all_three,1770442,1770442,1777664,1777664,5,0,5,0,0,,
pair-stage-probes-3061a66e-dxAllC/cases/carry_b-v6c_teacher_nominal_s911_pE2E_L3_diag-carry_all_three/checkpoints,342962,340868,348160,344064,4,1,3,2094,4096,D5,
pair-stage-probes-3061a66e-dxAllC/cases/carry_b-v6c_teacher_nominal_s911_pE2E_L3_diag-carry_all_three/eval_only,614854,614854,618496,618496,2,0,2,0,0,,
pair-stage-probes-3061a66e-dxAllC/cases/carry_b-v6c_teacher_nominal_s911_pE2E_L3_diag-carry_all_three/frames,0,0,0,0,0,0,0,0,0,,
pair-stage-probes-3061a66e-dxAllC/cases/carry_b-v6c_teacher_nominal_s911_pE2E_L3_diag-carry_all_three/frames/r1,2561922,498961,3080192,593920,244,199,45,2062961,2486272,D1,first + >=1 SIM second since last sample + last per stream/episode/leg
pair-stage-probes-3061a66e-dxAllC/cases/carry_b-v6c_teacher_nominal_s911_pE2E_L3_diag-carry_all_three/frames/r2,2565755,342734,3117056,413696,244,214,30,2223021,2703360,D1,first + >=1 SIM second since last sample + last per stream/episode/leg
pair-stage-probes-3061a66e-dxAllC/cases/carry_b-v6c_teacher_nominal_s911_pE2E_L3_diag-carry_all_three/frames/r3,1658880,356352,1658880,356352,135,106,29,1302528,1302528,D1,first + >=1 SIM second since last sample + last per stream/episode/leg
pair-stage-probes-3061a66e-dxAllC/cases/carry_b-v6c_teacher_nominal_s911_pE2E_L4_diag-carry_all_three,1827192,1827192,1835008,1835008,5,0,5,0,0,,
pair-stage-probes-3061a66e-dxAllC/cases/carry_b-v6c_teacher_nominal_s911_pE2E_L4_diag-carry_all_three/checkpoints,340717,336536,348160,339968,4,2,2,4181,8192,D5,
pair-stage-probes-3061a66e-dxAllC/cases/carry_b-v6c_teacher_nominal_s911_pE2E_L4_diag-carry_all_three/eval_only,616288,616288,618496,618496,2,0,2,0,0,,
pair-stage-probes-3061a66e-dxAllC/cases/carry_b-v6c_teacher_nominal_s911_pE2E_L4_diag-carry_all_three/frames,0,0,0,0,0,0,0,0,0,,
pair-stage-probes-3061a66e-dxAllC/cases/carry_b-v6c_teacher_nominal_s911_pE2E_L4_diag-carry_all_three/frames/r1,2600417,510389,3080192,593920,244,199,45,2090028,2486272,D1,first + >=1 SIM second since last sample + last per stream/episode/leg
pair-stage-probes-3061a66e-dxAllC/cases/carry_b-v6c_teacher_nominal_s911_pE2E_L4_diag-carry_all_three/frames/r2,2597556,349226,3125248,413696,244,214,30,2248330,2711552,D1,first + >=1 SIM second since last sample + last per stream/episode/leg
pair-stage-probes-3061a66e-dxAllC/cases/carry_b-v6c_teacher_nominal_s911_pE2E_L4_diag-carry_all_three/frames/r3,1658654,356311,1671168,364544,135,106,29,1302343,1306624,D1,first + >=1 SIM second since last sample + last per stream/episode/leg
pair-stage-probes-3061a66e-dxAllC/cases/carry_b-v6c_teacher_nominal_s911_pE2E_L5_diag-carry_all_three,1821485,1821485,1826816,1826816,5,0,5,0,0,,
pair-stage-probes-3061a66e-dxAllC/cases/carry_b-v6c_teacher_nominal_s911_pE2E_L5_diag-carry_all_three/checkpoints,374313,372218,385024,380928,4,1,3,2095,4096,D5,
pair-stage-probes-3061a66e-dxAllC/cases/carry_b-v6c_teacher_nominal_s911_pE2E_L5_diag-carry_all_three/eval_only,616194,616194,618496,618496,2,0,2,0,0,,
pair-stage-probes-3061a66e-dxAllC/cases/carry_b-v6c_teacher_nominal_s911_pE2E_L5_diag-carry_all_three/frames,0,0,0,0,0,0,0,0,0,,
pair-stage-probes-3061a66e-dxAllC/cases/carry_b-v6c_teacher_nominal_s911_pE2E_L5_diag-carry_all_three/frames/r1,2566840,505691,3080192,593920,244,199,45,2061149,2486272,D1,first + >=1 SIM second since last sample + last per stream/episode/leg
pair-stage-probes-3061a66e-dxAllC/cases/carry_b-v6c_teacher_nominal_s911_pE2E_L5_diag-carry_all_three/frames/r2,2556618,341155,3121152,413696,244,214,30,2215463,2707456,D1,first + >=1 SIM second since last sample + last per stream/episode/leg
pair-stage-probes-3061a66e-dxAllC/cases/carry_b-v6c_teacher_nominal_s911_pE2E_L5_diag-carry_all_three/frames/r3,1658536,356269,1667072,360448,135,106,29,1302267,1306624,D1,first + >=1 SIM second since last sample + last per stream/episode/leg
pair-stage-probes-3061a66e-dxAllC/cases/carry_b-v6c_teacher_nominal_s911_pE2E_L6_diag-carry_all_three,1842535,1842535,1847296,1847296,5,0,5,0,0,,
pair-stage-probes-3061a66e-dxAllC/cases/carry_b-v6c_teacher_nominal_s911_pE2E_L6_diag-carry_all_three/checkpoints,339163,337069,348160,344064,4,1,3,2094,4096,D5,
pair-stage-probes-3061a66e-dxAllC/cases/carry_b-v6c_teacher_nominal_s911_pE2E_L6_diag-carry_all_three/eval_only,621349,621349,622592,622592,2,0,2,0,0,,
pair-stage-probes-3061a66e-dxAllC/cases/carry_b-v6c_teacher_nominal_s911_pE2E_L6_diag-carry_all_three/frames,0,0,0,0,0,0,0,0,0,,
pair-stage-probes-3061a66e-dxAllC/cases/carry_b-v6c_teacher_nominal_s911_pE2E_L6_diag-carry_all_three/frames/r1,2504548,484659,3112960,589824,247,202,45,2019889,2523136,D1,first + >=1 SIM second since last sample + last per stream/episode/leg
pair-stage-probes-3061a66e-dxAllC/cases/carry_b-v6c_teacher_nominal_s911_pE2E_L6_diag-carry_all_three/frames/r2,2494652,324345,3117056,397312,247,217,30,2170307,2719744,D1,first + >=1 SIM second since last sample + last per stream/episode/leg
pair-stage-probes-3061a66e-dxAllC/cases/carry_b-v6c_teacher_nominal_s911_pE2E_L6_diag-carry_all_three/frames/r3,1683472,368660,1724416,385024,137,107,30,1314812,1339392,D1,first + >=1 SIM second since last sample + last per stream/episode/leg
pair-stage-probes-3061a66e-dxAllC/cases/carry_b-v6c_teacher_nominal_s911_pE2E_L7_diag-carry_all_three,1838013,1838013,1843200,1843200,5,0,5,0,0,,
pair-stage-probes-3061a66e-dxAllC/cases/carry_b-v6c_teacher_nominal_s911_pE2E_L7_diag-carry_all_three/checkpoints,375030,372935,385024,380928,4,1,3,2095,4096,D5,
pair-stage-probes-3061a66e-dxAllC/cases/carry_b-v6c_teacher_nominal_s911_pE2E_L7_diag-carry_all_three/eval_only,620815,620815,622592,622592,2,0,2,0,0,,
pair-stage-probes-3061a66e-dxAllC/cases/carry_b-v6c_teacher_nominal_s911_pE2E_L7_diag-carry_all_three/frames,0,0,0,0,0,0,0,0,0,,
pair-stage-probes-3061a66e-dxAllC/cases/carry_b-v6c_teacher_nominal_s911_pE2E_L7_diag-carry_all_three/frames/r1,2469143,478820,3112960,589824,247,202,45,1990323,2523136,D1,first + >=1 SIM second since last sample + last per stream/episode/leg
pair-stage-probes-3061a66e-dxAllC/cases/carry_b-v6c_teacher_nominal_s911_pE2E_L7_diag-carry_all_three/frames/r2,2410286,311058,3112960,397312,247,217,30,2099228,2715648,D1,first + >=1 SIM second since last sample + last per stream/episode/leg
pair-stage-probes-3061a66e-dxAllC/cases/carry_b-v6c_teacher_nominal_s911_pE2E_L7_diag-carry_all_three/frames/r3,1683453,368637,1683456,368640,137,107,30,1314816,1314816,D1,first + >=1 SIM second since last sample + last per stream/episode/leg
pair-stage-probes-3061a66e-dxAllC/cases/carry_b-v6c_teacher_nominal_s911_pE2E_diag-carry_all_three,1563765,1563765,1572864,1572864,5,0,5,0,0,,
pair-stage-probes-3061a66e-dxAllC/cases/carry_b-v6c_teacher_nominal_s911_pE2E_diag-carry_all_three/checkpoints,377995,375900,385024,380928,4,1,3,2095,4096,D5,
pair-stage-probes-3061a66e-dxAllC/cases/carry_b-v6c_teacher_nominal_s911_pE2E_diag-carry_all_three/eval_only,543409,543409,544768,544768,2,0,2,0,0,,
pair-stage-probes-3061a66e-dxAllC/cases/carry_b-v6c_teacher_nominal_s911_pE2E_diag-carry_all_three/frames,0,0,0,0,0,0,0,0,0,,
pair-stage-probes-3061a66e-dxAllC/cases/carry_b-v6c_teacher_nominal_s911_pE2E_diag-carry_all_three/frames/r1,2594483,556098,2764800,589824,214,172,42,2038385,2174976,D1,first + >=1 SIM second since last sample + last per stream/episode/leg
pair-stage-probes-3061a66e-dxAllC/cases/carry_b-v6c_teacher_nominal_s911_pE2E_diag-carry_all_three/frames/r2,2511164,347612,2764800,380928,214,187,27,2163552,2383872,D1,first + >=1 SIM second since last sample + last per stream/episode/leg
pair-stage-probes-3061a66e-dxAllC/cases/carry_b-v6c_teacher_nominal_s911_pE2E_diag-carry_all_three/frames/r3,1474560,319488,1474560,319488,120,94,26,1155072,1155072,D1,first + >=1 SIM second since last sample + last per stream/episode/leg
pair-stage-probes-3f6ca985-ghR2,8590148,8590148,8601600,8601600,5,0,5,0,0,,
pair-stage-probes-3f6ca985-ghR2/cases,408411,408411,573440,573440,140,0,140,0,0,,
pair-stage-probes-3f6ca985-ghR2/cases/carry_b-v6g_teacher_hR2_01_s911_pPOST_L1_VhR2,1996892,1996892,2002944,2002944,5,0,5,0,0,,
pair-stage-probes-3f6ca985-ghR2/cases/carry_b-v6g_teacher_hR2_01_s911_pPOST_L1_VhR2/checkpoints,371506,371506,376832,376832,4,0,4,0,0,,
pair-stage-probes-3f6ca985-ghR2/cases/carry_b-v6g_teacher_hR2_01_s911_pPOST_L1_VhR2/eval_only,774125,774125,778240,778240,2,0,2,0,0,,
pair-stage-probes-3f6ca985-ghR2/cases/carry_b-v6g_teacher_hR2_01_s911_pPOST_L1_VhR2/frames,0,0,0,0,0,0,0,0,0,,
pair-stage-probes-3f6ca985-ghR2/cases/carry_b-v6g_teacher_hR2_01_s911_pPOST_L1_VhR2/frames/r1,3435043,667466,3829760,765952,276,228,48,2767577,3063808,D1,first + >=1 SIM second since last sample + last per stream/episode/leg
pair-stage-probes-3f6ca985-ghR2/cases/carry_b-v6g_teacher_hR2_01_s911_pPOST_L1_VhR2/frames/r2,3856857,481937,4599808,573440,276,243,33,3374920,4026368,D1,first + >=1 SIM second since last sample + last per stream/episode/leg
pair-stage-probes-3f6ca985-ghR2/cases/carry_b-v6g_teacher_hR2_01_s911_pPOST_L1_VhR2/frames/r3,2448465,535095,2473984,540672,151,118,33,1913370,1933312,D1,first + >=1 SIM second since last sample + last per stream/episode/leg
pair-stage-probes-3f6ca985-ghR2/cases/carry_b-v6g_teacher_hR2_01_s911_pPOST_L2_VhR2,1668316,1668316,1675264,1675264,5,0,5,0,0,,
pair-stage-probes-3f6ca985-ghR2/cases/carry_b-v6g_teacher_hR2_01_s911_pPOST_L2_VhR2/checkpoints,312715,312715,319488,319488,4,0,4,0,0,,
pair-stage-probes-3f6ca985-ghR2/cases/carry_b-v6g_teacher_hR2_01_s911_pPOST_L2_VhR2/eval_only,752986,752986,757760,757760,2,0,2,0,0,,
pair-stage-probes-3f6ca985-ghR2/cases/carry_b-v6g_teacher_hR2_01_s911_pPOST_L2_VhR2/frames,0,0,0,0,0,0,0,0,0,,
pair-stage-probes-3f6ca985-ghR2/cases/carry_b-v6g_teacher_hR2_01_s911_pPOST_L2_VhR2/frames/r1,3287162,643001,3661824,737280,268,220,48,2644161,2924544,D1,first + >=1 SIM second since last sample + last per stream/episode/leg
pair-stage-probes-3f6ca985-ghR2/cases/carry_b-v6g_teacher_hR2_01_s911_pPOST_L2_VhR2/frames/r2,3729081,471141,4472832,561152,268,236,32,3257940,3911680,D1,first + >=1 SIM second since last sample + last per stream/episode/leg
pair-stage-probes-3f6ca985-ghR2/cases/carry_b-v6g_teacher_hR2_01_s911_pPOST_L2_VhR2/frames/r3,2383605,518880,2408448,524288,147,115,32,1864725,1884160,D1,first + >=1 SIM second since last sample + last per stream/episode/leg
pair-stage-probes-3f6ca985-ghR2/cases/carry_b-v6g_teacher_hR2_01_s911_pPOST_L3_VhR2,1774137,1774137,1785856,1785856,5,0,5,0,0,,
pair-stage-probes-3f6ca985-ghR2/cases/carry_b-v6g_teacher_hR2_01_s911_pPOST_L3_VhR2/checkpoints,341368,339275,352256,348160,4,1,3,2093,4096,D5,
pair-stage-probes-3f6ca985-ghR2/cases/carry_b-v6g_teacher_hR2_01_s911_pPOST_L3_VhR2/eval_only,688259,688259,692224,692224,2,0,2,0,0,,
pair-stage-probes-3f6ca985-ghR2/cases/carry_b-v6g_teacher_hR2_01_s911_pPOST_L3_VhR2/frames,0,0,0,0,0,0,0,0,0,,
pair-stage-probes-3f6ca985-ghR2/cases/carry_b-v6g_teacher_hR2_01_s911_pPOST_L3_VhR2/frames/r1,3002017,609283,3334144,700416,242,197,45,2392734,2633728,D1,first + >=1 SIM second since last sample + last per stream/episode/leg
pair-stage-probes-3f6ca985-ghR2/cases/carry_b-v6g_teacher_hR2_01_s911_pPOST_L3_VhR2/frames/r2,3376653,436019,4050944,512000,242,213,29,2940634,3538944,D1,first + >=1 SIM second since last sample + last per stream/episode/leg
pair-stage-probes-3f6ca985-ghR2/cases/carry_b-v6g_teacher_hR2_01_s911_pPOST_L3_VhR2/frames/r3,2172810,470235,2195456,475136,134,105,29,1702575,1720320,D1,first + >=1 SIM second since last sample + last per stream/episode/leg
pair-stage-probes-3f6ca985-ghR2/cases/carry_b-v6g_teacher_hR2_01_s911_pPOST_L4_VhR2,1765890,1765890,1777664,1777664,5,0,5,0,0,,
pair-stage-probes-3f6ca985-ghR2/cases/carry_b-v6g_teacher_hR2_01_s911_pPOST_L4_VhR2/checkpoints,339477,335297,348160,339968,4,2,2,4180,8192,D5,
pair-stage-probes-3f6ca985-ghR2/cases/carry_b-v6g_teacher_hR2_01_s911_pPOST_L4_VhR2/eval_only,688317,688317,692224,692224,2,0,2,0,0,,
pair-stage-probes-3f6ca985-ghR2/cases/carry_b-v6g_teacher_hR2_01_s911_pPOST_L4_VhR2/frames,0,0,0,0,0,0,0,0,0,,
pair-stage-probes-3f6ca985-ghR2/cases/carry_b-v6g_teacher_hR2_01_s911_pPOST_L4_VhR2/frames/r1,3019406,613516,3354624,700416,242,197,45,2405890,2654208,D1,first + >=1 SIM second since last sample + last per stream/episode/leg
pair-stage-probes-3f6ca985-ghR2/cases/carry_b-v6g_teacher_hR2_01_s911_pPOST_L4_VhR2/frames/r2,3401045,443246,4083712,524288,242,213,29,2957799,3559424,D1,first + >=1 SIM second since last sample + last per stream/episode/leg
pair-stage-probes-3f6ca985-ghR2/cases/carry_b-v6g_teacher_hR2_01_s911_pPOST_L4_VhR2/frames/r3,2172810,470235,2195456,475136,134,105,29,1702575,1720320,D1,first + >=1 SIM second since last sample + last per stream/episode/leg
pair-stage-probes-3f6ca985-ghR2/cases/carry_b-v6g_teacher_hR2_01_s911_pPOST_L5_VhR2,1766127,1766127,1777664,1777664,5,0,5,0,0,,
pair-stage-probes-3f6ca985-ghR2/cases/carry_b-v6g_teacher_hR2_01_s911_pPOST_L5_VhR2/checkpoints,338522,334342,344064,335872,4,2,2,4180,8192,D5,
pair-stage-probes-3f6ca985-ghR2/cases/carry_b-v6g_teacher_hR2_01_s911_pPOST_L5_VhR2/eval_only,688116,688116,692224,692224,2,0,2,0,0,,
pair-stage-probes-3f6ca985-ghR2/cases/carry_b-v6g_teacher_hR2_01_s911_pPOST_L5_VhR2/frames,0,0,0,0,0,0,0,0,0,,
pair-stage-probes-3f6ca985-ghR2/cases/carry_b-v6g_teacher_hR2_01_s911_pPOST_L5_VhR2/frames/r1,3010698,614216,3358720,700416,242,197,45,2396482,2658304,D1,first + >=1 SIM second since last sample + last per stream/episode/leg
pair-stage-probes-3f6ca985-ghR2/cases/carry_b-v6g_teacher_hR2_01_s911_pPOST_L5_VhR2/frames/r2,3374667,437265,4050944,512000,242,213,29,2937402,3538944,D1,first + >=1 SIM second since last sample + last per stream/episode/leg
pair-stage-probes-3f6ca985-ghR2/cases/carry_b-v6g_teacher_hR2_01_s911_pPOST_L5_VhR2/frames/r3,2172810,470235,2195456,475136,134,105,29,1702575,1720320,D1,first + >=1 SIM second since last sample + last per stream/episode/leg
pair-stage-probes-3f6ca985-ghR2/cases/carry_b-v6g_teacher_hR2_01_s911_pPOST_L6_VhR2,1804970,1804970,1814528,1814528,5,0,5,0,0,,
pair-stage-probes-3f6ca985-ghR2/cases/carry_b-v6g_teacher_hR2_01_s911_pPOST_L6_VhR2/checkpoints,337685,335592,344064,339968,4,1,3,2093,4096,D5,
pair-stage-probes-3f6ca985-ghR2/cases/carry_b-v6g_teacher_hR2_01_s911_pPOST_L6_VhR2/eval_only,699953,699953,704512,704512,2,0,2,0,0,,
pair-stage-probes-3f6ca985-ghR2/cases/carry_b-v6g_teacher_hR2_01_s911_pPOST_L6_VhR2/frames,0,0,0,0,0,0,0,0,0,,
pair-stage-probes-3f6ca985-ghR2/cases/carry_b-v6g_teacher_hR2_01_s911_pPOST_L6_VhR2/frames/r1,3033688,605207,3399680,700416,247,202,45,2428481,2699264,D1,first + >=1 SIM second since last sample + last per stream/episode/leg
pair-stage-probes-3f6ca985-ghR2/cases/carry_b-v6g_teacher_hR2_01_s911_pPOST_L6_VhR2/frames/r2,3403290,439494,4124672,524288,247,217,30,2963796,3600384,D1,first + >=1 SIM second since last sample + last per stream/episode/leg
pair-stage-probes-3f6ca985-ghR2/cases/carry_b-v6g_teacher_hR2_01_s911_pPOST_L6_VhR2/frames/r3,2221455,486450,2244608,491520,137,107,30,1735005,1753088,D1,first + >=1 SIM second since last sample + last per stream/episode/leg
pair-stage-probes-3f6ca985-ghR2/cases/carry_b-v6g_teacher_hR2_01_s911_pPOST_VhR2,1590781,1590781,1601536,1601536,5,0,5,0,0,,
pair-stage-probes-3f6ca985-ghR2/cases/carry_b-v6g_teacher_hR2_01_s911_pPOST_VhR2/checkpoints,371498,371498,376832,376832,4,0,4,0,0,,
pair-stage-probes-3f6ca985-ghR2/cases/carry_b-v6g_teacher_hR2_01_s911_pPOST_VhR2/eval_only,613443,613443,618496,618496,2,0,2,0,0,,
pair-stage-probes-3f6ca985-ghR2/cases/carry_b-v6g_teacher_hR2_01_s911_pPOST_VhR2/frames,0,0,0,0,0,0,0,0,0,,
pair-stage-probes-3f6ca985-ghR2/cases/carry_b-v6g_teacher_hR2_01_s911_pPOST_VhR2/frames/r1,2717249,590746,3022848,671744,214,172,42,2126503,2351104,D1,first + >=1 SIM second since last sample + last per stream/episode/leg
pair-stage-probes-3f6ca985-ghR2/cases/carry_b-v6g_teacher_hR2_01_s911_pPOST_VhR2/frames/r2,3007593,400211,3584000,475136,214,187,27,2607382,3108864,D1,first + >=1 SIM second since last sample + last per stream/episode/leg
pair-stage-probes-3f6ca985-ghR2/cases/carry_b-v6g_teacher_hR2_01_s911_pPOST_VhR2/frames/r3,1945800,421590,1966080,425984,120,94,26,1524210,1540096,D1,first + >=1 SIM second since last sample + last per stream/episode/leg
pair-stage-probes-3f6ca985-ghR2/cases/carry_b-v6g_teacher_hR2_02_s911_pPOST_L1_VhR2,1995822,1995822,2002944,2002944,5,0,5,0,0,,
pair-stage-probes-3f6ca985-ghR2/cases/carry_b-v6g_teacher_hR2_02_s911_pPOST_L1_VhR2/checkpoints,372285,372285,380928,380928,4,0,4,0,0,,
pair-stage-probes-3f6ca985-ghR2/cases/carry_b-v6g_teacher_hR2_02_s911_pPOST_L1_VhR2/eval_only,774159,774159,778240,778240,2,0,2,0,0,,
pair-stage-probes-3f6ca985-ghR2/cases/carry_b-v6g_teacher_hR2_02_s911_pPOST_L1_VhR2/frames,0,0,0,0,0,0,0,0,0,,
pair-stage-probes-3f6ca985-ghR2/cases/carry_b-v6g_teacher_hR2_02_s911_pPOST_L1_VhR2/frames/r1,3189979,610939,3567616,684032,276,228,48,2579040,2883584,D1,first + >=1 SIM second since last sample + last per stream/episode/leg
pair-stage-probes-3f6ca985-ghR2/cases/carry_b-v6g_teacher_hR2_02_s911_pPOST_L1_VhR2/frames/r2,3362592,427206,3850240,483328,276,243,33,2935386,3366912,D1,first + >=1 SIM second since last sample + last per stream/episode/leg
pair-stage-probes-3f6ca985-ghR2/cases/carry_b-v6g_teacher_hR2_02_s911_pPOST_L1_VhR2/frames/r3,2448465,535095,2473984,540672,151,118,33,1913370,1933312,D1,first + >=1 SIM second since last sample + last per stream/episode/leg
pair-stage-probes-3f6ca985-ghR2/cases/carry_b-v6g_teacher_hR2_02_s911_pPOST_L2_VhR2,1672108,1672108,1683456,1683456,5,0,5,0,0,,
pair-stage-probes-3f6ca985-ghR2/cases/carry_b-v6g_teacher_hR2_02_s911_pPOST_L2_VhR2/checkpoints,312822,312822,319488,319488,4,0,4,0,0,,
pair-stage-probes-3f6ca985-ghR2/cases/carry_b-v6g_teacher_hR2_02_s911_pPOST_L2_VhR2/eval_only,753004,753004,757760,757760,2,0,2,0,0,,
pair-stage-probes-3f6ca985-ghR2/cases/carry_b-v6g_teacher_hR2_02_s911_pPOST_L2_VhR2/frames,0,0,0,0,0,0,0,0,0,,
pair-stage-probes-3f6ca985-ghR2/cases/carry_b-v6g_teacher_hR2_02_s911_pPOST_L2_VhR2/frames/r1,3040714,585579,3420160,655360,268,220,48,2455135,2764800,D1,first + >=1 SIM second since last sample + last per stream/episode/leg
pair-stage-probes-3f6ca985-ghR2/cases/carry_b-v6g_teacher_hR2_02_s911_pPOST_L2_VhR2/frames/r2,3242715,417880,3678208,475136,268,236,32,2824835,3203072,D1,first + >=1 SIM second since last sample + last per stream/episode/leg
pair-stage-probes-3f6ca985-ghR2/cases/carry_b-v6g_teacher_hR2_02_s911_pPOST_L2_VhR2/frames/r3,2383605,518880,2408448,524288,147,115,32,1864725,1884160,D1,first + >=1 SIM second since last sample + last per stream/episode/leg
pair-stage-probes-3f6ca985-ghR2/cases/carry_b-v6g_teacher_hR2_02_s911_pPOST_L3_VhR2,1773745,1773745,1785856,1785856,5,0,5,0,0,,
pair-stage-probes-3f6ca985-ghR2/cases/carry_b-v6g_teacher_hR2_02_s911_pPOST_L3_VhR2/checkpoints,341182,339089,352256,348160,4,1,3,2093,4096,D5,
pair-stage-probes-3f6ca985-ghR2/cases/carry_b-v6g_teacher_hR2_02_s911_pPOST_L3_VhR2/eval_only,688025,688025,692224,692224,2,0,2,0,0,,
pair-stage-probes-3f6ca985-ghR2/cases/carry_b-v6g_teacher_hR2_02_s911_pPOST_L3_VhR2/frames,0,0,0,0,0,0,0,0,0,,
pair-stage-probes-3f6ca985-ghR2/cases/carry_b-v6g_teacher_hR2_02_s911_pPOST_L3_VhR2/frames/r1,2758897,551834,3100672,618496,242,197,45,2207063,2482176,D1,first + >=1 SIM second since last sample + last per stream/episode/leg
pair-stage-probes-3f6ca985-ghR2/cases/carry_b-v6g_teacher_hR2_02_s911_pPOST_L3_VhR2/frames/r2,2926216,386865,3112960,413696,242,213,29,2539351,2699264,D1,first + >=1 SIM second since last sample + last per stream/episode/leg
pair-stage-probes-3f6ca985-ghR2/cases/carry_b-v6g_teacher_hR2_02_s911_pPOST_L3_VhR2/frames/r3,2172810,470235,2195456,475136,134,105,29,1702575,1720320,D1,first + >=1 SIM second since last sample + last per stream/episode/leg
pair-stage-probes-3f6ca985-ghR2/cases/carry_b-v6g_teacher_hR2_02_s911_pPOST_L4_VhR2,1769824,1769824,1781760,1781760,5,0,5,0,0,,
pair-stage-probes-3f6ca985-ghR2/cases/carry_b-v6g_teacher_hR2_02_s911_pPOST_L4_VhR2/checkpoints,339426,337333,348160,344064,4,1,3,2093,4096,D5,
pair-stage-probes-3f6ca985-ghR2/cases/carry_b-v6g_teacher_hR2_02_s911_pPOST_L4_VhR2/eval_only,687967,687967,692224,692224,2,0,2,0,0,,
pair-stage-probes-3f6ca985-ghR2/cases/carry_b-v6g_teacher_hR2_02_s911_pPOST_L4_VhR2/frames,0,0,0,0,0,0,0,0,0,,
pair-stage-probes-3f6ca985-ghR2/cases/carry_b-v6g_teacher_hR2_02_s911_pPOST_L4_VhR2/frames/r1,2777517,556616,3100672,618496,242,197,45,2220901,2482176,D1,first + >=1 SIM second since last sample + last per stream/episode/leg
pair-stage-probes-3f6ca985-ghR2/cases/carry_b-v6g_teacher_hR2_02_s911_pPOST_L4_VhR2/frames/r2,2951757,394026,3145728,421888,242,213,29,2557731,2723840,D1,first + >=1 SIM second since last sample + last per stream/episode/leg
pair-stage-probes-3f6ca985-ghR2/cases/carry_b-v6g_teacher_hR2_02_s911_pPOST_L4_VhR2/frames/r3,2172810,470235,2195456,475136,134,105,29,1702575,1720320,D1,first + >=1 SIM second since last sample + last per stream/episode/leg
pair-stage-probes-3f6ca985-ghR2/cases/carry_b-v6g_teacher_hR2_02_s911_pPOST_L5_VhR2,1765152,1765152,1773568,1773568,5,0,5,0,0,,
pair-stage-probes-3f6ca985-ghR2/cases/carry_b-v6g_teacher_hR2_02_s911_pPOST_L5_VhR2/checkpoints,338616,338616,344064,344064,4,0,4,0,0,,
pair-stage-probes-3f6ca985-ghR2/cases/carry_b-v6g_teacher_hR2_02_s911_pPOST_L5_VhR2/eval_only,688062,688062,692224,692224,2,0,2,0,0,,
pair-stage-probes-3f6ca985-ghR2/cases/carry_b-v6g_teacher_hR2_02_s911_pPOST_L5_VhR2/frames,0,0,0,0,0,0,0,0,0,,
pair-stage-probes-3f6ca985-ghR2/cases/carry_b-v6g_teacher_hR2_02_s911_pPOST_L5_VhR2/frames/r1,2767862,557204,3100672,618496,242,197,45,2210658,2482176,D1,first + >=1 SIM second since last sample + last per stream/episode/leg
pair-stage-probes-3f6ca985-ghR2/cases/carry_b-v6g_teacher_hR2_02_s911_pPOST_L5_VhR2/frames/r2,2923532,387475,3121152,413696,242,213,29,2536057,2707456,D1,first + >=1 SIM second since last sample + last per stream/episode/leg
pair-stage-probes-3f6ca985-ghR2/cases/carry_b-v6g_teacher_hR2_02_s911_pPOST_L5_VhR2/frames/r3,2172810,470235,2195456,475136,134,105,29,1702575,1720320,D1,first + >=1 SIM second since last sample + last per stream/episode/leg
pair-stage-probes-3f6ca985-ghR2/cases/carry_b-v6g_teacher_hR2_02_s911_pPOST_L6_VhR2,1804102,1804102,1814528,1814528,5,0,5,0,0,,
pair-stage-probes-3f6ca985-ghR2/cases/carry_b-v6g_teacher_hR2_02_s911_pPOST_L6_VhR2/checkpoints,366961,366961,376832,376832,4,0,4,0,0,,
pair-stage-probes-3f6ca985-ghR2/cases/carry_b-v6g_teacher_hR2_02_s911_pPOST_L6_VhR2/eval_only,700222,700222,704512,704512,2,0,2,0,0,,
pair-stage-probes-3f6ca985-ghR2/cases/carry_b-v6g_teacher_hR2_02_s911_pPOST_L6_VhR2/frames,0,0,0,0,0,0,0,0,0,,
pair-stage-probes-3f6ca985-ghR2/cases/carry_b-v6g_teacher_hR2_02_s911_pPOST_L6_VhR2/frames/r1,2790353,548229,3162112,618496,247,202,45,2242124,2543616,D1,first + >=1 SIM second since last sample + last per stream/episode/leg
pair-stage-probes-3f6ca985-ghR2/cases/carry_b-v6g_teacher_hR2_02_s911_pPOST_L6_VhR2/frames/r2,2951592,389258,3162112,417792,247,217,30,2562334,2744320,D1,first + >=1 SIM second since last sample + last per stream/episode/leg
pair-stage-probes-3f6ca985-ghR2/cases/carry_b-v6g_teacher_hR2_02_s911_pPOST_L6_VhR2/frames/r3,2221455,486450,2244608,491520,137,107,30,1735005,1753088,D1,first + >=1 SIM second since last sample + last per stream/episode/leg
pair-stage-probes-3f6ca985-ghR2/cases/carry_b-v6g_teacher_hR2_02_s911_pPOST_VhR2,1545041,1545041,1552384,1552384,5,0,5,0,0,,
pair-stage-probes-3f6ca985-ghR2/cases/carry_b-v6g_teacher_hR2_02_s911_pPOST_VhR2/checkpoints,312518,312518,319488,319488,4,0,4,0,0,,
pair-stage-probes-3f6ca985-ghR2/cases/carry_b-v6g_teacher_hR2_02_s911_pPOST_VhR2/eval_only,600001,600001,602112,602112,2,0,2,0,0,,
pair-stage-probes-3f6ca985-ghR2/cases/carry_b-v6g_teacher_hR2_02_s911_pPOST_VhR2/frames,0,0,0,0,0,0,0,0,0,,
pair-stage-probes-3f6ca985-ghR2/cases/carry_b-v6g_teacher_hR2_02_s911_pPOST_VhR2/frames/r1,2436081,536315,2703360,589824,209,167,42,1899766,2113536,D1,first + >=1 SIM second since last sample + last per stream/episode/leg
pair-stage-probes-3f6ca985-ghR2/cases/carry_b-v6g_teacher_hR2_02_s911_pPOST_VhR2/frames/r2,2535298,341358,2793472,380928,209,183,26,2193940,2412544,D1,first + >=1 SIM second since last sample + last per stream/episode/leg
pair-stage-probes-3f6ca985-ghR2/cases/carry_b-v6g_teacher_hR2_02_s911_pPOST_VhR2/frames/r3,1913370,421590,1933312,425984,118,92,26,1491780,1507328,D1,first + >=1 SIM second since last sample + last per stream/episode/leg
pair-stage-probes-3f6ca985-ghR2/cases/carry_b-v6g_teacher_hR2_03_s911_pPOST_L1_VhR2,1995250,1995250,2002944,2002944,5,0,5,0,0,,
pair-stage-probes-3f6ca985-ghR2/cases/carry_b-v6g_teacher_hR2_03_s911_pPOST_L1_VhR2/checkpoints,372154,367973,380928,372736,4,2,2,4181,8192,D5,
pair-stage-probes-3f6ca985-ghR2/cases/carry_b-v6g_teacher_hR2_03_s911_pPOST_L1_VhR2/eval_only,774069,774069,778240,778240,2,0,2,0,0,,
pair-stage-probes-3f6ca985-ghR2/cases/carry_b-v6g_teacher_hR2_03_s911_pPOST_L1_VhR2/frames,0,0,0,0,0,0,0,0,0,,
pair-stage-probes-3f6ca985-ghR2/cases/carry_b-v6g_teacher_hR2_03_s911_pPOST_L1_VhR2/frames/r1,3190091,610992,3567616,684032,276,228,48,2579099,2883584,D1,first + >=1 SIM second since last sample + last per stream/episode/leg
pair-stage-probes-3f6ca985-ghR2/cases/carry_b-v6g_teacher_hR2_03_s911_pPOST_L1_VhR2/frames/r2,3362587,427215,3850240,483328,276,243,33,2935372,3366912,D1,first + >=1 SIM second since last sample + last per stream/episode/leg
pair-stage-probes-3f6ca985-ghR2/cases/carry_b-v6g_teacher_hR2_03_s911_pPOST_L1_VhR2/frames/r3,2448465,535095,2473984,540672,151,118,33,1913370,1933312,D1,first + >=1 SIM second since last sample + last per stream/episode/leg
pair-stage-probes-3f6ca985-ghR2/cases/carry_b-v6g_teacher_hR2_03_s911_pPOST_L2_VhR2,1672103,1672103,1683456,1683456,5,0,5,0,0,,
pair-stage-probes-3f6ca985-ghR2/cases/carry_b-v6g_teacher_hR2_03_s911_pPOST_L2_VhR2/checkpoints,312673,308604,319488,311296,4,2,2,4069,8192,D5,
pair-stage-probes-3f6ca985-ghR2/cases/carry_b-v6g_teacher_hR2_03_s911_pPOST_L2_VhR2/eval_only,752921,752921,757760,757760,2,0,2,0,0,,
pair-stage-probes-3f6ca985-ghR2/cases/carry_b-v6g_teacher_hR2_03_s911_pPOST_L2_VhR2/frames,0,0,0,0,0,0,0,0,0,,
pair-stage-probes-3f6ca985-ghR2/cases/carry_b-v6g_teacher_hR2_03_s911_pPOST_L2_VhR2/frames/r1,3040763,585504,3420160,655360,268,220,48,2455259,2764800,D1,first + >=1 SIM second since last sample + last per stream/episode/leg
pair-stage-probes-3f6ca985-ghR2/cases/carry_b-v6g_teacher_hR2_03_s911_pPOST_L2_VhR2/frames/r2,3242621,417805,3682304,475136,268,236,32,2824816,3207168,D1,first + >=1 SIM second since last sample + last per stream/episode/leg
pair-stage-probes-3f6ca985-ghR2/cases/carry_b-v6g_teacher_hR2_03_s911_pPOST_L2_VhR2/frames/r3,2383605,518880,2408448,524288,147,115,32,1864725,1884160,D1,first + >=1 SIM second since last sample + last per stream/episode/leg
pair-stage-probes-3f6ca985-ghR2/cases/carry_b-v6g_teacher_hR2_03_s911_pPOST_L3_VhR2,1773784,1773784,1785856,1785856,5,0,5,0,0,,
pair-stage-probes-3f6ca985-ghR2/cases/carry_b-v6g_teacher_hR2_03_s911_pPOST_L3_VhR2/checkpoints,311300,307120,319488,311296,4,2,2,4180,8192,D5,
pair-stage-probes-3f6ca985-ghR2/cases/carry_b-v6g_teacher_hR2_03_s911_pPOST_L3_VhR2/eval_only,687799,687799,692224,692224,2,0,2,0,0,,
pair-stage-probes-3f6ca985-ghR2/cases/carry_b-v6g_teacher_hR2_03_s911_pPOST_L3_VhR2/frames,0,0,0,0,0,0,0,0,0,,
pair-stage-probes-3f6ca985-ghR2/cases/carry_b-v6g_teacher_hR2_03_s911_pPOST_L3_VhR2/frames/r1,2758901,551839,3100672,618496,242,197,45,2207062,2482176,D1,first + >=1 SIM second since last sample + last per stream/episode/leg
pair-stage-probes-3f6ca985-ghR2/cases/carry_b-v6g_teacher_hR2_03_s911_pPOST_L3_VhR2/frames/r2,2926404,386814,3112960,409600,242,213,29,2539590,2703360,D1,first + >=1 SIM second since last sample + last per stream/episode/leg
pair-stage-probes-3f6ca985-ghR2/cases/carry_b-v6g_teacher_hR2_03_s911_pPOST_L3_VhR2/frames/r3,2172810,470235,2195456,475136,134,105,29,1702575,1720320,D1,first + >=1 SIM second since last sample + last per stream/episode/leg
pair-stage-probes-3f6ca985-ghR2/cases/carry_b-v6g_teacher_hR2_03_s911_pPOST_L4_VhR2,1769635,1769635,1781760,1781760,5,0,5,0,0,,
pair-stage-probes-3f6ca985-ghR2/cases/carry_b-v6g_teacher_hR2_03_s911_pPOST_L4_VhR2/checkpoints,309493,305313,319488,311296,4,2,2,4180,8192,D5,
pair-stage-probes-3f6ca985-ghR2/cases/carry_b-v6g_teacher_hR2_03_s911_pPOST_L4_VhR2/eval_only,687944,687944,692224,692224,2,0,2,0,0,,
pair-stage-probes-3f6ca985-ghR2/cases/carry_b-v6g_teacher_hR2_03_s911_pPOST_L4_VhR2/frames,0,0,0,0,0,0,0,0,0,,
pair-stage-probes-3f6ca985-ghR2/cases/carry_b-v6g_teacher_hR2_03_s911_pPOST_L4_VhR2/frames/r1,2777536,556534,3100672,618496,242,197,45,2221002,2482176,D1,first + >=1 SIM second since last sample + last per stream/episode/leg
pair-stage-probes-3f6ca985-ghR2/cases/carry_b-v6g_teacher_hR2_03_s911_pPOST_L4_VhR2/frames/r2,2951993,394015,3149824,421888,242,213,29,2557978,2727936,D1,first + >=1 SIM second since last sample + last per stream/episode/leg
pair-stage-probes-3f6ca985-ghR2/cases/carry_b-v6g_teacher_hR2_03_s911_pPOST_L4_VhR2/frames/r3,2172810,470235,2195456,475136,134,105,29,1702575,1720320,D1,first + >=1 SIM second since last sample + last per stream/episode/leg
pair-stage-probes-3f6ca985-ghR2/cases/carry_b-v6g_teacher_hR2_03_s911_pPOST_L5_VhR2,1765451,1765451,1777664,1777664,5,0,5,0,0,,
pair-stage-probes-3f6ca985-ghR2/cases/carry_b-v6g_teacher_hR2_03_s911_pPOST_L5_VhR2/checkpoints,338254,334074,344064,335872,4,2,2,4180,8192,D5,
pair-stage-probes-3f6ca985-ghR2/cases/carry_b-v6g_teacher_hR2_03_s911_pPOST_L5_VhR2/eval_only,688038,688038,692224,692224,2,0,2,0,0,,
pair-stage-probes-3f6ca985-ghR2/cases/carry_b-v6g_teacher_hR2_03_s911_pPOST_L5_VhR2/frames,0,0,0,0,0,0,0,0,0,,
pair-stage-probes-3f6ca985-ghR2/cases/carry_b-v6g_teacher_hR2_03_s911_pPOST_L5_VhR2/frames/r1,2768100,557163,3100672,618496,242,197,45,2210937,2482176,D1,first + >=1 SIM second since last sample + last per stream/episode/leg
pair-stage-probes-3f6ca985-ghR2/cases/carry_b-v6g_teacher_hR2_03_s911_pPOST_L5_VhR2/frames/r2,2923466,387405,3112960,413696,242,213,29,2536061,2699264,D1,first + >=1 SIM second since last sample + last per stream/episode/leg
pair-stage-probes-3f6ca985-ghR2/cases/carry_b-v6g_teacher_hR2_03_s911_pPOST_L5_VhR2/frames/r3,2172810,470235,2195456,475136,134,105,29,1702575,1720320,D1,first + >=1 SIM second since last sample + last per stream/episode/leg
pair-stage-probes-3f6ca985-ghR2/cases/carry_b-v6g_teacher_hR2_03_s911_pPOST_L6_VhR2,1804201,1804201,1814528,1814528,5,0,5,0,0,,
pair-stage-probes-3f6ca985-ghR2/cases/carry_b-v6g_teacher_hR2_03_s911_pPOST_L6_VhR2/checkpoints,366583,364490,376832,372736,4,1,3,2093,4096,D5,
pair-stage-probes-3f6ca985-ghR2/cases/carry_b-v6g_teacher_hR2_03_s911_pPOST_L6_VhR2/eval_only,700194,700194,704512,704512,2,0,2,0,0,,
pair-stage-probes-3f6ca985-ghR2/cases/carry_b-v6g_teacher_hR2_03_s911_pPOST_L6_VhR2/frames,0,0,0,0,0,0,0,0,0,,
pair-stage-probes-3f6ca985-ghR2/cases/carry_b-v6g_teacher_hR2_03_s911_pPOST_L6_VhR2/frames/r1,2790281,548315,3162112,618496,247,202,45,2241966,2543616,D1,first + >=1 SIM second since last sample + last per stream/episode/leg
pair-stage-probes-3f6ca985-ghR2/cases/carry_b-v6g_teacher_hR2_03_s911_pPOST_L6_VhR2/frames/r2,2951849,389281,3162112,417792,247,217,30,2562568,2744320,D1,first + >=1 SIM second since last sample + last per stream/episode/leg
pair-stage-probes-3f6ca985-ghR2/cases/carry_b-v6g_teacher_hR2_03_s911_pPOST_L6_VhR2/frames/r3,2221455,486450,2244608,491520,137,107,30,1735005,1753088,D1,first + >=1 SIM second since last sample + last per stream/episode/leg
pair-stage-probes-3f6ca985-ghR2/cases/carry_b-v6g_teacher_hR2_03_s911_pPOST_VhR2,1565411,1565411,1576960,1576960,5,0,5,0,0,,
pair-stage-probes-3f6ca985-ghR2/cases/carry_b-v6g_teacher_hR2_03_s911_pPOST_VhR2/checkpoints,312493,310400,319488,315392,4,1,3,2093,4096,D5,
pair-stage-probes-3f6ca985-ghR2/cases/carry_b-v6g_teacher_hR2_03_s911_pPOST_VhR2/eval_only,608144,608144,610304,610304,2,0,2,0,0,,
pair-stage-probes-3f6ca985-ghR2/cases/carry_b-v6g_teacher_hR2_03_s911_pPOST_VhR2/frames,0,0,0,0,0,0,0,0,0,,
pair-stage-probes-3f6ca985-ghR2/cases/carry_b-v6g_teacher_hR2_03_s911_pPOST_VhR2/frames/r1,2469569,536247,2740224,589824,212,170,42,1933322,2150400,D1,first + >=1 SIM second since last sample + last per stream/episode/leg
pair-stage-probes-3f6ca985-ghR2/cases/carry_b-v6g_teacher_hR2_03_s911_pPOST_VhR2/frames/r2,2571095,341293,2834432,380928,212,186,26,2229802,2453504,D1,first + >=1 SIM second since last sample + last per stream/episode/leg
pair-stage-probes-3f6ca985-ghR2/cases/carry_b-v6g_teacher_hR2_03_s911_pPOST_VhR2/frames/r3,1929585,421590,1949696,425984,119,93,26,1507995,1523712,D1,first + >=1 SIM second since last sample + last per stream/episode/leg
pair-stage-probes-3f6ca985-ghR2/cases/carry_b-v6g_teacher_hR2_04_s911_pPOST_L1_VhR2,300742,300742,311296,311296,5,0,5,0,0,,
pair-stage-probes-3f6ca985-ghR2/cases/carry_b-v6g_teacher_hR2_04_s911_pPOST_L1_VhR2/checkpoints,371823,371823,376832,376832,4,0,4,0,0,,
pair-stage-probes-3f6ca985-ghR2/cases/carry_b-v6g_teacher_hR2_04_s911_pPOST_L1_VhR2/eval_only,134499,134499,135168,135168,2,0,2,0,0,,
pair-stage-probes-3f6ca985-ghR2/cases/carry_b-v6g_teacher_hR2_04_s911_pPOST_L1_VhR2/frames,0,0,0,0,0,0,0,0,0,,
pair-stage-probes-3f6ca985-ghR2/cases/carry_b-v6g_teacher_hR2_04_s911_pPOST_L1_VhR2/frames/r1,534328,284400,618496,327680,30,14,16,249928,290816,D1,first + >=1 SIM second since last sample + last per stream/episode/leg
pair-stage-probes-3f6ca985-ghR2/cases/carry_b-v6g_teacher_hR2_04_s911_pPOST_L1_VhR2/frames/r2,473678,136766,569344,163840,30,22,8,336912,405504,D1,first + >=1 SIM second since last sample + last per stream/episode/leg
pair-stage-probes-3f6ca985-ghR2/cases/carry_b-v6g_teacher_hR2_04_s911_pPOST_L1_VhR2/frames/r3,454020,129720,458752,131072,28,20,8,324300,327680,D1,first + >=1 SIM second since last sample + last per stream/episode/leg
pair-stage-probes-3f6ca985-ghR2/cases/carry_b-v6g_teacher_hR2_04_s911_pPOST_L2_VhR2,1667767,1667767,1675264,1675264,5,0,5,0,0,,
pair-stage-probes-3f6ca985-ghR2/cases/carry_b-v6g_teacher_hR2_04_s911_pPOST_L2_VhR2/checkpoints,313332,313332,319488,319488,4,0,4,0,0,,
pair-stage-probes-3f6ca985-ghR2/cases/carry_b-v6g_teacher_hR2_04_s911_pPOST_L2_VhR2/eval_only,753550,753550,757760,757760,2,0,2,0,0,,
pair-stage-probes-3f6ca985-ghR2/cases/carry_b-v6g_teacher_hR2_04_s911_pPOST_L2_VhR2/frames,0,0,0,0,0,0,0,0,0,,
pair-stage-probes-3f6ca985-ghR2/cases/carry_b-v6g_teacher_hR2_04_s911_pPOST_L2_VhR2/frames/r1,3761178,702277,4468736,823296,268,220,48,3058901,3645440,D1,first + >=1 SIM second since last sample + last per stream/episode/leg
pair-stage-probes-3f6ca985-ghR2/cases/carry_b-v6g_teacher_hR2_04_s911_pPOST_L2_VhR2/frames/r2,3274231,427617,3592192,466944,268,236,32,2846614,3125248,D1,first + >=1 SIM second since last sample + last per stream/episode/leg
pair-stage-probes-3f6ca985-ghR2/cases/carry_b-v6g_teacher_hR2_04_s911_pPOST_L2_VhR2/frames/r3,2383605,518880,2408448,524288,147,115,32,1864725,1884160,D1,first + >=1 SIM second since last sample + last per stream/episode/leg
pair-stage-probes-3f6ca985-ghR2/cases/carry_b-v6g_teacher_hR2_04_s911_pPOST_L3_VhR2,1773758,1773758,1781760,1781760,5,0,5,0,0,,
pair-stage-probes-3f6ca985-ghR2/cases/carry_b-v6g_teacher_hR2_04_s911_pPOST_L3_VhR2/checkpoints,370863,370863,376832,376832,4,0,4,0,0,,
pair-stage-probes-3f6ca985-ghR2/cases/carry_b-v6g_teacher_hR2_04_s911_pPOST_L3_VhR2/eval_only,686686,686686,692224,692224,2,0,2,0,0,,
pair-stage-probes-3f6ca985-ghR2/cases/carry_b-v6g_teacher_hR2_04_s911_pPOST_L3_VhR2/frames,0,0,0,0,0,0,0,0,0,,
pair-stage-probes-3f6ca985-ghR2/cases/carry_b-v6g_teacher_hR2_04_s911_pPOST_L3_VhR2/frames/r1,3401548,657737,4042752,774144,242,197,45,2743811,3268608,D1,first + >=1 SIM second since last sample + last per stream/episode/leg
pair-stage-probes-3f6ca985-ghR2/cases/carry_b-v6g_teacher_hR2_04_s911_pPOST_L3_VhR2/frames/r2,2955681,389184,3260416,430080,242,213,29,2566497,2830336,D1,first + >=1 SIM second since last sample + last per stream/episode/leg
pair-stage-probes-3f6ca985-ghR2/cases/carry_b-v6g_teacher_hR2_04_s911_pPOST_L3_VhR2/frames/r3,2172810,470235,2195456,475136,134,105,29,1702575,1720320,D1,first + >=1 SIM second since last sample + last per stream/episode/leg
pair-stage-probes-3f6ca985-ghR2/cases/carry_b-v6g_teacher_hR2_04_s911_pPOST_L4_VhR2,1777959,1777959,1789952,1789952,5,0,5,0,0,,
pair-stage-probes-3f6ca985-ghR2/cases/carry_b-v6g_teacher_hR2_04_s911_pPOST_L4_VhR2/checkpoints,368917,366824,376832,372736,4,1,3,2093,4096,D5,
pair-stage-probes-3f6ca985-ghR2/cases/carry_b-v6g_teacher_hR2_04_s911_pPOST_L4_VhR2/eval_only,685223,685223,688128,688128,2,0,2,0,0,,
pair-stage-probes-3f6ca985-ghR2/cases/carry_b-v6g_teacher_hR2_04_s911_pPOST_L4_VhR2/frames,0,0,0,0,0,0,0,0,0,,
pair-stage-probes-3f6ca985-ghR2/cases/carry_b-v6g_teacher_hR2_04_s911_pPOST_L4_VhR2/frames/r1,3418662,664965,4042752,774144,242,197,45,2753697,3268608,D1,first + >=1 SIM second since last sample + last per stream/episode/leg
pair-stage-probes-3f6ca985-ghR2/cases/carry_b-v6g_teacher_hR2_04_s911_pPOST_L4_VhR2/frames/r2,2980764,397789,3289088,442368,242,213,29,2582975,2846720,D1,first + >=1 SIM second since last sample + last per stream/episode/leg
pair-stage-probes-3f6ca985-ghR2/cases/carry_b-v6g_teacher_hR2_04_s911_pPOST_L4_VhR2/frames/r3,2172810,470235,2195456,475136,134,105,29,1702575,1720320,D1,first + >=1 SIM second since last sample + last per stream/episode/leg
pair-stage-probes-3f6ca985-ghR2/cases/carry_b-v6g_teacher_hR2_04_s911_pPOST_L5_VhR2,1769128,1769128,1777664,1777664,5,0,5,0,0,,
pair-stage-probes-3f6ca985-ghR2/cases/carry_b-v6g_teacher_hR2_04_s911_pPOST_L5_VhR2/checkpoints,367750,363569,376832,368640,4,2,2,4181,8192,D5,
pair-stage-probes-3f6ca985-ghR2/cases/carry_b-v6g_teacher_hR2_04_s911_pPOST_L5_VhR2/eval_only,685183,685183,688128,688128,2,0,2,0,0,,
pair-stage-probes-3f6ca985-ghR2/cases/carry_b-v6g_teacher_hR2_04_s911_pPOST_L5_VhR2/frames,0,0,0,0,0,0,0,0,0,,
pair-stage-probes-3f6ca985-ghR2/cases/carry_b-v6g_teacher_hR2_04_s911_pPOST_L5_VhR2/frames/r1,3409348,663860,4042752,774144,242,197,45,2745488,3268608,D1,first + >=1 SIM second since last sample + last per stream/episode/leg
pair-stage-probes-3f6ca985-ghR2/cases/carry_b-v6g_teacher_hR2_04_s911_pPOST_L5_VhR2/frames/r2,2955090,390901,3256320,430080,242,213,29,2564189,2826240,D1,first + >=1 SIM second since last sample + last per stream/episode/leg
pair-stage-probes-3f6ca985-ghR2/cases/carry_b-v6g_teacher_hR2_04_s911_pPOST_L5_VhR2/frames/r3,2172810,470235,2195456,475136,134,105,29,1702575,1720320,D1,first + >=1 SIM second since last sample + last per stream/episode/leg
pair-stage-probes-3f6ca985-ghR2/cases/carry_b-v6g_teacher_hR2_04_s911_pPOST_L6_VhR2,1808995,1808995,1818624,1818624,5,0,5,0,0,,
pair-stage-probes-3f6ca985-ghR2/cases/carry_b-v6g_teacher_hR2_04_s911_pPOST_L6_VhR2/checkpoints,366980,364887,376832,372736,4,1,3,2093,4096,D5,
pair-stage-probes-3f6ca985-ghR2/cases/carry_b-v6g_teacher_hR2_04_s911_pPOST_L6_VhR2/eval_only,697677,697677,700416,700416,2,0,2,0,0,,
pair-stage-probes-3f6ca985-ghR2/cases/carry_b-v6g_teacher_hR2_04_s911_pPOST_L6_VhR2/frames,0,0,0,0,0,0,0,0,0,,
pair-stage-probes-3f6ca985-ghR2/cases/carry_b-v6g_teacher_hR2_04_s911_pPOST_L6_VhR2/frames/r1,3440536,654563,4124672,774144,247,202,45,2785973,3350528,D1,first + >=1 SIM second since last sample + last per stream/episode/leg
pair-stage-probes-3f6ca985-ghR2/cases/carry_b-v6g_teacher_hR2_04_s911_pPOST_L6_VhR2/frames/r2,2977833,392994,3301376,438272,247,217,30,2584839,2863104,D1,first + >=1 SIM second since last sample + last per stream/episode/leg
pair-stage-probes-3f6ca985-ghR2/cases/carry_b-v6g_teacher_hR2_04_s911_pPOST_L6_VhR2/frames/r3,2221455,486450,2244608,491520,137,107,30,1735005,1753088,D1,first + >=1 SIM second since last sample + last per stream/episode/leg
pair-stage-probes-3f6ca985-ghR2/cases/carry_b-v6g_teacher_hR2_04_s911_pPOST_VhR2,1563733,1563733,1572864,1572864,5,0,5,0,0,,
pair-stage-probes-3f6ca985-ghR2/cases/carry_b-v6g_teacher_hR2_04_s911_pPOST_VhR2/checkpoints,373400,373400,380928,380928,4,0,4,0,0,,
pair-stage-probes-3f6ca985-ghR2/cases/carry_b-v6g_teacher_hR2_04_s911_pPOST_VhR2/eval_only,605874,605874,610304,610304,2,0,2,0,0,,
pair-stage-probes-3f6ca985-ghR2/cases/carry_b-v6g_teacher_hR2_04_s911_pPOST_VhR2/frames,0,0,0,0,0,0,0,0,0,,
pair-stage-probes-3f6ca985-ghR2/cases/carry_b-v6g_teacher_hR2_04_s911_pPOST_VhR2/frames/r1,3006322,631807,3543040,733184,211,169,42,2374515,2809856,D1,first + >=1 SIM second since last sample + last per stream/episode/leg
pair-stage-probes-3f6ca985-ghR2/cases/carry_b-v6g_teacher_hR2_04_s911_pPOST_VhR2/frames/r2,2622753,349037,2875392,380928,211,185,26,2273716,2494464,D1,first + >=1 SIM second since last sample + last per stream/episode/leg
pair-stage-probes-3f6ca985-ghR2/cases/carry_b-v6g_teacher_hR2_04_s911_pPOST_VhR2/frames/r3,1929585,421590,1949696,425984,119,93,26,1507995,1523712,D1,first + >=1 SIM second since last sample + last per stream/episode/leg
pair-stage-probes-3f6ca985-ghR2/cases/carry_b-v6g_teacher_hR2_05_s911_pPOST_L1_VhR2,300812,300812,311296,311296,5,0,5,0,0,,
pair-stage-probes-3f6ca985-ghR2/cases/carry_b-v6g_teacher_hR2_05_s911_pPOST_L1_VhR2/checkpoints,371733,367555,376832,368640,4,2,2,4178,8192,D5,
pair-stage-probes-3f6ca985-ghR2/cases/carry_b-v6g_teacher_hR2_05_s911_pPOST_L1_VhR2/eval_only,134596,134596,135168,135168,2,0,2,0,0,,
pair-stage-probes-3f6ca985-ghR2/cases/carry_b-v6g_teacher_hR2_05_s911_pPOST_L1_VhR2/frames,0,0,0,0,0,0,0,0,0,,
pair-stage-probes-3f6ca985-ghR2/cases/carry_b-v6g_teacher_hR2_05_s911_pPOST_L1_VhR2/frames/r1,534328,284400,618496,327680,30,14,16,249928,290816,D1,first + >=1 SIM second since last sample + last per stream/episode/leg
pair-stage-probes-3f6ca985-ghR2/cases/carry_b-v6g_teacher_hR2_05_s911_pPOST_L1_VhR2/frames/r2,473678,136766,569344,163840,30,22,8,336912,405504,D1,first + >=1 SIM second since last sample + last per stream/episode/leg
pair-stage-probes-3f6ca985-ghR2/cases/carry_b-v6g_teacher_hR2_05_s911_pPOST_L1_VhR2/frames/r3,454020,129720,458752,131072,28,20,8,324300,327680,D1,first + >=1 SIM second since last sample + last per stream/episode/leg
pair-stage-probes-3f6ca985-ghR2/cases/carry_b-v6g_teacher_hR2_05_s911_pPOST_L2_VhR2,1667843,1667843,1675264,1675264,5,0,5,0,0,,
pair-stage-probes-3f6ca985-ghR2/cases/carry_b-v6g_teacher_hR2_05_s911_pPOST_L2_VhR2/checkpoints,313321,309253,319488,311296,4,2,2,4068,8192,D5,
pair-stage-probes-3f6ca985-ghR2/cases/carry_b-v6g_teacher_hR2_05_s911_pPOST_L2_VhR2/eval_only,753208,753208,757760,757760,2,0,2,0,0,,
pair-stage-probes-3f6ca985-ghR2/cases/carry_b-v6g_teacher_hR2_05_s911_pPOST_L2_VhR2/frames,0,0,0,0,0,0,0,0,0,,
pair-stage-probes-3f6ca985-ghR2/cases/carry_b-v6g_teacher_hR2_05_s911_pPOST_L2_VhR2/frames/r1,3761167,702316,4468736,823296,268,220,48,3058851,3645440,D1,first + >=1 SIM second since last sample + last per stream/episode/leg
pair-stage-probes-3f6ca985-ghR2/cases/carry_b-v6g_teacher_hR2_05_s911_pPOST_L2_VhR2/frames/r2,3274136,427574,3592192,466944,268,236,32,2846562,3125248,D1,first + >=1 SIM second since last sample + last per stream/episode/leg
pair-stage-probes-3f6ca985-ghR2/cases/carry_b-v6g_teacher_hR2_05_s911_pPOST_L2_VhR2/frames/r3,2383605,518880,2408448,524288,147,115,32,1864725,1884160,D1,first + >=1 SIM second since last sample + last per stream/episode/leg
pair-stage-probes-3f6ca985-ghR2/cases/carry_b-v6g_teacher_hR2_05_s911_pPOST_L3_VhR2,1773639,1773639,1781760,1781760,5,0,5,0,0,,
pair-stage-probes-3f6ca985-ghR2/cases/carry_b-v6g_teacher_hR2_05_s911_pPOST_L3_VhR2/checkpoints,370887,368794,376832,372736,4,1,3,2093,4096,D5,
pair-stage-probes-3f6ca985-ghR2/cases/carry_b-v6g_teacher_hR2_05_s911_pPOST_L3_VhR2/eval_only,686827,686827,692224,692224,2,0,2,0,0,,
pair-stage-probes-3f6ca985-ghR2/cases/carry_b-v6g_teacher_hR2_05_s911_pPOST_L3_VhR2/frames,0,0,0,0,0,0,0,0,0,,
pair-stage-probes-3f6ca985-ghR2/cases/carry_b-v6g_teacher_hR2_05_s911_pPOST_L3_VhR2/frames/r1,3401479,657625,4042752,774144,242,197,45,2743854,3268608,D1,first + >=1 SIM second since last sample + last per stream/episode/leg
pair-stage-probes-3f6ca985-ghR2/cases/carry_b-v6g_teacher_hR2_05_s911_pPOST_L3_VhR2/frames/r2,2955229,389186,3260416,430080,242,213,29,2566043,2830336,D1,first + >=1 SIM second since last sample + last per stream/episode/leg
pair-stage-probes-3f6ca985-ghR2/cases/carry_b-v6g_teacher_hR2_05_s911_pPOST_L3_VhR2/frames/r3,2172810,470235,2195456,475136,134,105,29,1702575,1720320,D1,first + >=1 SIM second since last sample + last per stream/episode/leg
pair-stage-probes-3f6ca985-ghR2/cases/carry_b-v6g_teacher_hR2_05_s911_pPOST_L4_VhR2,1778531,1778531,1789952,1789952,5,0,5,0,0,,
pair-stage-probes-3f6ca985-ghR2/cases/carry_b-v6g_teacher_hR2_05_s911_pPOST_L4_VhR2/checkpoints,368779,366686,376832,372736,4,1,3,2093,4096,D5,
pair-stage-probes-3f6ca985-ghR2/cases/carry_b-v6g_teacher_hR2_05_s911_pPOST_L4_VhR2/eval_only,685246,685246,688128,688128,2,0,2,0,0,,
pair-stage-probes-3f6ca985-ghR2/cases/carry_b-v6g_teacher_hR2_05_s911_pPOST_L4_VhR2/frames,0,0,0,0,0,0,0,0,0,,
pair-stage-probes-3f6ca985-ghR2/cases/carry_b-v6g_teacher_hR2_05_s911_pPOST_L4_VhR2/frames/r1,3418483,664816,4042752,774144,242,197,45,2753667,3268608,D1,first + >=1 SIM second since last sample + last per stream/episode/leg
pair-stage-probes-3f6ca985-ghR2/cases/carry_b-v6g_teacher_hR2_05_s911_pPOST_L4_VhR2/frames/r2,2981042,397928,3289088,442368,242,213,29,2583114,2846720,D1,first + >=1 SIM second since last sample + last per stream/episode/leg
pair-stage-probes-3f6ca985-ghR2/cases/carry_b-v6g_teacher_hR2_05_s911_pPOST_L4_VhR2/frames/r3,2172810,470235,2195456,475136,134,105,29,1702575,1720320,D1,first + >=1 SIM second since last sample + last per stream/episode/leg
pair-stage-probes-3f6ca985-ghR2/cases/carry_b-v6g_teacher_hR2_05_s911_pPOST_L5_VhR2,1769593,1769593,1777664,1777664,5,0,5,0,0,,
pair-stage-probes-3f6ca985-ghR2/cases/carry_b-v6g_teacher_hR2_05_s911_pPOST_L5_VhR2/checkpoints,367747,363567,376832,368640,4,2,2,4180,8192,D5,
pair-stage-probes-3f6ca985-ghR2/cases/carry_b-v6g_teacher_hR2_05_s911_pPOST_L5_VhR2/eval_only,685550,685550,688128,688128,2,0,2,0,0,,
pair-stage-probes-3f6ca985-ghR2/cases/carry_b-v6g_teacher_hR2_05_s911_pPOST_L5_VhR2/frames,0,0,0,0,0,0,0,0,0,,
pair-stage-probes-3f6ca985-ghR2/cases/carry_b-v6g_teacher_hR2_05_s911_pPOST_L5_VhR2/frames/r1,3409443,663971,4042752,774144,242,197,45,2745472,3268608,D1,first + >=1 SIM second since last sample + last per stream/episode/leg
pair-stage-probes-3f6ca985-ghR2/cases/carry_b-v6g_teacher_hR2_05_s911_pPOST_L5_VhR2/frames/r2,2955116,391035,3252224,430080,242,213,29,2564081,2822144,D1,first + >=1 SIM second since last sample + last per stream/episode/leg
pair-stage-probes-3f6ca985-ghR2/cases/carry_b-v6g_teacher_hR2_05_s911_pPOST_L5_VhR2/frames/r3,2172810,470235,2195456,475136,134,105,29,1702575,1720320,D1,first + >=1 SIM second since last sample + last per stream/episode/leg
pair-stage-probes-3f6ca985-ghR2/cases/carry_b-v6g_teacher_hR2_05_s911_pPOST_L6_VhR2,1808351,1808351,1818624,1818624,5,0,5,0,0,,
pair-stage-probes-3f6ca985-ghR2/cases/carry_b-v6g_teacher_hR2_05_s911_pPOST_L6_VhR2/checkpoints,366789,364696,376832,372736,4,1,3,2093,4096,D5,
pair-stage-probes-3f6ca985-ghR2/cases/carry_b-v6g_teacher_hR2_05_s911_pPOST_L6_VhR2/eval_only,697829,697829,700416,700416,2,0,2,0,0,,
pair-stage-probes-3f6ca985-ghR2/cases/carry_b-v6g_teacher_hR2_05_s911_pPOST_L6_VhR2/frames,0,0,0,0,0,0,0,0,0,,
pair-stage-probes-3f6ca985-ghR2/cases/carry_b-v6g_teacher_hR2_05_s911_pPOST_L6_VhR2/frames/r1,3440941,654515,4124672,774144,247,202,45,2786426,3350528,D1,first + >=1 SIM second since last sample + last per stream/episode/leg
pair-stage-probes-3f6ca985-ghR2/cases/carry_b-v6g_teacher_hR2_05_s911_pPOST_L6_VhR2/frames/r2,2977500,393043,3305472,438272,247,217,30,2584457,2867200,D1,first + >=1 SIM second since last sample + last per stream/episode/leg
pair-stage-probes-3f6ca985-ghR2/cases/carry_b-v6g_teacher_hR2_05_s911_pPOST_L6_VhR2/frames/r3,2221455,486450,2244608,491520,137,107,30,1735005,1753088,D1,first + >=1 SIM second since last sample + last per stream/episode/leg
pair-stage-probes-3f6ca985-ghR2/cases/carry_b-v6g_teacher_hR2_05_s911_pPOST_VhR2,1569676,1569676,1581056,1581056,5,0,5,0,0,,
pair-stage-probes-3f6ca985-ghR2/cases/carry_b-v6g_teacher_hR2_05_s911_pPOST_VhR2/checkpoints,373483,371390,385024,380928,4,1,3,2093,4096,D5,
pair-stage-probes-3f6ca985-ghR2/cases/carry_b-v6g_teacher_hR2_05_s911_pPOST_VhR2/eval_only,608883,608883,610304,610304,2,0,2,0,0,,
pair-stage-probes-3f6ca985-ghR2/cases/carry_b-v6g_teacher_hR2_05_s911_pPOST_VhR2/frames,0,0,0,0,0,0,0,0,0,,
pair-stage-probes-3f6ca985-ghR2/cases/carry_b-v6g_teacher_hR2_05_s911_pPOST_VhR2/frames/r1,3019939,631796,3559424,733184,212,170,42,2388143,2826240,D1,first + >=1 SIM second since last sample + last per stream/episode/leg
pair-stage-probes-3f6ca985-ghR2/cases/carry_b-v6g_teacher_hR2_05_s911_pPOST_VhR2/frames/r2,2634337,348989,2891776,380928,212,186,26,2285348,2510848,D1,first + >=1 SIM second since last sample + last per stream/episode/leg
pair-stage-probes-3f6ca985-ghR2/cases/carry_b-v6g_teacher_hR2_05_s911_pPOST_VhR2/frames/r3,1929585,421590,1949696,425984,119,93,26,1507995,1523712,D1,first + >=1 SIM second since last sample + last per stream/episode/leg
pair-stage-probes-3f6ca985-ghR2/cases/carry_b-v6g_teacher_hR2_06_s911_pPOST_L1_VhR2,300721,300721,311296,311296,5,0,5,0,0,,
pair-stage-probes-3f6ca985-ghR2/cases/carry_b-v6g_teacher_hR2_06_s911_pPOST_L1_VhR2/checkpoints,371881,367703,376832,368640,4,2,2,4178,8192,D5,
pair-stage-probes-3f6ca985-ghR2/cases/carry_b-v6g_teacher_hR2_06_s911_pPOST_L1_VhR2/eval_only,134443,134443,135168,135168,2,0,2,0,0,,
pair-stage-probes-3f6ca985-ghR2/cases/carry_b-v6g_teacher_hR2_06_s911_pPOST_L1_VhR2/frames,0,0,0,0,0,0,0,0,0,,
pair-stage-probes-3f6ca985-ghR2/cases/carry_b-v6g_teacher_hR2_06_s911_pPOST_L1_VhR2/frames/r1,534328,284400,618496,327680,30,14,16,249928,290816,D1,first + >=1 SIM second since last sample + last per stream/episode/leg
pair-stage-probes-3f6ca985-ghR2/cases/carry_b-v6g_teacher_hR2_06_s911_pPOST_L1_VhR2/frames/r2,473678,136766,569344,163840,30,22,8,336912,405504,D1,first + >=1 SIM second since last sample + last per stream/episode/leg
pair-stage-probes-3f6ca985-ghR2/cases/carry_b-v6g_teacher_hR2_06_s911_pPOST_L1_VhR2/frames/r3,454020,129720,458752,131072,28,20,8,324300,327680,D1,first + >=1 SIM second since last sample + last per stream/episode/leg
pair-stage-probes-3f6ca985-ghR2/cases/carry_b-v6g_teacher_hR2_06_s911_pPOST_L2_VhR2,1667883,1667883,1675264,1675264,5,0,5,0,0,,
pair-stage-probes-3f6ca985-ghR2/cases/carry_b-v6g_teacher_hR2_06_s911_pPOST_L2_VhR2/checkpoints,313416,309348,319488,311296,4,2,2,4068,8192,D5,
pair-stage-probes-3f6ca985-ghR2/cases/carry_b-v6g_teacher_hR2_06_s911_pPOST_L2_VhR2/eval_only,753544,753544,757760,757760,2,0,2,0,0,,
pair-stage-probes-3f6ca985-ghR2/cases/carry_b-v6g_teacher_hR2_06_s911_pPOST_L2_VhR2/frames,0,0,0,0,0,0,0,0,0,,
pair-stage-probes-3f6ca985-ghR2/cases/carry_b-v6g_teacher_hR2_06_s911_pPOST_L2_VhR2/frames/r1,3761466,702440,4468736,823296,268,220,48,3059026,3645440,D1,first + >=1 SIM second since last sample + last per stream/episode/leg
pair-stage-probes-3f6ca985-ghR2/cases/carry_b-v6g_teacher_hR2_06_s911_pPOST_L2_VhR2/frames/r2,3273579,427483,3588096,466944,268,236,32,2846096,3121152,D1,first + >=1 SIM second since last sample + last per stream/episode/leg
pair-stage-probes-3f6ca985-ghR2/cases/carry_b-v6g_teacher_hR2_06_s911_pPOST_L2_VhR2/frames/r3,2383605,518880,2408448,524288,147,115,32,1864725,1884160,D1,first + >=1 SIM second since last sample + last per stream/episode/leg
pair-stage-probes-3f6ca985-ghR2/cases/carry_b-v6g_teacher_hR2_06_s911_pPOST_L3_VhR2,1774007,1774007,1785856,1785856,5,0,5,0,0,,
pair-stage-probes-3f6ca985-ghR2/cases/carry_b-v6g_teacher_hR2_06_s911_pPOST_L3_VhR2/checkpoints,370902,366721,376832,368640,4,2,2,4181,8192,D5,
pair-stage-probes-3f6ca985-ghR2/cases/carry_b-v6g_teacher_hR2_06_s911_pPOST_L3_VhR2/eval_only,686641,686641,692224,692224,2,0,2,0,0,,
pair-stage-probes-3f6ca985-ghR2/cases/carry_b-v6g_teacher_hR2_06_s911_pPOST_L3_VhR2/frames,0,0,0,0,0,0,0,0,0,,
pair-stage-probes-3f6ca985-ghR2/cases/carry_b-v6g_teacher_hR2_06_s911_pPOST_L3_VhR2/frames/r1,3401842,657771,4042752,774144,242,197,45,2744071,3268608,D1,first + >=1 SIM second since last sample + last per stream/episode/leg
pair-stage-probes-3f6ca985-ghR2/cases/carry_b-v6g_teacher_hR2_06_s911_pPOST_L3_VhR2/frames/r2,2955014,389133,3260416,430080,242,213,29,2565881,2830336,D1,first + >=1 SIM second since last sample + last per stream/episode/leg
pair-stage-probes-3f6ca985-ghR2/cases/carry_b-v6g_teacher_hR2_06_s911_pPOST_L3_VhR2/frames/r3,2172810,470235,2195456,475136,134,105,29,1702575,1720320,D1,first + >=1 SIM second since last sample + last per stream/episode/leg
pair-stage-probes-3f6ca985-ghR2/cases/carry_b-v6g_teacher_hR2_06_s911_pPOST_L4_VhR2,1778164,1778164,1789952,1789952,5,0,5,0,0,,
pair-stage-probes-3f6ca985-ghR2/cases/carry_b-v6g_teacher_hR2_06_s911_pPOST_L4_VhR2/checkpoints,368861,364680,376832,368640,4,2,2,4181,8192,D5,
pair-stage-probes-3f6ca985-ghR2/cases/carry_b-v6g_teacher_hR2_06_s911_pPOST_L4_VhR2/eval_only,685423,685423,688128,688128,2,0,2,0,0,,
pair-stage-probes-3f6ca985-ghR2/cases/carry_b-v6g_teacher_hR2_06_s911_pPOST_L4_VhR2/frames,0,0,0,0,0,0,0,0,0,,
pair-stage-probes-3f6ca985-ghR2/cases/carry_b-v6g_teacher_hR2_06_s911_pPOST_L4_VhR2/frames/r1,3418735,664873,4042752,774144,242,197,45,2753862,3268608,D1,first + >=1 SIM second since last sample + last per stream/episode/leg
pair-stage-probes-3f6ca985-ghR2/cases/carry_b-v6g_teacher_hR2_06_s911_pPOST_L4_VhR2/frames/r2,2980736,397768,3293184,442368,242,213,29,2582968,2850816,D1,first + >=1 SIM second since last sample + last per stream/episode/leg
pair-stage-probes-3f6ca985-ghR2/cases/carry_b-v6g_teacher_hR2_06_s911_pPOST_L4_VhR2/frames/r3,2172810,470235,2195456,475136,134,105,29,1702575,1720320,D1,first + >=1 SIM second since last sample + last per stream/episode/leg
pair-stage-probes-3f6ca985-ghR2/cases/carry_b-v6g_teacher_hR2_06_s911_pPOST_L5_VhR2,1769400,1769400,1777664,1777664,5,0,5,0,0,,
pair-stage-probes-3f6ca985-ghR2/cases/carry_b-v6g_teacher_hR2_06_s911_pPOST_L5_VhR2/checkpoints,367789,363609,376832,368640,4,2,2,4180,8192,D5,
pair-stage-probes-3f6ca985-ghR2/cases/carry_b-v6g_teacher_hR2_06_s911_pPOST_L5_VhR2/eval_only,685419,685419,688128,688128,2,0,2,0,0,,
pair-stage-probes-3f6ca985-ghR2/cases/carry_b-v6g_teacher_hR2_06_s911_pPOST_L5_VhR2/frames,0,0,0,0,0,0,0,0,0,,
pair-stage-probes-3f6ca985-ghR2/cases/carry_b-v6g_teacher_hR2_06_s911_pPOST_L5_VhR2/frames/r1,3408998,663847,4042752,774144,242,197,45,2745151,3268608,D1,first + >=1 SIM second since last sample + last per stream/episode/leg
pair-stage-probes-3f6ca985-ghR2/cases/carry_b-v6g_teacher_hR2_06_s911_pPOST_L5_VhR2/frames/r2,2954912,390929,3256320,430080,242,213,29,2563983,2826240,D1,first + >=1 SIM second since last sample + last per stream/episode/leg
pair-stage-probes-3f6ca985-ghR2/cases/carry_b-v6g_teacher_hR2_06_s911_pPOST_L5_VhR2/frames/r3,2172810,470235,2195456,475136,134,105,29,1702575,1720320,D1,first + >=1 SIM second since last sample + last per stream/episode/leg
pair-stage-probes-3f6ca985-ghR2/cases/carry_b-v6g_teacher_hR2_06_s911_pPOST_L6_VhR2,1808662,1808662,1818624,1818624,5,0,5,0,0,,
pair-stage-probes-3f6ca985-ghR2/cases/carry_b-v6g_teacher_hR2_06_s911_pPOST_L6_VhR2/checkpoints,366885,362709,376832,368640,4,2,2,4176,8192,D5,
pair-stage-probes-3f6ca985-ghR2/cases/carry_b-v6g_teacher_hR2_06_s911_pPOST_L6_VhR2/eval_only,697770,697770,700416,700416,2,0,2,0,0,,
pair-stage-probes-3f6ca985-ghR2/cases/carry_b-v6g_teacher_hR2_06_s911_pPOST_L6_VhR2/frames,0,0,0,0,0,0,0,0,0,,
pair-stage-probes-3f6ca985-ghR2/cases/carry_b-v6g_teacher_hR2_06_s911_pPOST_L6_VhR2/frames/r1,3440695,654425,4124672,774144,247,202,45,2786270,3350528,D1,first + >=1 SIM second since last sample + last per stream/episode/leg
pair-stage-probes-3f6ca985-ghR2/cases/carry_b-v6g_teacher_hR2_06_s911_pPOST_L6_VhR2/frames/r2,2977512,392939,3301376,438272,247,217,30,2584573,2863104,D1,first + >=1 SIM second since last sample + last per stream/episode/leg
pair-stage-probes-3f6ca985-ghR2/cases/carry_b-v6g_teacher_hR2_06_s911_pPOST_L6_VhR2/frames/r3,2221455,486450,2244608,491520,137,107,30,1735005,1753088,D1,first + >=1 SIM second since last sample + last per stream/episode/leg
pair-stage-probes-3f6ca985-ghR2/cases/carry_b-v6g_teacher_hR2_06_s911_pPOST_VhR2,1563707,1563707,1572864,1572864,5,0,5,0,0,,
pair-stage-probes-3f6ca985-ghR2/cases/carry_b-v6g_teacher_hR2_06_s911_pPOST_VhR2/checkpoints,373490,369314,385024,376832,4,2,2,4176,8192,D5,
pair-stage-probes-3f6ca985-ghR2/cases/carry_b-v6g_teacher_hR2_06_s911_pPOST_VhR2/eval_only,605932,605932,610304,610304,2,0,2,0,0,,
pair-stage-probes-3f6ca985-ghR2/cases/carry_b-v6g_teacher_hR2_06_s911_pPOST_VhR2/frames,0,0,0,0,0,0,0,0,0,,
pair-stage-probes-3f6ca985-ghR2/cases/carry_b-v6g_teacher_hR2_06_s911_pPOST_VhR2/frames/r1,3006164,631785,3543040,733184,211,169,42,2374379,2809856,D1,first + >=1 SIM second since last sample + last per stream/episode/leg
pair-stage-probes-3f6ca985-ghR2/cases/carry_b-v6g_teacher_hR2_06_s911_pPOST_VhR2/frames/r2,2622678,348999,2875392,380928,211,185,26,2273679,2494464,D1,first + >=1 SIM second since last sample + last per stream/episode/leg
pair-stage-probes-3f6ca985-ghR2/cases/carry_b-v6g_teacher_hR2_06_s911_pPOST_VhR2/frames/r3,1929585,421590,1949696,425984,119,93,26,1507995,1523712,D1,first + >=1 SIM second since last sample + last per stream/episode/leg
pair-stage-probes-3f6ca985-ghR2/cases/carry_b-v6g_teacher_hR2_07_s911_pPOST_L1_VhR2,1975953,1975953,1986560,1986560,5,0,5,0,0,,
pair-stage-probes-3f6ca985-ghR2/cases/carry_b-v6g_teacher_hR2_07_s911_pPOST_L1_VhR2/checkpoints,312994,312994,319488,319488,4,0,4,0,0,,
pair-stage-probes-3f6ca985-ghR2/cases/carry_b-v6g_teacher_hR2_07_s911_pPOST_L1_VhR2/eval_only,766119,766119,770048,770048,2,0,2,0,0,,
pair-stage-probes-3f6ca985-ghR2/cases/carry_b-v6g_teacher_hR2_07_s911_pPOST_L1_VhR2/frames,0,0,0,0,0,0,0,0,0,,
pair-stage-probes-3f6ca985-ghR2/cases/carry_b-v6g_teacher_hR2_07_s911_pPOST_L1_VhR2/frames/r1,3158297,612107,3530752,684032,273,225,48,2546190,2846720,D1,first + >=1 SIM second since last sample + last per stream/episode/leg
pair-stage-probes-3f6ca985-ghR2/cases/carry_b-v6g_teacher_hR2_07_s911_pPOST_L1_VhR2/frames/r2,3223474,416277,3481600,454656,273,240,33,2807197,3026944,D1,first + >=1 SIM second since last sample + last per stream/episode/leg
pair-stage-probes-3f6ca985-ghR2/cases/carry_b-v6g_teacher_hR2_07_s911_pPOST_L1_VhR2/frames/r3,2432250,518880,2457600,524288,150,118,32,1913370,1933312,D1,first + >=1 SIM second since last sample + last per stream/episode/leg
pair-stage-probes-3f6ca985-ghR2/cases/carry_b-v6g_teacher_hR2_07_s911_pPOST_L2_VhR2,1681802,1681802,1691648,1691648,5,0,5,0,0,,
pair-stage-probes-3f6ca985-ghR2/cases/carry_b-v6g_teacher_hR2_07_s911_pPOST_L2_VhR2/checkpoints,312862,312862,319488,319488,4,0,4,0,0,,
pair-stage-probes-3f6ca985-ghR2/cases/carry_b-v6g_teacher_hR2_07_s911_pPOST_L2_VhR2/eval_only,752406,752406,757760,757760,2,0,2,0,0,,
pair-stage-probes-3f6ca985-ghR2/cases/carry_b-v6g_teacher_hR2_07_s911_pPOST_L2_VhR2/frames,0,0,0,0,0,0,0,0,0,,
pair-stage-probes-3f6ca985-ghR2/cases/carry_b-v6g_teacher_hR2_07_s911_pPOST_L2_VhR2/frames/r1,3041551,586244,3420160,655360,268,220,48,2455307,2764800,D1,first + >=1 SIM second since last sample + last per stream/episode/leg
pair-stage-probes-3f6ca985-ghR2/cases/carry_b-v6g_teacher_hR2_07_s911_pPOST_L2_VhR2/frames/r2,3144391,407835,3424256,446464,268,236,32,2736556,2977792,D1,first + >=1 SIM second since last sample + last per stream/episode/leg
pair-stage-probes-3f6ca985-ghR2/cases/carry_b-v6g_teacher_hR2_07_s911_pPOST_L2_VhR2/frames/r3,2383605,518880,2408448,524288,147,115,32,1864725,1884160,D1,first + >=1 SIM second since last sample + last per stream/episode/leg
pair-stage-probes-3f6ca985-ghR2/cases/carry_b-v6g_teacher_hR2_07_s911_pPOST_L3_VhR2,1777770,1777770,1789952,1789952,5,0,5,0,0,,
pair-stage-probes-3f6ca985-ghR2/cases/carry_b-v6g_teacher_hR2_07_s911_pPOST_L3_VhR2/checkpoints,370479,368386,376832,372736,4,1,3,2093,4096,D5,
pair-stage-probes-3f6ca985-ghR2/cases/carry_b-v6g_teacher_hR2_07_s911_pPOST_L3_VhR2/eval_only,687693,687693,692224,692224,2,0,2,0,0,,
pair-stage-probes-3f6ca985-ghR2/cases/carry_b-v6g_teacher_hR2_07_s911_pPOST_L3_VhR2/frames,0,0,0,0,0,0,0,0,0,,
pair-stage-probes-3f6ca985-ghR2/cases/carry_b-v6g_teacher_hR2_07_s911_pPOST_L3_VhR2/frames/r1,2761938,552676,3100672,618496,242,197,45,2209262,2482176,D1,first + >=1 SIM second since last sample + last per stream/episode/leg
pair-stage-probes-3f6ca985-ghR2/cases/carry_b-v6g_teacher_hR2_07_s911_pPOST_L3_VhR2/frames/r2,2832562,376931,3108864,409600,242,213,29,2455631,2699264,D1,first + >=1 SIM second since last sample + last per stream/episode/leg
pair-stage-probes-3f6ca985-ghR2/cases/carry_b-v6g_teacher_hR2_07_s911_pPOST_L3_VhR2/frames/r3,2172810,470235,2195456,475136,134,105,29,1702575,1720320,D1,first + >=1 SIM second since last sample + last per stream/episode/leg
pair-stage-probes-3f6ca985-ghR2/cases/carry_b-v6g_teacher_hR2_07_s911_pPOST_L4_VhR2,1769777,1769777,1781760,1781760,5,0,5,0,0,,
pair-stage-probes-3f6ca985-ghR2/cases/carry_b-v6g_teacher_hR2_07_s911_pPOST_L4_VhR2/checkpoints,368631,364450,376832,368640,4,2,2,4181,8192,D5,
pair-stage-probes-3f6ca985-ghR2/cases/carry_b-v6g_teacher_hR2_07_s911_pPOST_L4_VhR2/eval_only,687602,687602,688128,688128,2,0,2,0,0,,
pair-stage-probes-3f6ca985-ghR2/cases/carry_b-v6g_teacher_hR2_07_s911_pPOST_L4_VhR2/frames,0,0,0,0,0,0,0,0,0,,
pair-stage-probes-3f6ca985-ghR2/cases/carry_b-v6g_teacher_hR2_07_s911_pPOST_L4_VhR2/frames/r1,2782467,557902,3100672,618496,242,197,45,2224565,2482176,D1,first + >=1 SIM second since last sample + last per stream/episode/leg
pair-stage-probes-3f6ca985-ghR2/cases/carry_b-v6g_teacher_hR2_07_s911_pPOST_L4_VhR2/frames/r2,2857050,383650,3141632,421888,242,213,29,2473400,2719744,D1,first + >=1 SIM second since last sample + last per stream/episode/leg
pair-stage-probes-3f6ca985-ghR2/cases/carry_b-v6g_teacher_hR2_07_s911_pPOST_L4_VhR2/frames/r3,2172810,470235,2195456,475136,134,105,29,1702575,1720320,D1,first + >=1 SIM second since last sample + last per stream/episode/leg
pair-stage-probes-3f6ca985-ghR2/cases/carry_b-v6g_teacher_hR2_07_s911_pPOST_L5_VhR2,1764643,1764643,1773568,1773568,5,0,5,0,0,,
pair-stage-probes-3f6ca985-ghR2/cases/carry_b-v6g_teacher_hR2_07_s911_pPOST_L5_VhR2/checkpoints,368053,363872,376832,368640,4,2,2,4181,8192,D5,
pair-stage-probes-3f6ca985-ghR2/cases/carry_b-v6g_teacher_hR2_07_s911_pPOST_L5_VhR2/eval_only,687698,687698,688128,688128,2,0,2,0,0,,
pair-stage-probes-3f6ca985-ghR2/cases/carry_b-v6g_teacher_hR2_07_s911_pPOST_L5_VhR2/frames,0,0,0,0,0,0,0,0,0,,
pair-stage-probes-3f6ca985-ghR2/cases/carry_b-v6g_teacher_hR2_07_s911_pPOST_L5_VhR2/frames/r1,2769957,557714,3100672,618496,242,197,45,2212243,2482176,D1,first + >=1 SIM second since last sample + last per stream/episode/leg
pair-stage-probes-3f6ca985-ghR2/cases/carry_b-v6g_teacher_hR2_07_s911_pPOST_L5_VhR2/frames/r2,2828760,377079,3108864,409600,242,213,29,2451681,2699264,D1,first + >=1 SIM second since last sample + last per stream/episode/leg
pair-stage-probes-3f6ca985-ghR2/cases/carry_b-v6g_teacher_hR2_07_s911_pPOST_L5_VhR2/frames/r3,2172810,470235,2195456,475136,134,105,29,1702575,1720320,D1,first + >=1 SIM second since last sample + last per stream/episode/leg
pair-stage-probes-3f6ca985-ghR2/cases/carry_b-v6g_teacher_hR2_07_s911_pPOST_L6_VhR2,1804584,1804584,1814528,1814528,5,0,5,0,0,,
pair-stage-probes-3f6ca985-ghR2/cases/carry_b-v6g_teacher_hR2_07_s911_pPOST_L6_VhR2/checkpoints,366714,364621,376832,372736,4,1,3,2093,4096,D5,
pair-stage-probes-3f6ca985-ghR2/cases/carry_b-v6g_teacher_hR2_07_s911_pPOST_L6_VhR2/eval_only,699578,699578,704512,704512,2,0,2,0,0,,
pair-stage-probes-3f6ca985-ghR2/cases/carry_b-v6g_teacher_hR2_07_s911_pPOST_L6_VhR2/frames,0,0,0,0,0,0,0,0,0,,
pair-stage-probes-3f6ca985-ghR2/cases/carry_b-v6g_teacher_hR2_07_s911_pPOST_L6_VhR2/frames/r1,2792303,548818,3162112,618496,247,202,45,2243485,2543616,D1,first + >=1 SIM second since last sample + last per stream/episode/leg
pair-stage-probes-3f6ca985-ghR2/cases/carry_b-v6g_teacher_hR2_07_s911_pPOST_L6_VhR2/frames/r2,2856791,378638,3162112,417792,247,217,30,2478153,2744320,D1,first + >=1 SIM second since last sample + last per stream/episode/leg
pair-stage-probes-3f6ca985-ghR2/cases/carry_b-v6g_teacher_hR2_07_s911_pPOST_L6_VhR2/frames/r3,2221455,486450,2244608,491520,137,107,30,1735005,1753088,D1,first + >=1 SIM second since last sample + last per stream/episode/leg
pair-stage-probes-3f6ca985-ghR2/cases/carry_b-v6g_teacher_hR2_07_s911_pPOST_VhR2,1590401,1590401,1601536,1601536,5,0,5,0,0,,
pair-stage-probes-3f6ca985-ghR2/cases/carry_b-v6g_teacher_hR2_07_s911_pPOST_VhR2/checkpoints,371638,371638,376832,376832,4,0,4,0,0,,
pair-stage-probes-3f6ca985-ghR2/cases/carry_b-v6g_teacher_hR2_07_s911_pPOST_VhR2/eval_only,612610,612610,618496,618496,2,0,2,0,0,,
pair-stage-probes-3f6ca985-ghR2/cases/carry_b-v6g_teacher_hR2_07_s911_pPOST_VhR2/frames,0,0,0,0,0,0,0,0,0,,
pair-stage-probes-3f6ca985-ghR2/cases/carry_b-v6g_teacher_hR2_07_s911_pPOST_VhR2/frames/r1,2496541,537073,2764800,589824,214,172,42,1959468,2174976,D1,first + >=1 SIM second since last sample + last per stream/episode/leg
pair-stage-probes-3f6ca985-ghR2/cases/carry_b-v6g_teacher_hR2_07_s911_pPOST_VhR2/frames/r2,2525652,345621,2756608,380928,214,187,27,2180031,2375680,D1,first + >=1 SIM second since last sample + last per stream/episode/leg
pair-stage-probes-3f6ca985-ghR2/cases/carry_b-v6g_teacher_hR2_07_s911_pPOST_VhR2/frames/r3,1945800,421590,1966080,425984,120,94,26,1524210,1540096,D1,first + >=1 SIM second since last sample + last per stream/episode/leg
pair-stage-probes-3f6ca985-ghR2/cases/carry_b-v6g_teacher_hR2_08_s911_pPOST_L1_VhR2,2000731,2000731,2011136,2011136,5,0,5,0,0,,
pair-stage-probes-3f6ca985-ghR2/cases/carry_b-v6g_teacher_hR2_08_s911_pPOST_L1_VhR2/checkpoints,371803,369710,380928,376832,4,1,3,2093,4096,D5,
pair-stage-probes-3f6ca985-ghR2/cases/carry_b-v6g_teacher_hR2_08_s911_pPOST_L1_VhR2/eval_only,773820,773820,778240,778240,2,0,2,0,0,,
pair-stage-probes-3f6ca985-ghR2/cases/carry_b-v6g_teacher_hR2_08_s911_pPOST_L1_VhR2/frames,0,0,0,0,0,0,0,0,0,,
pair-stage-probes-3f6ca985-ghR2/cases/carry_b-v6g_teacher_hR2_08_s911_pPOST_L1_VhR2/frames/r1,3188251,611068,3567616,684032,276,228,48,2577183,2883584,D1,first + >=1 SIM second since last sample + last per stream/episode/leg
pair-stage-probes-3f6ca985-ghR2/cases/carry_b-v6g_teacher_hR2_08_s911_pPOST_L1_VhR2/frames/r2,3156295,405163,3518464,454656,276,243,33,2751132,3063808,D1,first + >=1 SIM second since last sample + last per stream/episode/leg
pair-stage-probes-3f6ca985-ghR2/cases/carry_b-v6g_teacher_hR2_08_s911_pPOST_L1_VhR2/frames/r3,2448465,535095,2473984,540672,151,118,33,1913370,1933312,D1,first + >=1 SIM second since last sample + last per stream/episode/leg
pair-stage-probes-3f6ca985-ghR2/cases/carry_b-v6g_teacher_hR2_08_s911_pPOST_L2_VhR2,1672177,1672177,1683456,1683456,5,0,5,0,0,,
pair-stage-probes-3f6ca985-ghR2/cases/carry_b-v6g_teacher_hR2_08_s911_pPOST_L2_VhR2/checkpoints,312746,312746,319488,319488,4,0,4,0,0,,
pair-stage-probes-3f6ca985-ghR2/cases/carry_b-v6g_teacher_hR2_08_s911_pPOST_L2_VhR2/eval_only,752833,752833,757760,757760,2,0,2,0,0,,
pair-stage-probes-3f6ca985-ghR2/cases/carry_b-v6g_teacher_hR2_08_s911_pPOST_L2_VhR2/frames,0,0,0,0,0,0,0,0,0,,
pair-stage-probes-3f6ca985-ghR2/cases/carry_b-v6g_teacher_hR2_08_s911_pPOST_L2_VhR2/frames/r1,3038641,585115,3420160,655360,268,220,48,2453526,2764800,D1,first + >=1 SIM second since last sample + last per stream/episode/leg
pair-stage-probes-3f6ca985-ghR2/cases/carry_b-v6g_teacher_hR2_08_s911_pPOST_L2_VhR2/frames/r2,3045851,397324,3424256,446464,268,236,32,2648527,2977792,D1,first + >=1 SIM second since last sample + last per stream/episode/leg
pair-stage-probes-3f6ca985-ghR2/cases/carry_b-v6g_teacher_hR2_08_s911_pPOST_L2_VhR2/frames/r3,2383605,518880,2408448,524288,147,115,32,1864725,1884160,D1,first + >=1 SIM second since last sample + last per stream/episode/leg
pair-stage-probes-3f6ca985-ghR2/cases/carry_b-v6g_teacher_hR2_08_s911_pPOST_L3_VhR2,1773440,1773440,1781760,1781760,5,0,5,0,0,,
pair-stage-probes-3f6ca985-ghR2/cases/carry_b-v6g_teacher_hR2_08_s911_pPOST_L3_VhR2/checkpoints,341508,339415,352256,348160,4,1,3,2093,4096,D5,
pair-stage-probes-3f6ca985-ghR2/cases/carry_b-v6g_teacher_hR2_08_s911_pPOST_L3_VhR2/eval_only,687845,687845,692224,692224,2,0,2,0,0,,
pair-stage-probes-3f6ca985-ghR2/cases/carry_b-v6g_teacher_hR2_08_s911_pPOST_L3_VhR2/frames,0,0,0,0,0,0,0,0,0,,
pair-stage-probes-3f6ca985-ghR2/cases/carry_b-v6g_teacher_hR2_08_s911_pPOST_L3_VhR2/frames/r1,2757816,551746,3100672,618496,242,197,45,2206070,2482176,D1,first + >=1 SIM second since last sample + last per stream/episode/leg
pair-stage-probes-3f6ca985-ghR2/cases/carry_b-v6g_teacher_hR2_08_s911_pPOST_L3_VhR2/frames/r2,2765510,369664,3108864,409600,242,213,29,2395846,2699264,D1,first + >=1 SIM second since last sample + last per stream/episode/leg
pair-stage-probes-3f6ca985-ghR2/cases/carry_b-v6g_teacher_hR2_08_s911_pPOST_L3_VhR2/frames/r3,2172810,470235,2195456,475136,134,105,29,1702575,1720320,D1,first + >=1 SIM second since last sample + last per stream/episode/leg
pair-stage-probes-3f6ca985-ghR2/cases/carry_b-v6g_teacher_hR2_08_s911_pPOST_L4_VhR2,1769712,1769712,1781760,1781760,5,0,5,0,0,,
pair-stage-probes-3f6ca985-ghR2/cases/carry_b-v6g_teacher_hR2_08_s911_pPOST_L4_VhR2/checkpoints,339555,335375,348160,339968,4,2,2,4180,8192,D5,
pair-stage-probes-3f6ca985-ghR2/cases/carry_b-v6g_teacher_hR2_08_s911_pPOST_L4_VhR2/eval_only,687857,687857,692224,692224,2,0,2,0,0,,
pair-stage-probes-3f6ca985-ghR2/cases/carry_b-v6g_teacher_hR2_08_s911_pPOST_L4_VhR2/frames,0,0,0,0,0,0,0,0,0,,
pair-stage-probes-3f6ca985-ghR2/cases/carry_b-v6g_teacher_hR2_08_s911_pPOST_L4_VhR2/frames/r1,2779236,557591,3100672,618496,242,197,45,2221645,2482176,D1,first + >=1 SIM second since last sample + last per stream/episode/leg
pair-stage-probes-3f6ca985-ghR2/cases/carry_b-v6g_teacher_hR2_08_s911_pPOST_L4_VhR2/frames/r2,2792666,376552,3141632,421888,242,213,29,2416114,2719744,D1,first + >=1 SIM second since last sample + last per stream/episode/leg
pair-stage-probes-3f6ca985-ghR2/cases/carry_b-v6g_teacher_hR2_08_s911_pPOST_L4_VhR2/frames/r3,2172810,470235,2195456,475136,134,105,29,1702575,1720320,D1,first + >=1 SIM second since last sample + last per stream/episode/leg
pair-stage-probes-3f6ca985-ghR2/cases/carry_b-v6g_teacher_hR2_08_s911_pPOST_L5_VhR2,1768976,1768976,1777664,1777664,5,0,5,0,0,,
pair-stage-probes-3f6ca985-ghR2/cases/carry_b-v6g_teacher_hR2_08_s911_pPOST_L5_VhR2/checkpoints,338670,334490,344064,335872,4,2,2,4180,8192,D5,
pair-stage-probes-3f6ca985-ghR2/cases/carry_b-v6g_teacher_hR2_08_s911_pPOST_L5_VhR2/eval_only,687858,687858,692224,692224,2,0,2,0,0,,
pair-stage-probes-3f6ca985-ghR2/cases/carry_b-v6g_teacher_hR2_08_s911_pPOST_L5_VhR2/frames,0,0,0,0,0,0,0,0,0,,
pair-stage-probes-3f6ca985-ghR2/cases/carry_b-v6g_teacher_hR2_08_s911_pPOST_L5_VhR2/frames/r1,2766743,557086,3100672,618496,242,197,45,2209657,2482176,D1,first + >=1 SIM second since last sample + last per stream/episode/leg
pair-stage-probes-3f6ca985-ghR2/cases/carry_b-v6g_teacher_hR2_08_s911_pPOST_L5_VhR2/frames/r2,2761634,369754,3108864,409600,242,213,29,2391880,2699264,D1,first + >=1 SIM second since last sample + last per stream/episode/leg
pair-stage-probes-3f6ca985-ghR2/cases/carry_b-v6g_teacher_hR2_08_s911_pPOST_L5_VhR2/frames/r3,2172810,470235,2195456,475136,134,105,29,1702575,1720320,D1,first + >=1 SIM second since last sample + last per stream/episode/leg
pair-stage-probes-3f6ca985-ghR2/cases/carry_b-v6g_teacher_hR2_08_s911_pPOST_L6_VhR2,1804095,1804095,1814528,1814528,5,0,5,0,0,,
pair-stage-probes-3f6ca985-ghR2/cases/carry_b-v6g_teacher_hR2_08_s911_pPOST_L6_VhR2/checkpoints,337865,335772,344064,339968,4,1,3,2093,4096,D5,
pair-stage-probes-3f6ca985-ghR2/cases/carry_b-v6g_teacher_hR2_08_s911_pPOST_L6_VhR2/eval_only,699643,699643,704512,704512,2,0,2,0,0,,
pair-stage-probes-3f6ca985-ghR2/cases/carry_b-v6g_teacher_hR2_08_s911_pPOST_L6_VhR2/frames,0,0,0,0,0,0,0,0,0,,
pair-stage-probes-3f6ca985-ghR2/cases/carry_b-v6g_teacher_hR2_08_s911_pPOST_L6_VhR2/frames/r1,2788788,548504,3162112,618496,247,202,45,2240284,2543616,D1,first + >=1 SIM second since last sample + last per stream/episode/leg
pair-stage-probes-3f6ca985-ghR2/cases/carry_b-v6g_teacher_hR2_08_s911_pPOST_L6_VhR2/frames/r2,2780916,370100,3162112,417792,247,217,30,2410816,2744320,D1,first + >=1 SIM second since last sample + last per stream/episode/leg
pair-stage-probes-3f6ca985-ghR2/cases/carry_b-v6g_teacher_hR2_08_s911_pPOST_L6_VhR2/frames/r3,2221455,486450,2244608,491520,137,107,30,1735005,1753088,D1,first + >=1 SIM second since last sample + last per stream/episode/leg
pair-stage-probes-3f6ca985-ghR2/cases/carry_b-v6g_teacher_hR2_08_s911_pPOST_VhR2,1590571,1590571,1601536,1601536,5,0,5,0,0,,
pair-stage-probes-3f6ca985-ghR2/cases/carry_b-v6g_teacher_hR2_08_s911_pPOST_VhR2/checkpoints,371784,371784,376832,376832,4,0,4,0,0,,
pair-stage-probes-3f6ca985-ghR2/cases/carry_b-v6g_teacher_hR2_08_s911_pPOST_VhR2/eval_only,613400,613400,618496,618496,2,0,2,0,0,,
pair-stage-probes-3f6ca985-ghR2/cases/carry_b-v6g_teacher_hR2_08_s911_pPOST_VhR2/frames,0,0,0,0,0,0,0,0,0,,
pair-stage-probes-3f6ca985-ghR2/cases/carry_b-v6g_teacher_hR2_08_s911_pPOST_VhR2/frames/r1,2495473,537129,2764800,589824,214,172,42,1958344,2174976,D1,first + >=1 SIM second since last sample + last per stream/episode/leg
pair-stage-probes-3f6ca985-ghR2/cases/carry_b-v6g_teacher_hR2_08_s911_pPOST_VhR2/frames/r2,2480097,340136,2756608,380928,214,187,27,2139961,2375680,D1,first + >=1 SIM second since last sample + last per stream/episode/leg
pair-stage-probes-3f6ca985-ghR2/cases/carry_b-v6g_teacher_hR2_08_s911_pPOST_VhR2/frames/r3,1945800,421590,1966080,425984,120,94,26,1524210,1540096,D1,first + >=1 SIM second since last sample + last per stream/episode/leg
pair-stage-probes-3f6ca985-ghR2/cases/carry_b-v6g_teacher_hR2_09_s911_pPOST_L1_VhR2,2029313,2029313,2039808,2039808,5,0,5,0,0,,
pair-stage-probes-3f6ca985-ghR2/cases/carry_b-v6g_teacher_hR2_09_s911_pPOST_L1_VhR2/checkpoints,372248,372248,380928,380928,4,0,4,0,0,,
pair-stage-probes-3f6ca985-ghR2/cases/carry_b-v6g_teacher_hR2_09_s911_pPOST_L1_VhR2/eval_only,781315,781315,786432,786432,2,0,2,0,0,,
pair-stage-probes-3f6ca985-ghR2/cases/carry_b-v6g_teacher_hR2_09_s911_pPOST_L1_VhR2/frames,0,0,0,0,0,0,0,0,0,,
pair-stage-probes-3f6ca985-ghR2/cases/carry_b-v6g_teacher_hR2_09_s911_pPOST_L1_VhR2/frames/r1,3302370,650911,3694592,741376,279,230,49,2651459,2953216,D1,first + >=1 SIM second since last sample + last per stream/episode/leg
pair-stage-probes-3f6ca985-ghR2/cases/carry_b-v6g_teacher_hR2_09_s911_pPOST_L1_VhR2/frames/r2,3312349,418442,3555328,454656,279,246,33,2893907,3100672,D1,first + >=1 SIM second since last sample + last per stream/episode/leg
pair-stage-probes-3f6ca985-ghR2/cases/carry_b-v6g_teacher_hR2_09_s911_pPOST_L1_VhR2/frames/r3,2480895,535095,2506752,540672,153,120,33,1945800,1966080,D1,first + >=1 SIM second since last sample + last per stream/episode/leg
pair-stage-probes-3f6ca985-ghR2/cases/carry_b-v6g_teacher_hR2_09_s911_pPOST_L2_VhR2,1667452,1667452,1675264,1675264,5,0,5,0,0,,
pair-stage-probes-3f6ca985-ghR2/cases/carry_b-v6g_teacher_hR2_09_s911_pPOST_L2_VhR2/checkpoints,312748,312748,319488,319488,4,0,4,0,0,,
pair-stage-probes-3f6ca985-ghR2/cases/carry_b-v6g_teacher_hR2_09_s911_pPOST_L2_VhR2/eval_only,752129,752129,757760,757760,2,0,2,0,0,,
pair-stage-probes-3f6ca985-ghR2/cases/carry_b-v6g_teacher_hR2_09_s911_pPOST_L2_VhR2/frames,0,0,0,0,0,0,0,0,0,,
pair-stage-probes-3f6ca985-ghR2/cases/carry_b-v6g_teacher_hR2_09_s911_pPOST_L2_VhR2/frames/r1,3121528,614783,3510272,700416,268,220,48,2506745,2809856,D1,first + >=1 SIM second since last sample + last per stream/episode/leg
pair-stage-probes-3f6ca985-ghR2/cases/carry_b-v6g_teacher_hR2_09_s911_pPOST_L2_VhR2/frames/r2,3159847,409430,3424256,446464,268,236,32,2750417,2977792,D1,first + >=1 SIM second since last sample + last per stream/episode/leg
pair-stage-probes-3f6ca985-ghR2/cases/carry_b-v6g_teacher_hR2_09_s911_pPOST_L2_VhR2/frames/r3,2383605,518880,2408448,524288,147,115,32,1864725,1884160,D1,first + >=1 SIM second since last sample + last per stream/episode/leg
pair-stage-probes-3f6ca985-ghR2/cases/carry_b-v6g_teacher_hR2_09_s911_pPOST_L3_VhR2,1778212,1778212,1789952,1789952,5,0,5,0,0,,
pair-stage-probes-3f6ca985-ghR2/cases/carry_b-v6g_teacher_hR2_09_s911_pPOST_L3_VhR2/checkpoints,341206,341206,352256,352256,4,0,4,0,0,,
pair-stage-probes-3f6ca985-ghR2/cases/carry_b-v6g_teacher_hR2_09_s911_pPOST_L3_VhR2/eval_only,687652,687652,692224,692224,2,0,2,0,0,,
pair-stage-probes-3f6ca985-ghR2/cases/carry_b-v6g_teacher_hR2_09_s911_pPOST_L3_VhR2/frames,0,0,0,0,0,0,0,0,0,,
pair-stage-probes-3f6ca985-ghR2/cases/carry_b-v6g_teacher_hR2_09_s911_pPOST_L3_VhR2/frames/r1,2842679,581956,3186688,659456,242,197,45,2260723,2527232,D1,first + >=1 SIM second since last sample + last per stream/episode/leg
pair-stage-probes-3f6ca985-ghR2/cases/carry_b-v6g_teacher_hR2_09_s911_pPOST_L3_VhR2/frames/r2,2850870,378528,3108864,409600,242,213,29,2472342,2699264,D1,first + >=1 SIM second since last sample + last per stream/episode/leg
pair-stage-probes-3f6ca985-ghR2/cases/carry_b-v6g_teacher_hR2_09_s911_pPOST_L3_VhR2/frames/r3,2172810,470235,2195456,475136,134,105,29,1702575,1720320,D1,first + >=1 SIM second since last sample + last per stream/episode/leg
pair-stage-probes-3f6ca985-ghR2/cases/carry_b-v6g_teacher_hR2_09_s911_pPOST_L4_VhR2,1769256,1769256,1777664,1777664,5,0,5,0,0,,
pair-stage-probes-3f6ca985-ghR2/cases/carry_b-v6g_teacher_hR2_09_s911_pPOST_L4_VhR2/checkpoints,339077,336984,348160,344064,4,1,3,2093,4096,D5,
pair-stage-probes-3f6ca985-ghR2/cases/carry_b-v6g_teacher_hR2_09_s911_pPOST_L4_VhR2/eval_only,687511,687511,688128,688128,2,0,2,0,0,,
pair-stage-probes-3f6ca985-ghR2/cases/carry_b-v6g_teacher_hR2_09_s911_pPOST_L4_VhR2/frames,0,0,0,0,0,0,0,0,0,,
pair-stage-probes-3f6ca985-ghR2/cases/carry_b-v6g_teacher_hR2_09_s911_pPOST_L4_VhR2/frames/r1,2859545,586217,3190784,663552,242,197,45,2273328,2527232,D1,first + >=1 SIM second since last sample + last per stream/episode/leg
pair-stage-probes-3f6ca985-ghR2/cases/carry_b-v6g_teacher_hR2_09_s911_pPOST_L4_VhR2/frames/r2,2875699,385769,3141632,421888,242,213,29,2489930,2719744,D1,first + >=1 SIM second since last sample + last per stream/episode/leg
pair-stage-probes-3f6ca985-ghR2/cases/carry_b-v6g_teacher_hR2_09_s911_pPOST_L4_VhR2/frames/r3,2172810,470235,2195456,475136,134,105,29,1702575,1720320,D1,first + >=1 SIM second since last sample + last per stream/episode/leg
pair-stage-probes-3f6ca985-ghR2/cases/carry_b-v6g_teacher_hR2_09_s911_pPOST_L5_VhR2,1764981,1764981,1773568,1773568,5,0,5,0,0,,
pair-stage-probes-3f6ca985-ghR2/cases/carry_b-v6g_teacher_hR2_09_s911_pPOST_L5_VhR2/checkpoints,338479,334298,344064,335872,4,2,2,4181,8192,D5,
pair-stage-probes-3f6ca985-ghR2/cases/carry_b-v6g_teacher_hR2_09_s911_pPOST_L5_VhR2/eval_only,687560,687560,692224,692224,2,0,2,0,0,,
pair-stage-probes-3f6ca985-ghR2/cases/carry_b-v6g_teacher_hR2_09_s911_pPOST_L5_VhR2/frames,0,0,0,0,0,0,0,0,0,,
pair-stage-probes-3f6ca985-ghR2/cases/carry_b-v6g_teacher_hR2_09_s911_pPOST_L5_VhR2/frames/r1,2850257,586243,3190784,663552,242,197,45,2264014,2527232,D1,first + >=1 SIM second since last sample + last per stream/episode/leg
pair-stage-probes-3f6ca985-ghR2/cases/carry_b-v6g_teacher_hR2_09_s911_pPOST_L5_VhR2/frames/r2,2847574,379266,3108864,409600,242,213,29,2468308,2699264,D1,first + >=1 SIM second since last sample + last per stream/episode/leg
pair-stage-probes-3f6ca985-ghR2/cases/carry_b-v6g_teacher_hR2_09_s911_pPOST_L5_VhR2/frames/r3,2172810,470235,2195456,475136,134,105,29,1702575,1720320,D1,first + >=1 SIM second since last sample + last per stream/episode/leg
pair-stage-probes-3f6ca985-ghR2/cases/carry_b-v6g_teacher_hR2_09_s911_pPOST_L6_VhR2,1804323,1804323,1814528,1814528,5,0,5,0,0,,
pair-stage-probes-3f6ca985-ghR2/cases/carry_b-v6g_teacher_hR2_09_s911_pPOST_L6_VhR2/checkpoints,337476,335383,344064,339968,4,1,3,2093,4096,D5,
pair-stage-probes-3f6ca985-ghR2/cases/carry_b-v6g_teacher_hR2_09_s911_pPOST_L6_VhR2/eval_only,699111,699111,704512,704512,2,0,2,0,0,,
pair-stage-probes-3f6ca985-ghR2/cases/carry_b-v6g_teacher_hR2_09_s911_pPOST_L6_VhR2/frames,0,0,0,0,0,0,0,0,0,,
pair-stage-probes-3f6ca985-ghR2/cases/carry_b-v6g_teacher_hR2_09_s911_pPOST_L6_VhR2/frames/r1,2873536,578003,3248128,659456,247,202,45,2295533,2588672,D1,first + >=1 SIM second since last sample + last per stream/episode/leg
pair-stage-probes-3f6ca985-ghR2/cases/carry_b-v6g_teacher_hR2_09_s911_pPOST_L6_VhR2/frames/r2,2874405,380998,3162112,417792,247,217,30,2493407,2744320,D1,first + >=1 SIM second since last sample + last per stream/episode/leg
pair-stage-probes-3f6ca985-ghR2/cases/carry_b-v6g_teacher_hR2_09_s911_pPOST_L6_VhR2/frames/r3,2221455,486450,2244608,491520,137,107,30,1735005,1753088,D1,first + >=1 SIM second since last sample + last per stream/episode/leg
pair-stage-probes-3f6ca985-ghR2/cases/carry_b-v6g_teacher_hR2_09_s911_pPOST_VhR2,1586877,1586877,1601536,1601536,5,0,5,0,0,,
pair-stage-probes-3f6ca985-ghR2/cases/carry_b-v6g_teacher_hR2_09_s911_pPOST_VhR2/checkpoints,371513,371513,376832,376832,4,0,4,0,0,,
pair-stage-probes-3f6ca985-ghR2/cases/carry_b-v6g_teacher_hR2_09_s911_pPOST_VhR2/eval_only,612476,612476,618496,618496,2,0,2,0,0,,
pair-stage-probes-3f6ca985-ghR2/cases/carry_b-v6g_teacher_hR2_09_s911_pPOST_VhR2/frames,0,0,0,0,0,0,0,0,0,,
pair-stage-probes-3f6ca985-ghR2/cases/carry_b-v6g_teacher_hR2_09_s911_pPOST_VhR2/frames/r1,2573587,564878,2854912,634880,214,172,42,2008709,2220032,D1,first + >=1 SIM second since last sample + last per stream/episode/leg
pair-stage-probes-3f6ca985-ghR2/cases/carry_b-v6g_teacher_hR2_09_s911_pPOST_VhR2/frames/r2,2536401,347357,2756608,380928,214,187,27,2189044,2375680,D1,first + >=1 SIM second since last sample + last per stream/episode/leg
pair-stage-probes-3f6ca985-ghR2/cases/carry_b-v6g_teacher_hR2_09_s911_pPOST_VhR2/frames/r3,1945800,421590,1966080,425984,120,94,26,1524210,1540096,D1,first + >=1 SIM second since last sample + last per stream/episode/leg
pair-stage-probes-3f6ca985-ghR2/cases/carry_b-v6g_teacher_hR2_10_s911_pPOST_L1_VhR2,2019408,2019408,2027520,2027520,5,0,5,0,0,,
pair-stage-probes-3f6ca985-ghR2/cases/carry_b-v6g_teacher_hR2_10_s911_pPOST_L1_VhR2/checkpoints,372247,372247,380928,380928,4,0,4,0,0,,
pair-stage-probes-3f6ca985-ghR2/cases/carry_b-v6g_teacher_hR2_10_s911_pPOST_L1_VhR2/eval_only,780835,780835,786432,786432,2,0,2,0,0,,
pair-stage-probes-3f6ca985-ghR2/cases/carry_b-v6g_teacher_hR2_10_s911_pPOST_L1_VhR2/frames,0,0,0,0,0,0,0,0,0,,
pair-stage-probes-3f6ca985-ghR2/cases/carry_b-v6g_teacher_hR2_10_s911_pPOST_L1_VhR2/frames/r1,3217742,620403,3604480,696320,279,230,49,2597339,2908160,D1,first + >=1 SIM second since last sample + last per stream/episode/leg
pair-stage-probes-3f6ca985-ghR2/cases/carry_b-v6g_teacher_hR2_10_s911_pPOST_L1_VhR2/frames/r2,3185003,404775,3559424,454656,279,246,33,2780228,3104768,D1,first + >=1 SIM second since last sample + last per stream/episode/leg
pair-stage-probes-3f6ca985-ghR2/cases/carry_b-v6g_teacher_hR2_10_s911_pPOST_L1_VhR2/frames/r3,2480895,535095,2506752,540672,153,120,33,1945800,1966080,D1,first + >=1 SIM second since last sample + last per stream/episode/leg
pair-stage-probes-3f6ca985-ghR2/cases/carry_b-v6g_teacher_hR2_10_s911_pPOST_L2_VhR2,1676532,1676532,1687552,1687552,5,0,5,0,0,,
pair-stage-probes-3f6ca985-ghR2/cases/carry_b-v6g_teacher_hR2_10_s911_pPOST_L2_VhR2/checkpoints,312752,312752,319488,319488,4,0,4,0,0,,
pair-stage-probes-3f6ca985-ghR2/cases/carry_b-v6g_teacher_hR2_10_s911_pPOST_L2_VhR2/eval_only,751947,751947,757760,757760,2,0,2,0,0,,
pair-stage-probes-3f6ca985-ghR2/cases/carry_b-v6g_teacher_hR2_10_s911_pPOST_L2_VhR2/frames,0,0,0,0,0,0,0,0,0,,
pair-stage-probes-3f6ca985-ghR2/cases/carry_b-v6g_teacher_hR2_10_s911_pPOST_L2_VhR2/frames/r1,3036144,583579,3420160,655360,268,220,48,2452565,2764800,D1,first + >=1 SIM second since last sample + last per stream/episode/leg
pair-stage-probes-3f6ca985-ghR2/cases/carry_b-v6g_teacher_hR2_10_s911_pPOST_L2_VhR2/frames/r2,3045909,397769,3428352,446464,268,236,32,2648140,2981888,D1,first + >=1 SIM second since last sample + last per stream/episode/leg
pair-stage-probes-3f6ca985-ghR2/cases/carry_b-v6g_teacher_hR2_10_s911_pPOST_L2_VhR2/frames/r3,2383605,518880,2408448,524288,147,115,32,1864725,1884160,D1,first + >=1 SIM second since last sample + last per stream/episode/leg
pair-stage-probes-3f6ca985-ghR2/cases/carry_b-v6g_teacher_hR2_10_s911_pPOST_L3_VhR2,1778340,1778340,1789952,1789952,5,0,5,0,0,,
pair-stage-probes-3f6ca985-ghR2/cases/carry_b-v6g_teacher_hR2_10_s911_pPOST_L3_VhR2/checkpoints,341177,339084,352256,348160,4,1,3,2093,4096,D5,
pair-stage-probes-3f6ca985-ghR2/cases/carry_b-v6g_teacher_hR2_10_s911_pPOST_L3_VhR2/eval_only,687516,687516,692224,692224,2,0,2,0,0,,
pair-stage-probes-3f6ca985-ghR2/cases/carry_b-v6g_teacher_hR2_10_s911_pPOST_L3_VhR2/frames,0,0,0,0,0,0,0,0,0,,
pair-stage-probes-3f6ca985-ghR2/cases/carry_b-v6g_teacher_hR2_10_s911_pPOST_L3_VhR2/frames/r1,2755770,550503,3100672,618496,242,197,45,2205267,2482176,D1,first + >=1 SIM second since last sample + last per stream/episode/leg
pair-stage-probes-3f6ca985-ghR2/cases/carry_b-v6g_teacher_hR2_10_s911_pPOST_L3_VhR2/frames/r2,2764694,368590,3112960,409600,242,213,29,2396104,2703360,D1,first + >=1 SIM second since last sample + last per stream/episode/leg
pair-stage-probes-3f6ca985-ghR2/cases/carry_b-v6g_teacher_hR2_10_s911_pPOST_L3_VhR2/frames/r3,2172810,470235,2195456,475136,134,105,29,1702575,1720320,D1,first + >=1 SIM second since last sample + last per stream/episode/leg
pair-stage-probes-3f6ca985-ghR2/cases/carry_b-v6g_teacher_hR2_10_s911_pPOST_L4_VhR2,1769382,1769382,1781760,1781760,5,0,5,0,0,,
pair-stage-probes-3f6ca985-ghR2/cases/carry_b-v6g_teacher_hR2_10_s911_pPOST_L4_VhR2/checkpoints,339386,335207,348160,339968,4,2,2,4179,8192,D5,
pair-stage-probes-3f6ca985-ghR2/cases/carry_b-v6g_teacher_hR2_10_s911_pPOST_L4_VhR2/eval_only,687378,687378,688128,688128,2,0,2,0,0,,
pair-stage-probes-3f6ca985-ghR2/cases/carry_b-v6g_teacher_hR2_10_s911_pPOST_L4_VhR2/frames,0,0,0,0,0,0,0,0,0,,
pair-stage-probes-3f6ca985-ghR2/cases/carry_b-v6g_teacher_hR2_10_s911_pPOST_L4_VhR2/frames/r1,2775321,555808,3100672,618496,242,197,45,2219513,2482176,D1,first + >=1 SIM second since last sample + last per stream/episode/leg
pair-stage-probes-3f6ca985-ghR2/cases/carry_b-v6g_teacher_hR2_10_s911_pPOST_L4_VhR2/frames/r2,2795735,376480,3145728,421888,242,213,29,2419255,2723840,D1,first + >=1 SIM second since last sample + last per stream/episode/leg
pair-stage-probes-3f6ca985-ghR2/cases/carry_b-v6g_teacher_hR2_10_s911_pPOST_L4_VhR2/frames/r3,2172810,470235,2195456,475136,134,105,29,1702575,1720320,D1,first + >=1 SIM second since last sample + last per stream/episode/leg
pair-stage-probes-3f6ca985-ghR2/cases/carry_b-v6g_teacher_hR2_10_s911_pPOST_L5_VhR2,1769084,1769084,1777664,1777664,5,0,5,0,0,,
pair-stage-probes-3f6ca985-ghR2/cases/carry_b-v6g_teacher_hR2_10_s911_pPOST_L5_VhR2/checkpoints,338347,334168,344064,335872,4,2,2,4179,8192,D5,
pair-stage-probes-3f6ca985-ghR2/cases/carry_b-v6g_teacher_hR2_10_s911_pPOST_L5_VhR2/eval_only,687158,687158,688128,688128,2,0,2,0,0,,
pair-stage-probes-3f6ca985-ghR2/cases/carry_b-v6g_teacher_hR2_10_s911_pPOST_L5_VhR2/frames,0,0,0,0,0,0,0,0,0,,
pair-stage-probes-3f6ca985-ghR2/cases/carry_b-v6g_teacher_hR2_10_s911_pPOST_L5_VhR2/frames/r1,2762428,555268,3100672,618496,242,197,45,2207160,2482176,D1,first + >=1 SIM second since last sample + last per stream/episode/leg
pair-stage-probes-3f6ca985-ghR2/cases/carry_b-v6g_teacher_hR2_10_s911_pPOST_L5_VhR2/frames/r2,2761215,369347,3112960,409600,242,213,29,2391868,2703360,D1,first + >=1 SIM second since last sample + last per stream/episode/leg
pair-stage-probes-3f6ca985-ghR2/cases/carry_b-v6g_teacher_hR2_10_s911_pPOST_L5_VhR2/frames/r3,2172810,470235,2195456,475136,134,105,29,1702575,1720320,D1,first + >=1 SIM second since last sample + last per stream/episode/leg
pair-stage-probes-3f6ca985-ghR2/cases/carry_b-v6g_teacher_hR2_10_s911_pPOST_L6_VhR2,1804172,1804172,1814528,1814528,5,0,5,0,0,,
pair-stage-probes-3f6ca985-ghR2/cases/carry_b-v6g_teacher_hR2_10_s911_pPOST_L6_VhR2/checkpoints,367509,367509,376832,376832,4,0,4,0,0,,
pair-stage-probes-3f6ca985-ghR2/cases/carry_b-v6g_teacher_hR2_10_s911_pPOST_L6_VhR2/eval_only,698908,698908,700416,700416,2,0,2,0,0,,
pair-stage-probes-3f6ca985-ghR2/cases/carry_b-v6g_teacher_hR2_10_s911_pPOST_L6_VhR2/frames,0,0,0,0,0,0,0,0,0,,
pair-stage-probes-3f6ca985-ghR2/cases/carry_b-v6g_teacher_hR2_10_s911_pPOST_L6_VhR2/frames/r1,2785873,547172,3162112,618496,247,202,45,2238701,2543616,D1,first + >=1 SIM second since last sample + last per stream/episode/leg
pair-stage-probes-3f6ca985-ghR2/cases/carry_b-v6g_teacher_hR2_10_s911_pPOST_L6_VhR2/frames/r2,2782056,370197,3166208,417792,247,217,30,2411859,2748416,D1,first + >=1 SIM second since last sample + last per stream/episode/leg
pair-stage-probes-3f6ca985-ghR2/cases/carry_b-v6g_teacher_hR2_10_s911_pPOST_L6_VhR2/frames/r3,2221455,486450,2244608,491520,137,107,30,1735005,1753088,D1,first + >=1 SIM second since last sample + last per stream/episode/leg
pair-stage-probes-3f6ca985-ghR2/cases/carry_b-v6g_teacher_hR2_10_s911_pPOST_VhR2,1545515,1545515,1556480,1556480,5,0,5,0,0,,
pair-stage-probes-3f6ca985-ghR2/cases/carry_b-v6g_teacher_hR2_10_s911_pPOST_VhR2/checkpoints,342228,342228,352256,352256,4,0,4,0,0,,
pair-stage-probes-3f6ca985-ghR2/cases/carry_b-v6g_teacher_hR2_10_s911_pPOST_VhR2/eval_only,599119,599119,602112,602112,2,0,2,0,0,,
pair-stage-probes-3f6ca985-ghR2/cases/carry_b-v6g_teacher_hR2_10_s911_pPOST_VhR2/frames,0,0,0,0,0,0,0,0,0,,
pair-stage-probes-3f6ca985-ghR2/cases/carry_b-v6g_teacher_hR2_10_s911_pPOST_VhR2/frames/r1,2435545,534524,2703360,589824,209,167,42,1901021,2113536,D1,first + >=1 SIM second since last sample + last per stream/episode/leg
pair-stage-probes-3f6ca985-ghR2/cases/carry_b-v6g_teacher_hR2_10_s911_pPOST_VhR2/frames/r2,2427239,329397,2699264,368640,209,183,26,2097842,2330624,D1,first + >=1 SIM second since last sample + last per stream/episode/leg
pair-stage-probes-3f6ca985-ghR2/cases/carry_b-v6g_teacher_hR2_10_s911_pPOST_VhR2/frames/r3,1913370,421590,1933312,425984,118,92,26,1491780,1507328,D1,first + >=1 SIM second since last sample + last per stream/episode/leg
pair-stage-probes-3f6ca985-ghR2L7,1340332,1340332,1351680,1351680,5,0,5,0,0,,
pair-stage-probes-3f6ca985-ghR2L7/cases,59611,59611,81920,81920,20,0,20,0,0,,
pair-stage-probes-3f6ca985-ghR2L7/cases/carry_b-v6g-l7_teacher_hR2_01_s911_pPOST_L7_VhR2,1645484,1645484,1654784,1654784,5,0,5,0,0,,
pair-stage-probes-3f6ca985-ghR2L7/cases/carry_b-v6g-l7_teacher_hR2_01_s911_pPOST_L7_VhR2/checkpoints,336595,334502,344064,339968,4,1,3,2093,4096,D5,
pair-stage-probes-3f6ca985-ghR2L7/cases/carry_b-v6g-l7_teacher_hR2_01_s911_pPOST_L7_VhR2/eval_only,642373,642373,643072,643072,2,0,2,0,0,,
pair-stage-probes-3f6ca985-ghR2L7/cases/carry_b-v6g-l7_teacher_hR2_01_s911_pPOST_L7_VhR2/frames,0,0,0,0,0,0,0,0,0,,
pair-stage-probes-3f6ca985-ghR2L7/cases/carry_b-v6g-l7_teacher_hR2_01_s911_pPOST_L7_VhR2/frames/r1,2770691,579847,3108864,667648,225,182,43,2190844,2441216,D1,first + >=1 SIM second since last sample + last per stream/episode/leg
pair-stage-probes-3f6ca985-ghR2L7/cases/carry_b-v6g-l7_teacher_hR2_01_s911_pPOST_L7_VhR2/frames/r2,3084046,405940,3764224,491520,225,197,28,2678106,3272704,D1,first + >=1 SIM second since last sample + last per stream/episode/leg
pair-stage-probes-3f6ca985-ghR2L7/cases/carry_b-v6g-l7_teacher_hR2_01_s911_pPOST_L7_VhR2/frames/r3,2043090,454020,2064384,458752,126,98,28,1589070,1605632,D1,first + >=1 SIM second since last sample + last per stream/episode/leg
pair-stage-probes-3f6ca985-ghR2L7/cases/carry_b-v6g-l7_teacher_hR2_02_s911_pPOST_L7_VhR2,1644605,1644605,1654784,1654784,5,0,5,0,0,,
pair-stage-probes-3f6ca985-ghR2L7/cases/carry_b-v6g-l7_teacher_hR2_02_s911_pPOST_L7_VhR2/checkpoints,336538,334445,344064,339968,4,1,3,2093,4096,D5,
pair-stage-probes-3f6ca985-ghR2L7/cases/carry_b-v6g-l7_teacher_hR2_02_s911_pPOST_L7_VhR2/eval_only,642594,642594,643072,643072,2,0,2,0,0,,
pair-stage-probes-3f6ca985-ghR2L7/cases/carry_b-v6g-l7_teacher_hR2_02_s911_pPOST_L7_VhR2/frames,0,0,0,0,0,0,0,0,0,,
pair-stage-probes-3f6ca985-ghR2L7/cases/carry_b-v6g-l7_teacher_hR2_02_s911_pPOST_L7_VhR2/frames/r1,2536207,523740,2887680,589824,225,182,43,2012467,2297856,D1,first + >=1 SIM second since last sample + last per stream/episode/leg
pair-stage-probes-3f6ca985-ghR2L7/cases/carry_b-v6g-l7_teacher_hR2_02_s911_pPOST_L7_VhR2/frames/r2,2662922,358697,2891776,393216,225,197,28,2304225,2498560,D1,first + >=1 SIM second since last sample + last per stream/episode/leg
pair-stage-probes-3f6ca985-ghR2L7/cases/carry_b-v6g-l7_teacher_hR2_02_s911_pPOST_L7_VhR2/frames/r3,2043090,454020,2064384,458752,126,98,28,1589070,1605632,D1,first + >=1 SIM second since last sample + last per stream/episode/leg
pair-stage-probes-3f6ca985-ghR2L7/cases/carry_b-v6g-l7_teacher_hR2_03_s911_pPOST_L7_VhR2,1645284,1645284,1654784,1654784,5,0,5,0,0,,
pair-stage-probes-3f6ca985-ghR2L7/cases/carry_b-v6g-l7_teacher_hR2_03_s911_pPOST_L7_VhR2/checkpoints,336516,332335,344064,335872,4,2,2,4181,8192,D5,
pair-stage-probes-3f6ca985-ghR2L7/cases/carry_b-v6g-l7_teacher_hR2_03_s911_pPOST_L7_VhR2/eval_only,642744,642744,647168,647168,2,0,2,0,0,,
pair-stage-probes-3f6ca985-ghR2L7/cases/carry_b-v6g-l7_teacher_hR2_03_s911_pPOST_L7_VhR2/frames,0,0,0,0,0,0,0,0,0,,
pair-stage-probes-3f6ca985-ghR2L7/cases/carry_b-v6g-l7_teacher_hR2_03_s911_pPOST_L7_VhR2/frames/r1,2536251,523790,2887680,589824,225,182,43,2012461,2297856,D1,first + >=1 SIM second since last sample + last per stream/episode/leg
pair-stage-probes-3f6ca985-ghR2L7/cases/carry_b-v6g-l7_teacher_hR2_03_s911_pPOST_L7_VhR2/frames/r2,2663095,358766,2891776,393216,225,197,28,2304329,2498560,D1,first + >=1 SIM second since last sample + last per stream/episode/leg
pair-stage-probes-3f6ca985-ghR2L7/cases/carry_b-v6g-l7_teacher_hR2_03_s911_pPOST_L7_VhR2/frames/r3,2043090,454020,2064384,458752,126,98,28,1589070,1605632,D1,first + >=1 SIM second since last sample + last per stream/episode/leg
pair-stage-probes-3f6ca985-ghR2L7/cases/carry_b-v6g-l7_teacher_hR2_04_s911_pPOST_L7_VhR2,1657738,1657738,1667072,1667072,5,0,5,0,0,,
pair-stage-probes-3f6ca985-ghR2L7/cases/carry_b-v6g-l7_teacher_hR2_04_s911_pPOST_L7_VhR2/checkpoints,366365,364272,376832,372736,4,1,3,2093,4096,D5,
pair-stage-probes-3f6ca985-ghR2L7/cases/carry_b-v6g-l7_teacher_hR2_04_s911_pPOST_L7_VhR2/eval_only,640122,640122,643072,643072,2,0,2,0,0,,
pair-stage-probes-3f6ca985-ghR2L7/cases/carry_b-v6g-l7_teacher_hR2_04_s911_pPOST_L7_VhR2/frames,0,0,0,0,0,0,0,0,0,,
pair-stage-probes-3f6ca985-ghR2L7/cases/carry_b-v6g-l7_teacher_hR2_04_s911_pPOST_L7_VhR2/frames/r1,3136318,629155,3760128,737280,225,182,43,2507163,3022848,D1,first + >=1 SIM second since last sample + last per stream/episode/leg
pair-stage-probes-3f6ca985-ghR2L7/cases/carry_b-v6g-l7_teacher_hR2_04_s911_pPOST_L7_VhR2/frames/r2,2710228,364932,3026944,413696,225,197,28,2345296,2613248,D1,first + >=1 SIM second since last sample + last per stream/episode/leg
pair-stage-probes-3f6ca985-ghR2L7/cases/carry_b-v6g-l7_teacher_hR2_04_s911_pPOST_L7_VhR2/frames/r3,2043090,454020,2064384,458752,126,98,28,1589070,1605632,D1,first + >=1 SIM second since last sample + last per stream/episode/leg
pair-stage-probes-3f6ca985-ghR2L7/cases/carry_b-v6g-l7_teacher_hR2_05_s911_pPOST_L7_VhR2,1657318,1657318,1667072,1667072,5,0,5,0,0,,
pair-stage-probes-3f6ca985-ghR2L7/cases/carry_b-v6g-l7_teacher_hR2_05_s911_pPOST_L7_VhR2/checkpoints,366367,364274,376832,372736,4,1,3,2093,4096,D5,
pair-stage-probes-3f6ca985-ghR2L7/cases/carry_b-v6g-l7_teacher_hR2_05_s911_pPOST_L7_VhR2/eval_only,639997,639997,643072,643072,2,0,2,0,0,,
pair-stage-probes-3f6ca985-ghR2L7/cases/carry_b-v6g-l7_teacher_hR2_05_s911_pPOST_L7_VhR2/frames,0,0,0,0,0,0,0,0,0,,
pair-stage-probes-3f6ca985-ghR2L7/cases/carry_b-v6g-l7_teacher_hR2_05_s911_pPOST_L7_VhR2/frames/r1,3136211,629142,3760128,737280,225,182,43,2507069,3022848,D1,first + >=1 SIM second since last sample + last per stream/episode/leg
pair-stage-probes-3f6ca985-ghR2L7/cases/carry_b-v6g-l7_teacher_hR2_05_s911_pPOST_L7_VhR2/frames/r2,2710077,365014,3026944,413696,225,197,28,2345063,2613248,D1,first + >=1 SIM second since last sample + last per stream/episode/leg
pair-stage-probes-3f6ca985-ghR2L7/cases/carry_b-v6g-l7_teacher_hR2_05_s911_pPOST_L7_VhR2/frames/r3,2043090,454020,2064384,458752,126,98,28,1589070,1605632,D1,first + >=1 SIM second since last sample + last per stream/episode/leg
pair-stage-probes-3f6ca985-ghR2L7/cases/carry_b-v6g-l7_teacher_hR2_06_s911_pPOST_L7_VhR2,1657007,1657007,1667072,1667072,5,0,5,0,0,,
pair-stage-probes-3f6ca985-ghR2L7/cases/carry_b-v6g-l7_teacher_hR2_06_s911_pPOST_L7_VhR2/checkpoints,366400,362219,376832,368640,4,2,2,4181,8192,D5,
pair-stage-probes-3f6ca985-ghR2L7/cases/carry_b-v6g-l7_teacher_hR2_06_s911_pPOST_L7_VhR2/eval_only,639961,639961,643072,643072,2,0,2,0,0,,
pair-stage-probes-3f6ca985-ghR2L7/cases/carry_b-v6g-l7_teacher_hR2_06_s911_pPOST_L7_VhR2/frames,0,0,0,0,0,0,0,0,0,,
pair-stage-probes-3f6ca985-ghR2L7/cases/carry_b-v6g-l7_teacher_hR2_06_s911_pPOST_L7_VhR2/frames/r1,3135921,629151,3760128,737280,225,182,43,2506770,3022848,D1,first + >=1 SIM second since last sample + last per stream/episode/leg
pair-stage-probes-3f6ca985-ghR2L7/cases/carry_b-v6g-l7_teacher_hR2_06_s911_pPOST_L7_VhR2/frames/r2,2710363,364905,3026944,413696,225,197,28,2345458,2613248,D1,first + >=1 SIM second since last sample + last per stream/episode/leg
pair-stage-probes-3f6ca985-ghR2L7/cases/carry_b-v6g-l7_teacher_hR2_06_s911_pPOST_L7_VhR2/frames/r3,2043090,454020,2064384,458752,126,98,28,1589070,1605632,D1,first + >=1 SIM second since last sample + last per stream/episode/leg
pair-stage-probes-3f6ca985-ghR2L7/cases/carry_b-v6g-l7_teacher_hR2_07_s911_pPOST_L7_VhR2,1644990,1644990,1654784,1654784,5,0,5,0,0,,
pair-stage-probes-3f6ca985-ghR2L7/cases/carry_b-v6g-l7_teacher_hR2_07_s911_pPOST_L7_VhR2/checkpoints,365993,363900,376832,372736,4,1,3,2093,4096,D5,
pair-stage-probes-3f6ca985-ghR2L7/cases/carry_b-v6g-l7_teacher_hR2_07_s911_pPOST_L7_VhR2/eval_only,641847,641847,643072,643072,2,0,2,0,0,,
pair-stage-probes-3f6ca985-ghR2L7/cases/carry_b-v6g-l7_teacher_hR2_07_s911_pPOST_L7_VhR2/frames,0,0,0,0,0,0,0,0,0,,
pair-stage-probes-3f6ca985-ghR2L7/cases/carry_b-v6g-l7_teacher_hR2_07_s911_pPOST_L7_VhR2/frames/r1,2536310,523577,2887680,589824,225,182,43,2012733,2297856,D1,first + >=1 SIM second since last sample + last per stream/episode/leg
pair-stage-probes-3f6ca985-ghR2L7/cases/carry_b-v6g-l7_teacher_hR2_07_s911_pPOST_L7_VhR2/frames/r2,2581892,349837,2891776,393216,225,197,28,2232055,2498560,D1,first + >=1 SIM second since last sample + last per stream/episode/leg
pair-stage-probes-3f6ca985-ghR2L7/cases/carry_b-v6g-l7_teacher_hR2_07_s911_pPOST_L7_VhR2/frames/r3,2043090,454020,2064384,458752,126,98,28,1589070,1605632,D1,first + >=1 SIM second since last sample + last per stream/episode/leg
pair-stage-probes-3f6ca985-ghR2L7/cases/carry_b-v6g-l7_teacher_hR2_08_s911_pPOST_L7_VhR2,1645189,1645189,1654784,1654784,5,0,5,0,0,,
pair-stage-probes-3f6ca985-ghR2L7/cases/carry_b-v6g-l7_teacher_hR2_08_s911_pPOST_L7_VhR2/checkpoints,366090,363997,376832,372736,4,1,3,2093,4096,D5,
pair-stage-probes-3f6ca985-ghR2L7/cases/carry_b-v6g-l7_teacher_hR2_08_s911_pPOST_L7_VhR2/eval_only,642584,642584,643072,643072,2,0,2,0,0,,
pair-stage-probes-3f6ca985-ghR2L7/cases/carry_b-v6g-l7_teacher_hR2_08_s911_pPOST_L7_VhR2/frames,0,0,0,0,0,0,0,0,0,,
pair-stage-probes-3f6ca985-ghR2L7/cases/carry_b-v6g-l7_teacher_hR2_08_s911_pPOST_L7_VhR2/frames/r1,2533662,523635,2887680,589824,225,182,43,2010027,2297856,D1,first + >=1 SIM second since last sample + last per stream/episode/leg
pair-stage-probes-3f6ca985-ghR2L7/cases/carry_b-v6g-l7_teacher_hR2_08_s911_pPOST_L7_VhR2/frames/r2,2525560,342921,2891776,393216,225,197,28,2182639,2498560,D1,first + >=1 SIM second since last sample + last per stream/episode/leg
pair-stage-probes-3f6ca985-ghR2L7/cases/carry_b-v6g-l7_teacher_hR2_08_s911_pPOST_L7_VhR2/frames/r3,2043090,454020,2064384,458752,126,98,28,1589070,1605632,D1,first + >=1 SIM second since last sample + last per stream/episode/leg
pair-stage-probes-3f6ca985-ghR2L7/cases/carry_b-v6g-l7_teacher_hR2_09_s911_pPOST_L7_VhR2,1645620,1645620,1654784,1654784,5,0,5,0,0,,
pair-stage-probes-3f6ca985-ghR2L7/cases/carry_b-v6g-l7_teacher_hR2_09_s911_pPOST_L7_VhR2/checkpoints,307106,305013,315392,311296,4,1,3,2093,4096,D5,
pair-stage-probes-3f6ca985-ghR2L7/cases/carry_b-v6g-l7_teacher_hR2_09_s911_pPOST_L7_VhR2/eval_only,641662,641662,643072,643072,2,0,2,0,0,,
pair-stage-probes-3f6ca985-ghR2L7/cases/carry_b-v6g-l7_teacher_hR2_09_s911_pPOST_L7_VhR2/frames,0,0,0,0,0,0,0,0,0,,
pair-stage-probes-3f6ca985-ghR2L7/cases/carry_b-v6g-l7_teacher_hR2_09_s911_pPOST_L7_VhR2/frames/r1,2616987,552263,2961408,622592,225,182,43,2064724,2338816,D1,first + >=1 SIM second since last sample + last per stream/episode/leg
pair-stage-probes-3f6ca985-ghR2L7/cases/carry_b-v6g-l7_teacher_hR2_09_s911_pPOST_L7_VhR2/frames/r2,2594589,350879,2891776,393216,225,197,28,2243710,2498560,D1,first + >=1 SIM second since last sample + last per stream/episode/leg
pair-stage-probes-3f6ca985-ghR2L7/cases/carry_b-v6g-l7_teacher_hR2_09_s911_pPOST_L7_VhR2/frames/r3,2043090,454020,2064384,458752,126,98,28,1589070,1605632,D1,first + >=1 SIM second since last sample + last per stream/episode/leg
pair-stage-probes-3f6ca985-ghR2L7/cases/carry_b-v6g-l7_teacher_hR2_10_s911_pPOST_L7_VhR2,1648970,1648970,1658880,1658880,5,0,5,0,0,,
pair-stage-probes-3f6ca985-ghR2L7/cases/carry_b-v6g-l7_teacher_hR2_10_s911_pPOST_L7_VhR2/checkpoints,307121,305028,315392,311296,4,1,3,2093,4096,D5,
pair-stage-probes-3f6ca985-ghR2L7/cases/carry_b-v6g-l7_teacher_hR2_10_s911_pPOST_L7_VhR2/eval_only,641226,641226,643072,643072,2,0,2,0,0,,
pair-stage-probes-3f6ca985-ghR2L7/cases/carry_b-v6g-l7_teacher_hR2_10_s911_pPOST_L7_VhR2/frames,0,0,0,0,0,0,0,0,0,,
pair-stage-probes-3f6ca985-ghR2L7/cases/carry_b-v6g-l7_teacher_hR2_10_s911_pPOST_L7_VhR2/frames/r1,2531898,522210,2887680,589824,225,182,43,2009688,2297856,D1,first + >=1 SIM second since last sample + last per stream/episode/leg
pair-stage-probes-3f6ca985-ghR2L7/cases/carry_b-v6g-l7_teacher_hR2_10_s911_pPOST_L7_VhR2/frames/r2,2527338,342703,2867200,385024,225,197,28,2184635,2482176,D1,first + >=1 SIM second since last sample + last per stream/episode/leg
pair-stage-probes-3f6ca985-ghR2L7/cases/carry_b-v6g-l7_teacher_hR2_10_s911_pPOST_L7_VhR2/frames/r3,2043090,454020,2064384,458752,126,98,28,1589070,1605632,D1,first + >=1 SIM second since last sample + last per stream/episode/leg
pair-stage-probes-4237b182-s45,240243,240243,253952,253952,5,0,5,0,0,,
pair-stage-probes-4237b182-s45-managed,396269,396269,401408,401408,2,0,2,0,0,,
pair-stage-probes-4237b182-s45/cases,4479,4479,16384,16384,4,0,4,0,0,,
pair-stage-probes-4237b182-s45/cases/carry_teacher_nominal_s911,304023,59858,315392,65536,5,3,2,244165,249856,D5,
pair-stage-probes-4237b182-s45/cases/carry_teacher_nominal_s911/eval_only,161964,65726,167936,69632,2,1,1,96238,98304,D5,
pair-stage-probes-4237b182-s45/cases/carry_teacher_nominal_s911/frames,0,0,0,0,0,0,0,0,0,,
pair-stage-probes-4237b182-s45/cases/carry_teacher_nominal_s911/frames/r1,716347,373222,749568,393216,50,24,26,343125,356352,D1,first + >=1 SIM second since last sample + last per stream/episode/leg
pair-stage-probes-4237b182-s45/cases/carry_teacher_nominal_s911/frames/r2,693754,159606,749568,172032,50,40,10,534148,577536,D1,first + >=1 SIM second since last sample + last per stream/episode/leg
pair-stage-probes-4237b182-s45/cases/carry_teacher_nominal_s911/frames/r3,466944,122880,466944,122880,38,28,10,344064,344064,D1,first + >=1 SIM second since last sample + last per stream/episode/leg
pair-stage-probes-4237b182-s45/cases/setdown_teacher_nominal_s911,607747,131140,618496,135168,5,3,2,476607,483328,D5,
pair-stage-probes-4237b182-s45/cases/setdown_teacher_nominal_s911/eval_only,302124,121695,307200,122880,2,1,1,180429,184320,D5,
pair-stage-probes-4237b182-s45/cases/setdown_teacher_nominal_s911/frames,0,0,0,0,0,0,0,0,0,,
pair-stage-probes-4237b182-s45/cases/setdown_teacher_nominal_s911/frames/r1,1946428,510964,2060288,540672,109,77,32,1435464,1519616,D1,first + >=1 SIM second since last sample + last per stream/episode/leg
pair-stage-probes-4237b182-s45/cases/setdown_teacher_nominal_s911/frames/r2,1891610,290263,2060288,315392,109,93,16,1601347,1744896,D1,first + >=1 SIM second since last sample + last per stream/episode/leg
pair-stage-probes-4237b182-s45/cases/setdown_teacher_nominal_s911/frames/r3,835584,196608,835584,196608,68,52,16,638976,638976,D1,first + >=1 SIM second since last sample + last per stream/episode/leg
pair-stage-probes-4714263a-v6d-final-align-subset,1175011,1175011,1187840,1187840,5,0,5,0,0,,
pair-stage-probes-4714263a-v6d-final-align-subset/cases,23683,9948,49152,24576,12,6,6,13735,24576,D5,
pair-stage-probes-4714263a-v6d-final-align-subset/cases/align_b-v6d_e2e_v6-s911-v5h_s911,3113235,987964,3121152,991232,5,3,2,2125271,2129920,D5,
pair-stage-probes-4714263a-v6d-final-align-subset/cases/align_b-v6d_e2e_v6-s911-v5h_s911/checkpoints,317190,313055,323584,315392,4,2,2,4135,8192,D5,
pair-stage-probes-4714263a-v6d-final-align-subset/cases/align_b-v6d_e2e_v6-s911-v5h_s911/eval_only,863136,318086,868352,319488,2,1,1,545050,548864,D5,
pair-stage-probes-4714263a-v6d-final-align-subset/cases/align_b-v6d_e2e_v6-s911-v5h_s911/frames,0,0,0,0,0,0,0,0,0,,
pair-stage-probes-4714263a-v6d-final-align-subset/cases/align_b-v6d_e2e_v6-s911-v5h_s911/frames/r1,7014796,1171390,7540736,1269760,372,313,59,5843406,6270976,D1,first + >=1 SIM second since last sample + last per stream/episode/leg
pair-stage-probes-4714263a-v6d-final-align-subset/cases/align_b-v6d_e2e_v6-s911-v5h_s911/frames/r2,6340306,782419,7094272,864256,373,328,45,5557887,6230016,D1,first + >=1 SIM second since last sample + last per stream/episode/leg
pair-stage-probes-4714263a-v6d-final-align-subset/cases/align_b-v6d_e2e_v6-s911-v5h_s911/frames/r3,2344716,515592,2347008,516096,191,149,42,1829124,1830912,D1,first + >=1 SIM second since last sample + last per stream/episode/leg
pair-stage-probes-4714263a-v6d-final-align-subset/cases/align_b-v6d_e2e_v6-s912-v5h_s911,3127183,988685,3133440,991232,5,3,2,2138498,2142208,D5,
pair-stage-probes-4714263a-v6d-final-align-subset/cases/align_b-v6d_e2e_v6-s912-v5h_s911/checkpoints,318124,313991,323584,315392,4,2,2,4133,8192,D5,
pair-stage-probes-4714263a-v6d-final-align-subset/cases/align_b-v6d_e2e_v6-s912-v5h_s911/eval_only,874024,322744,876544,323584,2,1,1,551280,552960,D5,
pair-stage-probes-4714263a-v6d-final-align-subset/cases/align_b-v6d_e2e_v6-s912-v5h_s911/frames,0,0,0,0,0,0,0,0,0,,
pair-stage-probes-4714263a-v6d-final-align-subset/cases/align_b-v6d_e2e_v6-s912-v5h_s911/frames/r1,7128836,1173967,7671808,1286144,374,315,59,5954869,6385664,D1,first + >=1 SIM second since last sample + last per stream/episode/leg
pair-stage-probes-4714263a-v6d-final-align-subset/cases/align_b-v6d_e2e_v6-s912-v5h_s911/frames/r2,6394597,788418,7163904,888832,375,330,45,5606179,6275072,D1,first + >=1 SIM second since last sample + last per stream/episode/leg
pair-stage-probes-4714263a-v6d-final-align-subset/cases/align_b-v6d_e2e_v6-s912-v5h_s911/frames/r3,2356992,527868,2359296,528384,192,149,43,1829124,1830912,D1,first + >=1 SIM second since last sample + last per stream/episode/leg
pair-stage-probes-4714263a-v6d-final-align-subset/cases/align_b-v6d_teacher_along+_same_s911_pE2E,2943605,961980,2953216,966656,5,3,2,1981625,1986560,D5,
pair-stage-probes-4714263a-v6d-final-align-subset/cases/align_b-v6d_teacher_along+_same_s911_pE2E/checkpoints,317890,313759,323584,315392,4,2,2,4131,8192,D5,
pair-stage-probes-4714263a-v6d-final-align-subset/cases/align_b-v6d_teacher_along+_same_s911_pE2E/eval_only,799585,296413,802816,299008,2,1,1,503172,503808,D5,
pair-stage-probes-4714263a-v6d-final-align-subset/cases/align_b-v6d_teacher_along+_same_s911_pE2E/frames,0,0,0,0,0,0,0,0,0,,
pair-stage-probes-4714263a-v6d-final-align-subset/cases/align_b-v6d_teacher_along+_same_s911_pE2E/frames/r1,6477823,1142507,6885376,1224704,345,288,57,5335316,5660672,D1,first + >=1 SIM second since last sample + last per stream/episode/leg
pair-stage-probes-4714263a-v6d-final-align-subset/cases/align_b-v6d_teacher_along+_same_s911_pE2E/frames/r2,5810987,731019,6533120,827392,346,304,42,5079968,5705728,D1,first + >=1 SIM second since last sample + last per stream/episode/leg
pair-stage-probes-4714263a-v6d-final-align-subset/cases/align_b-v6d_teacher_along+_same_s911_pE2E/frames/r3,2187264,491520,2187264,491520,178,138,40,1695744,1695744,D1,first + >=1 SIM second since last sample + last per stream/episode/leg
pair-stage-probes-4714263a-v6d-final-align-subset/cases/align_b-v6d_teacher_corner++_same_s911_pE2E,2971445,964063,2985984,970752,5,3,2,2007382,2015232,D5,
pair-stage-probes-4714263a-v6d-final-align-subset/cases/align_b-v6d_teacher_corner++_same_s911_pE2E/checkpoints,311589,307461,319488,311296,4,2,2,4128,8192,D5,
pair-stage-probes-4714263a-v6d-final-align-subset/cases/align_b-v6d_teacher_corner++_same_s911_pE2E/eval_only,808705,298835,811008,299008,2,1,1,509870,512000,D5,
pair-stage-probes-4714263a-v6d-final-align-subset/cases/align_b-v6d_teacher_corner++_same_s911_pE2E/frames,0,0,0,0,0,0,0,0,0,,
pair-stage-probes-4714263a-v6d-final-align-subset/cases/align_b-v6d_teacher_corner++_same_s911_pE2E/frames/r1,6533297,1127197,6991872,1224704,350,293,57,5406100,5767168,D1,first + >=1 SIM second since last sample + last per stream/episode/leg
pair-stage-probes-4714263a-v6d-final-align-subset/cases/align_b-v6d_teacher_corner++_same_s911_pE2E/frames/r2,5849135,746405,6533120,839680,351,308,43,5102730,5693440,D1,first + >=1 SIM second since last sample + last per stream/episode/leg
pair-stage-probes-4714263a-v6d-final-align-subset/cases/align_b-v6d_teacher_corner++_same_s911_pE2E/frames/r3,2211840,491520,2211840,491520,180,140,40,1720320,1720320,D1,first + >=1 SIM second since last sample + last per stream/episode/leg
pair-stage-probes-4714263a-v6d-final-align-subset/cases/align_b-v6d_teacher_nominal_s911_pE2E,3088642,979709,3096576,983040,5,3,2,2108933,2113536,D5,
pair-stage-probes-4714263a-v6d-final-align-subset/cases/align_b-v6d_teacher_nominal_s911_pE2E/checkpoints,317676,313539,323584,315392,4,2,2,4137,8192,D5,
pair-stage-probes-4714263a-v6d-final-align-subset/cases/align_b-v6d_teacher_nominal_s911_pE2E/eval_only,849242,314462,851968,315392,2,1,1,534780,536576,D5,
pair-stage-probes-4714263a-v6d-final-align-subset/cases/align_b-v6d_teacher_nominal_s911_pE2E/frames,0,0,0,0,0,0,0,0,0,,
pair-stage-probes-4714263a-v6d-final-align-subset/cases/align_b-v6d_teacher_nominal_s911_pE2E/frames/r1,6950984,1175083,7499776,1277952,367,308,59,5775901,6221824,D1,first + >=1 SIM second since last sample + last per stream/episode/leg
pair-stage-probes-4714263a-v6d-final-align-subset/cases/align_b-v6d_teacher_nominal_s911_pE2E/frames/r2,6260085,765143,7094272,868352,368,324,44,5494942,6225920,D1,first + >=1 SIM second since last sample + last per stream/episode/leg
pair-stage-probes-4714263a-v6d-final-align-subset/cases/align_b-v6d_teacher_nominal_s911_pE2E/frames/r3,2322432,516096,2322432,516096,189,147,42,1806336,1806336,D1,first + >=1 SIM second since last sample + last per stream/episode/leg
pair-stage-probes-4714263a-v6d-final-align-subset/cases/align_b-v6d_teacher_yaw+_opp_s911_pE2E,3068788,977498,3080192,983040,5,3,2,2091290,2097152,D5,
pair-stage-probes-4714263a-v6d-final-align-subset/cases/align_b-v6d_teacher_yaw+_opp_s911_pE2E/checkpoints,312186,308050,319488,311296,4,2,2,4136,8192,D5,
pair-stage-probes-4714263a-v6d-final-align-subset/cases/align_b-v6d_teacher_yaw+_opp_s911_pE2E/eval_only,842832,311481,847872,315392,2,1,1,531351,532480,D5,
pair-stage-probes-4714263a-v6d-final-align-subset/cases/align_b-v6d_teacher_yaw+_opp_s911_pE2E/frames,0,0,0,0,0,0,0,0,0,,
pair-stage-probes-4714263a-v6d-final-align-subset/cases/align_b-v6d_teacher_yaw+_opp_s911_pE2E/frames/r1,6919164,1171594,7491584,1282048,366,307,59,5747570,6209536,D1,first + >=1 SIM second since last sample + last per stream/episode/leg
pair-stage-probes-4714263a-v6d-final-align-subset/cases/align_b-v6d_teacher_yaw+_opp_s911_pE2E/frames/r2,6282714,767623,7045120,847872,367,323,44,5515091,6197248,D1,first + >=1 SIM second since last sample + last per stream/episode/leg
pair-stage-probes-4714263a-v6d-final-align-subset/cases/align_b-v6d_teacher_yaw+_opp_s911_pE2E/frames/r3,2310144,516096,2310144,516096,188,146,42,1794048,1794048,D1,first + >=1 SIM second since last sample + last per stream/episode/leg
pair-stage-probes-4714263a-v6d-final-bound-e2e,1159603,1103397,1171456,1114112,5,1,4,56206,57344,D5,
pair-stage-probes-4714263a-v6d-final-bound-e2e/cases,78133,29613,188416,94208,46,23,23,48520,94208,D5,
pair-stage-probes-4714263a-v6d-final-bound-e2e/cases/grasp_lift_b-v6d_boundary_corner+++_s911_pE2E,789921,291505,798720,294912,5,3,2,498416,503808,D5,
pair-stage-probes-4714263a-v6d-final-bound-e2e/cases/grasp_lift_b-v6d_boundary_corner+++_s911_pE2E/checkpoints,312956,308827,319488,311296,4,2,2,4129,8192,D5,
pair-stage-probes-4714263a-v6d-final-bound-e2e/cases/grasp_lift_b-v6d_boundary_corner+++_s911_pE2E/eval_only,197297,75870,200704,77824,2,1,1,121427,122880,D5,
pair-stage-probes-4714263a-v6d-final-bound-e2e/cases/grasp_lift_b-v6d_boundary_corner+++_s911_pE2E/frames,0,0,0,0,0,0,0,0,0,,
pair-stage-probes-4714263a-v6d-final-bound-e2e/cases/grasp_lift_b-v6d_boundary_corner+++_s911_pE2E/frames/r1,1315551,596536,1384448,626688,78,43,35,719015,757760,D1,first + >=1 SIM second since last sample + last per stream/episode/leg
pair-stage-probes-4714263a-v6d-final-bound-e2e/cases/grasp_lift_b-v6d_boundary_corner+++_s911_pE2E/frames/r2,1272611,317853,1388544,344064,79,60,19,954758,1044480,D1,first + >=1 SIM second since last sample + last per stream/episode/leg
pair-stage-probes-4714263a-v6d-final-bound-e2e/cases/grasp_lift_b-v6d_boundary_corner+++_s911_pE2E/frames/r3,540672,184320,540672,184320,44,29,15,356352,356352,D1,first + >=1 SIM second since last sample + last per stream/episode/leg
pair-stage-probes-4714263a-v6d-final-bound-e2e/cases/grasp_lift_b-v6d_boundary_corner++-_s911_pE2E,789794,291503,798720,294912,5,3,2,498291,503808,D5,
pair-stage-probes-4714263a-v6d-final-bound-e2e/cases/grasp_lift_b-v6d_boundary_corner++-_s911_pE2E/checkpoints,336240,332111,344064,335872,4,2,2,4129,8192,D5,
pair-stage-probes-4714263a-v6d-final-bound-e2e/cases/grasp_lift_b-v6d_boundary_corner++-_s911_pE2E/eval_only,197220,75742,200704,77824,2,1,1,121478,122880,D5,
pair-stage-probes-4714263a-v6d-final-bound-e2e/cases/grasp_lift_b-v6d_boundary_corner++-_s911_pE2E/frames,0,0,0,0,0,0,0,0,0,,
pair-stage-probes-4714263a-v6d-final-bound-e2e/cases/grasp_lift_b-v6d_boundary_corner++-_s911_pE2E/frames/r1,1299751,592543,1372160,626688,78,43,35,707208,745472,D1,first + >=1 SIM second since last sample + last per stream/episode/leg
pair-stage-probes-4714263a-v6d-final-bound-e2e/cases/grasp_lift_b-v6d_boundary_corner++-_s911_pE2E/frames/r2,1277132,318786,1388544,344064,79,60,19,958346,1044480,D1,first + >=1 SIM second since last sample + last per stream/episode/leg
pair-stage-probes-4714263a-v6d-final-bound-e2e/cases/grasp_lift_b-v6d_boundary_corner++-_s911_pE2E/frames/r3,540672,184320,540672,184320,44,29,15,356352,356352,D1,first + >=1 SIM second since last sample + last per stream/episode/leg
pair-stage-probes-4714263a-v6d-final-bound-e2e/cases/grasp_lift_b-v6d_boundary_corner+-+_s911_pE2E,776927,282516,786432,286720,5,3,2,494411,499712,D5,
pair-stage-probes-4714263a-v6d-final-bound-e2e/cases/grasp_lift_b-v6d_boundary_corner+-+_s911_pE2E/checkpoints,319514,315386,327680,319488,4,2,2,4128,8192,D5,
pair-stage-probes-4714263a-v6d-final-bound-e2e/cases/grasp_lift_b-v6d_boundary_corner+-+_s911_pE2E/eval_only,194852,74636,200704,77824,2,1,1,120216,122880,D5,
pair-stage-probes-4714263a-v6d-final-bound-e2e/cases/grasp_lift_b-v6d_boundary_corner+-+_s911_pE2E/frames,0,0,0,0,0,0,0,0,0,,
pair-stage-probes-4714263a-v6d-final-bound-e2e/cases/grasp_lift_b-v6d_boundary_corner+-+_s911_pE2E/frames/r1,1315042,600820,1425408,647168,77,42,35,714222,778240,D1,first + >=1 SIM second since last sample + last per stream/episode/leg
pair-stage-probes-4714263a-v6d-final-bound-e2e/cases/grasp_lift_b-v6d_boundary_corner+-+_s911_pE2E/frames/r2,1266847,319010,1372160,344064,78,59,19,947837,1028096,D1,first + >=1 SIM second since last sample + last per stream/episode/leg
pair-stage-probes-4714263a-v6d-final-bound-e2e/cases/grasp_lift_b-v6d_boundary_corner+-+_s911_pE2E/frames/r3,540672,184320,540672,184320,44,29,15,356352,356352,D1,first + >=1 SIM second since last sample + last per stream/episode/leg
pair-stage-probes-4714263a-v6d-final-bound-e2e/cases/grasp_lift_b-v6d_boundary_corner+--_s911_pE2E,789915,291712,798720,294912,5,3,2,498203,503808,D5,
pair-stage-probes-4714263a-v6d-final-bound-e2e/cases/grasp_lift_b-v6d_boundary_corner+--_s911_pE2E/checkpoints,336079,331950,344064,335872,4,2,2,4129,8192,D5,
pair-stage-probes-4714263a-v6d-final-bound-e2e/cases/grasp_lift_b-v6d_boundary_corner+--_s911_pE2E/eval_only,197340,75790,200704,77824,2,1,1,121550,122880,D5,
pair-stage-probes-4714263a-v6d-final-bound-e2e/cases/grasp_lift_b-v6d_boundary_corner+--_s911_pE2E/frames,0,0,0,0,0,0,0,0,0,,
pair-stage-probes-4714263a-v6d-final-bound-e2e/cases/grasp_lift_b-v6d_boundary_corner+--_s911_pE2E/frames/r1,1307132,594681,1376256,626688,78,43,35,712451,749568,D1,first + >=1 SIM second since last sample + last per stream/episode/leg
pair-stage-probes-4714263a-v6d-final-bound-e2e/cases/grasp_lift_b-v6d_boundary_corner+--_s911_pE2E/frames/r2,1273299,317717,1388544,344064,79,60,19,955582,1044480,D1,first + >=1 SIM second since last sample + last per stream/episode/leg
pair-stage-probes-4714263a-v6d-final-bound-e2e/cases/grasp_lift_b-v6d_boundary_corner+--_s911_pE2E/frames/r3,540672,184320,540672,184320,44,29,15,356352,356352,D1,first + >=1 SIM second since last sample + last per stream/episode/leg
pair-stage-probes-4714263a-v6d-final-bound-e2e/cases/grasp_lift_b-v6d_boundary_corner-++_s911_pE2E,788440,291638,798720,294912,5,3,2,496802,503808,D5,
pair-stage-probes-4714263a-v6d-final-bound-e2e/cases/grasp_lift_b-v6d_boundary_corner-++_s911_pE2E/checkpoints,319354,315225,327680,319488,4,2,2,4129,8192,D5,
pair-stage-probes-4714263a-v6d-final-bound-e2e/cases/grasp_lift_b-v6d_boundary_corner-++_s911_pE2E/eval_only,197488,75928,200704,77824,2,1,1,121560,122880,D5,
pair-stage-probes-4714263a-v6d-final-bound-e2e/cases/grasp_lift_b-v6d_boundary_corner-++_s911_pE2E/frames,0,0,0,0,0,0,0,0,0,,
pair-stage-probes-4714263a-v6d-final-bound-e2e/cases/grasp_lift_b-v6d_boundary_corner-++_s911_pE2E/frames/r1,1291117,592287,1404928,643072,78,43,35,698830,761856,D1,first + >=1 SIM second since last sample + last per stream/episode/leg
pair-stage-probes-4714263a-v6d-final-bound-e2e/cases/grasp_lift_b-v6d_boundary_corner-++_s911_pE2E/frames/r2,1252554,314534,1388544,344064,79,60,19,938020,1044480,D1,first + >=1 SIM second since last sample + last per stream/episode/leg
pair-stage-probes-4714263a-v6d-final-bound-e2e/cases/grasp_lift_b-v6d_boundary_corner-++_s911_pE2E/frames/r3,540672,184320,540672,184320,44,29,15,356352,356352,D1,first + >=1 SIM second since last sample + last per stream/episode/leg
pair-stage-probes-4714263a-v6d-final-bound-e2e/cases/grasp_lift_b-v6d_boundary_corner-+-_s911_pE2E,789911,291691,798720,294912,5,3,2,498220,503808,D5,
pair-stage-probes-4714263a-v6d-final-bound-e2e/cases/grasp_lift_b-v6d_boundary_corner-+-_s911_pE2E/checkpoints,305939,301810,311296,303104,4,2,2,4129,8192,D5,
pair-stage-probes-4714263a-v6d-final-bound-e2e/cases/grasp_lift_b-v6d_boundary_corner-+-_s911_pE2E/eval_only,197575,75803,200704,77824,2,1,1,121772,122880,D5,
pair-stage-probes-4714263a-v6d-final-bound-e2e/cases/grasp_lift_b-v6d_boundary_corner-+-_s911_pE2E/frames,0,0,0,0,0,0,0,0,0,,
pair-stage-probes-4714263a-v6d-final-bound-e2e/cases/grasp_lift_b-v6d_boundary_corner-+-_s911_pE2E/frames/r1,1325714,602158,1413120,651264,78,43,35,723556,761856,D1,first + >=1 SIM second since last sample + last per stream/episode/leg
pair-stage-probes-4714263a-v6d-final-bound-e2e/cases/grasp_lift_b-v6d_boundary_corner-+-_s911_pE2E/frames/r2,1259991,315437,1388544,344064,79,60,19,944554,1044480,D1,first + >=1 SIM second since last sample + last per stream/episode/leg
pair-stage-probes-4714263a-v6d-final-bound-e2e/cases/grasp_lift_b-v6d_boundary_corner-+-_s911_pE2E/frames/r3,540672,184320,540672,184320,44,29,15,356352,356352,D1,first + >=1 SIM second since last sample + last per stream/episode/leg
pair-stage-probes-4714263a-v6d-final-bound-e2e/cases/grasp_lift_b-v6d_boundary_corner--+_s911_pE2E,790295,291868,798720,294912,5,3,2,498427,503808,D5,
pair-stage-probes-4714263a-v6d-final-bound-e2e/cases/grasp_lift_b-v6d_boundary_corner--+_s911_pE2E/checkpoints,320587,316458,327680,319488,4,2,2,4129,8192,D5,
pair-stage-probes-4714263a-v6d-final-bound-e2e/cases/grasp_lift_b-v6d_boundary_corner--+_s911_pE2E/eval_only,197465,75777,200704,77824,2,1,1,121688,122880,D5,
pair-stage-probes-4714263a-v6d-final-bound-e2e/cases/grasp_lift_b-v6d_boundary_corner--+_s911_pE2E/frames,0,0,0,0,0,0,0,0,0,,
pair-stage-probes-4714263a-v6d-final-bound-e2e/cases/grasp_lift_b-v6d_boundary_corner--+_s911_pE2E/frames/r1,1295374,593376,1409024,643072,78,43,35,701998,765952,D1,first + >=1 SIM second since last sample + last per stream/episode/leg
pair-stage-probes-4714263a-v6d-final-bound-e2e/cases/grasp_lift_b-v6d_boundary_corner--+_s911_pE2E/frames/r2,1264458,317063,1388544,344064,79,60,19,947395,1044480,D1,first + >=1 SIM second since last sample + last per stream/episode/leg
pair-stage-probes-4714263a-v6d-final-bound-e2e/cases/grasp_lift_b-v6d_boundary_corner--+_s911_pE2E/frames/r3,540672,184320,540672,184320,44,29,15,356352,356352,D1,first + >=1 SIM second since last sample + last per stream/episode/leg
pair-stage-probes-4714263a-v6d-final-bound-e2e/cases/grasp_lift_b-v6d_boundary_corner---_s911_pE2E,790117,291822,798720,294912,5,3,2,498295,503808,D5,
pair-stage-probes-4714263a-v6d-final-bound-e2e/cases/grasp_lift_b-v6d_boundary_corner---_s911_pE2E/checkpoints,335785,331656,344064,335872,4,2,2,4129,8192,D5,
pair-stage-probes-4714263a-v6d-final-bound-e2e/cases/grasp_lift_b-v6d_boundary_corner---_s911_pE2E/eval_only,197392,75858,200704,77824,2,1,1,121534,122880,D5,
pair-stage-probes-4714263a-v6d-final-bound-e2e/cases/grasp_lift_b-v6d_boundary_corner---_s911_pE2E/frames,0,0,0,0,0,0,0,0,0,,
pair-stage-probes-4714263a-v6d-final-bound-e2e/cases/grasp_lift_b-v6d_boundary_corner---_s911_pE2E/frames/r1,1289201,592317,1400832,643072,78,43,35,696884,757760,D1,first + >=1 SIM second since last sample + last per stream/episode/leg
pair-stage-probes-4714263a-v6d-final-bound-e2e/cases/grasp_lift_b-v6d_boundary_corner---_s911_pE2E/frames/r2,1249510,312919,1388544,344064,79,60,19,936591,1044480,D1,first + >=1 SIM second since last sample + last per stream/episode/leg
pair-stage-probes-4714263a-v6d-final-bound-e2e/cases/grasp_lift_b-v6d_boundary_corner---_s911_pE2E/frames/r3,540672,184320,540672,184320,44,29,15,356352,356352,D1,first + >=1 SIM second since last sample + last per stream/episode/leg
pair-stage-probes-4714263a-v6d-final-bound-e2e/cases/grasp_lift_b-v6d_boundary_ex+0mm_s911_pE2E,790555,291915,798720,294912,5,3,2,498640,503808,D5,
pair-stage-probes-4714263a-v6d-final-bound-e2e/cases/grasp_lift_b-v6d_boundary_ex+0mm_s911_pE2E/checkpoints,325871,321742,331776,323584,4,2,2,4129,8192,D5,
pair-stage-probes-4714263a-v6d-final-bound-e2e/cases/grasp_lift_b-v6d_boundary_ex+0mm_s911_pE2E/eval_only,195823,76247,200704,77824,2,1,1,119576,122880,D5,
pair-stage-probes-4714263a-v6d-final-bound-e2e/cases/grasp_lift_b-v6d_boundary_ex+0mm_s911_pE2E/frames,0,0,0,0,0,0,0,0,0,,
pair-stage-probes-4714263a-v6d-final-bound-e2e/cases/grasp_lift_b-v6d_boundary_ex+0mm_s911_pE2E/frames/r1,1272860,583667,1384448,626688,78,43,35,689193,757760,D1,first + >=1 SIM second since last sample + last per stream/episode/leg
pair-stage-probes-4714263a-v6d-final-bound-e2e/cases/grasp_lift_b-v6d_boundary_ex+0mm_s911_pE2E/frames/r2,1232485,307721,1388544,344064,79,60,19,924764,1044480,D1,first + >=1 SIM second since last sample + last per stream/episode/leg
pair-stage-probes-4714263a-v6d-final-bound-e2e/cases/grasp_lift_b-v6d_boundary_ex+0mm_s911_pE2E/frames/r3,540672,184320,540672,184320,44,29,15,356352,356352,D1,first + >=1 SIM second since last sample + last per stream/episode/leg
pair-stage-probes-4714263a-v6d-final-bound-e2e/cases/grasp_lift_b-v6d_boundary_ex+12mm_s911_pE2E,790501,291962,798720,294912,5,3,2,498539,503808,D5,
pair-stage-probes-4714263a-v6d-final-bound-e2e/cases/grasp_lift_b-v6d_boundary_ex+12mm_s911_pE2E/checkpoints,341168,337039,348160,339968,4,2,2,4129,8192,D5,
pair-stage-probes-4714263a-v6d-final-bound-e2e/cases/grasp_lift_b-v6d_boundary_ex+12mm_s911_pE2E/eval_only,196110,76202,200704,77824,2,1,1,119908,122880,D5,
pair-stage-probes-4714263a-v6d-final-bound-e2e/cases/grasp_lift_b-v6d_boundary_ex+12mm_s911_pE2E/frames,0,0,0,0,0,0,0,0,0,,
pair-stage-probes-4714263a-v6d-final-bound-e2e/cases/grasp_lift_b-v6d_boundary_ex+12mm_s911_pE2E/frames/r1,1300844,592620,1372160,626688,78,43,35,708224,745472,D1,first + >=1 SIM second since last sample + last per stream/episode/leg
pair-stage-probes-4714263a-v6d-final-bound-e2e/cases/grasp_lift_b-v6d_boundary_ex+12mm_s911_pE2E/frames/r2,1267239,315606,1388544,344064,79,60,19,951633,1044480,D1,first + >=1 SIM second since last sample + last per stream/episode/leg
pair-stage-probes-4714263a-v6d-final-bound-e2e/cases/grasp_lift_b-v6d_boundary_ex+12mm_s911_pE2E/frames/r3,540672,184320,540672,184320,44,29,15,356352,356352,D1,first + >=1 SIM second since last sample + last per stream/episode/leg
pair-stage-probes-4714263a-v6d-final-bound-e2e/cases/grasp_lift_b-v6d_boundary_ex+4mm_s911_pE2E,790713,292021,798720,294912,5,3,2,498692,503808,D5,
pair-stage-probes-4714263a-v6d-final-bound-e2e/cases/grasp_lift_b-v6d_boundary_ex+4mm_s911_pE2E/checkpoints,341007,336878,348160,339968,4,2,2,4129,8192,D5,
pair-stage-probes-4714263a-v6d-final-bound-e2e/cases/grasp_lift_b-v6d_boundary_ex+4mm_s911_pE2E/eval_only,196058,76239,200704,77824,2,1,1,119819,122880,D5,
pair-stage-probes-4714263a-v6d-final-bound-e2e/cases/grasp_lift_b-v6d_boundary_ex+4mm_s911_pE2E/frames,0,0,0,0,0,0,0,0,0,,
pair-stage-probes-4714263a-v6d-final-bound-e2e/cases/grasp_lift_b-v6d_boundary_ex+4mm_s911_pE2E/frames/r1,1275674,584648,1404928,643072,78,43,35,691026,761856,D1,first + >=1 SIM second since last sample + last per stream/episode/leg
pair-stage-probes-4714263a-v6d-final-bound-e2e/cases/grasp_lift_b-v6d_boundary_ex+4mm_s911_pE2E/frames/r2,1245368,312111,1388544,344064,79,60,19,933257,1044480,D1,first + >=1 SIM second since last sample + last per stream/episode/leg
pair-stage-probes-4714263a-v6d-final-bound-e2e/cases/grasp_lift_b-v6d_boundary_ex+4mm_s911_pE2E/frames/r3,540672,184320,540672,184320,44,29,15,356352,356352,D1,first + >=1 SIM second since last sample + last per stream/episode/leg
pair-stage-probes-4714263a-v6d-final-bound-e2e/cases/grasp_lift_b-v6d_boundary_ex+8mm_s911_pE2E,790716,291950,802816,294912,5,3,2,498766,507904,D5,
pair-stage-probes-4714263a-v6d-final-bound-e2e/cases/grasp_lift_b-v6d_boundary_ex+8mm_s911_pE2E/checkpoints,325433,321304,331776,323584,4,2,2,4129,8192,D5,
pair-stage-probes-4714263a-v6d-final-bound-e2e/cases/grasp_lift_b-v6d_boundary_ex+8mm_s911_pE2E/eval_only,195993,76249,200704,77824,2,1,1,119744,122880,D5,
pair-stage-probes-4714263a-v6d-final-bound-e2e/cases/grasp_lift_b-v6d_boundary_ex+8mm_s911_pE2E/frames,0,0,0,0,0,0,0,0,0,,
pair-stage-probes-4714263a-v6d-final-bound-e2e/cases/grasp_lift_b-v6d_boundary_ex+8mm_s911_pE2E/frames/r1,1285911,588021,1376256,626688,78,43,35,697890,749568,D1,first + >=1 SIM second since last sample + last per stream/episode/leg
pair-stage-probes-4714263a-v6d-final-bound-e2e/cases/grasp_lift_b-v6d_boundary_ex+8mm_s911_pE2E/frames/r2,1251742,313121,1388544,344064,79,60,19,938621,1044480,D1,first + >=1 SIM second since last sample + last per stream/episode/leg
pair-stage-probes-4714263a-v6d-final-bound-e2e/cases/grasp_lift_b-v6d_boundary_ex+8mm_s911_pE2E/frames/r3,540672,184320,540672,184320,44,29,15,356352,356352,D1,first + >=1 SIM second since last sample + last per stream/episode/leg
pair-stage-probes-4714263a-v6d-final-bound-e2e/cases/grasp_lift_b-v6d_boundary_ex-12mm_s911_pE2E,790448,291985,798720,294912,5,3,2,498463,503808,D5,
pair-stage-probes-4714263a-v6d-final-bound-e2e/cases/grasp_lift_b-v6d_boundary_ex-12mm_s911_pE2E/checkpoints,326008,321879,331776,323584,4,2,2,4129,8192,D5,
pair-stage-probes-4714263a-v6d-final-bound-e2e/cases/grasp_lift_b-v6d_boundary_ex-12mm_s911_pE2E/eval_only,196083,76273,200704,77824,2,1,1,119810,122880,D5,
pair-stage-probes-4714263a-v6d-final-bound-e2e/cases/grasp_lift_b-v6d_boundary_ex-12mm_s911_pE2E/frames,0,0,0,0,0,0,0,0,0,,
pair-stage-probes-4714263a-v6d-final-bound-e2e/cases/grasp_lift_b-v6d_boundary_ex-12mm_s911_pE2E/frames/r1,1278426,587577,1376256,626688,78,43,35,690849,749568,D1,first + >=1 SIM second since last sample + last per stream/episode/leg
pair-stage-probes-4714263a-v6d-final-bound-e2e/cases/grasp_lift_b-v6d_boundary_ex-12mm_s911_pE2E/frames/r2,1249888,312879,1388544,344064,79,60,19,937009,1044480,D1,first + >=1 SIM second since last sample + last per stream/episode/leg
pair-stage-probes-4714263a-v6d-final-bound-e2e/cases/grasp_lift_b-v6d_boundary_ex-12mm_s911_pE2E/frames/r3,540672,184320,540672,184320,44,29,15,356352,356352,D1,first + >=1 SIM second since last sample + last per stream/episode/leg
pair-stage-probes-4714263a-v6d-final-bound-e2e/cases/grasp_lift_b-v6d_boundary_ex-4mm_s911_pE2E,790473,292010,798720,294912,5,3,2,498463,503808,D5,
pair-stage-probes-4714263a-v6d-final-bound-e2e/cases/grasp_lift_b-v6d_boundary_ex-4mm_s911_pE2E/checkpoints,325754,321625,331776,323584,4,2,2,4129,8192,D5,
pair-stage-probes-4714263a-v6d-final-bound-e2e/cases/grasp_lift_b-v6d_boundary_ex-4mm_s911_pE2E/eval_only,196109,76236,200704,77824,2,1,1,119873,122880,D5,
pair-stage-probes-4714263a-v6d-final-bound-e2e/cases/grasp_lift_b-v6d_boundary_ex-4mm_s911_pE2E/frames,0,0,0,0,0,0,0,0,0,,
pair-stage-probes-4714263a-v6d-final-bound-e2e/cases/grasp_lift_b-v6d_boundary_ex-4mm_s911_pE2E/frames/r1,1279288,585198,1396736,643072,78,43,35,694090,753664,D1,first + >=1 SIM second since last sample + last per stream/episode/leg
pair-stage-probes-4714263a-v6d-final-bound-e2e/cases/grasp_lift_b-v6d_boundary_ex-4mm_s911_pE2E/frames/r2,1236698,309279,1388544,344064,79,60,19,927419,1044480,D1,first + >=1 SIM second since last sample + last per stream/episode/leg
pair-stage-probes-4714263a-v6d-final-bound-e2e/cases/grasp_lift_b-v6d_boundary_ex-4mm_s911_pE2E/frames/r3,540672,184320,540672,184320,44,29,15,356352,356352,D1,first + >=1 SIM second since last sample + last per stream/episode/leg
pair-stage-probes-4714263a-v6d-final-bound-e2e/cases/grasp_lift_b-v6d_boundary_ex-8mm_s911_pE2E,790467,291928,798720,294912,5,3,2,498539,503808,D5,
pair-stage-probes-4714263a-v6d-final-bound-e2e/cases/grasp_lift_b-v6d_boundary_ex-8mm_s911_pE2E/checkpoints,325744,321615,331776,323584,4,2,2,4129,8192,D5,
pair-stage-probes-4714263a-v6d-final-bound-e2e/cases/grasp_lift_b-v6d_boundary_ex-8mm_s911_pE2E/eval_only,195740,76216,200704,77824,2,1,1,119524,122880,D5,
pair-stage-probes-4714263a-v6d-final-bound-e2e/cases/grasp_lift_b-v6d_boundary_ex-8mm_s911_pE2E/frames,0,0,0,0,0,0,0,0,0,,
pair-stage-probes-4714263a-v6d-final-bound-e2e/cases/grasp_lift_b-v6d_boundary_ex-8mm_s911_pE2E/frames/r1,1279346,587245,1380352,626688,78,43,35,692101,753664,D1,first + >=1 SIM second since last sample + last per stream/episode/leg
pair-stage-probes-4714263a-v6d-final-bound-e2e/cases/grasp_lift_b-v6d_boundary_ex-8mm_s911_pE2E/frames/r2,1238151,310425,1388544,344064,79,60,19,927726,1044480,D1,first + >=1 SIM second since last sample + last per stream/episode/leg
pair-stage-probes-4714263a-v6d-final-bound-e2e/cases/grasp_lift_b-v6d_boundary_ex-8mm_s911_pE2E/frames/r3,540672,184320,540672,184320,44,29,15,356352,356352,D1,first + >=1 SIM second since last sample + last per stream/episode/leg
pair-stage-probes-4714263a-v6d-final-bound-e2e/cases/grasp_lift_b-v6d_boundary_ey+4mm_s911_pE2E,790155,291679,798720,294912,5,3,2,498476,503808,D5,
pair-stage-probes-4714263a-v6d-final-bound-e2e/cases/grasp_lift_b-v6d_boundary_ey+4mm_s911_pE2E/checkpoints,346881,342752,352256,344064,4,2,2,4129,8192,D5,
pair-stage-probes-4714263a-v6d-final-bound-e2e/cases/grasp_lift_b-v6d_boundary_ey+4mm_s911_pE2E/eval_only,196717,76197,200704,77824,2,1,1,120520,122880,D5,
pair-stage-probes-4714263a-v6d-final-bound-e2e/cases/grasp_lift_b-v6d_boundary_ey+4mm_s911_pE2E/frames,0,0,0,0,0,0,0,0,0,,
pair-stage-probes-4714263a-v6d-final-bound-e2e/cases/grasp_lift_b-v6d_boundary_ey+4mm_s911_pE2E/frames/r1,1283248,586407,1396736,638976,78,43,35,696841,757760,D1,first + >=1 SIM second since last sample + last per stream/episode/leg
pair-stage-probes-4714263a-v6d-final-bound-e2e/cases/grasp_lift_b-v6d_boundary_ey+4mm_s911_pE2E/frames/r2,1238174,309076,1388544,344064,79,60,19,929098,1044480,D1,first + >=1 SIM second since last sample + last per stream/episode/leg
pair-stage-probes-4714263a-v6d-final-bound-e2e/cases/grasp_lift_b-v6d_boundary_ey+4mm_s911_pE2E/frames/r3,540672,184320,540672,184320,44,29,15,356352,356352,D1,first + >=1 SIM second since last sample + last per stream/episode/leg
pair-stage-probes-4714263a-v6d-final-bound-e2e/cases/grasp_lift_b-v6d_boundary_ey+8mm_s911_pE2E,790201,291670,798720,294912,5,3,2,498531,503808,D5,
pair-stage-probes-4714263a-v6d-final-bound-e2e/cases/grasp_lift_b-v6d_boundary_ey+8mm_s911_pE2E/checkpoints,325459,321330,331776,323584,4,2,2,4129,8192,D5,
pair-stage-probes-4714263a-v6d-final-bound-e2e/cases/grasp_lift_b-v6d_boundary_ey+8mm_s911_pE2E/eval_only,196861,76189,200704,77824,2,1,1,120672,122880,D5,
pair-stage-probes-4714263a-v6d-final-bound-e2e/cases/grasp_lift_b-v6d_boundary_ey+8mm_s911_pE2E/frames,0,0,0,0,0,0,0,0,0,,
pair-stage-probes-4714263a-v6d-final-bound-e2e/cases/grasp_lift_b-v6d_boundary_ey+8mm_s911_pE2E/frames/r1,1291126,589418,1400832,643072,78,43,35,701708,757760,D1,first + >=1 SIM second since last sample + last per stream/episode/leg
pair-stage-probes-4714263a-v6d-final-bound-e2e/cases/grasp_lift_b-v6d_boundary_ey+8mm_s911_pE2E/frames/r2,1242836,310388,1388544,344064,79,60,19,932448,1044480,D1,first + >=1 SIM second since last sample + last per stream/episode/leg
pair-stage-probes-4714263a-v6d-final-bound-e2e/cases/grasp_lift_b-v6d_boundary_ey+8mm_s911_pE2E/frames/r3,540672,184320,540672,184320,44,29,15,356352,356352,D1,first + >=1 SIM second since last sample + last per stream/episode/leg
pair-stage-probes-4714263a-v6d-final-bound-e2e/cases/grasp_lift_b-v6d_boundary_ey-4mm_s911_pE2E,790456,291914,798720,294912,5,3,2,498542,503808,D5,
pair-stage-probes-4714263a-v6d-final-bound-e2e/cases/grasp_lift_b-v6d_boundary_ey-4mm_s911_pE2E/checkpoints,326058,321929,331776,323584,4,2,2,4129,8192,D5,
pair-stage-probes-4714263a-v6d-final-bound-e2e/cases/grasp_lift_b-v6d_boundary_ey-4mm_s911_pE2E/eval_only,196664,76150,200704,77824,2,1,1,120514,122880,D5,
pair-stage-probes-4714263a-v6d-final-bound-e2e/cases/grasp_lift_b-v6d_boundary_ey-4mm_s911_pE2E/frames,0,0,0,0,0,0,0,0,0,,
pair-stage-probes-4714263a-v6d-final-bound-e2e/cases/grasp_lift_b-v6d_boundary_ey-4mm_s911_pE2E/frames/r1,1281128,587143,1384448,626688,78,43,35,693985,757760,D1,first + >=1 SIM second since last sample + last per stream/episode/leg
pair-stage-probes-4714263a-v6d-final-bound-e2e/cases/grasp_lift_b-v6d_boundary_ey-4mm_s911_pE2E/frames/r2,1237288,308631,1388544,344064,79,60,19,928657,1044480,D1,first + >=1 SIM second since last sample + last per stream/episode/leg
pair-stage-probes-4714263a-v6d-final-bound-e2e/cases/grasp_lift_b-v6d_boundary_ey-4mm_s911_pE2E/frames/r3,540672,184320,540672,184320,44,29,15,356352,356352,D1,first + >=1 SIM second since last sample + last per stream/episode/leg
pair-stage-probes-4714263a-v6d-final-bound-e2e/cases/grasp_lift_b-v6d_boundary_ey-8mm_s911_pE2E,790542,291931,798720,294912,5,3,2,498611,503808,D5,
pair-stage-probes-4714263a-v6d-final-bound-e2e/cases/grasp_lift_b-v6d_boundary_ey-8mm_s911_pE2E/checkpoints,326218,322089,331776,323584,4,2,2,4129,8192,D5,
pair-stage-probes-4714263a-v6d-final-bound-e2e/cases/grasp_lift_b-v6d_boundary_ey-8mm_s911_pE2E/eval_only,196799,76113,200704,77824,2,1,1,120686,122880,D5,
pair-stage-probes-4714263a-v6d-final-bound-e2e/cases/grasp_lift_b-v6d_boundary_ey-8mm_s911_pE2E/frames,0,0,0,0,0,0,0,0,0,,
pair-stage-probes-4714263a-v6d-final-bound-e2e/cases/grasp_lift_b-v6d_boundary_ey-8mm_s911_pE2E/frames/r1,1289363,589577,1404928,643072,78,43,35,699786,761856,D1,first + >=1 SIM second since last sample + last per stream/episode/leg
pair-stage-probes-4714263a-v6d-final-bound-e2e/cases/grasp_lift_b-v6d_boundary_ey-8mm_s911_pE2E/frames/r2,1247496,311122,1388544,344064,79,60,19,936374,1044480,D1,first + >=1 SIM second since last sample + last per stream/episode/leg
pair-stage-probes-4714263a-v6d-final-bound-e2e/cases/grasp_lift_b-v6d_boundary_ey-8mm_s911_pE2E/frames/r3,540672,184320,540672,184320,44,29,15,356352,356352,D1,first + >=1 SIM second since last sample + last per stream/episode/leg
pair-stage-probes-4714263a-v6d-final-bound-e2e/cases/grasp_lift_b-v6d_boundary_eyaw+0.0175rad_s911_pE2E,789297,291951,798720,294912,5,3,2,497346,503808,D5,
pair-stage-probes-4714263a-v6d-final-bound-e2e/cases/grasp_lift_b-v6d_boundary_eyaw+0.0175rad_s911_pE2E/checkpoints,300767,296638,307200,299008,4,2,2,4129,8192,D5,
pair-stage-probes-4714263a-v6d-final-bound-e2e/cases/grasp_lift_b-v6d_boundary_eyaw+0.0175rad_s911_pE2E/eval_only,197548,75929,200704,77824,2,1,1,121619,122880,D5,
pair-stage-probes-4714263a-v6d-final-bound-e2e/cases/grasp_lift_b-v6d_boundary_eyaw+0.0175rad_s911_pE2E/frames,0,0,0,0,0,0,0,0,0,,
pair-stage-probes-4714263a-v6d-final-bound-e2e/cases/grasp_lift_b-v6d_boundary_eyaw+0.0175rad_s911_pE2E/frames/r1,1278373,586116,1404928,643072,78,43,35,692257,761856,D1,first + >=1 SIM second since last sample + last per stream/episode/leg
pair-stage-probes-4714263a-v6d-final-bound-e2e/cases/grasp_lift_b-v6d_boundary_eyaw+0.0175rad_s911_pE2E/frames/r2,1239878,309851,1388544,344064,79,60,19,930027,1044480,D1,first + >=1 SIM second since last sample + last per stream/episode/leg
pair-stage-probes-4714263a-v6d-final-bound-e2e/cases/grasp_lift_b-v6d_boundary_eyaw+0.0175rad_s911_pE2E/frames/r3,540672,184320,540672,184320,44,29,15,356352,356352,D1,first + >=1 SIM second since last sample + last per stream/episode/leg
pair-stage-probes-4714263a-v6d-final-bound-e2e/cases/grasp_lift_b-v6d_boundary_eyaw+0.0350rad_s911_pE2E,789973,291912,798720,294912,5,3,2,498061,503808,D5,
pair-stage-probes-4714263a-v6d-final-bound-e2e/cases/grasp_lift_b-v6d_boundary_eyaw+0.0350rad_s911_pE2E/checkpoints,319444,315315,327680,319488,4,2,2,4129,8192,D5,
pair-stage-probes-4714263a-v6d-final-bound-e2e/cases/grasp_lift_b-v6d_boundary_eyaw+0.0350rad_s911_pE2E/eval_only,197085,75855,200704,77824,2,1,1,121230,122880,D5,
pair-stage-probes-4714263a-v6d-final-bound-e2e/cases/grasp_lift_b-v6d_boundary_eyaw+0.0350rad_s911_pE2E/frames,0,0,0,0,0,0,0,0,0,,
pair-stage-probes-4714263a-v6d-final-bound-e2e/cases/grasp_lift_b-v6d_boundary_eyaw+0.0350rad_s911_pE2E/frames/r1,1284529,588064,1409024,643072,78,43,35,696465,765952,D1,first + >=1 SIM second since last sample + last per stream/episode/leg
pair-stage-probes-4714263a-v6d-final-bound-e2e/cases/grasp_lift_b-v6d_boundary_eyaw+0.0350rad_s911_pE2E/frames/r2,1242710,311218,1388544,344064,79,60,19,931492,1044480,D1,first + >=1 SIM second since last sample + last per stream/episode/leg
pair-stage-probes-4714263a-v6d-final-bound-e2e/cases/grasp_lift_b-v6d_boundary_eyaw+0.0350rad_s911_pE2E/frames/r3,540672,184320,540672,184320,44,29,15,356352,356352,D1,first + >=1 SIM second since last sample + last per stream/episode/leg
pair-stage-probes-4714263a-v6d-final-bound-e2e/cases/grasp_lift_b-v6d_boundary_eyaw-0.0175rad_s911_pE2E,790655,291922,798720,294912,5,3,2,498733,503808,D5,
pair-stage-probes-4714263a-v6d-final-bound-e2e/cases/grasp_lift_b-v6d_boundary_eyaw-0.0175rad_s911_pE2E/checkpoints,325912,321783,331776,323584,4,2,2,4129,8192,D5,
pair-stage-probes-4714263a-v6d-final-bound-e2e/cases/grasp_lift_b-v6d_boundary_eyaw-0.0175rad_s911_pE2E/eval_only,197512,75969,200704,77824,2,1,1,121543,122880,D5,
pair-stage-probes-4714263a-v6d-final-bound-e2e/cases/grasp_lift_b-v6d_boundary_eyaw-0.0175rad_s911_pE2E/frames,0,0,0,0,0,0,0,0,0,,
pair-stage-probes-4714263a-v6d-final-bound-e2e/cases/grasp_lift_b-v6d_boundary_eyaw-0.0175rad_s911_pE2E/frames/r1,1279093,586028,1400832,643072,78,43,35,693065,757760,D1,first + >=1 SIM second since last sample + last per stream/episode/leg
pair-stage-probes-4714263a-v6d-final-bound-e2e/cases/grasp_lift_b-v6d_boundary_eyaw-0.0175rad_s911_pE2E/frames/r2,1235109,308734,1388544,344064,79,60,19,926375,1044480,D1,first + >=1 SIM second since last sample + last per stream/episode/leg
pair-stage-probes-4714263a-v6d-final-bound-e2e/cases/grasp_lift_b-v6d_boundary_eyaw-0.0175rad_s911_pE2E/frames/r3,540672,184320,540672,184320,44,29,15,356352,356352,D1,first + >=1 SIM second since last sample + last per stream/episode/leg
pair-stage-probes-4714263a-v6d-final-bound-e2e/cases/grasp_lift_b-v6d_boundary_eyaw-0.0350rad_s911_pE2E,790287,291855,798720,294912,5,3,2,498432,503808,D5,
pair-stage-probes-4714263a-v6d-final-bound-e2e/cases/grasp_lift_b-v6d_boundary_eyaw-0.0350rad_s911_pE2E/checkpoints,338596,334467,344064,335872,4,2,2,4129,8192,D5,
pair-stage-probes-4714263a-v6d-final-bound-e2e/cases/grasp_lift_b-v6d_boundary_eyaw-0.0350rad_s911_pE2E/eval_only,197157,75905,200704,77824,2,1,1,121252,122880,D5,
pair-stage-probes-4714263a-v6d-final-bound-e2e/cases/grasp_lift_b-v6d_boundary_eyaw-0.0350rad_s911_pE2E/frames,0,0,0,0,0,0,0,0,0,,
pair-stage-probes-4714263a-v6d-final-bound-e2e/cases/grasp_lift_b-v6d_boundary_eyaw-0.0350rad_s911_pE2E/frames/r1,1287728,588563,1404928,643072,78,43,35,699165,761856,D1,first + >=1 SIM second since last sample + last per stream/episode/leg
pair-stage-probes-4714263a-v6d-final-bound-e2e/cases/grasp_lift_b-v6d_boundary_eyaw-0.0350rad_s911_pE2E/frames/r2,1242449,311009,1388544,344064,79,60,19,931440,1044480,D1,first + >=1 SIM second since last sample + last per stream/episode/leg
pair-stage-probes-4714263a-v6d-final-bound-e2e/cases/grasp_lift_b-v6d_boundary_eyaw-0.0350rad_s911_pE2E/frames/r3,540672,184320,540672,184320,44,29,15,356352,356352,D1,first + >=1 SIM second since last sample + last per stream/episode/leg
pair-stage-probes-495c1173-ghR,7175902,7175902,7184384,7184384,5,0,5,0,0,,
pair-stage-probes-495c1173-ghR/cases,396968,396968,573440,573440,140,0,140,0,0,,
pair-stage-probes-495c1173-ghR/cases/carry_b-v6g_teacher_hR01_s911_pE2E_L1_VhR,1995086,1995086,2007040,2007040,5,0,5,0,0,,
pair-stage-probes-495c1173-ghR/cases/carry_b-v6g_teacher_hR01_s911_pE2E_L1_VhR/checkpoints,372316,370223,380928,376832,4,1,3,2093,4096,D5,
pair-stage-probes-495c1173-ghR/cases/carry_b-v6g_teacher_hR01_s911_pE2E_L1_VhR/eval_only,768711,768711,774144,774144,2,0,2,0,0,,
pair-stage-probes-495c1173-ghR/cases/carry_b-v6g_teacher_hR01_s911_pE2E_L1_VhR/frames,0,0,0,0,0,0,0,0,0,,
pair-stage-probes-495c1173-ghR/cases/carry_b-v6g_teacher_hR01_s911_pE2E_L1_VhR/frames/r1,3202924,620648,3543040,684032,274,226,48,2582276,2859008,D1,first + >=1 SIM second since last sample + last per stream/episode/leg
pair-stage-probes-495c1173-ghR/cases/carry_b-v6g_teacher_hR01_s911_pE2E_L1_VhR/frames/r2,3931961,492378,4534272,561152,274,241,33,3439583,3973120,D1,first + >=1 SIM second since last sample + last per stream/episode/leg
pair-stage-probes-495c1173-ghR/cases/carry_b-v6g_teacher_hR01_s911_pE2E_L1_VhR/frames/r3,2432250,518880,2457600,524288,150,118,32,1913370,1933312,D1,first + >=1 SIM second since last sample + last per stream/episode/leg
pair-stage-probes-495c1173-ghR/cases/carry_b-v6g_teacher_hR01_s911_pE2E_L2_VhR,1663216,1663216,1671168,1671168,5,0,5,0,0,,
pair-stage-probes-495c1173-ghR/cases/carry_b-v6g_teacher_hR01_s911_pE2E_L2_VhR/checkpoints,312448,312448,319488,319488,4,0,4,0,0,,
pair-stage-probes-495c1173-ghR/cases/carry_b-v6g_teacher_hR01_s911_pE2E_L2_VhR/eval_only,753282,753282,757760,757760,2,0,2,0,0,,
pair-stage-probes-495c1173-ghR/cases/carry_b-v6g_teacher_hR01_s911_pE2E_L2_VhR/frames,0,0,0,0,0,0,0,0,0,,
pair-stage-probes-495c1173-ghR/cases/carry_b-v6g_teacher_hR01_s911_pE2E_L2_VhR/frames/r1,3071161,591566,3420160,655360,268,220,48,2479595,2764800,D1,first + >=1 SIM second since last sample + last per stream/episode/leg
pair-stage-probes-495c1173-ghR/cases/carry_b-v6g_teacher_hR01_s911_pE2E_L2_VhR/frames/r2,3840227,484897,4468736,557056,268,236,32,3355330,3911680,D1,first + >=1 SIM second since last sample + last per stream/episode/leg
pair-stage-probes-495c1173-ghR/cases/carry_b-v6g_teacher_hR01_s911_pE2E_L2_VhR/frames/r3,2383605,518880,2408448,524288,147,115,32,1864725,1884160,D1,first + >=1 SIM second since last sample + last per stream/episode/leg
pair-stage-probes-495c1173-ghR/cases/carry_b-v6g_teacher_hR01_s911_pE2E_L3_VhR,1786006,1786006,1794048,1794048,5,0,5,0,0,,
pair-stage-probes-495c1173-ghR/cases/carry_b-v6g_teacher_hR01_s911_pE2E_L3_VhR/checkpoints,340959,340959,352256,352256,4,0,4,0,0,,
pair-stage-probes-495c1173-ghR/cases/carry_b-v6g_teacher_hR01_s911_pE2E_L3_VhR/eval_only,686640,686640,692224,692224,2,0,2,0,0,,
pair-stage-probes-495c1173-ghR/cases/carry_b-v6g_teacher_hR01_s911_pE2E_L3_VhR/frames,0,0,0,0,0,0,0,0,0,,
pair-stage-probes-495c1173-ghR/cases/carry_b-v6g_teacher_hR01_s911_pE2E_L3_VhR/frames/r1,2788645,557227,3100672,618496,242,197,45,2231418,2482176,D1,first + >=1 SIM second since last sample + last per stream/episode/leg
pair-stage-probes-495c1173-ghR/cases/carry_b-v6g_teacher_hR01_s911_pE2E_L3_VhR/frames/r2,3469601,443905,4050944,512000,242,213,29,3025696,3538944,D1,first + >=1 SIM second since last sample + last per stream/episode/leg
pair-stage-probes-495c1173-ghR/cases/carry_b-v6g_teacher_hR01_s911_pE2E_L3_VhR/frames/r3,2172810,470235,2195456,475136,134,105,29,1702575,1720320,D1,first + >=1 SIM second since last sample + last per stream/episode/leg
pair-stage-probes-495c1173-ghR/cases/carry_b-v6g_teacher_hR01_s911_pE2E_L4_VhR,1777462,1777462,1785856,1785856,5,0,5,0,0,,
pair-stage-probes-495c1173-ghR/cases/carry_b-v6g_teacher_hR01_s911_pE2E_L4_VhR/checkpoints,339455,335274,348160,339968,4,2,2,4181,8192,D5,
pair-stage-probes-495c1173-ghR/cases/carry_b-v6g_teacher_hR01_s911_pE2E_L4_VhR/eval_only,687157,687157,692224,692224,2,0,2,0,0,,
pair-stage-probes-495c1173-ghR/cases/carry_b-v6g_teacher_hR01_s911_pE2E_L4_VhR/frames,0,0,0,0,0,0,0,0,0,,
pair-stage-probes-495c1173-ghR/cases/carry_b-v6g_teacher_hR01_s911_pE2E_L4_VhR/frames/r1,2816039,564205,3100672,618496,242,197,45,2251834,2482176,D1,first + >=1 SIM second since last sample + last per stream/episode/leg
pair-stage-probes-495c1173-ghR/cases/carry_b-v6g_teacher_hR01_s911_pE2E_L4_VhR/frames/r2,3500949,452172,4083712,524288,242,213,29,3048777,3559424,D1,first + >=1 SIM second since last sample + last per stream/episode/leg
pair-stage-probes-495c1173-ghR/cases/carry_b-v6g_teacher_hR01_s911_pE2E_L4_VhR/frames/r3,2172810,470235,2195456,475136,134,105,29,1702575,1720320,D1,first + >=1 SIM second since last sample + last per stream/episode/leg
pair-stage-probes-495c1173-ghR/cases/carry_b-v6g_teacher_hR01_s911_pE2E_L5_VhR,1768958,1768958,1777664,1777664,5,0,5,0,0,,
pair-stage-probes-495c1173-ghR/cases/carry_b-v6g_teacher_hR01_s911_pE2E_L5_VhR/checkpoints,368301,366208,376832,372736,4,1,3,2093,4096,D5,
pair-stage-probes-495c1173-ghR/cases/carry_b-v6g_teacher_hR01_s911_pE2E_L5_VhR/eval_only,687039,687039,692224,692224,2,0,2,0,0,,
pair-stage-probes-495c1173-ghR/cases/carry_b-v6g_teacher_hR01_s911_pE2E_L5_VhR/frames,0,0,0,0,0,0,0,0,0,,
pair-stage-probes-495c1173-ghR/cases/carry_b-v6g_teacher_hR01_s911_pE2E_L5_VhR/frames/r1,2794407,562576,3100672,618496,242,197,45,2231831,2482176,D1,first + >=1 SIM second since last sample + last per stream/episode/leg
pair-stage-probes-495c1173-ghR/cases/carry_b-v6g_teacher_hR01_s911_pE2E_L5_VhR/frames/r2,3458421,444204,4050944,512000,242,213,29,3014217,3538944,D1,first + >=1 SIM second since last sample + last per stream/episode/leg
pair-stage-probes-495c1173-ghR/cases/carry_b-v6g_teacher_hR01_s911_pE2E_L5_VhR/frames/r3,2172810,470235,2195456,475136,134,105,29,1702575,1720320,D1,first + >=1 SIM second since last sample + last per stream/episode/leg
pair-stage-probes-495c1173-ghR/cases/carry_b-v6g_teacher_hR01_s911_pE2E_L6_VhR,1803536,1803536,1814528,1814528,5,0,5,0,0,,
pair-stage-probes-495c1173-ghR/cases/carry_b-v6g_teacher_hR01_s911_pE2E_L6_VhR/checkpoints,337651,335558,344064,339968,4,1,3,2093,4096,D5,
pair-stage-probes-495c1173-ghR/cases/carry_b-v6g_teacher_hR01_s911_pE2E_L6_VhR/eval_only,699045,699045,704512,704512,2,0,2,0,0,,
pair-stage-probes-495c1173-ghR/cases/carry_b-v6g_teacher_hR01_s911_pE2E_L6_VhR/frames,0,0,0,0,0,0,0,0,0,,
pair-stage-probes-495c1173-ghR/cases/carry_b-v6g_teacher_hR01_s911_pE2E_L6_VhR/frames/r1,2815939,553931,3162112,618496,247,202,45,2262008,2543616,D1,first + >=1 SIM second since last sample + last per stream/episode/leg
pair-stage-probes-495c1173-ghR/cases/carry_b-v6g_teacher_hR01_s911_pE2E_L6_VhR/frames/r2,3482196,446563,4124672,524288,247,217,30,3035633,3600384,D1,first + >=1 SIM second since last sample + last per stream/episode/leg
pair-stage-probes-495c1173-ghR/cases/carry_b-v6g_teacher_hR01_s911_pE2E_L6_VhR/frames/r3,2221455,486450,2244608,491520,137,107,30,1735005,1753088,D1,first + >=1 SIM second since last sample + last per stream/episode/leg
pair-stage-probes-495c1173-ghR/cases/carry_b-v6g_teacher_hR01_s911_pE2E_VhR,1593526,1593526,1605632,1605632,5,0,5,0,0,,
pair-stage-probes-495c1173-ghR/cases/carry_b-v6g_teacher_hR01_s911_pE2E_VhR/checkpoints,372327,372327,380928,380928,4,0,4,0,0,,
pair-stage-probes-495c1173-ghR/cases/carry_b-v6g_teacher_hR01_s911_pE2E_VhR/eval_only,612803,612803,618496,618496,2,0,2,0,0,,
pair-stage-probes-495c1173-ghR/cases/carry_b-v6g_teacher_hR01_s911_pE2E_VhR/frames,0,0,0,0,0,0,0,0,0,,
pair-stage-probes-495c1173-ghR/cases/carry_b-v6g_teacher_hR01_s911_pE2E_VhR/frames/r1,2530801,544361,2764800,589824,214,172,42,1986440,2174976,D1,first + >=1 SIM second since last sample + last per stream/episode/leg
pair-stage-probes-495c1173-ghR/cases/carry_b-v6g_teacher_hR01_s911_pE2E_VhR/frames/r2,3091788,410457,3584000,475136,214,187,27,2681331,3108864,D1,first + >=1 SIM second since last sample + last per stream/episode/leg
pair-stage-probes-495c1173-ghR/cases/carry_b-v6g_teacher_hR01_s911_pE2E_VhR/frames/r3,1945800,421590,1966080,425984,120,94,26,1524210,1540096,D1,first + >=1 SIM second since last sample + last per stream/episode/leg
pair-stage-probes-495c1173-ghR/cases/carry_b-v6g_teacher_hR02_s911_pE2E_L1_VhR,1964343,1964343,1974272,1974272,5,0,5,0,0,,
pair-stage-probes-495c1173-ghR/cases/carry_b-v6g_teacher_hR02_s911_pE2E_L1_VhR/checkpoints,341781,339688,352256,348160,4,1,3,2093,4096,D5,
pair-stage-probes-495c1173-ghR/cases/carry_b-v6g_teacher_hR02_s911_pE2E_L1_VhR/eval_only,765961,765961,770048,770048,2,0,2,0,0,,
pair-stage-probes-495c1173-ghR/cases/carry_b-v6g_teacher_hR02_s911_pE2E_L1_VhR/frames,0,0,0,0,0,0,0,0,0,,
pair-stage-probes-495c1173-ghR/cases/carry_b-v6g_teacher_hR02_s911_pE2E_L1_VhR/frames/r1,3249678,618488,3547136,675840,273,225,48,2631190,2871296,D1,first + >=1 SIM second since last sample + last per stream/episode/leg
pair-stage-probes-495c1173-ghR/cases/carry_b-v6g_teacher_hR02_s911_pE2E_L1_VhR/frames/r2,3207590,411817,3510272,454656,273,240,33,2795773,3055616,D1,first + >=1 SIM second since last sample + last per stream/episode/leg
pair-stage-probes-495c1173-ghR/cases/carry_b-v6g_teacher_hR02_s911_pE2E_L1_VhR/frames/r3,2432250,518880,2457600,524288,150,118,32,1913370,1933312,D1,first + >=1 SIM second since last sample + last per stream/episode/leg
pair-stage-probes-495c1173-ghR/cases/carry_b-v6g_teacher_hR02_s911_pE2E_L2_VhR,1597177,1597177,1605632,1605632,5,0,5,0,0,,
pair-stage-probes-495c1173-ghR/cases/carry_b-v6g_teacher_hR02_s911_pE2E_L2_VhR/checkpoints,312305,312305,319488,319488,4,0,4,0,0,,
pair-stage-probes-495c1173-ghR/cases/carry_b-v6g_teacher_hR02_s911_pE2E_L2_VhR/eval_only,751332,751332,757760,757760,2,0,2,0,0,,
pair-stage-probes-495c1173-ghR/cases/carry_b-v6g_teacher_hR02_s911_pE2E_L2_VhR/frames,0,0,0,0,0,0,0,0,0,,
pair-stage-probes-495c1173-ghR/cases/carry_b-v6g_teacher_hR02_s911_pE2E_L2_VhR/frames/r1,3151783,604702,3452928,663552,268,220,48,2547081,2789376,D1,first + >=1 SIM second since last sample + last per stream/episode/leg
pair-stage-probes-495c1173-ghR/cases/carry_b-v6g_teacher_hR02_s911_pE2E_L2_VhR/frames/r2,3144624,403590,3452928,446464,268,236,32,2741034,3006464,D1,first + >=1 SIM second since last sample + last per stream/episode/leg
pair-stage-probes-495c1173-ghR/cases/carry_b-v6g_teacher_hR02_s911_pE2E_L2_VhR/frames/r3,2383605,518880,2408448,524288,147,115,32,1864725,1884160,D1,first + >=1 SIM second since last sample + last per stream/episode/leg
pair-stage-probes-495c1173-ghR/cases/carry_b-v6g_teacher_hR02_s911_pE2E_L3_VhR,1768211,1768211,1777664,1777664,5,0,5,0,0,,
pair-stage-probes-495c1173-ghR/cases/carry_b-v6g_teacher_hR02_s911_pE2E_L3_VhR/checkpoints,341514,339421,352256,348160,4,1,3,2093,4096,D5,
pair-stage-probes-495c1173-ghR/cases/carry_b-v6g_teacher_hR02_s911_pE2E_L3_VhR/eval_only,686513,686513,692224,692224,2,0,2,0,0,,
pair-stage-probes-495c1173-ghR/cases/carry_b-v6g_teacher_hR02_s911_pE2E_L3_VhR/frames,0,0,0,0,0,0,0,0,0,,
pair-stage-probes-495c1173-ghR/cases/carry_b-v6g_teacher_hR02_s911_pE2E_L3_VhR/frames/r1,2852276,570366,3133440,626688,242,197,45,2281910,2506752,D1,first + >=1 SIM second since last sample + last per stream/episode/leg
pair-stage-probes-495c1173-ghR/cases/carry_b-v6g_teacher_hR02_s911_pE2E_L3_VhR/frames/r2,2846105,370709,3129344,405504,242,213,29,2475396,2723840,D1,first + >=1 SIM second since last sample + last per stream/episode/leg
pair-stage-probes-495c1173-ghR/cases/carry_b-v6g_teacher_hR02_s911_pE2E_L3_VhR/frames/r3,2172810,470235,2195456,475136,134,105,29,1702575,1720320,D1,first + >=1 SIM second since last sample + last per stream/episode/leg
pair-stage-probes-495c1173-ghR/cases/carry_b-v6g_teacher_hR02_s911_pE2E_L4_VhR,1764365,1764365,1773568,1773568,5,0,5,0,0,,
pair-stage-probes-495c1173-ghR/cases/carry_b-v6g_teacher_hR02_s911_pE2E_L4_VhR/checkpoints,339799,335619,348160,339968,4,2,2,4180,8192,D5,
pair-stage-probes-495c1173-ghR/cases/carry_b-v6g_teacher_hR02_s911_pE2E_L4_VhR/eval_only,686561,686561,688128,688128,2,0,2,0,0,,
pair-stage-probes-495c1173-ghR/cases/carry_b-v6g_teacher_hR02_s911_pE2E_L4_VhR/frames,0,0,0,0,0,0,0,0,0,,
pair-stage-probes-495c1173-ghR/cases/carry_b-v6g_teacher_hR02_s911_pE2E_L4_VhR/frames/r1,2864106,575242,3133440,626688,242,197,45,2288864,2506752,D1,first + >=1 SIM second since last sample + last per stream/episode/leg
pair-stage-probes-495c1173-ghR/cases/carry_b-v6g_teacher_hR02_s911_pE2E_L4_VhR/frames/r2,2870003,379616,3166208,421888,242,213,29,2490387,2744320,D1,first + >=1 SIM second since last sample + last per stream/episode/leg
pair-stage-probes-495c1173-ghR/cases/carry_b-v6g_teacher_hR02_s911_pE2E_L4_VhR/frames/r3,2172810,470235,2195456,475136,134,105,29,1702575,1720320,D1,first + >=1 SIM second since last sample + last per stream/episode/leg
pair-stage-probes-495c1173-ghR/cases/carry_b-v6g_teacher_hR02_s911_pE2E_L5_VhR,1773002,1773002,1781760,1781760,5,0,5,0,0,,
pair-stage-probes-495c1173-ghR/cases/carry_b-v6g_teacher_hR02_s911_pE2E_L5_VhR/checkpoints,338598,334418,344064,335872,4,2,2,4180,8192,D5,
pair-stage-probes-495c1173-ghR/cases/carry_b-v6g_teacher_hR02_s911_pE2E_L5_VhR/eval_only,686417,686417,688128,688128,2,0,2,0,0,,
pair-stage-probes-495c1173-ghR/cases/carry_b-v6g_teacher_hR02_s911_pE2E_L5_VhR/frames,0,0,0,0,0,0,0,0,0,,
pair-stage-probes-495c1173-ghR/cases/carry_b-v6g_teacher_hR02_s911_pE2E_L5_VhR/frames/r1,2864397,575429,3133440,626688,242,197,45,2288968,2506752,D1,first + >=1 SIM second since last sample + last per stream/episode/leg
pair-stage-probes-495c1173-ghR/cases/carry_b-v6g_teacher_hR02_s911_pE2E_L5_VhR/frames/r2,2846686,374221,3133440,409600,242,213,29,2472465,2723840,D1,first + >=1 SIM second since last sample + last per stream/episode/leg
pair-stage-probes-495c1173-ghR/cases/carry_b-v6g_teacher_hR02_s911_pE2E_L5_VhR/frames/r3,2172810,470235,2195456,475136,134,105,29,1702575,1720320,D1,first + >=1 SIM second since last sample + last per stream/episode/leg
pair-stage-probes-495c1173-ghR/cases/carry_b-v6g_teacher_hR02_s911_pE2E_L6_VhR,1798609,1798609,1810432,1810432,5,0,5,0,0,,
pair-stage-probes-495c1173-ghR/cases/carry_b-v6g_teacher_hR02_s911_pE2E_L6_VhR/checkpoints,337965,335872,344064,339968,4,1,3,2093,4096,D5,
pair-stage-probes-495c1173-ghR/cases/carry_b-v6g_teacher_hR02_s911_pE2E_L6_VhR/eval_only,698605,698605,704512,704512,2,0,2,0,0,,
pair-stage-probes-495c1173-ghR/cases/carry_b-v6g_teacher_hR02_s911_pE2E_L6_VhR/frames,0,0,0,0,0,0,0,0,0,,
pair-stage-probes-495c1173-ghR/cases/carry_b-v6g_teacher_hR02_s911_pE2E_L6_VhR/frames/r1,2894198,566691,3194880,626688,247,202,45,2327507,2568192,D1,first + >=1 SIM second since last sample + last per stream/episode/leg
pair-stage-probes-495c1173-ghR/cases/carry_b-v6g_teacher_hR02_s911_pE2E_L6_VhR/frames/r2,2862261,374294,3190784,417792,247,217,30,2487967,2772992,D1,first + >=1 SIM second since last sample + last per stream/episode/leg
pair-stage-probes-495c1173-ghR/cases/carry_b-v6g_teacher_hR02_s911_pE2E_L6_VhR/frames/r3,2221455,486450,2244608,491520,137,107,30,1735005,1753088,D1,first + >=1 SIM second since last sample + last per stream/episode/leg
pair-stage-probes-495c1173-ghR/cases/carry_b-v6g_teacher_hR02_s911_pE2E_VhR,1483926,1483926,1495040,1495040,5,0,5,0,0,,
pair-stage-probes-495c1173-ghR/cases/carry_b-v6g_teacher_hR02_s911_pE2E_VhR/checkpoints,341835,341835,352256,352256,4,0,4,0,0,,
pair-stage-probes-495c1173-ghR/cases/carry_b-v6g_teacher_hR02_s911_pE2E_VhR/eval_only,581014,581014,585728,585728,2,0,2,0,0,,
pair-stage-probes-495c1173-ghR/cases/carry_b-v6g_teacher_hR02_s911_pE2E_VhR/frames,0,0,0,0,0,0,0,0,0,,
pair-stage-probes-495c1173-ghR/cases/carry_b-v6g_teacher_hR02_s911_pE2E_VhR/frames/r1,2433513,531223,2641920,577536,202,161,41,1902290,2064384,D1,first + >=1 SIM second since last sample + last per stream/episode/leg
pair-stage-probes-495c1173-ghR/cases/carry_b-v6g_teacher_hR02_s911_pE2E_VhR/frames/r2,2422670,324482,2637824,356352,202,177,25,2098188,2281472,D1,first + >=1 SIM second since last sample + last per stream/episode/leg
pair-stage-probes-495c1173-ghR/cases/carry_b-v6g_teacher_hR02_s911_pE2E_VhR/frames/r3,1848510,405375,1867776,409600,114,89,25,1443135,1458176,D1,first + >=1 SIM second since last sample + last per stream/episode/leg
pair-stage-probes-495c1173-ghR/cases/carry_b-v6g_teacher_hR03_s911_pE2E_L1_VhR,2017660,2017660,2023424,2023424,5,0,5,0,0,,
pair-stage-probes-495c1173-ghR/cases/carry_b-v6g_teacher_hR03_s911_pE2E_L1_VhR/checkpoints,342182,342182,352256,352256,4,0,4,0,0,,
pair-stage-probes-495c1173-ghR/cases/carry_b-v6g_teacher_hR03_s911_pE2E_L1_VhR/eval_only,781158,781158,786432,786432,2,0,2,0,0,,
pair-stage-probes-495c1173-ghR/cases/carry_b-v6g_teacher_hR03_s911_pE2E_L1_VhR/frames,0,0,0,0,0,0,0,0,0,,
pair-stage-probes-495c1173-ghR/cases/carry_b-v6g_teacher_hR03_s911_pE2E_L1_VhR/frames/r1,3222853,622989,3604480,696320,279,230,49,2599864,2908160,D1,first + >=1 SIM second since last sample + last per stream/episode/leg
pair-stage-probes-495c1173-ghR/cases/carry_b-v6g_teacher_hR03_s911_pE2E_L1_VhR/frames/r2,3195544,405122,3555328,454656,279,246,33,2790422,3100672,D1,first + >=1 SIM second since last sample + last per stream/episode/leg
pair-stage-probes-495c1173-ghR/cases/carry_b-v6g_teacher_hR03_s911_pE2E_L1_VhR/frames/r3,2480895,535095,2506752,540672,153,120,33,1945800,1966080,D1,first + >=1 SIM second since last sample + last per stream/episode/leg
pair-stage-probes-495c1173-ghR/cases/carry_b-v6g_teacher_hR03_s911_pE2E_L2_VhR,1676700,1676700,1687552,1687552,5,0,5,0,0,,
pair-stage-probes-495c1173-ghR/cases/carry_b-v6g_teacher_hR03_s911_pE2E_L2_VhR/checkpoints,312448,312448,319488,319488,4,0,4,0,0,,
pair-stage-probes-495c1173-ghR/cases/carry_b-v6g_teacher_hR03_s911_pE2E_L2_VhR/eval_only,752613,752613,757760,757760,2,0,2,0,0,,
pair-stage-probes-495c1173-ghR/cases/carry_b-v6g_teacher_hR03_s911_pE2E_L2_VhR/frames,0,0,0,0,0,0,0,0,0,,
pair-stage-probes-495c1173-ghR/cases/carry_b-v6g_teacher_hR03_s911_pE2E_L2_VhR/frames/r1,3044125,586852,3420160,655360,268,220,48,2457273,2764800,D1,first + >=1 SIM second since last sample + last per stream/episode/leg
pair-stage-probes-495c1173-ghR/cases/carry_b-v6g_teacher_hR03_s911_pE2E_L2_VhR/frames/r2,3060248,398681,3424256,446464,268,236,32,2661567,2977792,D1,first + >=1 SIM second since last sample + last per stream/episode/leg
pair-stage-probes-495c1173-ghR/cases/carry_b-v6g_teacher_hR03_s911_pE2E_L2_VhR/frames/r3,2383605,518880,2408448,524288,147,115,32,1864725,1884160,D1,first + >=1 SIM second since last sample + last per stream/episode/leg
pair-stage-probes-495c1173-ghR/cases/carry_b-v6g_teacher_hR03_s911_pE2E_L3_VhR,1778239,1778239,1789952,1789952,5,0,5,0,0,,
pair-stage-probes-495c1173-ghR/cases/carry_b-v6g_teacher_hR03_s911_pE2E_L3_VhR/checkpoints,341277,341277,352256,352256,4,0,4,0,0,,
pair-stage-probes-495c1173-ghR/cases/carry_b-v6g_teacher_hR03_s911_pE2E_L3_VhR/eval_only,686677,686677,692224,692224,2,0,2,0,0,,
pair-stage-probes-495c1173-ghR/cases/carry_b-v6g_teacher_hR03_s911_pE2E_L3_VhR/frames,0,0,0,0,0,0,0,0,0,,
pair-stage-probes-495c1173-ghR/cases/carry_b-v6g_teacher_hR03_s911_pE2E_L3_VhR/frames/r1,2762135,552746,3100672,618496,242,197,45,2209389,2482176,D1,first + >=1 SIM second since last sample + last per stream/episode/leg
pair-stage-probes-495c1173-ghR/cases/carry_b-v6g_teacher_hR03_s911_pE2E_L3_VhR/frames/r2,2777815,369994,3108864,409600,242,213,29,2407821,2699264,D1,first + >=1 SIM second since last sample + last per stream/episode/leg
pair-stage-probes-495c1173-ghR/cases/carry_b-v6g_teacher_hR03_s911_pE2E_L3_VhR/frames/r3,2172810,470235,2195456,475136,134,105,29,1702575,1720320,D1,first + >=1 SIM second since last sample + last per stream/episode/leg
pair-stage-probes-495c1173-ghR/cases/carry_b-v6g_teacher_hR03_s911_pE2E_L4_VhR,1773805,1773805,1785856,1785856,5,0,5,0,0,,
pair-stage-probes-495c1173-ghR/cases/carry_b-v6g_teacher_hR03_s911_pE2E_L4_VhR/checkpoints,339588,337495,348160,344064,4,1,3,2093,4096,D5,
pair-stage-probes-495c1173-ghR/cases/carry_b-v6g_teacher_hR03_s911_pE2E_L4_VhR/eval_only,687266,687266,692224,692224,2,0,2,0,0,,
pair-stage-probes-495c1173-ghR/cases/carry_b-v6g_teacher_hR03_s911_pE2E_L4_VhR/frames,0,0,0,0,0,0,0,0,0,,
pair-stage-probes-495c1173-ghR/cases/carry_b-v6g_teacher_hR03_s911_pE2E_L4_VhR/frames/r1,2787548,559137,3100672,618496,242,197,45,2228411,2482176,D1,first + >=1 SIM second since last sample + last per stream/episode/leg
pair-stage-probes-495c1173-ghR/cases/carry_b-v6g_teacher_hR03_s911_pE2E_L4_VhR/frames/r2,2810288,378987,3141632,421888,242,213,29,2431301,2719744,D1,first + >=1 SIM second since last sample + last per stream/episode/leg
pair-stage-probes-495c1173-ghR/cases/carry_b-v6g_teacher_hR03_s911_pE2E_L4_VhR/frames/r3,2172810,470235,2195456,475136,134,105,29,1702575,1720320,D1,first + >=1 SIM second since last sample + last per stream/episode/leg
pair-stage-probes-495c1173-ghR/cases/carry_b-v6g_teacher_hR03_s911_pE2E_L5_VhR,1769394,1769394,1781760,1781760,5,0,5,0,0,,
pair-stage-probes-495c1173-ghR/cases/carry_b-v6g_teacher_hR03_s911_pE2E_L5_VhR/checkpoints,338416,338416,344064,344064,4,0,4,0,0,,
pair-stage-probes-495c1173-ghR/cases/carry_b-v6g_teacher_hR03_s911_pE2E_L5_VhR/eval_only,686773,686773,692224,692224,2,0,2,0,0,,
pair-stage-probes-495c1173-ghR/cases/carry_b-v6g_teacher_hR03_s911_pE2E_L5_VhR/frames,0,0,0,0,0,0,0,0,0,,
pair-stage-probes-495c1173-ghR/cases/carry_b-v6g_teacher_hR03_s911_pE2E_L5_VhR/frames/r1,2772141,558698,3100672,618496,242,197,45,2213443,2482176,D1,first + >=1 SIM second since last sample + last per stream/episode/leg
pair-stage-probes-495c1173-ghR/cases/carry_b-v6g_teacher_hR03_s911_pE2E_L5_VhR/frames/r2,2776713,371556,3108864,409600,242,213,29,2405157,2699264,D1,first + >=1 SIM second since last sample + last per stream/episode/leg
pair-stage-probes-495c1173-ghR/cases/carry_b-v6g_teacher_hR03_s911_pE2E_L5_VhR/frames/r3,2172810,470235,2195456,475136,134,105,29,1702575,1720320,D1,first + >=1 SIM second since last sample + last per stream/episode/leg
pair-stage-probes-495c1173-ghR/cases/carry_b-v6g_teacher_hR03_s911_pE2E_L6_VhR,1804252,1804252,1814528,1814528,5,0,5,0,0,,
pair-stage-probes-495c1173-ghR/cases/carry_b-v6g_teacher_hR03_s911_pE2E_L6_VhR/checkpoints,337571,335478,344064,339968,4,1,3,2093,4096,D5,
pair-stage-probes-495c1173-ghR/cases/carry_b-v6g_teacher_hR03_s911_pE2E_L6_VhR/eval_only,698556,698556,704512,704512,2,0,2,0,0,,
pair-stage-probes-495c1173-ghR/cases/carry_b-v6g_teacher_hR03_s911_pE2E_L6_VhR/frames,0,0,0,0,0,0,0,0,0,,
pair-stage-probes-495c1173-ghR/cases/carry_b-v6g_teacher_hR03_s911_pE2E_L6_VhR/frames/r1,2792996,549323,3162112,618496,247,202,45,2243673,2543616,D1,first + >=1 SIM second since last sample + last per stream/episode/leg
pair-stage-probes-495c1173-ghR/cases/carry_b-v6g_teacher_hR03_s911_pE2E_L6_VhR/frames/r2,2792871,371665,3162112,417792,247,217,30,2421206,2744320,D1,first + >=1 SIM second since last sample + last per stream/episode/leg
pair-stage-probes-495c1173-ghR/cases/carry_b-v6g_teacher_hR03_s911_pE2E_L6_VhR/frames/r3,2221455,486450,2244608,491520,137,107,30,1735005,1753088,D1,first + >=1 SIM second since last sample + last per stream/episode/leg
pair-stage-probes-495c1173-ghR/cases/carry_b-v6g_teacher_hR03_s911_pE2E_VhR,1552490,1552490,1560576,1560576,5,0,5,0,0,,
pair-stage-probes-495c1173-ghR/cases/carry_b-v6g_teacher_hR03_s911_pE2E_VhR/checkpoints,372075,372075,376832,376832,4,0,4,0,0,,
pair-stage-probes-495c1173-ghR/cases/carry_b-v6g_teacher_hR03_s911_pE2E_VhR/eval_only,599284,599284,602112,602112,2,0,2,0,0,,
pair-stage-probes-495c1173-ghR/cases/carry_b-v6g_teacher_hR03_s911_pE2E_VhR/frames,0,0,0,0,0,0,0,0,0,,
pair-stage-probes-495c1173-ghR/cases/carry_b-v6g_teacher_hR03_s911_pE2E_VhR/frames/r1,2445062,538146,2703360,589824,209,167,42,1906916,2113536,D1,first + >=1 SIM second since last sample + last per stream/episode/leg
pair-stage-probes-495c1173-ghR/cases/carry_b-v6g_teacher_hR03_s911_pE2E_VhR/frames/r2,2433964,330220,2695168,368640,209,183,26,2103744,2326528,D1,first + >=1 SIM second since last sample + last per stream/episode/leg
pair-stage-probes-495c1173-ghR/cases/carry_b-v6g_teacher_hR03_s911_pE2E_VhR/frames/r3,1913370,421590,1933312,425984,118,92,26,1491780,1507328,D1,first + >=1 SIM second since last sample + last per stream/episode/leg
pair-stage-probes-495c1173-ghR/cases/carry_b-v6g_teacher_hR04_s911_pE2E_L1_VhR,1963510,1963510,1974272,1974272,5,0,5,0,0,,
pair-stage-probes-495c1173-ghR/cases/carry_b-v6g_teacher_hR04_s911_pE2E_L1_VhR/checkpoints,371963,371963,380928,380928,4,0,4,0,0,,
pair-stage-probes-495c1173-ghR/cases/carry_b-v6g_teacher_hR04_s911_pE2E_L1_VhR/eval_only,762804,762804,765952,765952,2,0,2,0,0,,
pair-stage-probes-495c1173-ghR/cases/carry_b-v6g_teacher_hR04_s911_pE2E_L1_VhR/frames,0,0,0,0,0,0,0,0,0,,
pair-stage-probes-495c1173-ghR/cases/carry_b-v6g_teacher_hR04_s911_pE2E_L1_VhR/frames/r1,3160824,614302,3514368,679936,272,224,48,2546522,2834432,D1,first + >=1 SIM second since last sample + last per stream/episode/leg
pair-stage-probes-495c1173-ghR/cases/carry_b-v6g_teacher_hR04_s911_pE2E_L1_VhR/frames/r2,3118685,395002,3473408,442368,272,240,32,2723683,3031040,D1,first + >=1 SIM second since last sample + last per stream/episode/leg
pair-stage-probes-495c1173-ghR/cases/carry_b-v6g_teacher_hR04_s911_pE2E_L1_VhR/frames/r3,2416035,518880,2441216,524288,149,117,32,1897155,1916928,D1,first + >=1 SIM second since last sample + last per stream/episode/leg
pair-stage-probes-495c1173-ghR/cases/carry_b-v6g_teacher_hR04_s911_pE2E_L2_VhR,1667533,1667533,1675264,1675264,5,0,5,0,0,,
pair-stage-probes-495c1173-ghR/cases/carry_b-v6g_teacher_hR04_s911_pE2E_L2_VhR/checkpoints,312447,312447,319488,319488,4,0,4,0,0,,
pair-stage-probes-495c1173-ghR/cases/carry_b-v6g_teacher_hR04_s911_pE2E_L2_VhR/eval_only,751729,751729,757760,757760,2,0,2,0,0,,
pair-stage-probes-495c1173-ghR/cases/carry_b-v6g_teacher_hR04_s911_pE2E_L2_VhR/frames,0,0,0,0,0,0,0,0,0,,
pair-stage-probes-495c1173-ghR/cases/carry_b-v6g_teacher_hR04_s911_pE2E_L2_VhR/frames/r1,3060858,591987,3424256,659456,268,220,48,2468871,2764800,D1,first + >=1 SIM second since last sample + last per stream/episode/leg
pair-stage-probes-495c1173-ghR/cases/carry_b-v6g_teacher_hR04_s911_pE2E_L2_VhR/frames/r2,3064140,398382,3424256,442368,268,236,32,2665758,2981888,D1,first + >=1 SIM second since last sample + last per stream/episode/leg
pair-stage-probes-495c1173-ghR/cases/carry_b-v6g_teacher_hR04_s911_pE2E_L2_VhR/frames/r3,2383605,518880,2408448,524288,147,115,32,1864725,1884160,D1,first + >=1 SIM second since last sample + last per stream/episode/leg
pair-stage-probes-495c1173-ghR/cases/carry_b-v6g_teacher_hR04_s911_pE2E_L3_VhR,1769250,1769250,1777664,1777664,5,0,5,0,0,,
pair-stage-probes-495c1173-ghR/cases/carry_b-v6g_teacher_hR04_s911_pE2E_L3_VhR/checkpoints,341099,339006,352256,348160,4,1,3,2093,4096,D5,
pair-stage-probes-495c1173-ghR/cases/carry_b-v6g_teacher_hR04_s911_pE2E_L3_VhR/eval_only,685542,685542,692224,692224,2,0,2,0,0,,
pair-stage-probes-495c1173-ghR/cases/carry_b-v6g_teacher_hR04_s911_pE2E_L3_VhR/frames,0,0,0,0,0,0,0,0,0,,
pair-stage-probes-495c1173-ghR/cases/carry_b-v6g_teacher_hR04_s911_pE2E_L3_VhR/frames/r1,2769388,557495,3104768,622592,242,197,45,2211893,2482176,D1,first + >=1 SIM second since last sample + last per stream/episode/leg
pair-stage-probes-495c1173-ghR/cases/carry_b-v6g_teacher_hR04_s911_pE2E_L3_VhR/frames/r2,2781462,369744,3112960,409600,242,213,29,2411718,2703360,D1,first + >=1 SIM second since last sample + last per stream/episode/leg
pair-stage-probes-495c1173-ghR/cases/carry_b-v6g_teacher_hR04_s911_pE2E_L3_VhR/frames/r3,2172810,470235,2195456,475136,134,105,29,1702575,1720320,D1,first + >=1 SIM second since last sample + last per stream/episode/leg
pair-stage-probes-495c1173-ghR/cases/carry_b-v6g_teacher_hR04_s911_pE2E_L4_VhR,1761028,1761028,1769472,1769472,5,0,5,0,0,,
pair-stage-probes-495c1173-ghR/cases/carry_b-v6g_teacher_hR04_s911_pE2E_L4_VhR/checkpoints,339219,339219,348160,348160,4,0,4,0,0,,
pair-stage-probes-495c1173-ghR/cases/carry_b-v6g_teacher_hR04_s911_pE2E_L4_VhR/eval_only,685665,685665,688128,688128,2,0,2,0,0,,
pair-stage-probes-495c1173-ghR/cases/carry_b-v6g_teacher_hR04_s911_pE2E_L4_VhR/frames,0,0,0,0,0,0,0,0,0,,
pair-stage-probes-495c1173-ghR/cases/carry_b-v6g_teacher_hR04_s911_pE2E_L4_VhR/frames/r1,2785463,561909,3104768,622592,242,197,45,2223554,2482176,D1,first + >=1 SIM second since last sample + last per stream/episode/leg
pair-stage-probes-495c1173-ghR/cases/carry_b-v6g_teacher_hR04_s911_pE2E_L4_VhR/frames/r2,2804277,377461,3145728,421888,242,213,29,2426816,2723840,D1,first + >=1 SIM second since last sample + last per stream/episode/leg
pair-stage-probes-495c1173-ghR/cases/carry_b-v6g_teacher_hR04_s911_pE2E_L4_VhR/frames/r3,2172810,470235,2195456,475136,134,105,29,1702575,1720320,D1,first + >=1 SIM second since last sample + last per stream/episode/leg
pair-stage-probes-495c1173-ghR/cases/carry_b-v6g_teacher_hR04_s911_pE2E_L5_VhR,1769147,1769147,1777664,1777664,5,0,5,0,0,,
pair-stage-probes-495c1173-ghR/cases/carry_b-v6g_teacher_hR04_s911_pE2E_L5_VhR/checkpoints,367846,367846,376832,376832,4,0,4,0,0,,
pair-stage-probes-495c1173-ghR/cases/carry_b-v6g_teacher_hR04_s911_pE2E_L5_VhR/eval_only,685878,685878,688128,688128,2,0,2,0,0,,
pair-stage-probes-495c1173-ghR/cases/carry_b-v6g_teacher_hR04_s911_pE2E_L5_VhR/frames,0,0,0,0,0,0,0,0,0,,
pair-stage-probes-495c1173-ghR/cases/carry_b-v6g_teacher_hR04_s911_pE2E_L5_VhR/frames/r1,2790891,564112,3104768,622592,242,197,45,2226779,2482176,D1,first + >=1 SIM second since last sample + last per stream/episode/leg
pair-stage-probes-495c1173-ghR/cases/carry_b-v6g_teacher_hR04_s911_pE2E_L5_VhR/frames/r2,2783237,371699,3112960,409600,242,213,29,2411538,2703360,D1,first + >=1 SIM second since last sample + last per stream/episode/leg
pair-stage-probes-495c1173-ghR/cases/carry_b-v6g_teacher_hR04_s911_pE2E_L5_VhR/frames/r3,2172810,470235,2195456,475136,134,105,29,1702575,1720320,D1,first + >=1 SIM second since last sample + last per stream/episode/leg
pair-stage-probes-495c1173-ghR/cases/carry_b-v6g_teacher_hR04_s911_pE2E_L6_VhR,1803913,1803913,1814528,1814528,5,0,5,0,0,,
pair-stage-probes-495c1173-ghR/cases/carry_b-v6g_teacher_hR04_s911_pE2E_L6_VhR/checkpoints,367434,365341,376832,372736,4,1,3,2093,4096,D5,
pair-stage-probes-495c1173-ghR/cases/carry_b-v6g_teacher_hR04_s911_pE2E_L6_VhR/eval_only,697077,697077,700416,700416,2,0,2,0,0,,
pair-stage-probes-495c1173-ghR/cases/carry_b-v6g_teacher_hR04_s911_pE2E_L6_VhR/frames,0,0,0,0,0,0,0,0,0,,
pair-stage-probes-495c1173-ghR/cases/carry_b-v6g_teacher_hR04_s911_pE2E_L6_VhR/frames/r1,2815466,556300,3166208,622592,247,202,45,2259166,2543616,D1,first + >=1 SIM second since last sample + last per stream/episode/leg
pair-stage-probes-495c1173-ghR/cases/carry_b-v6g_teacher_hR04_s911_pE2E_L6_VhR/frames/r2,2795394,371463,3166208,417792,247,217,30,2423931,2748416,D1,first + >=1 SIM second since last sample + last per stream/episode/leg
pair-stage-probes-495c1173-ghR/cases/carry_b-v6g_teacher_hR04_s911_pE2E_L6_VhR/frames/r3,2221455,486450,2244608,491520,137,107,30,1735005,1753088,D1,first + >=1 SIM second since last sample + last per stream/episode/leg
pair-stage-probes-495c1173-ghR/cases/carry_b-v6g_teacher_hR04_s911_pE2E_VhR,1515441,1515441,1527808,1527808,5,0,5,0,0,,
pair-stage-probes-495c1173-ghR/cases/carry_b-v6g_teacher_hR04_s911_pE2E_VhR/checkpoints,371608,371608,376832,376832,4,0,4,0,0,,
pair-stage-probes-495c1173-ghR/cases/carry_b-v6g_teacher_hR04_s911_pE2E_VhR/eval_only,590927,590927,593920,593920,2,0,2,0,0,,
pair-stage-probes-495c1173-ghR/cases/carry_b-v6g_teacher_hR04_s911_pE2E_VhR/frames,0,0,0,0,0,0,0,0,0,,
pair-stage-probes-495c1173-ghR/cases/carry_b-v6g_teacher_hR04_s911_pE2E_VhR/frames/r1,2418698,528724,2670592,581632,206,165,41,1889974,2088960,D1,first + >=1 SIM second since last sample + last per stream/episode/leg
pair-stage-probes-495c1173-ghR/cases/carry_b-v6g_teacher_hR04_s911_pE2E_VhR/frames/r2,2404863,330569,2662400,368640,206,180,26,2074294,2293760,D1,first + >=1 SIM second since last sample + last per stream/episode/leg
pair-stage-probes-495c1173-ghR/cases/carry_b-v6g_teacher_hR04_s911_pE2E_VhR/frames/r3,1880940,421590,1900544,425984,116,90,26,1459350,1474560,D1,first + >=1 SIM second since last sample + last per stream/episode/leg
pair-stage-probes-495c1173-ghR/cases/carry_b-v6g_teacher_hR05_s911_pE2E_L1_VhR,2019112,2019112,2027520,2027520,5,0,5,0,0,,
pair-stage-probes-495c1173-ghR/cases/carry_b-v6g_teacher_hR05_s911_pE2E_L1_VhR/checkpoints,342161,342161,352256,352256,4,0,4,0,0,,
pair-stage-probes-495c1173-ghR/cases/carry_b-v6g_teacher_hR05_s911_pE2E_L1_VhR/eval_only,779114,779114,786432,786432,2,0,2,0,0,,
pair-stage-probes-495c1173-ghR/cases/carry_b-v6g_teacher_hR05_s911_pE2E_L1_VhR/frames,0,0,0,0,0,0,0,0,0,,
pair-stage-probes-495c1173-ghR/cases/carry_b-v6g_teacher_hR05_s911_pE2E_L1_VhR/frames/r1,3224449,622983,3600384,692224,279,230,49,2601466,2908160,D1,first + >=1 SIM second since last sample + last per stream/episode/leg
pair-stage-probes-495c1173-ghR/cases/carry_b-v6g_teacher_hR05_s911_pE2E_L1_VhR/frames/r2,3199528,406191,3559424,454656,279,246,33,2793337,3104768,D1,first + >=1 SIM second since last sample + last per stream/episode/leg
pair-stage-probes-495c1173-ghR/cases/carry_b-v6g_teacher_hR05_s911_pE2E_L1_VhR/frames/r3,2480895,535095,2506752,540672,153,120,33,1945800,1966080,D1,first + >=1 SIM second since last sample + last per stream/episode/leg
pair-stage-probes-495c1173-ghR/cases/carry_b-v6g_teacher_hR05_s911_pE2E_L2_VhR,1686181,1686181,1695744,1695744,5,0,5,0,0,,
pair-stage-probes-495c1173-ghR/cases/carry_b-v6g_teacher_hR05_s911_pE2E_L2_VhR/checkpoints,313618,313618,319488,319488,4,0,4,0,0,,
pair-stage-probes-495c1173-ghR/cases/carry_b-v6g_teacher_hR05_s911_pE2E_L2_VhR/eval_only,750793,750793,757760,757760,2,0,2,0,0,,
pair-stage-probes-495c1173-ghR/cases/carry_b-v6g_teacher_hR05_s911_pE2E_L2_VhR/frames,0,0,0,0,0,0,0,0,0,,
pair-stage-probes-495c1173-ghR/cases/carry_b-v6g_teacher_hR05_s911_pE2E_L2_VhR/frames/r1,3052494,591138,3424256,659456,268,220,48,2461356,2764800,D1,first + >=1 SIM second since last sample + last per stream/episode/leg
pair-stage-probes-495c1173-ghR/cases/carry_b-v6g_teacher_hR05_s911_pE2E_L2_VhR/frames/r2,3068476,397275,3424256,442368,268,236,32,2671201,2981888,D1,first + >=1 SIM second since last sample + last per stream/episode/leg
pair-stage-probes-495c1173-ghR/cases/carry_b-v6g_teacher_hR05_s911_pE2E_L2_VhR/frames/r3,2383605,518880,2408448,524288,147,115,32,1864725,1884160,D1,first + >=1 SIM second since last sample + last per stream/episode/leg
pair-stage-probes-495c1173-ghR/cases/carry_b-v6g_teacher_hR05_s911_pE2E_L3_VhR,1764302,1764302,1773568,1773568,5,0,5,0,0,,
pair-stage-probes-495c1173-ghR/cases/carry_b-v6g_teacher_hR05_s911_pE2E_L3_VhR/checkpoints,341653,341653,352256,352256,4,0,4,0,0,,
pair-stage-probes-495c1173-ghR/cases/carry_b-v6g_teacher_hR05_s911_pE2E_L3_VhR/eval_only,685466,685466,688128,688128,2,0,2,0,0,,
pair-stage-probes-495c1173-ghR/cases/carry_b-v6g_teacher_hR05_s911_pE2E_L3_VhR/frames,0,0,0,0,0,0,0,0,0,,
pair-stage-probes-495c1173-ghR/cases/carry_b-v6g_teacher_hR05_s911_pE2E_L3_VhR/frames/r1,2766817,557620,3104768,622592,242,197,45,2209197,2482176,D1,first + >=1 SIM second since last sample + last per stream/episode/leg
pair-stage-probes-495c1173-ghR/cases/carry_b-v6g_teacher_hR05_s911_pE2E_L3_VhR/frames/r2,2786416,371011,3108864,409600,242,213,29,2415405,2699264,D1,first + >=1 SIM second since last sample + last per stream/episode/leg
pair-stage-probes-495c1173-ghR/cases/carry_b-v6g_teacher_hR05_s911_pE2E_L3_VhR/frames/r3,2172810,470235,2195456,475136,134,105,29,1702575,1720320,D1,first + >=1 SIM second since last sample + last per stream/episode/leg
pair-stage-probes-495c1173-ghR/cases/carry_b-v6g_teacher_hR05_s911_pE2E_L4_VhR,1768360,1768360,1777664,1777664,5,0,5,0,0,,
pair-stage-probes-495c1173-ghR/cases/carry_b-v6g_teacher_hR05_s911_pE2E_L4_VhR/checkpoints,369172,369172,376832,376832,4,0,4,0,0,,
pair-stage-probes-495c1173-ghR/cases/carry_b-v6g_teacher_hR05_s911_pE2E_L4_VhR/eval_only,685706,685706,688128,688128,2,0,2,0,0,,
pair-stage-probes-495c1173-ghR/cases/carry_b-v6g_teacher_hR05_s911_pE2E_L4_VhR/frames,0,0,0,0,0,0,0,0,0,,
pair-stage-probes-495c1173-ghR/cases/carry_b-v6g_teacher_hR05_s911_pE2E_L4_VhR/frames/r1,2776080,560528,3104768,622592,242,197,45,2215552,2482176,D1,first + >=1 SIM second since last sample + last per stream/episode/leg
pair-stage-probes-495c1173-ghR/cases/carry_b-v6g_teacher_hR05_s911_pE2E_L4_VhR/frames/r2,2807303,378309,3145728,421888,242,213,29,2428994,2723840,D1,first + >=1 SIM second since last sample + last per stream/episode/leg
pair-stage-probes-495c1173-ghR/cases/carry_b-v6g_teacher_hR05_s911_pE2E_L4_VhR/frames/r3,2172810,470235,2195456,475136,134,105,29,1702575,1720320,D1,first + >=1 SIM second since last sample + last per stream/episode/leg
pair-stage-probes-495c1173-ghR/cases/carry_b-v6g_teacher_hR05_s911_pE2E_L5_VhR,1765110,1765110,1773568,1773568,5,0,5,0,0,,
pair-stage-probes-495c1173-ghR/cases/carry_b-v6g_teacher_hR05_s911_pE2E_L5_VhR/checkpoints,368364,364185,376832,368640,4,2,2,4179,8192,D5,
pair-stage-probes-495c1173-ghR/cases/carry_b-v6g_teacher_hR05_s911_pE2E_L5_VhR/eval_only,685628,685628,688128,688128,2,0,2,0,0,,
pair-stage-probes-495c1173-ghR/cases/carry_b-v6g_teacher_hR05_s911_pE2E_L5_VhR/frames,0,0,0,0,0,0,0,0,0,,
pair-stage-probes-495c1173-ghR/cases/carry_b-v6g_teacher_hR05_s911_pE2E_L5_VhR/frames/r1,2782490,563389,3104768,622592,242,197,45,2219101,2482176,D1,first + >=1 SIM second since last sample + last per stream/episode/leg
pair-stage-probes-495c1173-ghR/cases/carry_b-v6g_teacher_hR05_s911_pE2E_L5_VhR/frames/r2,2788697,373465,3145728,421888,242,213,29,2415232,2723840,D1,first + >=1 SIM second since last sample + last per stream/episode/leg
pair-stage-probes-495c1173-ghR/cases/carry_b-v6g_teacher_hR05_s911_pE2E_L5_VhR/frames/r3,2172810,470235,2195456,475136,134,105,29,1702575,1720320,D1,first + >=1 SIM second since last sample + last per stream/episode/leg
pair-stage-probes-495c1173-ghR/cases/carry_b-v6g_teacher_hR05_s911_pE2E_L6_VhR,1799421,1799421,1810432,1810432,5,0,5,0,0,,
pair-stage-probes-495c1173-ghR/cases/carry_b-v6g_teacher_hR05_s911_pE2E_L6_VhR/checkpoints,367742,367742,376832,376832,4,0,4,0,0,,
pair-stage-probes-495c1173-ghR/cases/carry_b-v6g_teacher_hR05_s911_pE2E_L6_VhR/eval_only,697281,697281,700416,700416,2,0,2,0,0,,
pair-stage-probes-495c1173-ghR/cases/carry_b-v6g_teacher_hR05_s911_pE2E_L6_VhR/frames,0,0,0,0,0,0,0,0,0,,
pair-stage-probes-495c1173-ghR/cases/carry_b-v6g_teacher_hR05_s911_pE2E_L6_VhR/frames/r1,2808510,555472,3166208,622592,247,202,45,2253038,2543616,D1,first + >=1 SIM second since last sample + last per stream/episode/leg
pair-stage-probes-495c1173-ghR/cases/carry_b-v6g_teacher_hR05_s911_pE2E_L6_VhR/frames/r2,2800360,372228,3166208,417792,247,217,30,2428132,2748416,D1,first + >=1 SIM second since last sample + last per stream/episode/leg
pair-stage-probes-495c1173-ghR/cases/carry_b-v6g_teacher_hR05_s911_pE2E_L6_VhR/frames/r3,2221455,486450,2244608,491520,137,107,30,1735005,1753088,D1,first + >=1 SIM second since last sample + last per stream/episode/leg
pair-stage-probes-495c1173-ghR/cases/carry_b-v6g_teacher_hR05_s911_pE2E_VhR,1506808,1506808,1515520,1515520,5,0,5,0,0,,
pair-stage-probes-495c1173-ghR/cases/carry_b-v6g_teacher_hR05_s911_pE2E_VhR/checkpoints,312927,312927,319488,319488,4,0,4,0,0,,
pair-stage-probes-495c1173-ghR/cases/carry_b-v6g_teacher_hR05_s911_pE2E_VhR/eval_only,587658,587658,593920,593920,2,0,2,0,0,,
pair-stage-probes-495c1173-ghR/cases/carry_b-v6g_teacher_hR05_s911_pE2E_VhR/frames,0,0,0,0,0,0,0,0,0,,
pair-stage-probes-495c1173-ghR/cases/carry_b-v6g_teacher_hR05_s911_pE2E_VhR/frames/r1,2400672,528314,2658304,581632,205,164,41,1872358,2076672,D1,first + >=1 SIM second since last sample + last per stream/episode/leg
pair-stage-probes-495c1173-ghR/cases/carry_b-v6g_teacher_hR05_s911_pE2E_VhR/frames/r2,2390437,330022,2650112,368640,205,179,26,2060415,2281472,D1,first + >=1 SIM second since last sample + last per stream/episode/leg
pair-stage-probes-495c1173-ghR/cases/carry_b-v6g_teacher_hR05_s911_pE2E_VhR/frames/r3,1880940,421590,1900544,425984,116,90,26,1459350,1474560,D1,first + >=1 SIM second since last sample + last per stream/episode/leg
pair-stage-probes-495c1173-ghR/cases/carry_b-v6g_teacher_hR06_s911_pE2E_L1_VhR,65910,65301,77824,69632,5,2,3,609,8192,D5,
pair-stage-probes-495c1173-ghR/cases/carry_b-v6g_teacher_hR06_s911_pE2E_L1_VhR/eval_only,35930,35930,40960,40960,2,0,2,0,0,,
pair-stage-probes-495c1173-ghR/cases/carry_b-v6g_teacher_hR06_s911_pE2E_L1_VhR/frames,0,0,0,0,0,0,0,0,0,,
pair-stage-probes-495c1173-ghR/cases/carry_b-v6g_teacher_hR06_s911_pE2E_L1_VhR/frames/r1,207735,103867,229376,114688,8,4,4,103868,114688,D1,first + >=1 SIM second since last sample + last per stream/episode/leg
pair-stage-probes-495c1173-ghR/cases/carry_b-v6g_teacher_hR06_s911_pE2E_L1_VhR/frames/r2,166429,83213,196608,98304,8,4,4,83216,98304,D1,first + >=1 SIM second since last sample + last per stream/episode/leg
pair-stage-probes-495c1173-ghR/cases/carry_b-v6g_teacher_hR06_s911_pE2E_L1_VhR/frames/r3,129720,64860,131072,65536,8,4,4,64860,65536,D1,first + >=1 SIM second since last sample + last per stream/episode/leg
pair-stage-probes-495c1173-ghR/cases/carry_b-v6g_teacher_hR06_s911_pE2E_L2_VhR,52200,51591,65536,57344,5,2,3,609,8192,D5,
pair-stage-probes-495c1173-ghR/cases/carry_b-v6g_teacher_hR06_s911_pE2E_L2_VhR/eval_only,35962,35962,40960,40960,2,0,2,0,0,,
pair-stage-probes-495c1173-ghR/cases/carry_b-v6g_teacher_hR06_s911_pE2E_L2_VhR/frames,0,0,0,0,0,0,0,0,0,,
pair-stage-probes-495c1173-ghR/cases/carry_b-v6g_teacher_hR06_s911_pE2E_L2_VhR/frames/r1,176516,88252,196608,98304,8,4,4,88264,98304,D1,first + >=1 SIM second since last sample + last per stream/episode/leg
pair-stage-probes-495c1173-ghR/cases/carry_b-v6g_teacher_hR06_s911_pE2E_L2_VhR/frames/r2,178193,89113,196608,98304,8,4,4,89080,98304,D1,first + >=1 SIM second since last sample + last per stream/episode/leg
pair-stage-probes-495c1173-ghR/cases/carry_b-v6g_teacher_hR06_s911_pE2E_L2_VhR/frames/r3,129720,64860,131072,65536,8,4,4,64860,65536,D1,first + >=1 SIM second since last sample + last per stream/episode/leg
pair-stage-probes-495c1173-ghR/cases/carry_b-v6g_teacher_hR06_s911_pE2E_L3_VhR,65974,65365,77824,69632,5,2,3,609,8192,D5,
pair-stage-probes-495c1173-ghR/cases/carry_b-v6g_teacher_hR06_s911_pE2E_L3_VhR/eval_only,35937,35937,40960,40960,2,0,2,0,0,,
pair-stage-probes-495c1173-ghR/cases/carry_b-v6g_teacher_hR06_s911_pE2E_L3_VhR/frames,0,0,0,0,0,0,0,0,0,,
pair-stage-probes-495c1173-ghR/cases/carry_b-v6g_teacher_hR06_s911_pE2E_L3_VhR/frames/r1,181912,90916,196608,98304,8,4,4,90996,98304,D1,first + >=1 SIM second since last sample + last per stream/episode/leg
pair-stage-probes-495c1173-ghR/cases/carry_b-v6g_teacher_hR06_s911_pE2E_L3_VhR/frames/r2,186424,93220,196608,98304,8,4,4,93204,98304,D1,first + >=1 SIM second since last sample + last per stream/episode/leg
pair-stage-probes-495c1173-ghR/cases/carry_b-v6g_teacher_hR06_s911_pE2E_L3_VhR/frames/r3,129720,64860,131072,65536,8,4,4,64860,65536,D1,first + >=1 SIM second since last sample + last per stream/episode/leg
pair-stage-probes-495c1173-ghR/cases/carry_b-v6g_teacher_hR06_s911_pE2E_L4_VhR,65873,65264,77824,69632,5,2,3,609,8192,D5,
pair-stage-probes-495c1173-ghR/cases/carry_b-v6g_teacher_hR06_s911_pE2E_L4_VhR/eval_only,36050,36050,40960,40960,2,0,2,0,0,,
pair-stage-probes-495c1173-ghR/cases/carry_b-v6g_teacher_hR06_s911_pE2E_L4_VhR/frames,0,0,0,0,0,0,0,0,0,,
pair-stage-probes-495c1173-ghR/cases/carry_b-v6g_teacher_hR06_s911_pE2E_L4_VhR/frames/r1,184057,92029,196608,98304,8,4,4,92028,98304,D1,first + >=1 SIM second since last sample + last per stream/episode/leg
pair-stage-probes-495c1173-ghR/cases/carry_b-v6g_teacher_hR06_s911_pE2E_L4_VhR/frames/r2,204352,102188,229376,114688,8,4,4,102164,114688,D1,first + >=1 SIM second since last sample + last per stream/episode/leg
pair-stage-probes-495c1173-ghR/cases/carry_b-v6g_teacher_hR06_s911_pE2E_L4_VhR/frames/r3,129720,64860,131072,65536,8,4,4,64860,65536,D1,first + >=1 SIM second since last sample + last per stream/episode/leg
pair-stage-probes-495c1173-ghR/cases/carry_b-v6g_teacher_hR06_s911_pE2E_L5_VhR,65879,65270,77824,69632,5,2,3,609,8192,D5,
pair-stage-probes-495c1173-ghR/cases/carry_b-v6g_teacher_hR06_s911_pE2E_L5_VhR/eval_only,36074,36074,40960,40960,2,0,2,0,0,,
pair-stage-probes-495c1173-ghR/cases/carry_b-v6g_teacher_hR06_s911_pE2E_L5_VhR/frames,0,0,0,0,0,0,0,0,0,,
pair-stage-probes-495c1173-ghR/cases/carry_b-v6g_teacher_hR06_s911_pE2E_L5_VhR/frames/r1,187400,93696,196608,98304,8,4,4,93704,98304,D1,first + >=1 SIM second since last sample + last per stream/episode/leg
pair-stage-probes-495c1173-ghR/cases/carry_b-v6g_teacher_hR06_s911_pE2E_L5_VhR/frames/r2,195137,97573,196608,98304,8,4,4,97564,98304,D1,first + >=1 SIM second since last sample + last per stream/episode/leg
pair-stage-probes-495c1173-ghR/cases/carry_b-v6g_teacher_hR06_s911_pE2E_L5_VhR/frames/r3,129720,64860,131072,65536,8,4,4,64860,65536,D1,first + >=1 SIM second since last sample + last per stream/episode/leg
pair-stage-probes-495c1173-ghR/cases/carry_b-v6g_teacher_hR06_s911_pE2E_L6_VhR,65967,65358,77824,69632,5,2,3,609,8192,D5,
pair-stage-probes-495c1173-ghR/cases/carry_b-v6g_teacher_hR06_s911_pE2E_L6_VhR/eval_only,35988,35988,40960,40960,2,0,2,0,0,,
pair-stage-probes-495c1173-ghR/cases/carry_b-v6g_teacher_hR06_s911_pE2E_L6_VhR/frames,0,0,0,0,0,0,0,0,0,,
pair-stage-probes-495c1173-ghR/cases/carry_b-v6g_teacher_hR06_s911_pE2E_L6_VhR/frames/r1,182450,91226,196608,98304,8,4,4,91224,98304,D1,first + >=1 SIM second since last sample + last per stream/episode/leg
pair-stage-probes-495c1173-ghR/cases/carry_b-v6g_teacher_hR06_s911_pE2E_L6_VhR/frames/r2,175526,87778,196608,98304,8,4,4,87748,98304,D1,first + >=1 SIM second since last sample + last per stream/episode/leg
pair-stage-probes-495c1173-ghR/cases/carry_b-v6g_teacher_hR06_s911_pE2E_L6_VhR/frames/r3,129720,64860,131072,65536,8,4,4,64860,65536,D1,first + >=1 SIM second since last sample + last per stream/episode/leg
pair-stage-probes-495c1173-ghR/cases/carry_b-v6g_teacher_hR06_s911_pE2E_VhR,65945,65942,77824,73728,5,1,4,3,4096,D5,
pair-stage-probes-495c1173-ghR/cases/carry_b-v6g_teacher_hR06_s911_pE2E_VhR/eval_only,35953,35953,40960,40960,2,0,2,0,0,,
pair-stage-probes-495c1173-ghR/cases/carry_b-v6g_teacher_hR06_s911_pE2E_VhR/frames,0,0,0,0,0,0,0,0,0,,
pair-stage-probes-495c1173-ghR/cases/carry_b-v6g_teacher_hR06_s911_pE2E_VhR/frames/r1,190470,95254,196608,98304,8,4,4,95216,98304,D1,first + >=1 SIM second since last sample + last per stream/episode/leg
pair-stage-probes-495c1173-ghR/cases/carry_b-v6g_teacher_hR06_s911_pE2E_VhR/frames/r2,167555,83787,196608,98304,8,4,4,83768,98304,D1,first + >=1 SIM second since last sample + last per stream/episode/leg
pair-stage-probes-495c1173-ghR/cases/carry_b-v6g_teacher_hR06_s911_pE2E_VhR/frames/r3,129720,64860,131072,65536,8,4,4,64860,65536,D1,first + >=1 SIM second since last sample + last per stream/episode/leg
pair-stage-probes-495c1173-ghR/cases/carry_b-v6g_teacher_hR07_s911_pE2E_L1_VhR,65342,64733,77824,69632,5,2,3,609,8192,D5,
pair-stage-probes-495c1173-ghR/cases/carry_b-v6g_teacher_hR07_s911_pE2E_L1_VhR/eval_only,36533,36533,40960,40960,2,0,2,0,0,,
pair-stage-probes-495c1173-ghR/cases/carry_b-v6g_teacher_hR07_s911_pE2E_L1_VhR/frames,0,0,0,0,0,0,0,0,0,,
pair-stage-probes-495c1173-ghR/cases/carry_b-v6g_teacher_hR07_s911_pE2E_L1_VhR/frames/r1,208746,104378,229376,114688,8,4,4,104368,114688,D1,first + >=1 SIM second since last sample + last per stream/episode/leg
pair-stage-probes-495c1173-ghR/cases/carry_b-v6g_teacher_hR07_s911_pE2E_L1_VhR/frames/r2,167054,83530,196608,98304,8,4,4,83524,98304,D1,first + >=1 SIM second since last sample + last per stream/episode/leg
pair-stage-probes-495c1173-ghR/cases/carry_b-v6g_teacher_hR07_s911_pE2E_L1_VhR/frames/r3,129720,64860,131072,65536,8,4,4,64860,65536,D1,first + >=1 SIM second since last sample + last per stream/episode/leg
pair-stage-probes-495c1173-ghR/cases/carry_b-v6g_teacher_hR07_s911_pE2E_L2_VhR,52225,51616,65536,57344,5,2,3,609,8192,D5,
pair-stage-probes-495c1173-ghR/cases/carry_b-v6g_teacher_hR07_s911_pE2E_L2_VhR/eval_only,36493,36493,40960,40960,2,0,2,0,0,,
pair-stage-probes-495c1173-ghR/cases/carry_b-v6g_teacher_hR07_s911_pE2E_L2_VhR/frames,0,0,0,0,0,0,0,0,0,,
pair-stage-probes-495c1173-ghR/cases/carry_b-v6g_teacher_hR07_s911_pE2E_L2_VhR/frames/r1,176299,88147,196608,98304,8,4,4,88152,98304,D1,first + >=1 SIM second since last sample + last per stream/episode/leg
pair-stage-probes-495c1173-ghR/cases/carry_b-v6g_teacher_hR07_s911_pE2E_L2_VhR/frames/r2,173414,86710,196608,98304,8,4,4,86704,98304,D1,first + >=1 SIM second since last sample + last per stream/episode/leg
pair-stage-probes-495c1173-ghR/cases/carry_b-v6g_teacher_hR07_s911_pE2E_L2_VhR/frames/r3,129720,64860,131072,65536,8,4,4,64860,65536,D1,first + >=1 SIM second since last sample + last per stream/episode/leg
pair-stage-probes-495c1173-ghR/cases/carry_b-v6g_teacher_hR07_s911_pE2E_L3_VhR,65119,64510,77824,69632,5,2,3,609,8192,D5,
pair-stage-probes-495c1173-ghR/cases/carry_b-v6g_teacher_hR07_s911_pE2E_L3_VhR/eval_only,36487,36487,40960,40960,2,0,2,0,0,,
pair-stage-probes-495c1173-ghR/cases/carry_b-v6g_teacher_hR07_s911_pE2E_L3_VhR/frames,0,0,0,0,0,0,0,0,0,,
pair-stage-probes-495c1173-ghR/cases/carry_b-v6g_teacher_hR07_s911_pE2E_L3_VhR/frames/r1,178518,89266,196608,98304,8,4,4,89252,98304,D1,first + >=1 SIM second since last sample + last per stream/episode/leg
pair-stage-probes-495c1173-ghR/cases/carry_b-v6g_teacher_hR07_s911_pE2E_L3_VhR/frames/r2,190966,95490,196608,98304,8,4,4,95476,98304,D1,first + >=1 SIM second since last sample + last per stream/episode/leg
pair-stage-probes-495c1173-ghR/cases/carry_b-v6g_teacher_hR07_s911_pE2E_L3_VhR/frames/r3,129720,64860,131072,65536,8,4,4,64860,65536,D1,first + >=1 SIM second since last sample + last per stream/episode/leg
pair-stage-probes-495c1173-ghR/cases/carry_b-v6g_teacher_hR07_s911_pE2E_L4_VhR,65457,64848,77824,69632,5,2,3,609,8192,D5,
pair-stage-probes-495c1173-ghR/cases/carry_b-v6g_teacher_hR07_s911_pE2E_L4_VhR/eval_only,36590,36590,40960,40960,2,0,2,0,0,,
pair-stage-probes-495c1173-ghR/cases/carry_b-v6g_teacher_hR07_s911_pE2E_L4_VhR/frames,0,0,0,0,0,0,0,0,0,,
pair-stage-probes-495c1173-ghR/cases/carry_b-v6g_teacher_hR07_s911_pE2E_L4_VhR/frames/r1,184470,92230,196608,98304,8,4,4,92240,98304,D1,first + >=1 SIM second since last sample + last per stream/episode/leg
pair-stage-probes-495c1173-ghR/cases/carry_b-v6g_teacher_hR07_s911_pE2E_L4_VhR/frames/r2,204436,102232,229376,114688,8,4,4,102204,114688,D1,first + >=1 SIM second since last sample + last per stream/episode/leg
pair-stage-probes-495c1173-ghR/cases/carry_b-v6g_teacher_hR07_s911_pE2E_L4_VhR/frames/r3,129720,64860,131072,65536,8,4,4,64860,65536,D1,first + >=1 SIM second since last sample + last per stream/episode/leg
pair-stage-probes-495c1173-ghR/cases/carry_b-v6g_teacher_hR07_s911_pE2E_L5_VhR,65606,64997,77824,69632,5,2,3,609,8192,D5,
pair-stage-probes-495c1173-ghR/cases/carry_b-v6g_teacher_hR07_s911_pE2E_L5_VhR/eval_only,36587,36587,40960,40960,2,0,2,0,0,,
pair-stage-probes-495c1173-ghR/cases/carry_b-v6g_teacher_hR07_s911_pE2E_L5_VhR/frames,0,0,0,0,0,0,0,0,0,,
pair-stage-probes-495c1173-ghR/cases/carry_b-v6g_teacher_hR07_s911_pE2E_L5_VhR/frames/r1,184875,92435,196608,98304,8,4,4,92440,98304,D1,first + >=1 SIM second since last sample + last per stream/episode/leg
pair-stage-probes-495c1173-ghR/cases/carry_b-v6g_teacher_hR07_s911_pE2E_L5_VhR/frames/r2,201031,100495,229376,114688,8,4,4,100536,114688,D1,first + >=1 SIM second since last sample + last per stream/episode/leg
pair-stage-probes-495c1173-ghR/cases/carry_b-v6g_teacher_hR07_s911_pE2E_L5_VhR/frames/r3,129720,64860,131072,65536,8,4,4,64860,65536,D1,first + >=1 SIM second since last sample + last per stream/episode/leg
pair-stage-probes-495c1173-ghR/cases/carry_b-v6g_teacher_hR07_s911_pE2E_L6_VhR,65134,64525,77824,69632,5,2,3,609,8192,D5,
pair-stage-probes-495c1173-ghR/cases/carry_b-v6g_teacher_hR07_s911_pE2E_L6_VhR/eval_only,36484,36484,40960,40960,2,0,2,0,0,,
pair-stage-probes-495c1173-ghR/cases/carry_b-v6g_teacher_hR07_s911_pE2E_L6_VhR/frames,0,0,0,0,0,0,0,0,0,,
pair-stage-probes-495c1173-ghR/cases/carry_b-v6g_teacher_hR07_s911_pE2E_L6_VhR/frames/r1,178787,89403,196608,98304,8,4,4,89384,98304,D1,first + >=1 SIM second since last sample + last per stream/episode/leg
pair-stage-probes-495c1173-ghR/cases/carry_b-v6g_teacher_hR07_s911_pE2E_L6_VhR/frames/r2,176271,88131,196608,98304,8,4,4,88140,98304,D1,first + >=1 SIM second since last sample + last per stream/episode/leg
pair-stage-probes-495c1173-ghR/cases/carry_b-v6g_teacher_hR07_s911_pE2E_L6_VhR/frames/r3,129720,64860,131072,65536,8,4,4,64860,65536,D1,first + >=1 SIM second since last sample + last per stream/episode/leg
pair-stage-probes-495c1173-ghR/cases/carry_b-v6g_teacher_hR07_s911_pE2E_VhR,65510,64901,77824,69632,5,2,3,609,8192,D5,
pair-stage-probes-495c1173-ghR/cases/carry_b-v6g_teacher_hR07_s911_pE2E_VhR/eval_only,36483,36483,40960,40960,2,0,2,0,0,,
pair-stage-probes-495c1173-ghR/cases/carry_b-v6g_teacher_hR07_s911_pE2E_VhR/frames,0,0,0,0,0,0,0,0,0,,
pair-stage-probes-495c1173-ghR/cases/carry_b-v6g_teacher_hR07_s911_pE2E_VhR/frames/r1,195271,97635,196608,98304,8,4,4,97636,98304,D1,first + >=1 SIM second since last sample + last per stream/episode/leg
pair-stage-probes-495c1173-ghR/cases/carry_b-v6g_teacher_hR07_s911_pE2E_VhR/frames/r2,168410,84230,196608,98304,8,4,4,84180,98304,D1,first + >=1 SIM second since last sample + last per stream/episode/leg
pair-stage-probes-495c1173-ghR/cases/carry_b-v6g_teacher_hR07_s911_pE2E_VhR/frames/r3,129720,64860,131072,65536,8,4,4,64860,65536,D1,first + >=1 SIM second since last sample + last per stream/episode/leg
pair-stage-probes-495c1173-ghR/cases/carry_b-v6g_teacher_hR08_s911_pE2E_L1_VhR,1914354,1914354,1929216,1929216,5,0,5,0,0,,
pair-stage-probes-495c1173-ghR/cases/carry_b-v6g_teacher_hR08_s911_pE2E_L1_VhR/checkpoints,342005,342005,352256,352256,4,0,4,0,0,,
pair-stage-probes-495c1173-ghR/cases/carry_b-v6g_teacher_hR08_s911_pE2E_L1_VhR/eval_only,744637,744637,749568,749568,2,0,2,0,0,,
pair-stage-probes-495c1173-ghR/cases/carry_b-v6g_teacher_hR08_s911_pE2E_L1_VhR/frames,0,0,0,0,0,0,0,0,0,,
pair-stage-probes-495c1173-ghR/cases/carry_b-v6g_teacher_hR08_s911_pE2E_L1_VhR/frames/r1,3113358,599880,3416064,655360,265,218,47,2513478,2760704,D1,first + >=1 SIM second since last sample + last per stream/episode/leg
pair-stage-probes-495c1173-ghR/cases/carry_b-v6g_teacher_hR08_s911_pE2E_L1_VhR/frames/r2,3096034,395823,3375104,434176,265,233,32,2700211,2940928,D1,first + >=1 SIM second since last sample + last per stream/episode/leg
pair-stage-probes-495c1173-ghR/cases/carry_b-v6g_teacher_hR08_s911_pE2E_L1_VhR/frames/r3,2367390,518880,2392064,524288,146,114,32,1848510,1867776,D1,first + >=1 SIM second since last sample + last per stream/episode/leg
pair-stage-probes-495c1173-ghR/cases/carry_b-v6g_teacher_hR08_s911_pE2E_L2_VhR,1636432,1636432,1646592,1646592,5,0,5,0,0,,
pair-stage-probes-495c1173-ghR/cases/carry_b-v6g_teacher_hR08_s911_pE2E_L2_VhR/checkpoints,312483,312483,319488,319488,4,0,4,0,0,,
pair-stage-probes-495c1173-ghR/cases/carry_b-v6g_teacher_hR08_s911_pE2E_L2_VhR/eval_only,751230,751230,757760,757760,2,0,2,0,0,,
pair-stage-probes-495c1173-ghR/cases/carry_b-v6g_teacher_hR08_s911_pE2E_L2_VhR/frames,0,0,0,0,0,0,0,0,0,,
pair-stage-probes-495c1173-ghR/cases/carry_b-v6g_teacher_hR08_s911_pE2E_L2_VhR/frames/r1,3095975,593758,3416064,651264,268,220,48,2502217,2764800,D1,first + >=1 SIM second since last sample + last per stream/episode/leg
pair-stage-probes-495c1173-ghR/cases/carry_b-v6g_teacher_hR08_s911_pE2E_L2_VhR/frames/r2,3123161,398961,3416064,434176,268,236,32,2724200,2981888,D1,first + >=1 SIM second since last sample + last per stream/episode/leg
pair-stage-probes-495c1173-ghR/cases/carry_b-v6g_teacher_hR08_s911_pE2E_L2_VhR/frames/r3,2383605,518880,2408448,524288,147,115,32,1864725,1884160,D1,first + >=1 SIM second since last sample + last per stream/episode/leg
pair-stage-probes-495c1173-ghR/cases/carry_b-v6g_teacher_hR08_s911_pE2E_L3_VhR,1764141,1764141,1773568,1773568,5,0,5,0,0,,
pair-stage-probes-495c1173-ghR/cases/carry_b-v6g_teacher_hR08_s911_pE2E_L3_VhR/checkpoints,341081,341081,352256,352256,4,0,4,0,0,,
pair-stage-probes-495c1173-ghR/cases/carry_b-v6g_teacher_hR08_s911_pE2E_L3_VhR/eval_only,684782,684782,688128,688128,2,0,2,0,0,,
pair-stage-probes-495c1173-ghR/cases/carry_b-v6g_teacher_hR08_s911_pE2E_L3_VhR/frames,0,0,0,0,0,0,0,0,0,,
pair-stage-probes-495c1173-ghR/cases/carry_b-v6g_teacher_hR08_s911_pE2E_L3_VhR/frames/r1,2806739,559705,3096576,614400,242,197,45,2247034,2482176,D1,first + >=1 SIM second since last sample + last per stream/episode/leg
pair-stage-probes-495c1173-ghR/cases/carry_b-v6g_teacher_hR08_s911_pE2E_L3_VhR/frames/r2,2824630,365951,3096576,397312,242,213,29,2458679,2699264,D1,first + >=1 SIM second since last sample + last per stream/episode/leg
pair-stage-probes-495c1173-ghR/cases/carry_b-v6g_teacher_hR08_s911_pE2E_L3_VhR/frames/r3,2172810,470235,2195456,475136,134,105,29,1702575,1720320,D1,first + >=1 SIM second since last sample + last per stream/episode/leg
pair-stage-probes-495c1173-ghR/cases/carry_b-v6g_teacher_hR08_s911_pE2E_L4_VhR,1764324,1764324,1773568,1773568,5,0,5,0,0,,
pair-stage-probes-495c1173-ghR/cases/carry_b-v6g_teacher_hR08_s911_pE2E_L4_VhR/checkpoints,368948,368948,376832,376832,4,0,4,0,0,,
pair-stage-probes-495c1173-ghR/cases/carry_b-v6g_teacher_hR08_s911_pE2E_L4_VhR/eval_only,684749,684749,688128,688128,2,0,2,0,0,,
pair-stage-probes-495c1173-ghR/cases/carry_b-v6g_teacher_hR08_s911_pE2E_L4_VhR/frames,0,0,0,0,0,0,0,0,0,,
pair-stage-probes-495c1173-ghR/cases/carry_b-v6g_teacher_hR08_s911_pE2E_L4_VhR/frames/r1,2816852,563394,3096576,614400,242,197,45,2253458,2482176,D1,first + >=1 SIM second since last sample + last per stream/episode/leg
pair-stage-probes-495c1173-ghR/cases/carry_b-v6g_teacher_hR08_s911_pE2E_L4_VhR/frames/r2,2844487,374508,3133440,413696,242,213,29,2469979,2719744,D1,first + >=1 SIM second since last sample + last per stream/episode/leg
pair-stage-probes-495c1173-ghR/cases/carry_b-v6g_teacher_hR08_s911_pE2E_L4_VhR/frames/r3,2172810,470235,2195456,475136,134,105,29,1702575,1720320,D1,first + >=1 SIM second since last sample + last per stream/episode/leg
pair-stage-probes-495c1173-ghR/cases/carry_b-v6g_teacher_hR08_s911_pE2E_L5_VhR,1768266,1768266,1777664,1777664,5,0,5,0,0,,
pair-stage-probes-495c1173-ghR/cases/carry_b-v6g_teacher_hR08_s911_pE2E_L5_VhR/checkpoints,338519,334340,344064,335872,4,2,2,4179,8192,D5,
pair-stage-probes-495c1173-ghR/cases/carry_b-v6g_teacher_hR08_s911_pE2E_L5_VhR/eval_only,684554,684554,688128,688128,2,0,2,0,0,,
pair-stage-probes-495c1173-ghR/cases/carry_b-v6g_teacher_hR08_s911_pE2E_L5_VhR/frames,0,0,0,0,0,0,0,0,0,,
pair-stage-probes-495c1173-ghR/cases/carry_b-v6g_teacher_hR08_s911_pE2E_L5_VhR/frames/r1,2817945,564771,3096576,614400,242,197,45,2253174,2482176,D1,first + >=1 SIM second since last sample + last per stream/episode/leg
pair-stage-probes-495c1173-ghR/cases/carry_b-v6g_teacher_hR08_s911_pE2E_L5_VhR/frames/r2,2817500,368813,3100672,401408,242,213,29,2448687,2699264,D1,first + >=1 SIM second since last sample + last per stream/episode/leg
pair-stage-probes-495c1173-ghR/cases/carry_b-v6g_teacher_hR08_s911_pE2E_L5_VhR/frames/r3,2172810,470235,2195456,475136,134,105,29,1702575,1720320,D1,first + >=1 SIM second since last sample + last per stream/episode/leg
pair-stage-probes-495c1173-ghR/cases/carry_b-v6g_teacher_hR08_s911_pE2E_L6_VhR,1799189,1799189,1810432,1810432,5,0,5,0,0,,
pair-stage-probes-495c1173-ghR/cases/carry_b-v6g_teacher_hR08_s911_pE2E_L6_VhR/checkpoints,337764,335671,344064,339968,4,1,3,2093,4096,D5,
pair-stage-probes-495c1173-ghR/cases/carry_b-v6g_teacher_hR08_s911_pE2E_L6_VhR/eval_only,697131,697131,700416,700416,2,0,2,0,0,,
pair-stage-probes-495c1173-ghR/cases/carry_b-v6g_teacher_hR08_s911_pE2E_L6_VhR/frames,0,0,0,0,0,0,0,0,0,,
pair-stage-probes-495c1173-ghR/cases/carry_b-v6g_teacher_hR08_s911_pE2E_L6_VhR/frames/r1,2844875,556666,3158016,614400,247,202,45,2288209,2543616,D1,first + >=1 SIM second since last sample + last per stream/episode/leg
pair-stage-probes-495c1173-ghR/cases/carry_b-v6g_teacher_hR08_s911_pE2E_L6_VhR/frames/r2,2835925,369126,3158016,409600,247,217,30,2466799,2748416,D1,first + >=1 SIM second since last sample + last per stream/episode/leg
pair-stage-probes-495c1173-ghR/cases/carry_b-v6g_teacher_hR08_s911_pE2E_L6_VhR/frames/r3,2221455,486450,2244608,491520,137,107,30,1735005,1753088,D1,first + >=1 SIM second since last sample + last per stream/episode/leg
pair-stage-probes-495c1173-ghR/cases/carry_b-v6g_teacher_hR08_s911_pE2E_VhR,1574502,1574502,1589248,1589248,5,0,5,0,0,,
pair-stage-probes-495c1173-ghR/cases/carry_b-v6g_teacher_hR08_s911_pE2E_VhR/checkpoints,371409,371409,376832,376832,4,0,4,0,0,,
pair-stage-probes-495c1173-ghR/cases/carry_b-v6g_teacher_hR08_s911_pE2E_VhR/eval_only,611217,611217,618496,618496,2,0,2,0,0,,
pair-stage-probes-495c1173-ghR/cases/carry_b-v6g_teacher_hR08_s911_pE2E_VhR/frames,0,0,0,0,0,0,0,0,0,,
pair-stage-probes-495c1173-ghR/cases/carry_b-v6g_teacher_hR08_s911_pE2E_VhR/frames/r1,2528278,535218,2756608,581632,214,172,42,1993060,2174976,D1,first + >=1 SIM second since last sample + last per stream/episode/leg
pair-stage-probes-495c1173-ghR/cases/carry_b-v6g_teacher_hR08_s911_pE2E_VhR/frames/r2,2532614,341582,2752512,372736,214,187,27,2191032,2379776,D1,first + >=1 SIM second since last sample + last per stream/episode/leg
pair-stage-probes-495c1173-ghR/cases/carry_b-v6g_teacher_hR08_s911_pE2E_VhR/frames/r3,1945800,421590,1966080,425984,120,94,26,1524210,1540096,D1,first + >=1 SIM second since last sample + last per stream/episode/leg
pair-stage-probes-495c1173-ghR/cases/carry_b-v6g_teacher_hR09_s911_pE2E_L1_VhR,2014163,2014163,2023424,2023424,5,0,5,0,0,,
pair-stage-probes-495c1173-ghR/cases/carry_b-v6g_teacher_hR09_s911_pE2E_L1_VhR/checkpoints,341985,341985,352256,352256,4,0,4,0,0,,
pair-stage-probes-495c1173-ghR/cases/carry_b-v6g_teacher_hR09_s911_pE2E_L1_VhR/eval_only,780902,780902,786432,786432,2,0,2,0,0,,
pair-stage-probes-495c1173-ghR/cases/carry_b-v6g_teacher_hR09_s911_pE2E_L1_VhR/frames,0,0,0,0,0,0,0,0,0,,
pair-stage-probes-495c1173-ghR/cases/carry_b-v6g_teacher_hR09_s911_pE2E_L1_VhR/frames/r1,3986995,734649,4681728,851968,279,230,49,3252346,3829760,D1,first + >=1 SIM second since last sample + last per stream/episode/leg
pair-stage-probes-495c1173-ghR/cases/carry_b-v6g_teacher_hR09_s911_pE2E_L1_VhR/frames/r2,3978910,485601,4640768,565248,279,246,33,3493309,4075520,D1,first + >=1 SIM second since last sample + last per stream/episode/leg
pair-stage-probes-495c1173-ghR/cases/carry_b-v6g_teacher_hR09_s911_pE2E_L1_VhR/frames/r3,2480895,535095,2506752,540672,153,120,33,1945800,1966080,D1,first + >=1 SIM second since last sample + last per stream/episode/leg
pair-stage-probes-495c1173-ghR/cases/carry_b-v6g_teacher_hR09_s911_pE2E_L2_VhR,1597937,1597937,1605632,1605632,5,0,5,0,0,,
pair-stage-probes-495c1173-ghR/cases/carry_b-v6g_teacher_hR09_s911_pE2E_L2_VhR/checkpoints,312486,312486,319488,319488,4,0,4,0,0,,
pair-stage-probes-495c1173-ghR/cases/carry_b-v6g_teacher_hR09_s911_pE2E_L2_VhR/eval_only,751921,751921,753664,753664,2,0,2,0,0,,
pair-stage-probes-495c1173-ghR/cases/carry_b-v6g_teacher_hR09_s911_pE2E_L2_VhR/frames,0,0,0,0,0,0,0,0,0,,
pair-stage-probes-495c1173-ghR/cases/carry_b-v6g_teacher_hR09_s911_pE2E_L2_VhR/frames/r1,3805920,705917,4464640,819200,268,220,48,3100003,3645440,D1,first + >=1 SIM second since last sample + last per stream/episode/leg
pair-stage-probes-495c1173-ghR/cases/carry_b-v6g_teacher_hR09_s911_pE2E_L2_VhR/frames/r2,3815925,474193,4464640,552960,268,236,32,3341732,3911680,D1,first + >=1 SIM second since last sample + last per stream/episode/leg
pair-stage-probes-495c1173-ghR/cases/carry_b-v6g_teacher_hR09_s911_pE2E_L2_VhR/frames/r3,2383605,518880,2408448,524288,147,115,32,1864725,1884160,D1,first + >=1 SIM second since last sample + last per stream/episode/leg
pair-stage-probes-495c1173-ghR/cases/carry_b-v6g_teacher_hR09_s911_pE2E_L3_VhR,1772698,1772698,1781760,1781760,5,0,5,0,0,,
pair-stage-probes-495c1173-ghR/cases/carry_b-v6g_teacher_hR09_s911_pE2E_L3_VhR/checkpoints,370935,370935,376832,376832,4,0,4,0,0,,
pair-stage-probes-495c1173-ghR/cases/carry_b-v6g_teacher_hR09_s911_pE2E_L3_VhR/eval_only,685800,685800,692224,692224,2,0,2,0,0,,
pair-stage-probes-495c1173-ghR/cases/carry_b-v6g_teacher_hR09_s911_pE2E_L3_VhR/frames,0,0,0,0,0,0,0,0,0,,
pair-stage-probes-495c1173-ghR/cases/carry_b-v6g_teacher_hR09_s911_pE2E_L3_VhR/frames/r1,3433565,663588,4042752,774144,242,197,45,2769977,3268608,D1,first + >=1 SIM second since last sample + last per stream/episode/leg
pair-stage-probes-495c1173-ghR/cases/carry_b-v6g_teacher_hR09_s911_pE2E_L3_VhR/frames/r2,3436028,432000,4038656,499712,242,213,29,3004028,3538944,D1,first + >=1 SIM second since last sample + last per stream/episode/leg
pair-stage-probes-495c1173-ghR/cases/carry_b-v6g_teacher_hR09_s911_pE2E_L3_VhR/frames/r3,2172810,470235,2195456,475136,134,105,29,1702575,1720320,D1,first + >=1 SIM second since last sample + last per stream/episode/leg
pair-stage-probes-495c1173-ghR/cases/carry_b-v6g_teacher_hR09_s911_pE2E_L4_VhR,1769661,1769661,1777664,1777664,5,0,5,0,0,,
pair-stage-probes-495c1173-ghR/cases/carry_b-v6g_teacher_hR09_s911_pE2E_L4_VhR/checkpoints,369291,365111,376832,368640,4,2,2,4180,8192,D5,
pair-stage-probes-495c1173-ghR/cases/carry_b-v6g_teacher_hR09_s911_pE2E_L4_VhR/eval_only,686335,686335,692224,692224,2,0,2,0,0,,
pair-stage-probes-495c1173-ghR/cases/carry_b-v6g_teacher_hR09_s911_pE2E_L4_VhR/frames,0,0,0,0,0,0,0,0,0,,
pair-stage-probes-495c1173-ghR/cases/carry_b-v6g_teacher_hR09_s911_pE2E_L4_VhR/frames/r1,3443048,667707,4042752,774144,242,197,45,2775341,3268608,D1,first + >=1 SIM second since last sample + last per stream/episode/leg
pair-stage-probes-495c1173-ghR/cases/carry_b-v6g_teacher_hR09_s911_pE2E_L4_VhR/frames/r2,3456444,440689,4075520,516096,242,213,29,3015755,3559424,D1,first + >=1 SIM second since last sample + last per stream/episode/leg
pair-stage-probes-495c1173-ghR/cases/carry_b-v6g_teacher_hR09_s911_pE2E_L4_VhR/frames/r3,2172810,470235,2195456,475136,134,105,29,1702575,1720320,D1,first + >=1 SIM second since last sample + last per stream/episode/leg
pair-stage-probes-495c1173-ghR/cases/carry_b-v6g_teacher_hR09_s911_pE2E_L5_VhR,1769264,1769264,1777664,1777664,5,0,5,0,0,,
pair-stage-probes-495c1173-ghR/cases/carry_b-v6g_teacher_hR09_s911_pE2E_L5_VhR/checkpoints,368270,364090,376832,368640,4,2,2,4180,8192,D5,
pair-stage-probes-495c1173-ghR/cases/carry_b-v6g_teacher_hR09_s911_pE2E_L5_VhR/eval_only,686019,686019,688128,688128,2,0,2,0,0,,
pair-stage-probes-495c1173-ghR/cases/carry_b-v6g_teacher_hR09_s911_pE2E_L5_VhR/frames,0,0,0,0,0,0,0,0,0,,
pair-stage-probes-495c1173-ghR/cases/carry_b-v6g_teacher_hR09_s911_pE2E_L5_VhR/frames/r1,3444240,669169,4042752,774144,242,197,45,2775071,3268608,D1,first + >=1 SIM second since last sample + last per stream/episode/leg
pair-stage-probes-495c1173-ghR/cases/carry_b-v6g_teacher_hR09_s911_pE2E_L5_VhR/frames/r2,3429764,435266,4042752,503808,242,213,29,2994498,3538944,D1,first + >=1 SIM second since last sample + last per stream/episode/leg
pair-stage-probes-495c1173-ghR/cases/carry_b-v6g_teacher_hR09_s911_pE2E_L5_VhR/frames/r3,2172810,470235,2195456,475136,134,105,29,1702575,1720320,D1,first + >=1 SIM second since last sample + last per stream/episode/leg
pair-stage-probes-495c1173-ghR/cases/carry_b-v6g_teacher_hR09_s911_pE2E_L6_VhR,1799679,1799679,1810432,1810432,5,0,5,0,0,,
pair-stage-probes-495c1173-ghR/cases/carry_b-v6g_teacher_hR09_s911_pE2E_L6_VhR/checkpoints,367300,365207,376832,372736,4,1,3,2093,4096,D5,
pair-stage-probes-495c1173-ghR/cases/carry_b-v6g_teacher_hR09_s911_pE2E_L6_VhR/eval_only,697859,697859,704512,704512,2,0,2,0,0,,
pair-stage-probes-495c1173-ghR/cases/carry_b-v6g_teacher_hR09_s911_pE2E_L6_VhR/frames,0,0,0,0,0,0,0,0,0,,
pair-stage-probes-495c1173-ghR/cases/carry_b-v6g_teacher_hR09_s911_pE2E_L6_VhR/frames/r1,3477776,659754,4120576,770048,247,202,45,2818022,3350528,D1,first + >=1 SIM second since last sample + last per stream/episode/leg
pair-stage-probes-495c1173-ghR/cases/carry_b-v6g_teacher_hR09_s911_pE2E_L6_VhR/frames/r2,3453426,437028,4120576,516096,247,217,30,3016398,3604480,D1,first + >=1 SIM second since last sample + last per stream/episode/leg
pair-stage-probes-495c1173-ghR/cases/carry_b-v6g_teacher_hR09_s911_pE2E_L6_VhR/frames/r3,2221455,486450,2244608,491520,137,107,30,1735005,1753088,D1,first + >=1 SIM second since last sample + last per stream/episode/leg
pair-stage-probes-495c1173-ghR/cases/carry_b-v6g_teacher_hR09_s911_pE2E_VhR,1534278,1534278,1544192,1544192,5,0,5,0,0,,
pair-stage-probes-495c1173-ghR/cases/carry_b-v6g_teacher_hR09_s911_pE2E_VhR/checkpoints,371827,371827,376832,376832,4,0,4,0,0,,
pair-stage-probes-495c1173-ghR/cases/carry_b-v6g_teacher_hR09_s911_pE2E_VhR/eval_only,598312,598312,602112,602112,2,0,2,0,0,,
pair-stage-probes-495c1173-ghR/cases/carry_b-v6g_teacher_hR09_s911_pE2E_VhR/frames,0,0,0,0,0,0,0,0,0,,
pair-stage-probes-495c1173-ghR/cases/carry_b-v6g_teacher_hR09_s911_pE2E_VhR/frames/r1,2998536,628287,3502080,724992,209,167,42,2370249,2777088,D1,first + >=1 SIM second since last sample + last per stream/episode/leg
pair-stage-probes-495c1173-ghR/cases/carry_b-v6g_teacher_hR09_s911_pE2E_VhR/frames/r2,3002183,388709,3497984,454656,209,183,26,2613474,3043328,D1,first + >=1 SIM second since last sample + last per stream/episode/leg
pair-stage-probes-495c1173-ghR/cases/carry_b-v6g_teacher_hR09_s911_pE2E_VhR/frames/r3,1913370,421590,1933312,425984,118,92,26,1491780,1507328,D1,first + >=1 SIM second since last sample + last per stream/episode/leg
pair-stage-probes-495c1173-ghR/cases/carry_b-v6g_teacher_hR10_s911_pE2E_L1_VhR,1976283,1976283,1990656,1990656,5,0,5,0,0,,
pair-stage-probes-495c1173-ghR/cases/carry_b-v6g_teacher_hR10_s911_pE2E_L1_VhR/checkpoints,342417,340324,352256,348160,4,1,3,2093,4096,D5,
pair-stage-probes-495c1173-ghR/cases/carry_b-v6g_teacher_hR10_s911_pE2E_L1_VhR/eval_only,767912,767912,770048,770048,2,0,2,0,0,,
pair-stage-probes-495c1173-ghR/cases/carry_b-v6g_teacher_hR10_s911_pE2E_L1_VhR/frames,0,0,0,0,0,0,0,0,0,,
pair-stage-probes-495c1173-ghR/cases/carry_b-v6g_teacher_hR10_s911_pE2E_L1_VhR/frames/r1,3929103,722306,4603904,839680,274,226,48,3206797,3764224,D1,first + >=1 SIM second since last sample + last per stream/episode/leg
pair-stage-probes-495c1173-ghR/cases/carry_b-v6g_teacher_hR10_s911_pE2E_L1_VhR/frames/r2,3920844,485856,4562944,565248,274,241,33,3434988,3997696,D1,first + >=1 SIM second since last sample + last per stream/episode/leg
pair-stage-probes-495c1173-ghR/cases/carry_b-v6g_teacher_hR10_s911_pE2E_L1_VhR/frames/r3,2432250,518880,2457600,524288,150,118,32,1913370,1933312,D1,first + >=1 SIM second since last sample + last per stream/episode/leg
pair-stage-probes-495c1173-ghR/cases/carry_b-v6g_teacher_hR10_s911_pE2E_L2_VhR,1598032,1598032,1605632,1605632,5,0,5,0,0,,
pair-stage-probes-495c1173-ghR/cases/carry_b-v6g_teacher_hR10_s911_pE2E_L2_VhR/checkpoints,312421,312421,319488,319488,4,0,4,0,0,,
pair-stage-probes-495c1173-ghR/cases/carry_b-v6g_teacher_hR10_s911_pE2E_L2_VhR/eval_only,751985,751985,757760,757760,2,0,2,0,0,,
pair-stage-probes-495c1173-ghR/cases/carry_b-v6g_teacher_hR10_s911_pE2E_L2_VhR/frames,0,0,0,0,0,0,0,0,0,,
pair-stage-probes-495c1173-ghR/cases/carry_b-v6g_teacher_hR10_s911_pE2E_L2_VhR/frames/r1,3827075,709013,4468736,823296,268,220,48,3118062,3645440,D1,first + >=1 SIM second since last sample + last per stream/episode/leg
pair-stage-probes-495c1173-ghR/cases/carry_b-v6g_teacher_hR10_s911_pE2E_L2_VhR/frames/r2,3833147,477090,4460544,548864,268,236,32,3356057,3911680,D1,first + >=1 SIM second since last sample + last per stream/episode/leg
pair-stage-probes-495c1173-ghR/cases/carry_b-v6g_teacher_hR10_s911_pE2E_L2_VhR/frames/r3,2383605,518880,2408448,524288,147,115,32,1864725,1884160,D1,first + >=1 SIM second since last sample + last per stream/episode/leg
pair-stage-probes-495c1173-ghR/cases/carry_b-v6g_teacher_hR10_s911_pE2E_L3_VhR,1773331,1773331,1781760,1781760,5,0,5,0,0,,
pair-stage-probes-495c1173-ghR/cases/carry_b-v6g_teacher_hR10_s911_pE2E_L3_VhR/checkpoints,370425,370425,376832,376832,4,0,4,0,0,,
pair-stage-probes-495c1173-ghR/cases/carry_b-v6g_teacher_hR10_s911_pE2E_L3_VhR/eval_only,685709,685709,692224,692224,2,0,2,0,0,,
pair-stage-probes-495c1173-ghR/cases/carry_b-v6g_teacher_hR10_s911_pE2E_L3_VhR/frames,0,0,0,0,0,0,0,0,0,,
pair-stage-probes-495c1173-ghR/cases/carry_b-v6g_teacher_hR10_s911_pE2E_L3_VhR/frames/r1,3434592,663453,4038656,770048,242,197,45,2771139,3268608,D1,first + >=1 SIM second since last sample + last per stream/episode/leg
pair-stage-probes-495c1173-ghR/cases/carry_b-v6g_teacher_hR10_s911_pE2E_L3_VhR/frames/r2,3445930,432753,4038656,499712,242,213,29,3013177,3538944,D1,first + >=1 SIM second since last sample + last per stream/episode/leg
pair-stage-probes-495c1173-ghR/cases/carry_b-v6g_teacher_hR10_s911_pE2E_L3_VhR/frames/r3,2172810,470235,2195456,475136,134,105,29,1702575,1720320,D1,first + >=1 SIM second since last sample + last per stream/episode/leg
pair-stage-probes-495c1173-ghR/cases/carry_b-v6g_teacher_hR10_s911_pE2E_L4_VhR,1764239,1764239,1773568,1773568,5,0,5,0,0,,
pair-stage-probes-495c1173-ghR/cases/carry_b-v6g_teacher_hR10_s911_pE2E_L4_VhR/checkpoints,368858,364677,376832,368640,4,2,2,4181,8192,D5,
pair-stage-probes-495c1173-ghR/cases/carry_b-v6g_teacher_hR10_s911_pE2E_L4_VhR/eval_only,686100,686100,688128,688128,2,0,2,0,0,,
pair-stage-probes-495c1173-ghR/cases/carry_b-v6g_teacher_hR10_s911_pE2E_L4_VhR/frames,0,0,0,0,0,0,0,0,0,,
pair-stage-probes-495c1173-ghR/cases/carry_b-v6g_teacher_hR10_s911_pE2E_L4_VhR/frames/r1,3445383,667942,4042752,774144,242,197,45,2777441,3268608,D1,first + >=1 SIM second since last sample + last per stream/episode/leg
pair-stage-probes-495c1173-ghR/cases/carry_b-v6g_teacher_hR10_s911_pE2E_L4_VhR/frames/r2,3464477,441288,4079616,516096,242,213,29,3023189,3563520,D1,first + >=1 SIM second since last sample + last per stream/episode/leg
pair-stage-probes-495c1173-ghR/cases/carry_b-v6g_teacher_hR10_s911_pE2E_L4_VhR/frames/r3,2172810,470235,2195456,475136,134,105,29,1702575,1720320,D1,first + >=1 SIM second since last sample + last per stream/episode/leg
pair-stage-probes-495c1173-ghR/cases/carry_b-v6g_teacher_hR10_s911_pE2E_L5_VhR,1768167,1768167,1777664,1777664,5,0,5,0,0,,
pair-stage-probes-495c1173-ghR/cases/carry_b-v6g_teacher_hR10_s911_pE2E_L5_VhR/checkpoints,367858,363677,376832,368640,4,2,2,4181,8192,D5,
pair-stage-probes-495c1173-ghR/cases/carry_b-v6g_teacher_hR10_s911_pE2E_L5_VhR/eval_only,686190,686190,688128,688128,2,0,2,0,0,,
pair-stage-probes-495c1173-ghR/cases/carry_b-v6g_teacher_hR10_s911_pE2E_L5_VhR/frames,0,0,0,0,0,0,0,0,0,,
pair-stage-probes-495c1173-ghR/cases/carry_b-v6g_teacher_hR10_s911_pE2E_L5_VhR/frames/r1,3446528,669214,4042752,774144,242,197,45,2777314,3268608,D1,first + >=1 SIM second since last sample + last per stream/episode/leg
pair-stage-probes-495c1173-ghR/cases/carry_b-v6g_teacher_hR10_s911_pE2E_L5_VhR/frames/r2,3436025,435092,4042752,503808,242,213,29,3000933,3538944,D1,first + >=1 SIM second since last sample + last per stream/episode/leg
pair-stage-probes-495c1173-ghR/cases/carry_b-v6g_teacher_hR10_s911_pE2E_L5_VhR/frames/r3,2172810,470235,2195456,475136,134,105,29,1702575,1720320,D1,first + >=1 SIM second since last sample + last per stream/episode/leg
pair-stage-probes-495c1173-ghR/cases/carry_b-v6g_teacher_hR10_s911_pE2E_L6_VhR,1807954,1807954,1818624,1818624,5,0,5,0,0,,
pair-stage-probes-495c1173-ghR/cases/carry_b-v6g_teacher_hR10_s911_pE2E_L6_VhR/checkpoints,367115,365022,376832,372736,4,1,3,2093,4096,D5,
pair-stage-probes-495c1173-ghR/cases/carry_b-v6g_teacher_hR10_s911_pE2E_L6_VhR/eval_only,697953,697953,704512,704512,2,0,2,0,0,,
pair-stage-probes-495c1173-ghR/cases/carry_b-v6g_teacher_hR10_s911_pE2E_L6_VhR/frames,0,0,0,0,0,0,0,0,0,,
pair-stage-probes-495c1173-ghR/cases/carry_b-v6g_teacher_hR10_s911_pE2E_L6_VhR/frames/r1,3481087,659800,4120576,770048,247,202,45,2821287,3350528,D1,first + >=1 SIM second since last sample + last per stream/episode/leg
pair-stage-probes-495c1173-ghR/cases/carry_b-v6g_teacher_hR10_s911_pE2E_L6_VhR/frames/r2,3464247,438093,4120576,516096,247,217,30,3026154,3604480,D1,first + >=1 SIM second since last sample + last per stream/episode/leg
pair-stage-probes-495c1173-ghR/cases/carry_b-v6g_teacher_hR10_s911_pE2E_L6_VhR/frames/r3,2221455,486450,2244608,491520,137,107,30,1735005,1753088,D1,first + >=1 SIM second since last sample + last per stream/episode/leg
pair-stage-probes-495c1173-ghR/cases/carry_b-v6g_teacher_hR10_s911_pE2E_VhR,1542792,1542792,1548288,1548288,5,0,5,0,0,,
pair-stage-probes-495c1173-ghR/cases/carry_b-v6g_teacher_hR10_s911_pE2E_VhR/checkpoints,372107,372107,380928,380928,4,0,4,0,0,,
pair-stage-probes-495c1173-ghR/cases/carry_b-v6g_teacher_hR10_s911_pE2E_VhR/eval_only,601598,601598,602112,602112,2,0,2,0,0,,
pair-stage-probes-495c1173-ghR/cases/carry_b-v6g_teacher_hR10_s911_pE2E_VhR/frames,0,0,0,0,0,0,0,0,0,,
pair-stage-probes-495c1173-ghR/cases/carry_b-v6g_teacher_hR10_s911_pE2E_VhR/frames/r1,3011709,628439,3518464,724992,210,168,42,2383270,2793472,D1,first + >=1 SIM second since last sample + last per stream/episode/leg
pair-stage-probes-495c1173-ghR/cases/carry_b-v6g_teacher_hR10_s911_pE2E_VhR/frames/r2,3026381,389621,3514368,450560,210,184,26,2636760,3063808,D1,first + >=1 SIM second since last sample + last per stream/episode/leg
pair-stage-probes-495c1173-ghR/cases/carry_b-v6g_teacher_hR10_s911_pE2E_VhR/frames/r3,1913370,421590,1933312,425984,118,92,26,1491780,1507328,D1,first + >=1 SIM second since last sample + last per stream/episode/leg
pair-stage-probes-495c1173-ghRL7,1110168,1110168,1118208,1118208,5,0,5,0,0,,
pair-stage-probes-495c1173-ghRL7/cases,57634,57634,81920,81920,20,0,20,0,0,,
pair-stage-probes-495c1173-ghRL7/cases/carry_b-v6g-l7_teacher_hR01_s911_pE2E_L7_VhR,1648840,1648840,1658880,1658880,5,0,5,0,0,,
pair-stage-probes-495c1173-ghRL7/cases/carry_b-v6g-l7_teacher_hR01_s911_pE2E_L7_VhR/checkpoints,366860,364767,376832,372736,4,1,3,2093,4096,D5,
pair-stage-probes-495c1173-ghRL7/cases/carry_b-v6g-l7_teacher_hR01_s911_pE2E_L7_VhR/eval_only,640937,640937,643072,643072,2,0,2,0,0,,
pair-stage-probes-495c1173-ghRL7/cases/carry_b-v6g-l7_teacher_hR01_s911_pE2E_L7_VhR/frames,0,0,0,0,0,0,0,0,0,,
pair-stage-probes-495c1173-ghRL7/cases/carry_b-v6g-l7_teacher_hR01_s911_pE2E_L7_VhR/frames/r1,2553612,526517,2887680,589824,225,182,43,2027095,2297856,D1,first + >=1 SIM second since last sample + last per stream/episode/leg
pair-stage-probes-495c1173-ghRL7/cases/carry_b-v6g-l7_teacher_hR01_s911_pE2E_L7_VhR/frames/r2,3156846,413730,3764224,491520,225,197,28,2743116,3272704,D1,first + >=1 SIM second since last sample + last per stream/episode/leg
pair-stage-probes-495c1173-ghRL7/cases/carry_b-v6g-l7_teacher_hR01_s911_pE2E_L7_VhR/frames/r3,2043090,454020,2064384,458752,126,98,28,1589070,1605632,D1,first + >=1 SIM second since last sample + last per stream/episode/leg
pair-stage-probes-495c1173-ghRL7/cases/carry_b-v6g-l7_teacher_hR02_s911_pE2E_L7_VhR,1652135,1652135,1658880,1658880,5,0,5,0,0,,
pair-stage-probes-495c1173-ghRL7/cases/carry_b-v6g-l7_teacher_hR02_s911_pE2E_L7_VhR/checkpoints,307367,307367,315392,315392,4,0,4,0,0,,
pair-stage-probes-495c1173-ghRL7/cases/carry_b-v6g-l7_teacher_hR02_s911_pE2E_L7_VhR/eval_only,641089,641089,643072,643072,2,0,2,0,0,,
pair-stage-probes-495c1173-ghRL7/cases/carry_b-v6g-l7_teacher_hR02_s911_pE2E_L7_VhR/frames,0,0,0,0,0,0,0,0,0,,
pair-stage-probes-495c1173-ghRL7/cases/carry_b-v6g-l7_teacher_hR02_s911_pE2E_L7_VhR/frames/r1,2625201,540002,2920448,602112,225,182,43,2085199,2318336,D1,first + >=1 SIM second since last sample + last per stream/episode/leg
pair-stage-probes-495c1173-ghRL7/cases/carry_b-v6g-l7_teacher_hR02_s911_pE2E_L7_VhR/frames/r2,2593591,346094,2920448,393216,225,197,28,2247497,2527232,D1,first + >=1 SIM second since last sample + last per stream/episode/leg
pair-stage-probes-495c1173-ghRL7/cases/carry_b-v6g-l7_teacher_hR02_s911_pE2E_L7_VhR/frames/r3,2043090,454020,2064384,458752,126,98,28,1589070,1605632,D1,first + >=1 SIM second since last sample + last per stream/episode/leg
pair-stage-probes-495c1173-ghRL7/cases/carry_b-v6g-l7_teacher_hR03_s911_pE2E_L7_VhR,1649425,1649425,1658880,1658880,5,0,5,0,0,,
pair-stage-probes-495c1173-ghRL7/cases/carry_b-v6g-l7_teacher_hR03_s911_pE2E_L7_VhR/checkpoints,367026,364933,376832,372736,4,1,3,2093,4096,D5,
pair-stage-probes-495c1173-ghRL7/cases/carry_b-v6g-l7_teacher_hR03_s911_pE2E_L7_VhR/eval_only,641836,641836,647168,647168,2,0,2,0,0,,
pair-stage-probes-495c1173-ghRL7/cases/carry_b-v6g-l7_teacher_hR03_s911_pE2E_L7_VhR/frames,0,0,0,0,0,0,0,0,0,,
pair-stage-probes-495c1173-ghRL7/cases/carry_b-v6g-l7_teacher_hR03_s911_pE2E_L7_VhR/frames/r1,2537538,524246,2887680,589824,225,182,43,2013292,2297856,D1,first + >=1 SIM second since last sample + last per stream/episode/leg
pair-stage-probes-495c1173-ghRL7/cases/carry_b-v6g-l7_teacher_hR03_s911_pE2E_L7_VhR/frames/r2,2537210,344039,2887680,389120,225,197,28,2193171,2498560,D1,first + >=1 SIM second since last sample + last per stream/episode/leg
pair-stage-probes-495c1173-ghRL7/cases/carry_b-v6g-l7_teacher_hR03_s911_pE2E_L7_VhR/frames/r3,2043090,454020,2064384,458752,126,98,28,1589070,1605632,D1,first + >=1 SIM second since last sample + last per stream/episode/leg
pair-stage-probes-495c1173-ghRL7/cases/carry_b-v6g-l7_teacher_hR04_s911_pE2E_L7_VhR,1648320,1648320,1658880,1658880,5,0,5,0,0,,
pair-stage-probes-495c1173-ghRL7/cases/carry_b-v6g-l7_teacher_hR04_s911_pE2E_L7_VhR/checkpoints,366744,364651,376832,372736,4,1,3,2093,4096,D5,
pair-stage-probes-495c1173-ghRL7/cases/carry_b-v6g-l7_teacher_hR04_s911_pE2E_L7_VhR/eval_only,640592,640592,643072,643072,2,0,2,0,0,,
pair-stage-probes-495c1173-ghRL7/cases/carry_b-v6g-l7_teacher_hR04_s911_pE2E_L7_VhR/frames,0,0,0,0,0,0,0,0,0,,
pair-stage-probes-495c1173-ghRL7/cases/carry_b-v6g-l7_teacher_hR04_s911_pE2E_L7_VhR/frames/r1,2559721,531635,2895872,598016,225,182,43,2028086,2297856,D1,first + >=1 SIM second since last sample + last per stream/episode/leg
pair-stage-probes-495c1173-ghRL7/cases/carry_b-v6g-l7_teacher_hR04_s911_pE2E_L7_VhR/frames/r2,2529789,342387,2863104,380928,225,197,28,2187402,2482176,D1,first + >=1 SIM second since last sample + last per stream/episode/leg
pair-stage-probes-495c1173-ghRL7/cases/carry_b-v6g-l7_teacher_hR04_s911_pE2E_L7_VhR/frames/r3,2043090,454020,2064384,458752,126,98,28,1589070,1605632,D1,first + >=1 SIM second since last sample + last per stream/episode/leg
pair-stage-probes-495c1173-ghRL7/cases/carry_b-v6g-l7_teacher_hR05_s911_pE2E_L7_VhR,1644903,1644903,1654784,1654784,5,0,5,0,0,,
pair-stage-probes-495c1173-ghRL7/cases/carry_b-v6g-l7_teacher_hR05_s911_pE2E_L7_VhR/checkpoints,307547,305454,315392,311296,4,1,3,2093,4096,D5,
pair-stage-probes-495c1173-ghRL7/cases/carry_b-v6g-l7_teacher_hR05_s911_pE2E_L7_VhR/eval_only,639912,639912,643072,643072,2,0,2,0,0,,
pair-stage-probes-495c1173-ghRL7/cases/carry_b-v6g-l7_teacher_hR05_s911_pE2E_L7_VhR/frames,0,0,0,0,0,0,0,0,0,,
pair-stage-probes-495c1173-ghRL7/cases/carry_b-v6g-l7_teacher_hR05_s911_pE2E_L7_VhR/frames/r1,2552484,530398,2895872,598016,225,182,43,2022086,2297856,D1,first + >=1 SIM second since last sample + last per stream/episode/leg
pair-stage-probes-495c1173-ghRL7/cases/carry_b-v6g-l7_teacher_hR05_s911_pE2E_L7_VhR/frames/r2,2534100,343608,2895872,393216,225,197,28,2190492,2502656,D1,first + >=1 SIM second since last sample + last per stream/episode/leg
pair-stage-probes-495c1173-ghRL7/cases/carry_b-v6g-l7_teacher_hR05_s911_pE2E_L7_VhR/frames/r3,2043090,454020,2064384,458752,126,98,28,1589070,1605632,D1,first + >=1 SIM second since last sample + last per stream/episode/leg
pair-stage-probes-495c1173-ghRL7/cases/carry_b-v6g-l7_teacher_hR06_s911_pE2E_L7_VhR,65679,65070,77824,69632,5,2,3,609,8192,D5,
pair-stage-probes-495c1173-ghRL7/cases/carry_b-v6g-l7_teacher_hR06_s911_pE2E_L7_VhR/eval_only,35935,35935,40960,40960,2,0,2,0,0,,
pair-stage-probes-495c1173-ghRL7/cases/carry_b-v6g-l7_teacher_hR06_s911_pE2E_L7_VhR/frames,0,0,0,0,0,0,0,0,0,,
pair-stage-probes-495c1173-ghRL7/cases/carry_b-v6g-l7_teacher_hR06_s911_pE2E_L7_VhR/frames/r1,182196,91088,196608,98304,8,4,4,91108,98304,D1,first + >=1 SIM second since last sample + last per stream/episode/leg
pair-stage-probes-495c1173-ghRL7/cases/carry_b-v6g-l7_teacher_hR06_s911_pE2E_L7_VhR/frames/r2,163779,81899,167936,86016,8,4,4,81880,81920,D1,first + >=1 SIM second since last sample + last per stream/episode/leg
pair-stage-probes-495c1173-ghRL7/cases/carry_b-v6g-l7_teacher_hR06_s911_pE2E_L7_VhR/frames/r3,129720,64860,131072,65536,8,4,4,64860,65536,D1,first + >=1 SIM second since last sample + last per stream/episode/leg
pair-stage-probes-495c1173-ghRL7/cases/carry_b-v6g-l7_teacher_hR07_s911_pE2E_L7_VhR,65432,64823,77824,69632,5,2,3,609,8192,D5,
pair-stage-probes-495c1173-ghRL7/cases/carry_b-v6g-l7_teacher_hR07_s911_pE2E_L7_VhR/eval_only,36477,36477,40960,40960,2,0,2,0,0,,
pair-stage-probes-495c1173-ghRL7/cases/carry_b-v6g-l7_teacher_hR07_s911_pE2E_L7_VhR/frames,0,0,0,0,0,0,0,0,0,,
pair-stage-probes-495c1173-ghRL7/cases/carry_b-v6g-l7_teacher_hR07_s911_pE2E_L7_VhR/frames/r1,178348,89168,196608,98304,8,4,4,89180,98304,D1,first + >=1 SIM second since last sample + last per stream/episode/leg
pair-stage-probes-495c1173-ghRL7/cases/carry_b-v6g-l7_teacher_hR07_s911_pE2E_L7_VhR/frames/r2,166308,83152,196608,98304,8,4,4,83156,98304,D1,first + >=1 SIM second since last sample + last per stream/episode/leg
pair-stage-probes-495c1173-ghRL7/cases/carry_b-v6g-l7_teacher_hR07_s911_pE2E_L7_VhR/frames/r3,129720,64860,131072,65536,8,4,4,64860,65536,D1,first + >=1 SIM second since last sample + last per stream/episode/leg
pair-stage-probes-495c1173-ghRL7/cases/carry_b-v6g-l7_teacher_hR08_s911_pE2E_L7_VhR,1644509,1644509,1654784,1654784,5,0,5,0,0,,
pair-stage-probes-495c1173-ghRL7/cases/carry_b-v6g-l7_teacher_hR08_s911_pE2E_L7_VhR/checkpoints,336902,336902,344064,344064,4,0,4,0,0,,
pair-stage-probes-495c1173-ghRL7/cases/carry_b-v6g-l7_teacher_hR08_s911_pE2E_L7_VhR/eval_only,640014,640014,643072,643072,2,0,2,0,0,,
pair-stage-probes-495c1173-ghRL7/cases/carry_b-v6g-l7_teacher_hR08_s911_pE2E_L7_VhR/frames,0,0,0,0,0,0,0,0,0,,
pair-stage-probes-495c1173-ghRL7/cases/carry_b-v6g-l7_teacher_hR08_s911_pE2E_L7_VhR/frames/r1,2583195,530731,2887680,589824,225,182,43,2052464,2297856,D1,first + >=1 SIM second since last sample + last per stream/episode/leg
pair-stage-probes-495c1173-ghRL7/cases/carry_b-v6g-l7_teacher_hR08_s911_pE2E_L7_VhR/frames/r2,2567349,341131,2883584,385024,225,197,28,2226218,2498560,D1,first + >=1 SIM second since last sample + last per stream/episode/leg
pair-stage-probes-495c1173-ghRL7/cases/carry_b-v6g-l7_teacher_hR08_s911_pE2E_L7_VhR/frames/r3,2043090,454020,2064384,458752,126,98,28,1589070,1605632,D1,first + >=1 SIM second since last sample + last per stream/episode/leg
pair-stage-probes-495c1173-ghRL7/cases/carry_b-v6g-l7_teacher_hR09_s911_pE2E_L7_VhR,1649369,1649369,1658880,1658880,5,0,5,0,0,,
pair-stage-probes-495c1173-ghRL7/cases/carry_b-v6g-l7_teacher_hR09_s911_pE2E_L7_VhR/checkpoints,366673,364580,376832,372736,4,1,3,2093,4096,D5,
pair-stage-probes-495c1173-ghRL7/cases/carry_b-v6g-l7_teacher_hR09_s911_pE2E_L7_VhR/eval_only,641083,641083,643072,643072,2,0,2,0,0,,
pair-stage-probes-495c1173-ghRL7/cases/carry_b-v6g-l7_teacher_hR09_s911_pE2E_L7_VhR/frames,0,0,0,0,0,0,0,0,0,,
pair-stage-probes-495c1173-ghRL7/cases/carry_b-v6g-l7_teacher_hR09_s911_pE2E_L7_VhR/frames/r1,3141297,626295,3764224,741376,225,182,43,2515002,3022848,D1,first + >=1 SIM second since last sample + last per stream/episode/leg
pair-stage-probes-495c1173-ghRL7/cases/carry_b-v6g-l7_teacher_hR09_s911_pE2E_L7_VhR/frames/r2,3116500,402823,3756032,483328,225,197,28,2713677,3272704,D1,first + >=1 SIM second since last sample + last per stream/episode/leg
pair-stage-probes-495c1173-ghRL7/cases/carry_b-v6g-l7_teacher_hR09_s911_pE2E_L7_VhR/frames/r3,2043090,454020,2064384,458752,126,98,28,1589070,1605632,D1,first + >=1 SIM second since last sample + last per stream/episode/leg
pair-stage-probes-495c1173-ghRL7/cases/carry_b-v6g-l7_teacher_hR10_s911_pE2E_L7_VhR,1644899,1644899,1654784,1654784,5,0,5,0,0,,
pair-stage-probes-495c1173-ghRL7/cases/carry_b-v6g-l7_teacher_hR10_s911_pE2E_L7_VhR/checkpoints,366913,366913,376832,376832,4,0,4,0,0,,
pair-stage-probes-495c1173-ghRL7/cases/carry_b-v6g-l7_teacher_hR10_s911_pE2E_L7_VhR/eval_only,640444,640444,643072,643072,2,0,2,0,0,,
pair-stage-probes-495c1173-ghRL7/cases/carry_b-v6g-l7_teacher_hR10_s911_pE2E_L7_VhR/frames,0,0,0,0,0,0,0,0,0,,
pair-stage-probes-495c1173-ghRL7/cases/carry_b-v6g-l7_teacher_hR10_s911_pE2E_L7_VhR/frames/r1,3149532,627170,3764224,741376,225,182,43,2522362,3022848,D1,first + >=1 SIM second since last sample + last per stream/episode/leg
pair-stage-probes-495c1173-ghRL7/cases/carry_b-v6g-l7_teacher_hR10_s911_pE2E_L7_VhR/frames/r2,3124623,403532,3756032,483328,225,197,28,2721091,3272704,D1,first + >=1 SIM second since last sample + last per stream/episode/leg
pair-stage-probes-495c1173-ghRL7/cases/carry_b-v6g-l7_teacher_hR10_s911_pE2E_L7_VhR/frames/r3,2043090,454020,2064384,458752,126,98,28,1589070,1605632,D1,first + >=1 SIM second since last sample + last per stream/episode/leg
pair-stage-probes-4fac772d-yawcal,5233081,5112188,5242880,5120000,5,1,4,120893,122880,D5,
pair-stage-probes-4fac772d-yawcal/cases,227982,126928,327680,163840,80,40,40,101054,163840,D5,
pair-stage-probes-4fac772d-yawcal/cases/carry_b-v6e_teacher_lat-_opp_s911_pE2E_L1_Vcal,2013559,1852950,2023424,1859584,5,2,3,160609,163840,D5,
pair-stage-probes-4fac772d-yawcal/cases/carry_b-v6e_teacher_lat-_opp_s911_pE2E_L1_Vcal/checkpoints,342263,338085,352256,344064,4,2,2,4178,8192,D5,
pair-stage-probes-4fac772d-yawcal/cases/carry_b-v6e_teacher_lat-_opp_s911_pE2E_L1_Vcal/eval_only,779630,779630,786432,786432,2,0,2,0,0,,
pair-stage-probes-4fac772d-yawcal/cases/carry_b-v6e_teacher_lat-_opp_s911_pE2E_L1_Vcal/frames,0,0,0,0,0,0,0,0,0,,
pair-stage-probes-4fac772d-yawcal/cases/carry_b-v6e_teacher_lat-_opp_s911_pE2E_L1_Vcal/frames/r1,3228148,615712,3559424,671744,279,230,49,2612436,2887680,D1,first + >=1 SIM second since last sample + last per stream/episode/leg
pair-stage-probes-4fac772d-yawcal/cases/carry_b-v6e_teacher_lat-_opp_s911_pE2E_L1_Vcal/frames/r2,3085798,392342,3551232,450560,279,246,33,2693456,3100672,D1,first + >=1 SIM second since last sample + last per stream/episode/leg
pair-stage-probes-4fac772d-yawcal/cases/carry_b-v6e_teacher_lat-_opp_s911_pE2E_L1_Vcal/frames/r3,1880064,405504,1880064,405504,153,120,33,1474560,1474560,D1,first + >=1 SIM second since last sample + last per stream/episode/leg
pair-stage-probes-4fac772d-yawcal/cases/carry_b-v6e_teacher_lat-_opp_s911_pE2E_L2_Vcal,1658385,1501263,1667072,1507328,5,2,3,157122,159744,D5,
pair-stage-probes-4fac772d-yawcal/cases/carry_b-v6e_teacher_lat-_opp_s911_pE2E_L2_Vcal/checkpoints,313057,308986,319488,311296,4,2,2,4071,8192,D5,
pair-stage-probes-4fac772d-yawcal/cases/carry_b-v6e_teacher_lat-_opp_s911_pE2E_L2_Vcal/eval_only,750352,750352,753664,753664,2,0,2,0,0,,
pair-stage-probes-4fac772d-yawcal/cases/carry_b-v6e_teacher_lat-_opp_s911_pE2E_L2_Vcal/frames,0,0,0,0,0,0,0,0,0,,
pair-stage-probes-4fac772d-yawcal/cases/carry_b-v6e_teacher_lat-_opp_s911_pE2E_L2_Vcal/frames/r1,2908453,549479,3375104,630784,268,220,48,2358974,2744320,D1,first + >=1 SIM second since last sample + last per stream/episode/leg
pair-stage-probes-4fac772d-yawcal/cases/carry_b-v6e_teacher_lat-_opp_s911_pE2E_L2_Vcal/frames/r2,2863643,372105,3416064,438272,268,236,32,2491538,2977792,D1,first + >=1 SIM second since last sample + last per stream/episode/leg
pair-stage-probes-4fac772d-yawcal/cases/carry_b-v6e_teacher_lat-_opp_s911_pE2E_L2_Vcal/frames/r3,1806336,393216,1806336,393216,147,115,32,1413120,1413120,D1,first + >=1 SIM second since last sample + last per stream/episode/leg
pair-stage-probes-4fac772d-yawcal/cases/carry_b-v6e_teacher_lat-_opp_s911_pE2E_L3_Vcal,1768645,1620335,1777664,1626112,5,2,3,148310,151552,D5,
pair-stage-probes-4fac772d-yawcal/cases/carry_b-v6e_teacher_lat-_opp_s911_pE2E_L3_Vcal/checkpoints,341267,337086,352256,344064,4,2,2,4181,8192,D5,
pair-stage-probes-4fac772d-yawcal/cases/carry_b-v6e_teacher_lat-_opp_s911_pE2E_L3_Vcal/eval_only,685177,685177,688128,688128,2,0,2,0,0,,
pair-stage-probes-4fac772d-yawcal/cases/carry_b-v6e_teacher_lat-_opp_s911_pE2E_L3_Vcal/frames,0,0,0,0,0,0,0,0,0,,
pair-stage-probes-4fac772d-yawcal/cases/carry_b-v6e_teacher_lat-_opp_s911_pE2E_L3_Vcal/frames/r1,2593165,506204,3051520,589824,242,197,45,2086961,2461696,D1,first + >=1 SIM second since last sample + last per stream/episode/leg
pair-stage-probes-4fac772d-yawcal/cases/carry_b-v6e_teacher_lat-_opp_s911_pE2E_L3_Vcal/frames/r2,2558288,334328,3096576,401408,242,213,29,2223960,2695168,D1,first + >=1 SIM second since last sample + last per stream/episode/leg
pair-stage-probes-4fac772d-yawcal/cases/carry_b-v6e_teacher_lat-_opp_s911_pE2E_L3_Vcal/frames/r3,1646592,356352,1646592,356352,134,105,29,1290240,1290240,D1,first + >=1 SIM second since last sample + last per stream/episode/leg
pair-stage-probes-4fac772d-yawcal/cases/carry_b-v6e_teacher_lat-_opp_s911_pE2E_L4_Vcal,1821032,1672587,1830912,1679360,5,2,3,148445,151552,D5,
pair-stage-probes-4fac772d-yawcal/cases/carry_b-v6e_teacher_lat-_opp_s911_pE2E_L4_Vcal/checkpoints,338815,334634,344064,335872,4,2,2,4181,8192,D5,
pair-stage-probes-4fac772d-yawcal/cases/carry_b-v6e_teacher_lat-_opp_s911_pE2E_L4_Vcal/eval_only,686152,686152,688128,688128,2,0,2,0,0,,
pair-stage-probes-4fac772d-yawcal/cases/carry_b-v6e_teacher_lat-_opp_s911_pE2E_L4_Vcal/frames,0,0,0,0,0,0,0,0,0,,
pair-stage-probes-4fac772d-yawcal/cases/carry_b-v6e_teacher_lat-_opp_s911_pE2E_L4_Vcal/frames/r1,2638105,518422,3055616,593920,242,197,45,2119683,2461696,D1,first + >=1 SIM second since last sample + last per stream/episode/leg
pair-stage-probes-4fac772d-yawcal/cases/carry_b-v6e_teacher_lat-_opp_s911_pE2E_L4_Vcal/frames/r2,2587420,339869,3096576,401408,242,213,29,2247551,2695168,D1,first + >=1 SIM second since last sample + last per stream/episode/leg
pair-stage-probes-4fac772d-yawcal/cases/carry_b-v6e_teacher_lat-_opp_s911_pE2E_L4_Vcal/frames/r3,1646219,356236,1654784,356352,134,105,29,1289983,1298432,D1,first + >=1 SIM second since last sample + last per stream/episode/leg
pair-stage-probes-4fac772d-yawcal/cases/carry_b-v6e_teacher_lat-_opp_s911_pE2E_L5_Vcal,1811746,1663421,1822720,1671168,5,2,3,148325,151552,D5,
pair-stage-probes-4fac772d-yawcal/cases/carry_b-v6e_teacher_lat-_opp_s911_pE2E_L5_Vcal/checkpoints,337778,333597,344064,335872,4,2,2,4181,8192,D5,
pair-stage-probes-4fac772d-yawcal/cases/carry_b-v6e_teacher_lat-_opp_s911_pE2E_L5_Vcal/eval_only,685903,685903,688128,688128,2,0,2,0,0,,
pair-stage-probes-4fac772d-yawcal/cases/carry_b-v6e_teacher_lat-_opp_s911_pE2E_L5_Vcal/frames,0,0,0,0,0,0,0,0,0,,
pair-stage-probes-4fac772d-yawcal/cases/carry_b-v6e_teacher_lat-_opp_s911_pE2E_L5_Vcal/frames/r1,2595302,512088,3055616,593920,242,197,45,2083214,2461696,D1,first + >=1 SIM second since last sample + last per stream/episode/leg
pair-stage-probes-4fac772d-yawcal/cases/carry_b-v6e_teacher_lat-_opp_s911_pE2E_L5_Vcal/frames/r2,2544900,332272,3092480,401408,242,213,29,2212628,2691072,D1,first + >=1 SIM second since last sample + last per stream/episode/leg
pair-stage-probes-4fac772d-yawcal/cases/carry_b-v6e_teacher_lat-_opp_s911_pE2E_L5_Vcal/frames/r3,1646224,356294,1667072,360448,134,105,29,1289930,1306624,D1,first + >=1 SIM second since last sample + last per stream/episode/leg
pair-stage-probes-4fac772d-yawcal/cases/carry_b-v6e_teacher_lat-_opp_s911_pE2E_L6_Vcal,1854311,1704650,1859584,1708032,5,2,3,149661,151552,D5,
pair-stage-probes-4fac772d-yawcal/cases/carry_b-v6e_teacher_lat-_opp_s911_pE2E_L6_Vcal/checkpoints,337081,332904,344064,335872,4,2,2,4177,8192,D5,
pair-stage-probes-4fac772d-yawcal/cases/carry_b-v6e_teacher_lat-_opp_s911_pE2E_L6_Vcal/eval_only,697489,697489,700416,700416,2,0,2,0,0,,
pair-stage-probes-4fac772d-yawcal/cases/carry_b-v6e_teacher_lat-_opp_s911_pE2E_L6_Vcal/frames,0,0,0,0,0,0,0,0,0,,
pair-stage-probes-4fac772d-yawcal/cases/carry_b-v6e_teacher_lat-_opp_s911_pE2E_L6_Vcal/frames/r1,2561569,491267,3112960,589824,247,202,45,2070302,2523136,D1,first + >=1 SIM second since last sample + last per stream/episode/leg
pair-stage-probes-4fac772d-yawcal/cases/carry_b-v6e_teacher_lat-_opp_s911_pE2E_L6_Vcal/frames/r2,2501012,325258,3117056,397312,247,217,30,2175754,2719744,D1,first + >=1 SIM second since last sample + last per stream/episode/leg
pair-stage-probes-4fac772d-yawcal/cases/carry_b-v6e_teacher_lat-_opp_s911_pE2E_L6_Vcal/frames/r3,1683493,368654,1724416,385024,137,107,30,1314839,1339392,D1,first + >=1 SIM second since last sample + last per stream/episode/leg
pair-stage-probes-4fac772d-yawcal/cases/carry_b-v6e_teacher_lat-_opp_s911_pE2E_L7_Vcal,1752635,1750031,1761280,1757184,5,1,4,2604,4096,D5,
pair-stage-probes-4fac772d-yawcal/cases/carry_b-v6e_teacher_lat-_opp_s911_pE2E_L7_Vcal/checkpoints,366969,364876,376832,372736,4,1,3,2093,4096,D5,
pair-stage-probes-4fac772d-yawcal/cases/carry_b-v6e_teacher_lat-_opp_s911_pE2E_L7_Vcal/eval_only,685968,685968,692224,692224,2,0,2,0,0,,
pair-stage-probes-4fac772d-yawcal/cases/carry_b-v6e_teacher_lat-_opp_s911_pE2E_L7_Vcal/frames,0,0,0,0,0,0,0,0,0,,
pair-stage-probes-4fac772d-yawcal/cases/carry_b-v6e_teacher_lat-_opp_s911_pE2E_L7_Vcal/frames/r1,2487794,484512,3063808,589824,243,198,45,2003282,2473984,D1,first + >=1 SIM second since last sample + last per stream/episode/leg
pair-stage-probes-4fac772d-yawcal/cases/carry_b-v6e_teacher_lat-_opp_s911_pE2E_L7_Vcal/frames/r2,2377183,302367,3063808,385024,243,214,29,2074816,2678784,D1,first + >=1 SIM second since last sample + last per stream/episode/leg
pair-stage-probes-4fac772d-yawcal/cases/carry_b-v6e_teacher_lat-_opp_s911_pE2E_L7_Vcal/frames/r3,1658880,356352,1658880,356352,135,106,29,1302528,1302528,D1,first + >=1 SIM second since last sample + last per stream/episode/leg
pair-stage-probes-4fac772d-yawcal/cases/carry_b-v6e_teacher_lat-_opp_s911_pE2E_Vcal,1730132,1584039,1744896,1593344,5,2,3,146093,151552,D5,
pair-stage-probes-4fac772d-yawcal/cases/carry_b-v6e_teacher_lat-_opp_s911_pE2E_Vcal/checkpoints,372606,370513,380928,376832,4,1,3,2093,4096,D5,
pair-stage-probes-4fac772d-yawcal/cases/carry_b-v6e_teacher_lat-_opp_s911_pE2E_Vcal/eval_only,667858,667858,671744,671744,2,0,2,0,0,,
pair-stage-probes-4fac772d-yawcal/cases/carry_b-v6e_teacher_lat-_opp_s911_pE2E_Vcal/frames,0,0,0,0,0,0,0,0,0,,
pair-stage-probes-4fac772d-yawcal/cases/carry_b-v6e_teacher_lat-_opp_s911_pE2E_Vcal/frames/r1,2913188,588879,3055616,626688,236,192,44,2324309,2428928,D1,first + >=1 SIM second since last sample + last per stream/episode/leg
pair-stage-probes-4fac772d-yawcal/cases/carry_b-v6e_teacher_lat-_opp_s911_pE2E_Vcal/frames/r2,2776800,372903,3031040,405504,236,207,29,2403897,2625536,D1,first + >=1 SIM second since last sample + last per stream/episode/leg
pair-stage-probes-4fac772d-yawcal/cases/carry_b-v6e_teacher_lat-_opp_s911_pE2E_Vcal/frames/r3,1609728,356352,1609728,356352,131,102,29,1253376,1253376,D1,first + >=1 SIM second since last sample + last per stream/episode/leg
pair-stage-probes-4fac772d-yawcal/cases/carry_b-v6e_teacher_nominal_s911_pE2E_L1_Vcal,2019225,1858629,2027520,1863680,5,2,3,160596,163840,D5,
pair-stage-probes-4fac772d-yawcal/cases/carry_b-v6e_teacher_nominal_s911_pE2E_L1_Vcal/checkpoints,342299,338121,352256,344064,4,2,2,4178,8192,D5,
pair-stage-probes-4fac772d-yawcal/cases/carry_b-v6e_teacher_nominal_s911_pE2E_L1_Vcal/eval_only,779048,779048,782336,782336,2,0,2,0,0,,
pair-stage-probes-4fac772d-yawcal/cases/carry_b-v6e_teacher_nominal_s911_pE2E_L1_Vcal/frames,0,0,0,0,0,0,0,0,0,,
pair-stage-probes-4fac772d-yawcal/cases/carry_b-v6e_teacher_nominal_s911_pE2E_L1_Vcal/frames/r1,3147757,604888,3563520,675840,279,230,49,2542869,2887680,D1,first + >=1 SIM second since last sample + last per stream/episode/leg
pair-stage-probes-4fac772d-yawcal/cases/carry_b-v6e_teacher_nominal_s911_pE2E_L1_Vcal/frames/r2,3068648,390535,3555328,450560,279,246,33,2678113,3104768,D1,first + >=1 SIM second since last sample + last per stream/episode/leg
pair-stage-probes-4fac772d-yawcal/cases/carry_b-v6e_teacher_nominal_s911_pE2E_L1_Vcal/frames/r3,1880064,405504,1880064,405504,153,120,33,1474560,1474560,D1,first + >=1 SIM second since last sample + last per stream/episode/leg
pair-stage-probes-4fac772d-yawcal/cases/carry_b-v6e_teacher_nominal_s911_pE2E_L2_Vcal,1658420,1501311,1667072,1507328,5,2,3,157109,159744,D5,
pair-stage-probes-4fac772d-yawcal/cases/carry_b-v6e_teacher_nominal_s911_pE2E_L2_Vcal/checkpoints,313075,309004,319488,311296,4,2,2,4071,8192,D5,
pair-stage-probes-4fac772d-yawcal/cases/carry_b-v6e_teacher_nominal_s911_pE2E_L2_Vcal/eval_only,750488,750488,753664,753664,2,0,2,0,0,,
pair-stage-probes-4fac772d-yawcal/cases/carry_b-v6e_teacher_nominal_s911_pE2E_L2_Vcal/frames,0,0,0,0,0,0,0,0,0,,
pair-stage-probes-4fac772d-yawcal/cases/carry_b-v6e_teacher_nominal_s911_pE2E_L2_Vcal/frames/r1,2834847,539836,3375104,630784,268,220,48,2295011,2744320,D1,first + >=1 SIM second since last sample + last per stream/episode/leg
pair-stage-probes-4fac772d-yawcal/cases/carry_b-v6e_teacher_nominal_s911_pE2E_L2_Vcal/frames/r2,2848664,370647,3416064,438272,268,236,32,2478017,2977792,D1,first + >=1 SIM second since last sample + last per stream/episode/leg
pair-stage-probes-4fac772d-yawcal/cases/carry_b-v6e_teacher_nominal_s911_pE2E_L2_Vcal/frames/r3,1806336,393216,1806336,393216,147,115,32,1413120,1413120,D1,first + >=1 SIM second since last sample + last per stream/episode/leg
pair-stage-probes-4fac772d-yawcal/cases/carry_b-v6e_teacher_nominal_s911_pE2E_L3_Vcal,1768804,1620447,1777664,1626112,5,2,3,148357,151552,D5,
pair-stage-probes-4fac772d-yawcal/cases/carry_b-v6e_teacher_nominal_s911_pE2E_L3_Vcal/checkpoints,341103,336922,352256,344064,4,2,2,4181,8192,D5,
pair-stage-probes-4fac772d-yawcal/cases/carry_b-v6e_teacher_nominal_s911_pE2E_L3_Vcal/eval_only,684706,684706,692224,692224,2,0,2,0,0,,
pair-stage-probes-4fac772d-yawcal/cases/carry_b-v6e_teacher_nominal_s911_pE2E_L3_Vcal/frames,0,0,0,0,0,0,0,0,0,,
pair-stage-probes-4fac772d-yawcal/cases/carry_b-v6e_teacher_nominal_s911_pE2E_L3_Vcal/frames/r1,2541202,499090,3051520,589824,242,197,45,2042112,2461696,D1,first + >=1 SIM second since last sample + last per stream/episode/leg
pair-stage-probes-4fac772d-yawcal/cases/carry_b-v6e_teacher_nominal_s911_pE2E_L3_Vcal/frames/r2,2545020,333028,3096576,401408,242,213,29,2211992,2695168,D1,first + >=1 SIM second since last sample + last per stream/episode/leg
pair-stage-probes-4fac772d-yawcal/cases/carry_b-v6e_teacher_nominal_s911_pE2E_L3_Vcal/frames/r3,1646592,356352,1646592,356352,134,105,29,1290240,1290240,D1,first + >=1 SIM second since last sample + last per stream/episode/leg
pair-stage-probes-4fac772d-yawcal/cases/carry_b-v6e_teacher_nominal_s911_pE2E_L4_Vcal,1825326,1676892,1835008,1683456,5,2,3,148434,151552,D5,
pair-stage-probes-4fac772d-yawcal/cases/carry_b-v6e_teacher_nominal_s911_pE2E_L4_Vcal/checkpoints,338775,334594,344064,335872,4,2,2,4181,8192,D5,
pair-stage-probes-4fac772d-yawcal/cases/carry_b-v6e_teacher_nominal_s911_pE2E_L4_Vcal/eval_only,686146,686146,688128,688128,2,0,2,0,0,,
pair-stage-probes-4fac772d-yawcal/cases/carry_b-v6e_teacher_nominal_s911_pE2E_L4_Vcal/frames,0,0,0,0,0,0,0,0,0,,
pair-stage-probes-4fac772d-yawcal/cases/carry_b-v6e_teacher_nominal_s911_pE2E_L4_Vcal/frames/r1,2581635,510106,3055616,593920,242,197,45,2071529,2461696,D1,first + >=1 SIM second since last sample + last per stream/episode/leg
pair-stage-probes-4fac772d-yawcal/cases/carry_b-v6e_teacher_nominal_s911_pE2E_L4_Vcal/frames/r2,2572162,338222,3096576,401408,242,213,29,2233940,2695168,D1,first + >=1 SIM second since last sample + last per stream/episode/leg
pair-stage-probes-4fac772d-yawcal/cases/carry_b-v6e_teacher_nominal_s911_pE2E_L4_Vcal/frames/r3,1646322,356284,1658880,356352,134,105,29,1290038,1302528,D1,first + >=1 SIM second since last sample + last per stream/episode/leg
pair-stage-probes-4fac772d-yawcal/cases/carry_b-v6e_teacher_nominal_s911_pE2E_L5_Vcal,1816710,1668336,1826816,1675264,5,2,3,148374,151552,D5,
pair-stage-probes-4fac772d-yawcal/cases/carry_b-v6e_teacher_nominal_s911_pE2E_L5_Vcal/checkpoints,337919,333738,344064,335872,4,2,2,4181,8192,D5,
pair-stage-probes-4fac772d-yawcal/cases/carry_b-v6e_teacher_nominal_s911_pE2E_L5_Vcal/eval_only,685796,685796,688128,688128,2,0,2,0,0,,
pair-stage-probes-4fac772d-yawcal/cases/carry_b-v6e_teacher_nominal_s911_pE2E_L5_Vcal/frames,0,0,0,0,0,0,0,0,0,,
pair-stage-probes-4fac772d-yawcal/cases/carry_b-v6e_teacher_nominal_s911_pE2E_L5_Vcal/frames/r1,2546232,505533,3055616,593920,242,197,45,2040699,2461696,D1,first + >=1 SIM second since last sample + last per stream/episode/leg
pair-stage-probes-4fac772d-yawcal/cases/carry_b-v6e_teacher_nominal_s911_pE2E_L5_Vcal/frames/r2,2530486,330729,3092480,401408,242,213,29,2199757,2691072,D1,first + >=1 SIM second since last sample + last per stream/episode/leg
pair-stage-probes-4fac772d-yawcal/cases/carry_b-v6e_teacher_nominal_s911_pE2E_L5_Vcal/frames/r3,1646411,356315,1695744,376832,134,105,29,1290096,1318912,D1,first + >=1 SIM second since last sample + last per stream/episode/leg
pair-stage-probes-4fac772d-yawcal/cases/carry_b-v6e_teacher_nominal_s911_pE2E_L6_Vcal,1853875,1704167,1859584,1708032,5,2,3,149708,151552,D5,
pair-stage-probes-4fac772d-yawcal/cases/carry_b-v6e_teacher_nominal_s911_pE2E_L6_Vcal/checkpoints,336979,332802,344064,335872,4,2,2,4177,8192,D5,
pair-stage-probes-4fac772d-yawcal/cases/carry_b-v6e_teacher_nominal_s911_pE2E_L6_Vcal/eval_only,697146,697146,704512,704512,2,0,2,0,0,,
pair-stage-probes-4fac772d-yawcal/cases/carry_b-v6e_teacher_nominal_s911_pE2E_L6_Vcal/frames,0,0,0,0,0,0,0,0,0,,
pair-stage-probes-4fac772d-yawcal/cases/carry_b-v6e_teacher_nominal_s911_pE2E_L6_Vcal/frames/r1,2500070,483476,3112960,589824,247,202,45,2016594,2523136,D1,first + >=1 SIM second since last sample + last per stream/episode/leg
pair-stage-probes-4fac772d-yawcal/cases/carry_b-v6e_teacher_nominal_s911_pE2E_L6_Vcal/frames/r2,2488700,323744,3117056,397312,247,217,30,2164956,2719744,D1,first + >=1 SIM second since last sample + last per stream/episode/leg
pair-stage-probes-4fac772d-yawcal/cases/carry_b-v6e_teacher_nominal_s911_pE2E_L6_Vcal/frames/r3,1683509,368660,1724416,385024,137,107,30,1314849,1339392,D1,first + >=1 SIM second since last sample + last per stream/episode/leg
pair-stage-probes-4fac772d-yawcal/cases/carry_b-v6e_teacher_nominal_s911_pE2E_L7_Vcal,1757809,1608693,1765376,1613824,5,2,3,149116,151552,D5,
pair-stage-probes-4fac772d-yawcal/cases/carry_b-v6e_teacher_nominal_s911_pE2E_L7_Vcal/checkpoints,366904,364811,376832,372736,4,1,3,2093,4096,D5,
pair-stage-probes-4fac772d-yawcal/cases/carry_b-v6e_teacher_nominal_s911_pE2E_L7_Vcal/eval_only,688029,688029,692224,692224,2,0,2,0,0,,
pair-stage-probes-4fac772d-yawcal/cases/carry_b-v6e_teacher_nominal_s911_pE2E_L7_Vcal/frames,0,0,0,0,0,0,0,0,0,,
pair-stage-probes-4fac772d-yawcal/cases/carry_b-v6e_teacher_nominal_s911_pE2E_L7_Vcal/frames/r1,2439045,478591,3076096,589824,244,199,45,1960454,2486272,D1,first + >=1 SIM second since last sample + last per stream/episode/leg
pair-stage-probes-4fac772d-yawcal/cases/carry_b-v6e_teacher_nominal_s911_pE2E_L7_Vcal/frames/r2,2375311,310166,3076096,397312,244,214,30,2065145,2678784,D1,first + >=1 SIM second since last sample + last per stream/episode/leg
pair-stage-probes-4fac772d-yawcal/cases/carry_b-v6e_teacher_nominal_s911_pE2E_L7_Vcal/frames/r3,1658880,356352,1658880,356352,135,106,29,1302528,1302528,D1,first + >=1 SIM second since last sample + last per stream/episode/leg
pair-stage-probes-4fac772d-yawcal/cases/carry_b-v6e_teacher_nominal_s911_pE2E_Vcal,1725691,1579611,1740800,1589248,5,2,3,146080,151552,D5,
pair-stage-probes-4fac772d-yawcal/cases/carry_b-v6e_teacher_nominal_s911_pE2E_Vcal/checkpoints,372717,368536,376832,368640,4,2,2,4181,8192,D5,
pair-stage-probes-4fac772d-yawcal/cases/carry_b-v6e_teacher_nominal_s911_pE2E_Vcal/eval_only,667660,667660,671744,671744,2,0,2,0,0,,
pair-stage-probes-4fac772d-yawcal/cases/carry_b-v6e_teacher_nominal_s911_pE2E_Vcal/frames,0,0,0,0,0,0,0,0,0,,
pair-stage-probes-4fac772d-yawcal/cases/carry_b-v6e_teacher_nominal_s911_pE2E_Vcal/frames/r1,2851259,580629,3035136,614400,236,192,44,2270630,2420736,D1,first + >=1 SIM second since last sample + last per stream/episode/leg
pair-stage-probes-4fac772d-yawcal/cases/carry_b-v6e_teacher_nominal_s911_pE2E_Vcal/frames/r2,2755024,370162,3035136,405504,236,207,29,2384862,2629632,D1,first + >=1 SIM second since last sample + last per stream/episode/leg
pair-stage-probes-4fac772d-yawcal/cases/carry_b-v6e_teacher_nominal_s911_pE2E_Vcal/frames/r3,1609728,356352,1609728,356352,131,102,29,1253376,1253376,D1,first + >=1 SIM second since last sample + last per stream/episode/leg
pair-stage-probes-4fac772d-yawcal/cases/carry_b-v6e_teacher_nominal_s912_pE2E_L1_Vcal,2019736,1859080,2027520,1863680,5,2,3,160656,163840,D5,
pair-stage-probes-4fac772d-yawcal/cases/carry_b-v6e_teacher_nominal_s912_pE2E_L1_Vcal/checkpoints,342352,338173,352256,344064,4,2,2,4179,8192,D5,
pair-stage-probes-4fac772d-yawcal/cases/carry_b-v6e_teacher_nominal_s912_pE2E_L1_Vcal/eval_only,778354,778354,782336,782336,2,0,2,0,0,,
pair-stage-probes-4fac772d-yawcal/cases/carry_b-v6e_teacher_nominal_s912_pE2E_L1_Vcal/frames,0,0,0,0,0,0,0,0,0,,
pair-stage-probes-4fac772d-yawcal/cases/carry_b-v6e_teacher_nominal_s912_pE2E_L1_Vcal/frames/r1,3147681,604889,3563520,675840,279,230,49,2542792,2887680,D1,first + >=1 SIM second since last sample + last per stream/episode/leg
pair-stage-probes-4fac772d-yawcal/cases/carry_b-v6e_teacher_nominal_s912_pE2E_L1_Vcal/frames/r2,3068248,390577,3555328,450560,279,246,33,2677671,3104768,D1,first + >=1 SIM second since last sample + last per stream/episode/leg
pair-stage-probes-4fac772d-yawcal/cases/carry_b-v6e_teacher_nominal_s912_pE2E_L1_Vcal/frames/r3,1880064,405504,1880064,405504,153,120,33,1474560,1474560,D1,first + >=1 SIM second since last sample + last per stream/episode/leg
pair-stage-probes-4fac772d-yawcal/cases/carry_b-v6e_teacher_nominal_s912_pE2E_L2_Vcal,1658457,1501468,1667072,1507328,5,2,3,156989,159744,D5,
pair-stage-probes-4fac772d-yawcal/cases/carry_b-v6e_teacher_nominal_s912_pE2E_L2_Vcal/checkpoints,312966,308897,319488,311296,4,2,2,4069,8192,D5,
pair-stage-probes-4fac772d-yawcal/cases/carry_b-v6e_teacher_nominal_s912_pE2E_L2_Vcal/eval_only,750650,750650,753664,753664,2,0,2,0,0,,
pair-stage-probes-4fac772d-yawcal/cases/carry_b-v6e_teacher_nominal_s912_pE2E_L2_Vcal/frames,0,0,0,0,0,0,0,0,0,,
pair-stage-probes-4fac772d-yawcal/cases/carry_b-v6e_teacher_nominal_s912_pE2E_L2_Vcal/frames/r1,2834866,539792,3375104,630784,268,220,48,2295074,2744320,D1,first + >=1 SIM second since last sample + last per stream/episode/leg
pair-stage-probes-4fac772d-yawcal/cases/carry_b-v6e_teacher_nominal_s912_pE2E_L2_Vcal/frames/r2,2848651,370672,3416064,438272,268,236,32,2477979,2977792,D1,first + >=1 SIM second since last sample + last per stream/episode/leg
pair-stage-probes-4fac772d-yawcal/cases/carry_b-v6e_teacher_nominal_s912_pE2E_L2_Vcal/frames/r3,1806336,393216,1806336,393216,147,115,32,1413120,1413120,D1,first + >=1 SIM second since last sample + last per stream/episode/leg
pair-stage-probes-4fac772d-yawcal/cases/carry_b-v6e_teacher_nominal_s912_pE2E_L3_Vcal,1769157,1620860,1777664,1626112,5,2,3,148297,151552,D5,
pair-stage-probes-4fac772d-yawcal/cases/carry_b-v6e_teacher_nominal_s912_pE2E_L3_Vcal/checkpoints,371076,366894,376832,368640,4,2,2,4182,8192,D5,
pair-stage-probes-4fac772d-yawcal/cases/carry_b-v6e_teacher_nominal_s912_pE2E_L3_Vcal/eval_only,684784,684784,692224,692224,2,0,2,0,0,,
pair-stage-probes-4fac772d-yawcal/cases/carry_b-v6e_teacher_nominal_s912_pE2E_L3_Vcal/frames,0,0,0,0,0,0,0,0,0,,
pair-stage-probes-4fac772d-yawcal/cases/carry_b-v6e_teacher_nominal_s912_pE2E_L3_Vcal/frames/r1,2541979,499112,3051520,589824,242,197,45,2042867,2461696,D1,first + >=1 SIM second since last sample + last per stream/episode/leg
pair-stage-probes-4fac772d-yawcal/cases/carry_b-v6e_teacher_nominal_s912_pE2E_L3_Vcal/frames/r2,2545105,333027,3096576,401408,242,213,29,2212078,2695168,D1,first + >=1 SIM second since last sample + last per stream/episode/leg
pair-stage-probes-4fac772d-yawcal/cases/carry_b-v6e_teacher_nominal_s912_pE2E_L3_Vcal/frames/r3,1646592,356352,1646592,356352,134,105,29,1290240,1290240,D1,first + >=1 SIM second since last sample + last per stream/episode/leg
pair-stage-probes-4fac772d-yawcal/cases/carry_b-v6e_teacher_nominal_s912_pE2E_L4_Vcal,1825160,1676846,1835008,1683456,5,2,3,148314,151552,D5,
pair-stage-probes-4fac772d-yawcal/cases/carry_b-v6e_teacher_nominal_s912_pE2E_L4_Vcal/checkpoints,338770,334588,344064,335872,4,2,2,4182,8192,D5,
pair-stage-probes-4fac772d-yawcal/cases/carry_b-v6e_teacher_nominal_s912_pE2E_L4_Vcal/eval_only,685581,685581,688128,688128,2,0,2,0,0,,
pair-stage-probes-4fac772d-yawcal/cases/carry_b-v6e_teacher_nominal_s912_pE2E_L4_Vcal/frames,0,0,0,0,0,0,0,0,0,,
pair-stage-probes-4fac772d-yawcal/cases/carry_b-v6e_teacher_nominal_s912_pE2E_L4_Vcal/frames/r1,2581871,510133,3055616,593920,242,197,45,2071738,2461696,D1,first + >=1 SIM second since last sample + last per stream/episode/leg
pair-stage-probes-4fac772d-yawcal/cases/carry_b-v6e_teacher_nominal_s912_pE2E_L4_Vcal/frames/r2,2572482,338182,3096576,401408,242,213,29,2234300,2695168,D1,first + >=1 SIM second since last sample + last per stream/episode/leg
pair-stage-probes-4fac772d-yawcal/cases/carry_b-v6e_teacher_nominal_s912_pE2E_L4_Vcal/frames/r3,1646320,356284,1658880,356352,134,105,29,1290036,1302528,D1,first + >=1 SIM second since last sample + last per stream/episode/leg
pair-stage-probes-4fac772d-yawcal/cases/carry_b-v6e_teacher_nominal_s912_pE2E_L5_Vcal,1815743,1667489,1826816,1675264,5,2,3,148254,151552,D5,
pair-stage-probes-4fac772d-yawcal/cases/carry_b-v6e_teacher_nominal_s912_pE2E_L5_Vcal/checkpoints,337766,333584,344064,335872,4,2,2,4182,8192,D5,
pair-stage-probes-4fac772d-yawcal/cases/carry_b-v6e_teacher_nominal_s912_pE2E_L5_Vcal/eval_only,685896,685896,688128,688128,2,0,2,0,0,,
pair-stage-probes-4fac772d-yawcal/cases/carry_b-v6e_teacher_nominal_s912_pE2E_L5_Vcal/frames,0,0,0,0,0,0,0,0,0,,
pair-stage-probes-4fac772d-yawcal/cases/carry_b-v6e_teacher_nominal_s912_pE2E_L5_Vcal/frames/r1,2546345,505517,3055616,593920,242,197,45,2040828,2461696,D1,first + >=1 SIM second since last sample + last per stream/episode/leg
pair-stage-probes-4fac772d-yawcal/cases/carry_b-v6e_teacher_nominal_s912_pE2E_L5_Vcal/frames/r2,2530268,330660,3092480,401408,242,213,29,2199608,2691072,D1,first + >=1 SIM second since last sample + last per stream/episode/leg
pair-stage-probes-4fac772d-yawcal/cases/carry_b-v6e_teacher_nominal_s912_pE2E_L5_Vcal/frames/r3,1646415,356319,1708032,376832,134,105,29,1290096,1331200,D1,first + >=1 SIM second since last sample + last per stream/episode/leg
pair-stage-probes-4fac772d-yawcal/cases/carry_b-v6e_teacher_nominal_s912_pE2E_L6_Vcal,1854430,1704722,1859584,1708032,5,2,3,149708,151552,D5,
pair-stage-probes-4fac772d-yawcal/cases/carry_b-v6e_teacher_nominal_s912_pE2E_L6_Vcal/checkpoints,336932,332752,344064,335872,4,2,2,4180,8192,D5,
pair-stage-probes-4fac772d-yawcal/cases/carry_b-v6e_teacher_nominal_s912_pE2E_L6_Vcal/eval_only,696729,696729,700416,700416,2,0,2,0,0,,
pair-stage-probes-4fac772d-yawcal/cases/carry_b-v6e_teacher_nominal_s912_pE2E_L6_Vcal/frames,0,0,0,0,0,0,0,0,0,,
pair-stage-probes-4fac772d-yawcal/cases/carry_b-v6e_teacher_nominal_s912_pE2E_L6_Vcal/frames/r1,2499640,483419,3112960,589824,247,202,45,2016221,2523136,D1,first + >=1 SIM second since last sample + last per stream/episode/leg
pair-stage-probes-4fac772d-yawcal/cases/carry_b-v6e_teacher_nominal_s912_pE2E_L6_Vcal/frames/r2,2488894,323800,3117056,397312,247,217,30,2165094,2719744,D1,first + >=1 SIM second since last sample + last per stream/episode/leg
pair-stage-probes-4fac772d-yawcal/cases/carry_b-v6e_teacher_nominal_s912_pE2E_L6_Vcal/frames/r3,1683509,368660,1724416,385024,137,107,30,1314849,1339392,D1,first + >=1 SIM second since last sample + last per stream/episode/leg
pair-stage-probes-4fac772d-yawcal/cases/carry_b-v6e_teacher_nominal_s912_pE2E_L7_Vcal,1751778,1749187,1761280,1757184,5,1,4,2591,4096,D5,
pair-stage-probes-4fac772d-yawcal/cases/carry_b-v6e_teacher_nominal_s912_pE2E_L7_Vcal/checkpoints,366890,364795,376832,372736,4,1,3,2095,4096,D5,
pair-stage-probes-4fac772d-yawcal/cases/carry_b-v6e_teacher_nominal_s912_pE2E_L7_Vcal/eval_only,685356,685356,688128,688128,2,0,2,0,0,,
pair-stage-probes-4fac772d-yawcal/cases/carry_b-v6e_teacher_nominal_s912_pE2E_L7_Vcal/frames,0,0,0,0,0,0,0,0,0,,
pair-stage-probes-4fac772d-yawcal/cases/carry_b-v6e_teacher_nominal_s912_pE2E_L7_Vcal/frames/r1,2430694,478757,3063808,589824,243,198,45,1951937,2473984,D1,first + >=1 SIM second since last sample + last per stream/episode/leg
pair-stage-probes-4fac772d-yawcal/cases/carry_b-v6e_teacher_nominal_s912_pE2E_L7_Vcal/frames/r2,2365922,300869,3063808,385024,243,214,29,2065053,2678784,D1,first + >=1 SIM second since last sample + last per stream/episode/leg
pair-stage-probes-4fac772d-yawcal/cases/carry_b-v6e_teacher_nominal_s912_pE2E_L7_Vcal/frames/r3,1658880,356352,1658880,356352,135,106,29,1302528,1302528,D1,first + >=1 SIM second since last sample + last per stream/episode/leg
pair-stage-probes-4fac772d-yawcal/cases/carry_b-v6e_teacher_nominal_s912_pE2E_Vcal,1725170,1579270,1736704,1589248,5,2,3,145900,147456,D5,
pair-stage-probes-4fac772d-yawcal/cases/carry_b-v6e_teacher_nominal_s912_pE2E_Vcal/checkpoints,372861,368678,380928,372736,4,2,2,4183,8192,D5,
pair-stage-probes-4fac772d-yawcal/cases/carry_b-v6e_teacher_nominal_s912_pE2E_Vcal/eval_only,667011,667011,671744,671744,2,0,2,0,0,,
pair-stage-probes-4fac772d-yawcal/cases/carry_b-v6e_teacher_nominal_s912_pE2E_Vcal/frames,0,0,0,0,0,0,0,0,0,,
pair-stage-probes-4fac772d-yawcal/cases/carry_b-v6e_teacher_nominal_s912_pE2E_Vcal/frames/r1,2850766,580640,3035136,614400,236,192,44,2270126,2420736,D1,first + >=1 SIM second since last sample + last per stream/episode/leg
pair-stage-probes-4fac772d-yawcal/cases/carry_b-v6e_teacher_nominal_s912_pE2E_Vcal/frames/r2,2755224,370142,3035136,405504,236,207,29,2385082,2629632,D1,first + >=1 SIM second since last sample + last per stream/episode/leg
pair-stage-probes-4fac772d-yawcal/cases/carry_b-v6e_teacher_nominal_s912_pE2E_Vcal/frames/r3,1609728,356352,1609728,356352,131,102,29,1253376,1253376,D1,first + >=1 SIM second since last sample + last per stream/episode/leg
pair-stage-probes-4fac772d-yawcal/cases/carry_b-v6e_teacher_nominal_s913_pE2E_L1_Vcal,2019306,1858770,2027520,1863680,5,2,3,160536,163840,D5,
pair-stage-probes-4fac772d-yawcal/cases/carry_b-v6e_teacher_nominal_s913_pE2E_L1_Vcal/checkpoints,342221,338038,352256,344064,4,2,2,4183,8192,D5,
pair-stage-probes-4fac772d-yawcal/cases/carry_b-v6e_teacher_nominal_s913_pE2E_L1_Vcal/eval_only,778457,778457,782336,782336,2,0,2,0,0,,
pair-stage-probes-4fac772d-yawcal/cases/carry_b-v6e_teacher_nominal_s913_pE2E_L1_Vcal/frames,0,0,0,0,0,0,0,0,0,,
pair-stage-probes-4fac772d-yawcal/cases/carry_b-v6e_teacher_nominal_s913_pE2E_L1_Vcal/frames/r1,3147619,604944,3563520,675840,279,230,49,2542675,2887680,D1,first + >=1 SIM second since last sample + last per stream/episode/leg
pair-stage-probes-4fac772d-yawcal/cases/carry_b-v6e_teacher_nominal_s913_pE2E_L1_Vcal/frames/r2,3068430,390528,3555328,450560,279,246,33,2677902,3104768,D1,first + >=1 SIM second since last sample + last per stream/episode/leg
pair-stage-probes-4fac772d-yawcal/cases/carry_b-v6e_teacher_nominal_s913_pE2E_L1_Vcal/frames/r3,1880064,405504,1880064,405504,153,120,33,1474560,1474560,D1,first + >=1 SIM second since last sample + last per stream/episode/leg
pair-stage-probes-4fac772d-yawcal/cases/carry_b-v6e_teacher_nominal_s913_pE2E_L2_Vcal,1658497,1501508,1667072,1507328,5,2,3,156989,159744,D5,
pair-stage-probes-4fac772d-yawcal/cases/carry_b-v6e_teacher_nominal_s913_pE2E_L2_Vcal/checkpoints,313045,308970,319488,311296,4,2,2,4075,8192,D5,
pair-stage-probes-4fac772d-yawcal/cases/carry_b-v6e_teacher_nominal_s913_pE2E_L2_Vcal/eval_only,750672,750672,753664,753664,2,0,2,0,0,,
pair-stage-probes-4fac772d-yawcal/cases/carry_b-v6e_teacher_nominal_s913_pE2E_L2_Vcal/frames,0,0,0,0,0,0,0,0,0,,
pair-stage-probes-4fac772d-yawcal/cases/carry_b-v6e_teacher_nominal_s913_pE2E_L2_Vcal/frames/r1,2834567,539807,3375104,630784,268,220,48,2294760,2744320,D1,first + >=1 SIM second since last sample + last per stream/episode/leg
pair-stage-probes-4fac772d-yawcal/cases/carry_b-v6e_teacher_nominal_s913_pE2E_L2_Vcal/frames/r2,2848617,370607,3416064,438272,268,236,32,2478010,2977792,D1,first + >=1 SIM second since last sample + last per stream/episode/leg
pair-stage-probes-4fac772d-yawcal/cases/carry_b-v6e_teacher_nominal_s913_pE2E_L2_Vcal/frames/r3,1806336,393216,1806336,393216,147,115,32,1413120,1413120,D1,first + >=1 SIM second since last sample + last per stream/episode/leg
pair-stage-probes-4fac772d-yawcal/cases/carry_b-v6e_teacher_nominal_s913_pE2E_L3_Vcal,1768821,1620524,1777664,1626112,5,2,3,148297,151552,D5,
pair-stage-probes-4fac772d-yawcal/cases/carry_b-v6e_teacher_nominal_s913_pE2E_L3_Vcal/checkpoints,341033,336848,352256,344064,4,2,2,4185,8192,D5,
pair-stage-probes-4fac772d-yawcal/cases/carry_b-v6e_teacher_nominal_s913_pE2E_L3_Vcal/eval_only,684716,684716,692224,692224,2,0,2,0,0,,
pair-stage-probes-4fac772d-yawcal/cases/carry_b-v6e_teacher_nominal_s913_pE2E_L3_Vcal/frames,0,0,0,0,0,0,0,0,0,,
pair-stage-probes-4fac772d-yawcal/cases/carry_b-v6e_teacher_nominal_s913_pE2E_L3_Vcal/frames/r1,2541668,499082,3051520,589824,242,197,45,2042586,2461696,D1,first + >=1 SIM second since last sample + last per stream/episode/leg
pair-stage-probes-4fac772d-yawcal/cases/carry_b-v6e_teacher_nominal_s913_pE2E_L3_Vcal/frames/r2,2544816,333024,3096576,401408,242,213,29,2211792,2695168,D1,first + >=1 SIM second since last sample + last per stream/episode/leg
pair-stage-probes-4fac772d-yawcal/cases/carry_b-v6e_teacher_nominal_s913_pE2E_L3_Vcal/frames/r3,1646592,356352,1646592,356352,134,105,29,1290240,1290240,D1,first + >=1 SIM second since last sample + last per stream/episode/leg
pair-stage-probes-4fac772d-yawcal/cases/carry_b-v6e_teacher_nominal_s913_pE2E_L4_Vcal,1825184,1676810,1835008,1683456,5,2,3,148374,151552,D5,
pair-stage-probes-4fac772d-yawcal/cases/carry_b-v6e_teacher_nominal_s913_pE2E_L4_Vcal/checkpoints,338738,334553,344064,335872,4,2,2,4185,8192,D5,
pair-stage-probes-4fac772d-yawcal/cases/carry_b-v6e_teacher_nominal_s913_pE2E_L4_Vcal/eval_only,685916,685916,688128,688128,2,0,2,0,0,,
pair-stage-probes-4fac772d-yawcal/cases/carry_b-v6e_teacher_nominal_s913_pE2E_L4_Vcal/frames,0,0,0,0,0,0,0,0,0,,
pair-stage-probes-4fac772d-yawcal/cases/carry_b-v6e_teacher_nominal_s913_pE2E_L4_Vcal/frames/r1,2581710,509996,3055616,593920,242,197,45,2071714,2461696,D1,first + >=1 SIM second since last sample + last per stream/episode/leg
pair-stage-probes-4fac772d-yawcal/cases/carry_b-v6e_teacher_nominal_s913_pE2E_L4_Vcal/frames/r2,2572461,338241,3096576,401408,242,213,29,2234220,2695168,D1,first + >=1 SIM second since last sample + last per stream/episode/leg
pair-stage-probes-4fac772d-yawcal/cases/carry_b-v6e_teacher_nominal_s913_pE2E_L4_Vcal/frames/r3,1646313,356269,1658880,356352,134,105,29,1290044,1302528,D1,first + >=1 SIM second since last sample + last per stream/episode/leg
pair-stage-probes-4fac772d-yawcal/cases/carry_b-v6e_teacher_nominal_s913_pE2E_L5_Vcal,1816298,1668044,1826816,1675264,5,2,3,148254,151552,D5,
pair-stage-probes-4fac772d-yawcal/cases/carry_b-v6e_teacher_nominal_s913_pE2E_L5_Vcal/checkpoints,337706,333521,344064,335872,4,2,2,4185,8192,D5,
pair-stage-probes-4fac772d-yawcal/cases/carry_b-v6e_teacher_nominal_s913_pE2E_L5_Vcal/eval_only,685628,685628,688128,688128,2,0,2,0,0,,
pair-stage-probes-4fac772d-yawcal/cases/carry_b-v6e_teacher_nominal_s913_pE2E_L5_Vcal/frames,0,0,0,0,0,0,0,0,0,,
pair-stage-probes-4fac772d-yawcal/cases/carry_b-v6e_teacher_nominal_s913_pE2E_L5_Vcal/frames/r1,2546367,505568,3055616,593920,242,197,45,2040799,2461696,D1,first + >=1 SIM second since last sample + last per stream/episode/leg
pair-stage-probes-4fac772d-yawcal/cases/carry_b-v6e_teacher_nominal_s913_pE2E_L5_Vcal/frames/r2,2530397,330683,3092480,401408,242,213,29,2199714,2691072,D1,first + >=1 SIM second since last sample + last per stream/episode/leg
pair-stage-probes-4fac772d-yawcal/cases/carry_b-v6e_teacher_nominal_s913_pE2E_L5_Vcal/frames/r3,1646420,356317,1695744,376832,134,105,29,1290103,1318912,D1,first + >=1 SIM second since last sample + last per stream/episode/leg
pair-stage-probes-4fac772d-yawcal/cases/carry_b-v6e_teacher_nominal_s913_pE2E_L6_Vcal,1853980,1704212,1859584,1708032,5,2,3,149768,151552,D5,
pair-stage-probes-4fac772d-yawcal/cases/carry_b-v6e_teacher_nominal_s913_pE2E_L6_Vcal/checkpoints,336888,332706,344064,335872,4,2,2,4182,8192,D5,
pair-stage-probes-4fac772d-yawcal/cases/carry_b-v6e_teacher_nominal_s913_pE2E_L6_Vcal/eval_only,697377,697377,704512,704512,2,0,2,0,0,,
pair-stage-probes-4fac772d-yawcal/cases/carry_b-v6e_teacher_nominal_s913_pE2E_L6_Vcal/frames,0,0,0,0,0,0,0,0,0,,
pair-stage-probes-4fac772d-yawcal/cases/carry_b-v6e_teacher_nominal_s913_pE2E_L6_Vcal/frames/r1,2499798,483374,3112960,589824,247,202,45,2016424,2523136,D1,first + >=1 SIM second since last sample + last per stream/episode/leg
pair-stage-probes-4fac772d-yawcal/cases/carry_b-v6e_teacher_nominal_s913_pE2E_L6_Vcal/frames/r2,2488810,323731,3117056,397312,247,217,30,2165079,2719744,D1,first + >=1 SIM second since last sample + last per stream/episode/leg
pair-stage-probes-4fac772d-yawcal/cases/carry_b-v6e_teacher_nominal_s913_pE2E_L6_Vcal/frames/r3,1683509,368660,1724416,385024,137,107,30,1314849,1339392,D1,first + >=1 SIM second since last sample + last per stream/episode/leg
pair-stage-probes-4fac772d-yawcal/cases/carry_b-v6e_teacher_nominal_s913_pE2E_L7_Vcal,1751708,1749117,1761280,1757184,5,1,4,2591,4096,D5,
pair-stage-probes-4fac772d-yawcal/cases/carry_b-v6e_teacher_nominal_s913_pE2E_L7_Vcal/checkpoints,366937,364842,376832,372736,4,1,3,2095,4096,D5,
pair-stage-probes-4fac772d-yawcal/cases/carry_b-v6e_teacher_nominal_s913_pE2E_L7_Vcal/eval_only,685434,685434,688128,688128,2,0,2,0,0,,
pair-stage-probes-4fac772d-yawcal/cases/carry_b-v6e_teacher_nominal_s913_pE2E_L7_Vcal/frames,0,0,0,0,0,0,0,0,0,,
pair-stage-probes-4fac772d-yawcal/cases/carry_b-v6e_teacher_nominal_s913_pE2E_L7_Vcal/frames/r1,2431796,479085,3063808,589824,243,198,45,1952711,2473984,D1,first + >=1 SIM second since last sample + last per stream/episode/leg
pair-stage-probes-4fac772d-yawcal/cases/carry_b-v6e_teacher_nominal_s913_pE2E_L7_Vcal/frames/r2,2366320,300837,3063808,385024,243,214,29,2065483,2678784,D1,first + >=1 SIM second since last sample + last per stream/episode/leg
pair-stage-probes-4fac772d-yawcal/cases/carry_b-v6e_teacher_nominal_s913_pE2E_L7_Vcal/frames/r3,1658880,356352,1658880,356352,135,106,29,1302528,1302528,D1,first + >=1 SIM second since last sample + last per stream/episode/leg
pair-stage-probes-4fac772d-yawcal/cases/carry_b-v6e_teacher_nominal_s913_pE2E_Vcal,1725648,1579688,1740800,1589248,5,2,3,145960,151552,D5,
pair-stage-probes-4fac772d-yawcal/cases/carry_b-v6e_teacher_nominal_s913_pE2E_Vcal/checkpoints,342832,338646,352256,344064,4,2,2,4186,8192,D5,
pair-stage-probes-4fac772d-yawcal/cases/carry_b-v6e_teacher_nominal_s913_pE2E_Vcal/eval_only,667235,667235,671744,671744,2,0,2,0,0,,
pair-stage-probes-4fac772d-yawcal/cases/carry_b-v6e_teacher_nominal_s913_pE2E_Vcal/frames,0,0,0,0,0,0,0,0,0,,
pair-stage-probes-4fac772d-yawcal/cases/carry_b-v6e_teacher_nominal_s913_pE2E_Vcal/frames/r1,2851010,580592,3035136,614400,236,192,44,2270418,2420736,D1,first + >=1 SIM second since last sample + last per stream/episode/leg
pair-stage-probes-4fac772d-yawcal/cases/carry_b-v6e_teacher_nominal_s913_pE2E_Vcal/frames/r2,2755020,370157,3035136,405504,236,207,29,2384863,2629632,D1,first + >=1 SIM second since last sample + last per stream/episode/leg
pair-stage-probes-4fac772d-yawcal/cases/carry_b-v6e_teacher_nominal_s913_pE2E_Vcal/frames/r3,1609728,356352,1609728,356352,131,102,29,1253376,1253376,D1,first + >=1 SIM second since last sample + last per stream/episode/leg
pair-stage-probes-4fac772d-yawcal/cases/carry_b-v6e_teacher_yaw+_same_s911_pE2E_L1_Vcal,2019151,2016526,2027520,2023424,5,1,4,2625,4096,D5,
pair-stage-probes-4fac772d-yawcal/cases/carry_b-v6e_teacher_yaw+_same_s911_pE2E_L1_Vcal/checkpoints,372070,367891,380928,372736,4,2,2,4179,8192,D5,
pair-stage-probes-4fac772d-yawcal/cases/carry_b-v6e_teacher_yaw+_same_s911_pE2E_L1_Vcal/eval_only,777115,777115,782336,782336,2,0,2,0,0,,
pair-stage-probes-4fac772d-yawcal/cases/carry_b-v6e_teacher_yaw+_same_s911_pE2E_L1_Vcal/frames,0,0,0,0,0,0,0,0,0,,
pair-stage-probes-4fac772d-yawcal/cases/carry_b-v6e_teacher_yaw+_same_s911_pE2E_L1_Vcal/frames/r1,3176886,607097,3563520,675840,279,230,49,2569789,2887680,D1,first + >=1 SIM second since last sample + last per stream/episode/leg
pair-stage-probes-4fac772d-yawcal/cases/carry_b-v6e_teacher_yaw+_same_s911_pE2E_L1_Vcal/frames/r2,3086679,392396,3555328,450560,279,246,33,2694283,3104768,D1,first + >=1 SIM second since last sample + last per stream/episode/leg
pair-stage-probes-4fac772d-yawcal/cases/carry_b-v6e_teacher_yaw+_same_s911_pE2E_L1_Vcal/frames/r3,1880064,405504,1880064,405504,153,120,33,1474560,1474560,D1,first + >=1 SIM second since last sample + last per stream/episode/leg
pair-stage-probes-4fac772d-yawcal/cases/carry_b-v6e_teacher_yaw+_same_s911_pE2E_L2_Vcal,1663110,1505973,1671168,1511424,5,2,3,157137,159744,D5,
pair-stage-probes-4fac772d-yawcal/cases/carry_b-v6e_teacher_yaw+_same_s911_pE2E_L2_Vcal/checkpoints,313081,309010,319488,311296,4,2,2,4071,8192,D5,
pair-stage-probes-4fac772d-yawcal/cases/carry_b-v6e_teacher_yaw+_same_s911_pE2E_L2_Vcal/eval_only,749878,749878,753664,753664,2,0,2,0,0,,
pair-stage-probes-4fac772d-yawcal/cases/carry_b-v6e_teacher_yaw+_same_s911_pE2E_L2_Vcal/frames,0,0,0,0,0,0,0,0,0,,
pair-stage-probes-4fac772d-yawcal/cases/carry_b-v6e_teacher_yaw+_same_s911_pE2E_L2_Vcal/frames/r1,2865663,542679,3375104,630784,268,220,48,2322984,2744320,D1,first + >=1 SIM second since last sample + last per stream/episode/leg
pair-stage-probes-4fac772d-yawcal/cases/carry_b-v6e_teacher_yaw+_same_s911_pE2E_L2_Vcal/frames/r2,2869171,373065,3416064,438272,268,236,32,2496106,2977792,D1,first + >=1 SIM second since last sample + last per stream/episode/leg
pair-stage-probes-4fac772d-yawcal/cases/carry_b-v6e_teacher_yaw+_same_s911_pE2E_L2_Vcal/frames/r3,1806336,393216,1806336,393216,147,115,32,1413120,1413120,D1,first + >=1 SIM second since last sample + last per stream/episode/leg
pair-stage-probes-4fac772d-yawcal/cases/carry_b-v6e_teacher_yaw+_same_s911_pE2E_L3_Vcal,1769065,1620620,1777664,1626112,5,2,3,148445,151552,D5,
pair-stage-probes-4fac772d-yawcal/cases/carry_b-v6e_teacher_yaw+_same_s911_pE2E_L3_Vcal/checkpoints,311694,307511,319488,311296,4,2,2,4183,8192,D5,
pair-stage-probes-4fac772d-yawcal/cases/carry_b-v6e_teacher_yaw+_same_s911_pE2E_L3_Vcal/eval_only,683855,683855,688128,688128,2,0,2,0,0,,
pair-stage-probes-4fac772d-yawcal/cases/carry_b-v6e_teacher_yaw+_same_s911_pE2E_L3_Vcal/frames,0,0,0,0,0,0,0,0,0,,
pair-stage-probes-4fac772d-yawcal/cases/carry_b-v6e_teacher_yaw+_same_s911_pE2E_L3_Vcal/frames/r1,2565752,501121,3051520,589824,242,197,45,2064631,2461696,D1,first + >=1 SIM second since last sample + last per stream/episode/leg
pair-stage-probes-4fac772d-yawcal/cases/carry_b-v6e_teacher_yaw+_same_s911_pE2E_L3_Vcal/frames/r2,2565172,335817,3092480,401408,242,213,29,2229355,2691072,D1,first + >=1 SIM second since last sample + last per stream/episode/leg
pair-stage-probes-4fac772d-yawcal/cases/carry_b-v6e_teacher_yaw+_same_s911_pE2E_L3_Vcal/frames/r3,1646592,356352,1646592,356352,134,105,29,1290240,1290240,D1,first + >=1 SIM second since last sample + last per stream/episode/leg
pair-stage-probes-4fac772d-yawcal/cases/carry_b-v6e_teacher_yaw+_same_s911_pE2E_L4_Vcal,1825539,1676897,1835008,1683456,5,2,3,148642,151552,D5,
pair-stage-probes-4fac772d-yawcal/cases/carry_b-v6e_teacher_yaw+_same_s911_pE2E_L4_Vcal/checkpoints,309647,305464,319488,311296,4,2,2,4183,8192,D5,
pair-stage-probes-4fac772d-yawcal/cases/carry_b-v6e_teacher_yaw+_same_s911_pE2E_L4_Vcal/eval_only,684811,684811,688128,688128,2,0,2,0,0,,
pair-stage-probes-4fac772d-yawcal/cases/carry_b-v6e_teacher_yaw+_same_s911_pE2E_L4_Vcal/frames,0,0,0,0,0,0,0,0,0,,
pair-stage-probes-4fac772d-yawcal/cases/carry_b-v6e_teacher_yaw+_same_s911_pE2E_L4_Vcal/frames/r1,2604291,512378,3055616,593920,242,197,45,2091913,2461696,D1,first + >=1 SIM second since last sample + last per stream/episode/leg
pair-stage-probes-4fac772d-yawcal/cases/carry_b-v6e_teacher_yaw+_same_s911_pE2E_L4_Vcal/frames/r2,2591764,340544,3092480,401408,242,213,29,2251220,2691072,D1,first + >=1 SIM second since last sample + last per stream/episode/leg
pair-stage-probes-4fac772d-yawcal/cases/carry_b-v6e_teacher_yaw+_same_s911_pE2E_L4_Vcal/frames/r3,1646272,356273,1654784,356352,134,105,29,1289999,1298432,D1,first + >=1 SIM second since last sample + last per stream/episode/leg
pair-stage-probes-4fac772d-yawcal/cases/carry_b-v6e_teacher_yaw+_same_s911_pE2E_L5_Vcal,1816415,1667893,1826816,1675264,5,2,3,148522,151552,D5,
pair-stage-probes-4fac772d-yawcal/cases/carry_b-v6e_teacher_yaw+_same_s911_pE2E_L5_Vcal/checkpoints,308714,304531,319488,311296,4,2,2,4183,8192,D5,
pair-stage-probes-4fac772d-yawcal/cases/carry_b-v6e_teacher_yaw+_same_s911_pE2E_L5_Vcal/eval_only,684745,684745,688128,688128,2,0,2,0,0,,
pair-stage-probes-4fac772d-yawcal/cases/carry_b-v6e_teacher_yaw+_same_s911_pE2E_L5_Vcal/frames,0,0,0,0,0,0,0,0,0,,
pair-stage-probes-4fac772d-yawcal/cases/carry_b-v6e_teacher_yaw+_same_s911_pE2E_L5_Vcal/frames/r1,2559510,506454,3055616,593920,242,197,45,2053056,2461696,D1,first + >=1 SIM second since last sample + last per stream/episode/leg
pair-stage-probes-4fac772d-yawcal/cases/carry_b-v6e_teacher_yaw+_same_s911_pE2E_L5_Vcal/frames/r2,2553045,333829,3092480,401408,242,213,29,2219216,2691072,D1,first + >=1 SIM second since last sample + last per stream/episode/leg
pair-stage-probes-4fac772d-yawcal/cases/carry_b-v6e_teacher_yaw+_same_s911_pE2E_L5_Vcal/frames/r3,1646305,356292,1699840,368640,134,105,29,1290013,1331200,D1,first + >=1 SIM second since last sample + last per stream/episode/leg
pair-stage-probes-4fac772d-yawcal/cases/carry_b-v6e_teacher_yaw+_same_s911_pE2E_L6_Vcal,1854077,1704161,1859584,1708032,5,2,3,149916,151552,D5,
pair-stage-probes-4fac772d-yawcal/cases/carry_b-v6e_teacher_yaw+_same_s911_pE2E_L6_Vcal/checkpoints,307871,305776,315392,311296,4,1,3,2095,4096,D5,
pair-stage-probes-4fac772d-yawcal/cases/carry_b-v6e_teacher_yaw+_same_s911_pE2E_L6_Vcal/eval_only,695670,695670,700416,700416,2,0,2,0,0,,
pair-stage-probes-4fac772d-yawcal/cases/carry_b-v6e_teacher_yaw+_same_s911_pE2E_L6_Vcal/frames,0,0,0,0,0,0,0,0,0,,
pair-stage-probes-4fac772d-yawcal/cases/carry_b-v6e_teacher_yaw+_same_s911_pE2E_L6_Vcal/frames/r1,2526873,485877,3112960,589824,247,202,45,2040996,2523136,D1,first + >=1 SIM second since last sample + last per stream/episode/leg
pair-stage-probes-4fac772d-yawcal/cases/carry_b-v6e_teacher_yaw+_same_s911_pE2E_L6_Vcal/frames/r2,2510909,325941,3117056,397312,247,217,30,2184968,2719744,D1,first + >=1 SIM second since last sample + last per stream/episode/leg
pair-stage-probes-4fac772d-yawcal/cases/carry_b-v6e_teacher_yaw+_same_s911_pE2E_L6_Vcal/frames/r3,1683464,368645,1691648,372736,137,107,30,1314819,1318912,D1,first + >=1 SIM second since last sample + last per stream/episode/leg
pair-stage-probes-4fac772d-yawcal/cases/carry_b-v6e_teacher_yaw+_same_s911_pE2E_L7_Vcal,1762931,1613667,1773568,1622016,5,2,3,149264,151552,D5,
pair-stage-probes-4fac772d-yawcal/cases/carry_b-v6e_teacher_yaw+_same_s911_pE2E_L7_Vcal/checkpoints,337090,334996,344064,339968,4,1,3,2094,4096,D5,
pair-stage-probes-4fac772d-yawcal/cases/carry_b-v6e_teacher_yaw+_same_s911_pE2E_L7_Vcal/eval_only,686622,686622,692224,692224,2,0,2,0,0,,
pair-stage-probes-4fac772d-yawcal/cases/carry_b-v6e_teacher_yaw+_same_s911_pE2E_L7_Vcal/frames,0,0,0,0,0,0,0,0,0,,
pair-stage-probes-4fac772d-yawcal/cases/carry_b-v6e_teacher_yaw+_same_s911_pE2E_L7_Vcal/frames/r1,2463446,480224,3076096,589824,244,199,45,1983222,2486272,D1,first + >=1 SIM second since last sample + last per stream/episode/leg
pair-stage-probes-4fac772d-yawcal/cases/carry_b-v6e_teacher_yaw+_same_s911_pE2E_L7_Vcal/frames/r2,2399773,313181,3076096,397312,244,214,30,2086592,2678784,D1,first + >=1 SIM second since last sample + last per stream/episode/leg
pair-stage-probes-4fac772d-yawcal/cases/carry_b-v6e_teacher_yaw+_same_s911_pE2E_L7_Vcal/frames/r3,1658880,356352,1658880,356352,135,106,29,1302528,1302528,D1,first + >=1 SIM second since last sample + last per stream/episode/leg
pair-stage-probes-4fac772d-yawcal/cases/carry_b-v6e_teacher_yaw+_same_s911_pE2E_Vcal,1726289,1580121,1740800,1589248,5,2,3,146168,151552,D5,
pair-stage-probes-4fac772d-yawcal/cases/carry_b-v6e_teacher_yaw+_same_s911_pE2E_Vcal/checkpoints,342438,338256,352256,344064,4,2,2,4182,8192,D5,
pair-stage-probes-4fac772d-yawcal/cases/carry_b-v6e_teacher_yaw+_same_s911_pE2E_Vcal/eval_only,666164,666164,667648,667648,2,0,2,0,0,,
pair-stage-probes-4fac772d-yawcal/cases/carry_b-v6e_teacher_yaw+_same_s911_pE2E_Vcal/frames,0,0,0,0,0,0,0,0,0,,
pair-stage-probes-4fac772d-yawcal/cases/carry_b-v6e_teacher_yaw+_same_s911_pE2E_Vcal/frames/r1,2879826,582883,3035136,614400,236,192,44,2296943,2420736,D1,first + >=1 SIM second since last sample + last per stream/episode/leg
pair-stage-probes-4fac772d-yawcal/cases/carry_b-v6e_teacher_yaw+_same_s911_pE2E_Vcal/frames/r2,2765241,371368,3035136,405504,236,207,29,2393873,2629632,D1,first + >=1 SIM second since last sample + last per stream/episode/leg
pair-stage-probes-4fac772d-yawcal/cases/carry_b-v6e_teacher_yaw+_same_s911_pE2E_Vcal/frames/r3,1609728,356352,1609728,356352,131,102,29,1253376,1253376,D1,first + >=1 SIM second since last sample + last per stream/episode/leg
pair-stage-probes-4fac772d-yawhA,1441259,1441259,1454080,1454080,5,0,5,0,0,,
pair-stage-probes-4fac772d-yawhA/cases,56706,56706,81920,81920,20,0,20,0,0,,
pair-stage-probes-4fac772d-yawhA/cases/carry_b-v6e_teacher_nominal_s914_pE2E_L1_VhA,2008874,2008874,2015232,2015232,5,0,5,0,0,,
pair-stage-probes-4fac772d-yawhA/cases/carry_b-v6e_teacher_nominal_s914_pE2E_L1_VhA/checkpoints,341500,341500,352256,352256,4,0,4,0,0,,
pair-stage-probes-4fac772d-yawhA/cases/carry_b-v6e_teacher_nominal_s914_pE2E_L1_VhA/eval_only,776939,776939,778240,778240,2,0,2,0,0,,
pair-stage-probes-4fac772d-yawhA/cases/carry_b-v6e_teacher_nominal_s914_pE2E_L1_VhA/frames,0,0,0,0,0,0,0,0,0,,
pair-stage-probes-4fac772d-yawhA/cases/carry_b-v6e_teacher_nominal_s914_pE2E_L1_VhA/frames/r1,3154361,605190,3563520,675840,279,230,49,2549171,2887680,D1,first + >=1 SIM second since last sample + last per stream/episode/leg
pair-stage-probes-4fac772d-yawhA/cases/carry_b-v6e_teacher_nominal_s914_pE2E_L1_VhA/frames/r2,3055373,388968,3555328,450560,279,246,33,2666405,3104768,D1,first + >=1 SIM second since last sample + last per stream/episode/leg
pair-stage-probes-4fac772d-yawhA/cases/carry_b-v6e_teacher_nominal_s914_pE2E_L1_VhA/frames/r3,1880064,405504,1880064,405504,153,120,33,1474560,1474560,D1,first + >=1 SIM second since last sample + last per stream/episode/leg
pair-stage-probes-4fac772d-yawhA/cases/carry_b-v6e_teacher_nominal_s914_pE2E_L3_VhA,1773225,1773225,1781760,1781760,5,0,5,0,0,,
pair-stage-probes-4fac772d-yawhA/cases/carry_b-v6e_teacher_nominal_s914_pE2E_L3_VhA/checkpoints,340682,340682,352256,352256,4,0,4,0,0,,
pair-stage-probes-4fac772d-yawhA/cases/carry_b-v6e_teacher_nominal_s914_pE2E_L3_VhA/eval_only,683842,683842,688128,688128,2,0,2,0,0,,
pair-stage-probes-4fac772d-yawhA/cases/carry_b-v6e_teacher_nominal_s914_pE2E_L3_VhA/frames,0,0,0,0,0,0,0,0,0,,
pair-stage-probes-4fac772d-yawhA/cases/carry_b-v6e_teacher_nominal_s914_pE2E_L3_VhA/frames/r1,2537493,496831,3051520,589824,242,197,45,2040662,2461696,D1,first + >=1 SIM second since last sample + last per stream/episode/leg
pair-stage-probes-4fac772d-yawhA/cases/carry_b-v6e_teacher_nominal_s914_pE2E_L3_VhA/frames/r2,2531015,329442,3092480,401408,242,213,29,2201573,2691072,D1,first + >=1 SIM second since last sample + last per stream/episode/leg
pair-stage-probes-4fac772d-yawhA/cases/carry_b-v6e_teacher_nominal_s914_pE2E_L3_VhA/frames/r3,1646592,356352,1646592,356352,134,105,29,1290240,1290240,D1,first + >=1 SIM second since last sample + last per stream/episode/leg
pair-stage-probes-4fac772d-yawhA/cases/carry_b-v6e_teacher_nominal_s914_pE2E_L6_VhA,1849510,1849510,1855488,1855488,5,0,5,0,0,,
pair-stage-probes-4fac772d-yawhA/cases/carry_b-v6e_teacher_nominal_s914_pE2E_L6_VhA/checkpoints,336998,334903,344064,339968,4,1,3,2095,4096,D5,
pair-stage-probes-4fac772d-yawhA/cases/carry_b-v6e_teacher_nominal_s914_pE2E_L6_VhA/eval_only,696378,696378,700416,700416,2,0,2,0,0,,
pair-stage-probes-4fac772d-yawhA/cases/carry_b-v6e_teacher_nominal_s914_pE2E_L6_VhA/frames,0,0,0,0,0,0,0,0,0,,
pair-stage-probes-4fac772d-yawhA/cases/carry_b-v6e_teacher_nominal_s914_pE2E_L6_VhA/frames/r1,2520041,487140,3112960,589824,247,202,45,2032901,2523136,D1,first + >=1 SIM second since last sample + last per stream/episode/leg
pair-stage-probes-4fac772d-yawhA/cases/carry_b-v6e_teacher_nominal_s914_pE2E_L6_VhA/frames/r2,2490873,323623,3117056,397312,247,217,30,2167250,2719744,D1,first + >=1 SIM second since last sample + last per stream/episode/leg
pair-stage-probes-4fac772d-yawhA/cases/carry_b-v6e_teacher_nominal_s914_pE2E_L6_VhA/frames/r3,1683374,368610,1683456,368640,137,107,30,1314764,1314816,D1,first + >=1 SIM second since last sample + last per stream/episode/leg
pair-stage-probes-4fac772d-yawhA/cases/carry_b-v6e_teacher_nominal_s914_pE2E_L7_VhA,1747209,1747209,1753088,1753088,5,0,5,0,0,,
pair-stage-probes-4fac772d-yawhA/cases/carry_b-v6e_teacher_nominal_s914_pE2E_L7_VhA/checkpoints,337087,334992,344064,339968,4,1,3,2095,4096,D5,
pair-stage-probes-4fac772d-yawhA/cases/carry_b-v6e_teacher_nominal_s914_pE2E_L7_VhA/eval_only,683530,683530,688128,688128,2,0,2,0,0,,
pair-stage-probes-4fac772d-yawhA/cases/carry_b-v6e_teacher_nominal_s914_pE2E_L7_VhA/frames,0,0,0,0,0,0,0,0,0,,
pair-stage-probes-4fac772d-yawhA/cases/carry_b-v6e_teacher_nominal_s914_pE2E_L7_VhA/frames/r1,2439801,481624,3051520,589824,242,197,45,1958177,2461696,D1,first + >=1 SIM second since last sample + last per stream/episode/leg
pair-stage-probes-4fac772d-yawhA/cases/carry_b-v6e_teacher_nominal_s914_pE2E_L7_VhA/frames/r2,2363504,302017,3051520,385024,242,213,29,2061487,2666496,D1,first + >=1 SIM second since last sample + last per stream/episode/leg
pair-stage-probes-4fac772d-yawhA/cases/carry_b-v6e_teacher_nominal_s914_pE2E_L7_VhA/frames/r3,1646592,356352,1646592,356352,134,105,29,1290240,1290240,D1,first + >=1 SIM second since last sample + last per stream/episode/leg
pair-stage-probes-4fac772d-yawhA/cases/carry_b-v6e_teacher_nominal_s914_pE2E_VhA,1877222,1877222,1888256,1888256,5,0,5,0,0,,
pair-stage-probes-4fac772d-yawhA/cases/carry_b-v6e_teacher_nominal_s914_pE2E_VhA/checkpoints,342197,342197,352256,352256,4,0,4,0,0,,
pair-stage-probes-4fac772d-yawhA/cases/carry_b-v6e_teacher_nominal_s914_pE2E_VhA/eval_only,721672,721672,729088,729088,2,0,2,0,0,,
pair-stage-probes-4fac772d-yawhA/cases/carry_b-v6e_teacher_nominal_s914_pE2E_VhA/frames,0,0,0,0,0,0,0,0,0,,
pair-stage-probes-4fac772d-yawhA/cases/carry_b-v6e_teacher_nominal_s914_pE2E_VhA/frames/r1,3105639,603765,3293184,638976,257,211,46,2501874,2654208,D1,first + >=1 SIM second since last sample + last per stream/episode/leg
pair-stage-probes-4fac772d-yawhA/cases/carry_b-v6e_teacher_nominal_s914_pE2E_VhA/frames/r2,2991307,394152,3293184,430080,257,226,31,2597155,2863104,D1,first + >=1 SIM second since last sample + last per stream/episode/leg
pair-stage-probes-4fac772d-yawhA/cases/carry_b-v6e_teacher_nominal_s914_pE2E_VhA/frames/r3,1744896,380928,1744896,380928,142,111,31,1363968,1363968,D1,first + >=1 SIM second since last sample + last per stream/episode/leg
pair-stage-probes-4fac772d-yawhA/cases/carry_b-v6e_teacher_yaw-_opp_s911_pE2E_L1_VhA,2024971,2024971,2031616,2031616,5,0,5,0,0,,
pair-stage-probes-4fac772d-yawhA/cases/carry_b-v6e_teacher_yaw-_opp_s911_pE2E_L1_VhA/checkpoints,341925,341925,352256,352256,4,0,4,0,0,,
pair-stage-probes-4fac772d-yawhA/cases/carry_b-v6e_teacher_yaw-_opp_s911_pE2E_L1_VhA/eval_only,778572,778572,782336,782336,2,0,2,0,0,,
pair-stage-probes-4fac772d-yawhA/cases/carry_b-v6e_teacher_yaw-_opp_s911_pE2E_L1_VhA/frames,0,0,0,0,0,0,0,0,0,,
pair-stage-probes-4fac772d-yawhA/cases/carry_b-v6e_teacher_yaw-_opp_s911_pE2E_L1_VhA/frames/r1,3187049,608766,3563520,675840,279,230,49,2578283,2887680,D1,first + >=1 SIM second since last sample + last per stream/episode/leg
pair-stage-probes-4fac772d-yawhA/cases/carry_b-v6e_teacher_yaw-_opp_s911_pE2E_L1_VhA/frames/r2,3077072,391214,3555328,450560,279,246,33,2685858,3104768,D1,first + >=1 SIM second since last sample + last per stream/episode/leg
pair-stage-probes-4fac772d-yawhA/cases/carry_b-v6e_teacher_yaw-_opp_s911_pE2E_L1_VhA/frames/r3,1880064,405504,1880064,405504,153,120,33,1474560,1474560,D1,first + >=1 SIM second since last sample + last per stream/episode/leg
pair-stage-probes-4fac772d-yawhA/cases/carry_b-v6e_teacher_yaw-_opp_s911_pE2E_L3_VhA,1773055,1773055,1781760,1781760,5,0,5,0,0,,
pair-stage-probes-4fac772d-yawhA/cases/carry_b-v6e_teacher_yaw-_opp_s911_pE2E_L3_VhA/checkpoints,340835,338741,352256,348160,4,1,3,2094,4096,D5,
pair-stage-probes-4fac772d-yawhA/cases/carry_b-v6e_teacher_yaw-_opp_s911_pE2E_L3_VhA/eval_only,685540,685540,688128,688128,2,0,2,0,0,,
pair-stage-probes-4fac772d-yawhA/cases/carry_b-v6e_teacher_yaw-_opp_s911_pE2E_L3_VhA/frames,0,0,0,0,0,0,0,0,0,,
pair-stage-probes-4fac772d-yawhA/cases/carry_b-v6e_teacher_yaw-_opp_s911_pE2E_L3_VhA/frames/r1,2568597,499910,3051520,589824,242,197,45,2068687,2461696,D1,first + >=1 SIM second since last sample + last per stream/episode/leg
pair-stage-probes-4fac772d-yawhA/cases/carry_b-v6e_teacher_yaw-_opp_s911_pE2E_L3_VhA/frames/r2,2548938,331753,3092480,401408,242,213,29,2217185,2691072,D1,first + >=1 SIM second since last sample + last per stream/episode/leg
pair-stage-probes-4fac772d-yawhA/cases/carry_b-v6e_teacher_yaw-_opp_s911_pE2E_L3_VhA/frames/r3,1646592,356352,1646592,356352,134,105,29,1290240,1290240,D1,first + >=1 SIM second since last sample + last per stream/episode/leg
pair-stage-probes-4fac772d-yawhA/cases/carry_b-v6e_teacher_yaw-_opp_s911_pE2E_L6_VhA,1849068,1849068,1855488,1855488,5,0,5,0,0,,
pair-stage-probes-4fac772d-yawhA/cases/carry_b-v6e_teacher_yaw-_opp_s911_pE2E_L6_VhA/checkpoints,337353,335259,344064,339968,4,1,3,2094,4096,D5,
pair-stage-probes-4fac772d-yawhA/cases/carry_b-v6e_teacher_yaw-_opp_s911_pE2E_L6_VhA/eval_only,697584,697584,700416,700416,2,0,2,0,0,,
pair-stage-probes-4fac772d-yawhA/cases/carry_b-v6e_teacher_yaw-_opp_s911_pE2E_L6_VhA/frames,0,0,0,0,0,0,0,0,0,,
pair-stage-probes-4fac772d-yawhA/cases/carry_b-v6e_teacher_yaw-_opp_s911_pE2E_L6_VhA/frames/r1,2551683,490067,3112960,589824,247,202,45,2061616,2523136,D1,first + >=1 SIM second since last sample + last per stream/episode/leg
pair-stage-probes-4fac772d-yawhA/cases/carry_b-v6e_teacher_yaw-_opp_s911_pE2E_L6_VhA/frames/r2,2516543,326075,3117056,397312,247,217,30,2190468,2719744,D1,first + >=1 SIM second since last sample + last per stream/episode/leg
pair-stage-probes-4fac772d-yawhA/cases/carry_b-v6e_teacher_yaw-_opp_s911_pE2E_L6_VhA/frames/r3,1683470,368650,1724416,385024,137,107,30,1314820,1339392,D1,first + >=1 SIM second since last sample + last per stream/episode/leg
pair-stage-probes-4fac772d-yawhA/cases/carry_b-v6e_teacher_yaw-_opp_s911_pE2E_L7_VhA,1762331,1762331,1769472,1769472,5,0,5,0,0,,
pair-stage-probes-4fac772d-yawhA/cases/carry_b-v6e_teacher_yaw-_opp_s911_pE2E_L7_VhA/checkpoints,366695,364602,376832,372736,4,1,3,2093,4096,D5,
pair-stage-probes-4fac772d-yawhA/cases/carry_b-v6e_teacher_yaw-_opp_s911_pE2E_L7_VhA/eval_only,689003,689003,692224,692224,2,0,2,0,0,,
pair-stage-probes-4fac772d-yawhA/cases/carry_b-v6e_teacher_yaw-_opp_s911_pE2E_L7_VhA/frames,0,0,0,0,0,0,0,0,0,,
pair-stage-probes-4fac772d-yawhA/cases/carry_b-v6e_teacher_yaw-_opp_s911_pE2E_L7_VhA/frames/r1,2488740,484412,3076096,589824,244,199,45,2004328,2486272,D1,first + >=1 SIM second since last sample + last per stream/episode/leg
pair-stage-probes-4fac772d-yawhA/cases/carry_b-v6e_teacher_yaw-_opp_s911_pE2E_L7_VhA/frames/r2,2406770,313557,3076096,397312,244,214,30,2093213,2678784,D1,first + >=1 SIM second since last sample + last per stream/episode/leg
pair-stage-probes-4fac772d-yawhA/cases/carry_b-v6e_teacher_yaw-_opp_s911_pE2E_L7_VhA/frames/r3,1658880,356352,1658880,356352,135,106,29,1302528,1302528,D1,first + >=1 SIM second since last sample + last per stream/episode/leg
pair-stage-probes-4fac772d-yawhA/cases/carry_b-v6e_teacher_yaw-_opp_s911_pE2E_VhA,1877380,1877380,1888256,1888256,5,0,5,0,0,,
pair-stage-probes-4fac772d-yawhA/cases/carry_b-v6e_teacher_yaw-_opp_s911_pE2E_VhA/checkpoints,372143,372143,380928,380928,4,0,4,0,0,,
pair-stage-probes-4fac772d-yawhA/cases/carry_b-v6e_teacher_yaw-_opp_s911_pE2E_VhA/eval_only,722412,722412,724992,724992,2,0,2,0,0,,
pair-stage-probes-4fac772d-yawhA/cases/carry_b-v6e_teacher_yaw-_opp_s911_pE2E_VhA/frames,0,0,0,0,0,0,0,0,0,,
pair-stage-probes-4fac772d-yawhA/cases/carry_b-v6e_teacher_yaw-_opp_s911_pE2E_VhA/frames/r1,3129856,606248,3293184,638976,257,211,46,2523608,2654208,D1,first + >=1 SIM second since last sample + last per stream/episode/leg
pair-stage-probes-4fac772d-yawhA/cases/carry_b-v6e_teacher_yaw-_opp_s911_pE2E_VhA/frames/r2,3007836,396269,3293184,430080,257,226,31,2611567,2863104,D1,first + >=1 SIM second since last sample + last per stream/episode/leg
pair-stage-probes-4fac772d-yawhA/cases/carry_b-v6e_teacher_yaw-_opp_s911_pE2E_VhA/frames/r3,1744896,380928,1744896,380928,142,111,31,1363968,1363968,D1,first + >=1 SIM second since last sample + last per stream/episode/leg
pair-stage-probes-4fac772d-yawsmoke,425299,425299,438272,438272,5,0,5,0,0,,
pair-stage-probes-4fac772d-yawsmoke/cases,11455,6461,16384,8192,4,2,2,4994,8192,D5,
pair-stage-probes-4fac772d-yawsmoke/cases/carry_b-v6e_teacher_nominal_s911_pE2E_L1_Vcal,2019233,419153,2027520,421888,5,3,2,1600080,1605632,D5,
pair-stage-probes-4fac772d-yawsmoke/cases/carry_b-v6e_teacher_nominal_s911_pE2E_L1_Vcal/checkpoints,342299,338121,352256,344064,4,2,2,4178,8192,D5,
pair-stage-probes-4fac772d-yawsmoke/cases/carry_b-v6e_teacher_nominal_s911_pE2E_L1_Vcal/eval_only,779048,353484,782336,356352,2,1,1,425564,425984,D5,
pair-stage-probes-4fac772d-yawsmoke/cases/carry_b-v6e_teacher_nominal_s911_pE2E_L1_Vcal/frames,0,0,0,0,0,0,0,0,0,,
pair-stage-probes-4fac772d-yawsmoke/cases/carry_b-v6e_teacher_nominal_s911_pE2E_L1_Vcal/frames/r1,3147757,604888,3563520,675840,279,230,49,2542869,2887680,D1,first + >=1 SIM second since last sample + last per stream/episode/leg
pair-stage-probes-4fac772d-yawsmoke/cases/carry_b-v6e_teacher_nominal_s911_pE2E_L1_Vcal/frames/r2,3068648,390535,3555328,450560,279,246,33,2678113,3104768,D1,first + >=1 SIM second since last sample + last per stream/episode/leg
pair-stage-probes-4fac772d-yawsmoke/cases/carry_b-v6e_teacher_nominal_s911_pE2E_L1_Vcal/frames/r3,1880064,405504,1880064,405504,153,120,33,1474560,1474560,D1,first + >=1 SIM second since last sample + last per stream/episode/leg
pair-stage-probes-4fac772d-yawsmoke/cases/carry_b-v6e_teacher_nominal_s911_pE2E_Vcal,1725698,354352,1740800,360448,5,3,2,1371346,1380352,D5,
pair-stage-probes-4fac772d-yawsmoke/cases/carry_b-v6e_teacher_nominal_s911_pE2E_Vcal/checkpoints,372717,368536,376832,368640,4,2,2,4181,8192,D5,
pair-stage-probes-4fac772d-yawsmoke/cases/carry_b-v6e_teacher_nominal_s911_pE2E_Vcal/eval_only,667660,304043,671744,307200,2,1,1,363617,364544,D5,
pair-stage-probes-4fac772d-yawsmoke/cases/carry_b-v6e_teacher_nominal_s911_pE2E_Vcal/frames,0,0,0,0,0,0,0,0,0,,
pair-stage-probes-4fac772d-yawsmoke/cases/carry_b-v6e_teacher_nominal_s911_pE2E_Vcal/frames/r1,2851259,580629,3035136,614400,236,192,44,2270630,2420736,D1,first + >=1 SIM second since last sample + last per stream/episode/leg
pair-stage-probes-4fac772d-yawsmoke/cases/carry_b-v6e_teacher_nominal_s911_pE2E_Vcal/frames/r2,2755024,370162,3035136,405504,236,207,29,2384862,2629632,D1,first + >=1 SIM second since last sample + last per stream/episode/leg
pair-stage-probes-4fac772d-yawsmoke/cases/carry_b-v6e_teacher_nominal_s911_pE2E_Vcal/frames/r3,1609728,356352,1609728,356352,131,102,29,1253376,1253376,D1,first + >=1 SIM second since last sample + last per stream/episode/leg
pair-stage-probes-4fac772d-yawsmoke2,431322,431322,442368,442368,5,0,5,0,0,,
pair-stage-probes-4fac772d-yawsmoke2/cases,11511,6490,16384,8192,4,2,2,5021,8192,D5,
pair-stage-probes-4fac772d-yawsmoke2/cases/carry_b-v6e_teacher_lat-_opp_s911_pE2E_L1_Vcal,2013546,419039,2023424,421888,5,3,2,1594507,1601536,D5,
pair-stage-probes-4fac772d-yawsmoke2/cases/carry_b-v6e_teacher_lat-_opp_s911_pE2E_L1_Vcal/checkpoints,342263,338085,352256,344064,4,2,2,4178,8192,D5,
pair-stage-probes-4fac772d-yawsmoke2/cases/carry_b-v6e_teacher_lat-_opp_s911_pE2E_L1_Vcal/eval_only,779630,352885,786432,356352,2,1,1,426745,430080,D5,
pair-stage-probes-4fac772d-yawsmoke2/cases/carry_b-v6e_teacher_lat-_opp_s911_pE2E_L1_Vcal/frames,0,0,0,0,0,0,0,0,0,,
pair-stage-probes-4fac772d-yawsmoke2/cases/carry_b-v6e_teacher_lat-_opp_s911_pE2E_L1_Vcal/frames/r1,3228148,615712,3559424,671744,279,230,49,2612436,2887680,D1,first + >=1 SIM second since last sample + last per stream/episode/leg
pair-stage-probes-4fac772d-yawsmoke2/cases/carry_b-v6e_teacher_lat-_opp_s911_pE2E_L1_Vcal/frames/r2,3085798,392342,3551232,450560,279,246,33,2693456,3100672,D1,first + >=1 SIM second since last sample + last per stream/episode/leg
pair-stage-probes-4fac772d-yawsmoke2/cases/carry_b-v6e_teacher_lat-_opp_s911_pE2E_L1_Vcal/frames/r3,1880064,405504,1880064,405504,153,120,33,1474560,1474560,D1,first + >=1 SIM second since last sample + last per stream/episode/leg
pair-stage-probes-4fac772d-yawsmoke2/cases/carry_b-v6e_teacher_lat-_opp_s911_pE2E_L3_Vcal,1768644,364121,1777664,368640,5,3,2,1404523,1409024,D5,
pair-stage-probes-4fac772d-yawsmoke2/cases/carry_b-v6e_teacher_lat-_opp_s911_pE2E_L3_Vcal/checkpoints,341267,337086,352256,344064,4,2,2,4181,8192,D5,
pair-stage-probes-4fac772d-yawsmoke2/cases/carry_b-v6e_teacher_lat-_opp_s911_pE2E_L3_Vcal/eval_only,685177,310538,688128,311296,2,1,1,374639,376832,D5,
pair-stage-probes-4fac772d-yawsmoke2/cases/carry_b-v6e_teacher_lat-_opp_s911_pE2E_L3_Vcal/frames,0,0,0,0,0,0,0,0,0,,
pair-stage-probes-4fac772d-yawsmoke2/cases/carry_b-v6e_teacher_lat-_opp_s911_pE2E_L3_Vcal/frames/r1,2593165,506204,3051520,589824,242,197,45,2086961,2461696,D1,first + >=1 SIM second since last sample + last per stream/episode/leg
pair-stage-probes-4fac772d-yawsmoke2/cases/carry_b-v6e_teacher_lat-_opp_s911_pE2E_L3_Vcal/frames/r2,2558288,334328,3096576,401408,242,213,29,2223960,2695168,D1,first + >=1 SIM second since last sample + last per stream/episode/leg
pair-stage-probes-4fac772d-yawsmoke2/cases/carry_b-v6e_teacher_lat-_opp_s911_pE2E_L3_Vcal/frames/r3,1646592,356352,1646592,356352,134,105,29,1290240,1290240,D1,first + >=1 SIM second since last sample + last per stream/episode/leg
pair-stage-probes-6184c119-smoke,283483,283483,299008,299008,5,0,5,0,0,,
pair-stage-probes-6184c119-smoke-managed,431358,431358,434176,434176,2,0,2,0,0,,
pair-stage-probes-6184c119-smoke/cases,16066,16066,49152,49152,12,0,12,0,0,,
pair-stage-probes-6184c119-smoke/cases/align_a+b_teacher_nominal_s911,83101,83101,94208,94208,5,0,5,0,0,,
pair-stage-probes-6184c119-smoke/cases/align_a+b_teacher_nominal_s911/checkpoints,186764,186764,192512,192512,2,0,2,0,0,,
pair-stage-probes-6184c119-smoke/cases/align_a+b_teacher_nominal_s911/eval_only,40002,40002,40960,40960,2,0,2,0,0,,
pair-stage-probes-6184c119-smoke/cases/align_a+b_teacher_nominal_s911/frames,0,0,0,0,0,0,0,0,0,,
pair-stage-probes-6184c119-smoke/cases/align_a+b_teacher_nominal_s911/frames/r1,216390,108210,245760,122880,10,5,5,108180,122880,D1,first + >=1 SIM second since last sample + last per stream/episode/leg
pair-stage-probes-6184c119-smoke/cases/align_a+b_teacher_nominal_s911/frames/r2,205981,103021,245760,122880,10,5,5,102960,122880,D1,first + >=1 SIM second since last sample + last per stream/episode/leg
pair-stage-probes-6184c119-smoke/cases/align_a+b_teacher_nominal_s911/frames/r3,122880,61440,122880,61440,10,5,5,61440,61440,D1,first + >=1 SIM second since last sample + last per stream/episode/leg
pair-stage-probes-6184c119-smoke/cases/align_b-only_teacher_nominal_s911,82150,16695,94208,24576,5,2,3,65455,69632,D5,
pair-stage-probes-6184c119-smoke/cases/align_b-only_teacher_nominal_s911/checkpoints,186764,184810,192512,188416,2,1,1,1954,4096,D5,
pair-stage-probes-6184c119-smoke/cases/align_b-only_teacher_nominal_s911/eval_only,40002,16265,40960,16384,2,1,1,23737,24576,D5,
pair-stage-probes-6184c119-smoke/cases/align_b-only_teacher_nominal_s911/frames,0,0,0,0,0,0,0,0,0,,
pair-stage-probes-6184c119-smoke/cases/align_b-only_teacher_nominal_s911/frames/r1,216390,108210,245760,122880,10,5,5,108180,122880,D1,first + >=1 SIM second since last sample + last per stream/episode/leg
pair-stage-probes-6184c119-smoke/cases/align_b-only_teacher_nominal_s911/frames/r2,205981,103021,245760,122880,10,5,5,102960,122880,D1,first + >=1 SIM second since last sample + last per stream/episode/leg
pair-stage-probes-6184c119-smoke/cases/align_b-only_teacher_nominal_s911/frames/r3,122880,61440,122880,61440,10,5,5,61440,61440,D1,first + >=1 SIM second since last sample + last per stream/episode/leg
pair-stage-probes-6184c119-smoke/cases/grasp_lift_a+b_boundary_corner+++_s911,281568,281568,294912,294912,5,0,5,0,0,,
pair-stage-probes-6184c119-smoke/cases/grasp_lift_a+b_boundary_corner+++_s911/checkpoints,328318,326364,339968,335872,4,1,3,1954,4096,D5,
pair-stage-probes-6184c119-smoke/cases/grasp_lift_a+b_boundary_corner+++_s911/eval_only,70521,70521,73728,73728,2,0,2,0,0,,
pair-stage-probes-6184c119-smoke/cases/grasp_lift_a+b_boundary_corner+++_s911/frames,0,0,0,0,0,0,0,0,0,,
pair-stage-probes-6184c119-smoke/cases/grasp_lift_a+b_boundary_corner+++_s911/frames/r1,454381,270407,479232,282624,23,9,14,183974,196608,D1,first + >=1 SIM second since last sample + last per stream/episode/leg
pair-stage-probes-6184c119-smoke/cases/grasp_lift_a+b_boundary_corner+++_s911/frames/r2,454605,168313,487424,180224,24,15,9,286292,307200,D1,first + >=1 SIM second since last sample + last per stream/episode/leg
pair-stage-probes-6184c119-smoke/cases/grasp_lift_a+b_boundary_corner+++_s911/frames/r3,208896,98304,208896,98304,17,9,8,110592,110592,D1,first + >=1 SIM second since last sample + last per stream/episode/leg
pair-stage-probes-6184c119-smoke/cases/grasp_lift_a+b_teacher_nominal_s911,283691,283691,290816,290816,5,0,5,0,0,,
pair-stage-probes-6184c119-smoke/cases/grasp_lift_a+b_teacher_nominal_s911/checkpoints,332259,330305,344064,339968,4,1,3,1954,4096,D5,
pair-stage-probes-6184c119-smoke/cases/grasp_lift_a+b_teacher_nominal_s911/eval_only,70001,70001,73728,73728,2,0,2,0,0,,
pair-stage-probes-6184c119-smoke/cases/grasp_lift_a+b_teacher_nominal_s911/frames,0,0,0,0,0,0,0,0,0,,
pair-stage-probes-6184c119-smoke/cases/grasp_lift_a+b_teacher_nominal_s911/frames/r1,454626,271555,499712,303104,23,9,14,183071,196608,D1,first + >=1 SIM second since last sample + last per stream/episode/leg
pair-stage-probes-6184c119-smoke/cases/grasp_lift_a+b_teacher_nominal_s911/frames/r2,479688,169293,512000,180224,25,16,9,310395,331776,D1,first + >=1 SIM second since last sample + last per stream/episode/leg
pair-stage-probes-6184c119-smoke/cases/grasp_lift_a+b_teacher_nominal_s911/frames/r3,208896,98304,208896,98304,17,9,8,110592,110592,D1,first + >=1 SIM second since last sample + last per stream/episode/leg
pair-stage-probes-6184c119-smoke/cases/grasp_lift_b-only_boundary_corner+++_s911,428780,368227,434176,372736,5,1,4,60553,61440,D5,
pair-stage-probes-6184c119-smoke/cases/grasp_lift_b-only_boundary_corner+++_s911/checkpoints,328400,326446,339968,335872,4,1,3,1954,4096,D5,
pair-stage-probes-6184c119-smoke/cases/grasp_lift_b-only_boundary_corner+++_s911/eval_only,122775,122775,126976,126976,2,0,2,0,0,,
pair-stage-probes-6184c119-smoke/cases/grasp_lift_b-only_boundary_corner+++_s911/frames,0,0,0,0,0,0,0,0,0,,
pair-stage-probes-6184c119-smoke/cases/grasp_lift_b-only_boundary_corner+++_s911/frames/r1,812845,517740,860160,544768,46,16,30,295105,315392,D1,first + >=1 SIM second since last sample + last per stream/episode/leg
pair-stage-probes-6184c119-smoke/cases/grasp_lift_b-only_boundary_corner+++_s911/frames/r2,795727,258493,864256,278528,47,32,15,537234,585728,D1,first + >=1 SIM second since last sample + last per stream/episode/leg
pair-stage-probes-6184c119-smoke/cases/grasp_lift_b-only_boundary_corner+++_s911/frames/r3,344064,159744,344064,159744,28,15,13,184320,184320,D1,first + >=1 SIM second since last sample + last per stream/episode/leg
pair-stage-probes-6184c119-smoke/cases/grasp_lift_b-only_teacher_nominal_s911,762022,675078,774144,684032,5,1,4,86944,90112,D5,
pair-stage-probes-6184c119-smoke/cases/grasp_lift_b-only_teacher_nominal_s911/checkpoints,332715,330761,344064,339968,4,1,3,1954,4096,D5,
pair-stage-probes-6184c119-smoke/cases/grasp_lift_b-only_teacher_nominal_s911/eval_only,188974,188974,192512,192512,2,0,2,0,0,,
pair-stage-probes-6184c119-smoke/cases/grasp_lift_b-only_teacher_nominal_s911/frames,0,0,0,0,0,0,0,0,0,,
pair-stage-probes-6184c119-smoke/cases/grasp_lift_b-only_teacher_nominal_s911/frames/r1,1233017,558058,1351680,610304,75,42,33,674959,741376,D1,first + >=1 SIM second since last sample + last per stream/episode/leg
pair-stage-probes-6184c119-smoke/cases/grasp_lift_b-only_teacher_nominal_s911/frames/r2,1196760,311291,1335296,344064,76,57,19,885469,991232,D1,first + >=1 SIM second since last sample + last per stream/episode/leg
pair-stage-probes-6184c119-smoke/cases/grasp_lift_b-only_teacher_nominal_s911/frames/r3,528384,196608,528384,196608,43,27,16,331776,331776,D1,first + >=1 SIM second since last sample + last per stream/episode/leg
pair-stage-probes-64767041-dxAllC2,2343197,2343197,2355200,2355200,5,0,5,0,0,,
pair-stage-probes-64767041-dxAllC2/cases,97559,97559,131072,131072,32,0,32,0,0,,
pair-stage-probes-64767041-dxAllC2/cases/carry_b-v6c_teacher_nominal_s912_pE2E_L1_diag-carry_all_three,2027105,2027105,2035712,2035712,5,0,5,0,0,,
pair-stage-probes-64767041-dxAllC2/cases/carry_b-v6c_teacher_nominal_s912_pE2E_L1_diag-carry_all_three/checkpoints,342109,340014,348160,344064,4,1,3,2095,4096,D5,
pair-stage-probes-64767041-dxAllC2/cases/carry_b-v6c_teacher_nominal_s912_pE2E_L1_diag-carry_all_three/eval_only,694796,694796,700416,700416,2,0,2,0,0,,
pair-stage-probes-64767041-dxAllC2/cases/carry_b-v6c_teacher_nominal_s912_pE2E_L1_diag-carry_all_three/frames,0,0,0,0,0,0,0,0,0,,
pair-stage-probes-64767041-dxAllC2/cases/carry_b-v6c_teacher_nominal_s912_pE2E_L1_diag-carry_all_three/frames/r1,3169277,610226,3559424,671744,279,230,49,2559051,2887680,D1,first + >=1 SIM second since last sample + last per stream/episode/leg
pair-stage-probes-64767041-dxAllC2/cases/carry_b-v6c_teacher_nominal_s912_pE2E_L1_diag-carry_all_three/frames/r2,3071109,391152,3555328,450560,279,246,33,2679957,3104768,D1,first + >=1 SIM second since last sample + last per stream/episode/leg
pair-stage-probes-64767041-dxAllC2/cases/carry_b-v6c_teacher_nominal_s912_pE2E_L1_diag-carry_all_three/frames/r3,1880064,405504,1880064,405504,153,120,33,1474560,1474560,D1,first + >=1 SIM second since last sample + last per stream/episode/leg
pair-stage-probes-64767041-dxAllC2/cases/carry_b-v6c_teacher_nominal_s912_pE2E_L2_diag-carry_all_three,1620329,1620329,1630208,1630208,5,0,5,0,0,,
pair-stage-probes-64767041-dxAllC2/cases/carry_b-v6c_teacher_nominal_s912_pE2E_L2_diag-carry_all_three/checkpoints,374025,374025,380928,380928,4,0,4,0,0,,
pair-stage-probes-64767041-dxAllC2/cases/carry_b-v6c_teacher_nominal_s912_pE2E_L2_diag-carry_all_three/eval_only,667949,667949,671744,671744,2,0,2,0,0,,
pair-stage-probes-64767041-dxAllC2/cases/carry_b-v6c_teacher_nominal_s912_pE2E_L2_diag-carry_all_three/frames,0,0,0,0,0,0,0,0,0,,
pair-stage-probes-64767041-dxAllC2/cases/carry_b-v6c_teacher_nominal_s912_pE2E_L2_diag-carry_all_three/frames/r1,2836896,540703,3375104,630784,268,220,48,2296193,2744320,D1,first + >=1 SIM second since last sample + last per stream/episode/leg
pair-stage-probes-64767041-dxAllC2/cases/carry_b-v6c_teacher_nominal_s912_pE2E_L2_diag-carry_all_three/frames/r2,2845234,369101,3416064,438272,268,236,32,2476133,2977792,D1,first + >=1 SIM second since last sample + last per stream/episode/leg
pair-stage-probes-64767041-dxAllC2/cases/carry_b-v6c_teacher_nominal_s912_pE2E_L2_diag-carry_all_three/frames/r3,1806336,393216,1806336,393216,147,115,32,1413120,1413120,D1,first + >=1 SIM second since last sample + last per stream/episode/leg
pair-stage-probes-64767041-dxAllC2/cases/carry_b-v6c_teacher_nominal_s912_pE2E_L3_diag-carry_all_three,1770491,1770491,1777664,1777664,5,0,5,0,0,,
pair-stage-probes-64767041-dxAllC2/cases/carry_b-v6c_teacher_nominal_s912_pE2E_L3_diag-carry_all_three/checkpoints,343722,341627,352256,348160,4,1,3,2095,4096,D5,
pair-stage-probes-64767041-dxAllC2/cases/carry_b-v6c_teacher_nominal_s912_pE2E_L3_diag-carry_all_three/eval_only,614985,614985,618496,618496,2,0,2,0,0,,
pair-stage-probes-64767041-dxAllC2/cases/carry_b-v6c_teacher_nominal_s912_pE2E_L3_diag-carry_all_three/frames,0,0,0,0,0,0,0,0,0,,
pair-stage-probes-64767041-dxAllC2/cases/carry_b-v6c_teacher_nominal_s912_pE2E_L3_diag-carry_all_three/frames/r1,2560275,498824,3080192,593920,244,199,45,2061451,2486272,D1,first + >=1 SIM second since last sample + last per stream/episode/leg
pair-stage-probes-64767041-dxAllC2/cases/carry_b-v6c_teacher_nominal_s912_pE2E_L3_diag-carry_all_three/frames/r2,2565720,342732,3117056,413696,244,214,30,2222988,2703360,D1,first + >=1 SIM second since last sample + last per stream/episode/leg
pair-stage-probes-64767041-dxAllC2/cases/carry_b-v6c_teacher_nominal_s912_pE2E_L3_diag-carry_all_three/frames/r3,1658880,356352,1658880,356352,135,106,29,1302528,1302528,D1,first + >=1 SIM second since last sample + last per stream/episode/leg
pair-stage-probes-64767041-dxAllC2/cases/carry_b-v6c_teacher_nominal_s912_pE2E_L4_diag-carry_all_three,1822758,1822758,1830912,1830912,5,0,5,0,0,,
pair-stage-probes-64767041-dxAllC2/cases/carry_b-v6c_teacher_nominal_s912_pE2E_L4_diag-carry_all_three/checkpoints,340781,336598,348160,339968,4,2,2,4183,8192,D5,
pair-stage-probes-64767041-dxAllC2/cases/carry_b-v6c_teacher_nominal_s912_pE2E_L4_diag-carry_all_three/eval_only,616386,616386,618496,618496,2,0,2,0,0,,
pair-stage-probes-64767041-dxAllC2/cases/carry_b-v6c_teacher_nominal_s912_pE2E_L4_diag-carry_all_three/frames,0,0,0,0,0,0,0,0,0,,
pair-stage-probes-64767041-dxAllC2/cases/carry_b-v6c_teacher_nominal_s912_pE2E_L4_diag-carry_all_three/frames/r1,2599057,510265,3080192,593920,244,199,45,2088792,2486272,D1,first + >=1 SIM second since last sample + last per stream/episode/leg
pair-stage-probes-64767041-dxAllC2/cases/carry_b-v6c_teacher_nominal_s912_pE2E_L4_diag-carry_all_three/frames/r2,2597361,349172,3125248,413696,244,214,30,2248189,2711552,D1,first + >=1 SIM second since last sample + last per stream/episode/leg
pair-stage-probes-64767041-dxAllC2/cases/carry_b-v6c_teacher_nominal_s912_pE2E_L4_diag-carry_all_three/frames/r3,1658658,356320,1671168,364544,135,106,29,1302338,1306624,D1,first + >=1 SIM second since last sample + last per stream/episode/leg
pair-stage-probes-64767041-dxAllC2/cases/carry_b-v6c_teacher_nominal_s912_pE2E_L5_diag-carry_all_three,1822160,1822160,1830912,1830912,5,0,5,0,0,,
pair-stage-probes-64767041-dxAllC2/cases/carry_b-v6c_teacher_nominal_s912_pE2E_L5_diag-carry_all_three/checkpoints,375103,373008,385024,380928,4,1,3,2095,4096,D5,
pair-stage-probes-64767041-dxAllC2/cases/carry_b-v6c_teacher_nominal_s912_pE2E_L5_diag-carry_all_three/eval_only,616263,616263,618496,618496,2,0,2,0,0,,
pair-stage-probes-64767041-dxAllC2/cases/carry_b-v6c_teacher_nominal_s912_pE2E_L5_diag-carry_all_three/frames,0,0,0,0,0,0,0,0,0,,
pair-stage-probes-64767041-dxAllC2/cases/carry_b-v6c_teacher_nominal_s912_pE2E_L5_diag-carry_all_three/frames/r1,2564583,505475,3080192,593920,244,199,45,2059108,2486272,D1,first + >=1 SIM second since last sample + last per stream/episode/leg
pair-stage-probes-64767041-dxAllC2/cases/carry_b-v6c_teacher_nominal_s912_pE2E_L5_diag-carry_all_three/frames/r2,2556753,341199,3121152,413696,244,214,30,2215554,2707456,D1,first + >=1 SIM second since last sample + last per stream/episode/leg
pair-stage-probes-64767041-dxAllC2/cases/carry_b-v6c_teacher_nominal_s912_pE2E_L5_diag-carry_all_three/frames/r3,1658536,356276,1662976,360448,135,106,29,1302260,1302528,D1,first + >=1 SIM second since last sample + last per stream/episode/leg
pair-stage-probes-64767041-dxAllC2/cases/carry_b-v6c_teacher_nominal_s912_pE2E_L6_diag-carry_all_three,1841966,1841966,1847296,1847296,5,0,5,0,0,,
pair-stage-probes-64767041-dxAllC2/cases/carry_b-v6c_teacher_nominal_s912_pE2E_L6_diag-carry_all_three/checkpoints,340040,337945,348160,344064,4,1,3,2095,4096,D5,
pair-stage-probes-64767041-dxAllC2/cases/carry_b-v6c_teacher_nominal_s912_pE2E_L6_diag-carry_all_three/eval_only,621257,621257,622592,622592,2,0,2,0,0,,
pair-stage-probes-64767041-dxAllC2/cases/carry_b-v6c_teacher_nominal_s912_pE2E_L6_diag-carry_all_three/frames,0,0,0,0,0,0,0,0,0,,
pair-stage-probes-64767041-dxAllC2/cases/carry_b-v6c_teacher_nominal_s912_pE2E_L6_diag-carry_all_three/frames/r1,2503860,484506,3112960,589824,247,202,45,2019354,2523136,D1,first + >=1 SIM second since last sample + last per stream/episode/leg
pair-stage-probes-64767041-dxAllC2/cases/carry_b-v6c_teacher_nominal_s912_pE2E_L6_diag-carry_all_three/frames/r2,2495260,324485,3117056,397312,247,217,30,2170775,2719744,D1,first + >=1 SIM second since last sample + last per stream/episode/leg
pair-stage-probes-64767041-dxAllC2/cases/carry_b-v6c_teacher_nominal_s912_pE2E_L6_diag-carry_all_three/frames/r3,1683469,368659,1724416,385024,137,107,30,1314810,1339392,D1,first + >=1 SIM second since last sample + last per stream/episode/leg
pair-stage-probes-64767041-dxAllC2/cases/carry_b-v6c_teacher_nominal_s912_pE2E_L7_diag-carry_all_three,1838310,1838310,1843200,1843200,5,0,5,0,0,,
pair-stage-probes-64767041-dxAllC2/cases/carry_b-v6c_teacher_nominal_s912_pE2E_L7_diag-carry_all_three/checkpoints,375603,373508,385024,380928,4,1,3,2095,4096,D5,
pair-stage-probes-64767041-dxAllC2/cases/carry_b-v6c_teacher_nominal_s912_pE2E_L7_diag-carry_all_three/eval_only,620883,620883,622592,622592,2,0,2,0,0,,
pair-stage-probes-64767041-dxAllC2/cases/carry_b-v6c_teacher_nominal_s912_pE2E_L7_diag-carry_all_three/frames,0,0,0,0,0,0,0,0,0,,
pair-stage-probes-64767041-dxAllC2/cases/carry_b-v6c_teacher_nominal_s912_pE2E_L7_diag-carry_all_three/frames/r1,2468938,478810,3112960,589824,247,202,45,1990128,2523136,D1,first + >=1 SIM second since last sample + last per stream/episode/leg
pair-stage-probes-64767041-dxAllC2/cases/carry_b-v6c_teacher_nominal_s912_pE2E_L7_diag-carry_all_three/frames/r2,2410381,310854,3112960,397312,247,217,30,2099527,2715648,D1,first + >=1 SIM second since last sample + last per stream/episode/leg
pair-stage-probes-64767041-dxAllC2/cases/carry_b-v6c_teacher_nominal_s912_pE2E_L7_diag-carry_all_three/frames/r3,1683453,368637,1683456,368640,137,107,30,1314816,1314816,D1,first + >=1 SIM second since last sample + last per stream/episode/leg
pair-stage-probes-64767041-dxAllC2/cases/carry_b-v6c_teacher_nominal_s912_pE2E_diag-carry_all_three,1563427,1563427,1572864,1572864,5,0,5,0,0,,
pair-stage-probes-64767041-dxAllC2/cases/carry_b-v6c_teacher_nominal_s912_pE2E_diag-carry_all_three/checkpoints,378226,376131,385024,380928,4,1,3,2095,4096,D5,
pair-stage-probes-64767041-dxAllC2/cases/carry_b-v6c_teacher_nominal_s912_pE2E_diag-carry_all_three/eval_only,543415,543415,544768,544768,2,0,2,0,0,,
pair-stage-probes-64767041-dxAllC2/cases/carry_b-v6c_teacher_nominal_s912_pE2E_diag-carry_all_three/frames,0,0,0,0,0,0,0,0,0,,
pair-stage-probes-64767041-dxAllC2/cases/carry_b-v6c_teacher_nominal_s912_pE2E_diag-carry_all_three/frames/r1,2594418,556115,2764800,589824,214,172,42,2038303,2174976,D1,first + >=1 SIM second since last sample + last per stream/episode/leg
pair-stage-probes-64767041-dxAllC2/cases/carry_b-v6c_teacher_nominal_s912_pE2E_diag-carry_all_three/frames/r2,2511443,347552,2764800,380928,214,187,27,2163891,2383872,D1,first + >=1 SIM second since last sample + last per stream/episode/leg
pair-stage-probes-64767041-dxAllC2/cases/carry_b-v6c_teacher_nominal_s912_pE2E_diag-carry_all_three/frames/r3,1474560,319488,1474560,319488,120,94,26,1155072,1155072,D1,first + >=1 SIM second since last sample + last per stream/episode/leg
pair-stage-probes-64767041-dxAllC2/cases/carry_b-v6c_teacher_nominal_s913_pE2E_L1_diag-carry_all_three,2027223,2027223,2035712,2035712,5,0,5,0,0,,
pair-stage-probes-64767041-dxAllC2/cases/carry_b-v6c_teacher_nominal_s913_pE2E_L1_diag-carry_all_three/checkpoints,342278,340182,348160,344064,4,1,3,2096,4096,D5,
pair-stage-probes-64767041-dxAllC2/cases/carry_b-v6c_teacher_nominal_s913_pE2E_L1_diag-carry_all_three/eval_only,694670,694670,700416,700416,2,0,2,0,0,,
pair-stage-probes-64767041-dxAllC2/cases/carry_b-v6c_teacher_nominal_s913_pE2E_L1_diag-carry_all_three/frames,0,0,0,0,0,0,0,0,0,,
pair-stage-probes-64767041-dxAllC2/cases/carry_b-v6c_teacher_nominal_s913_pE2E_L1_diag-carry_all_three/frames/r1,3169722,610206,3559424,671744,279,230,49,2559516,2887680,D1,first + >=1 SIM second since last sample + last per stream/episode/leg
pair-stage-probes-64767041-dxAllC2/cases/carry_b-v6c_teacher_nominal_s913_pE2E_L1_diag-carry_all_three/frames/r2,3070854,391194,3555328,450560,279,246,33,2679660,3104768,D1,first + >=1 SIM second since last sample + last per stream/episode/leg
pair-stage-probes-64767041-dxAllC2/cases/carry_b-v6c_teacher_nominal_s913_pE2E_L1_diag-carry_all_three/frames/r3,1880064,405504,1880064,405504,153,120,33,1474560,1474560,D1,first + >=1 SIM second since last sample + last per stream/episode/leg
pair-stage-probes-64767041-dxAllC2/cases/carry_b-v6c_teacher_nominal_s913_pE2E_L2_diag-carry_all_three,1620140,1620140,1630208,1630208,5,0,5,0,0,,
pair-stage-probes-64767041-dxAllC2/cases/carry_b-v6c_teacher_nominal_s913_pE2E_L2_diag-carry_all_three/checkpoints,374093,374093,380928,380928,4,0,4,0,0,,
pair-stage-probes-64767041-dxAllC2/cases/carry_b-v6c_teacher_nominal_s913_pE2E_L2_diag-carry_all_three/eval_only,667637,667637,671744,671744,2,0,2,0,0,,
pair-stage-probes-64767041-dxAllC2/cases/carry_b-v6c_teacher_nominal_s913_pE2E_L2_diag-carry_all_three/frames,0,0,0,0,0,0,0,0,0,,
pair-stage-probes-64767041-dxAllC2/cases/carry_b-v6c_teacher_nominal_s913_pE2E_L2_diag-carry_all_three/frames/r1,2837148,540690,3375104,630784,268,220,48,2296458,2744320,D1,first + >=1 SIM second since last sample + last per stream/episode/leg
pair-stage-probes-64767041-dxAllC2/cases/carry_b-v6c_teacher_nominal_s913_pE2E_L2_diag-carry_all_three/frames/r2,2845371,369171,3416064,438272,268,236,32,2476200,2977792,D1,first + >=1 SIM second since last sample + last per stream/episode/leg
pair-stage-probes-64767041-dxAllC2/cases/carry_b-v6c_teacher_nominal_s913_pE2E_L2_diag-carry_all_three/frames/r3,1806336,393216,1806336,393216,147,115,32,1413120,1413120,D1,first + >=1 SIM second since last sample + last per stream/episode/leg
pair-stage-probes-64767041-dxAllC2/cases/carry_b-v6c_teacher_nominal_s913_pE2E_L3_diag-carry_all_three,1770338,1770338,1777664,1777664,5,0,5,0,0,,
pair-stage-probes-64767041-dxAllC2/cases/carry_b-v6c_teacher_nominal_s913_pE2E_L3_diag-carry_all_three/checkpoints,342257,340161,348160,344064,4,1,3,2096,4096,D5,
pair-stage-probes-64767041-dxAllC2/cases/carry_b-v6c_teacher_nominal_s913_pE2E_L3_diag-carry_all_three/eval_only,614891,614891,618496,618496,2,0,2,0,0,,
pair-stage-probes-64767041-dxAllC2/cases/carry_b-v6c_teacher_nominal_s913_pE2E_L3_diag-carry_all_three/frames,0,0,0,0,0,0,0,0,0,,
pair-stage-probes-64767041-dxAllC2/cases/carry_b-v6c_teacher_nominal_s913_pE2E_L3_diag-carry_all_three/frames/r1,2561519,498880,3080192,593920,244,199,45,2062639,2486272,D1,first + >=1 SIM second since last sample + last per stream/episode/leg
pair-stage-probes-64767041-dxAllC2/cases/carry_b-v6c_teacher_nominal_s913_pE2E_L3_diag-carry_all_three/frames/r2,2565879,342796,3117056,413696,244,214,30,2223083,2703360,D1,first + >=1 SIM second since last sample + last per stream/episode/leg
pair-stage-probes-64767041-dxAllC2/cases/carry_b-v6c_teacher_nominal_s913_pE2E_L3_diag-carry_all_three/frames/r3,1658880,356352,1658880,356352,135,106,29,1302528,1302528,D1,first + >=1 SIM second since last sample + last per stream/episode/leg
pair-stage-probes-64767041-dxAllC2/cases/carry_b-v6c_teacher_nominal_s913_pE2E_L4_diag-carry_all_three,1826634,1826634,1835008,1835008,5,0,5,0,0,,
pair-stage-probes-64767041-dxAllC2/cases/carry_b-v6c_teacher_nominal_s913_pE2E_L4_diag-carry_all_three/checkpoints,340404,336218,348160,339968,4,2,2,4186,8192,D5,
pair-stage-probes-64767041-dxAllC2/cases/carry_b-v6c_teacher_nominal_s913_pE2E_L4_diag-carry_all_three/eval_only,616388,616388,618496,618496,2,0,2,0,0,,
pair-stage-probes-64767041-dxAllC2/cases/carry_b-v6c_teacher_nominal_s913_pE2E_L4_diag-carry_all_three/frames,0,0,0,0,0,0,0,0,0,,
pair-stage-probes-64767041-dxAllC2/cases/carry_b-v6c_teacher_nominal_s913_pE2E_L4_diag-carry_all_three/frames/r1,2599525,510470,3080192,593920,244,199,45,2089055,2486272,D1,first + >=1 SIM second since last sample + last per stream/episode/leg
pair-stage-probes-64767041-dxAllC2/cases/carry_b-v6c_teacher_nominal_s913_pE2E_L4_diag-carry_all_three/frames/r2,2597416,349175,3125248,413696,244,214,30,2248241,2711552,D1,first + >=1 SIM second since last sample + last per stream/episode/leg
pair-stage-probes-64767041-dxAllC2/cases/carry_b-v6c_teacher_nominal_s913_pE2E_L4_diag-carry_all_three/frames/r3,1658653,356315,1671168,364544,135,106,29,1302338,1306624,D1,first + >=1 SIM second since last sample + last per stream/episode/leg
pair-stage-probes-64767041-dxAllC2/cases/carry_b-v6c_teacher_nominal_s913_pE2E_L5_diag-carry_all_three,1822090,1822090,1830912,1830912,5,0,5,0,0,,
pair-stage-probes-64767041-dxAllC2/cases/carry_b-v6c_teacher_nominal_s913_pE2E_L5_diag-carry_all_three/checkpoints,374243,372148,385024,380928,4,1,3,2095,4096,D5,
pair-stage-probes-64767041-dxAllC2/cases/carry_b-v6c_teacher_nominal_s913_pE2E_L5_diag-carry_all_three/eval_only,616305,616305,618496,618496,2,0,2,0,0,,
pair-stage-probes-64767041-dxAllC2/cases/carry_b-v6c_teacher_nominal_s913_pE2E_L5_diag-carry_all_three/frames,0,0,0,0,0,0,0,0,0,,
pair-stage-probes-64767041-dxAllC2/cases/carry_b-v6c_teacher_nominal_s913_pE2E_L5_diag-carry_all_three/frames/r1,2564942,505438,3080192,593920,244,199,45,2059504,2486272,D1,first + >=1 SIM second since last sample + last per stream/episode/leg
pair-stage-probes-64767041-dxAllC2/cases/carry_b-v6c_teacher_nominal_s913_pE2E_L5_diag-carry_all_three/frames/r2,2556730,341227,3121152,413696,244,214,30,2215503,2707456,D1,first + >=1 SIM second since last sample + last per stream/episode/leg
pair-stage-probes-64767041-dxAllC2/cases/carry_b-v6c_teacher_nominal_s913_pE2E_L5_diag-carry_all_three/frames/r3,1658526,356268,1667072,360448,135,106,29,1302258,1306624,D1,first + >=1 SIM second since last sample + last per stream/episode/leg
pair-stage-probes-64767041-dxAllC2/cases/carry_b-v6c_teacher_nominal_s913_pE2E_L6_diag-carry_all_three,1841096,1841096,1847296,1847296,5,0,5,0,0,,
pair-stage-probes-64767041-dxAllC2/cases/carry_b-v6c_teacher_nominal_s913_pE2E_L6_diag-carry_all_three/checkpoints,339199,337103,348160,344064,4,1,3,2096,4096,D5,
pair-stage-probes-64767041-dxAllC2/cases/carry_b-v6c_teacher_nominal_s913_pE2E_L6_diag-carry_all_three/eval_only,621305,621305,622592,622592,2,0,2,0,0,,
pair-stage-probes-64767041-dxAllC2/cases/carry_b-v6c_teacher_nominal_s913_pE2E_L6_diag-carry_all_three/frames,0,0,0,0,0,0,0,0,0,,
pair-stage-probes-64767041-dxAllC2/cases/carry_b-v6c_teacher_nominal_s913_pE2E_L6_diag-carry_all_three/frames/r1,2504109,484620,3112960,589824,247,202,45,2019489,2523136,D1,first + >=1 SIM second since last sample + last per stream/episode/leg
pair-stage-probes-64767041-dxAllC2/cases/carry_b-v6c_teacher_nominal_s913_pE2E_L6_diag-carry_all_three/frames/r2,2495154,324435,3117056,397312,247,217,30,2170719,2719744,D1,first + >=1 SIM second since last sample + last per stream/episode/leg
pair-stage-probes-64767041-dxAllC2/cases/carry_b-v6c_teacher_nominal_s913_pE2E_L6_diag-carry_all_three/frames/r3,1683472,368660,1724416,385024,137,107,30,1314812,1339392,D1,first + >=1 SIM second since last sample + last per stream/episode/leg
pair-stage-probes-64767041-dxAllC2/cases/carry_b-v6c_teacher_nominal_s913_pE2E_L7_diag-carry_all_three,1837298,1837298,1843200,1843200,5,0,5,0,0,,
pair-stage-probes-64767041-dxAllC2/cases/carry_b-v6c_teacher_nominal_s913_pE2E_L7_diag-carry_all_three/checkpoints,374478,372383,385024,380928,4,1,3,2095,4096,D5,
pair-stage-probes-64767041-dxAllC2/cases/carry_b-v6c_teacher_nominal_s913_pE2E_L7_diag-carry_all_three/eval_only,620858,620858,622592,622592,2,0,2,0,0,,
pair-stage-probes-64767041-dxAllC2/cases/carry_b-v6c_teacher_nominal_s913_pE2E_L7_diag-carry_all_three/frames,0,0,0,0,0,0,0,0,0,,
pair-stage-probes-64767041-dxAllC2/cases/carry_b-v6c_teacher_nominal_s913_pE2E_L7_diag-carry_all_three/frames/r1,2469415,478893,3112960,589824,247,202,45,1990522,2523136,D1,first + >=1 SIM second since last sample + last per stream/episode/leg
pair-stage-probes-64767041-dxAllC2/cases/carry_b-v6c_teacher_nominal_s913_pE2E_L7_diag-carry_all_three/frames/r2,2410302,310850,3112960,397312,247,217,30,2099452,2715648,D1,first + >=1 SIM second since last sample + last per stream/episode/leg
pair-stage-probes-64767041-dxAllC2/cases/carry_b-v6c_teacher_nominal_s913_pE2E_L7_diag-carry_all_three/frames/r3,1683453,368637,1683456,368640,137,107,30,1314816,1314816,D1,first + >=1 SIM second since last sample + last per stream/episode/leg
pair-stage-probes-64767041-dxAllC2/cases/carry_b-v6c_teacher_nominal_s913_pE2E_diag-carry_all_three,1563630,1563630,1572864,1572864,5,0,5,0,0,,
pair-stage-probes-64767041-dxAllC2/cases/carry_b-v6c_teacher_nominal_s913_pE2E_diag-carry_all_three/checkpoints,342949,340853,348160,344064,4,1,3,2096,4096,D5,
pair-stage-probes-64767041-dxAllC2/cases/carry_b-v6c_teacher_nominal_s913_pE2E_diag-carry_all_three/eval_only,543406,543406,544768,544768,2,0,2,0,0,,
pair-stage-probes-64767041-dxAllC2/cases/carry_b-v6c_teacher_nominal_s913_pE2E_diag-carry_all_three/frames,0,0,0,0,0,0,0,0,0,,
pair-stage-probes-64767041-dxAllC2/cases/carry_b-v6c_teacher_nominal_s913_pE2E_diag-carry_all_three/frames/r1,2594546,555948,2764800,589824,214,172,42,2038598,2174976,D1,first + >=1 SIM second since last sample + last per stream/episode/leg
pair-stage-probes-64767041-dxAllC2/cases/carry_b-v6c_teacher_nominal_s913_pE2E_diag-carry_all_three/frames/r2,2511078,347474,2764800,380928,214,187,27,2163604,2383872,D1,first + >=1 SIM second since last sample + last per stream/episode/leg
pair-stage-probes-64767041-dxAllC2/cases/carry_b-v6c_teacher_nominal_s913_pE2E_diag-carry_all_three/frames/r3,1474560,319488,1474560,319488,120,94,26,1155072,1155072,D1,first + >=1 SIM second since last sample + last per stream/episode/leg
pair-stage-probes-64767041-dxAllD,1591730,1591730,1605632,1605632,5,0,5,0,0,,
pair-stage-probes-64767041-dxAllD/cases,89376,89376,131072,131072,32,0,32,0,0,,
pair-stage-probes-64767041-dxAllD/cases/carry_b-v6c_teacher_along+_opp_s911_pE2E_L3_diag-carry_all_three,63939,63330,77824,69632,5,2,3,609,8192,D5,
pair-stage-probes-64767041-dxAllD/cases/carry_b-v6c_teacher_along+_opp_s911_pE2E_L3_diag-carry_all_three/eval_only,30266,30266,32768,32768,2,0,2,0,0,,
pair-stage-probes-64767041-dxAllD/cases/carry_b-v6c_teacher_along+_opp_s911_pE2E_L3_diag-carry_all_three/frames,0,0,0,0,0,0,0,0,0,,
pair-stage-probes-64767041-dxAllD/cases/carry_b-v6c_teacher_along+_opp_s911_pE2E_L3_diag-carry_all_three/frames/r1,139690,69858,163840,81920,8,4,4,69832,81920,D1,first + >=1 SIM second since last sample + last per stream/episode/leg
pair-stage-probes-64767041-dxAllD/cases/carry_b-v6c_teacher_along+_opp_s911_pE2E_L3_diag-carry_all_three/frames/r2,170901,85445,196608,98304,8,4,4,85456,98304,D1,first + >=1 SIM second since last sample + last per stream/episode/leg
pair-stage-probes-64767041-dxAllD/cases/carry_b-v6c_teacher_along+_opp_s911_pE2E_L3_diag-carry_all_three/frames/r3,98304,49152,98304,49152,8,4,4,49152,49152,D1,first + >=1 SIM second since last sample + last per stream/episode/leg
pair-stage-probes-64767041-dxAllD/cases/carry_b-v6c_teacher_along+_same_s911_pE2E_L3_diag-carry_all_three,63918,63309,77824,69632,5,2,3,609,8192,D5,
pair-stage-probes-64767041-dxAllD/cases/carry_b-v6c_teacher_along+_same_s911_pE2E_L3_diag-carry_all_three/eval_only,30240,30240,32768,32768,2,0,2,0,0,,
pair-stage-probes-64767041-dxAllD/cases/carry_b-v6c_teacher_along+_same_s911_pE2E_L3_diag-carry_all_three/frames,0,0,0,0,0,0,0,0,0,,
pair-stage-probes-64767041-dxAllD/cases/carry_b-v6c_teacher_along+_same_s911_pE2E_L3_diag-carry_all_three/frames/r1,141530,70782,163840,81920,8,4,4,70748,81920,D1,first + >=1 SIM second since last sample + last per stream/episode/leg
pair-stage-probes-64767041-dxAllD/cases/carry_b-v6c_teacher_along+_same_s911_pE2E_L3_diag-carry_all_three/frames/r2,171914,85970,196608,98304,8,4,4,85944,98304,D1,first + >=1 SIM second since last sample + last per stream/episode/leg
pair-stage-probes-64767041-dxAllD/cases/carry_b-v6c_teacher_along+_same_s911_pE2E_L3_diag-carry_all_three/frames/r3,98304,49152,98304,49152,8,4,4,49152,49152,D1,first + >=1 SIM second since last sample + last per stream/episode/leg
pair-stage-probes-64767041-dxAllD/cases/carry_b-v6c_teacher_along-_opp_s911_pE2E_L3_diag-carry_all_three,63894,63285,77824,69632,5,2,3,609,8192,D5,
pair-stage-probes-64767041-dxAllD/cases/carry_b-v6c_teacher_along-_opp_s911_pE2E_L3_diag-carry_all_three/eval_only,30236,30236,32768,32768,2,0,2,0,0,,
pair-stage-probes-64767041-dxAllD/cases/carry_b-v6c_teacher_along-_opp_s911_pE2E_L3_diag-carry_all_three/frames,0,0,0,0,0,0,0,0,0,,
pair-stage-probes-64767041-dxAllD/cases/carry_b-v6c_teacher_along-_opp_s911_pE2E_L3_diag-carry_all_three/frames/r1,139001,69489,163840,81920,8,4,4,69512,81920,D1,first + >=1 SIM second since last sample + last per stream/episode/leg
pair-stage-probes-64767041-dxAllD/cases/carry_b-v6c_teacher_along-_opp_s911_pE2E_L3_diag-carry_all_three/frames/r2,170633,85321,196608,98304,8,4,4,85312,98304,D1,first + >=1 SIM second since last sample + last per stream/episode/leg
pair-stage-probes-64767041-dxAllD/cases/carry_b-v6c_teacher_along-_opp_s911_pE2E_L3_diag-carry_all_three/frames/r3,98304,49152,98304,49152,8,4,4,49152,49152,D1,first + >=1 SIM second since last sample + last per stream/episode/leg
pair-stage-probes-64767041-dxAllD/cases/carry_b-v6c_teacher_along-_same_s911_pE2E_L3_diag-carry_all_three,1774718,1774718,1781760,1781760,5,0,5,0,0,,
pair-stage-probes-64767041-dxAllD/cases/carry_b-v6c_teacher_along-_same_s911_pE2E_L3_diag-carry_all_three/checkpoints,342672,342672,348160,348160,4,0,4,0,0,,
pair-stage-probes-64767041-dxAllD/cases/carry_b-v6c_teacher_along-_same_s911_pE2E_L3_diag-carry_all_three/eval_only,615510,615510,618496,618496,2,0,2,0,0,,
pair-stage-probes-64767041-dxAllD/cases/carry_b-v6c_teacher_along-_same_s911_pE2E_L3_diag-carry_all_three/frames,0,0,0,0,0,0,0,0,0,,
pair-stage-probes-64767041-dxAllD/cases/carry_b-v6c_teacher_along-_same_s911_pE2E_L3_diag-carry_all_three/frames/r1,2581577,499853,3080192,593920,244,199,45,2081724,2486272,D1,first + >=1 SIM second since last sample + last per stream/episode/leg
pair-stage-probes-64767041-dxAllD/cases/carry_b-v6c_teacher_along-_same_s911_pE2E_L3_diag-carry_all_three/frames/r2,2584770,351217,3125248,417792,244,214,30,2233553,2707456,D1,first + >=1 SIM second since last sample + last per stream/episode/leg
pair-stage-probes-64767041-dxAllD/cases/carry_b-v6c_teacher_along-_same_s911_pE2E_L3_diag-carry_all_three/frames/r3,1658880,356352,1658880,356352,135,106,29,1302528,1302528,D1,first + >=1 SIM second since last sample + last per stream/episode/leg
pair-stage-probes-64767041-dxAllD/cases/carry_b-v6c_teacher_corner++_opp_s911_pE2E_L3_diag-carry_all_three,62752,62143,77824,69632,5,2,3,609,8192,D5,
pair-stage-probes-64767041-dxAllD/cases/carry_b-v6c_teacher_corner++_opp_s911_pE2E_L3_diag-carry_all_three/eval_only,30217,30217,32768,32768,2,0,2,0,0,,
pair-stage-probes-64767041-dxAllD/cases/carry_b-v6c_teacher_corner++_opp_s911_pE2E_L3_diag-carry_all_three/frames,0,0,0,0,0,0,0,0,0,,
pair-stage-probes-64767041-dxAllD/cases/carry_b-v6c_teacher_corner++_opp_s911_pE2E_L3_diag-carry_all_three/frames/r1,140716,70360,163840,81920,8,4,4,70356,81920,D1,first + >=1 SIM second since last sample + last per stream/episode/leg
pair-stage-probes-64767041-dxAllD/cases/carry_b-v6c_teacher_corner++_opp_s911_pE2E_L3_diag-carry_all_three/frames/r2,169183,84587,196608,98304,8,4,4,84596,98304,D1,first + >=1 SIM second since last sample + last per stream/episode/leg
pair-stage-probes-64767041-dxAllD/cases/carry_b-v6c_teacher_corner++_opp_s911_pE2E_L3_diag-carry_all_three/frames/r3,98304,49152,98304,49152,8,4,4,49152,49152,D1,first + >=1 SIM second since last sample + last per stream/episode/leg
pair-stage-probes-64767041-dxAllD/cases/carry_b-v6c_teacher_corner++_same_s911_pE2E_L3_diag-carry_all_three,62891,62282,77824,69632,5,2,3,609,8192,D5,
pair-stage-probes-64767041-dxAllD/cases/carry_b-v6c_teacher_corner++_same_s911_pE2E_L3_diag-carry_all_three/eval_only,30299,30299,32768,32768,2,0,2,0,0,,
pair-stage-probes-64767041-dxAllD/cases/carry_b-v6c_teacher_corner++_same_s911_pE2E_L3_diag-carry_all_three/frames,0,0,0,0,0,0,0,0,0,,
pair-stage-probes-64767041-dxAllD/cases/carry_b-v6c_teacher_corner++_same_s911_pE2E_L3_diag-carry_all_three/frames/r1,142465,71245,163840,81920,8,4,4,71220,81920,D1,first + >=1 SIM second since last sample + last per stream/episode/leg
pair-stage-probes-64767041-dxAllD/cases/carry_b-v6c_teacher_corner++_same_s911_pE2E_L3_diag-carry_all_three/frames/r2,176932,88476,196608,98304,8,4,4,88456,98304,D1,first + >=1 SIM second since last sample + last per stream/episode/leg
pair-stage-probes-64767041-dxAllD/cases/carry_b-v6c_teacher_corner++_same_s911_pE2E_L3_diag-carry_all_three/frames/r3,98304,49152,98304,49152,8,4,4,49152,49152,D1,first + >=1 SIM second since last sample + last per stream/episode/leg
pair-stage-probes-64767041-dxAllD/cases/carry_b-v6c_teacher_corner--_opp_s911_pE2E_L3_diag-carry_all_three,63530,62921,77824,69632,5,2,3,609,8192,D5,
pair-stage-probes-64767041-dxAllD/cases/carry_b-v6c_teacher_corner--_opp_s911_pE2E_L3_diag-carry_all_three/eval_only,30382,30382,32768,32768,2,0,2,0,0,,
pair-stage-probes-64767041-dxAllD/cases/carry_b-v6c_teacher_corner--_opp_s911_pE2E_L3_diag-carry_all_three/frames,0,0,0,0,0,0,0,0,0,,
pair-stage-probes-64767041-dxAllD/cases/carry_b-v6c_teacher_corner--_opp_s911_pE2E_L3_diag-carry_all_three/frames/r1,140370,70186,163840,81920,8,4,4,70184,81920,D1,first + >=1 SIM second since last sample + last per stream/episode/leg
pair-stage-probes-64767041-dxAllD/cases/carry_b-v6c_teacher_corner--_opp_s911_pE2E_L3_diag-carry_all_three/frames/r2,175398,87694,196608,98304,8,4,4,87704,98304,D1,first + >=1 SIM second since last sample + last per stream/episode/leg
pair-stage-probes-64767041-dxAllD/cases/carry_b-v6c_teacher_corner--_opp_s911_pE2E_L3_diag-carry_all_three/frames/r3,98304,49152,98304,49152,8,4,4,49152,49152,D1,first + >=1 SIM second since last sample + last per stream/episode/leg
pair-stage-probes-64767041-dxAllD/cases/carry_b-v6c_teacher_corner--_same_s911_pE2E_L3_diag-carry_all_three,1765933,1765933,1773568,1773568,5,0,5,0,0,,
pair-stage-probes-64767041-dxAllD/cases/carry_b-v6c_teacher_corner--_same_s911_pE2E_L3_diag-carry_all_three/checkpoints,332085,332085,339968,339968,4,0,4,0,0,,
pair-stage-probes-64767041-dxAllD/cases/carry_b-v6c_teacher_corner--_same_s911_pE2E_L3_diag-carry_all_three/eval_only,612667,612667,614400,614400,2,0,2,0,0,,
pair-stage-probes-64767041-dxAllD/cases/carry_b-v6c_teacher_corner--_same_s911_pE2E_L3_diag-carry_all_three/frames,0,0,0,0,0,0,0,0,0,,
pair-stage-probes-64767041-dxAllD/cases/carry_b-v6c_teacher_corner--_same_s911_pE2E_L3_diag-carry_all_three/frames/r1,2593790,501566,3080192,593920,244,199,45,2092224,2486272,D1,first + >=1 SIM second since last sample + last per stream/episode/leg
pair-stage-probes-64767041-dxAllD/cases/carry_b-v6c_teacher_corner--_same_s911_pE2E_L3_diag-carry_all_three/frames/r2,2587525,351452,3129344,421888,244,214,30,2236073,2707456,D1,first + >=1 SIM second since last sample + last per stream/episode/leg
pair-stage-probes-64767041-dxAllD/cases/carry_b-v6c_teacher_corner--_same_s911_pE2E_L3_diag-carry_all_three/frames/r3,1658880,356352,1658880,356352,135,106,29,1302528,1302528,D1,first + >=1 SIM second since last sample + last per stream/episode/leg
pair-stage-probes-64767041-dxAllD/cases/carry_b-v6c_teacher_lat+_opp_s911_pE2E_L3_diag-carry_all_three,1765671,1765671,1773568,1773568,5,0,5,0,0,,
pair-stage-probes-64767041-dxAllD/cases/carry_b-v6c_teacher_lat+_opp_s911_pE2E_L3_diag-carry_all_three/checkpoints,338976,338976,344064,344064,4,0,4,0,0,,
pair-stage-probes-64767041-dxAllD/cases/carry_b-v6c_teacher_lat+_opp_s911_pE2E_L3_diag-carry_all_three/eval_only,612266,612266,618496,618496,2,0,2,0,0,,
pair-stage-probes-64767041-dxAllD/cases/carry_b-v6c_teacher_lat+_opp_s911_pE2E_L3_diag-carry_all_three/frames,0,0,0,0,0,0,0,0,0,,
pair-stage-probes-64767041-dxAllD/cases/carry_b-v6c_teacher_lat+_opp_s911_pE2E_L3_diag-carry_all_three/frames/r1,2588579,502809,3076096,589824,244,199,45,2085770,2486272,D1,first + >=1 SIM second since last sample + last per stream/episode/leg
pair-stage-probes-64767041-dxAllD/cases/carry_b-v6c_teacher_lat+_opp_s911_pE2E_L3_diag-carry_all_three/frames/r2,2607336,347641,3121152,413696,244,214,30,2259695,2707456,D1,first + >=1 SIM second since last sample + last per stream/episode/leg
pair-stage-probes-64767041-dxAllD/cases/carry_b-v6c_teacher_lat+_opp_s911_pE2E_L3_diag-carry_all_three/frames/r3,1658880,356352,1658880,356352,135,106,29,1302528,1302528,D1,first + >=1 SIM second since last sample + last per stream/episode/leg
pair-stage-probes-64767041-dxAllD/cases/carry_b-v6c_teacher_lat+_same_s911_pE2E_L3_diag-carry_all_three,1770402,1770402,1777664,1777664,5,0,5,0,0,,
pair-stage-probes-64767041-dxAllD/cases/carry_b-v6c_teacher_lat+_same_s911_pE2E_L3_diag-carry_all_three/checkpoints,343337,341243,352256,348160,4,1,3,2094,4096,D5,
pair-stage-probes-64767041-dxAllD/cases/carry_b-v6c_teacher_lat+_same_s911_pE2E_L3_diag-carry_all_three/eval_only,613727,613727,618496,618496,2,0,2,0,0,,
pair-stage-probes-64767041-dxAllD/cases/carry_b-v6c_teacher_lat+_same_s911_pE2E_L3_diag-carry_all_three/frames,0,0,0,0,0,0,0,0,0,,
pair-stage-probes-64767041-dxAllD/cases/carry_b-v6c_teacher_lat+_same_s911_pE2E_L3_diag-carry_all_three/frames/r1,2596187,503630,3076096,589824,244,199,45,2092557,2486272,D1,first + >=1 SIM second since last sample + last per stream/episode/leg
pair-stage-probes-64767041-dxAllD/cases/carry_b-v6c_teacher_lat+_same_s911_pE2E_L3_diag-carry_all_three/frames/r2,2582666,344800,3121152,413696,244,214,30,2237866,2707456,D1,first + >=1 SIM second since last sample + last per stream/episode/leg
pair-stage-probes-64767041-dxAllD/cases/carry_b-v6c_teacher_lat+_same_s911_pE2E_L3_diag-carry_all_three/frames/r3,1658880,356352,1658880,356352,135,106,29,1302528,1302528,D1,first + >=1 SIM second since last sample + last per stream/episode/leg
pair-stage-probes-64767041-dxAllD/cases/carry_b-v6c_teacher_lat-_opp_s911_pE2E_L3_diag-carry_all_three,1770241,1770241,1777664,1777664,5,0,5,0,0,,
pair-stage-probes-64767041-dxAllD/cases/carry_b-v6c_teacher_lat-_opp_s911_pE2E_L3_diag-carry_all_three/checkpoints,347289,347289,356352,356352,4,0,4,0,0,,
pair-stage-probes-64767041-dxAllD/cases/carry_b-v6c_teacher_lat-_opp_s911_pE2E_L3_diag-carry_all_three/eval_only,614552,614552,618496,618496,2,0,2,0,0,,
pair-stage-probes-64767041-dxAllD/cases/carry_b-v6c_teacher_lat-_opp_s911_pE2E_L3_diag-carry_all_three/frames,0,0,0,0,0,0,0,0,0,,
pair-stage-probes-64767041-dxAllD/cases/carry_b-v6c_teacher_lat-_opp_s911_pE2E_L3_diag-carry_all_three/frames/r1,2613434,506021,3076096,589824,244,199,45,2107413,2486272,D1,first + >=1 SIM second since last sample + last per stream/episode/leg
pair-stage-probes-64767041-dxAllD/cases/carry_b-v6c_teacher_lat-_opp_s911_pE2E_L3_diag-carry_all_three/frames/r2,2579188,344187,3121152,413696,244,214,30,2235001,2707456,D1,first + >=1 SIM second since last sample + last per stream/episode/leg
pair-stage-probes-64767041-dxAllD/cases/carry_b-v6c_teacher_lat-_opp_s911_pE2E_L3_diag-carry_all_three/frames/r3,1658880,356352,1658880,356352,135,106,29,1302528,1302528,D1,first + >=1 SIM second since last sample + last per stream/episode/leg
pair-stage-probes-64767041-dxAllD/cases/carry_b-v6c_teacher_lat-_same_s911_pE2E_L3_diag-carry_all_three,1762218,1762218,1769472,1769472,5,0,5,0,0,,
pair-stage-probes-64767041-dxAllD/cases/carry_b-v6c_teacher_lat-_same_s911_pE2E_L3_diag-carry_all_three/checkpoints,343077,343077,348160,348160,4,0,4,0,0,,
pair-stage-probes-64767041-dxAllD/cases/carry_b-v6c_teacher_lat-_same_s911_pE2E_L3_diag-carry_all_three/eval_only,613335,613335,618496,618496,2,0,2,0,0,,
pair-stage-probes-64767041-dxAllD/cases/carry_b-v6c_teacher_lat-_same_s911_pE2E_L3_diag-carry_all_three/frames,0,0,0,0,0,0,0,0,0,,
pair-stage-probes-64767041-dxAllD/cases/carry_b-v6c_teacher_lat-_same_s911_pE2E_L3_diag-carry_all_three/frames/r1,2621838,507435,3076096,589824,244,199,45,2114403,2486272,D1,first + >=1 SIM second since last sample + last per stream/episode/leg
pair-stage-probes-64767041-dxAllD/cases/carry_b-v6c_teacher_lat-_same_s911_pE2E_L3_diag-carry_all_three/frames/r2,2609210,348087,3121152,413696,244,214,30,2261123,2707456,D1,first + >=1 SIM second since last sample + last per stream/episode/leg
pair-stage-probes-64767041-dxAllD/cases/carry_b-v6c_teacher_lat-_same_s911_pE2E_L3_diag-carry_all_three/frames/r3,1658880,356352,1658880,356352,135,106,29,1302528,1302528,D1,first + >=1 SIM second since last sample + last per stream/episode/leg
pair-stage-probes-64767041-dxAllD/cases/carry_b-v6c_teacher_yaw+_opp_s911_pE2E_L3_diag-carry_all_three,1769415,1769415,1777664,1777664,5,0,5,0,0,,
pair-stage-probes-64767041-dxAllD/cases/carry_b-v6c_teacher_yaw+_opp_s911_pE2E_L3_diag-carry_all_three/checkpoints,313640,313640,323584,323584,4,0,4,0,0,,
pair-stage-probes-64767041-dxAllD/cases/carry_b-v6c_teacher_yaw+_opp_s911_pE2E_L3_diag-carry_all_three/eval_only,611714,611714,618496,618496,2,0,2,0,0,,
pair-stage-probes-64767041-dxAllD/cases/carry_b-v6c_teacher_yaw+_opp_s911_pE2E_L3_diag-carry_all_three/frames,0,0,0,0,0,0,0,0,0,,
pair-stage-probes-64767041-dxAllD/cases/carry_b-v6c_teacher_yaw+_opp_s911_pE2E_L3_diag-carry_all_three/frames/r1,2585481,500718,3080192,593920,244,199,45,2084763,2486272,D1,first + >=1 SIM second since last sample + last per stream/episode/leg
pair-stage-probes-64767041-dxAllD/cases/carry_b-v6c_teacher_yaw+_opp_s911_pE2E_L3_diag-carry_all_three/frames/r2,2582317,344397,3117056,413696,244,214,30,2237920,2703360,D1,first + >=1 SIM second since last sample + last per stream/episode/leg
pair-stage-probes-64767041-dxAllD/cases/carry_b-v6c_teacher_yaw+_opp_s911_pE2E_L3_diag-carry_all_three/frames/r3,1658880,356352,1658880,356352,135,106,29,1302528,1302528,D1,first + >=1 SIM second since last sample + last per stream/episode/leg
pair-stage-probes-64767041-dxAllD/cases/carry_b-v6c_teacher_yaw+_same_s911_pE2E_L3_diag-carry_all_three,1769771,1769771,1777664,1777664,5,0,5,0,0,,
pair-stage-probes-64767041-dxAllD/cases/carry_b-v6c_teacher_yaw+_same_s911_pE2E_L3_diag-carry_all_three/checkpoints,364312,362218,372736,368640,4,1,3,2094,4096,D5,
pair-stage-probes-64767041-dxAllD/cases/carry_b-v6c_teacher_yaw+_same_s911_pE2E_L3_diag-carry_all_three/eval_only,613008,613008,618496,618496,2,0,2,0,0,,
pair-stage-probes-64767041-dxAllD/cases/carry_b-v6c_teacher_yaw+_same_s911_pE2E_L3_diag-carry_all_three/frames,0,0,0,0,0,0,0,0,0,,
pair-stage-probes-64767041-dxAllD/cases/carry_b-v6c_teacher_yaw+_same_s911_pE2E_L3_diag-carry_all_three/frames/r1,2579152,499828,3080192,593920,244,199,45,2079324,2486272,D1,first + >=1 SIM second since last sample + last per stream/episode/leg
pair-stage-probes-64767041-dxAllD/cases/carry_b-v6c_teacher_yaw+_same_s911_pE2E_L3_diag-carry_all_three/frames/r2,2589332,346529,3117056,413696,244,214,30,2242803,2703360,D1,first + >=1 SIM second since last sample + last per stream/episode/leg
pair-stage-probes-64767041-dxAllD/cases/carry_b-v6c_teacher_yaw+_same_s911_pE2E_L3_diag-carry_all_three/frames/r3,1658880,356352,1658880,356352,135,106,29,1302528,1302528,D1,first + >=1 SIM second since last sample + last per stream/episode/leg
pair-stage-probes-64767041-dxAllD/cases/carry_b-v6c_teacher_yaw-_opp_s911_pE2E_L3_diag-carry_all_three,1774869,1774869,1781760,1781760,5,0,5,0,0,,
pair-stage-probes-64767041-dxAllD/cases/carry_b-v6c_teacher_yaw-_opp_s911_pE2E_L3_diag-carry_all_three/checkpoints,385042,382947,393216,389120,4,1,3,2095,4096,D5,
pair-stage-probes-64767041-dxAllD/cases/carry_b-v6c_teacher_yaw-_opp_s911_pE2E_L3_diag-carry_all_three/eval_only,614784,614784,618496,618496,2,0,2,0,0,,
pair-stage-probes-64767041-dxAllD/cases/carry_b-v6c_teacher_yaw-_opp_s911_pE2E_L3_diag-carry_all_three/frames,0,0,0,0,0,0,0,0,0,,
pair-stage-probes-64767041-dxAllD/cases/carry_b-v6c_teacher_yaw-_opp_s911_pE2E_L3_diag-carry_all_three/frames/r1,2587839,501060,3080192,593920,244,199,45,2086779,2486272,D1,first + >=1 SIM second since last sample + last per stream/episode/leg
pair-stage-probes-64767041-dxAllD/cases/carry_b-v6c_teacher_yaw-_opp_s911_pE2E_L3_diag-carry_all_three/frames/r2,2590581,346650,3117056,413696,244,214,30,2243931,2703360,D1,first + >=1 SIM second since last sample + last per stream/episode/leg
pair-stage-probes-64767041-dxAllD/cases/carry_b-v6c_teacher_yaw-_opp_s911_pE2E_L3_diag-carry_all_three/frames/r3,1658880,356352,1658880,356352,135,106,29,1302528,1302528,D1,first + >=1 SIM second since last sample + last per stream/episode/leg
pair-stage-probes-64767041-dxAllD/cases/carry_b-v6c_teacher_yaw-_same_s911_pE2E_L3_diag-carry_all_three,1774562,1774562,1781760,1781760,5,0,5,0,0,,
pair-stage-probes-64767041-dxAllD/cases/carry_b-v6c_teacher_yaw-_same_s911_pE2E_L3_diag-carry_all_three/checkpoints,334251,334251,344064,344064,4,0,4,0,0,,
pair-stage-probes-64767041-dxAllD/cases/carry_b-v6c_teacher_yaw-_same_s911_pE2E_L3_diag-carry_all_three/eval_only,613488,613488,618496,618496,2,0,2,0,0,,
pair-stage-probes-64767041-dxAllD/cases/carry_b-v6c_teacher_yaw-_same_s911_pE2E_L3_diag-carry_all_three/frames,0,0,0,0,0,0,0,0,0,,
pair-stage-probes-64767041-dxAllD/cases/carry_b-v6c_teacher_yaw-_same_s911_pE2E_L3_diag-carry_all_three/frames/r1,2589879,501310,3080192,593920,244,199,45,2088569,2486272,D1,first + >=1 SIM second since last sample + last per stream/episode/leg
pair-stage-probes-64767041-dxAllD/cases/carry_b-v6c_teacher_yaw-_same_s911_pE2E_L3_diag-carry_all_three/frames/r2,2583688,344796,3117056,413696,244,214,30,2238892,2703360,D1,first + >=1 SIM second since last sample + last per stream/episode/leg
pair-stage-probes-64767041-dxAllD/cases/carry_b-v6c_teacher_yaw-_same_s911_pE2E_L3_diag-carry_all_three/frames/r3,1658880,356352,1658880,356352,135,106,29,1302528,1302528,D1,first + >=1 SIM second since last sample + last per stream/episode/leg
pair-stage-probes-64767041-dxAllS,1038872,1038872,1052672,1052672,5,0,5,0,0,,
pair-stage-probes-64767041-dxAllS/cases,109399,109399,155648,155648,38,0,38,0,0,,
pair-stage-probes-64767041-dxAllS/cases/setdown_b-v6c_teacher_along+_opp_s911_pE2E_Lend_diag-carry_all_three,64423,63814,77824,69632,5,2,3,609,8192,D5,
pair-stage-probes-64767041-dxAllS/cases/setdown_b-v6c_teacher_along+_opp_s911_pE2E_Lend_diag-carry_all_three/eval_only,30152,30152,32768,32768,2,0,2,0,0,,
pair-stage-probes-64767041-dxAllS/cases/setdown_b-v6c_teacher_along+_opp_s911_pE2E_Lend_diag-carry_all_three/frames,0,0,0,0,0,0,0,0,0,,
pair-stage-probes-64767041-dxAllS/cases/setdown_b-v6c_teacher_along+_opp_s911_pE2E_Lend_diag-carry_all_three/frames/r1,133696,66864,163840,81920,8,4,4,66832,81920,D1,first + >=1 SIM second since last sample + last per stream/episode/leg
pair-stage-probes-64767041-dxAllS/cases/setdown_b-v6c_teacher_along+_opp_s911_pE2E_Lend_diag-carry_all_three/frames/r2,130632,65312,131072,65536,8,4,4,65320,65536,D1,first + >=1 SIM second since last sample + last per stream/episode/leg
pair-stage-probes-64767041-dxAllS/cases/setdown_b-v6c_teacher_along+_opp_s911_pE2E_Lend_diag-carry_all_three/frames/r3,98304,49152,98304,49152,8,4,4,49152,49152,D1,first + >=1 SIM second since last sample + last per stream/episode/leg
pair-stage-probes-64767041-dxAllS/cases/setdown_b-v6c_teacher_along+_same_s911_pE2E_Lend_diag-carry_all_three,64423,63814,77824,69632,5,2,3,609,8192,D5,
pair-stage-probes-64767041-dxAllS/cases/setdown_b-v6c_teacher_along+_same_s911_pE2E_Lend_diag-carry_all_three/eval_only,30149,30149,32768,32768,2,0,2,0,0,,
pair-stage-probes-64767041-dxAllS/cases/setdown_b-v6c_teacher_along+_same_s911_pE2E_Lend_diag-carry_all_three/frames,0,0,0,0,0,0,0,0,0,,
pair-stage-probes-64767041-dxAllS/cases/setdown_b-v6c_teacher_along+_same_s911_pE2E_Lend_diag-carry_all_three/frames/r1,135915,67959,163840,81920,8,4,4,67956,81920,D1,first + >=1 SIM second since last sample + last per stream/episode/leg
pair-stage-probes-64767041-dxAllS/cases/setdown_b-v6c_teacher_along+_same_s911_pE2E_Lend_diag-carry_all_three/frames/r2,134589,67297,163840,81920,8,4,4,67292,81920,D1,first + >=1 SIM second since last sample + last per stream/episode/leg
pair-stage-probes-64767041-dxAllS/cases/setdown_b-v6c_teacher_along+_same_s911_pE2E_Lend_diag-carry_all_three/frames/r3,98304,49152,98304,49152,8,4,4,49152,49152,D1,first + >=1 SIM second since last sample + last per stream/episode/leg
pair-stage-probes-64767041-dxAllS/cases/setdown_b-v6c_teacher_along-_opp_s911_pE2E_Lend_diag-carry_all_three,64390,63781,77824,69632,5,2,3,609,8192,D5,
pair-stage-probes-64767041-dxAllS/cases/setdown_b-v6c_teacher_along-_opp_s911_pE2E_Lend_diag-carry_all_three/eval_only,30187,30187,32768,32768,2,0,2,0,0,,
pair-stage-probes-64767041-dxAllS/cases/setdown_b-v6c_teacher_along-_opp_s911_pE2E_Lend_diag-carry_all_three/frames,0,0,0,0,0,0,0,0,0,,
pair-stage-probes-64767041-dxAllS/cases/setdown_b-v6c_teacher_along-_opp_s911_pE2E_Lend_diag-carry_all_three/frames/r1,133432,66716,163840,81920,8,4,4,66716,81920,D1,first + >=1 SIM second since last sample + last per stream/episode/leg
pair-stage-probes-64767041-dxAllS/cases/setdown_b-v6c_teacher_along-_opp_s911_pE2E_Lend_diag-carry_all_three/frames/r2,133119,66559,163840,81920,8,4,4,66560,81920,D1,first + >=1 SIM second since last sample + last per stream/episode/leg
pair-stage-probes-64767041-dxAllS/cases/setdown_b-v6c_teacher_along-_opp_s911_pE2E_Lend_diag-carry_all_three/frames/r3,98304,49152,98304,49152,8,4,4,49152,49152,D1,first + >=1 SIM second since last sample + last per stream/episode/leg
pair-stage-probes-64767041-dxAllS/cases/setdown_b-v6c_teacher_along-_same_s911_pE2E_Lend_diag-carry_all_three,774399,774399,782336,782336,5,0,5,0,0,,
pair-stage-probes-64767041-dxAllS/cases/setdown_b-v6c_teacher_along-_same_s911_pE2E_Lend_diag-carry_all_three/checkpoints,280505,278411,286720,282624,4,1,3,2094,4096,D5,
pair-stage-probes-64767041-dxAllS/cases/setdown_b-v6c_teacher_along-_same_s911_pE2E_Lend_diag-carry_all_three/eval_only,269986,269986,274432,274432,2,0,2,0,0,,
pair-stage-probes-64767041-dxAllS/cases/setdown_b-v6c_teacher_along-_same_s911_pE2E_Lend_diag-carry_all_three/frames,0,0,0,0,0,0,0,0,0,,
pair-stage-probes-64767041-dxAllS/cases/setdown_b-v6c_teacher_along-_same_s911_pE2E_Lend_diag-carry_all_three/frames/r1,1220411,350654,1454080,434176,96,66,30,869757,1019904,D1,first + >=1 SIM second since last sample + last per stream/episode/leg
pair-stage-probes-64767041-dxAllS/cases/setdown_b-v6c_teacher_along-_same_s911_pE2E_Lend_diag-carry_all_three/frames/r2,1198915,201233,1404928,233472,96,81,15,997682,1171456,D1,first + >=1 SIM second since last sample + last per stream/episode/leg
pair-stage-probes-64767041-dxAllS/cases/setdown_b-v6c_teacher_along-_same_s911_pE2E_Lend_diag-carry_all_three/frames/r3,749568,184320,749568,184320,61,46,15,565248,565248,D1,first + >=1 SIM second since last sample + last per stream/episode/leg
pair-stage-probes-64767041-dxAllS/cases/setdown_b-v6c_teacher_corner++_opp_s911_pE2E_Lend_diag-carry_all_three,63222,62613,77824,69632,5,2,3,609,8192,D5,
pair-stage-probes-64767041-dxAllS/cases/setdown_b-v6c_teacher_corner++_opp_s911_pE2E_Lend_diag-carry_all_three/eval_only,30244,30244,32768,32768,2,0,2,0,0,,
pair-stage-probes-64767041-dxAllS/cases/setdown_b-v6c_teacher_corner++_opp_s911_pE2E_Lend_diag-carry_all_three/frames,0,0,0,0,0,0,0,0,0,,
pair-stage-probes-64767041-dxAllS/cases/setdown_b-v6c_teacher_corner++_opp_s911_pE2E_Lend_diag-carry_all_three/frames/r1,133878,66938,163840,81920,8,4,4,66940,81920,D1,first + >=1 SIM second since last sample + last per stream/episode/leg
pair-stage-probes-64767041-dxAllS/cases/setdown_b-v6c_teacher_corner++_opp_s911_pE2E_Lend_diag-carry_all_three/frames/r2,133687,66835,163840,81920,8,4,4,66852,81920,D1,first + >=1 SIM second since last sample + last per stream/episode/leg
pair-stage-probes-64767041-dxAllS/cases/setdown_b-v6c_teacher_corner++_opp_s911_pE2E_Lend_diag-carry_all_three/frames/r3,98304,49152,98304,49152,8,4,4,49152,49152,D1,first + >=1 SIM second since last sample + last per stream/episode/leg
pair-stage-probes-64767041-dxAllS/cases/setdown_b-v6c_teacher_corner++_same_s911_pE2E_Lend_diag-carry_all_three,63820,63211,77824,69632,5,2,3,609,8192,D5,
pair-stage-probes-64767041-dxAllS/cases/setdown_b-v6c_teacher_corner++_same_s911_pE2E_Lend_diag-carry_all_three/eval_only,30323,30323,32768,32768,2,0,2,0,0,,
pair-stage-probes-64767041-dxAllS/cases/setdown_b-v6c_teacher_corner++_same_s911_pE2E_Lend_diag-carry_all_three/frames,0,0,0,0,0,0,0,0,0,,
pair-stage-probes-64767041-dxAllS/cases/setdown_b-v6c_teacher_corner++_same_s911_pE2E_Lend_diag-carry_all_three/frames/r1,134319,67159,163840,81920,8,4,4,67160,81920,D1,first + >=1 SIM second since last sample + last per stream/episode/leg
pair-stage-probes-64767041-dxAllS/cases/setdown_b-v6c_teacher_corner++_same_s911_pE2E_Lend_diag-carry_all_three/frames/r2,134765,67369,163840,81920,8,4,4,67396,81920,D1,first + >=1 SIM second since last sample + last per stream/episode/leg
pair-stage-probes-64767041-dxAllS/cases/setdown_b-v6c_teacher_corner++_same_s911_pE2E_Lend_diag-carry_all_three/frames/r3,98304,49152,98304,49152,8,4,4,49152,49152,D1,first + >=1 SIM second since last sample + last per stream/episode/leg
pair-stage-probes-64767041-dxAllS/cases/setdown_b-v6c_teacher_corner--_opp_s911_pE2E_Lend_diag-carry_all_three,64324,63715,77824,69632,5,2,3,609,8192,D5,
pair-stage-probes-64767041-dxAllS/cases/setdown_b-v6c_teacher_corner--_opp_s911_pE2E_Lend_diag-carry_all_three/eval_only,30397,30397,32768,32768,2,0,2,0,0,,
pair-stage-probes-64767041-dxAllS/cases/setdown_b-v6c_teacher_corner--_opp_s911_pE2E_Lend_diag-carry_all_three/frames,0,0,0,0,0,0,0,0,0,,
pair-stage-probes-64767041-dxAllS/cases/setdown_b-v6c_teacher_corner--_opp_s911_pE2E_Lend_diag-carry_all_three/frames/r1,131521,65769,163840,81920,8,4,4,65752,81920,D1,first + >=1 SIM second since last sample + last per stream/episode/leg
pair-stage-probes-64767041-dxAllS/cases/setdown_b-v6c_teacher_corner--_opp_s911_pE2E_Lend_diag-carry_all_three/frames/r2,133811,66895,163840,81920,8,4,4,66916,81920,D1,first + >=1 SIM second since last sample + last per stream/episode/leg
pair-stage-probes-64767041-dxAllS/cases/setdown_b-v6c_teacher_corner--_opp_s911_pE2E_Lend_diag-carry_all_three/frames/r3,98304,49152,98304,49152,8,4,4,49152,49152,D1,first + >=1 SIM second since last sample + last per stream/episode/leg
pair-stage-probes-64767041-dxAllS/cases/setdown_b-v6c_teacher_corner--_same_s911_pE2E_Lend_diag-carry_all_three,767683,767683,778240,778240,5,0,5,0,0,,
pair-stage-probes-64767041-dxAllS/cases/setdown_b-v6c_teacher_corner--_same_s911_pE2E_Lend_diag-carry_all_three/checkpoints,357177,355083,364544,360448,4,1,3,2094,4096,D5,
pair-stage-probes-64767041-dxAllS/cases/setdown_b-v6c_teacher_corner--_same_s911_pE2E_Lend_diag-carry_all_three/eval_only,268052,268052,270336,270336,2,0,2,0,0,,
pair-stage-probes-64767041-dxAllS/cases/setdown_b-v6c_teacher_corner--_same_s911_pE2E_Lend_diag-carry_all_three/frames,0,0,0,0,0,0,0,0,0,,
pair-stage-probes-64767041-dxAllS/cases/setdown_b-v6c_teacher_corner--_same_s911_pE2E_Lend_diag-carry_all_three/frames/r1,1200266,348372,1429504,434176,95,65,30,851894,995328,D1,first + >=1 SIM second since last sample + last per stream/episode/leg
pair-stage-probes-64767041-dxAllS/cases/setdown_b-v6c_teacher_corner--_same_s911_pE2E_Lend_diag-carry_all_three/frames/r2,1183634,201538,1409024,237568,95,80,15,982096,1171456,D1,first + >=1 SIM second since last sample + last per stream/episode/leg
pair-stage-probes-64767041-dxAllS/cases/setdown_b-v6c_teacher_corner--_same_s911_pE2E_Lend_diag-carry_all_three/frames/r3,749568,184320,749568,184320,61,46,15,565248,565248,D1,first + >=1 SIM second since last sample + last per stream/episode/leg
pair-stage-probes-64767041-dxAllS/cases/setdown_b-v6c_teacher_lat+_opp_s911_pE2E_Lend_diag-carry_all_three,782969,782969,794624,794624,5,0,5,0,0,,
pair-stage-probes-64767041-dxAllS/cases/setdown_b-v6c_teacher_lat+_opp_s911_pE2E_Lend_diag-carry_all_three/checkpoints,364415,362320,372736,368640,4,1,3,2095,4096,D5,
pair-stage-probes-64767041-dxAllS/cases/setdown_b-v6c_teacher_lat+_opp_s911_pE2E_Lend_diag-carry_all_three/eval_only,273748,273748,278528,278528,2,0,2,0,0,,
pair-stage-probes-64767041-dxAllS/cases/setdown_b-v6c_teacher_lat+_opp_s911_pE2E_Lend_diag-carry_all_three/frames,0,0,0,0,0,0,0,0,0,,
pair-stage-probes-64767041-dxAllS/cases/setdown_b-v6c_teacher_lat+_opp_s911_pE2E_Lend_diag-carry_all_three/frames/r1,1252189,357000,1458176,430080,97,67,30,895189,1028096,D1,first + >=1 SIM second since last sample + last per stream/episode/leg
pair-stage-probes-64767041-dxAllS/cases/setdown_b-v6c_teacher_lat+_opp_s911_pE2E_Lend_diag-carry_all_three/frames/r2,1223324,198138,1429504,233472,97,82,15,1025186,1196032,D1,first + >=1 SIM second since last sample + last per stream/episode/leg
pair-stage-probes-64767041-dxAllS/cases/setdown_b-v6c_teacher_lat+_opp_s911_pE2E_Lend_diag-carry_all_three/frames/r3,761856,184320,761856,184320,62,47,15,577536,577536,D1,first + >=1 SIM second since last sample + last per stream/episode/leg
pair-stage-probes-64767041-dxAllS/cases/setdown_b-v6c_teacher_lat+_same_s911_pE2E_Lend_diag-carry_all_three,774650,642350,782336,647168,5,1,4,132300,135168,D5,
pair-stage-probes-64767041-dxAllS/cases/setdown_b-v6c_teacher_lat+_same_s911_pE2E_Lend_diag-carry_all_three/checkpoints,368831,364645,376832,368640,4,2,2,4186,8192,D5,
pair-stage-probes-64767041-dxAllS/cases/setdown_b-v6c_teacher_lat+_same_s911_pE2E_Lend_diag-carry_all_three/eval_only,270448,270448,274432,274432,2,0,2,0,0,,
pair-stage-probes-64767041-dxAllS/cases/setdown_b-v6c_teacher_lat+_same_s911_pE2E_Lend_diag-carry_all_three/frames,0,0,0,0,0,0,0,0,0,,
pair-stage-probes-64767041-dxAllS/cases/setdown_b-v6c_teacher_lat+_same_s911_pE2E_Lend_diag-carry_all_three/frames/r1,1233073,356415,1437696,430080,96,66,30,876658,1007616,D1,first + >=1 SIM second since last sample + last per stream/episode/leg
pair-stage-probes-64767041-dxAllS/cases/setdown_b-v6c_teacher_lat+_same_s911_pE2E_Lend_diag-carry_all_three/frames/r2,1213170,199325,1437696,237568,96,81,15,1013845,1200128,D1,first + >=1 SIM second since last sample + last per stream/episode/leg
pair-stage-probes-64767041-dxAllS/cases/setdown_b-v6c_teacher_lat+_same_s911_pE2E_Lend_diag-carry_all_three/frames/r3,749568,184320,749568,184320,61,46,15,565248,565248,D1,first + >=1 SIM second since last sample + last per stream/episode/leg
pair-stage-probes-64767041-dxAllS/cases/setdown_b-v6c_teacher_lat-_opp_s911_pE2E_Lend_diag-carry_all_three,782548,782548,794624,794624,5,0,5,0,0,,
pair-stage-probes-64767041-dxAllS/cases/setdown_b-v6c_teacher_lat-_opp_s911_pE2E_Lend_diag-carry_all_three/checkpoints,320676,318582,327680,323584,4,1,3,2094,4096,D5,
pair-stage-probes-64767041-dxAllS/cases/setdown_b-v6c_teacher_lat-_opp_s911_pE2E_Lend_diag-carry_all_three/eval_only,273285,273285,278528,278528,2,0,2,0,0,,
pair-stage-probes-64767041-dxAllS/cases/setdown_b-v6c_teacher_lat-_opp_s911_pE2E_Lend_diag-carry_all_three/frames,0,0,0,0,0,0,0,0,0,,
pair-stage-probes-64767041-dxAllS/cases/setdown_b-v6c_teacher_lat-_opp_s911_pE2E_Lend_diag-carry_all_three/frames/r1,1250222,357092,1466368,430080,97,67,30,893130,1036288,D1,first + >=1 SIM second since last sample + last per stream/episode/leg
pair-stage-probes-64767041-dxAllS/cases/setdown_b-v6c_teacher_lat-_opp_s911_pE2E_Lend_diag-carry_all_three/frames/r2,1228318,198996,1470464,237568,97,82,15,1029322,1232896,D1,first + >=1 SIM second since last sample + last per stream/episode/leg
pair-stage-probes-64767041-dxAllS/cases/setdown_b-v6c_teacher_lat-_opp_s911_pE2E_Lend_diag-carry_all_three/frames/r3,761856,184320,761856,184320,62,47,15,577536,577536,D1,first + >=1 SIM second since last sample + last per stream/episode/leg
pair-stage-probes-64767041-dxAllS/cases/setdown_b-v6c_teacher_lat-_same_s911_pE2E_Lend_diag-carry_all_three,775566,775566,782336,782336,5,0,5,0,0,,
pair-stage-probes-64767041-dxAllS/cases/setdown_b-v6c_teacher_lat-_same_s911_pE2E_Lend_diag-carry_all_three/checkpoints,350113,348019,360448,356352,4,1,3,2094,4096,D5,
pair-stage-probes-64767041-dxAllS/cases/setdown_b-v6c_teacher_lat-_same_s911_pE2E_Lend_diag-carry_all_three/eval_only,270919,270919,274432,274432,2,0,2,0,0,,
pair-stage-probes-64767041-dxAllS/cases/setdown_b-v6c_teacher_lat-_same_s911_pE2E_Lend_diag-carry_all_three/frames,0,0,0,0,0,0,0,0,0,,
pair-stage-probes-64767041-dxAllS/cases/setdown_b-v6c_teacher_lat-_same_s911_pE2E_Lend_diag-carry_all_three/frames/r1,1239169,358476,1454080,430080,96,66,30,880693,1024000,D1,first + >=1 SIM second since last sample + last per stream/episode/leg
pair-stage-probes-64767041-dxAllS/cases/setdown_b-v6c_teacher_lat-_same_s911_pE2E_Lend_diag-carry_all_three/frames/r2,1209337,198763,1433600,237568,96,81,15,1010574,1196032,D1,first + >=1 SIM second since last sample + last per stream/episode/leg
pair-stage-probes-64767041-dxAllS/cases/setdown_b-v6c_teacher_lat-_same_s911_pE2E_Lend_diag-carry_all_three/frames/r3,749568,184320,749568,184320,61,46,15,565248,565248,D1,first + >=1 SIM second since last sample + last per stream/episode/leg
pair-stage-probes-64767041-dxAllS/cases/setdown_b-v6c_teacher_nominal_s911_pE2E_Lend_diag-carry_all_three,773573,773573,782336,782336,5,0,5,0,0,,
pair-stage-probes-64767041-dxAllS/cases/setdown_b-v6c_teacher_nominal_s911_pE2E_Lend_diag-carry_all_three/checkpoints,316941,314847,323584,319488,4,1,3,2094,4096,D5,
pair-stage-probes-64767041-dxAllS/cases/setdown_b-v6c_teacher_nominal_s911_pE2E_Lend_diag-carry_all_three/eval_only,269128,269128,274432,274432,2,0,2,0,0,,
pair-stage-probes-64767041-dxAllS/cases/setdown_b-v6c_teacher_nominal_s911_pE2E_Lend_diag-carry_all_three/frames,0,0,0,0,0,0,0,0,0,,
pair-stage-probes-64767041-dxAllS/cases/setdown_b-v6c_teacher_nominal_s911_pE2E_Lend_diag-carry_all_three/frames/r1,1234478,357169,1454080,430080,96,66,30,877309,1024000,D1,first + >=1 SIM second since last sample + last per stream/episode/leg
pair-stage-probes-64767041-dxAllS/cases/setdown_b-v6c_teacher_nominal_s911_pE2E_Lend_diag-carry_all_three/frames/r2,1203855,197894,1409024,233472,96,81,15,1005961,1175552,D1,first + >=1 SIM second since last sample + last per stream/episode/leg
pair-stage-probes-64767041-dxAllS/cases/setdown_b-v6c_teacher_nominal_s911_pE2E_Lend_diag-carry_all_three/frames/r3,749568,184320,749568,184320,61,46,15,565248,565248,D1,first + >=1 SIM second since last sample + last per stream/episode/leg
pair-stage-probes-64767041-dxAllS/cases/setdown_b-v6c_teacher_nominal_s912_pE2E_Lend_diag-carry_all_three,773438,641138,782336,647168,5,1,4,132300,135168,D5,
pair-stage-probes-64767041-dxAllS/cases/setdown_b-v6c_teacher_nominal_s912_pE2E_Lend_diag-carry_all_three/checkpoints,349868,347773,360448,356352,4,1,3,2095,4096,D5,
pair-stage-probes-64767041-dxAllS/cases/setdown_b-v6c_teacher_nominal_s912_pE2E_Lend_diag-carry_all_three/eval_only,267839,267839,270336,270336,2,0,2,0,0,,
pair-stage-probes-64767041-dxAllS/cases/setdown_b-v6c_teacher_nominal_s912_pE2E_Lend_diag-carry_all_three/frames,0,0,0,0,0,0,0,0,0,,
pair-stage-probes-64767041-dxAllS/cases/setdown_b-v6c_teacher_nominal_s912_pE2E_Lend_diag-carry_all_three/frames/r1,1234482,357168,1454080,430080,96,66,30,877314,1024000,D1,first + >=1 SIM second since last sample + last per stream/episode/leg
pair-stage-probes-64767041-dxAllS/cases/setdown_b-v6c_teacher_nominal_s912_pE2E_Lend_diag-carry_all_three/frames/r2,1203860,197894,1409024,233472,96,81,15,1005966,1175552,D1,first + >=1 SIM second since last sample + last per stream/episode/leg
pair-stage-probes-64767041-dxAllS/cases/setdown_b-v6c_teacher_nominal_s912_pE2E_Lend_diag-carry_all_three/frames/r3,749568,184320,749568,184320,61,46,15,565248,565248,D1,first + >=1 SIM second since last sample + last per stream/episode/leg
pair-stage-probes-64767041-dxAllS/cases/setdown_b-v6c_teacher_nominal_s913_pE2E_Lend_diag-carry_all_three,781543,781543,790528,790528,5,0,5,0,0,,
pair-stage-probes-64767041-dxAllS/cases/setdown_b-v6c_teacher_nominal_s913_pE2E_Lend_diag-carry_all_three/checkpoints,349995,347899,360448,356352,4,1,3,2096,4096,D5,
pair-stage-probes-64767041-dxAllS/cases/setdown_b-v6c_teacher_nominal_s913_pE2E_Lend_diag-carry_all_three/eval_only,272054,272054,274432,274432,2,0,2,0,0,,
pair-stage-probes-64767041-dxAllS/cases/setdown_b-v6c_teacher_nominal_s913_pE2E_Lend_diag-carry_all_three/frames,0,0,0,0,0,0,0,0,0,,
pair-stage-probes-64767041-dxAllS/cases/setdown_b-v6c_teacher_nominal_s913_pE2E_Lend_diag-carry_all_three/frames/r1,1250425,357174,1470464,430080,97,67,30,893251,1040384,D1,first + >=1 SIM second since last sample + last per stream/episode/leg
pair-stage-probes-64767041-dxAllS/cases/setdown_b-v6c_teacher_nominal_s913_pE2E_Lend_diag-carry_all_three/frames/r2,1219964,197936,1421312,233472,97,82,15,1022028,1187840,D1,first + >=1 SIM second since last sample + last per stream/episode/leg
pair-stage-probes-64767041-dxAllS/cases/setdown_b-v6c_teacher_nominal_s913_pE2E_Lend_diag-carry_all_three/frames/r3,761856,184320,761856,184320,62,47,15,577536,577536,D1,first + >=1 SIM second since last sample + last per stream/episode/leg
pair-stage-probes-64767041-dxAllS/cases/setdown_b-v6c_teacher_yaw+_opp_s911_pE2E_Lend_diag-carry_all_three,772238,772238,782336,782336,5,0,5,0,0,,
pair-stage-probes-64767041-dxAllS/cases/setdown_b-v6c_teacher_yaw+_opp_s911_pE2E_Lend_diag-carry_all_three/checkpoints,271864,269771,278528,274432,4,1,3,2093,4096,D5,
pair-stage-probes-64767041-dxAllS/cases/setdown_b-v6c_teacher_yaw+_opp_s911_pE2E_Lend_diag-carry_all_three/eval_only,267861,267861,270336,270336,2,0,2,0,0,,
pair-stage-probes-64767041-dxAllS/cases/setdown_b-v6c_teacher_yaw+_opp_s911_pE2E_Lend_diag-carry_all_three/frames,0,0,0,0,0,0,0,0,0,,
pair-stage-probes-64767041-dxAllS/cases/setdown_b-v6c_teacher_yaw+_opp_s911_pE2E_Lend_diag-carry_all_three/frames/r1,1233906,356835,1454080,430080,96,66,30,877071,1024000,D1,first + >=1 SIM second since last sample + last per stream/episode/leg
pair-stage-probes-64767041-dxAllS/cases/setdown_b-v6c_teacher_yaw+_opp_s911_pE2E_Lend_diag-carry_all_three/frames/r2,1206079,198383,1421312,233472,96,81,15,1007696,1187840,D1,first + >=1 SIM second since last sample + last per stream/episode/leg
pair-stage-probes-64767041-dxAllS/cases/setdown_b-v6c_teacher_yaw+_opp_s911_pE2E_Lend_diag-carry_all_three/frames/r3,749568,184320,749568,184320,61,46,15,565248,565248,D1,first + >=1 SIM second since last sample + last per stream/episode/leg
pair-stage-probes-64767041-dxAllS/cases/setdown_b-v6c_teacher_yaw+_same_s911_pE2E_Lend_diag-carry_all_three,788002,788002,798720,798720,5,0,5,0,0,,
pair-stage-probes-64767041-dxAllS/cases/setdown_b-v6c_teacher_yaw+_same_s911_pE2E_Lend_diag-carry_all_three/checkpoints,307207,305113,315392,311296,4,1,3,2094,4096,D5,
pair-stage-probes-64767041-dxAllS/cases/setdown_b-v6c_teacher_yaw+_same_s911_pE2E_Lend_diag-carry_all_three/eval_only,274607,274607,278528,278528,2,0,2,0,0,,
pair-stage-probes-64767041-dxAllS/cases/setdown_b-v6c_teacher_yaw+_same_s911_pE2E_Lend_diag-carry_all_three/frames,0,0,0,0,0,0,0,0,0,,
pair-stage-probes-64767041-dxAllS/cases/setdown_b-v6c_teacher_yaw+_same_s911_pE2E_Lend_diag-carry_all_three/frames/r1,1266499,373002,1490944,446464,98,67,31,893497,1044480,D1,first + >=1 SIM second since last sample + last per stream/episode/leg
pair-stage-probes-64767041-dxAllS/cases/setdown_b-v6c_teacher_yaw+_same_s911_pE2E_Lend_diag-carry_all_three/frames/r2,1235879,198098,1433600,233472,98,83,15,1037781,1200128,D1,first + >=1 SIM second since last sample + last per stream/episode/leg
pair-stage-probes-64767041-dxAllS/cases/setdown_b-v6c_teacher_yaw+_same_s911_pE2E_Lend_diag-carry_all_three/frames/r3,761856,184320,761856,184320,62,47,15,577536,577536,D1,first + >=1 SIM second since last sample + last per stream/episode/leg
pair-stage-probes-64767041-dxAllS/cases/setdown_b-v6c_teacher_yaw-_opp_s911_pE2E_Lend_diag-carry_all_three,788762,788762,798720,798720,5,0,5,0,0,,
pair-stage-probes-64767041-dxAllS/cases/setdown_b-v6c_teacher_yaw-_opp_s911_pE2E_Lend_diag-carry_all_three/checkpoints,382174,380079,393216,389120,4,1,3,2095,4096,D5,
pair-stage-probes-64767041-dxAllS/cases/setdown_b-v6c_teacher_yaw-_opp_s911_pE2E_Lend_diag-carry_all_three/eval_only,275866,275866,278528,278528,2,0,2,0,0,,
pair-stage-probes-64767041-dxAllS/cases/setdown_b-v6c_teacher_yaw-_opp_s911_pE2E_Lend_diag-carry_all_three/frames,0,0,0,0,0,0,0,0,0,,
pair-stage-probes-64767041-dxAllS/cases/setdown_b-v6c_teacher_yaw-_opp_s911_pE2E_Lend_diag-carry_all_three/frames/r1,1264512,372745,1482752,446464,98,67,31,891767,1036288,D1,first + >=1 SIM second since last sample + last per stream/episode/leg
pair-stage-probes-64767041-dxAllS/cases/setdown_b-v6c_teacher_yaw-_opp_s911_pE2E_Lend_diag-carry_all_three/frames/r2,1235575,197907,1449984,233472,98,83,15,1037668,1216512,D1,first + >=1 SIM second since last sample + last per stream/episode/leg
pair-stage-probes-64767041-dxAllS/cases/setdown_b-v6c_teacher_yaw-_opp_s911_pE2E_Lend_diag-carry_all_three/frames/r3,761856,184320,761856,184320,62,47,15,577536,577536,D1,first + >=1 SIM second since last sample + last per stream/episode/leg
pair-stage-probes-64767041-dxAllS/cases/setdown_b-v6c_teacher_yaw-_same_s911_pE2E_Lend_diag-carry_all_three,766800,766800,778240,778240,5,0,5,0,0,,
pair-stage-probes-64767041-dxAllS/cases/setdown_b-v6c_teacher_yaw-_same_s911_pE2E_Lend_diag-carry_all_three/checkpoints,365220,363125,372736,368640,4,1,3,2095,4096,D5,
pair-stage-probes-64767041-dxAllS/cases/setdown_b-v6c_teacher_yaw-_same_s911_pE2E_Lend_diag-carry_all_three/eval_only,265955,265955,270336,270336,2,0,2,0,0,,
pair-stage-probes-64767041-dxAllS/cases/setdown_b-v6c_teacher_yaw-_same_s911_pE2E_Lend_diag-carry_all_three/frames,0,0,0,0,0,0,0,0,0,,
pair-stage-probes-64767041-dxAllS/cases/setdown_b-v6c_teacher_yaw-_same_s911_pE2E_Lend_diag-carry_all_three/frames/r1,1216969,357094,1429504,430080,95,65,30,859875,999424,D1,first + >=1 SIM second since last sample + last per stream/episode/leg
pair-stage-probes-64767041-dxAllS/cases/setdown_b-v6c_teacher_yaw-_same_s911_pE2E_Lend_diag-carry_all_three/frames/r2,1189800,198260,1413120,233472,95,80,15,991540,1179648,D1,first + >=1 SIM second since last sample + last per stream/episode/leg
pair-stage-probes-64767041-dxAllS/cases/setdown_b-v6c_teacher_yaw-_same_s911_pE2E_Lend_diag-carry_all_three/frames/r3,749568,184320,749568,184320,61,46,15,565248,565248,D1,first + >=1 SIM second since last sample + last per stream/episode/leg
pair-stage-probes-7392cb49-rsmoke2,433216,433216,442368,442368,5,0,5,0,0,,
pair-stage-probes-7392cb49-rsmoke2/cases,11666,6569,16384,8192,4,2,2,5097,8192,D5,
pair-stage-probes-7392cb49-rsmoke2/cases/carry_b-v6e_teacher_lat-_opp_s911_pE2E_L1_Vcal,2017138,420823,2027520,425984,5,3,2,1596315,1601536,D5,
pair-stage-probes-7392cb49-rsmoke2/cases/carry_b-v6e_teacher_lat-_opp_s911_pE2E_L1_Vcal/checkpoints,342279,338101,352256,344064,4,2,2,4178,8192,D5,
pair-stage-probes-7392cb49-rsmoke2/cases/carry_b-v6e_teacher_lat-_opp_s911_pE2E_L1_Vcal/eval_only,778981,352278,786432,356352,2,1,1,426703,430080,D5,
pair-stage-probes-7392cb49-rsmoke2/cases/carry_b-v6e_teacher_lat-_opp_s911_pE2E_L1_Vcal/frames,0,0,0,0,0,0,0,0,0,,
pair-stage-probes-7392cb49-rsmoke2/cases/carry_b-v6e_teacher_lat-_opp_s911_pE2E_L1_Vcal/frames/r1,3256171,622866,3592192,684032,279,230,49,2633305,2908160,D1,first + >=1 SIM second since last sample + last per stream/episode/leg
pair-stage-probes-7392cb49-rsmoke2/cases/carry_b-v6e_teacher_lat-_opp_s911_pE2E_L1_Vcal/frames/r2,3185370,399701,3518464,438272,279,246,33,2785669,3080192,D1,first + >=1 SIM second since last sample + last per stream/episode/leg
pair-stage-probes-7392cb49-rsmoke2/cases/carry_b-v6e_teacher_lat-_opp_s911_pE2E_L1_Vcal/frames/r3,2480895,535095,2506752,540672,153,120,33,1945800,1966080,D1,first + >=1 SIM second since last sample + last per stream/episode/leg
pair-stage-probes-7392cb49-rsmoke2/cases/carry_b-v6e_teacher_lat-_opp_s911_pE2E_L3_Vcal,1774953,365896,1785856,372736,5,3,2,1409057,1413120,D5,
pair-stage-probes-7392cb49-rsmoke2/cases/carry_b-v6e_teacher_lat-_opp_s911_pE2E_L3_Vcal/checkpoints,371017,366836,376832,368640,4,2,2,4181,8192,D5,
pair-stage-probes-7392cb49-rsmoke2/cases/carry_b-v6e_teacher_lat-_opp_s911_pE2E_L3_Vcal/eval_only,685243,310608,688128,311296,2,1,1,374635,376832,D5,
pair-stage-probes-7392cb49-rsmoke2/cases/carry_b-v6e_teacher_lat-_opp_s911_pE2E_L3_Vcal/frames,0,0,0,0,0,0,0,0,0,,
pair-stage-probes-7392cb49-rsmoke2/cases/carry_b-v6e_teacher_lat-_opp_s911_pE2E_L3_Vcal/frames/r1,2781566,555285,3096576,614400,242,197,45,2226281,2482176,D1,first + >=1 SIM second since last sample + last per stream/episode/leg
pair-stage-probes-7392cb49-rsmoke2/cases/carry_b-v6e_teacher_lat-_opp_s911_pE2E_L3_Vcal/frames/r2,2770313,362079,3100672,401408,242,213,29,2408234,2699264,D1,first + >=1 SIM second since last sample + last per stream/episode/leg
pair-stage-probes-7392cb49-rsmoke2/cases/carry_b-v6e_teacher_lat-_opp_s911_pE2E_L3_Vcal/frames/r3,2172810,470235,2195456,475136,134,105,29,1702575,1720320,D1,first + >=1 SIM second since last sample + last per stream/episode/leg
pair-stage-probes-78332709-bound,1092421,1092421,1101824,1101824,5,0,5,0,0,,
pair-stage-probes-78332709-bound-managed,160421,160421,163840,163840,2,0,2,0,0,,
pair-stage-probes-78332709-bound/cases,88729,88729,245760,245760,64,0,64,0,0,,
pair-stage-probes-78332709-bound/cases/grasp_lift_b-only_boundary_ex+0mm_s911,388127,327604,397312,335872,5,1,4,60523,61440,D5,
pair-stage-probes-78332709-bound/cases/grasp_lift_b-only_boundary_ex+0mm_s911/checkpoints,332499,330545,344064,339968,4,1,3,1954,4096,D5,
pair-stage-probes-78332709-bound/cases/grasp_lift_b-only_boundary_ex+0mm_s911/eval_only,117016,117016,122880,122880,2,0,2,0,0,,
pair-stage-probes-78332709-bound/cases/grasp_lift_b-only_boundary_ex+0mm_s911/frames,0,0,0,0,0,0,0,0,0,,
pair-stage-probes-78332709-bound/cases/grasp_lift_b-only_boundary_ex+0mm_s911/frames/r1,775102,481405,827392,512000,44,16,28,293697,315392,D1,first + >=1 SIM second since last sample + last per stream/episode/leg
pair-stage-probes-78332709-bound/cases/grasp_lift_b-only_boundary_ex+0mm_s911/frames/r2,756382,224709,831488,245760,45,32,13,531673,585728,D1,first + >=1 SIM second since last sample + last per stream/episode/leg
pair-stage-probes-78332709-bound/cases/grasp_lift_b-only_boundary_ex+0mm_s911/frames/r3,331776,147456,331776,147456,27,15,12,184320,184320,D1,first + >=1 SIM second since last sample + last per stream/episode/leg
pair-stage-probes-78332709-bound/cases/grasp_lift_b-only_boundary_ex+12mm_s911,1885,1885,4096,4096,1,0,1,0,0,,
pair-stage-probes-78332709-bound/cases/grasp_lift_b-only_boundary_ex+12mm_s911/checkpoints,186634,184680,192512,188416,2,1,1,1954,4096,D5,
pair-stage-probes-78332709-bound/cases/grasp_lift_b-only_boundary_ex+12mm_s911/frames,0,0,0,0,0,0,0,0,0,,
pair-stage-probes-78332709-bound/cases/grasp_lift_b-only_boundary_ex+12mm_s911/frames/r1,576929,241382,602112,258048,31,18,13,335547,344064,D1,unknown SIM timing: every 19th numeric-sorted frame + first/last (mandatory endpoints may exceed 10% for n<20)
pair-stage-probes-78332709-bound/cases/grasp_lift_b-only_boundary_ex+12mm_s911/frames/r2,567666,99354,618496,106496,32,27,5,468312,512000,D1,unknown SIM timing: every 15th numeric-sorted frame + first/last (mandatory endpoints may exceed 10% for n<20)
pair-stage-probes-78332709-bound/cases/grasp_lift_b-only_boundary_ex+12mm_s911/frames/r3,245760,49152,245760,49152,20,16,4,196608,196608,D1,unknown SIM timing: every 17th numeric-sorted frame + first/last (mandatory endpoints may exceed 10% for n<20)
pair-stage-probes-78332709-bound/cases/grasp_lift_b-only_boundary_ex+4mm_s911,428701,368172,434176,372736,5,1,4,60529,61440,D5,
pair-stage-probes-78332709-bound/cases/grasp_lift_b-only_boundary_ex+4mm_s911/checkpoints,332198,330244,344064,339968,4,1,3,1954,4096,D5,
pair-stage-probes-78332709-bound/cases/grasp_lift_b-only_boundary_ex+4mm_s911/eval_only,121518,121518,126976,126976,2,0,2,0,0,,
pair-stage-probes-78332709-bound/cases/grasp_lift_b-only_boundary_ex+4mm_s911/frames,0,0,0,0,0,0,0,0,0,,
pair-stage-probes-78332709-bound/cases/grasp_lift_b-only_boundary_ex+4mm_s911/frames/r1,807029,512825,880640,561152,46,16,30,294204,319488,D1,first + >=1 SIM second since last sample + last per stream/episode/leg
pair-stage-probes-78332709-bound/cases/grasp_lift_b-only_boundary_ex+4mm_s911/frames/r2,788811,256269,864256,278528,47,32,15,532542,585728,D1,first + >=1 SIM second since last sample + last per stream/episode/leg
pair-stage-probes-78332709-bound/cases/grasp_lift_b-only_boundary_ex+4mm_s911/frames/r3,344064,159744,344064,159744,28,15,13,184320,184320,D1,first + >=1 SIM second since last sample + last per stream/episode/leg
pair-stage-probes-78332709-bound/cases/grasp_lift_b-only_boundary_ex+8mm_s911,1882,1882,4096,4096,1,0,1,0,0,,
pair-stage-probes-78332709-bound/cases/grasp_lift_b-only_boundary_ex+8mm_s911/checkpoints,186621,184667,192512,188416,2,1,1,1954,4096,D5,
pair-stage-probes-78332709-bound/cases/grasp_lift_b-only_boundary_ex+8mm_s911/frames,0,0,0,0,0,0,0,0,0,,
pair-stage-probes-78332709-bound/cases/grasp_lift_b-only_boundary_ex+8mm_s911/frames/r1,732499,349444,770048,372736,41,21,20,383055,397312,D1,unknown SIM timing: every 22th numeric-sorted frame + first/last (mandatory endpoints may exceed 10% for n<20)
pair-stage-probes-78332709-bound/cases/grasp_lift_b-only_boundary_ex+8mm_s911/frames/r2,715864,114354,782336,122880,42,36,6,601510,659456,D1,unknown SIM timing: every 13th numeric-sorted frame + first/last (mandatory endpoints may exceed 10% for n<20)
pair-stage-probes-78332709-bound/cases/grasp_lift_b-only_boundary_ex+8mm_s911/frames/r3,307200,49152,307200,49152,25,21,4,258048,258048,D1,unknown SIM timing: every 22th numeric-sorted frame + first/last (mandatory endpoints may exceed 10% for n<20)
pair-stage-probes-78332709-bound/cases/grasp_lift_b-only_boundary_ex-12mm_s911,207110,189030,217088,196608,5,1,4,18080,20480,D5,
pair-stage-probes-78332709-bound/cases/grasp_lift_b-only_boundary_ex-12mm_s911/checkpoints,332441,330487,344064,339968,4,1,3,1954,4096,D5,
pair-stage-probes-78332709-bound/cases/grasp_lift_b-only_boundary_ex-12mm_s911/eval_only,71827,71827,73728,73728,2,0,2,0,0,,
pair-stage-probes-78332709-bound/cases/grasp_lift_b-only_boundary_ex-12mm_s911/frames,0,0,0,0,0,0,0,0,0,,
pair-stage-probes-78332709-bound/cases/grasp_lift_b-only_boundary_ex-12mm_s911/frames/r1,470761,271507,491520,282624,24,10,14,199254,208896,D1,first + >=1 SIM second since last sample + last per stream/episode/leg
pair-stage-probes-78332709-bound/cases/grasp_lift_b-only_boundary_ex-12mm_s911/frames/r2,471325,169219,503808,180224,25,16,9,302106,323584,D1,first + >=1 SIM second since last sample + last per stream/episode/leg
pair-stage-probes-78332709-bound/cases/grasp_lift_b-only_boundary_ex-12mm_s911/frames/r3,208896,98304,208896,98304,17,9,8,110592,110592,D1,first + >=1 SIM second since last sample + last per stream/episode/leg
pair-stage-probes-78332709-bound/cases/grasp_lift_b-only_boundary_ex-4mm_s911,763487,676533,774144,684032,5,1,4,86954,90112,D5,
pair-stage-probes-78332709-bound/cases/grasp_lift_b-only_boundary_ex-4mm_s911/checkpoints,332892,330938,344064,339968,4,1,3,1954,4096,D5,
pair-stage-probes-78332709-bound/cases/grasp_lift_b-only_boundary_ex-4mm_s911/eval_only,189435,189435,192512,192512,2,0,2,0,0,,
pair-stage-probes-78332709-bound/cases/grasp_lift_b-only_boundary_ex-4mm_s911/frames,0,0,0,0,0,0,0,0,0,,
pair-stage-probes-78332709-bound/cases/grasp_lift_b-only_boundary_ex-4mm_s911/frames/r1,1233642,556266,1347584,610304,75,42,33,677376,737280,D1,first + >=1 SIM second since last sample + last per stream/episode/leg
pair-stage-probes-78332709-bound/cases/grasp_lift_b-only_boundary_ex-4mm_s911/frames/r2,1195462,310968,1339392,344064,76,57,19,884494,995328,D1,first + >=1 SIM second since last sample + last per stream/episode/leg
pair-stage-probes-78332709-bound/cases/grasp_lift_b-only_boundary_ex-4mm_s911/frames/r3,528384,196608,528384,196608,43,27,16,331776,331776,D1,first + >=1 SIM second since last sample + last per stream/episode/leg
pair-stage-probes-78332709-bound/cases/grasp_lift_b-only_boundary_ex-8mm_s911,763366,676422,774144,684032,5,1,4,86944,90112,D5,
pair-stage-probes-78332709-bound/cases/grasp_lift_b-only_boundary_ex-8mm_s911/checkpoints,332814,330860,344064,339968,4,1,3,1954,4096,D5,
pair-stage-probes-78332709-bound/cases/grasp_lift_b-only_boundary_ex-8mm_s911/eval_only,189049,189049,192512,192512,2,0,2,0,0,,
pair-stage-probes-78332709-bound/cases/grasp_lift_b-only_boundary_ex-8mm_s911/frames,0,0,0,0,0,0,0,0,0,,
pair-stage-probes-78332709-bound/cases/grasp_lift_b-only_boundary_ex-8mm_s911/frames/r1,1232919,558460,1331200,593920,75,42,33,674459,737280,D1,first + >=1 SIM second since last sample + last per stream/episode/leg
pair-stage-probes-78332709-bound/cases/grasp_lift_b-only_boundary_ex-8mm_s911/frames/r2,1196845,311723,1339392,344064,76,57,19,885122,995328,D1,first + >=1 SIM second since last sample + last per stream/episode/leg
pair-stage-probes-78332709-bound/cases/grasp_lift_b-only_boundary_ex-8mm_s911/frames/r3,528384,196608,528384,196608,43,27,16,331776,331776,D1,first + >=1 SIM second since last sample + last per stream/episode/leg
pair-stage-probes-78332709-bound/cases/grasp_lift_b-only_boundary_ey-4mm_s911,1887,1887,4096,4096,1,0,1,0,0,,
pair-stage-probes-78332709-bound/cases/grasp_lift_b-only_boundary_ey-4mm_s911/checkpoints,186638,184684,192512,188416,2,1,1,1954,4096,D5,
pair-stage-probes-78332709-bound/cases/grasp_lift_b-only_boundary_ey-4mm_s911/frames,0,0,0,0,0,0,0,0,0,,
pair-stage-probes-78332709-bound/cases/grasp_lift_b-only_boundary_ey-4mm_s911/frames/r1,456944,182733,483328,192512,23,14,9,274211,290816,D1,unknown SIM timing: every 15th numeric-sorted frame + first/last (mandatory endpoints may exceed 10% for n<20)
pair-stage-probes-78332709-bound/cases/grasp_lift_b-only_boundary_ey-4mm_s911/frames/r2,451710,84908,487424,90112,24,20,4,366802,397312,D1,unknown SIM timing: every 21th numeric-sorted frame + first/last (mandatory endpoints may exceed 10% for n<20)
pair-stage-probes-78332709-bound/cases/grasp_lift_b-only_boundary_ey-4mm_s911/frames/r3,184320,49152,184320,49152,15,11,4,135168,135168,D1,unknown SIM timing: every 12th numeric-sorted frame + first/last (mandatory endpoints may exceed 10% for n<20)
pair-stage-probes-78332709-bound/cases/grasp_lift_b-only_boundary_ey-8mm_s911,1872,1872,4096,4096,1,0,1,0,0,,
pair-stage-probes-78332709-bound/cases/grasp_lift_b-only_boundary_ey-8mm_s911/checkpoints,332933,330979,344064,339968,4,1,3,1954,4096,D5,
pair-stage-probes-78332709-bound/cases/grasp_lift_b-only_boundary_ey-8mm_s911/frames,0,0,0,0,0,0,0,0,0,,
pair-stage-probes-78332709-bound/cases/grasp_lift_b-only_boundary_ey-8mm_s911/frames/r1,459584,183821,503808,196608,23,14,9,275763,307200,D1,unknown SIM timing: every 15th numeric-sorted frame + first/last (mandatory endpoints may exceed 10% for n<20)
pair-stage-probes-78332709-bound/cases/grasp_lift_b-only_boundary_ey-8mm_s911/frames/r2,452771,84996,487424,90112,24,20,4,367775,397312,D1,unknown SIM timing: every 21th numeric-sorted frame + first/last (mandatory endpoints may exceed 10% for n<20)
pair-stage-probes-78332709-bound/cases/grasp_lift_b-only_boundary_ey-8mm_s911/frames/r3,208896,49152,208896,49152,17,13,4,159744,159744,D1,unknown SIM timing: every 14th numeric-sorted frame + first/last (mandatory endpoints may exceed 10% for n<20)
pair-stage-probes-78332709-bound/cases/grasp_lift_boundary_corner+++_s911,321606,321606,327680,327680,5,0,5,0,0,,
pair-stage-probes-78332709-bound/cases/grasp_lift_boundary_corner+++_s911/checkpoints,306453,304489,315392,311296,4,1,3,1964,4096,D5,
pair-stage-probes-78332709-bound/cases/grasp_lift_boundary_corner+++_s911/eval_only,122763,122763,126976,126976,2,0,2,0,0,,
pair-stage-probes-78332709-bound/cases/grasp_lift_boundary_corner+++_s911/frames,0,0,0,0,0,0,0,0,0,,
pair-stage-probes-78332709-bound/cases/grasp_lift_boundary_corner+++_s911/frames/r1,812845,517740,860160,544768,46,16,30,295105,315392,D1,first + >=1 SIM second since last sample + last per stream/episode/leg
pair-stage-probes-78332709-bound/cases/grasp_lift_boundary_corner+++_s911/frames/r2,795727,258493,864256,278528,47,32,15,537234,585728,D1,first + >=1 SIM second since last sample + last per stream/episode/leg
pair-stage-probes-78332709-bound/cases/grasp_lift_boundary_corner+++_s911/frames/r3,344064,159744,344064,159744,28,15,13,184320,184320,D1,first + >=1 SIM second since last sample + last per stream/episode/leg
pair-stage-probes-78332709-bound/cases/grasp_lift_boundary_corner++-_s911,146143,146143,155648,155648,5,0,5,0,0,,
pair-stage-probes-78332709-bound/cases/grasp_lift_boundary_corner++-_s911/checkpoints,307979,306015,319488,315392,4,1,3,1964,4096,D5,
pair-stage-probes-78332709-bound/cases/grasp_lift_boundary_corner++-_s911/eval_only,72646,72646,73728,73728,2,0,2,0,0,,
pair-stage-probes-78332709-bound/cases/grasp_lift_boundary_corner++-_s911/frames,0,0,0,0,0,0,0,0,0,,
pair-stage-probes-78332709-bound/cases/grasp_lift_boundary_corner++-_s911/frames/r1,469870,270148,487424,282624,24,10,14,199722,204800,D1,first + >=1 SIM second since last sample + last per stream/episode/leg
pair-stage-probes-78332709-bound/cases/grasp_lift_boundary_corner++-_s911/frames/r2,468524,167991,503808,180224,25,16,9,300533,323584,D1,first + >=1 SIM second since last sample + last per stream/episode/leg
pair-stage-probes-78332709-bound/cases/grasp_lift_boundary_corner++-_s911/frames/r3,208896,98304,208896,98304,17,9,8,110592,110592,D1,first + >=1 SIM second since last sample + last per stream/episode/leg
pair-stage-probes-78332709-bound/cases/grasp_lift_boundary_corner+-+_s911,321639,321639,327680,327680,5,0,5,0,0,,
pair-stage-probes-78332709-bound/cases/grasp_lift_boundary_corner+-+_s911/checkpoints,306435,304471,315392,311296,4,1,3,1964,4096,D5,
pair-stage-probes-78332709-bound/cases/grasp_lift_boundary_corner+-+_s911/eval_only,122704,122704,126976,126976,2,0,2,0,0,,
pair-stage-probes-78332709-bound/cases/grasp_lift_boundary_corner+-+_s911/frames,0,0,0,0,0,0,0,0,0,,
pair-stage-probes-78332709-bound/cases/grasp_lift_boundary_corner+-+_s911/frames/r1,817299,520297,892928,561152,46,16,30,297002,331776,D1,first + >=1 SIM second since last sample + last per stream/episode/leg
pair-stage-probes-78332709-bound/cases/grasp_lift_boundary_corner+-+_s911/frames/r2,793117,257944,864256,278528,47,32,15,535173,585728,D1,first + >=1 SIM second since last sample + last per stream/episode/leg
pair-stage-probes-78332709-bound/cases/grasp_lift_boundary_corner+-+_s911/frames/r3,344064,159744,344064,159744,28,15,13,184320,184320,D1,first + >=1 SIM second since last sample + last per stream/episode/leg
pair-stage-probes-78332709-bound/cases/grasp_lift_boundary_corner+--_s911,321668,321668,327680,327680,5,0,5,0,0,,
pair-stage-probes-78332709-bound/cases/grasp_lift_boundary_corner+--_s911/checkpoints,306630,304666,315392,311296,4,1,3,1964,4096,D5,
pair-stage-probes-78332709-bound/cases/grasp_lift_boundary_corner+--_s911/eval_only,122748,122748,126976,126976,2,0,2,0,0,,
pair-stage-probes-78332709-bound/cases/grasp_lift_boundary_corner+--_s911/frames,0,0,0,0,0,0,0,0,0,,
pair-stage-probes-78332709-bound/cases/grasp_lift_boundary_corner+--_s911/frames/r1,812475,517291,851968,544768,46,16,30,295184,307200,D1,first + >=1 SIM second since last sample + last per stream/episode/leg
pair-stage-probes-78332709-bound/cases/grasp_lift_boundary_corner+--_s911/frames/r2,793441,257867,864256,278528,47,32,15,535574,585728,D1,first + >=1 SIM second since last sample + last per stream/episode/leg
pair-stage-probes-78332709-bound/cases/grasp_lift_boundary_corner+--_s911/frames/r3,344064,159744,344064,159744,28,15,13,184320,184320,D1,first + >=1 SIM second since last sample + last per stream/episode/leg
pair-stage-probes-78332709-bound/cases/grasp_lift_boundary_corner-++_s911,593463,593463,602112,602112,5,0,5,0,0,,
pair-stage-probes-78332709-bound/cases/grasp_lift_boundary_corner-++_s911/checkpoints,306920,304956,315392,311296,4,1,3,1964,4096,D5,
pair-stage-probes-78332709-bound/cases/grasp_lift_boundary_corner-++_s911/eval_only,190734,190734,192512,192512,2,0,2,0,0,,
pair-stage-probes-78332709-bound/cases/grasp_lift_boundary_corner-++_s911/frames,0,0,0,0,0,0,0,0,0,,
pair-stage-probes-78332709-bound/cases/grasp_lift_boundary_corner-++_s911/frames/r1,1244577,563539,1355776,614400,75,42,33,681038,741376,D1,first + >=1 SIM second since last sample + last per stream/episode/leg
pair-stage-probes-78332709-bound/cases/grasp_lift_boundary_corner-++_s911/frames/r2,1209317,315893,1339392,344064,76,57,19,893424,995328,D1,first + >=1 SIM second since last sample + last per stream/episode/leg
pair-stage-probes-78332709-bound/cases/grasp_lift_boundary_corner-++_s911/frames/r3,528384,196608,528384,196608,43,27,16,331776,331776,D1,first + >=1 SIM second since last sample + last per stream/episode/leg
pair-stage-probes-78332709-bound/cases/grasp_lift_boundary_corner-+-_s911,284917,284917,294912,294912,5,0,5,0,0,,
pair-stage-probes-78332709-bound/cases/grasp_lift_boundary_corner-+-_s911/checkpoints,322641,320677,331776,327680,4,1,3,1964,4096,D5,
pair-stage-probes-78332709-bound/cases/grasp_lift_boundary_corner-+-_s911/eval_only,118280,118280,122880,122880,2,0,2,0,0,,
pair-stage-probes-78332709-bound/cases/grasp_lift_boundary_corner-+-_s911/frames,0,0,0,0,0,0,0,0,0,,
pair-stage-probes-78332709-bound/cases/grasp_lift_boundary_corner-+-_s911/frames/r1,788265,492149,851968,536576,44,16,28,296116,315392,D1,first + >=1 SIM second since last sample + last per stream/episode/leg
pair-stage-probes-78332709-bound/cases/grasp_lift_boundary_corner-+-_s911/frames/r2,766720,229268,831488,245760,45,32,13,537452,585728,D1,first + >=1 SIM second since last sample + last per stream/episode/leg
pair-stage-probes-78332709-bound/cases/grasp_lift_boundary_corner-+-_s911/frames/r3,331776,147456,331776,147456,27,15,12,184320,184320,D1,first + >=1 SIM second since last sample + last per stream/episode/leg
pair-stage-probes-78332709-bound/cases/grasp_lift_boundary_corner--+_s911,595012,595012,602112,602112,5,0,5,0,0,,
pair-stage-probes-78332709-bound/cases/grasp_lift_boundary_corner--+_s911/checkpoints,321941,319977,331776,327680,4,1,3,1964,4096,D5,
pair-stage-probes-78332709-bound/cases/grasp_lift_boundary_corner--+_s911/eval_only,190735,190735,192512,192512,2,0,2,0,0,,
pair-stage-probes-78332709-bound/cases/grasp_lift_boundary_corner--+_s911/frames,0,0,0,0,0,0,0,0,0,,
pair-stage-probes-78332709-bound/cases/grasp_lift_boundary_corner--+_s911/frames/r1,1250845,564428,1359872,610304,75,42,33,686417,749568,D1,first + >=1 SIM second since last sample + last per stream/episode/leg
pair-stage-probes-78332709-bound/cases/grasp_lift_boundary_corner--+_s911/frames/r2,1220577,318342,1339392,344064,76,57,19,902235,995328,D1,first + >=1 SIM second since last sample + last per stream/episode/leg
pair-stage-probes-78332709-bound/cases/grasp_lift_boundary_corner--+_s911/frames/r3,528384,196608,528384,196608,43,27,16,331776,331776,D1,first + >=1 SIM second since last sample + last per stream/episode/leg
pair-stage-probes-78332709-bound/cases/grasp_lift_boundary_corner---_s911,595099,595099,602112,602112,5,0,5,0,0,,
pair-stage-probes-78332709-bound/cases/grasp_lift_boundary_corner---_s911/checkpoints,306547,304583,315392,311296,4,1,3,1964,4096,D5,
pair-stage-probes-78332709-bound/cases/grasp_lift_boundary_corner---_s911/eval_only,190609,190609,192512,192512,2,0,2,0,0,,
pair-stage-probes-78332709-bound/cases/grasp_lift_boundary_corner---_s911/frames,0,0,0,0,0,0,0,0,0,,
pair-stage-probes-78332709-bound/cases/grasp_lift_boundary_corner---_s911/frames/r1,1244077,563542,1351680,610304,75,42,33,680535,741376,D1,first + >=1 SIM second since last sample + last per stream/episode/leg
pair-stage-probes-78332709-bound/cases/grasp_lift_boundary_corner---_s911/frames/r2,1206972,314760,1339392,344064,76,57,19,892212,995328,D1,first + >=1 SIM second since last sample + last per stream/episode/leg
pair-stage-probes-78332709-bound/cases/grasp_lift_boundary_corner---_s911/frames/r3,528384,196608,528384,196608,43,27,16,331776,331776,D1,first + >=1 SIM second since last sample + last per stream/episode/leg
pair-stage-probes-78332709-bound/cases/grasp_lift_boundary_ex+0mm_s911,285226,285226,294912,294912,5,0,5,0,0,,
pair-stage-probes-78332709-bound/cases/grasp_lift_boundary_ex+0mm_s911/checkpoints,307813,307813,319488,319488,4,0,4,0,0,,
pair-stage-probes-78332709-bound/cases/grasp_lift_boundary_ex+0mm_s911/eval_only,117003,117003,122880,122880,2,0,2,0,0,,
pair-stage-probes-78332709-bound/cases/grasp_lift_boundary_ex+0mm_s911/frames,0,0,0,0,0,0,0,0,0,,
pair-stage-probes-78332709-bound/cases/grasp_lift_boundary_ex+0mm_s911/frames/r1,775102,481405,827392,512000,44,16,28,293697,315392,D1,first + >=1 SIM second since last sample + last per stream/episode/leg
pair-stage-probes-78332709-bound/cases/grasp_lift_boundary_ex+0mm_s911/frames/r2,756382,224709,831488,245760,45,32,13,531673,585728,D1,first + >=1 SIM second since last sample + last per stream/episode/leg
pair-stage-probes-78332709-bound/cases/grasp_lift_boundary_ex+0mm_s911/frames/r3,331776,147456,331776,147456,27,15,12,184320,184320,D1,first + >=1 SIM second since last sample + last per stream/episode/leg
pair-stage-probes-78332709-bound/cases/grasp_lift_boundary_ex+12mm_s911,321557,321557,327680,327680,5,0,5,0,0,,
pair-stage-probes-78332709-bound/cases/grasp_lift_boundary_ex+12mm_s911/checkpoints,307375,305411,315392,311296,4,1,3,1964,4096,D5,
pair-stage-probes-78332709-bound/cases/grasp_lift_boundary_ex+12mm_s911/eval_only,121516,121516,126976,126976,2,0,2,0,0,,
pair-stage-probes-78332709-bound/cases/grasp_lift_boundary_ex+12mm_s911/frames,0,0,0,0,0,0,0,0,0,,
pair-stage-probes-78332709-bound/cases/grasp_lift_boundary_ex+12mm_s911/frames/r1,809965,515802,847872,544768,46,16,30,294163,303104,D1,first + >=1 SIM second since last sample + last per stream/episode/leg
pair-stage-probes-78332709-bound/cases/grasp_lift_boundary_ex+12mm_s911/frames/r2,790678,256672,864256,278528,47,32,15,534006,585728,D1,first + >=1 SIM second since last sample + last per stream/episode/leg
pair-stage-probes-78332709-bound/cases/grasp_lift_boundary_ex+12mm_s911/frames/r3,344064,159744,344064,159744,28,15,13,184320,184320,D1,first + >=1 SIM second since last sample + last per stream/episode/leg
pair-stage-probes-78332709-bound/cases/grasp_lift_boundary_ex+4mm_s911,321532,321532,327680,327680,5,0,5,0,0,,
pair-stage-probes-78332709-bound/cases/grasp_lift_boundary_ex+4mm_s911/checkpoints,307445,305481,319488,315392,4,1,3,1964,4096,D5,
pair-stage-probes-78332709-bound/cases/grasp_lift_boundary_ex+4mm_s911/eval_only,121523,121523,126976,126976,2,0,2,0,0,,
pair-stage-probes-78332709-bound/cases/grasp_lift_boundary_ex+4mm_s911/frames,0,0,0,0,0,0,0,0,0,,
pair-stage-probes-78332709-bound/cases/grasp_lift_boundary_ex+4mm_s911/frames/r1,807029,512825,880640,561152,46,16,30,294204,319488,D1,first + >=1 SIM second since last sample + last per stream/episode/leg
pair-stage-probes-78332709-bound/cases/grasp_lift_boundary_ex+4mm_s911/frames/r2,788811,256269,864256,278528,47,32,15,532542,585728,D1,first + >=1 SIM second since last sample + last per stream/episode/leg
pair-stage-probes-78332709-bound/cases/grasp_lift_boundary_ex+4mm_s911/frames/r3,344064,159744,344064,159744,28,15,13,184320,184320,D1,first + >=1 SIM second since last sample + last per stream/episode/leg
pair-stage-probes-78332709-bound/cases/grasp_lift_boundary_ex+8mm_s911,321560,321560,327680,327680,5,0,5,0,0,,
pair-stage-probes-78332709-bound/cases/grasp_lift_boundary_ex+8mm_s911/checkpoints,307544,305580,319488,315392,4,1,3,1964,4096,D5,
pair-stage-probes-78332709-bound/cases/grasp_lift_boundary_ex+8mm_s911/eval_only,121412,121412,126976,126976,2,0,2,0,0,,
pair-stage-probes-78332709-bound/cases/grasp_lift_boundary_ex+8mm_s911/frames,0,0,0,0,0,0,0,0,0,,
pair-stage-probes-78332709-bound/cases/grasp_lift_boundary_ex+8mm_s911/frames/r1,808937,530604,851968,561152,46,15,31,278333,290816,D1,first + >=1 SIM second since last sample + last per stream/episode/leg
pair-stage-probes-78332709-bound/cases/grasp_lift_boundary_ex+8mm_s911/frames/r2,789270,256487,864256,278528,47,32,15,532783,585728,D1,first + >=1 SIM second since last sample + last per stream/episode/leg
pair-stage-probes-78332709-bound/cases/grasp_lift_boundary_ex+8mm_s911/frames/r3,344064,159744,344064,159744,28,15,13,184320,184320,D1,first + >=1 SIM second since last sample + last per stream/episode/leg
pair-stage-probes-78332709-bound/cases/grasp_lift_boundary_ex-12mm_s911,146108,146108,155648,155648,5,0,5,0,0,,
pair-stage-probes-78332709-bound/cases/grasp_lift_boundary_ex-12mm_s911/checkpoints,307296,305332,315392,311296,4,1,3,1964,4096,D5,
pair-stage-probes-78332709-bound/cases/grasp_lift_boundary_ex-12mm_s911/eval_only,71827,71827,73728,73728,2,0,2,0,0,,
pair-stage-probes-78332709-bound/cases/grasp_lift_boundary_ex-12mm_s911/frames,0,0,0,0,0,0,0,0,0,,
pair-stage-probes-78332709-bound/cases/grasp_lift_boundary_ex-12mm_s911/frames/r1,470761,287749,491520,299008,24,9,15,183012,192512,D1,first + >=1 SIM second since last sample + last per stream/episode/leg
pair-stage-probes-78332709-bound/cases/grasp_lift_boundary_ex-12mm_s911/frames/r2,471325,169219,503808,180224,25,16,9,302106,323584,D1,first + >=1 SIM second since last sample + last per stream/episode/leg
pair-stage-probes-78332709-bound/cases/grasp_lift_boundary_ex-12mm_s911/frames/r3,208896,98304,208896,98304,17,9,8,110592,110592,D1,first + >=1 SIM second since last sample + last per stream/episode/leg
pair-stage-probes-78332709-bound/cases/grasp_lift_boundary_ex-4mm_s911,595132,595132,602112,602112,5,0,5,0,0,,
pair-stage-probes-78332709-bound/cases/grasp_lift_boundary_ex-4mm_s911/checkpoints,323665,321701,331776,327680,4,1,3,1964,4096,D5,
pair-stage-probes-78332709-bound/cases/grasp_lift_boundary_ex-4mm_s911/eval_only,189426,189426,192512,192512,2,0,2,0,0,,
pair-stage-probes-78332709-bound/cases/grasp_lift_boundary_ex-4mm_s911/frames,0,0,0,0,0,0,0,0,0,,
pair-stage-probes-78332709-bound/cases/grasp_lift_boundary_ex-4mm_s911/frames/r1,1233642,556266,1347584,610304,75,42,33,677376,737280,D1,first + >=1 SIM second since last sample + last per stream/episode/leg
pair-stage-probes-78332709-bound/cases/grasp_lift_boundary_ex-4mm_s911/frames/r2,1195462,310968,1339392,344064,76,57,19,884494,995328,D1,first + >=1 SIM second since last sample + last per stream/episode/leg
pair-stage-probes-78332709-bound/cases/grasp_lift_boundary_ex-4mm_s911/frames/r3,528384,196608,528384,196608,43,27,16,331776,331776,D1,first + >=1 SIM second since last sample + last per stream/episode/leg
pair-stage-probes-78332709-bound/cases/grasp_lift_boundary_ex-8mm_s911,594931,594931,602112,602112,5,0,5,0,0,,
pair-stage-probes-78332709-bound/cases/grasp_lift_boundary_ex-8mm_s911/checkpoints,308008,306044,319488,315392,4,1,3,1964,4096,D5,
pair-stage-probes-78332709-bound/cases/grasp_lift_boundary_ex-8mm_s911/eval_only,189076,189076,192512,192512,2,0,2,0,0,,
pair-stage-probes-78332709-bound/cases/grasp_lift_boundary_ex-8mm_s911/frames,0,0,0,0,0,0,0,0,0,,
pair-stage-probes-78332709-bound/cases/grasp_lift_boundary_ex-8mm_s911/frames/r1,1232919,558460,1331200,593920,75,42,33,674459,737280,D1,first + >=1 SIM second since last sample + last per stream/episode/leg
pair-stage-probes-78332709-bound/cases/grasp_lift_boundary_ex-8mm_s911/frames/r2,1196845,311723,1339392,344064,76,57,19,885122,995328,D1,first + >=1 SIM second since last sample + last per stream/episode/leg
pair-stage-probes-78332709-bound/cases/grasp_lift_boundary_ex-8mm_s911/frames/r3,528384,196608,528384,196608,43,27,16,331776,331776,D1,first + >=1 SIM second since last sample + last per stream/episode/leg
pair-stage-probes-78332709-bound/cases/grasp_lift_boundary_ey+4mm_s911,594680,594680,602112,602112,5,0,5,0,0,,
pair-stage-probes-78332709-bound/cases/grasp_lift_boundary_ey+4mm_s911/checkpoints,308074,306110,319488,315392,4,1,3,1964,4096,D5,
pair-stage-probes-78332709-bound/cases/grasp_lift_boundary_ey+4mm_s911/eval_only,189953,189953,192512,192512,2,0,2,0,0,,
pair-stage-probes-78332709-bound/cases/grasp_lift_boundary_ey+4mm_s911/frames,0,0,0,0,0,0,0,0,0,,
pair-stage-probes-78332709-bound/cases/grasp_lift_boundary_ey+4mm_s911/frames/r1,1237880,557580,1347584,606208,75,42,33,680300,741376,D1,first + >=1 SIM second since last sample + last per stream/episode/leg
pair-stage-probes-78332709-bound/cases/grasp_lift_boundary_ey+4mm_s911/frames/r2,1196605,310742,1339392,344064,76,57,19,885863,995328,D1,first + >=1 SIM second since last sample + last per stream/episode/leg
pair-stage-probes-78332709-bound/cases/grasp_lift_boundary_ey+4mm_s911/frames/r3,528384,196608,528384,196608,43,27,16,331776,331776,D1,first + >=1 SIM second since last sample + last per stream/episode/leg
pair-stage-probes-78332709-bound/cases/grasp_lift_boundary_ey+8mm_s911,594852,594852,602112,602112,5,0,5,0,0,,
pair-stage-probes-78332709-bound/cases/grasp_lift_boundary_ey+8mm_s911/checkpoints,307726,305762,319488,315392,4,1,3,1964,4096,D5,
pair-stage-probes-78332709-bound/cases/grasp_lift_boundary_ey+8mm_s911/eval_only,190108,190108,192512,192512,2,0,2,0,0,,
pair-stage-probes-78332709-bound/cases/grasp_lift_boundary_ey+8mm_s911/frames,0,0,0,0,0,0,0,0,0,,
pair-stage-probes-78332709-bound/cases/grasp_lift_boundary_ey+8mm_s911/frames/r1,1246475,560346,1351680,610304,75,42,33,686129,741376,D1,first + >=1 SIM second since last sample + last per stream/episode/leg
pair-stage-probes-78332709-bound/cases/grasp_lift_boundary_ey+8mm_s911/frames/r2,1200656,312183,1339392,344064,76,57,19,888473,995328,D1,first + >=1 SIM second since last sample + last per stream/episode/leg
pair-stage-probes-78332709-bound/cases/grasp_lift_boundary_ey+8mm_s911/frames/r3,528384,196608,528384,196608,43,27,16,331776,331776,D1,first + >=1 SIM second since last sample + last per stream/episode/leg
pair-stage-probes-78332709-bound/cases/grasp_lift_boundary_ey-4mm_s911,321520,321520,327680,327680,5,0,5,0,0,,
pair-stage-probes-78332709-bound/cases/grasp_lift_boundary_ey-4mm_s911/checkpoints,307999,306035,319488,315392,4,1,3,1964,4096,D5,
pair-stage-probes-78332709-bound/cases/grasp_lift_boundary_ey-4mm_s911/eval_only,122121,122121,126976,126976,2,0,2,0,0,,
pair-stage-probes-78332709-bound/cases/grasp_lift_boundary_ey-4mm_s911/frames,0,0,0,0,0,0,0,0,0,,
pair-stage-probes-78332709-bound/cases/grasp_lift_boundary_ey-4mm_s911/frames/r1,810307,514583,860160,544768,46,16,30,295724,315392,D1,first + >=1 SIM second since last sample + last per stream/episode/leg
pair-stage-probes-78332709-bound/cases/grasp_lift_boundary_ey-4mm_s911/frames/r2,785437,253799,864256,278528,47,32,15,531638,585728,D1,first + >=1 SIM second since last sample + last per stream/episode/leg
pair-stage-probes-78332709-bound/cases/grasp_lift_boundary_ey-4mm_s911/frames/r3,344064,159744,344064,159744,28,15,13,184320,184320,D1,first + >=1 SIM second since last sample + last per stream/episode/leg
pair-stage-probes-78332709-bound/cases/grasp_lift_boundary_ey-8mm_s911,146098,146098,155648,155648,5,0,5,0,0,,
pair-stage-probes-78332709-bound/cases/grasp_lift_boundary_ey-8mm_s911/checkpoints,307931,305967,319488,315392,4,1,3,1964,4096,D5,
pair-stage-probes-78332709-bound/cases/grasp_lift_boundary_ey-8mm_s911/eval_only,72089,72089,73728,73728,2,0,2,0,0,,
pair-stage-probes-78332709-bound/cases/grasp_lift_boundary_ey-8mm_s911/frames,0,0,0,0,0,0,0,0,0,,
pair-stage-probes-78332709-bound/cases/grasp_lift_boundary_ey-8mm_s911/frames/r1,476094,273807,524288,303104,24,10,14,202287,221184,D1,first + >=1 SIM second since last sample + last per stream/episode/leg
pair-stage-probes-78332709-bound/cases/grasp_lift_boundary_ey-8mm_s911/frames/r2,467504,166951,503808,180224,25,16,9,300553,323584,D1,first + >=1 SIM second since last sample + last per stream/episode/leg
pair-stage-probes-78332709-bound/cases/grasp_lift_boundary_ey-8mm_s911/frames/r3,208896,98304,208896,98304,17,9,8,110592,110592,D1,first + >=1 SIM second since last sample + last per stream/episode/leg
pair-stage-probes-78332709-bound/cases/grasp_lift_boundary_eyaw+0.0175rad_s911,320774,320774,327680,327680,5,0,5,0,0,,
pair-stage-probes-78332709-bound/cases/grasp_lift_boundary_eyaw+0.0175rad_s911/checkpoints,307448,305484,319488,315392,4,1,3,1964,4096,D5,
pair-stage-probes-78332709-bound/cases/grasp_lift_boundary_eyaw+0.0175rad_s911/eval_only,122877,122877,126976,126976,2,0,2,0,0,,
pair-stage-probes-78332709-bound/cases/grasp_lift_boundary_eyaw+0.0175rad_s911/frames,0,0,0,0,0,0,0,0,0,,
pair-stage-probes-78332709-bound/cases/grasp_lift_boundary_eyaw+0.0175rad_s911/frames/r1,807771,513402,880640,561152,46,16,30,294369,319488,D1,first + >=1 SIM second since last sample + last per stream/episode/leg
pair-stage-probes-78332709-bound/cases/grasp_lift_boundary_eyaw+0.0175rad_s911/frames/r2,786573,254606,864256,278528,47,32,15,531967,585728,D1,first + >=1 SIM second since last sample + last per stream/episode/leg
pair-stage-probes-78332709-bound/cases/grasp_lift_boundary_eyaw+0.0175rad_s911/frames/r3,344064,159744,344064,159744,28,15,13,184320,184320,D1,first + >=1 SIM second since last sample + last per stream/episode/leg
pair-stage-probes-78332709-bound/cases/grasp_lift_boundary_eyaw+0.0350rad_s911,321490,321490,327680,327680,5,0,5,0,0,,
pair-stage-probes-78332709-bound/cases/grasp_lift_boundary_eyaw+0.0350rad_s911/checkpoints,306092,304128,315392,311296,4,1,3,1964,4096,D5,
pair-stage-probes-78332709-bound/cases/grasp_lift_boundary_eyaw+0.0350rad_s911/eval_only,122545,122545,126976,126976,2,0,2,0,0,,
pair-stage-probes-78332709-bound/cases/grasp_lift_boundary_eyaw+0.0350rad_s911/frames,0,0,0,0,0,0,0,0,0,,
pair-stage-probes-78332709-bound/cases/grasp_lift_boundary_eyaw+0.0350rad_s911/frames/r1,811720,515176,884736,561152,46,16,30,296544,323584,D1,first + >=1 SIM second since last sample + last per stream/episode/leg
pair-stage-probes-78332709-bound/cases/grasp_lift_boundary_eyaw+0.0350rad_s911/frames/r2,788657,255612,864256,278528,47,32,15,533045,585728,D1,first + >=1 SIM second since last sample + last per stream/episode/leg
pair-stage-probes-78332709-bound/cases/grasp_lift_boundary_eyaw+0.0350rad_s911/frames/r3,344064,159744,344064,159744,28,15,13,184320,184320,D1,first + >=1 SIM second since last sample + last per stream/episode/leg
pair-stage-probes-78332709-bound/cases/grasp_lift_boundary_eyaw-0.0175rad_s911,349055,349055,356352,356352,5,0,5,0,0,,
pair-stage-probes-78332709-bound/cases/grasp_lift_boundary_eyaw-0.0175rad_s911/checkpoints,323322,321358,331776,327680,4,1,3,1964,4096,D5,
pair-stage-probes-78332709-bound/cases/grasp_lift_boundary_eyaw-0.0175rad_s911/eval_only,126017,126017,126976,126976,2,0,2,0,0,,
pair-stage-probes-78332709-bound/cases/grasp_lift_boundary_eyaw-0.0175rad_s911/frames,0,0,0,0,0,0,0,0,0,,
pair-stage-probes-78332709-bound/cases/grasp_lift_boundary_eyaw-0.0175rad_s911/frames/r1,822863,528187,892928,577536,47,16,31,294676,315392,D1,first + >=1 SIM second since last sample + last per stream/episode/leg
pair-stage-probes-78332709-bound/cases/grasp_lift_boundary_eyaw-0.0175rad_s911/frames/r2,800222,268361,880640,294912,48,32,16,531861,585728,D1,first + >=1 SIM second since last sample + last per stream/episode/leg
pair-stage-probes-78332709-bound/cases/grasp_lift_boundary_eyaw-0.0175rad_s911/frames/r3,356352,172032,356352,172032,29,15,14,184320,184320,D1,first + >=1 SIM second since last sample + last per stream/episode/leg
pair-stage-probes-78332709-bound/cases/grasp_lift_boundary_eyaw-0.0350rad_s911,595121,595121,602112,602112,5,0,5,0,0,,
pair-stage-probes-78332709-bound/cases/grasp_lift_boundary_eyaw-0.0350rad_s911/checkpoints,307310,305346,315392,311296,4,1,3,1964,4096,D5,
pair-stage-probes-78332709-bound/cases/grasp_lift_boundary_eyaw-0.0350rad_s911/eval_only,190413,190413,192512,192512,2,0,2,0,0,,
pair-stage-probes-78332709-bound/cases/grasp_lift_boundary_eyaw-0.0350rad_s911/frames,0,0,0,0,0,0,0,0,0,,
pair-stage-probes-78332709-bound/cases/grasp_lift_boundary_eyaw-0.0350rad_s911/frames/r1,1243790,559778,1355776,610304,75,42,33,684012,745472,D1,first + >=1 SIM second since last sample + last per stream/episode/leg
pair-stage-probes-78332709-bound/cases/grasp_lift_boundary_eyaw-0.0350rad_s911/frames/r2,1199559,312120,1339392,344064,76,57,19,887439,995328,D1,first + >=1 SIM second since last sample + last per stream/episode/leg
pair-stage-probes-78332709-bound/cases/grasp_lift_boundary_eyaw-0.0350rad_s911/frames/r3,528384,196608,528384,196608,43,27,16,331776,331776,D1,first + >=1 SIM second since last sample + last per stream/episode/leg
pair-stage-probes-78332709-bound2,611801,611801,626688,626688,5,0,5,0,0,,
pair-stage-probes-78332709-bound2-managed,774029,774029,778240,778240,2,0,2,0,0,,
pair-stage-probes-78332709-bound2/cases,51241,44111,147456,131072,36,4,32,7130,16384,D5,
pair-stage-probes-78332709-bound2/cases/grasp_lift_b-only_boundary_corner+++_s911,428851,120170,434176,122880,5,2,3,308681,311296,D5,
pair-stage-probes-78332709-bound2/cases/grasp_lift_b-only_boundary_corner+++_s911/checkpoints,328400,324445,339968,331776,4,2,2,3955,8192,D5,
pair-stage-probes-78332709-bound2/cases/grasp_lift_b-only_boundary_corner+++_s911/eval_only,122775,47046,126976,49152,2,1,1,75729,77824,D5,
pair-stage-probes-78332709-bound2/cases/grasp_lift_b-only_boundary_corner+++_s911/frames,0,0,0,0,0,0,0,0,0,,
pair-stage-probes-78332709-bound2/cases/grasp_lift_b-only_boundary_corner+++_s911/frames/r1,812845,517740,860160,544768,46,16,30,295105,315392,D1,first + >=1 SIM second since last sample + last per stream/episode/leg
pair-stage-probes-78332709-bound2/cases/grasp_lift_b-only_boundary_corner+++_s911/frames/r2,795727,258493,864256,278528,47,32,15,537234,585728,D1,first + >=1 SIM second since last sample + last per stream/episode/leg
pair-stage-probes-78332709-bound2/cases/grasp_lift_b-only_boundary_corner+++_s911/frames/r3,344064,159744,344064,159744,28,15,13,184320,184320,D1,first + >=1 SIM second since last sample + last per stream/episode/leg
pair-stage-probes-78332709-bound2/cases/grasp_lift_b-only_boundary_corner++-_s911,82134,81144,94208,90112,5,1,4,990,4096,D5,
pair-stage-probes-78332709-bound2/cases/grasp_lift_b-only_boundary_corner++-_s911/checkpoints,186649,184695,192512,188416,2,1,1,1954,4096,D5,
pair-stage-probes-78332709-bound2/cases/grasp_lift_b-only_boundary_corner++-_s911/eval_only,40350,40350,40960,40960,2,0,2,0,0,,
pair-stage-probes-78332709-bound2/cases/grasp_lift_b-only_boundary_corner++-_s911/frames,0,0,0,0,0,0,0,0,0,,
pair-stage-probes-78332709-bound2/cases/grasp_lift_b-only_boundary_corner++-_s911/frames/r1,236984,118514,245760,122880,10,5,5,118470,122880,D1,first + >=1 SIM second since last sample + last per stream/episode/leg
pair-stage-probes-78332709-bound2/cases/grasp_lift_b-only_boundary_corner++-_s911/frames/r2,233138,116583,245760,122880,10,5,5,116555,122880,D1,first + >=1 SIM second since last sample + last per stream/episode/leg
pair-stage-probes-78332709-bound2/cases/grasp_lift_b-only_boundary_corner++-_s911/frames/r3,122880,61440,122880,61440,10,5,5,61440,61440,D1,first + >=1 SIM second since last sample + last per stream/episode/leg
pair-stage-probes-78332709-bound2/cases/grasp_lift_b-only_boundary_corner+-+_s911,428942,368389,434176,372736,5,1,4,60553,61440,D5,
pair-stage-probes-78332709-bound2/cases/grasp_lift_b-only_boundary_corner+-+_s911/checkpoints,329663,327709,339968,335872,4,1,3,1954,4096,D5,
pair-stage-probes-78332709-bound2/cases/grasp_lift_b-only_boundary_corner+-+_s911/eval_only,122709,122709,126976,126976,2,0,2,0,0,,
pair-stage-probes-78332709-bound2/cases/grasp_lift_b-only_boundary_corner+-+_s911/frames,0,0,0,0,0,0,0,0,0,,
pair-stage-probes-78332709-bound2/cases/grasp_lift_b-only_boundary_corner+-+_s911/frames/r1,817299,520297,892928,561152,46,16,30,297002,331776,D1,first + >=1 SIM second since last sample + last per stream/episode/leg
pair-stage-probes-78332709-bound2/cases/grasp_lift_b-only_boundary_corner+-+_s911/frames/r2,793117,257944,864256,278528,47,32,15,535173,585728,D1,first + >=1 SIM second since last sample + last per stream/episode/leg
pair-stage-probes-78332709-bound2/cases/grasp_lift_b-only_boundary_corner+-+_s911/frames/r3,344064,159744,344064,159744,28,15,13,184320,184320,D1,first + >=1 SIM second since last sample + last per stream/episode/leg
pair-stage-probes-78332709-bound2/cases/grasp_lift_b-only_boundary_corner+--_s911,82148,81158,94208,90112,5,1,4,990,4096,D5,
pair-stage-probes-78332709-bound2/cases/grasp_lift_b-only_boundary_corner+--_s911/checkpoints,186656,184702,192512,188416,2,1,1,1954,4096,D5,
pair-stage-probes-78332709-bound2/cases/grasp_lift_b-only_boundary_corner+--_s911/eval_only,40384,40384,40960,40960,2,0,2,0,0,,
pair-stage-probes-78332709-bound2/cases/grasp_lift_b-only_boundary_corner+--_s911/frames,0,0,0,0,0,0,0,0,0,,
pair-stage-probes-78332709-bound2/cases/grasp_lift_b-only_boundary_corner+--_s911/frames/r1,237939,118984,245760,122880,10,5,5,118955,122880,D1,first + >=1 SIM second since last sample + last per stream/episode/leg
pair-stage-probes-78332709-bound2/cases/grasp_lift_b-only_boundary_corner+--_s911/frames/r2,233821,116906,245760,122880,10,5,5,116915,122880,D1,first + >=1 SIM second since last sample + last per stream/episode/leg
pair-stage-probes-78332709-bound2/cases/grasp_lift_b-only_boundary_corner+--_s911/frames/r3,122880,61440,122880,61440,10,5,5,61440,61440,D1,first + >=1 SIM second since last sample + last per stream/episode/leg
pair-stage-probes-78332709-bound2/cases/grasp_lift_b-only_boundary_corner-++_s911,761580,674636,774144,684032,5,1,4,86944,90112,D5,
pair-stage-probes-78332709-bound2/cases/grasp_lift_b-only_boundary_corner-++_s911/checkpoints,329462,327508,339968,335872,4,1,3,1954,4096,D5,
pair-stage-probes-78332709-bound2/cases/grasp_lift_b-only_boundary_corner-++_s911/eval_only,190713,190713,192512,192512,2,0,2,0,0,,
pair-stage-probes-78332709-bound2/cases/grasp_lift_b-only_boundary_corner-++_s911/frames,0,0,0,0,0,0,0,0,0,,
pair-stage-probes-78332709-bound2/cases/grasp_lift_b-only_boundary_corner-++_s911/frames/r1,1244577,563539,1355776,614400,75,42,33,681038,741376,D1,first + >=1 SIM second since last sample + last per stream/episode/leg
pair-stage-probes-78332709-bound2/cases/grasp_lift_b-only_boundary_corner-++_s911/frames/r2,1209317,315893,1339392,344064,76,57,19,893424,995328,D1,first + >=1 SIM second since last sample + last per stream/episode/leg
pair-stage-probes-78332709-bound2/cases/grasp_lift_b-only_boundary_corner-++_s911/frames/r3,528384,196608,528384,196608,43,27,16,331776,331776,D1,first + >=1 SIM second since last sample + last per stream/episode/leg
pair-stage-probes-78332709-bound2/cases/grasp_lift_b-only_boundary_corner-+-_s911,82131,81141,94208,90112,5,1,4,990,4096,D5,
pair-stage-probes-78332709-bound2/cases/grasp_lift_b-only_boundary_corner-+-_s911/checkpoints,186648,184694,192512,188416,2,1,1,1954,4096,D5,
pair-stage-probes-78332709-bound2/cases/grasp_lift_b-only_boundary_corner-+-_s911/eval_only,40355,40355,40960,40960,2,0,2,0,0,,
pair-stage-probes-78332709-bound2/cases/grasp_lift_b-only_boundary_corner-+-_s911/frames,0,0,0,0,0,0,0,0,0,,
pair-stage-probes-78332709-bound2/cases/grasp_lift_b-only_boundary_corner-+-_s911/frames/r1,240970,120500,245760,122880,10,5,5,120470,122880,D1,first + >=1 SIM second since last sample + last per stream/episode/leg
pair-stage-probes-78332709-bound2/cases/grasp_lift_b-only_boundary_corner-+-_s911/frames/r2,236523,118263,245760,122880,10,5,5,118260,122880,D1,first + >=1 SIM second since last sample + last per stream/episode/leg
pair-stage-probes-78332709-bound2/cases/grasp_lift_b-only_boundary_corner-+-_s911/frames/r3,122880,61440,122880,61440,10,5,5,61440,61440,D1,first + >=1 SIM second since last sample + last per stream/episode/leg
pair-stage-probes-78332709-bound2/cases/grasp_lift_b-only_boundary_corner--+_s911,763227,676283,774144,684032,5,1,4,86944,90112,D5,
pair-stage-probes-78332709-bound2/cases/grasp_lift_b-only_boundary_corner--+_s911/checkpoints,314983,313029,323584,319488,4,1,3,1954,4096,D5,
pair-stage-probes-78332709-bound2/cases/grasp_lift_b-only_boundary_corner--+_s911/eval_only,190730,190730,192512,192512,2,0,2,0,0,,
pair-stage-probes-78332709-bound2/cases/grasp_lift_b-only_boundary_corner--+_s911/frames,0,0,0,0,0,0,0,0,0,,
pair-stage-probes-78332709-bound2/cases/grasp_lift_b-only_boundary_corner--+_s911/frames/r1,1250845,564428,1359872,610304,75,42,33,686417,749568,D1,first + >=1 SIM second since last sample + last per stream/episode/leg
pair-stage-probes-78332709-bound2/cases/grasp_lift_b-only_boundary_corner--+_s911/frames/r2,1220577,318342,1339392,344064,76,57,19,902235,995328,D1,first + >=1 SIM second since last sample + last per stream/episode/leg
pair-stage-probes-78332709-bound2/cases/grasp_lift_b-only_boundary_corner--+_s911/frames/r3,528384,196608,528384,196608,43,27,16,331776,331776,D1,first + >=1 SIM second since last sample + last per stream/episode/leg
pair-stage-probes-78332709-bound2/cases/grasp_lift_b-only_boundary_corner---_s911,763537,676593,774144,684032,5,1,4,86944,90112,D5,
pair-stage-probes-78332709-bound2/cases/grasp_lift_b-only_boundary_corner---_s911/checkpoints,330534,328580,339968,335872,4,1,3,1954,4096,D5,
pair-stage-probes-78332709-bound2/cases/grasp_lift_b-only_boundary_corner---_s911/eval_only,190586,190586,192512,192512,2,0,2,0,0,,
pair-stage-probes-78332709-bound2/cases/grasp_lift_b-only_boundary_corner---_s911/frames,0,0,0,0,0,0,0,0,0,,
pair-stage-probes-78332709-bound2/cases/grasp_lift_b-only_boundary_corner---_s911/frames/r1,1244077,563542,1351680,610304,75,42,33,680535,741376,D1,first + >=1 SIM second since last sample + last per stream/episode/leg
pair-stage-probes-78332709-bound2/cases/grasp_lift_b-only_boundary_corner---_s911/frames/r2,1206972,314760,1339392,344064,76,57,19,892212,995328,D1,first + >=1 SIM second since last sample + last per stream/episode/leg
pair-stage-probes-78332709-bound2/cases/grasp_lift_b-only_boundary_corner---_s911/frames/r3,528384,196608,528384,196608,43,27,16,331776,331776,D1,first + >=1 SIM second since last sample + last per stream/episode/leg
pair-stage-probes-78332709-bound2/cases/grasp_lift_b-only_boundary_ex+12mm_s911,428863,366427,434176,368640,5,2,3,62436,65536,D5,
pair-stage-probes-78332709-bound2/cases/grasp_lift_b-only_boundary_ex+12mm_s911/checkpoints,331992,330038,339968,335872,4,1,3,1954,4096,D5,
pair-stage-probes-78332709-bound2/cases/grasp_lift_b-only_boundary_ex+12mm_s911/eval_only,121523,121523,126976,126976,2,0,2,0,0,,
pair-stage-probes-78332709-bound2/cases/grasp_lift_b-only_boundary_ex+12mm_s911/frames,0,0,0,0,0,0,0,0,0,,
pair-stage-probes-78332709-bound2/cases/grasp_lift_b-only_boundary_ex+12mm_s911/frames/r1,809965,515802,847872,544768,46,16,30,294163,303104,D1,first + >=1 SIM second since last sample + last per stream/episode/leg
pair-stage-probes-78332709-bound2/cases/grasp_lift_b-only_boundary_ex+12mm_s911/frames/r2,790678,256672,864256,278528,47,32,15,534006,585728,D1,first + >=1 SIM second since last sample + last per stream/episode/leg
pair-stage-probes-78332709-bound2/cases/grasp_lift_b-only_boundary_ex+12mm_s911/frames/r3,344064,159744,344064,159744,28,15,13,184320,184320,D1,first + >=1 SIM second since last sample + last per stream/episode/leg
pair-stage-probes-78332709-bound2/cases/grasp_lift_b-only_boundary_ex+8mm_s911,428793,366372,434176,368640,5,2,3,62421,65536,D5,
pair-stage-probes-78332709-bound2/cases/grasp_lift_b-only_boundary_ex+8mm_s911/checkpoints,332520,330566,344064,339968,4,1,3,1954,4096,D5,
pair-stage-probes-78332709-bound2/cases/grasp_lift_b-only_boundary_ex+8mm_s911/eval_only,121406,121406,126976,126976,2,0,2,0,0,,
pair-stage-probes-78332709-bound2/cases/grasp_lift_b-only_boundary_ex+8mm_s911/frames,0,0,0,0,0,0,0,0,0,,
pair-stage-probes-78332709-bound2/cases/grasp_lift_b-only_boundary_ex+8mm_s911/frames/r1,808937,514382,851968,544768,46,16,30,294555,307200,D1,first + >=1 SIM second since last sample + last per stream/episode/leg
pair-stage-probes-78332709-bound2/cases/grasp_lift_b-only_boundary_ex+8mm_s911/frames/r2,789270,256487,864256,278528,47,32,15,532783,585728,D1,first + >=1 SIM second since last sample + last per stream/episode/leg
pair-stage-probes-78332709-bound2/cases/grasp_lift_b-only_boundary_ex+8mm_s911/frames/r3,344064,159744,344064,159744,28,15,13,184320,184320,D1,first + >=1 SIM second since last sample + last per stream/episode/leg
pair-stage-probes-78332709-bound2/cases/grasp_lift_b-only_boundary_ey+4mm_s911,373968,373968,389120,389120,5,0,5,0,0,,
pair-stage-probes-78332709-bound2/cases/grasp_lift_b-only_boundary_ey+4mm_s911/checkpoints,317298,315344,327680,323584,4,1,3,1954,4096,D5,
pair-stage-probes-78332709-bound2/cases/grasp_lift_b-only_boundary_ey+4mm_s911/eval_only,115462,115462,118784,118784,2,0,2,0,0,,
pair-stage-probes-78332709-bound2/cases/grasp_lift_b-only_boundary_ey+4mm_s911/frames,0,0,0,0,0,0,0,0,0,,
pair-stage-probes-78332709-bound2/cases/grasp_lift_b-only_boundary_ey+4mm_s911/frames/r1,758807,464009,823296,507904,43,16,27,294798,315392,D1,first + >=1 SIM second since last sample + last per stream/episode/leg
pair-stage-probes-78332709-bound2/cases/grasp_lift_b-only_boundary_ey+4mm_s911/frames/r2,743958,225278,815104,245760,44,31,13,518680,569344,D1,first + >=1 SIM second since last sample + last per stream/episode/leg
pair-stage-probes-78332709-bound2/cases/grasp_lift_b-only_boundary_ey+4mm_s911/frames/r3,331776,147456,331776,147456,27,15,12,184320,184320,D1,first + >=1 SIM second since last sample + last per stream/episode/leg
pair-stage-probes-78332709-bound2/cases/grasp_lift_b-only_boundary_ey+8mm_s911,763160,676192,774144,684032,5,1,4,86968,90112,D5,
pair-stage-probes-78332709-bound2/cases/grasp_lift_b-only_boundary_ey+8mm_s911/checkpoints,332543,330589,344064,339968,4,1,3,1954,4096,D5,
pair-stage-probes-78332709-bound2/cases/grasp_lift_b-only_boundary_ey+8mm_s911/eval_only,190090,190090,192512,192512,2,0,2,0,0,,
pair-stage-probes-78332709-bound2/cases/grasp_lift_b-only_boundary_ey+8mm_s911/frames,0,0,0,0,0,0,0,0,0,,
pair-stage-probes-78332709-bound2/cases/grasp_lift_b-only_boundary_ey+8mm_s911/frames/r1,1246475,560346,1351680,610304,75,42,33,686129,741376,D1,first + >=1 SIM second since last sample + last per stream/episode/leg
pair-stage-probes-78332709-bound2/cases/grasp_lift_b-only_boundary_ey+8mm_s911/frames/r2,1200656,312183,1339392,344064,76,57,19,888473,995328,D1,first + >=1 SIM second since last sample + last per stream/episode/leg
pair-stage-probes-78332709-bound2/cases/grasp_lift_b-only_boundary_ey+8mm_s911/frames/r3,528384,196608,528384,196608,43,27,16,331776,331776,D1,first + >=1 SIM second since last sample + last per stream/episode/leg
pair-stage-probes-78332709-bound2/cases/grasp_lift_b-only_boundary_ey-4mm_s911,428712,366302,434176,368640,5,2,3,62410,65536,D5,
pair-stage-probes-78332709-bound2/cases/grasp_lift_b-only_boundary_ey-4mm_s911/checkpoints,332636,330682,344064,339968,4,1,3,1954,4096,D5,
pair-stage-probes-78332709-bound2/cases/grasp_lift_b-only_boundary_ey-4mm_s911/eval_only,122121,122121,126976,126976,2,0,2,0,0,,
pair-stage-probes-78332709-bound2/cases/grasp_lift_b-only_boundary_ey-4mm_s911/frames,0,0,0,0,0,0,0,0,0,,
pair-stage-probes-78332709-bound2/cases/grasp_lift_b-only_boundary_ey-4mm_s911/frames/r1,810307,514583,860160,544768,46,16,30,295724,315392,D1,first + >=1 SIM second since last sample + last per stream/episode/leg
pair-stage-probes-78332709-bound2/cases/grasp_lift_b-only_boundary_ey-4mm_s911/frames/r2,785437,253799,864256,278528,47,32,15,531638,585728,D1,first + >=1 SIM second since last sample + last per stream/episode/leg
pair-stage-probes-78332709-bound2/cases/grasp_lift_b-only_boundary_ey-4mm_s911/frames/r3,344064,159744,344064,159744,28,15,13,184320,184320,D1,first + >=1 SIM second since last sample + last per stream/episode/leg
pair-stage-probes-78332709-bound2/cases/grasp_lift_b-only_boundary_ey-8mm_s911,207030,187078,217088,192512,5,2,3,19952,24576,D5,
pair-stage-probes-78332709-bound2/cases/grasp_lift_b-only_boundary_ey-8mm_s911/checkpoints,332933,328982,344064,335872,4,2,2,3951,8192,D5,
pair-stage-probes-78332709-bound2/cases/grasp_lift_b-only_boundary_ey-8mm_s911/eval_only,72090,72090,73728,73728,2,0,2,0,0,,
pair-stage-probes-78332709-bound2/cases/grasp_lift_b-only_boundary_ey-8mm_s911/frames,0,0,0,0,0,0,0,0,0,,
pair-stage-probes-78332709-bound2/cases/grasp_lift_b-only_boundary_ey-8mm_s911/frames/r1,476094,273807,524288,303104,24,10,14,202287,221184,D1,first + >=1 SIM second since last sample + last per stream/episode/leg
pair-stage-probes-78332709-bound2/cases/grasp_lift_b-only_boundary_ey-8mm_s911/frames/r2,467504,166951,503808,180224,25,16,9,300553,323584,D1,first + >=1 SIM second since last sample + last per stream/episode/leg
pair-stage-probes-78332709-bound2/cases/grasp_lift_b-only_boundary_ey-8mm_s911/frames/r3,208896,98304,208896,98304,17,9,8,110592,110592,D1,first + >=1 SIM second since last sample + last per stream/episode/leg
pair-stage-probes-78332709-bound2/cases/grasp_lift_b-only_boundary_eyaw+0.0175rad_s911,428024,367501,434176,372736,5,1,4,60523,61440,D5,
pair-stage-probes-78332709-bound2/cases/grasp_lift_b-only_boundary_eyaw+0.0175rad_s911/checkpoints,330892,328938,339968,335872,4,1,3,1954,4096,D5,
pair-stage-probes-78332709-bound2/cases/grasp_lift_b-only_boundary_eyaw+0.0175rad_s911/eval_only,122890,122890,126976,126976,2,0,2,0,0,,
pair-stage-probes-78332709-bound2/cases/grasp_lift_b-only_boundary_eyaw+0.0175rad_s911/frames,0,0,0,0,0,0,0,0,0,,
pair-stage-probes-78332709-bound2/cases/grasp_lift_b-only_boundary_eyaw+0.0175rad_s911/frames/r1,807771,513402,880640,561152,46,16,30,294369,319488,D1,first + >=1 SIM second since last sample + last per stream/episode/leg
pair-stage-probes-78332709-bound2/cases/grasp_lift_b-only_boundary_eyaw+0.0175rad_s911/frames/r2,786573,254606,864256,278528,47,32,15,531967,585728,D1,first + >=1 SIM second since last sample + last per stream/episode/leg
pair-stage-probes-78332709-bound2/cases/grasp_lift_b-only_boundary_eyaw+0.0175rad_s911/frames/r3,344064,159744,344064,159744,28,15,13,184320,184320,D1,first + >=1 SIM second since last sample + last per stream/episode/leg
pair-stage-probes-78332709-bound2/cases/grasp_lift_b-only_boundary_eyaw+0.0350rad_s911,428812,368289,434176,372736,5,1,4,60523,61440,D5,
pair-stage-probes-78332709-bound2/cases/grasp_lift_b-only_boundary_eyaw+0.0350rad_s911/checkpoints,329158,327204,339968,335872,4,1,3,1954,4096,D5,
pair-stage-probes-78332709-bound2/cases/grasp_lift_b-only_boundary_eyaw+0.0350rad_s911/eval_only,122551,122551,126976,126976,2,0,2,0,0,,
pair-stage-probes-78332709-bound2/cases/grasp_lift_b-only_boundary_eyaw+0.0350rad_s911/frames,0,0,0,0,0,0,0,0,0,,
pair-stage-probes-78332709-bound2/cases/grasp_lift_b-only_boundary_eyaw+0.0350rad_s911/frames/r1,811720,515176,884736,561152,46,16,30,296544,323584,D1,first + >=1 SIM second since last sample + last per stream/episode/leg
pair-stage-probes-78332709-bound2/cases/grasp_lift_b-only_boundary_eyaw+0.0350rad_s911/frames/r2,788657,255612,864256,278528,47,32,15,533045,585728,D1,first + >=1 SIM second since last sample + last per stream/episode/leg
pair-stage-probes-78332709-bound2/cases/grasp_lift_b-only_boundary_eyaw+0.0350rad_s911/frames/r3,344064,159744,344064,159744,28,15,13,184320,184320,D1,first + >=1 SIM second since last sample + last per stream/episode/leg
pair-stage-probes-78332709-bound2/cases/grasp_lift_b-only_boundary_eyaw-0.0175rad_s911,82159,81169,94208,90112,5,1,4,990,4096,D5,
pair-stage-probes-78332709-bound2/cases/grasp_lift_b-only_boundary_eyaw-0.0175rad_s911/checkpoints,186653,184699,192512,188416,2,1,1,1954,4096,D5,
pair-stage-probes-78332709-bound2/cases/grasp_lift_b-only_boundary_eyaw-0.0175rad_s911/eval_only,40440,40440,40960,40960,2,0,2,0,0,,
pair-stage-probes-78332709-bound2/cases/grasp_lift_b-only_boundary_eyaw-0.0175rad_s911/frames,0,0,0,0,0,0,0,0,0,,
pair-stage-probes-78332709-bound2/cases/grasp_lift_b-only_boundary_eyaw-0.0175rad_s911/frames/r1,237680,118835,245760,122880,10,5,5,118845,122880,D1,first + >=1 SIM second since last sample + last per stream/episode/leg
pair-stage-probes-78332709-bound2/cases/grasp_lift_b-only_boundary_eyaw-0.0175rad_s911/frames/r2,232566,116291,245760,122880,10,5,5,116275,122880,D1,first + >=1 SIM second since last sample + last per stream/episode/leg
pair-stage-probes-78332709-bound2/cases/grasp_lift_b-only_boundary_eyaw-0.0175rad_s911/frames/r3,122880,61440,122880,61440,10,5,5,61440,61440,D1,first + >=1 SIM second since last sample + last per stream/episode/leg
pair-stage-probes-78332709-bound2/cases/grasp_lift_b-only_boundary_eyaw-0.0350rad_s911,82177,81187,94208,90112,5,1,4,990,4096,D5,
pair-stage-probes-78332709-bound2/cases/grasp_lift_b-only_boundary_eyaw-0.0350rad_s911/checkpoints,186657,184703,192512,188416,2,1,1,1954,4096,D5,
pair-stage-probes-78332709-bound2/cases/grasp_lift_b-only_boundary_eyaw-0.0350rad_s911/eval_only,40282,40282,40960,40960,2,0,2,0,0,,
pair-stage-probes-78332709-bound2/cases/grasp_lift_b-only_boundary_eyaw-0.0350rad_s911/frames,0,0,0,0,0,0,0,0,0,,
pair-stage-probes-78332709-bound2/cases/grasp_lift_b-only_boundary_eyaw-0.0350rad_s911/frames/r1,237893,118968,245760,122880,10,5,5,118925,122880,D1,first + >=1 SIM second since last sample + last per stream/episode/leg
pair-stage-probes-78332709-bound2/cases/grasp_lift_b-only_boundary_eyaw-0.0350rad_s911/frames/r2,234053,117023,245760,122880,10,5,5,117030,122880,D1,first + >=1 SIM second since last sample + last per stream/episode/leg
pair-stage-probes-78332709-bound2/cases/grasp_lift_b-only_boundary_eyaw-0.0350rad_s911/frames/r3,122880,61440,122880,61440,10,5,5,61440,61440,D1,first + >=1 SIM second since last sample + last per stream/episode/leg
pair-stage-probes-78332709-diagC,5308204,5308204,5320704,5320704,5,0,5,0,0,,
pair-stage-probes-78332709-diagC-managed,6043970,6043970,6045696,6045696,2,0,2,0,0,,
pair-stage-probes-78332709-diagC/cases,199306,199306,409600,409600,100,0,100,0,0,,
pair-stage-probes-78332709-diagC/cases/align_a+b_e2e_v6-s911-v5h_s911_diag-fix_age_round,564467,534081,573440,540672,5,1,4,30386,32768,D5,
pair-stage-probes-78332709-diagC/cases/align_a+b_e2e_v6-s911-v5h_s911_diag-fix_age_round/checkpoints,330122,326168,335872,327680,4,2,2,3954,8192,D5,
pair-stage-probes-78332709-diagC/cases/align_a+b_e2e_v6-s911-v5h_s911_diag-fix_age_round/eval_only,95350,36114,98304,36864,2,1,1,59236,61440,D5,
pair-stage-probes-78332709-diagC/cases/align_a+b_e2e_v6-s911-v5h_s911_diag-fix_age_round/frames,0,0,0,0,0,0,0,0,0,,
pair-stage-probes-78332709-diagC/cases/align_a+b_e2e_v6-s911-v5h_s911_diag-fix_age_round/frames/r1,735587,411655,835584,466944,34,15,19,323932,368640,D1,first + >=1 SIM second since last sample + last per stream/episode/leg
pair-stage-probes-78332709-diagC/cases/align_a+b_e2e_v6-s911-v5h_s911_diag-fix_age_round/frames/r2,584855,180070,626688,188416,35,25,10,404785,438272,D1,first + >=1 SIM second since last sample + last per stream/episode/leg
pair-stage-probes-78332709-diagC/cases/align_a+b_e2e_v6-s911-v5h_s911_diag-fix_age_round/frames/r3,270072,110484,270336,110592,22,13,9,159588,159744,D1,first + >=1 SIM second since last sample + last per stream/episode/leg
pair-stage-probes-78332709-diagC/cases/align_a+b_e2e_v6-s911-v5h_s912_diag-fix_age_round,564510,534124,573440,540672,5,1,4,30386,32768,D5,
pair-stage-probes-78332709-diagC/cases/align_a+b_e2e_v6-s911-v5h_s912_diag-fix_age_round/checkpoints,330278,326325,335872,327680,4,2,2,3953,8192,D5,
pair-stage-probes-78332709-diagC/cases/align_a+b_e2e_v6-s911-v5h_s912_diag-fix_age_round/eval_only,95365,36114,98304,36864,2,1,1,59251,61440,D5,
pair-stage-probes-78332709-diagC/cases/align_a+b_e2e_v6-s911-v5h_s912_diag-fix_age_round/frames,0,0,0,0,0,0,0,0,0,,
pair-stage-probes-78332709-diagC/cases/align_a+b_e2e_v6-s911-v5h_s912_diag-fix_age_round/frames/r1,735587,411655,835584,466944,34,15,19,323932,368640,D1,first + >=1 SIM second since last sample + last per stream/episode/leg
pair-stage-probes-78332709-diagC/cases/align_a+b_e2e_v6-s911-v5h_s912_diag-fix_age_round/frames/r2,584855,180070,626688,188416,35,25,10,404785,438272,D1,first + >=1 SIM second since last sample + last per stream/episode/leg
pair-stage-probes-78332709-diagC/cases/align_a+b_e2e_v6-s911-v5h_s912_diag-fix_age_round/frames/r3,270072,110484,270336,110592,22,13,9,159588,159744,D1,first + >=1 SIM second since last sample + last per stream/episode/leg
pair-stage-probes-78332709-diagC/cases/align_a+b_e2e_v6-s911-v5h_s913_diag-fix_age_round,564239,533853,573440,540672,5,1,4,30386,32768,D5,
pair-stage-probes-78332709-diagC/cases/align_a+b_e2e_v6-s911-v5h_s913_diag-fix_age_round/checkpoints,364326,360369,372736,364544,4,2,2,3957,8192,D5,
pair-stage-probes-78332709-diagC/cases/align_a+b_e2e_v6-s911-v5h_s913_diag-fix_age_round/eval_only,95346,36114,98304,36864,2,1,1,59232,61440,D5,
pair-stage-probes-78332709-diagC/cases/align_a+b_e2e_v6-s911-v5h_s913_diag-fix_age_round/frames,0,0,0,0,0,0,0,0,0,,
pair-stage-probes-78332709-diagC/cases/align_a+b_e2e_v6-s911-v5h_s913_diag-fix_age_round/frames/r1,735587,411655,835584,466944,34,15,19,323932,368640,D1,first + >=1 SIM second since last sample + last per stream/episode/leg
pair-stage-probes-78332709-diagC/cases/align_a+b_e2e_v6-s911-v5h_s913_diag-fix_age_round/frames/r2,584855,180070,626688,188416,35,25,10,404785,438272,D1,first + >=1 SIM second since last sample + last per stream/episode/leg
pair-stage-probes-78332709-diagC/cases/align_a+b_e2e_v6-s911-v5h_s913_diag-fix_age_round/frames/r3,270072,110484,270336,110592,22,13,9,159588,159744,D1,first + >=1 SIM second since last sample + last per stream/episode/leg
pair-stage-probes-78332709-diagC/cases/align_a+b_e2e_v6-s912-v5h_s911_diag-fix_age_round,564974,534582,573440,540672,5,1,4,30392,32768,D5,
pair-stage-probes-78332709-diagC/cases/align_a+b_e2e_v6-s912-v5h_s911_diag-fix_age_round/checkpoints,382831,378877,389120,380928,4,2,2,3954,8192,D5,
pair-stage-probes-78332709-diagC/cases/align_a+b_e2e_v6-s912-v5h_s911_diag-fix_age_round/eval_only,95930,36334,98304,36864,2,1,1,59596,61440,D5,
pair-stage-probes-78332709-diagC/cases/align_a+b_e2e_v6-s912-v5h_s911_diag-fix_age_round/frames,0,0,0,0,0,0,0,0,0,,
pair-stage-probes-78332709-diagC/cases/align_a+b_e2e_v6-s912-v5h_s911_diag-fix_age_round/frames/r1,726401,406148,835584,466944,34,15,19,320253,368640,D1,first + >=1 SIM second since last sample + last per stream/episode/leg
pair-stage-probes-78332709-diagC/cases/align_a+b_e2e_v6-s912-v5h_s911_diag-fix_age_round/frames/r2,605266,185820,712704,217088,35,25,10,419446,495616,D1,first + >=1 SIM second since last sample + last per stream/episode/leg
pair-stage-probes-78332709-diagC/cases/align_a+b_e2e_v6-s912-v5h_s911_diag-fix_age_round/frames/r3,270072,110484,270336,110592,22,13,9,159588,159744,D1,first + >=1 SIM second since last sample + last per stream/episode/leg
pair-stage-probes-78332709-diagC/cases/align_a+b_e2e_v6-s912-v5h_s912_diag-fix_age_round,564842,534450,573440,540672,5,1,4,30392,32768,D5,
pair-stage-probes-78332709-diagC/cases/align_a+b_e2e_v6-s912-v5h_s912_diag-fix_age_round/checkpoints,382799,378845,389120,380928,4,2,2,3954,8192,D5,
pair-stage-probes-78332709-diagC/cases/align_a+b_e2e_v6-s912-v5h_s912_diag-fix_age_round/eval_only,95931,36334,98304,36864,2,1,1,59597,61440,D5,
pair-stage-probes-78332709-diagC/cases/align_a+b_e2e_v6-s912-v5h_s912_diag-fix_age_round/frames,0,0,0,0,0,0,0,0,0,,
pair-stage-probes-78332709-diagC/cases/align_a+b_e2e_v6-s912-v5h_s912_diag-fix_age_round/frames/r1,726401,406148,835584,466944,34,15,19,320253,368640,D1,first + >=1 SIM second since last sample + last per stream/episode/leg
pair-stage-probes-78332709-diagC/cases/align_a+b_e2e_v6-s912-v5h_s912_diag-fix_age_round/frames/r2,605266,185820,712704,217088,35,25,10,419446,495616,D1,first + >=1 SIM second since last sample + last per stream/episode/leg
pair-stage-probes-78332709-diagC/cases/align_a+b_e2e_v6-s912-v5h_s912_diag-fix_age_round/frames/r3,270072,110484,270336,110592,22,13,9,159588,159744,D1,first + >=1 SIM second since last sample + last per stream/episode/leg
pair-stage-probes-78332709-diagC/cases/align_a+b_e2e_v6-s912-v5h_s913_diag-fix_age_round,564954,534562,573440,540672,5,1,4,30392,32768,D5,
pair-stage-probes-78332709-diagC/cases/align_a+b_e2e_v6-s912-v5h_s913_diag-fix_age_round/checkpoints,365244,361287,372736,364544,4,2,2,3957,8192,D5,
pair-stage-probes-78332709-diagC/cases/align_a+b_e2e_v6-s912-v5h_s913_diag-fix_age_round/eval_only,95927,36334,98304,36864,2,1,1,59593,61440,D5,
pair-stage-probes-78332709-diagC/cases/align_a+b_e2e_v6-s912-v5h_s913_diag-fix_age_round/frames,0,0,0,0,0,0,0,0,0,,
pair-stage-probes-78332709-diagC/cases/align_a+b_e2e_v6-s912-v5h_s913_diag-fix_age_round/frames/r1,726401,406148,835584,466944,34,15,19,320253,368640,D1,first + >=1 SIM second since last sample + last per stream/episode/leg
pair-stage-probes-78332709-diagC/cases/align_a+b_e2e_v6-s912-v5h_s913_diag-fix_age_round/frames/r2,605266,185820,712704,217088,35,25,10,419446,495616,D1,first + >=1 SIM second since last sample + last per stream/episode/leg
pair-stage-probes-78332709-diagC/cases/align_a+b_e2e_v6-s912-v5h_s913_diag-fix_age_round/frames/r3,270072,110484,270336,110592,22,13,9,159588,159744,D1,first + >=1 SIM second since last sample + last per stream/episode/leg
pair-stage-probes-78332709-diagC/cases/align_a+b_teacher_along+_opp_s911_pE2E_diag-fix_age_round,564911,534510,573440,540672,5,1,4,30401,32768,D5,
pair-stage-probes-78332709-diagC/cases/align_a+b_teacher_along+_opp_s911_pE2E_diag-fix_age_round/checkpoints,380668,376714,389120,380928,4,2,2,3954,8192,D5,
pair-stage-probes-78332709-diagC/cases/align_a+b_teacher_along+_opp_s911_pE2E_diag-fix_age_round/eval_only,94017,36326,98304,36864,2,1,1,57691,61440,D5,
pair-stage-probes-78332709-diagC/cases/align_a+b_teacher_along+_opp_s911_pE2E_diag-fix_age_round/frames,0,0,0,0,0,0,0,0,0,,
pair-stage-probes-78332709-diagC/cases/align_a+b_teacher_along+_opp_s911_pE2E_diag-fix_age_round/frames/r1,750789,419959,835584,466944,34,15,19,330830,368640,D1,first + >=1 SIM second since last sample + last per stream/episode/leg
pair-stage-probes-78332709-diagC/cases/align_a+b_teacher_along+_opp_s911_pE2E_diag-fix_age_round/frames/r2,578860,179152,614400,188416,35,25,10,399708,425984,D1,first + >=1 SIM second since last sample + last per stream/episode/leg
pair-stage-probes-78332709-diagC/cases/align_a+b_teacher_along+_opp_s911_pE2E_diag-fix_age_round/frames/r3,270336,110592,270336,110592,22,13,9,159744,159744,D1,first + >=1 SIM second since last sample + last per stream/episode/leg
pair-stage-probes-78332709-diagC/cases/align_a+b_teacher_along+_same_s911_pE2E_diag-fix_age_round,564635,534235,573440,540672,5,1,4,30400,32768,D5,
pair-stage-probes-78332709-diagC/cases/align_a+b_teacher_along+_same_s911_pE2E_diag-fix_age_round/checkpoints,382228,378274,389120,380928,4,2,2,3954,8192,D5,
pair-stage-probes-78332709-diagC/cases/align_a+b_teacher_along+_same_s911_pE2E_diag-fix_age_round/eval_only,93982,36303,98304,36864,2,1,1,57679,61440,D5,
pair-stage-probes-78332709-diagC/cases/align_a+b_teacher_along+_same_s911_pE2E_diag-fix_age_round/frames,0,0,0,0,0,0,0,0,0,,
pair-stage-probes-78332709-diagC/cases/align_a+b_teacher_along+_same_s911_pE2E_diag-fix_age_round/frames/r1,756770,423375,835584,466944,34,15,19,333395,368640,D1,first + >=1 SIM second since last sample + last per stream/episode/leg
pair-stage-probes-78332709-diagC/cases/align_a+b_teacher_along+_same_s911_pE2E_diag-fix_age_round/frames/r2,613093,188143,712704,217088,35,25,10,424950,495616,D1,first + >=1 SIM second since last sample + last per stream/episode/leg
pair-stage-probes-78332709-diagC/cases/align_a+b_teacher_along+_same_s911_pE2E_diag-fix_age_round/frames/r3,270336,110592,270336,110592,22,13,9,159744,159744,D1,first + >=1 SIM second since last sample + last per stream/episode/leg
pair-stage-probes-78332709-diagC/cases/align_a+b_teacher_along-_opp_s911_pE2E_diag-fix_age_round,568478,538143,577536,544768,5,1,4,30335,32768,D5,
pair-stage-probes-78332709-diagC/cases/align_a+b_teacher_along-_opp_s911_pE2E_diag-fix_age_round/checkpoints,346607,342653,352256,344064,4,2,2,3954,8192,D5,
pair-stage-probes-78332709-diagC/cases/align_a+b_teacher_along-_opp_s911_pE2E_diag-fix_age_round/eval_only,93575,36326,94208,36864,2,1,1,57249,57344,D5,
pair-stage-probes-78332709-diagC/cases/align_a+b_teacher_along-_opp_s911_pE2E_diag-fix_age_round/frames,0,0,0,0,0,0,0,0,0,,
pair-stage-probes-78332709-diagC/cases/align_a+b_teacher_along-_opp_s911_pE2E_diag-fix_age_round/frames/r1,730622,408841,835584,466944,34,15,19,321781,368640,D1,first + >=1 SIM second since last sample + last per stream/episode/leg
pair-stage-probes-78332709-diagC/cases/align_a+b_teacher_along-_opp_s911_pE2E_diag-fix_age_round/frames/r2,608903,186727,712704,217088,35,25,10,422176,495616,D1,first + >=1 SIM second since last sample + last per stream/episode/leg
pair-stage-probes-78332709-diagC/cases/align_a+b_teacher_along-_opp_s911_pE2E_diag-fix_age_round/frames/r3,270336,110592,270336,110592,22,13,9,159744,159744,D1,first + >=1 SIM second since last sample + last per stream/episode/leg
pair-stage-probes-78332709-diagC/cases/align_a+b_teacher_along-_same_s911_pE2E_diag-fix_age_round,568495,538160,577536,544768,5,1,4,30335,32768,D5,
pair-stage-probes-78332709-diagC/cases/align_a+b_teacher_along-_same_s911_pE2E_diag-fix_age_round/checkpoints,380541,376587,389120,380928,4,2,2,3954,8192,D5,
pair-stage-probes-78332709-diagC/cases/align_a+b_teacher_along-_same_s911_pE2E_diag-fix_age_round/eval_only,93584,36333,94208,36864,2,1,1,57251,57344,D5,
pair-stage-probes-78332709-diagC/cases/align_a+b_teacher_along-_same_s911_pE2E_diag-fix_age_round/frames,0,0,0,0,0,0,0,0,0,,
pair-stage-probes-78332709-diagC/cases/align_a+b_teacher_along-_same_s911_pE2E_diag-fix_age_round/frames/r1,724870,405706,835584,466944,34,15,19,319164,368640,D1,first + >=1 SIM second since last sample + last per stream/episode/leg
pair-stage-probes-78332709-diagC/cases/align_a+b_teacher_along-_same_s911_pE2E_diag-fix_age_round/frames/r2,575655,178035,614400,188416,35,25,10,397620,425984,D1,first + >=1 SIM second since last sample + last per stream/episode/leg
pair-stage-probes-78332709-diagC/cases/align_a+b_teacher_along-_same_s911_pE2E_diag-fix_age_round/frames/r3,270336,110592,270336,110592,22,13,9,159744,159744,D1,first + >=1 SIM second since last sample + last per stream/episode/leg
pair-stage-probes-78332709-diagC/cases/align_a+b_teacher_corner++_opp_s911_pE2E_diag-fix_age_round,678315,678315,688128,688128,5,0,5,0,0,,
pair-stage-probes-78332709-diagC/cases/align_a+b_teacher_corner++_opp_s911_pE2E_diag-fix_age_round/checkpoints,321298,319344,327680,323584,4,1,3,1954,4096,D5,
pair-stage-probes-78332709-diagC/cases/align_a+b_teacher_corner++_opp_s911_pE2E_diag-fix_age_round/eval_only,137380,137380,139264,139264,2,0,2,0,0,,
pair-stage-probes-78332709-diagC/cases/align_a+b_teacher_corner++_opp_s911_pE2E_diag-fix_age_round/frames,0,0,0,0,0,0,0,0,0,,
pair-stage-probes-78332709-diagC/cases/align_a+b_teacher_corner++_opp_s911_pE2E_diag-fix_age_round/frames/r1,1183169,570533,1318912,638976,53,27,26,612636,679936,D1,first + >=1 SIM second since last sample + last per stream/episode/leg
pair-stage-probes-78332709-diagC/cases/align_a+b_teacher_corner++_opp_s911_pE2E_diag-fix_age_round/frames/r2,928664,210312,1028096,229376,55,43,12,718352,798720,D1,first + >=1 SIM second since last sample + last per stream/episode/leg
pair-stage-probes-78332709-diagC/cases/align_a+b_teacher_corner++_opp_s911_pE2E_diag-fix_age_round/frames/r3,393216,135168,393216,135168,32,21,11,258048,258048,D1,first + >=1 SIM second since last sample + last per stream/episode/leg
pair-stage-probes-78332709-diagC/cases/align_a+b_teacher_corner++_same_s911_pE2E_diag-fix_age_round,433512,433512,446464,446464,5,0,5,0,0,,
pair-stage-probes-78332709-diagC/cases/align_a+b_teacher_corner++_same_s911_pE2E_diag-fix_age_round/checkpoints,281996,280042,286720,282624,4,1,3,1954,4096,D5,
pair-stage-probes-78332709-diagC/cases/align_a+b_teacher_corner++_same_s911_pE2E_diag-fix_age_round/eval_only,94639,94639,98304,98304,2,0,2,0,0,,
pair-stage-probes-78332709-diagC/cases/align_a+b_teacher_corner++_same_s911_pE2E_diag-fix_age_round/frames,0,0,0,0,0,0,0,0,0,,
pair-stage-probes-78332709-diagC/cases/align_a+b_teacher_corner++_same_s911_pE2E_diag-fix_age_round/frames/r1,786348,426963,892928,479232,34,15,19,359385,413696,D1,first + >=1 SIM second since last sample + last per stream/episode/leg
pair-stage-probes-78332709-diagC/cases/align_a+b_teacher_corner++_same_s911_pE2E_diag-fix_age_round/frames/r2,620957,190472,720896,221184,35,25,10,430485,499712,D1,first + >=1 SIM second since last sample + last per stream/episode/leg
pair-stage-probes-78332709-diagC/cases/align_a+b_teacher_corner++_same_s911_pE2E_diag-fix_age_round/frames/r3,270336,110592,270336,110592,22,13,9,159744,159744,D1,first + >=1 SIM second since last sample + last per stream/episode/leg
pair-stage-probes-78332709-diagC/cases/align_a+b_teacher_corner--_opp_s911_pE2E_diag-fix_age_round,433603,433603,446464,446464,5,0,5,0,0,,
pair-stage-probes-78332709-diagC/cases/align_a+b_teacher_corner--_opp_s911_pE2E_diag-fix_age_round/checkpoints,297171,295217,303104,299008,4,1,3,1954,4096,D5,
pair-stage-probes-78332709-diagC/cases/align_a+b_teacher_corner--_opp_s911_pE2E_diag-fix_age_round/eval_only,95075,95075,98304,98304,2,0,2,0,0,,
pair-stage-probes-78332709-diagC/cases/align_a+b_teacher_corner--_opp_s911_pE2E_diag-fix_age_round/frames,0,0,0,0,0,0,0,0,0,,
pair-stage-probes-78332709-diagC/cases/align_a+b_teacher_corner--_opp_s911_pE2E_diag-fix_age_round/frames/r1,795840,432623,892928,479232,34,15,19,363217,413696,D1,first + >=1 SIM second since last sample + last per stream/episode/leg
pair-stage-probes-78332709-diagC/cases/align_a+b_teacher_corner--_opp_s911_pE2E_diag-fix_age_round/frames/r2,617269,189072,716800,217088,35,25,10,428197,499712,D1,first + >=1 SIM second since last sample + last per stream/episode/leg
pair-stage-probes-78332709-diagC/cases/align_a+b_teacher_corner--_opp_s911_pE2E_diag-fix_age_round/frames/r3,270336,110592,270336,110592,22,13,9,159744,159744,D1,first + >=1 SIM second since last sample + last per stream/episode/leg
pair-stage-probes-78332709-diagC/cases/align_a+b_teacher_corner--_same_s911_pE2E_diag-fix_age_round,682261,682261,688128,688128,5,0,5,0,0,,
pair-stage-probes-78332709-diagC/cases/align_a+b_teacher_corner--_same_s911_pE2E_diag-fix_age_round/checkpoints,322086,320132,327680,323584,4,1,3,1954,4096,D5,
pair-stage-probes-78332709-diagC/cases/align_a+b_teacher_corner--_same_s911_pE2E_diag-fix_age_round/eval_only,138020,138020,139264,139264,2,0,2,0,0,,
pair-stage-probes-78332709-diagC/cases/align_a+b_teacher_corner--_same_s911_pE2E_diag-fix_age_round/frames,0,0,0,0,0,0,0,0,0,,
pair-stage-probes-78332709-diagC/cases/align_a+b_teacher_corner--_same_s911_pE2E_diag-fix_age_round/frames/r1,1201690,580549,1347584,643072,53,27,26,621141,704512,D1,first + >=1 SIM second since last sample + last per stream/episode/leg
pair-stage-probes-78332709-diagC/cases/align_a+b_teacher_corner--_same_s911_pE2E_diag-fix_age_round/frames/r2,924379,209361,1028096,229376,55,43,12,715018,798720,D1,first + >=1 SIM second since last sample + last per stream/episode/leg
pair-stage-probes-78332709-diagC/cases/align_a+b_teacher_corner--_same_s911_pE2E_diag-fix_age_round/frames/r3,393216,135168,393216,135168,32,21,11,258048,258048,D1,first + >=1 SIM second since last sample + last per stream/episode/leg
pair-stage-probes-78332709-diagC/cases/align_a+b_teacher_lat+_opp_s911_pE2E_diag-fix_age_round,563531,533192,573440,540672,5,1,4,30339,32768,D5,
pair-stage-probes-78332709-diagC/cases/align_a+b_teacher_lat+_opp_s911_pE2E_diag-fix_age_round/checkpoints,381346,377392,389120,380928,4,2,2,3954,8192,D5,
pair-stage-probes-78332709-diagC/cases/align_a+b_teacher_lat+_opp_s911_pE2E_diag-fix_age_round/eval_only,93661,35883,98304,36864,2,1,1,57778,61440,D5,
pair-stage-probes-78332709-diagC/cases/align_a+b_teacher_lat+_opp_s911_pE2E_diag-fix_age_round/frames,0,0,0,0,0,0,0,0,0,,
pair-stage-probes-78332709-diagC/cases/align_a+b_teacher_lat+_opp_s911_pE2E_diag-fix_age_round/frames/r1,723618,405281,835584,466944,34,15,19,318337,368640,D1,first + >=1 SIM second since last sample + last per stream/episode/leg
pair-stage-probes-78332709-diagC/cases/align_a+b_teacher_lat+_opp_s911_pE2E_diag-fix_age_round/frames/r2,583376,179524,626688,188416,35,25,10,403852,438272,D1,first + >=1 SIM second since last sample + last per stream/episode/leg
pair-stage-probes-78332709-diagC/cases/align_a+b_teacher_lat+_opp_s911_pE2E_diag-fix_age_round/frames/r3,270336,110592,270336,110592,22,13,9,159744,159744,D1,first + >=1 SIM second since last sample + last per stream/episode/leg
pair-stage-probes-78332709-diagC/cases/align_a+b_teacher_lat+_same_s911_pE2E_diag-fix_age_round,564518,534179,573440,540672,5,1,4,30339,32768,D5,
pair-stage-probes-78332709-diagC/cases/align_a+b_teacher_lat+_same_s911_pE2E_diag-fix_age_round/checkpoints,377027,373073,385024,376832,4,2,2,3954,8192,D5,
pair-stage-probes-78332709-diagC/cases/align_a+b_teacher_lat+_same_s911_pE2E_diag-fix_age_round/eval_only,93880,35981,98304,36864,2,1,1,57899,61440,D5,
pair-stage-probes-78332709-diagC/cases/align_a+b_teacher_lat+_same_s911_pE2E_diag-fix_age_round/frames,0,0,0,0,0,0,0,0,0,,
pair-stage-probes-78332709-diagC/cases/align_a+b_teacher_lat+_same_s911_pE2E_diag-fix_age_round/frames/r1,725177,406170,835584,466944,34,15,19,319007,368640,D1,first + >=1 SIM second since last sample + last per stream/episode/leg
pair-stage-probes-78332709-diagC/cases/align_a+b_teacher_lat+_same_s911_pE2E_diag-fix_age_round/frames/r2,599130,184514,712704,217088,35,25,10,414616,495616,D1,first + >=1 SIM second since last sample + last per stream/episode/leg
pair-stage-probes-78332709-diagC/cases/align_a+b_teacher_lat+_same_s911_pE2E_diag-fix_age_round/frames/r3,270336,110592,270336,110592,22,13,9,159744,159744,D1,first + >=1 SIM second since last sample + last per stream/episode/leg
pair-stage-probes-78332709-diagC/cases/align_a+b_teacher_lat-_opp_s911_pE2E_diag-fix_age_round,564878,534539,573440,540672,5,1,4,30339,32768,D5,
pair-stage-probes-78332709-diagC/cases/align_a+b_teacher_lat-_opp_s911_pE2E_diag-fix_age_round/checkpoints,338769,334816,344064,335872,4,2,2,3953,8192,D5,
pair-stage-probes-78332709-diagC/cases/align_a+b_teacher_lat-_opp_s911_pE2E_diag-fix_age_round/eval_only,94120,36099,98304,36864,2,1,1,58021,61440,D5,
pair-stage-probes-78332709-diagC/cases/align_a+b_teacher_lat-_opp_s911_pE2E_diag-fix_age_round/frames,0,0,0,0,0,0,0,0,0,,
pair-stage-probes-78332709-diagC/cases/align_a+b_teacher_lat-_opp_s911_pE2E_diag-fix_age_round/frames/r1,747691,418090,835584,466944,34,15,19,329601,368640,D1,first + >=1 SIM second since last sample + last per stream/episode/leg
pair-stage-probes-78332709-diagC/cases/align_a+b_teacher_lat-_opp_s911_pE2E_diag-fix_age_round/frames/r2,602387,185684,712704,217088,35,25,10,416703,495616,D1,first + >=1 SIM second since last sample + last per stream/episode/leg
pair-stage-probes-78332709-diagC/cases/align_a+b_teacher_lat-_opp_s911_pE2E_diag-fix_age_round/frames/r3,270336,110592,270336,110592,22,13,9,159744,159744,D1,first + >=1 SIM second since last sample + last per stream/episode/leg
pair-stage-probes-78332709-diagC/cases/align_a+b_teacher_lat-_same_s911_pE2E_diag-fix_age_round,563144,532805,573440,540672,5,1,4,30339,32768,D5,
pair-stage-probes-78332709-diagC/cases/align_a+b_teacher_lat-_same_s911_pE2E_diag-fix_age_round/checkpoints,343672,339719,352256,344064,4,2,2,3953,8192,D5,
pair-stage-probes-78332709-diagC/cases/align_a+b_teacher_lat-_same_s911_pE2E_diag-fix_age_round/eval_only,93890,36001,98304,36864,2,1,1,57889,61440,D5,
pair-stage-probes-78332709-diagC/cases/align_a+b_teacher_lat-_same_s911_pE2E_diag-fix_age_round/frames,0,0,0,0,0,0,0,0,0,,
pair-stage-probes-78332709-diagC/cases/align_a+b_teacher_lat-_same_s911_pE2E_diag-fix_age_round/frames/r1,743541,415978,835584,466944,34,15,19,327563,368640,D1,first + >=1 SIM second since last sample + last per stream/episode/leg
pair-stage-probes-78332709-diagC/cases/align_a+b_teacher_lat-_same_s911_pE2E_diag-fix_age_round/frames/r2,583301,179429,626688,188416,35,25,10,403872,438272,D1,first + >=1 SIM second since last sample + last per stream/episode/leg
pair-stage-probes-78332709-diagC/cases/align_a+b_teacher_lat-_same_s911_pE2E_diag-fix_age_round/frames/r3,270336,110592,270336,110592,22,13,9,159744,159744,D1,first + >=1 SIM second since last sample + last per stream/episode/leg
pair-stage-probes-78332709-diagC/cases/align_a+b_teacher_nominal_s911_pE2E_diag-fix_age_round,563859,533460,573440,540672,5,1,4,30399,32768,D5,
pair-stage-probes-78332709-diagC/cases/align_a+b_teacher_nominal_s911_pE2E_diag-fix_age_round/checkpoints,327654,323700,335872,327680,4,2,2,3954,8192,D5,
pair-stage-probes-78332709-diagC/cases/align_a+b_teacher_nominal_s911_pE2E_diag-fix_age_round/eval_only,93945,36261,98304,36864,2,1,1,57684,61440,D5,
pair-stage-probes-78332709-diagC/cases/align_a+b_teacher_nominal_s911_pE2E_diag-fix_age_round/frames,0,0,0,0,0,0,0,0,0,,
pair-stage-probes-78332709-diagC/cases/align_a+b_teacher_nominal_s911_pE2E_diag-fix_age_round/frames/r1,736817,412131,835584,466944,34,15,19,324686,368640,D1,first + >=1 SIM second since last sample + last per stream/episode/leg
pair-stage-probes-78332709-diagC/cases/align_a+b_teacher_nominal_s911_pE2E_diag-fix_age_round/frames/r2,595504,183522,708608,217088,35,25,10,411982,491520,D1,first + >=1 SIM second since last sample + last per stream/episode/leg
pair-stage-probes-78332709-diagC/cases/align_a+b_teacher_nominal_s911_pE2E_diag-fix_age_round/frames/r3,270336,110592,270336,110592,22,13,9,159744,159744,D1,first + >=1 SIM second since last sample + last per stream/episode/leg
pair-stage-probes-78332709-diagC/cases/align_a+b_teacher_nominal_s912_pE2E_diag-fix_age_round,563665,533266,573440,540672,5,1,4,30399,32768,D5,
pair-stage-probes-78332709-diagC/cases/align_a+b_teacher_nominal_s912_pE2E_diag-fix_age_round/checkpoints,344593,340640,352256,344064,4,2,2,3953,8192,D5,
pair-stage-probes-78332709-diagC/cases/align_a+b_teacher_nominal_s912_pE2E_diag-fix_age_round/eval_only,93958,36261,98304,36864,2,1,1,57697,61440,D5,
pair-stage-probes-78332709-diagC/cases/align_a+b_teacher_nominal_s912_pE2E_diag-fix_age_round/frames,0,0,0,0,0,0,0,0,0,,
pair-stage-probes-78332709-diagC/cases/align_a+b_teacher_nominal_s912_pE2E_diag-fix_age_round/frames/r1,736817,412131,835584,466944,34,15,19,324686,368640,D1,first + >=1 SIM second since last sample + last per stream/episode/leg
pair-stage-probes-78332709-diagC/cases/align_a+b_teacher_nominal_s912_pE2E_diag-fix_age_round/frames/r2,595504,183522,708608,217088,35,25,10,411982,491520,D1,first + >=1 SIM second since last sample + last per stream/episode/leg
pair-stage-probes-78332709-diagC/cases/align_a+b_teacher_nominal_s912_pE2E_diag-fix_age_round/frames/r3,270336,110592,270336,110592,22,13,9,159744,159744,D1,first + >=1 SIM second since last sample + last per stream/episode/leg
pair-stage-probes-78332709-diagC/cases/align_a+b_teacher_nominal_s913_pE2E_diag-fix_age_round,563699,533300,573440,540672,5,1,4,30399,32768,D5,
pair-stage-probes-78332709-diagC/cases/align_a+b_teacher_nominal_s913_pE2E_diag-fix_age_round/checkpoints,328826,324869,335872,327680,4,2,2,3957,8192,D5,
pair-stage-probes-78332709-diagC/cases/align_a+b_teacher_nominal_s913_pE2E_diag-fix_age_round/eval_only,93945,36261,98304,36864,2,1,1,57684,61440,D5,
pair-stage-probes-78332709-diagC/cases/align_a+b_teacher_nominal_s913_pE2E_diag-fix_age_round/frames,0,0,0,0,0,0,0,0,0,,
pair-stage-probes-78332709-diagC/cases/align_a+b_teacher_nominal_s913_pE2E_diag-fix_age_round/frames/r1,736817,412131,835584,466944,34,15,19,324686,368640,D1,first + >=1 SIM second since last sample + last per stream/episode/leg
pair-stage-probes-78332709-diagC/cases/align_a+b_teacher_nominal_s913_pE2E_diag-fix_age_round/frames/r2,595504,183522,708608,217088,35,25,10,411982,491520,D1,first + >=1 SIM second since last sample + last per stream/episode/leg
pair-stage-probes-78332709-diagC/cases/align_a+b_teacher_nominal_s913_pE2E_diag-fix_age_round/frames/r3,270336,110592,270336,110592,22,13,9,159744,159744,D1,first + >=1 SIM second since last sample + last per stream/episode/leg
pair-stage-probes-78332709-diagC/cases/align_a+b_teacher_yaw+_opp_s911_pE2E_diag-fix_age_round,562197,531851,573440,540672,5,1,4,30346,32768,D5,
pair-stage-probes-78332709-diagC/cases/align_a+b_teacher_yaw+_opp_s911_pE2E_diag-fix_age_round/checkpoints,305115,301162,311296,303104,4,2,2,3953,8192,D5,
pair-stage-probes-78332709-diagC/cases/align_a+b_teacher_yaw+_opp_s911_pE2E_diag-fix_age_round/eval_only,93718,35929,98304,36864,2,1,1,57789,61440,D5,
pair-stage-probes-78332709-diagC/cases/align_a+b_teacher_yaw+_opp_s911_pE2E_diag-fix_age_round/frames,0,0,0,0,0,0,0,0,0,,
pair-stage-probes-78332709-diagC/cases/align_a+b_teacher_yaw+_opp_s911_pE2E_diag-fix_age_round/frames/r1,733843,410656,835584,466944,34,15,19,323187,368640,D1,first + >=1 SIM second since last sample + last per stream/episode/leg
pair-stage-probes-78332709-diagC/cases/align_a+b_teacher_yaw+_opp_s911_pE2E_diag-fix_age_round/frames/r2,589602,181464,630784,188416,35,25,10,408138,442368,D1,first + >=1 SIM second since last sample + last per stream/episode/leg
pair-stage-probes-78332709-diagC/cases/align_a+b_teacher_yaw+_opp_s911_pE2E_diag-fix_age_round/frames/r3,270336,110592,270336,110592,22,13,9,159744,159744,D1,first + >=1 SIM second since last sample + last per stream/episode/leg
pair-stage-probes-78332709-diagC/cases/align_a+b_teacher_yaw+_same_s911_pE2E_diag-fix_age_round,562583,532237,573440,540672,5,1,4,30346,32768,D5,
pair-stage-probes-78332709-diagC/cases/align_a+b_teacher_yaw+_same_s911_pE2E_diag-fix_age_round/checkpoints,320408,316457,327680,319488,4,2,2,3951,8192,D5,
pair-stage-probes-78332709-diagC/cases/align_a+b_teacher_yaw+_same_s911_pE2E_diag-fix_age_round/eval_only,94102,36113,98304,36864,2,1,1,57989,61440,D5,
pair-stage-probes-78332709-diagC/cases/align_a+b_teacher_yaw+_same_s911_pE2E_diag-fix_age_round/frames,0,0,0,0,0,0,0,0,0,,
pair-stage-probes-78332709-diagC/cases/align_a+b_teacher_yaw+_same_s911_pE2E_diag-fix_age_round/frames/r1,734308,410666,835584,466944,34,15,19,323642,368640,D1,first + >=1 SIM second since last sample + last per stream/episode/leg
pair-stage-probes-78332709-diagC/cases/align_a+b_teacher_yaw+_same_s911_pE2E_diag-fix_age_round/frames/r2,592207,182170,630784,188416,35,25,10,410037,442368,D1,first + >=1 SIM second since last sample + last per stream/episode/leg
pair-stage-probes-78332709-diagC/cases/align_a+b_teacher_yaw+_same_s911_pE2E_diag-fix_age_round/frames/r3,270336,110592,270336,110592,22,13,9,159744,159744,D1,first + >=1 SIM second since last sample + last per stream/episode/leg
pair-stage-probes-78332709-diagC/cases/align_a+b_teacher_yaw-_opp_s911_pE2E_diag-fix_age_round,563218,532796,573440,540672,5,1,4,30422,32768,D5,
pair-stage-probes-78332709-diagC/cases/align_a+b_teacher_yaw-_opp_s911_pE2E_diag-fix_age_round/checkpoints,356685,352733,364544,356352,4,2,2,3952,8192,D5,
pair-stage-probes-78332709-diagC/cases/align_a+b_teacher_yaw-_opp_s911_pE2E_diag-fix_age_round/eval_only,94476,36295,98304,36864,2,1,1,58181,61440,D5,
pair-stage-probes-78332709-diagC/cases/align_a+b_teacher_yaw-_opp_s911_pE2E_diag-fix_age_round/frames,0,0,0,0,0,0,0,0,0,,
pair-stage-probes-78332709-diagC/cases/align_a+b_teacher_yaw-_opp_s911_pE2E_diag-fix_age_round/frames/r1,729518,408103,835584,466944,34,15,19,321415,368640,D1,first + >=1 SIM second since last sample + last per stream/episode/leg
pair-stage-probes-78332709-diagC/cases/align_a+b_teacher_yaw-_opp_s911_pE2E_diag-fix_age_round/frames/r2,591975,182129,630784,188416,35,25,10,409846,442368,D1,first + >=1 SIM second since last sample + last per stream/episode/leg
pair-stage-probes-78332709-diagC/cases/align_a+b_teacher_yaw-_opp_s911_pE2E_diag-fix_age_round/frames/r3,270336,110592,270336,110592,22,13,9,159744,159744,D1,first + >=1 SIM second since last sample + last per stream/episode/leg
pair-stage-probes-78332709-diagC/cases/align_a+b_teacher_yaw-_same_s911_pE2E_diag-fix_age_round,563094,532674,573440,540672,5,1,4,30420,32768,D5,
pair-stage-probes-78332709-diagC/cases/align_a+b_teacher_yaw-_same_s911_pE2E_diag-fix_age_round/checkpoints,341361,337407,348160,339968,4,2,2,3954,8192,D5,
pair-stage-probes-78332709-diagC/cases/align_a+b_teacher_yaw-_same_s911_pE2E_diag-fix_age_round/eval_only,94072,36107,98304,36864,2,1,1,57965,61440,D5,
pair-stage-probes-78332709-diagC/cases/align_a+b_teacher_yaw-_same_s911_pE2E_diag-fix_age_round/frames,0,0,0,0,0,0,0,0,0,,
pair-stage-probes-78332709-diagC/cases/align_a+b_teacher_yaw-_same_s911_pE2E_diag-fix_age_round/frames/r1,730120,408643,835584,466944,34,15,19,321477,368640,D1,first + >=1 SIM second since last sample + last per stream/episode/leg
pair-stage-probes-78332709-diagC/cases/align_a+b_teacher_yaw-_same_s911_pE2E_diag-fix_age_round/frames/r2,590108,181642,630784,188416,35,25,10,408466,442368,D1,first + >=1 SIM second since last sample + last per stream/episode/leg
pair-stage-probes-78332709-diagC/cases/align_a+b_teacher_yaw-_same_s911_pE2E_diag-fix_age_round/frames/r3,270336,110592,270336,110592,22,13,9,159744,159744,D1,first + >=1 SIM second since last sample + last per stream/episode/leg
pair-stage-probes-78332709-diagC/cases/align_b-only_e2e_v6-s911-v5h_s911_diag-fix_age_round,3105657,2937934,3108864,2940928,5,1,4,167723,167936,D5,
pair-stage-probes-78332709-diagC/cases/align_b-only_e2e_v6-s911-v5h_s911_diag-fix_age_round/checkpoints,385087,383133,393216,389120,4,1,3,1954,4096,D5,
pair-stage-probes-78332709-diagC/cases/align_b-only_e2e_v6-s911-v5h_s911_diag-fix_age_round/eval_only,862476,317709,864256,319488,2,1,1,544767,544768,D5,
pair-stage-probes-78332709-diagC/cases/align_b-only_e2e_v6-s911-v5h_s911_diag-fix_age_round/frames,0,0,0,0,0,0,0,0,0,,
pair-stage-probes-78332709-diagC/cases/align_b-only_e2e_v6-s911-v5h_s911_diag-fix_age_round/frames/r1,7006779,1170250,7598080,1277952,372,313,59,5836529,6320128,D1,first + >=1 SIM second since last sample + last per stream/episode/leg
pair-stage-probes-78332709-diagC/cases/align_b-only_e2e_v6-s911-v5h_s911_diag-fix_age_round/frames/r2,6330666,781424,7094272,864256,373,328,45,5549242,6230016,D1,first + >=1 SIM second since last sample + last per stream/episode/leg
pair-stage-probes-78332709-diagC/cases/align_b-only_e2e_v6-s911-v5h_s911_diag-fix_age_round/frames/r3,2344716,515592,2347008,516096,191,149,42,1829124,1830912,D1,first + >=1 SIM second since last sample + last per stream/episode/leg
pair-stage-probes-78332709-diagC/cases/align_b-only_e2e_v6-s911-v5h_s912_diag-fix_age_round,3107500,2939767,3112960,2945024,5,1,4,167733,167936,D5,
pair-stage-probes-78332709-diagC/cases/align_b-only_e2e_v6-s911-v5h_s912_diag-fix_age_round/checkpoints,385909,383955,393216,389120,4,1,3,1954,4096,D5,
pair-stage-probes-78332709-diagC/cases/align_b-only_e2e_v6-s911-v5h_s912_diag-fix_age_round/eval_only,862583,317649,868352,319488,2,1,1,544934,548864,D5,
pair-stage-probes-78332709-diagC/cases/align_b-only_e2e_v6-s911-v5h_s912_diag-fix_age_round/frames,0,0,0,0,0,0,0,0,0,,
pair-stage-probes-78332709-diagC/cases/align_b-only_e2e_v6-s911-v5h_s912_diag-fix_age_round/frames/r1,7002035,1169923,7532544,1269760,372,313,59,5832112,6262784,D1,first + >=1 SIM second since last sample + last per stream/episode/leg
pair-stage-probes-78332709-diagC/cases/align_b-only_e2e_v6-s911-v5h_s912_diag-fix_age_round/frames/r2,6410871,785940,7172096,872448,373,328,45,5624931,6299648,D1,first + >=1 SIM second since last sample + last per stream/episode/leg
pair-stage-probes-78332709-diagC/cases/align_b-only_e2e_v6-s911-v5h_s912_diag-fix_age_round/frames/r3,2344716,515592,2347008,516096,191,149,42,1829124,1830912,D1,first + >=1 SIM second since last sample + last per stream/episode/leg
pair-stage-probes-78332709-diagC/cases/align_b-only_e2e_v6-s911-v5h_s913_diag-fix_age_round,3106125,2938392,3112960,2945024,5,1,4,167733,167936,D5,
pair-stage-probes-78332709-diagC/cases/align_b-only_e2e_v6-s911-v5h_s913_diag-fix_age_round/checkpoints,385752,383796,393216,389120,4,1,3,1956,4096,D5,
pair-stage-probes-78332709-diagC/cases/align_b-only_e2e_v6-s911-v5h_s913_diag-fix_age_round/eval_only,862579,317649,868352,319488,2,1,1,544930,548864,D5,
pair-stage-probes-78332709-diagC/cases/align_b-only_e2e_v6-s911-v5h_s913_diag-fix_age_round/frames,0,0,0,0,0,0,0,0,0,,
pair-stage-probes-78332709-diagC/cases/align_b-only_e2e_v6-s911-v5h_s913_diag-fix_age_round/frames/r1,7002035,1169923,7532544,1269760,372,313,59,5832112,6262784,D1,first + >=1 SIM second since last sample + last per stream/episode/leg
pair-stage-probes-78332709-diagC/cases/align_b-only_e2e_v6-s911-v5h_s913_diag-fix_age_round/frames/r2,6410871,785940,7172096,872448,373,328,45,5624931,6299648,D1,first + >=1 SIM second since last sample + last per stream/episode/leg
pair-stage-probes-78332709-diagC/cases/align_b-only_e2e_v6-s911-v5h_s913_diag-fix_age_round/frames/r3,2344716,515592,2347008,516096,191,149,42,1829124,1830912,D1,first + >=1 SIM second since last sample + last per stream/episode/leg
pair-stage-probes-78332709-diagC/cases/align_b-only_e2e_v6-s912-v5h_s911_diag-fix_age_round,3078745,2912478,3088384,2920448,5,1,4,166267,167936,D5,
pair-stage-probes-78332709-diagC/cases/align_b-only_e2e_v6-s912-v5h_s911_diag-fix_age_round/checkpoints,371186,369232,376832,372736,4,1,3,1954,4096,D5,
pair-stage-probes-78332709-diagC/cases/align_b-only_e2e_v6-s912-v5h_s911_diag-fix_age_round/eval_only,863735,319178,864256,319488,2,1,1,544557,544768,D5,
pair-stage-probes-78332709-diagC/cases/align_b-only_e2e_v6-s912-v5h_s911_diag-fix_age_round/frames,0,0,0,0,0,0,0,0,0,,
pair-stage-probes-78332709-diagC/cases/align_b-only_e2e_v6-s912-v5h_s911_diag-fix_age_round/frames/r1,7063111,1173481,7602176,1282048,370,311,59,5889630,6320128,D1,first + >=1 SIM second since last sample + last per stream/episode/leg
pair-stage-probes-78332709-diagC/cases/align_b-only_e2e_v6-s912-v5h_s911_diag-fix_age_round/frames/r2,6469913,800285,7258112,905216,371,326,45,5669628,6352896,D1,first + >=1 SIM second since last sample + last per stream/episode/leg
pair-stage-probes-78332709-diagC/cases/align_b-only_e2e_v6-s912-v5h_s911_diag-fix_age_round/frames/r3,2332440,515592,2334720,516096,190,148,42,1816848,1818624,D1,first + >=1 SIM second since last sample + last per stream/episode/leg
pair-stage-probes-78332709-diagC/cases/align_b-only_e2e_v6-s912-v5h_s912_diag-fix_age_round,3090393,2922633,3096576,2928640,5,1,4,167760,167936,D5,
pair-stage-probes-78332709-diagC/cases/align_b-only_e2e_v6-s912-v5h_s912_diag-fix_age_round/checkpoints,400445,398491,405504,401408,4,1,3,1954,4096,D5,
pair-stage-probes-78332709-diagC/cases/align_b-only_e2e_v6-s912-v5h_s912_diag-fix_age_round/eval_only,863768,319083,864256,319488,2,1,1,544685,544768,D5,
pair-stage-probes-78332709-diagC/cases/align_b-only_e2e_v6-s912-v5h_s912_diag-fix_age_round/frames,0,0,0,0,0,0,0,0,0,,
pair-stage-probes-78332709-diagC/cases/align_b-only_e2e_v6-s912-v5h_s912_diag-fix_age_round/frames/r1,7062216,1173405,7606272,1282048,370,311,59,5888811,6324224,D1,first + >=1 SIM second since last sample + last per stream/episode/leg
pair-stage-probes-78332709-diagC/cases/align_b-only_e2e_v6-s912-v5h_s912_diag-fix_age_round/frames/r2,6484945,798495,7266304,901120,371,326,45,5686450,6365184,D1,first + >=1 SIM second since last sample + last per stream/episode/leg
pair-stage-probes-78332709-diagC/cases/align_b-only_e2e_v6-s912-v5h_s912_diag-fix_age_round/frames/r3,2332440,515592,2334720,516096,190,148,42,1816848,1818624,D1,first + >=1 SIM second since last sample + last per stream/episode/leg
pair-stage-probes-78332709-diagC/cases/align_b-only_e2e_v6-s912-v5h_s913_diag-fix_age_round,3079090,2912823,3088384,2920448,5,1,4,166267,167936,D5,
pair-stage-probes-78332709-diagC/cases/align_b-only_e2e_v6-s912-v5h_s913_diag-fix_age_round/checkpoints,386024,384068,393216,389120,4,1,3,1956,4096,D5,
pair-stage-probes-78332709-diagC/cases/align_b-only_e2e_v6-s912-v5h_s913_diag-fix_age_round/eval_only,863687,319178,864256,319488,2,1,1,544509,544768,D5,
pair-stage-probes-78332709-diagC/cases/align_b-only_e2e_v6-s912-v5h_s913_diag-fix_age_round/frames,0,0,0,0,0,0,0,0,0,,
pair-stage-probes-78332709-diagC/cases/align_b-only_e2e_v6-s912-v5h_s913_diag-fix_age_round/frames/r1,7063111,1173481,7602176,1282048,370,311,59,5889630,6320128,D1,first + >=1 SIM second since last sample + last per stream/episode/leg
pair-stage-probes-78332709-diagC/cases/align_b-only_e2e_v6-s912-v5h_s913_diag-fix_age_round/frames/r2,6469913,800285,7258112,905216,371,326,45,5669628,6352896,D1,first + >=1 SIM second since last sample + last per stream/episode/leg
pair-stage-probes-78332709-diagC/cases/align_b-only_e2e_v6-s912-v5h_s913_diag-fix_age_round/frames/r3,2332440,515592,2334720,516096,190,148,42,1816848,1818624,D1,first + >=1 SIM second since last sample + last per stream/episode/leg
pair-stage-probes-78332709-diagC/cases/align_b-only_teacher_along+_opp_s911_pE2E_diag-fix_age_round,3223959,3051889,3235840,3059712,5,1,4,172070,176128,D5,
pair-stage-probes-78332709-diagC/cases/align_b-only_teacher_along+_opp_s911_pE2E_diag-fix_age_round/checkpoints,385449,383495,393216,389120,4,1,3,1954,4096,D5,
pair-stage-probes-78332709-diagC/cases/align_b-only_teacher_along+_opp_s911_pE2E_diag-fix_age_round/eval_only,892715,330275,897024,331776,2,1,1,562440,565248,D5,
pair-stage-probes-78332709-diagC/cases/align_b-only_teacher_along+_opp_s911_pE2E_diag-fix_age_round/frames,0,0,0,0,0,0,0,0,0,,
pair-stage-probes-78332709-diagC/cases/align_b-only_teacher_along+_opp_s911_pE2E_diag-fix_age_round/frames/r1,7097246,1197182,7569408,1294336,387,326,61,5900064,6275072,D1,first + >=1 SIM second since last sample + last per stream/episode/leg
pair-stage-probes-78332709-diagC/cases/align_b-only_teacher_along+_opp_s911_pE2E_diag-fix_age_round/frames/r2,6779407,826571,7598080,913408,388,342,46,5952836,6684672,D1,first + >=1 SIM second since last sample + last per stream/episode/leg
pair-stage-probes-78332709-diagC/cases/align_b-only_teacher_along+_opp_s911_pE2E_diag-fix_age_round/frames/r3,2445312,540672,2445312,540672,199,155,44,1904640,1904640,D1,first + >=1 SIM second since last sample + last per stream/episode/leg
pair-stage-probes-78332709-diagC/cases/align_b-only_teacher_along+_same_s911_pE2E_diag-fix_age_round,3287805,3101124,3297280,3108864,5,1,4,186681,188416,D5,
pair-stage-probes-78332709-diagC/cases/align_b-only_teacher_along+_same_s911_pE2E_diag-fix_age_round/checkpoints,370766,368812,376832,372736,4,1,3,1954,4096,D5,
pair-stage-probes-78332709-diagC/cases/align_b-only_teacher_along+_same_s911_pE2E_diag-fix_age_round/eval_only,922876,341995,925696,344064,2,1,1,580881,581632,D5,
pair-stage-probes-78332709-diagC/cases/align_b-only_teacher_along+_same_s911_pE2E_diag-fix_age_round/frames,0,0,0,0,0,0,0,0,0,,
pair-stage-probes-78332709-diagC/cases/align_b-only_teacher_along+_same_s911_pE2E_diag-fix_age_round/frames/r1,7477556,1234467,8114176,1347584,400,338,62,6243089,6766592,D1,first + >=1 SIM second since last sample + last per stream/episode/leg
pair-stage-probes-78332709-diagC/cases/align_b-only_teacher_along+_same_s911_pE2E_diag-fix_age_round/frames/r2,6627173,819723,7426048,921600,401,353,48,5807450,6504448,D1,first + >=1 SIM second since last sample + last per stream/episode/leg
pair-stage-probes-78332709-diagC/cases/align_b-only_teacher_along+_same_s911_pE2E_diag-fix_age_round/frames/r3,2519040,552960,2519040,552960,205,160,45,1966080,1966080,D1,first + >=1 SIM second since last sample + last per stream/episode/leg
pair-stage-probes-78332709-diagC/cases/align_b-only_teacher_along-_opp_s911_pE2E_diag-fix_age_round,3307422,3135630,3313664,3141632,5,1,4,171792,172032,D5,
pair-stage-probes-78332709-diagC/cases/align_b-only_teacher_along-_opp_s911_pE2E_diag-fix_age_round/checkpoints,385935,383981,393216,389120,4,1,3,1954,4096,D5,
pair-stage-probes-78332709-diagC/cases/align_b-only_teacher_along-_opp_s911_pE2E_diag-fix_age_round/eval_only,923238,341975,925696,344064,2,1,1,581263,581632,D5,
pair-stage-probes-78332709-diagC/cases/align_b-only_teacher_along-_opp_s911_pE2E_diag-fix_age_round/frames,0,0,0,0,0,0,0,0,0,,
pair-stage-probes-78332709-diagC/cases/align_b-only_teacher_along-_opp_s911_pE2E_diag-fix_age_round/frames/r1,7650678,1248507,8224768,1359872,400,338,62,6402171,6864896,D1,first + >=1 SIM second since last sample + last per stream/episode/leg
pair-stage-probes-78332709-diagC/cases/align_b-only_teacher_along-_opp_s911_pE2E_diag-fix_age_round/frames/r2,6598595,813495,7430144,921600,401,353,48,5785100,6508544,D1,first + >=1 SIM second since last sample + last per stream/episode/leg
pair-stage-probes-78332709-diagC/cases/align_b-only_teacher_along-_opp_s911_pE2E_diag-fix_age_round/frames/r3,2519040,552960,2519040,552960,205,160,45,1966080,1966080,D1,first + >=1 SIM second since last sample + last per stream/episode/leg
pair-stage-probes-78332709-diagC/cases/align_b-only_teacher_along-_same_s911_pE2E_diag-fix_age_round,3342095,3168845,3350528,3174400,5,1,4,173250,176128,D5,
pair-stage-probes-78332709-diagC/cases/align_b-only_teacher_along-_same_s911_pE2E_diag-fix_age_round/checkpoints,370550,368596,376832,372736,4,1,3,1954,4096,D5,
pair-stage-probes-78332709-diagC/cases/align_b-only_teacher_along-_same_s911_pE2E_diag-fix_age_round/eval_only,912928,337577,917504,339968,2,1,1,575351,577536,D5,
pair-stage-probes-78332709-diagC/cases/align_b-only_teacher_along-_same_s911_pE2E_diag-fix_age_round/frames,0,0,0,0,0,0,0,0,0,,
pair-stage-probes-78332709-diagC/cases/align_b-only_teacher_along-_same_s911_pE2E_diag-fix_age_round/frames/r1,7544961,1240650,8134656,1359872,396,334,62,6304311,6774784,D1,first + >=1 SIM second since last sample + last per stream/episode/leg
pair-stage-probes-78332709-diagC/cases/align_b-only_teacher_along-_same_s911_pE2E_diag-fix_age_round/frames/r2,6830114,832329,7634944,921600,397,350,47,5997785,6713344,D1,first + >=1 SIM second since last sample + last per stream/episode/leg
pair-stage-probes-78332709-diagC/cases/align_b-only_teacher_along-_same_s911_pE2E_diag-fix_age_round/frames/r3,2494464,552960,2494464,552960,203,158,45,1941504,1941504,D1,first + >=1 SIM second since last sample + last per stream/episode/leg
pair-stage-probes-78332709-diagC/cases/align_b-only_teacher_corner++_opp_s911_pE2E_diag-fix_age_round,3260880,3087660,3272704,3096576,5,1,4,173220,176128,D5,
pair-stage-probes-78332709-diagC/cases/align_b-only_teacher_corner++_opp_s911_pE2E_diag-fix_age_round/checkpoints,385554,383600,393216,389120,4,1,3,1954,4096,D5,
pair-stage-probes-78332709-diagC/cases/align_b-only_teacher_corner++_opp_s911_pE2E_diag-fix_age_round/eval_only,899470,331761,901120,331776,2,1,1,567709,569344,D5,
pair-stage-probes-78332709-diagC/cases/align_b-only_teacher_corner++_opp_s911_pE2E_diag-fix_age_round/frames,0,0,0,0,0,0,0,0,0,,
pair-stage-probes-78332709-diagC/cases/align_b-only_teacher_corner++_opp_s911_pE2E_diag-fix_age_round/frames/r1,7210346,1186959,7720960,1290240,391,330,61,6023387,6430720,D1,first + >=1 SIM second since last sample + last per stream/episode/leg
pair-stage-probes-78332709-diagC/cases/align_b-only_teacher_corner++_opp_s911_pE2E_diag-fix_age_round/frames/r2,6786916,832500,7569408,921600,392,345,47,5954416,6647808,D1,first + >=1 SIM second since last sample + last per stream/episode/leg
pair-stage-probes-78332709-diagC/cases/align_b-only_teacher_corner++_opp_s911_pE2E_diag-fix_age_round/frames/r3,2469888,540672,2469888,540672,201,157,44,1929216,1929216,D1,first + >=1 SIM second since last sample + last per stream/episode/leg
pair-stage-probes-78332709-diagC/cases/align_b-only_teacher_corner++_same_s911_pE2E_diag-fix_age_round,2190198,2065737,2199552,2072576,5,1,4,124461,126976,D5,
pair-stage-probes-78332709-diagC/cases/align_b-only_teacher_corner++_same_s911_pE2E_diag-fix_age_round/checkpoints,400025,398071,405504,401408,4,1,3,1954,4096,D5,
pair-stage-probes-78332709-diagC/cases/align_b-only_teacher_corner++_same_s911_pE2E_diag-fix_age_round/eval_only,589755,218366,593920,221184,2,1,1,371389,372736,D5,
pair-stage-probes-78332709-diagC/cases/align_b-only_teacher_corner++_same_s911_pE2E_diag-fix_age_round/frames,0,0,0,0,0,0,0,0,0,,
pair-stage-probes-78332709-diagC/cases/align_b-only_teacher_corner++_same_s911_pE2E_diag-fix_age_round/frames/r1,4876839,944044,5312512,1040384,253,207,46,3932795,4272128,D1,first + >=1 SIM second since last sample + last per stream/episode/leg
pair-stage-probes-78332709-diagC/cases/align_b-only_teacher_corner++_same_s911_pE2E_diag-fix_age_round/frames/r2,4445060,597894,4968448,675840,254,222,32,3847166,4292608,D1,first + >=1 SIM second since last sample + last per stream/episode/leg
pair-stage-probes-78332709-diagC/cases/align_b-only_teacher_corner++_same_s911_pE2E_diag-fix_age_round/frames/r3,1622016,380928,1622016,380928,132,101,31,1241088,1241088,D1,first + >=1 SIM second since last sample + last per stream/episode/leg
pair-stage-probes-78332709-diagC/cases/align_b-only_teacher_corner--_opp_s911_pE2E_diag-fix_age_round,2092607,1989790,2101248,1994752,5,1,4,102817,106496,D5,
pair-stage-probes-78332709-diagC/cases/align_b-only_teacher_corner--_opp_s911_pE2E_diag-fix_age_round/checkpoints,385235,383281,393216,389120,4,1,3,1954,4096,D5,
pair-stage-probes-78332709-diagC/cases/align_b-only_teacher_corner--_opp_s911_pE2E_diag-fix_age_round/eval_only,552400,204593,552960,204800,2,1,1,347807,348160,D5,
pair-stage-probes-78332709-diagC/cases/align_b-only_teacher_corner--_opp_s911_pE2E_diag-fix_age_round/frames,0,0,0,0,0,0,0,0,0,,
pair-stage-probes-78332709-diagC/cases/align_b-only_teacher_corner--_opp_s911_pE2E_diag-fix_age_round/frames/r1,4968235,976771,5398528,1077248,236,191,45,3991464,4321280,D1,first + >=1 SIM second since last sample + last per stream/episode/leg
pair-stage-probes-78332709-diagC/cases/align_b-only_teacher_corner--_opp_s911_pE2E_diag-fix_age_round/frames/r2,4044624,537924,4526080,606208,237,207,30,3506700,3919872,D1,first + >=1 SIM second since last sample + last per stream/episode/leg
pair-stage-probes-78332709-diagC/cases/align_b-only_teacher_corner--_opp_s911_pE2E_diag-fix_age_round/frames/r3,1511424,356352,1511424,356352,123,94,29,1155072,1155072,D1,first + >=1 SIM second since last sample + last per stream/episode/leg
pair-stage-probes-78332709-diagC/cases/align_b-only_teacher_corner--_same_s911_pE2E_diag-fix_age_round,2119069,2022256,2129920,2031616,5,1,4,96813,98304,D5,
pair-stage-probes-78332709-diagC/cases/align_b-only_teacher_corner--_same_s911_pE2E_diag-fix_age_round/checkpoints,399675,397721,405504,401408,4,1,3,1954,4096,D5,
pair-stage-probes-78332709-diagC/cases/align_b-only_teacher_corner--_same_s911_pE2E_diag-fix_age_round/eval_only,551775,204179,552960,204800,2,1,1,347596,348160,D5,
pair-stage-probes-78332709-diagC/cases/align_b-only_teacher_corner--_same_s911_pE2E_diag-fix_age_round/frames,0,0,0,0,0,0,0,0,0,,
pair-stage-probes-78332709-diagC/cases/align_b-only_teacher_corner--_same_s911_pE2E_diag-fix_age_round/frames/r1,4927152,968115,5394432,1069056,236,191,45,3959037,4325376,D1,first + >=1 SIM second since last sample + last per stream/episode/leg
pair-stage-probes-78332709-diagC/cases/align_b-only_teacher_corner--_same_s911_pE2E_diag-fix_age_round/frames/r2,4405114,563675,4907008,618496,237,207,30,3841439,4288512,D1,first + >=1 SIM second since last sample + last per stream/episode/leg
pair-stage-probes-78332709-diagC/cases/align_b-only_teacher_corner--_same_s911_pE2E_diag-fix_age_round/frames/r3,1511424,356352,1511424,356352,123,94,29,1155072,1155072,D1,first + >=1 SIM second since last sample + last per stream/episode/leg
pair-stage-probes-78332709-diagC/cases/align_b-only_teacher_lat+_opp_s911_pE2E_diag-fix_age_round,3034805,2869380,3043328,2875392,5,1,4,165425,167936,D5,
pair-stage-probes-78332709-diagC/cases/align_b-only_teacher_lat+_opp_s911_pE2E_diag-fix_age_round/checkpoints,385568,383614,393216,389120,4,1,3,1954,4096,D5,
pair-stage-probes-78332709-diagC/cases/align_b-only_teacher_lat+_opp_s911_pE2E_diag-fix_age_round/eval_only,836351,309548,839680,311296,2,1,1,526803,528384,D5,
pair-stage-probes-78332709-diagC/cases/align_b-only_teacher_lat+_opp_s911_pE2E_diag-fix_age_round/frames,0,0,0,0,0,0,0,0,0,,
pair-stage-probes-78332709-diagC/cases/align_b-only_teacher_lat+_opp_s911_pE2E_diag-fix_age_round/frames/r1,6863399,1149634,7417856,1265664,362,304,58,5713765,6152192,D1,first + >=1 SIM second since last sample + last per stream/episode/leg
pair-stage-probes-78332709-diagC/cases/align_b-only_teacher_lat+_opp_s911_pE2E_diag-fix_age_round/frames/r2,6224184,768504,6946816,847872,363,319,44,5455680,6098944,D1,first + >=1 SIM second since last sample + last per stream/episode/leg
pair-stage-probes-78332709-diagC/cases/align_b-only_teacher_lat+_opp_s911_pE2E_diag-fix_age_round/frames/r3,2285568,503808,2285568,503808,186,145,41,1781760,1781760,D1,first + >=1 SIM second since last sample + last per stream/episode/leg
pair-stage-probes-78332709-diagC/cases/align_b-only_teacher_lat+_same_s911_pE2E_diag-fix_age_round,3035119,2866878,3047424,2875392,5,1,4,168241,172032,D5,
pair-stage-probes-78332709-diagC/cases/align_b-only_teacher_lat+_same_s911_pE2E_diag-fix_age_round/checkpoints,385300,383346,393216,389120,4,1,3,1954,4096,D5,
pair-stage-probes-78332709-diagC/cases/align_b-only_teacher_lat+_same_s911_pE2E_diag-fix_age_round/eval_only,837296,309974,839680,311296,2,1,1,527322,528384,D5,
pair-stage-probes-78332709-diagC/cases/align_b-only_teacher_lat+_same_s911_pE2E_diag-fix_age_round/frames,0,0,0,0,0,0,0,0,0,,
pair-stage-probes-78332709-diagC/cases/align_b-only_teacher_lat+_same_s911_pE2E_diag-fix_age_round/frames/r1,6872680,1151798,7434240,1265664,362,304,58,5720882,6168576,D1,first + >=1 SIM second since last sample + last per stream/episode/leg
pair-stage-probes-78332709-diagC/cases/align_b-only_teacher_lat+_same_s911_pE2E_diag-fix_age_round/frames/r2,6264628,773812,7086080,888832,363,319,44,5490816,6197248,D1,first + >=1 SIM second since last sample + last per stream/episode/leg
pair-stage-probes-78332709-diagC/cases/align_b-only_teacher_lat+_same_s911_pE2E_diag-fix_age_round/frames/r3,2285568,503808,2285568,503808,186,145,41,1781760,1781760,D1,first + >=1 SIM second since last sample + last per stream/episode/leg
pair-stage-probes-78332709-diagC/cases/align_b-only_teacher_lat-_opp_s911_pE2E_diag-fix_age_round,3085995,2913517,3096576,2920448,5,1,4,172478,176128,D5,
pair-stage-probes-78332709-diagC/cases/align_b-only_teacher_lat-_opp_s911_pE2E_diag-fix_age_round/checkpoints,384328,382374,389120,385024,4,1,3,1954,4096,D5,
pair-stage-probes-78332709-diagC/cases/align_b-only_teacher_lat-_opp_s911_pE2E_diag-fix_age_round/eval_only,853511,315768,860160,319488,2,1,1,537743,540672,D5,
pair-stage-probes-78332709-diagC/cases/align_b-only_teacher_lat-_opp_s911_pE2E_diag-fix_age_round/frames,0,0,0,0,0,0,0,0,0,,
pair-stage-probes-78332709-diagC/cases/align_b-only_teacher_lat-_opp_s911_pE2E_diag-fix_age_round/frames/r1,7085303,1191276,7622656,1290240,369,310,59,5894027,6332416,D1,first + >=1 SIM second since last sample + last per stream/episode/leg
pair-stage-probes-78332709-diagC/cases/align_b-only_teacher_lat-_opp_s911_pE2E_diag-fix_age_round/frames/r2,6362385,773601,7155712,876544,370,326,44,5588784,6279168,D1,first + >=1 SIM second since last sample + last per stream/episode/leg
pair-stage-probes-78332709-diagC/cases/align_b-only_teacher_lat-_opp_s911_pE2E_diag-fix_age_round/frames/r3,2334720,516096,2334720,516096,190,148,42,1818624,1818624,D1,first + >=1 SIM second since last sample + last per stream/episode/leg
pair-stage-probes-78332709-diagC/cases/align_b-only_teacher_lat-_same_s911_pE2E_diag-fix_age_round,3172883,3001960,3182592,3010560,5,1,4,170923,172032,D5,
pair-stage-probes-78332709-diagC/cases/align_b-only_teacher_lat-_same_s911_pE2E_diag-fix_age_round/checkpoints,384901,382947,393216,389120,4,1,3,1954,4096,D5,
pair-stage-probes-78332709-diagC/cases/align_b-only_teacher_lat-_same_s911_pE2E_diag-fix_age_round/eval_only,884953,327531,888832,327680,2,1,1,557422,561152,D5,
pair-stage-probes-78332709-diagC/cases/align_b-only_teacher_lat-_same_s911_pE2E_diag-fix_age_round/frames,0,0,0,0,0,0,0,0,0,,
pair-stage-probes-78332709-diagC/cases/align_b-only_teacher_lat-_same_s911_pE2E_diag-fix_age_round/frames/r1,7345330,1207717,7892992,1306624,383,323,60,6137613,6586368,D1,first + >=1 SIM second since last sample + last per stream/episode/leg
pair-stage-probes-78332709-diagC/cases/align_b-only_teacher_lat-_same_s911_pE2E_diag-fix_age_round/frames/r2,6548418,798897,7286784,872448,384,338,46,5749521,6414336,D1,first + >=1 SIM second since last sample + last per stream/episode/leg
pair-stage-probes-78332709-diagC/cases/align_b-only_teacher_lat-_same_s911_pE2E_diag-fix_age_round/frames/r3,2420736,540672,2420736,540672,197,153,44,1880064,1880064,D1,first + >=1 SIM second since last sample + last per stream/episode/leg
pair-stage-probes-78332709-diagC/cases/align_b-only_teacher_nominal_s911_pE2E_diag-fix_age_round,3067788,2896641,3080192,2908160,5,1,4,171147,172032,D5,
pair-stage-probes-78332709-diagC/cases/align_b-only_teacher_nominal_s911_pE2E_diag-fix_age_round/checkpoints,370277,368323,376832,372736,4,1,3,1954,4096,D5,
pair-stage-probes-78332709-diagC/cases/align_b-only_teacher_nominal_s911_pE2E_diag-fix_age_round/eval_only,845339,312877,847872,315392,2,1,1,532462,532480,D5,
pair-stage-probes-78332709-diagC/cases/align_b-only_teacher_nominal_s911_pE2E_diag-fix_age_round/frames,0,0,0,0,0,0,0,0,0,,
pair-stage-probes-78332709-diagC/cases/align_b-only_teacher_nominal_s911_pE2E_diag-fix_age_round/frames/r1,6934920,1175914,7487488,1286144,366,307,59,5759006,6201344,D1,first + >=1 SIM second since last sample + last per stream/episode/leg
pair-stage-probes-78332709-diagC/cases/align_b-only_teacher_nominal_s911_pE2E_diag-fix_age_round/frames/r2,6247940,765499,7081984,872448,367,323,44,5482441,6209536,D1,first + >=1 SIM second since last sample + last per stream/episode/leg
pair-stage-probes-78332709-diagC/cases/align_b-only_teacher_nominal_s911_pE2E_diag-fix_age_round/frames/r3,2310144,516096,2310144,516096,188,146,42,1794048,1794048,D1,first + >=1 SIM second since last sample + last per stream/episode/leg
pair-stage-probes-78332709-diagC/cases/align_b-only_teacher_nominal_s912_pE2E_diag-fix_age_round,3066628,2895481,3076096,2904064,5,1,4,171147,172032,D5,
pair-stage-probes-78332709-diagC/cases/align_b-only_teacher_nominal_s912_pE2E_diag-fix_age_round/checkpoints,385769,383815,393216,389120,4,1,3,1954,4096,D5,
pair-stage-probes-78332709-diagC/cases/align_b-only_teacher_nominal_s912_pE2E_diag-fix_age_round/eval_only,845376,312877,851968,315392,2,1,1,532499,536576,D5,
pair-stage-probes-78332709-diagC/cases/align_b-only_teacher_nominal_s912_pE2E_diag-fix_age_round/frames,0,0,0,0,0,0,0,0,0,,
pair-stage-probes-78332709-diagC/cases/align_b-only_teacher_nominal_s912_pE2E_diag-fix_age_round/frames/r1,6934920,1175914,7487488,1286144,366,307,59,5759006,6201344,D1,first + >=1 SIM second since last sample + last per stream/episode/leg
pair-stage-probes-78332709-diagC/cases/align_b-only_teacher_nominal_s912_pE2E_diag-fix_age_round/frames/r2,6247940,765499,7081984,872448,367,323,44,5482441,6209536,D1,first + >=1 SIM second since last sample + last per stream/episode/leg
pair-stage-probes-78332709-diagC/cases/align_b-only_teacher_nominal_s912_pE2E_diag-fix_age_round/frames/r3,2310144,516096,2310144,516096,188,146,42,1794048,1794048,D1,first + >=1 SIM second since last sample + last per stream/episode/leg
pair-stage-probes-78332709-diagC/cases/align_b-only_teacher_nominal_s913_pE2E_diag-fix_age_round,3067504,2896357,3076096,2904064,5,1,4,171147,172032,D5,
pair-stage-probes-78332709-diagC/cases/align_b-only_teacher_nominal_s913_pE2E_diag-fix_age_round/checkpoints,370654,368698,376832,372736,4,1,3,1956,4096,D5,
pair-stage-probes-78332709-diagC/cases/align_b-only_teacher_nominal_s913_pE2E_diag-fix_age_round/eval_only,845359,312877,851968,315392,2,1,1,532482,536576,D5,
pair-stage-probes-78332709-diagC/cases/align_b-only_teacher_nominal_s913_pE2E_diag-fix_age_round/frames,0,0,0,0,0,0,0,0,0,,
pair-stage-probes-78332709-diagC/cases/align_b-only_teacher_nominal_s913_pE2E_diag-fix_age_round/frames/r1,6934920,1175914,7487488,1286144,366,307,59,5759006,6201344,D1,first + >=1 SIM second since last sample + last per stream/episode/leg
pair-stage-probes-78332709-diagC/cases/align_b-only_teacher_nominal_s913_pE2E_diag-fix_age_round/frames/r2,6247940,765499,7081984,872448,367,323,44,5482441,6209536,D1,first + >=1 SIM second since last sample + last per stream/episode/leg
pair-stage-probes-78332709-diagC/cases/align_b-only_teacher_nominal_s913_pE2E_diag-fix_age_round/frames/r3,2310144,516096,2310144,516096,188,146,42,1794048,1794048,D1,first + >=1 SIM second since last sample + last per stream/episode/leg
pair-stage-probes-78332709-diagC/cases/align_b-only_teacher_yaw+_opp_s911_pE2E_diag-fix_age_round,1869958,1780430,1875968,1785856,5,1,4,89528,90112,D5,
pair-stage-probes-78332709-diagC/cases/align_b-only_teacher_yaw+_opp_s911_pE2E_diag-fix_age_round/checkpoints,369650,367696,376832,372736,4,1,3,1954,4096,D5,
pair-stage-probes-78332709-diagC/cases/align_b-only_teacher_yaw+_opp_s911_pE2E_diag-fix_age_round/eval_only,490809,182039,495616,184320,2,1,1,308770,311296,D5,
pair-stage-probes-78332709-diagC/cases/align_b-only_teacher_yaw+_opp_s911_pE2E_diag-fix_age_round/frames,0,0,0,0,0,0,0,0,0,,
pair-stage-probes-78332709-diagC/cases/align_b-only_teacher_yaw+_opp_s911_pE2E_diag-fix_age_round/frames/r1,4186597,877045,4608000,966656,210,168,42,3309552,3641344,D1,first + >=1 SIM second since last sample + last per stream/episode/leg
pair-stage-probes-78332709-diagC/cases/align_b-only_teacher_yaw+_opp_s911_pE2E_diag-fix_age_round/frames/r2,3989704,540310,4423680,585728,211,183,28,3449394,3837952,D1,first + >=1 SIM second since last sample + last per stream/episode/leg
pair-stage-probes-78332709-diagC/cases/align_b-only_teacher_yaw+_opp_s911_pE2E_diag-fix_age_round/frames/r3,1351680,319488,1351680,319488,110,84,26,1032192,1032192,D1,first + >=1 SIM second since last sample + last per stream/episode/leg
pair-stage-probes-78332709-diagC/cases/align_b-only_teacher_yaw+_same_s911_pE2E_diag-fix_age_round,3007727,2843509,3018752,2850816,5,1,4,164218,167936,D5,
pair-stage-probes-78332709-diagC/cases/align_b-only_teacher_yaw+_same_s911_pE2E_diag-fix_age_round/checkpoints,385082,383128,393216,389120,4,1,3,1954,4096,D5,
pair-stage-probes-78332709-diagC/cases/align_b-only_teacher_yaw+_same_s911_pE2E_diag-fix_age_round/eval_only,831037,307025,831488,307200,2,1,1,524012,524288,D5,
pair-stage-probes-78332709-diagC/cases/align_b-only_teacher_yaw+_same_s911_pE2E_diag-fix_age_round/frames,0,0,0,0,0,0,0,0,0,,
pair-stage-probes-78332709-diagC/cases/align_b-only_teacher_yaw+_same_s911_pE2E_diag-fix_age_round/frames/r1,6847568,1157520,7475200,1273856,360,302,58,5690048,6201344,D1,first + >=1 SIM second since last sample + last per stream/episode/leg
pair-stage-probes-78332709-diagC/cases/align_b-only_teacher_yaw+_same_s911_pE2E_diag-fix_age_round/frames/r2,6162198,777467,6885376,851968,361,317,44,5384731,6033408,D1,first + >=1 SIM second since last sample + last per stream/episode/leg
pair-stage-probes-78332709-diagC/cases/align_b-only_teacher_yaw+_same_s911_pE2E_diag-fix_age_round/frames/r3,2273280,503808,2273280,503808,185,144,41,1769472,1769472,D1,first + >=1 SIM second since last sample + last per stream/episode/leg
pair-stage-probes-78332709-diagC/cases/align_b-only_teacher_yaw-_opp_s911_pE2E_diag-fix_age_round,3104304,2931824,3117056,2940928,5,1,4,172480,176128,D5,
pair-stage-probes-78332709-diagC/cases/align_b-only_teacher_yaw-_opp_s911_pE2E_diag-fix_age_round/checkpoints,369982,368028,376832,372736,4,1,3,1954,4096,D5,
pair-stage-probes-78332709-diagC/cases/align_b-only_teacher_yaw-_opp_s911_pE2E_diag-fix_age_round/eval_only,859648,317832,864256,319488,2,1,1,541816,544768,D5,
pair-stage-probes-78332709-diagC/cases/align_b-only_teacher_yaw-_opp_s911_pE2E_diag-fix_age_round/frames,0,0,0,0,0,0,0,0,0,,
pair-stage-probes-78332709-diagC/cases/align_b-only_teacher_yaw-_opp_s911_pE2E_diag-fix_age_round/frames/r1,7034790,1172584,7634944,1286144,372,313,59,5862206,6348800,D1,first + >=1 SIM second since last sample + last per stream/episode/leg
pair-stage-probes-78332709-diagC/cases/align_b-only_teacher_yaw-_opp_s911_pE2E_diag-fix_age_round/frames/r2,6278540,779009,7016448,860160,373,328,45,5499531,6156288,D1,first + >=1 SIM second since last sample + last per stream/episode/leg
pair-stage-probes-78332709-diagC/cases/align_b-only_teacher_yaw-_opp_s911_pE2E_diag-fix_age_round/frames/r3,2347008,516096,2347008,516096,191,149,42,1830912,1830912,D1,first + >=1 SIM second since last sample + last per stream/episode/leg
pair-stage-probes-78332709-diagC/cases/align_b-only_teacher_yaw-_same_s911_pE2E_diag-fix_age_round,2443730,2315346,2453504,2322432,5,1,4,128384,131072,D5,
pair-stage-probes-78332709-diagC/cases/align_b-only_teacher_yaw-_same_s911_pE2E_diag-fix_age_round/checkpoints,384489,382535,393216,389120,4,1,3,1954,4096,D5,
pair-stage-probes-78332709-diagC/cases/align_b-only_teacher_yaw-_same_s911_pE2E_diag-fix_age_round/eval_only,661387,244826,663552,245760,2,1,1,416561,417792,D5,
pair-stage-probes-78332709-diagC/cases/align_b-only_teacher_yaw-_same_s911_pE2E_diag-fix_age_round/frames,0,0,0,0,0,0,0,0,0,,
pair-stage-probes-78332709-diagC/cases/align_b-only_teacher_yaw-_same_s911_pE2E_diag-fix_age_round/frames/r1,5497356,1015255,5967872,1114112,285,235,50,4482101,4853760,D1,first + >=1 SIM second since last sample + last per stream/episode/leg
pair-stage-probes-78332709-diagC/cases/align_b-only_teacher_yaw-_same_s911_pE2E_diag-fix_age_round/frames/r2,5110403,648527,5709824,708608,286,251,35,4461876,5001216,D1,first + >=1 SIM second since last sample + last per stream/episode/leg
pair-stage-probes-78332709-diagC/cases/align_b-only_teacher_yaw-_same_s911_pE2E_diag-fix_age_round/frames/r3,1818624,417792,1818624,417792,148,114,34,1400832,1400832,D1,first + >=1 SIM second since last sample + last per stream/episode/leg
pair-stage-probes-78332709-v5hctl,2245062,2245062,2256896,2256896,5,0,5,0,0,,
pair-stage-probes-78332709-v5hctl-managed,2699493,2699493,2703360,2703360,2,0,2,0,0,,
pair-stage-probes-78332709-v5hctl/cases,60556,60556,155648,155648,38,0,38,0,0,,
pair-stage-probes-78332709-v5hctl/cases/align_teacher_along+_opp_s911_pE2E,1313394,1236044,1318912,1241088,5,1,4,77350,77824,D5,
pair-stage-probes-78332709-v5hctl/cases/align_teacher_along+_opp_s911_pE2E/checkpoints,340162,338198,348160,344064,4,1,3,1964,4096,D5,
pair-stage-probes-78332709-v5hctl/cases/align_teacher_along+_opp_s911_pE2E/eval_only,469190,469190,471040,471040,2,0,2,0,0,,
pair-stage-probes-78332709-v5hctl/cases/align_teacher_along+_opp_s911_pE2E/frames,0,0,0,0,0,0,0,0,0,,
pair-stage-probes-78332709-v5hctl/cases/align_teacher_along+_opp_s911_pE2E/frames/r1,4118507,861658,4472832,942080,200,159,41,3256849,3530752,D1,first + >=1 SIM second since last sample + last per stream/episode/leg
pair-stage-probes-78332709-v5hctl/cases/align_teacher_along+_opp_s911_pE2E/frames/r2,3768798,507913,4194304,557056,201,174,27,3260885,3637248,D1,first + >=1 SIM second since last sample + last per stream/episode/leg
pair-stage-probes-78332709-v5hctl/cases/align_teacher_along+_opp_s911_pE2E/frames/r3,1290240,307200,1290240,307200,105,80,25,983040,983040,D1,first + >=1 SIM second since last sample + last per stream/episode/leg
pair-stage-probes-78332709-v5hctl/cases/align_teacher_along+_same_s911_pE2E,2068608,2068608,2080768,2080768,5,0,5,0,0,,
pair-stage-probes-78332709-v5hctl/cases/align_teacher_along+_same_s911_pE2E/checkpoints,317310,315346,323584,319488,4,1,3,1964,4096,D5,
pair-stage-probes-78332709-v5hctl/cases/align_teacher_along+_same_s911_pE2E/eval_only,782559,782559,786432,786432,2,0,2,0,0,,
pair-stage-probes-78332709-v5hctl/cases/align_teacher_along+_same_s911_pE2E/frames,0,0,0,0,0,0,0,0,0,,
pair-stage-probes-78332709-v5hctl/cases/align_teacher_along+_same_s911_pE2E/frames/r1,6400247,1104430,6823936,1196032,339,283,56,5295817,5627904,D1,first + >=1 SIM second since last sample + last per stream/episode/leg
pair-stage-probes-78332709-v5hctl/cases/align_teacher_along+_same_s911_pE2E/frames/r2,5356890,676789,6115328,778240,340,299,41,4680101,5337088,D1,first + >=1 SIM second since last sample + last per stream/episode/leg
pair-stage-probes-78332709-v5hctl/cases/align_teacher_along+_same_s911_pE2E/frames/r3,2150400,479232,2150400,479232,175,136,39,1671168,1671168,D1,first + >=1 SIM second since last sample + last per stream/episode/leg
pair-stage-probes-78332709-v5hctl/cases/align_teacher_along-_opp_s911_pE2E,1720696,1720696,1728512,1728512,5,0,5,0,0,,
pair-stage-probes-78332709-v5hctl/cases/align_teacher_along-_opp_s911_pE2E/checkpoints,352955,350991,360448,356352,4,1,3,1964,4096,D5,
pair-stage-probes-78332709-v5hctl/cases/align_teacher_along-_opp_s911_pE2E/eval_only,624688,624688,626688,626688,2,0,2,0,0,,
pair-stage-probes-78332709-v5hctl/cases/align_teacher_along-_opp_s911_pE2E/frames,0,0,0,0,0,0,0,0,0,,
pair-stage-probes-78332709-v5hctl/cases/align_teacher_along-_opp_s911_pE2E/frames/r1,5347379,992498,5849088,1093632,269,221,48,4354881,4755456,D1,first + >=1 SIM second since last sample + last per stream/episode/leg
pair-stage-probes-78332709-v5hctl/cases/align_teacher_along-_opp_s911_pE2E/frames/r2,4418859,568417,5017600,651264,270,237,33,3850442,4366336,D1,first + >=1 SIM second since last sample + last per stream/episode/leg
pair-stage-probes-78332709-v5hctl/cases/align_teacher_along-_opp_s911_pE2E/frames/r3,1720320,393216,1720320,393216,140,108,32,1327104,1327104,D1,first + >=1 SIM second since last sample + last per stream/episode/leg
pair-stage-probes-78332709-v5hctl/cases/align_teacher_along-_same_s911_pE2E,1573286,1573286,1585152,1585152,5,0,5,0,0,,
pair-stage-probes-78332709-v5hctl/cases/align_teacher_along-_same_s911_pE2E/checkpoints,304254,302290,311296,307200,4,1,3,1964,4096,D5,
pair-stage-probes-78332709-v5hctl/cases/align_teacher_along-_same_s911_pE2E/eval_only,559122,559122,561152,561152,2,0,2,0,0,,
pair-stage-probes-78332709-v5hctl/cases/align_teacher_along-_same_s911_pE2E/frames,0,0,0,0,0,0,0,0,0,,
pair-stage-probes-78332709-v5hctl/cases/align_teacher_along-_same_s911_pE2E/frames/r1,4866018,938223,5373952,1044480,240,195,45,3927795,4329472,D1,first + >=1 SIM second since last sample + last per stream/episode/leg
pair-stage-probes-78332709-v5hctl/cases/align_teacher_along-_same_s911_pE2E/frames/r2,4346006,567733,4829184,622592,241,210,31,3778273,4206592,D1,first + >=1 SIM second since last sample + last per stream/episode/leg
pair-stage-probes-78332709-v5hctl/cases/align_teacher_along-_same_s911_pE2E/frames/r3,1536000,356352,1536000,356352,125,96,29,1179648,1179648,D1,first + >=1 SIM second since last sample + last per stream/episode/leg
pair-stage-probes-78332709-v5hctl/cases/align_teacher_corner++_opp_s911_pE2E,1532609,1532609,1540096,1540096,5,0,5,0,0,,
pair-stage-probes-78332709-v5hctl/cases/align_teacher_corner++_opp_s911_pE2E/checkpoints,349219,347255,356352,352256,4,1,3,1964,4096,D5,
pair-stage-probes-78332709-v5hctl/cases/align_teacher_corner++_opp_s911_pE2E/eval_only,557332,557332,561152,561152,2,0,2,0,0,,
pair-stage-probes-78332709-v5hctl/cases/align_teacher_corner++_opp_s911_pE2E/frames,0,0,0,0,0,0,0,0,0,,
pair-stage-probes-78332709-v5hctl/cases/align_teacher_corner++_opp_s911_pE2E/frames/r1,4546662,903343,4972544,1003520,240,195,45,3643319,3969024,D1,first + >=1 SIM second since last sample + last per stream/episode/leg
pair-stage-probes-78332709-v5hctl/cases/align_teacher_corner++_opp_s911_pE2E/frames/r2,4359907,566056,4812800,622592,241,210,31,3793851,4190208,D1,first + >=1 SIM second since last sample + last per stream/episode/leg
pair-stage-probes-78332709-v5hctl/cases/align_teacher_corner++_opp_s911_pE2E/frames/r3,1536000,356352,1536000,356352,125,96,29,1179648,1179648,D1,first + >=1 SIM second since last sample + last per stream/episode/leg
pair-stage-probes-78332709-v5hctl/cases/align_teacher_corner++_same_s911_pE2E,1158834,1080608,1167360,1085440,5,1,4,78226,81920,D5,
pair-stage-probes-78332709-v5hctl/cases/align_teacher_corner++_same_s911_pE2E/checkpoints,297020,295056,303104,299008,4,1,3,1964,4096,D5,
pair-stage-probes-78332709-v5hctl/cases/align_teacher_corner++_same_s911_pE2E/eval_only,426646,426646,430080,430080,2,0,2,0,0,,
pair-stage-probes-78332709-v5hctl/cases/align_teacher_corner++_same_s911_pE2E/frames,0,0,0,0,0,0,0,0,0,,
pair-stage-probes-78332709-v5hctl/cases/align_teacher_corner++_same_s911_pE2E/frames/r1,3689248,825197,4014080,913408,181,142,39,2864051,3100672,D1,first + >=1 SIM second since last sample + last per stream/episode/leg
pair-stage-probes-78332709-v5hctl/cases/align_teacher_corner++_same_s911_pE2E/frames/r2,3286387,470342,3620864,524288,182,157,25,2816045,3096576,D1,first + >=1 SIM second since last sample + last per stream/episode/leg
pair-stage-probes-78332709-v5hctl/cases/align_teacher_corner++_same_s911_pE2E/frames/r3,1179648,282624,1179648,282624,96,73,23,897024,897024,D1,first + >=1 SIM second since last sample + last per stream/episode/leg
pair-stage-probes-78332709-v5hctl/cases/align_teacher_corner--_opp_s911_pE2E,1182745,1182745,1196032,1196032,5,0,5,0,0,,
pair-stage-probes-78332709-v5hctl/cases/align_teacher_corner--_opp_s911_pE2E/checkpoints,327084,325120,331776,327680,4,1,3,1964,4096,D5,
pair-stage-probes-78332709-v5hctl/cases/align_teacher_corner--_opp_s911_pE2E/eval_only,427827,427827,430080,430080,2,0,2,0,0,,
pair-stage-probes-78332709-v5hctl/cases/align_teacher_corner--_opp_s911_pE2E/frames,0,0,0,0,0,0,0,0,0,,
pair-stage-probes-78332709-v5hctl/cases/align_teacher_corner--_opp_s911_pE2E/frames/r1,3863104,847285,4198400,929792,181,142,39,3015819,3268608,D1,first + >=1 SIM second since last sample + last per stream/episode/leg
pair-stage-probes-78332709-v5hctl/cases/align_teacher_corner--_opp_s911_pE2E/frames/r2,3268017,467054,3608576,524288,182,157,25,2800963,3084288,D1,first + >=1 SIM second since last sample + last per stream/episode/leg
pair-stage-probes-78332709-v5hctl/cases/align_teacher_corner--_opp_s911_pE2E/frames/r3,1179648,282624,1179648,282624,96,73,23,897024,897024,D1,first + >=1 SIM second since last sample + last per stream/episode/leg
pair-stage-probes-78332709-v5hctl/cases/align_teacher_corner--_same_s911_pE2E,1564265,1564265,1572864,1572864,5,0,5,0,0,,
pair-stage-probes-78332709-v5hctl/cases/align_teacher_corner--_same_s911_pE2E/checkpoints,291895,289931,299008,294912,4,1,3,1964,4096,D5,
pair-stage-probes-78332709-v5hctl/cases/align_teacher_corner--_same_s911_pE2E/eval_only,559506,559506,561152,561152,2,0,2,0,0,,
pair-stage-probes-78332709-v5hctl/cases/align_teacher_corner--_same_s911_pE2E/frames,0,0,0,0,0,0,0,0,0,,
pair-stage-probes-78332709-v5hctl/cases/align_teacher_corner--_same_s911_pE2E/frames/r1,5014022,963090,5496832,1064960,240,195,45,4050932,4431872,D1,first + >=1 SIM second since last sample + last per stream/episode/leg
pair-stage-probes-78332709-v5hctl/cases/align_teacher_corner--_same_s911_pE2E/frames/r2,4384777,577113,4853760,630784,241,210,31,3807664,4222976,D1,first + >=1 SIM second since last sample + last per stream/episode/leg
pair-stage-probes-78332709-v5hctl/cases/align_teacher_corner--_same_s911_pE2E/frames/r3,1536000,356352,1536000,356352,125,96,29,1179648,1179648,D1,first + >=1 SIM second since last sample + last per stream/episode/leg
pair-stage-probes-78332709-v5hctl/cases/align_teacher_lat+_opp_s911_pE2E,1379902,1379902,1392640,1392640,5,0,5,0,0,,
pair-stage-probes-78332709-v5hctl/cases/align_teacher_lat+_opp_s911_pE2E/checkpoints,310136,308172,315392,311296,4,1,3,1964,4096,D5,
pair-stage-probes-78332709-v5hctl/cases/align_teacher_lat+_opp_s911_pE2E/eval_only,494394,494394,499712,499712,2,0,2,0,0,,
pair-stage-probes-78332709-v5hctl/cases/align_teacher_lat+_opp_s911_pE2E/frames,0,0,0,0,0,0,0,0,0,,
pair-stage-probes-78332709-v5hctl/cases/align_teacher_lat+_opp_s911_pE2E/frames/r1,4277457,878268,4714496,987136,211,169,42,3399189,3727360,D1,first + >=1 SIM second since last sample + last per stream/episode/leg
pair-stage-probes-78332709-v5hctl/cases/align_teacher_lat+_opp_s911_pE2E/frames/r2,3741205,501231,4153344,548864,212,184,28,3239974,3604480,D1,first + >=1 SIM second since last sample + last per stream/episode/leg
pair-stage-probes-78332709-v5hctl/cases/align_teacher_lat+_opp_s911_pE2E/frames/r3,1363968,319488,1363968,319488,111,85,26,1044480,1044480,D1,first + >=1 SIM second since last sample + last per stream/episode/leg
pair-stage-probes-78332709-v5hctl/cases/align_teacher_lat+_same_s911_pE2E,1374891,1280823,1384448,1290240,5,1,4,94068,94208,D5,
pair-stage-probes-78332709-v5hctl/cases/align_teacher_lat+_same_s911_pE2E/checkpoints,307029,305065,315392,311296,4,1,3,1964,4096,D5,
pair-stage-probes-78332709-v5hctl/cases/align_teacher_lat+_same_s911_pE2E/eval_only,494963,494963,499712,499712,2,0,2,0,0,,
pair-stage-probes-78332709-v5hctl/cases/align_teacher_lat+_same_s911_pE2E/frames,0,0,0,0,0,0,0,0,0,,
pair-stage-probes-78332709-v5hctl/cases/align_teacher_lat+_same_s911_pE2E/frames/r1,4285095,879942,4714496,987136,211,169,42,3405153,3727360,D1,first + >=1 SIM second since last sample + last per stream/episode/leg
pair-stage-probes-78332709-v5hctl/cases/align_teacher_lat+_same_s911_pE2E/frames/r2,3832011,520240,4329472,593920,212,184,28,3311771,3735552,D1,first + >=1 SIM second since last sample + last per stream/episode/leg
pair-stage-probes-78332709-v5hctl/cases/align_teacher_lat+_same_s911_pE2E/frames/r3,1363968,319488,1363968,319488,111,85,26,1044480,1044480,D1,first + >=1 SIM second since last sample + last per stream/episode/leg
pair-stage-probes-78332709-v5hctl/cases/align_teacher_lat-_opp_s911_pE2E,2667563,2667563,2678784,2678784,5,0,5,0,0,,
pair-stage-probes-78332709-v5hctl/cases/align_teacher_lat-_opp_s911_pE2E/checkpoints,333516,331552,339968,335872,4,1,3,1964,4096,D5,
pair-stage-probes-78332709-v5hctl/cases/align_teacher_lat-_opp_s911_pE2E/eval_only,1054437,1054437,1056768,1056768,2,0,2,0,0,,
pair-stage-probes-78332709-v5hctl/cases/align_teacher_lat-_opp_s911_pE2E/frames,0,0,0,0,0,0,0,0,0,,
pair-stage-probes-78332709-v5hctl/cases/align_teacher_lat-_opp_s911_pE2E/frames/r1,8612736,1344821,9134080,1437696,459,391,68,7267915,7696384,D1,first + >=1 SIM second since last sample + last per stream/episode/leg
pair-stage-probes-78332709-v5hctl/cases/align_teacher_lat-_opp_s911_pE2E/frames/r2,7475605,891248,8421376,1011712,460,407,53,6584357,7409664,D1,first + >=1 SIM second since last sample + last per stream/episode/leg
pair-stage-probes-78332709-v5hctl/cases/align_teacher_lat-_opp_s911_pE2E/frames/r3,2887680,626688,2887680,626688,235,184,51,2260992,2260992,D1,first + >=1 SIM second since last sample + last per stream/episode/leg
pair-stage-probes-78332709-v5hctl/cases/align_teacher_lat-_same_s911_pE2E,1423127,1321182,1433600,1331200,5,1,4,101945,102400,D5,
pair-stage-probes-78332709-v5hctl/cases/align_teacher_lat-_same_s911_pE2E/checkpoints,353718,351754,360448,356352,4,1,3,1964,4096,D5,
pair-stage-probes-78332709-v5hctl/cases/align_teacher_lat-_same_s911_pE2E/eval_only,517145,517145,520192,520192,2,0,2,0,0,,
pair-stage-probes-78332709-v5hctl/cases/align_teacher_lat-_same_s911_pE2E/frames,0,0,0,0,0,0,0,0,0,,
pair-stage-probes-78332709-v5hctl/cases/align_teacher_lat-_same_s911_pE2E/frames/r1,4491033,912996,4886528,1003520,221,178,43,3578037,3883008,D1,first + >=1 SIM second since last sample + last per stream/episode/leg
pair-stage-probes-78332709-v5hctl/cases/align_teacher_lat-_same_s911_pE2E/frames/r2,3895186,516956,4317184,565248,222,193,29,3378230,3751936,D1,first + >=1 SIM second since last sample + last per stream/episode/leg
pair-stage-probes-78332709-v5hctl/cases/align_teacher_lat-_same_s911_pE2E/frames/r3,1425408,331776,1425408,331776,116,89,27,1093632,1093632,D1,first + >=1 SIM second since last sample + last per stream/episode/leg
pair-stage-probes-78332709-v5hctl/cases/align_teacher_nominal_s911_pE2E,1369127,1278921,1380352,1286144,5,1,4,90206,94208,D5,
pair-stage-probes-78332709-v5hctl/cases/align_teacher_nominal_s911_pE2E/checkpoints,290770,288806,299008,294912,4,1,3,1964,4096,D5,
pair-stage-probes-78332709-v5hctl/cases/align_teacher_nominal_s911_pE2E/eval_only,493908,493908,495616,495616,2,0,2,0,0,,
pair-stage-probes-78332709-v5hctl/cases/align_teacher_nominal_s911_pE2E/frames,0,0,0,0,0,0,0,0,0,,
pair-stage-probes-78332709-v5hctl/cases/align_teacher_nominal_s911_pE2E/frames/r1,4378983,908968,4804608,1003520,211,169,42,3470015,3801088,D1,first + >=1 SIM second since last sample + last per stream/episode/leg
pair-stage-probes-78332709-v5hctl/cases/align_teacher_nominal_s911_pE2E/frames/r2,3787230,513858,4304896,589824,212,184,28,3273372,3715072,D1,first + >=1 SIM second since last sample + last per stream/episode/leg
pair-stage-probes-78332709-v5hctl/cases/align_teacher_nominal_s911_pE2E/frames/r3,1363968,319488,1363968,319488,111,85,26,1044480,1044480,D1,first + >=1 SIM second since last sample + last per stream/episode/leg
pair-stage-probes-78332709-v5hctl/cases/align_teacher_nominal_s912_pE2E,1287304,1287304,1298432,1298432,5,0,5,0,0,,
pair-stage-probes-78332709-v5hctl/cases/align_teacher_nominal_s912_pE2E/checkpoints,296891,296891,303104,303104,4,0,4,0,0,,
pair-stage-probes-78332709-v5hctl/cases/align_teacher_nominal_s912_pE2E/eval_only,456200,456200,458752,458752,2,0,2,0,0,,
pair-stage-probes-78332709-v5hctl/cases/align_teacher_nominal_s912_pE2E/frames,0,0,0,0,0,0,0,0,0,,
pair-stage-probes-78332709-v5hctl/cases/align_teacher_nominal_s912_pE2E/frames/r1,3975041,862472,4358144,954368,194,154,40,3112569,3403776,D1,first + >=1 SIM second since last sample + last per stream/episode/leg
pair-stage-probes-78332709-v5hctl/cases/align_teacher_nominal_s912_pE2E/frames/r2,3504561,478055,3993600,548864,195,169,26,3026506,3444736,D1,first + >=1 SIM second since last sample + last per stream/episode/leg
pair-stage-probes-78332709-v5hctl/cases/align_teacher_nominal_s912_pE2E/frames/r3,1265664,307200,1265664,307200,103,78,25,958464,958464,D1,first + >=1 SIM second since last sample + last per stream/episode/leg
pair-stage-probes-78332709-v5hctl/cases/align_teacher_nominal_s913_pE2E,1373864,1373864,1380352,1380352,5,0,5,0,0,,
pair-stage-probes-78332709-v5hctl/cases/align_teacher_nominal_s913_pE2E/checkpoints,303439,303439,311296,311296,4,0,4,0,0,,
pair-stage-probes-78332709-v5hctl/cases/align_teacher_nominal_s913_pE2E/eval_only,493948,493948,495616,495616,2,0,2,0,0,,
pair-stage-probes-78332709-v5hctl/cases/align_teacher_nominal_s913_pE2E/frames,0,0,0,0,0,0,0,0,0,,
pair-stage-probes-78332709-v5hctl/cases/align_teacher_nominal_s913_pE2E/frames/r1,4288682,888042,4710400,983040,211,169,42,3400640,3727360,D1,first + >=1 SIM second since last sample + last per stream/episode/leg
pair-stage-probes-78332709-v5hctl/cases/align_teacher_nominal_s913_pE2E/frames/r2,3787741,513904,4304896,589824,212,184,28,3273837,3715072,D1,first + >=1 SIM second since last sample + last per stream/episode/leg
pair-stage-probes-78332709-v5hctl/cases/align_teacher_nominal_s913_pE2E/frames/r3,1363968,319488,1363968,319488,111,85,26,1044480,1044480,D1,first + >=1 SIM second since last sample + last per stream/episode/leg
pair-stage-probes-78332709-v5hctl/cases/align_teacher_yaw+_opp_s911_pE2E,1584003,1477285,1597440,1486848,5,1,4,106718,110592,D5,
pair-stage-probes-78332709-v5hctl/cases/align_teacher_yaw+_opp_s911_pE2E/checkpoints,354829,352865,360448,356352,4,1,3,1964,4096,D5,
pair-stage-probes-78332709-v5hctl/cases/align_teacher_yaw+_opp_s911_pE2E/eval_only,594153,594153,598016,598016,2,0,2,0,0,,
pair-stage-probes-78332709-v5hctl/cases/align_teacher_yaw+_opp_s911_pE2E/frames,0,0,0,0,0,0,0,0,0,,
pair-stage-probes-78332709-v5hctl/cases/align_teacher_yaw+_opp_s911_pE2E/frames/r1,5054969,955319,5550080,1048576,256,209,47,4099650,4501504,D1,first + >=1 SIM second since last sample + last per stream/episode/leg
pair-stage-probes-78332709-v5hctl/cases/align_teacher_yaw+_opp_s911_pE2E/frames/r2,4437992,565911,4947968,618496,257,225,32,3872081,4329472,D1,first + >=1 SIM second since last sample + last per stream/episode/leg
pair-stage-probes-78332709-v5hctl/cases/align_teacher_yaw+_opp_s911_pE2E/frames/r3,1634304,380928,1634304,380928,133,102,31,1253376,1253376,D1,first + >=1 SIM second since last sample + last per stream/episode/leg
pair-stage-probes-78332709-v5hctl/cases/align_teacher_yaw+_same_s911_pE2E,1370727,1281112,1380352,1290240,5,1,4,89615,90112,D5,
pair-stage-probes-78332709-v5hctl/cases/align_teacher_yaw+_same_s911_pE2E/checkpoints,290692,288728,299008,294912,4,1,3,1964,4096,D5,
pair-stage-probes-78332709-v5hctl/cases/align_teacher_yaw+_same_s911_pE2E/eval_only,493644,493644,495616,495616,2,0,2,0,0,,
pair-stage-probes-78332709-v5hctl/cases/align_teacher_yaw+_same_s911_pE2E/frames,0,0,0,0,0,0,0,0,0,,
pair-stage-probes-78332709-v5hctl/cases/align_teacher_yaw+_same_s911_pE2E/frames/r1,4306929,884545,4734976,970752,211,169,42,3422384,3764224,D1,first + >=1 SIM second since last sample + last per stream/episode/leg
pair-stage-probes-78332709-v5hctl/cases/align_teacher_yaw+_same_s911_pE2E/frames/r2,3797810,515168,4255744,565248,212,184,28,3282642,3690496,D1,first + >=1 SIM second since last sample + last per stream/episode/leg
pair-stage-probes-78332709-v5hctl/cases/align_teacher_yaw+_same_s911_pE2E/frames/r3,1363968,319488,1363968,319488,111,85,26,1044480,1044480,D1,first + >=1 SIM second since last sample + last per stream/episode/leg
pair-stage-probes-78332709-v5hctl/cases/align_teacher_yaw-_opp_s911_pE2E,1375157,1279461,1388544,1290240,5,1,4,95696,98304,D5,
pair-stage-probes-78332709-v5hctl/cases/align_teacher_yaw-_opp_s911_pE2E/checkpoints,305923,303959,311296,307200,4,1,3,1964,4096,D5,
pair-stage-probes-78332709-v5hctl/cases/align_teacher_yaw-_opp_s911_pE2E/eval_only,494787,494787,495616,495616,2,0,2,0,0,,
pair-stage-probes-78332709-v5hctl/cases/align_teacher_yaw-_opp_s911_pE2E/frames,0,0,0,0,0,0,0,0,0,,
pair-stage-probes-78332709-v5hctl/cases/align_teacher_yaw-_opp_s911_pE2E/frames/r1,4291422,884953,4710400,987136,211,169,42,3406469,3723264,D1,first + >=1 SIM second since last sample + last per stream/episode/leg
pair-stage-probes-78332709-v5hctl/cases/align_teacher_yaw-_opp_s911_pE2E/frames/r2,3801645,515477,4243456,565248,212,184,28,3286168,3678208,D1,first + >=1 SIM second since last sample + last per stream/episode/leg
pair-stage-probes-78332709-v5hctl/cases/align_teacher_yaw-_opp_s911_pE2E/frames/r3,1363968,319488,1363968,319488,111,85,26,1044480,1044480,D1,first + >=1 SIM second since last sample + last per stream/episode/leg
pair-stage-probes-78332709-v5hctl/cases/align_teacher_yaw-_same_s911_pE2E,1405561,1310032,1413120,1314816,5,1,4,95529,98304,D5,
pair-stage-probes-78332709-v5hctl/cases/align_teacher_yaw-_same_s911_pE2E/checkpoints,354107,352143,360448,356352,4,1,3,1964,4096,D5,
pair-stage-probes-78332709-v5hctl/cases/align_teacher_yaw-_same_s911_pE2E/eval_only,507254,507254,512000,512000,2,0,2,0,0,,
pair-stage-probes-78332709-v5hctl/cases/align_teacher_yaw-_same_s911_pE2E/frames,0,0,0,0,0,0,0,0,0,,
pair-stage-probes-78332709-v5hctl/cases/align_teacher_yaw-_same_s911_pE2E/frames/r1,4376634,899545,4804608,1003520,217,174,43,3477089,3801088,D1,first + >=1 SIM second since last sample + last per stream/episode/leg
pair-stage-probes-78332709-v5hctl/cases/align_teacher_yaw-_same_s911_pE2E/frames/r2,3886667,513954,4333568,561152,218,190,28,3372713,3772416,D1,first + >=1 SIM second since last sample + last per stream/episode/leg
pair-stage-probes-78332709-v5hctl/cases/align_teacher_yaw-_same_s911_pE2E/frames/r3,1400832,331776,1400832,331776,114,87,27,1069056,1069056,D1,first + >=1 SIM second since last sample + last per stream/episode/leg
pair-stage-probes-7cecaf9b-fcal2,2764117,2764117,2772992,2772992,5,0,5,0,0,,
pair-stage-probes-7cecaf9b-fcal2/cases,117092,117092,163840,163840,40,0,40,0,0,,
pair-stage-probes-7cecaf9b-fcal2/cases/carry_b-v6e_teacher_lat-_opp_s911_pE2E_L1_Vcal2,2006485,2006485,2015232,2015232,5,0,5,0,0,,
pair-stage-probes-7cecaf9b-fcal2/cases/carry_b-v6e_teacher_lat-_opp_s911_pE2E_L1_Vcal2/checkpoints,341908,339814,352256,348160,4,1,3,2094,4096,D5,
pair-stage-probes-7cecaf9b-fcal2/cases/carry_b-v6e_teacher_lat-_opp_s911_pE2E_L1_Vcal2/eval_only,774166,774166,778240,778240,2,0,2,0,0,,
pair-stage-probes-7cecaf9b-fcal2/cases/carry_b-v6e_teacher_lat-_opp_s911_pE2E_L1_Vcal2/frames,0,0,0,0,0,0,0,0,0,,
pair-stage-probes-7cecaf9b-fcal2/cases/carry_b-v6e_teacher_lat-_opp_s911_pE2E_L1_Vcal2/frames/r1,3230608,610521,3567616,671744,277,229,48,2620087,2895872,D1,first + >=1 SIM second since last sample + last per stream/episode/leg
pair-stage-probes-7cecaf9b-fcal2/cases/carry_b-v6e_teacher_lat-_opp_s911_pE2E_L1_Vcal2/frames/r2,3168163,401345,3526656,450560,277,244,33,2766818,3076096,D1,first + >=1 SIM second since last sample + last per stream/episode/leg
pair-stage-probes-7cecaf9b-fcal2/cases/carry_b-v6e_teacher_lat-_opp_s911_pE2E_L1_Vcal2/frames/r3,2464680,535095,2490368,540672,152,119,33,1929585,1949696,D1,first + >=1 SIM second since last sample + last per stream/episode/leg
pair-stage-probes-7cecaf9b-fcal2/cases/carry_b-v6e_teacher_lat-_opp_s911_pE2E_L2_Vcal2,1670079,1670079,1675264,1675264,5,0,5,0,0,,
pair-stage-probes-7cecaf9b-fcal2/cases/carry_b-v6e_teacher_lat-_opp_s911_pE2E_L2_Vcal2/checkpoints,312578,308507,319488,311296,4,2,2,4071,8192,D5,
pair-stage-probes-7cecaf9b-fcal2/cases/carry_b-v6e_teacher_lat-_opp_s911_pE2E_L2_Vcal2/eval_only,749494,749494,753664,753664,2,0,2,0,0,,
pair-stage-probes-7cecaf9b-fcal2/cases/carry_b-v6e_teacher_lat-_opp_s911_pE2E_L2_Vcal2/frames,0,0,0,0,0,0,0,0,0,,
pair-stage-probes-7cecaf9b-fcal2/cases/carry_b-v6e_teacher_lat-_opp_s911_pE2E_L2_Vcal2/frames/r1,3078182,590282,3416064,651264,268,220,48,2487900,2764800,D1,first + >=1 SIM second since last sample + last per stream/episode/leg
pair-stage-probes-7cecaf9b-fcal2/cases/carry_b-v6e_teacher_lat-_opp_s911_pE2E_L2_Vcal2/frames/r2,3063346,395381,3420160,438272,268,236,32,2667965,2981888,D1,first + >=1 SIM second since last sample + last per stream/episode/leg
pair-stage-probes-7cecaf9b-fcal2/cases/carry_b-v6e_teacher_lat-_opp_s911_pE2E_L2_Vcal2/frames/r3,2383605,518880,2408448,524288,147,115,32,1864725,1884160,D1,first + >=1 SIM second since last sample + last per stream/episode/leg
pair-stage-probes-7cecaf9b-fcal2/cases/carry_b-v6e_teacher_lat-_opp_s911_pE2E_L3_Vcal2,1775961,1775961,1789952,1789952,5,0,5,0,0,,
pair-stage-probes-7cecaf9b-fcal2/cases/carry_b-v6e_teacher_lat-_opp_s911_pE2E_L3_Vcal2/checkpoints,370230,366049,376832,368640,4,2,2,4181,8192,D5,
pair-stage-probes-7cecaf9b-fcal2/cases/carry_b-v6e_teacher_lat-_opp_s911_pE2E_L3_Vcal2/eval_only,685143,685143,688128,688128,2,0,2,0,0,,
pair-stage-probes-7cecaf9b-fcal2/cases/carry_b-v6e_teacher_lat-_opp_s911_pE2E_L3_Vcal2/frames,0,0,0,0,0,0,0,0,0,,
pair-stage-probes-7cecaf9b-fcal2/cases/carry_b-v6e_teacher_lat-_opp_s911_pE2E_L3_Vcal2/frames/r1,2780179,554124,3096576,614400,242,197,45,2226055,2482176,D1,first + >=1 SIM second since last sample + last per stream/episode/leg
pair-stage-probes-7cecaf9b-fcal2/cases/carry_b-v6e_teacher_lat-_opp_s911_pE2E_L3_Vcal2/frames/r2,2768771,361146,3100672,401408,242,213,29,2407625,2699264,D1,first + >=1 SIM second since last sample + last per stream/episode/leg
pair-stage-probes-7cecaf9b-fcal2/cases/carry_b-v6e_teacher_lat-_opp_s911_pE2E_L3_Vcal2/frames/r3,2172810,470235,2195456,475136,134,105,29,1702575,1720320,D1,first + >=1 SIM second since last sample + last per stream/episode/leg
pair-stage-probes-7cecaf9b-fcal2/cases/carry_b-v6e_teacher_lat-_opp_s911_pE2E_L6_Vcal2,1797808,1797808,1806336,1806336,5,0,5,0,0,,
pair-stage-probes-7cecaf9b-fcal2/cases/carry_b-v6e_teacher_lat-_opp_s911_pE2E_L6_Vcal2/checkpoints,366830,364737,376832,372736,4,1,3,2093,4096,D5,
pair-stage-probes-7cecaf9b-fcal2/cases/carry_b-v6e_teacher_lat-_opp_s911_pE2E_L6_Vcal2/eval_only,697509,697509,700416,700416,2,0,2,0,0,,
pair-stage-probes-7cecaf9b-fcal2/cases/carry_b-v6e_teacher_lat-_opp_s911_pE2E_L6_Vcal2/frames,0,0,0,0,0,0,0,0,0,,
pair-stage-probes-7cecaf9b-fcal2/cases/carry_b-v6e_teacher_lat-_opp_s911_pE2E_L6_Vcal2/frames/r1,2833071,554110,3158016,614400,247,202,45,2278961,2543616,D1,first + >=1 SIM second since last sample + last per stream/episode/leg
pair-stage-probes-7cecaf9b-fcal2/cases/carry_b-v6e_teacher_lat-_opp_s911_pE2E_L6_Vcal2/frames/r2,2788643,365285,3158016,413696,247,217,30,2423358,2744320,D1,first + >=1 SIM second since last sample + last per stream/episode/leg
pair-stage-probes-7cecaf9b-fcal2/cases/carry_b-v6e_teacher_lat-_opp_s911_pE2E_L6_Vcal2/frames/r3,2221455,486450,2244608,491520,137,107,30,1735005,1753088,D1,first + >=1 SIM second since last sample + last per stream/episode/leg
pair-stage-probes-7cecaf9b-fcal2/cases/carry_b-v6e_teacher_lat-_opp_s911_pE2E_Vcal2,1741190,1741190,1753088,1753088,5,0,5,0,0,,
pair-stage-probes-7cecaf9b-fcal2/cases/carry_b-v6e_teacher_lat-_opp_s911_pE2E_Vcal2/checkpoints,371928,369835,376832,372736,4,1,3,2093,4096,D5,
pair-stage-probes-7cecaf9b-fcal2/cases/carry_b-v6e_teacher_lat-_opp_s911_pE2E_Vcal2/eval_only,667309,667309,671744,671744,2,0,2,0,0,,
pair-stage-probes-7cecaf9b-fcal2/cases/carry_b-v6e_teacher_lat-_opp_s911_pE2E_Vcal2/frames,0,0,0,0,0,0,0,0,0,,
pair-stage-probes-7cecaf9b-fcal2/cases/carry_b-v6e_teacher_lat-_opp_s911_pE2E_Vcal2/frames/r1,2756200,556166,3026944,606208,236,192,44,2200034,2420736,D1,first + >=1 SIM second since last sample + last per stream/episode/leg
pair-stage-probes-7cecaf9b-fcal2/cases/carry_b-v6e_teacher_lat-_opp_s911_pE2E_Vcal2/frames/r2,2733318,360010,3022848,401408,236,207,29,2373308,2621440,D1,first + >=1 SIM second since last sample + last per stream/episode/leg
pair-stage-probes-7cecaf9b-fcal2/cases/carry_b-v6e_teacher_lat-_opp_s911_pE2E_Vcal2/frames/r3,2124165,470235,2146304,475136,131,102,29,1653930,1671168,D1,first + >=1 SIM second since last sample + last per stream/episode/leg
pair-stage-probes-7cecaf9b-fcal2/cases/carry_b-v6e_teacher_nominal_s911_pE2E_L1_Vcal2,2032710,2032710,2043904,2043904,5,0,5,0,0,,
pair-stage-probes-7cecaf9b-fcal2/cases/carry_b-v6e_teacher_nominal_s911_pE2E_L1_Vcal2/checkpoints,341616,339522,352256,348160,4,1,3,2094,4096,D5,
pair-stage-probes-7cecaf9b-fcal2/cases/carry_b-v6e_teacher_nominal_s911_pE2E_L1_Vcal2/eval_only,778848,778848,782336,782336,2,0,2,0,0,,
pair-stage-probes-7cecaf9b-fcal2/cases/carry_b-v6e_teacher_nominal_s911_pE2E_L1_Vcal2/frames,0,0,0,0,0,0,0,0,0,,
pair-stage-probes-7cecaf9b-fcal2/cases/carry_b-v6e_teacher_nominal_s911_pE2E_L1_Vcal2/frames/r1,3193913,613381,3600384,692224,279,230,49,2580532,2908160,D1,first + >=1 SIM second since last sample + last per stream/episode/leg
pair-stage-probes-7cecaf9b-fcal2/cases/carry_b-v6e_teacher_nominal_s911_pE2E_L1_Vcal2/frames/r2,3168273,398796,3555328,450560,279,246,33,2769477,3104768,D1,first + >=1 SIM second since last sample + last per stream/episode/leg
pair-stage-probes-7cecaf9b-fcal2/cases/carry_b-v6e_teacher_nominal_s911_pE2E_L1_Vcal2/frames/r3,2480895,535095,2506752,540672,153,120,33,1945800,1966080,D1,first + >=1 SIM second since last sample + last per stream/episode/leg
pair-stage-probes-7cecaf9b-fcal2/cases/carry_b-v6e_teacher_nominal_s911_pE2E_L2_Vcal2,1655636,1655636,1662976,1662976,5,0,5,0,0,,
pair-stage-probes-7cecaf9b-fcal2/cases/carry_b-v6e_teacher_nominal_s911_pE2E_L2_Vcal2/checkpoints,312444,308373,319488,311296,4,2,2,4071,8192,D5,
pair-stage-probes-7cecaf9b-fcal2/cases/carry_b-v6e_teacher_nominal_s911_pE2E_L2_Vcal2/eval_only,748770,748770,753664,753664,2,0,2,0,0,,
pair-stage-probes-7cecaf9b-fcal2/cases/carry_b-v6e_teacher_nominal_s911_pE2E_L2_Vcal2/frames,0,0,0,0,0,0,0,0,0,,
pair-stage-probes-7cecaf9b-fcal2/cases/carry_b-v6e_teacher_nominal_s911_pE2E_L2_Vcal2/frames/r1,3019058,582279,3420160,655360,268,220,48,2436779,2764800,D1,first + >=1 SIM second since last sample + last per stream/episode/leg
pair-stage-probes-7cecaf9b-fcal2/cases/carry_b-v6e_teacher_nominal_s911_pE2E_L2_Vcal2/frames/r2,3046020,393758,3420160,438272,268,236,32,2652262,2981888,D1,first + >=1 SIM second since last sample + last per stream/episode/leg
pair-stage-probes-7cecaf9b-fcal2/cases/carry_b-v6e_teacher_nominal_s911_pE2E_L2_Vcal2/frames/r3,2383605,518880,2408448,524288,147,115,32,1864725,1884160,D1,first + >=1 SIM second since last sample + last per stream/episode/leg
pair-stage-probes-7cecaf9b-fcal2/cases/carry_b-v6e_teacher_nominal_s911_pE2E_L3_Vcal2,1779573,1779573,1789952,1789952,5,0,5,0,0,,
pair-stage-probes-7cecaf9b-fcal2/cases/carry_b-v6e_teacher_nominal_s911_pE2E_L3_Vcal2/checkpoints,370192,366011,376832,368640,4,2,2,4181,8192,D5,
pair-stage-probes-7cecaf9b-fcal2/cases/carry_b-v6e_teacher_nominal_s911_pE2E_L3_Vcal2/eval_only,684332,684332,692224,692224,2,0,2,0,0,,
pair-stage-probes-7cecaf9b-fcal2/cases/carry_b-v6e_teacher_nominal_s911_pE2E_L3_Vcal2/frames,0,0,0,0,0,0,0,0,0,,
pair-stage-probes-7cecaf9b-fcal2/cases/carry_b-v6e_teacher_nominal_s911_pE2E_L3_Vcal2/frames/r1,2734033,547977,3100672,618496,242,197,45,2186056,2482176,D1,first + >=1 SIM second since last sample + last per stream/episode/leg
pair-stage-probes-7cecaf9b-fcal2/cases/carry_b-v6e_teacher_nominal_s911_pE2E_L3_Vcal2/frames/r2,2754128,359929,3104768,401408,242,213,29,2394199,2703360,D1,first + >=1 SIM second since last sample + last per stream/episode/leg
pair-stage-probes-7cecaf9b-fcal2/cases/carry_b-v6e_teacher_nominal_s911_pE2E_L3_Vcal2/frames/r3,2172810,470235,2195456,475136,134,105,29,1702575,1720320,D1,first + >=1 SIM second since last sample + last per stream/episode/leg
pair-stage-probes-7cecaf9b-fcal2/cases/carry_b-v6e_teacher_nominal_s911_pE2E_L6_Vcal2,1797983,1797983,1806336,1806336,5,0,5,0,0,,
pair-stage-probes-7cecaf9b-fcal2/cases/carry_b-v6e_teacher_nominal_s911_pE2E_L6_Vcal2/checkpoints,366847,364754,376832,372736,4,1,3,2093,4096,D5,
pair-stage-probes-7cecaf9b-fcal2/cases/carry_b-v6e_teacher_nominal_s911_pE2E_L6_Vcal2/eval_only,696925,696925,700416,700416,2,0,2,0,0,,
pair-stage-probes-7cecaf9b-fcal2/cases/carry_b-v6e_teacher_nominal_s911_pE2E_L6_Vcal2/frames,0,0,0,0,0,0,0,0,0,,
pair-stage-probes-7cecaf9b-fcal2/cases/carry_b-v6e_teacher_nominal_s911_pE2E_L6_Vcal2/frames/r1,2777803,546530,3162112,618496,247,202,45,2231273,2543616,D1,first + >=1 SIM second since last sample + last per stream/episode/leg
pair-stage-probes-7cecaf9b-fcal2/cases/carry_b-v6e_teacher_nominal_s911_pE2E_L6_Vcal2/frames/r2,2768685,363308,3162112,413696,247,217,30,2405377,2748416,D1,first + >=1 SIM second since last sample + last per stream/episode/leg
pair-stage-probes-7cecaf9b-fcal2/cases/carry_b-v6e_teacher_nominal_s911_pE2E_L6_Vcal2/frames/r3,2221455,486450,2244608,491520,137,107,30,1735005,1753088,D1,first + >=1 SIM second since last sample + last per stream/episode/leg
pair-stage-probes-7cecaf9b-fcal2/cases/carry_b-v6e_teacher_nominal_s911_pE2E_Vcal2,1737129,1737129,1748992,1748992,5,0,5,0,0,,
pair-stage-probes-7cecaf9b-fcal2/cases/carry_b-v6e_teacher_nominal_s911_pE2E_Vcal2/checkpoints,371706,369613,376832,372736,4,1,3,2093,4096,D5,
pair-stage-probes-7cecaf9b-fcal2/cases/carry_b-v6e_teacher_nominal_s911_pE2E_Vcal2/eval_only,666695,666695,671744,671744,2,0,2,0,0,,
pair-stage-probes-7cecaf9b-fcal2/cases/carry_b-v6e_teacher_nominal_s911_pE2E_Vcal2/frames,0,0,0,0,0,0,0,0,0,,
pair-stage-probes-7cecaf9b-fcal2/cases/carry_b-v6e_teacher_nominal_s911_pE2E_Vcal2/frames/r1,2712820,549742,3031040,610304,236,192,44,2163078,2420736,D1,first + >=1 SIM second since last sample + last per stream/episode/leg
pair-stage-probes-7cecaf9b-fcal2/cases/carry_b-v6e_teacher_nominal_s911_pE2E_Vcal2/frames/r2,2713040,357851,3026944,401408,236,207,29,2355189,2625536,D1,first + >=1 SIM second since last sample + last per stream/episode/leg
pair-stage-probes-7cecaf9b-fcal2/cases/carry_b-v6e_teacher_nominal_s911_pE2E_Vcal2/frames/r3,2124165,470235,2146304,475136,131,102,29,1653930,1671168,D1,first + >=1 SIM second since last sample + last per stream/episode/leg
pair-stage-probes-7cecaf9b-fcal2/cases/carry_b-v6e_teacher_yaw+_same_s911_pE2E_L1_Vcal2,2026611,2026611,2035712,2035712,5,0,5,0,0,,
pair-stage-probes-7cecaf9b-fcal2/cases/carry_b-v6e_teacher_yaw+_same_s911_pE2E_L1_Vcal2/checkpoints,312136,312136,319488,319488,4,0,4,0,0,,
pair-stage-probes-7cecaf9b-fcal2/cases/carry_b-v6e_teacher_yaw+_same_s911_pE2E_L1_Vcal2/eval_only,777959,777959,782336,782336,2,0,2,0,0,,
pair-stage-probes-7cecaf9b-fcal2/cases/carry_b-v6e_teacher_yaw+_same_s911_pE2E_L1_Vcal2/frames,0,0,0,0,0,0,0,0,0,,
pair-stage-probes-7cecaf9b-fcal2/cases/carry_b-v6e_teacher_yaw+_same_s911_pE2E_L1_Vcal2/frames/r1,3221065,615861,3600384,692224,279,230,49,2605204,2908160,D1,first + >=1 SIM second since last sample + last per stream/episode/leg
pair-stage-probes-7cecaf9b-fcal2/cases/carry_b-v6e_teacher_yaw+_same_s911_pE2E_L1_Vcal2/frames/r2,3188104,400455,3555328,450560,279,246,33,2787649,3104768,D1,first + >=1 SIM second since last sample + last per stream/episode/leg
pair-stage-probes-7cecaf9b-fcal2/cases/carry_b-v6e_teacher_yaw+_same_s911_pE2E_L1_Vcal2/frames/r3,2480895,535095,2506752,540672,153,120,33,1945800,1966080,D1,first + >=1 SIM second since last sample + last per stream/episode/leg
pair-stage-probes-7cecaf9b-fcal2/cases/carry_b-v6e_teacher_yaw+_same_s911_pE2E_L2_Vcal2,1630269,1630269,1638400,1638400,5,0,5,0,0,,
pair-stage-probes-7cecaf9b-fcal2/cases/carry_b-v6e_teacher_yaw+_same_s911_pE2E_L2_Vcal2/checkpoints,312454,312454,319488,319488,4,0,4,0,0,,
pair-stage-probes-7cecaf9b-fcal2/cases/carry_b-v6e_teacher_yaw+_same_s911_pE2E_L2_Vcal2/eval_only,749191,749191,753664,753664,2,0,2,0,0,,
pair-stage-probes-7cecaf9b-fcal2/cases/carry_b-v6e_teacher_yaw+_same_s911_pE2E_L2_Vcal2/frames,0,0,0,0,0,0,0,0,0,,
pair-stage-probes-7cecaf9b-fcal2/cases/carry_b-v6e_teacher_yaw+_same_s911_pE2E_L2_Vcal2/frames/r1,3040816,583921,3420160,655360,268,220,48,2456895,2764800,D1,first + >=1 SIM second since last sample + last per stream/episode/leg
pair-stage-probes-7cecaf9b-fcal2/cases/carry_b-v6e_teacher_yaw+_same_s911_pE2E_L2_Vcal2/frames/r2,3062213,394727,3420160,438272,268,236,32,2667486,2981888,D1,first + >=1 SIM second since last sample + last per stream/episode/leg
pair-stage-probes-7cecaf9b-fcal2/cases/carry_b-v6e_teacher_yaw+_same_s911_pE2E_L2_Vcal2/frames/r3,2383605,518880,2408448,524288,147,115,32,1864725,1884160,D1,first + >=1 SIM second since last sample + last per stream/episode/leg
pair-stage-probes-7cecaf9b-fcal2/cases/carry_b-v6e_teacher_yaw+_same_s911_pE2E_L3_Vcal2,1775891,1775891,1785856,1785856,5,0,5,0,0,,
pair-stage-probes-7cecaf9b-fcal2/cases/carry_b-v6e_teacher_yaw+_same_s911_pE2E_L3_Vcal2/checkpoints,340867,340867,352256,352256,4,0,4,0,0,,
pair-stage-probes-7cecaf9b-fcal2/cases/carry_b-v6e_teacher_yaw+_same_s911_pE2E_L3_Vcal2/eval_only,683729,683729,688128,688128,2,0,2,0,0,,
pair-stage-probes-7cecaf9b-fcal2/cases/carry_b-v6e_teacher_yaw+_same_s911_pE2E_L3_Vcal2/frames,0,0,0,0,0,0,0,0,0,,
pair-stage-probes-7cecaf9b-fcal2/cases/carry_b-v6e_teacher_yaw+_same_s911_pE2E_L3_Vcal2/frames/r1,2756192,549739,3100672,618496,242,197,45,2206453,2482176,D1,first + >=1 SIM second since last sample + last per stream/episode/leg
pair-stage-probes-7cecaf9b-fcal2/cases/carry_b-v6e_teacher_yaw+_same_s911_pE2E_L3_Vcal2/frames/r2,2768388,362240,3104768,401408,242,213,29,2406148,2703360,D1,first + >=1 SIM second since last sample + last per stream/episode/leg
pair-stage-probes-7cecaf9b-fcal2/cases/carry_b-v6e_teacher_yaw+_same_s911_pE2E_L3_Vcal2/frames/r3,2172810,470235,2195456,475136,134,105,29,1702575,1720320,D1,first + >=1 SIM second since last sample + last per stream/episode/leg
pair-stage-probes-7cecaf9b-fcal2/cases/carry_b-v6e_teacher_yaw+_same_s911_pE2E_L6_Vcal2,1797275,1797275,1806336,1806336,5,0,5,0,0,,
pair-stage-probes-7cecaf9b-fcal2/cases/carry_b-v6e_teacher_yaw+_same_s911_pE2E_L6_Vcal2/checkpoints,337592,335498,344064,339968,4,1,3,2094,4096,D5,
pair-stage-probes-7cecaf9b-fcal2/cases/carry_b-v6e_teacher_yaw+_same_s911_pE2E_L6_Vcal2/eval_only,696113,696113,700416,700416,2,0,2,0,0,,
pair-stage-probes-7cecaf9b-fcal2/cases/carry_b-v6e_teacher_yaw+_same_s911_pE2E_L6_Vcal2/frames,0,0,0,0,0,0,0,0,0,,
pair-stage-probes-7cecaf9b-fcal2/cases/carry_b-v6e_teacher_yaw+_same_s911_pE2E_L6_Vcal2/frames/r1,2802889,549094,3162112,618496,247,202,45,2253795,2543616,D1,first + >=1 SIM second since last sample + last per stream/episode/leg
pair-stage-probes-7cecaf9b-fcal2/cases/carry_b-v6e_teacher_yaw+_same_s911_pE2E_L6_Vcal2/frames/r2,2788016,365334,3162112,413696,247,217,30,2422682,2748416,D1,first + >=1 SIM second since last sample + last per stream/episode/leg
pair-stage-probes-7cecaf9b-fcal2/cases/carry_b-v6e_teacher_yaw+_same_s911_pE2E_L6_Vcal2/frames/r3,2221455,486450,2244608,491520,137,107,30,1735005,1753088,D1,first + >=1 SIM second since last sample + last per stream/episode/leg
pair-stage-probes-7cecaf9b-fcal2/cases/carry_b-v6e_teacher_yaw+_same_s911_pE2E_Vcal2,1736317,1736317,1748992,1748992,5,0,5,0,0,,
pair-stage-probes-7cecaf9b-fcal2/cases/carry_b-v6e_teacher_yaw+_same_s911_pE2E_Vcal2/checkpoints,371903,371903,380928,380928,4,0,4,0,0,,
pair-stage-probes-7cecaf9b-fcal2/cases/carry_b-v6e_teacher_yaw+_same_s911_pE2E_Vcal2/eval_only,665889,665889,667648,667648,2,0,2,0,0,,
pair-stage-probes-7cecaf9b-fcal2/cases/carry_b-v6e_teacher_yaw+_same_s911_pE2E_Vcal2/frames,0,0,0,0,0,0,0,0,0,,
pair-stage-probes-7cecaf9b-fcal2/cases/carry_b-v6e_teacher_yaw+_same_s911_pE2E_Vcal2/frames/r1,2732184,551400,3031040,610304,236,192,44,2180784,2420736,D1,first + >=1 SIM second since last sample + last per stream/episode/leg
pair-stage-probes-7cecaf9b-fcal2/cases/carry_b-v6e_teacher_yaw+_same_s911_pE2E_Vcal2/frames/r2,2730440,359502,3026944,401408,236,207,29,2370938,2625536,D1,first + >=1 SIM second since last sample + last per stream/episode/leg
pair-stage-probes-7cecaf9b-fcal2/cases/carry_b-v6e_teacher_yaw+_same_s911_pE2E_Vcal2/frames/r3,2124165,470235,2146304,475136,131,102,29,1653930,1671168,D1,first + >=1 SIM second since last sample + last per stream/episode/leg
pair-stage-probes-7cecaf9b-fcal2/cases/carry_b-v6e_teacher_yaw-_opp_s911_pE2E_L1_Vcal2,2027356,2027356,2035712,2035712,5,0,5,0,0,,
pair-stage-probes-7cecaf9b-fcal2/cases/carry_b-v6e_teacher_yaw-_opp_s911_pE2E_L1_Vcal2/checkpoints,342073,342073,352256,352256,4,0,4,0,0,,
pair-stage-probes-7cecaf9b-fcal2/cases/carry_b-v6e_teacher_yaw-_opp_s911_pE2E_L1_Vcal2/eval_only,779744,779744,786432,786432,2,0,2,0,0,,
pair-stage-probes-7cecaf9b-fcal2/cases/carry_b-v6e_teacher_yaw-_opp_s911_pE2E_L1_Vcal2/frames,0,0,0,0,0,0,0,0,0,,
pair-stage-probes-7cecaf9b-fcal2/cases/carry_b-v6e_teacher_yaw-_opp_s911_pE2E_L1_Vcal2/frames/r1,3220889,616036,3600384,692224,279,230,49,2604853,2908160,D1,first + >=1 SIM second since last sample + last per stream/episode/leg
pair-stage-probes-7cecaf9b-fcal2/cases/carry_b-v6e_teacher_yaw-_opp_s911_pE2E_L1_Vcal2/frames/r2,3188384,400405,3555328,450560,279,246,33,2787979,3104768,D1,first + >=1 SIM second since last sample + last per stream/episode/leg
pair-stage-probes-7cecaf9b-fcal2/cases/carry_b-v6e_teacher_yaw-_opp_s911_pE2E_L1_Vcal2/frames/r3,2480895,535095,2506752,540672,153,120,33,1945800,1966080,D1,first + >=1 SIM second since last sample + last per stream/episode/leg
pair-stage-probes-7cecaf9b-fcal2/cases/carry_b-v6e_teacher_yaw-_opp_s911_pE2E_L2_Vcal2,1625593,1471094,1634304,1478656,5,1,4,154499,155648,D5,
pair-stage-probes-7cecaf9b-fcal2/cases/carry_b-v6e_teacher_yaw-_opp_s911_pE2E_L2_Vcal2/checkpoints,312431,312431,319488,319488,4,0,4,0,0,,
pair-stage-probes-7cecaf9b-fcal2/cases/carry_b-v6e_teacher_yaw-_opp_s911_pE2E_L2_Vcal2/eval_only,749640,749640,753664,753664,2,0,2,0,0,,
pair-stage-probes-7cecaf9b-fcal2/cases/carry_b-v6e_teacher_yaw-_opp_s911_pE2E_L2_Vcal2/frames,0,0,0,0,0,0,0,0,0,,
pair-stage-probes-7cecaf9b-fcal2/cases/carry_b-v6e_teacher_yaw-_opp_s911_pE2E_L2_Vcal2/frames/r1,3047494,585209,3420160,655360,268,220,48,2462285,2764800,D1,first + >=1 SIM second since last sample + last per stream/episode/leg
pair-stage-probes-7cecaf9b-fcal2/cases/carry_b-v6e_teacher_yaw-_opp_s911_pE2E_L2_Vcal2/frames/r2,3062321,394643,3420160,438272,268,236,32,2667678,2981888,D1,first + >=1 SIM second since last sample + last per stream/episode/leg
pair-stage-probes-7cecaf9b-fcal2/cases/carry_b-v6e_teacher_yaw-_opp_s911_pE2E_L2_Vcal2/frames/r3,2383605,518880,2408448,524288,147,115,32,1864725,1884160,D1,first + >=1 SIM second since last sample + last per stream/episode/leg
pair-stage-probes-7cecaf9b-fcal2/cases/carry_b-v6e_teacher_yaw-_opp_s911_pE2E_L3_Vcal2,1780057,1780057,1794048,1794048,5,0,5,0,0,,
pair-stage-probes-7cecaf9b-fcal2/cases/carry_b-v6e_teacher_yaw-_opp_s911_pE2E_L3_Vcal2/checkpoints,341180,339086,352256,348160,4,1,3,2094,4096,D5,
pair-stage-probes-7cecaf9b-fcal2/cases/carry_b-v6e_teacher_yaw-_opp_s911_pE2E_L3_Vcal2/eval_only,685594,685594,692224,692224,2,0,2,0,0,,
pair-stage-probes-7cecaf9b-fcal2/cases/carry_b-v6e_teacher_yaw-_opp_s911_pE2E_L3_Vcal2/frames,0,0,0,0,0,0,0,0,0,,
pair-stage-probes-7cecaf9b-fcal2/cases/carry_b-v6e_teacher_yaw-_opp_s911_pE2E_L3_Vcal2/frames/r1,2759681,550952,3100672,618496,242,197,45,2208729,2482176,D1,first + >=1 SIM second since last sample + last per stream/episode/leg
pair-stage-probes-7cecaf9b-fcal2/cases/carry_b-v6e_teacher_yaw-_opp_s911_pE2E_L3_Vcal2/frames/r2,2772238,362611,3104768,401408,242,213,29,2409627,2703360,D1,first + >=1 SIM second since last sample + last per stream/episode/leg
pair-stage-probes-7cecaf9b-fcal2/cases/carry_b-v6e_teacher_yaw-_opp_s911_pE2E_L3_Vcal2/frames/r3,2172810,470235,2195456,475136,134,105,29,1702575,1720320,D1,first + >=1 SIM second since last sample + last per stream/episode/leg
pair-stage-probes-7cecaf9b-fcal2/cases/carry_b-v6e_teacher_yaw-_opp_s911_pE2E_L6_Vcal2,1797823,1797823,1806336,1806336,5,0,5,0,0,,
pair-stage-probes-7cecaf9b-fcal2/cases/carry_b-v6e_teacher_yaw-_opp_s911_pE2E_L6_Vcal2/checkpoints,307829,307829,315392,315392,4,0,4,0,0,,
pair-stage-probes-7cecaf9b-fcal2/cases/carry_b-v6e_teacher_yaw-_opp_s911_pE2E_L6_Vcal2/eval_only,698068,698068,704512,704512,2,0,2,0,0,,
pair-stage-probes-7cecaf9b-fcal2/cases/carry_b-v6e_teacher_yaw-_opp_s911_pE2E_L6_Vcal2/frames,0,0,0,0,0,0,0,0,0,,
pair-stage-probes-7cecaf9b-fcal2/cases/carry_b-v6e_teacher_yaw-_opp_s911_pE2E_L6_Vcal2/frames/r1,2805282,549873,3162112,618496,247,202,45,2255409,2543616,D1,first + >=1 SIM second since last sample + last per stream/episode/leg
pair-stage-probes-7cecaf9b-fcal2/cases/carry_b-v6e_teacher_yaw-_opp_s911_pE2E_L6_Vcal2/frames/r2,2786829,365405,3162112,413696,247,217,30,2421424,2748416,D1,first + >=1 SIM second since last sample + last per stream/episode/leg
pair-stage-probes-7cecaf9b-fcal2/cases/carry_b-v6e_teacher_yaw-_opp_s911_pE2E_L6_Vcal2/frames/r3,2221455,486450,2244608,491520,137,107,30,1735005,1753088,D1,first + >=1 SIM second since last sample + last per stream/episode/leg
pair-stage-probes-7cecaf9b-fcal2/cases/carry_b-v6e_teacher_yaw-_opp_s911_pE2E_Vcal2,1736671,1736671,1748992,1748992,5,0,5,0,0,,
pair-stage-probes-7cecaf9b-fcal2/cases/carry_b-v6e_teacher_yaw-_opp_s911_pE2E_Vcal2/checkpoints,372330,370237,380928,376832,4,1,3,2093,4096,D5,
pair-stage-probes-7cecaf9b-fcal2/cases/carry_b-v6e_teacher_yaw-_opp_s911_pE2E_Vcal2/eval_only,667624,667624,671744,671744,2,0,2,0,0,,
pair-stage-probes-7cecaf9b-fcal2/cases/carry_b-v6e_teacher_yaw-_opp_s911_pE2E_Vcal2/frames,0,0,0,0,0,0,0,0,0,,
pair-stage-probes-7cecaf9b-fcal2/cases/carry_b-v6e_teacher_yaw-_opp_s911_pE2E_Vcal2/frames/r1,2731618,551571,3031040,610304,236,192,44,2180047,2420736,D1,first + >=1 SIM second since last sample + last per stream/episode/leg
pair-stage-probes-7cecaf9b-fcal2/cases/carry_b-v6e_teacher_yaw-_opp_s911_pE2E_Vcal2/frames/r2,2729007,359422,3026944,401408,236,207,29,2369585,2625536,D1,first + >=1 SIM second since last sample + last per stream/episode/leg
pair-stage-probes-7cecaf9b-fcal2/cases/carry_b-v6e_teacher_yaw-_opp_s911_pE2E_Vcal2/frames/r3,2124165,470235,2146304,475136,131,102,29,1653930,1671168,D1,first + >=1 SIM second since last sample + last per stream/episode/leg
pair-stage-probes-7cecaf9b-fcal3,2723113,2723113,2732032,2732032,5,0,5,0,0,,
pair-stage-probes-7cecaf9b-fcal3/cases,117472,117472,163840,163840,40,0,40,0,0,,
pair-stage-probes-7cecaf9b-fcal3/cases/carry_b-v6e_teacher_lat-_opp_s911_pE2E_L1_Vcal3,2032711,2032711,2043904,2043904,5,0,5,0,0,,
pair-stage-probes-7cecaf9b-fcal3/cases/carry_b-v6e_teacher_lat-_opp_s911_pE2E_L1_Vcal3/checkpoints,313190,313190,319488,319488,4,0,4,0,0,,
pair-stage-probes-7cecaf9b-fcal3/cases/carry_b-v6e_teacher_lat-_opp_s911_pE2E_L1_Vcal3/eval_only,780628,780628,786432,786432,2,0,2,0,0,,
pair-stage-probes-7cecaf9b-fcal3/cases/carry_b-v6e_teacher_lat-_opp_s911_pE2E_L1_Vcal3/frames,0,0,0,0,0,0,0,0,0,,
pair-stage-probes-7cecaf9b-fcal3/cases/carry_b-v6e_teacher_lat-_opp_s911_pE2E_L1_Vcal3/frames/r1,3249541,618627,3592192,684032,279,230,49,2630914,2908160,D1,first + >=1 SIM second since last sample + last per stream/episode/leg
pair-stage-probes-7cecaf9b-fcal3/cases/carry_b-v6e_teacher_lat-_opp_s911_pE2E_L1_Vcal3/frames/r2,3183123,398882,3518464,438272,279,246,33,2784241,3080192,D1,first + >=1 SIM second since last sample + last per stream/episode/leg
pair-stage-probes-7cecaf9b-fcal3/cases/carry_b-v6e_teacher_lat-_opp_s911_pE2E_L1_Vcal3/frames/r3,2480895,535095,2506752,540672,153,120,33,1945800,1966080,D1,first + >=1 SIM second since last sample + last per stream/episode/leg
pair-stage-probes-7cecaf9b-fcal3/cases/carry_b-v6e_teacher_lat-_opp_s911_pE2E_L2_Vcal3,1665485,1510986,1671168,1515520,5,1,4,154499,155648,D5,
pair-stage-probes-7cecaf9b-fcal3/cases/carry_b-v6e_teacher_lat-_opp_s911_pE2E_L2_Vcal3/checkpoints,313213,309142,319488,311296,4,2,2,4071,8192,D5,
pair-stage-probes-7cecaf9b-fcal3/cases/carry_b-v6e_teacher_lat-_opp_s911_pE2E_L2_Vcal3/eval_only,752458,752458,757760,757760,2,0,2,0,0,,
pair-stage-probes-7cecaf9b-fcal3/cases/carry_b-v6e_teacher_lat-_opp_s911_pE2E_L2_Vcal3/frames,0,0,0,0,0,0,0,0,0,,
pair-stage-probes-7cecaf9b-fcal3/cases/carry_b-v6e_teacher_lat-_opp_s911_pE2E_L2_Vcal3/frames/r1,3080052,589671,3416064,651264,268,220,48,2490381,2764800,D1,first + >=1 SIM second since last sample + last per stream/episode/leg
pair-stage-probes-7cecaf9b-fcal3/cases/carry_b-v6e_teacher_lat-_opp_s911_pE2E_L2_Vcal3/frames/r2,3058040,392356,3416064,438272,268,236,32,2665684,2977792,D1,first + >=1 SIM second since last sample + last per stream/episode/leg
pair-stage-probes-7cecaf9b-fcal3/cases/carry_b-v6e_teacher_lat-_opp_s911_pE2E_L2_Vcal3/frames/r3,2383605,518880,2408448,524288,147,115,32,1864725,1884160,D1,first + >=1 SIM second since last sample + last per stream/episode/leg
pair-stage-probes-7cecaf9b-fcal3/cases/carry_b-v6e_teacher_lat-_opp_s911_pE2E_L3_Vcal3,1767392,1767392,1777664,1777664,5,0,5,0,0,,
pair-stage-probes-7cecaf9b-fcal3/cases/carry_b-v6e_teacher_lat-_opp_s911_pE2E_L3_Vcal3/checkpoints,341763,339669,352256,348160,4,1,3,2094,4096,D5,
pair-stage-probes-7cecaf9b-fcal3/cases/carry_b-v6e_teacher_lat-_opp_s911_pE2E_L3_Vcal3/eval_only,685745,685745,688128,688128,2,0,2,0,0,,
pair-stage-probes-7cecaf9b-fcal3/cases/carry_b-v6e_teacher_lat-_opp_s911_pE2E_L3_Vcal3/frames,0,0,0,0,0,0,0,0,0,,
pair-stage-probes-7cecaf9b-fcal3/cases/carry_b-v6e_teacher_lat-_opp_s911_pE2E_L3_Vcal3/frames/r1,2785533,554344,3096576,614400,242,197,45,2231189,2482176,D1,first + >=1 SIM second since last sample + last per stream/episode/leg
pair-stage-probes-7cecaf9b-fcal3/cases/carry_b-v6e_teacher_lat-_opp_s911_pE2E_L3_Vcal3/frames/r2,2772086,361544,3100672,401408,242,213,29,2410542,2699264,D1,first + >=1 SIM second since last sample + last per stream/episode/leg
pair-stage-probes-7cecaf9b-fcal3/cases/carry_b-v6e_teacher_lat-_opp_s911_pE2E_L3_Vcal3/frames/r3,2172810,470235,2195456,475136,134,105,29,1702575,1720320,D1,first + >=1 SIM second since last sample + last per stream/episode/leg
pair-stage-probes-7cecaf9b-fcal3/cases/carry_b-v6e_teacher_lat-_opp_s911_pE2E_L6_Vcal3,1793333,1793333,1802240,1802240,5,0,5,0,0,,
pair-stage-probes-7cecaf9b-fcal3/cases/carry_b-v6e_teacher_lat-_opp_s911_pE2E_L6_Vcal3/checkpoints,337573,335479,344064,339968,4,1,3,2094,4096,D5,
pair-stage-probes-7cecaf9b-fcal3/cases/carry_b-v6e_teacher_lat-_opp_s911_pE2E_L6_Vcal3/eval_only,696098,696098,700416,700416,2,0,2,0,0,,
pair-stage-probes-7cecaf9b-fcal3/cases/carry_b-v6e_teacher_lat-_opp_s911_pE2E_L6_Vcal3/frames,0,0,0,0,0,0,0,0,0,,
pair-stage-probes-7cecaf9b-fcal3/cases/carry_b-v6e_teacher_lat-_opp_s911_pE2E_L6_Vcal3/frames/r1,2828848,553646,3158016,614400,247,202,45,2275202,2543616,D1,first + >=1 SIM second since last sample + last per stream/episode/leg
pair-stage-probes-7cecaf9b-fcal3/cases/carry_b-v6e_teacher_lat-_opp_s911_pE2E_L6_Vcal3/frames/r2,2790788,365430,3162112,413696,247,217,30,2425358,2748416,D1,first + >=1 SIM second since last sample + last per stream/episode/leg
pair-stage-probes-7cecaf9b-fcal3/cases/carry_b-v6e_teacher_lat-_opp_s911_pE2E_L6_Vcal3/frames/r3,2221455,486450,2244608,491520,137,107,30,1735005,1753088,D1,first + >=1 SIM second since last sample + last per stream/episode/leg
pair-stage-probes-7cecaf9b-fcal3/cases/carry_b-v6e_teacher_lat-_opp_s911_pE2E_Vcal3,1544798,1544798,1552384,1552384,5,0,5,0,0,,
pair-stage-probes-7cecaf9b-fcal3/cases/carry_b-v6e_teacher_lat-_opp_s911_pE2E_Vcal3/checkpoints,313110,313110,319488,319488,4,0,4,0,0,,
pair-stage-probes-7cecaf9b-fcal3/cases/carry_b-v6e_teacher_lat-_opp_s911_pE2E_Vcal3/eval_only,601529,601529,606208,606208,2,0,2,0,0,,
pair-stage-probes-7cecaf9b-fcal3/cases/carry_b-v6e_teacher_lat-_opp_s911_pE2E_Vcal3/frames,0,0,0,0,0,0,0,0,0,,
pair-stage-probes-7cecaf9b-fcal3/cases/carry_b-v6e_teacher_lat-_opp_s911_pE2E_Vcal3/frames/r1,2465288,532004,2707456,581632,210,168,42,1933284,2125824,D1,first + >=1 SIM second since last sample + last per stream/episode/leg
pair-stage-probes-7cecaf9b-fcal3/cases/carry_b-v6e_teacher_lat-_opp_s911_pE2E_Vcal3/frames/r2,2436458,323425,2670592,352256,210,184,26,2113033,2318336,D1,first + >=1 SIM second since last sample + last per stream/episode/leg
pair-stage-probes-7cecaf9b-fcal3/cases/carry_b-v6e_teacher_lat-_opp_s911_pE2E_Vcal3/frames/r3,1913370,421590,1933312,425984,118,92,26,1491780,1507328,D1,first + >=1 SIM second since last sample + last per stream/episode/leg
pair-stage-probes-7cecaf9b-fcal3/cases/carry_b-v6e_teacher_nominal_s911_pE2E_L1_Vcal3,2027507,2027507,2035712,2035712,5,0,5,0,0,,
pair-stage-probes-7cecaf9b-fcal3/cases/carry_b-v6e_teacher_nominal_s911_pE2E_L1_Vcal3/checkpoints,342828,340734,352256,348160,4,1,3,2094,4096,D5,
pair-stage-probes-7cecaf9b-fcal3/cases/carry_b-v6e_teacher_nominal_s911_pE2E_L1_Vcal3/eval_only,781737,781737,786432,786432,2,0,2,0,0,,
pair-stage-probes-7cecaf9b-fcal3/cases/carry_b-v6e_teacher_nominal_s911_pE2E_L1_Vcal3/frames,0,0,0,0,0,0,0,0,0,,
pair-stage-probes-7cecaf9b-fcal3/cases/carry_b-v6e_teacher_nominal_s911_pE2E_L1_Vcal3/frames/r1,3170338,608761,3592192,684032,279,230,49,2561577,2908160,D1,first + >=1 SIM second since last sample + last per stream/episode/leg
pair-stage-probes-7cecaf9b-fcal3/cases/carry_b-v6e_teacher_nominal_s911_pE2E_L1_Vcal3/frames/r2,3160904,396281,3522560,438272,279,246,33,2764623,3084288,D1,first + >=1 SIM second since last sample + last per stream/episode/leg
pair-stage-probes-7cecaf9b-fcal3/cases/carry_b-v6e_teacher_nominal_s911_pE2E_L1_Vcal3/frames/r3,2480895,535095,2506752,540672,153,120,33,1945800,1966080,D1,first + >=1 SIM second since last sample + last per stream/episode/leg
pair-stage-probes-7cecaf9b-fcal3/cases/carry_b-v6e_teacher_nominal_s911_pE2E_L2_Vcal3,1660806,1506307,1667072,1511424,5,1,4,154499,155648,D5,
pair-stage-probes-7cecaf9b-fcal3/cases/carry_b-v6e_teacher_nominal_s911_pE2E_L2_Vcal3/checkpoints,313042,308971,319488,311296,4,2,2,4071,8192,D5,
pair-stage-probes-7cecaf9b-fcal3/cases/carry_b-v6e_teacher_nominal_s911_pE2E_L2_Vcal3/eval_only,752690,752690,757760,757760,2,0,2,0,0,,
pair-stage-probes-7cecaf9b-fcal3/cases/carry_b-v6e_teacher_nominal_s911_pE2E_L2_Vcal3/frames,0,0,0,0,0,0,0,0,0,,
pair-stage-probes-7cecaf9b-fcal3/cases/carry_b-v6e_teacher_nominal_s911_pE2E_L2_Vcal3/frames/r1,3005439,580237,3420160,655360,268,220,48,2425202,2764800,D1,first + >=1 SIM second since last sample + last per stream/episode/leg
pair-stage-probes-7cecaf9b-fcal3/cases/carry_b-v6e_teacher_nominal_s911_pE2E_L2_Vcal3/frames/r2,3037195,389424,3420160,438272,268,236,32,2647771,2981888,D1,first + >=1 SIM second since last sample + last per stream/episode/leg
pair-stage-probes-7cecaf9b-fcal3/cases/carry_b-v6e_teacher_nominal_s911_pE2E_L2_Vcal3/frames/r3,2383605,518880,2408448,524288,147,115,32,1864725,1884160,D1,first + >=1 SIM second since last sample + last per stream/episode/leg
pair-stage-probes-7cecaf9b-fcal3/cases/carry_b-v6e_teacher_nominal_s911_pE2E_L3_Vcal3,1771713,1771713,1781760,1781760,5,0,5,0,0,,
pair-stage-probes-7cecaf9b-fcal3/cases/carry_b-v6e_teacher_nominal_s911_pE2E_L3_Vcal3/checkpoints,341409,341409,352256,352256,4,0,4,0,0,,
pair-stage-probes-7cecaf9b-fcal3/cases/carry_b-v6e_teacher_nominal_s911_pE2E_L3_Vcal3/eval_only,686060,686060,688128,688128,2,0,2,0,0,,
pair-stage-probes-7cecaf9b-fcal3/cases/carry_b-v6e_teacher_nominal_s911_pE2E_L3_Vcal3/frames,0,0,0,0,0,0,0,0,0,,
pair-stage-probes-7cecaf9b-fcal3/cases/carry_b-v6e_teacher_nominal_s911_pE2E_L3_Vcal3/frames/r1,2726153,546511,3100672,618496,242,197,45,2179642,2482176,D1,first + >=1 SIM second since last sample + last per stream/episode/leg
pair-stage-probes-7cecaf9b-fcal3/cases/carry_b-v6e_teacher_nominal_s911_pE2E_L3_Vcal3/frames/r2,2755477,359825,3104768,401408,242,213,29,2395652,2703360,D1,first + >=1 SIM second since last sample + last per stream/episode/leg
pair-stage-probes-7cecaf9b-fcal3/cases/carry_b-v6e_teacher_nominal_s911_pE2E_L3_Vcal3/frames/r3,2172810,470235,2195456,475136,134,105,29,1702575,1720320,D1,first + >=1 SIM second since last sample + last per stream/episode/leg
pair-stage-probes-7cecaf9b-fcal3/cases/carry_b-v6e_teacher_nominal_s911_pE2E_L6_Vcal3,1802258,1802258,1810432,1810432,5,0,5,0,0,,
pair-stage-probes-7cecaf9b-fcal3/cases/carry_b-v6e_teacher_nominal_s911_pE2E_L6_Vcal3/checkpoints,337580,335486,344064,339968,4,1,3,2094,4096,D5,
pair-stage-probes-7cecaf9b-fcal3/cases/carry_b-v6e_teacher_nominal_s911_pE2E_L6_Vcal3/eval_only,696290,696290,700416,700416,2,0,2,0,0,,
pair-stage-probes-7cecaf9b-fcal3/cases/carry_b-v6e_teacher_nominal_s911_pE2E_L6_Vcal3/frames,0,0,0,0,0,0,0,0,0,,
pair-stage-probes-7cecaf9b-fcal3/cases/carry_b-v6e_teacher_nominal_s911_pE2E_L6_Vcal3/frames/r1,2758903,544998,3162112,618496,247,202,45,2213905,2543616,D1,first + >=1 SIM second since last sample + last per stream/episode/leg
pair-stage-probes-7cecaf9b-fcal3/cases/carry_b-v6e_teacher_nominal_s911_pE2E_L6_Vcal3/frames/r2,2768912,362838,3162112,413696,247,217,30,2406074,2748416,D1,first + >=1 SIM second since last sample + last per stream/episode/leg
pair-stage-probes-7cecaf9b-fcal3/cases/carry_b-v6e_teacher_nominal_s911_pE2E_L6_Vcal3/frames/r3,2221455,486450,2244608,491520,137,107,30,1735005,1753088,D1,first + >=1 SIM second since last sample + last per stream/episode/leg
pair-stage-probes-7cecaf9b-fcal3/cases/carry_b-v6e_teacher_nominal_s911_pE2E_Vcal3,1580627,1580627,1589248,1589248,5,0,5,0,0,,
pair-stage-probes-7cecaf9b-fcal3/cases/carry_b-v6e_teacher_nominal_s911_pE2E_Vcal3/checkpoints,313100,313100,319488,319488,4,0,4,0,0,,
pair-stage-probes-7cecaf9b-fcal3/cases/carry_b-v6e_teacher_nominal_s911_pE2E_Vcal3/eval_only,611666,611666,614400,614400,2,0,2,0,0,,
pair-stage-probes-7cecaf9b-fcal3/cases/carry_b-v6e_teacher_nominal_s911_pE2E_Vcal3/frames,0,0,0,0,0,0,0,0,0,,
pair-stage-probes-7cecaf9b-fcal3/cases/carry_b-v6e_teacher_nominal_s911_pE2E_Vcal3/frames/r1,2454152,524591,2760704,585728,214,172,42,1929561,2174976,D1,first + >=1 SIM second since last sample + last per stream/episode/leg
pair-stage-probes-7cecaf9b-fcal3/cases/carry_b-v6e_teacher_nominal_s911_pE2E_Vcal3/frames/r2,2460852,332284,2723840,364544,214,187,27,2128568,2359296,D1,first + >=1 SIM second since last sample + last per stream/episode/leg
pair-stage-probes-7cecaf9b-fcal3/cases/carry_b-v6e_teacher_nominal_s911_pE2E_Vcal3/frames/r3,1945800,421590,1966080,425984,120,94,26,1524210,1540096,D1,first + >=1 SIM second since last sample + last per stream/episode/leg
pair-stage-probes-7cecaf9b-fcal3/cases/carry_b-v6e_teacher_yaw+_same_s911_pE2E_L1_Vcal3,2032093,2032093,2043904,2043904,5,0,5,0,0,,
pair-stage-probes-7cecaf9b-fcal3/cases/carry_b-v6e_teacher_yaw+_same_s911_pE2E_L1_Vcal3/checkpoints,342100,340005,352256,348160,4,1,3,2095,4096,D5,
pair-stage-probes-7cecaf9b-fcal3/cases/carry_b-v6e_teacher_yaw+_same_s911_pE2E_L1_Vcal3/eval_only,780488,780488,786432,786432,2,0,2,0,0,,
pair-stage-probes-7cecaf9b-fcal3/cases/carry_b-v6e_teacher_yaw+_same_s911_pE2E_L1_Vcal3/frames,0,0,0,0,0,0,0,0,0,,
pair-stage-probes-7cecaf9b-fcal3/cases/carry_b-v6e_teacher_yaw+_same_s911_pE2E_L1_Vcal3/frames/r1,3200753,610919,3592192,684032,279,230,49,2589834,2908160,D1,first + >=1 SIM second since last sample + last per stream/episode/leg
pair-stage-probes-7cecaf9b-fcal3/cases/carry_b-v6e_teacher_yaw+_same_s911_pE2E_L1_Vcal3/frames/r2,3179570,398117,3522560,438272,279,246,33,2781453,3084288,D1,first + >=1 SIM second since last sample + last per stream/episode/leg
pair-stage-probes-7cecaf9b-fcal3/cases/carry_b-v6e_teacher_yaw+_same_s911_pE2E_L1_Vcal3/frames/r3,2480895,535095,2506752,540672,153,120,33,1945800,1966080,D1,first + >=1 SIM second since last sample + last per stream/episode/leg
pair-stage-probes-7cecaf9b-fcal3/cases/carry_b-v6e_teacher_yaw+_same_s911_pE2E_L2_Vcal3,1670148,1515649,1675264,1519616,5,1,4,154499,155648,D5,
pair-stage-probes-7cecaf9b-fcal3/cases/carry_b-v6e_teacher_yaw+_same_s911_pE2E_L2_Vcal3/checkpoints,313066,308995,319488,311296,4,2,2,4071,8192,D5,
pair-stage-probes-7cecaf9b-fcal3/cases/carry_b-v6e_teacher_yaw+_same_s911_pE2E_L2_Vcal3/eval_only,751964,751964,757760,757760,2,0,2,0,0,,
pair-stage-probes-7cecaf9b-fcal3/cases/carry_b-v6e_teacher_yaw+_same_s911_pE2E_L2_Vcal3/frames,0,0,0,0,0,0,0,0,0,,
pair-stage-probes-7cecaf9b-fcal3/cases/carry_b-v6e_teacher_yaw+_same_s911_pE2E_L2_Vcal3/frames/r1,3035342,582586,3420160,655360,268,220,48,2452756,2764800,D1,first + >=1 SIM second since last sample + last per stream/episode/leg
pair-stage-probes-7cecaf9b-fcal3/cases/carry_b-v6e_teacher_yaw+_same_s911_pE2E_L2_Vcal3/frames/r2,3062717,394354,3420160,438272,268,236,32,2668363,2981888,D1,first + >=1 SIM second since last sample + last per stream/episode/leg
pair-stage-probes-7cecaf9b-fcal3/cases/carry_b-v6e_teacher_yaw+_same_s911_pE2E_L2_Vcal3/frames/r3,2383605,518880,2408448,524288,147,115,32,1864725,1884160,D1,first + >=1 SIM second since last sample + last per stream/episode/leg
pair-stage-probes-7cecaf9b-fcal3/cases/carry_b-v6e_teacher_yaw+_same_s911_pE2E_L3_Vcal3,1766795,1766795,1777664,1777664,5,0,5,0,0,,
pair-stage-probes-7cecaf9b-fcal3/cases/carry_b-v6e_teacher_yaw+_same_s911_pE2E_L3_Vcal3/checkpoints,370784,368689,376832,372736,4,1,3,2095,4096,D5,
pair-stage-probes-7cecaf9b-fcal3/cases/carry_b-v6e_teacher_yaw+_same_s911_pE2E_L3_Vcal3/eval_only,686021,686021,688128,688128,2,0,2,0,0,,
pair-stage-probes-7cecaf9b-fcal3/cases/carry_b-v6e_teacher_yaw+_same_s911_pE2E_L3_Vcal3/frames,0,0,0,0,0,0,0,0,0,,
pair-stage-probes-7cecaf9b-fcal3/cases/carry_b-v6e_teacher_yaw+_same_s911_pE2E_L3_Vcal3/frames/r1,2750046,548988,3100672,618496,242,197,45,2201058,2482176,D1,first + >=1 SIM second since last sample + last per stream/episode/leg
pair-stage-probes-7cecaf9b-fcal3/cases/carry_b-v6e_teacher_yaw+_same_s911_pE2E_L3_Vcal3/frames/r2,2770528,361239,3104768,401408,242,213,29,2409289,2703360,D1,first + >=1 SIM second since last sample + last per stream/episode/leg
pair-stage-probes-7cecaf9b-fcal3/cases/carry_b-v6e_teacher_yaw+_same_s911_pE2E_L3_Vcal3/frames/r3,2172810,470235,2195456,475136,134,105,29,1702575,1720320,D1,first + >=1 SIM second since last sample + last per stream/episode/leg
pair-stage-probes-7cecaf9b-fcal3/cases/carry_b-v6e_teacher_yaw+_same_s911_pE2E_L6_Vcal3,1796541,1796541,1802240,1802240,5,0,5,0,0,,
pair-stage-probes-7cecaf9b-fcal3/cases/carry_b-v6e_teacher_yaw+_same_s911_pE2E_L6_Vcal3/checkpoints,337448,333270,344064,335872,4,2,2,4178,8192,D5,
pair-stage-probes-7cecaf9b-fcal3/cases/carry_b-v6e_teacher_yaw+_same_s911_pE2E_L6_Vcal3/eval_only,696889,696889,700416,700416,2,0,2,0,0,,
pair-stage-probes-7cecaf9b-fcal3/cases/carry_b-v6e_teacher_yaw+_same_s911_pE2E_L6_Vcal3/frames,0,0,0,0,0,0,0,0,0,,
pair-stage-probes-7cecaf9b-fcal3/cases/carry_b-v6e_teacher_yaw+_same_s911_pE2E_L6_Vcal3/frames/r1,2791341,547902,3162112,618496,247,202,45,2243439,2543616,D1,first + >=1 SIM second since last sample + last per stream/episode/leg
pair-stage-probes-7cecaf9b-fcal3/cases/carry_b-v6e_teacher_yaw+_same_s911_pE2E_L6_Vcal3/frames/r2,2788523,365245,3162112,413696,247,217,30,2423278,2748416,D1,first + >=1 SIM second since last sample + last per stream/episode/leg
pair-stage-probes-7cecaf9b-fcal3/cases/carry_b-v6e_teacher_yaw+_same_s911_pE2E_L6_Vcal3/frames/r3,2221455,486450,2244608,491520,137,107,30,1735005,1753088,D1,first + >=1 SIM second since last sample + last per stream/episode/leg
pair-stage-probes-7cecaf9b-fcal3/cases/carry_b-v6e_teacher_yaw+_same_s911_pE2E_Vcal3,1575771,1575771,1585152,1585152,5,0,5,0,0,,
pair-stage-probes-7cecaf9b-fcal3/cases/carry_b-v6e_teacher_yaw+_same_s911_pE2E_Vcal3/checkpoints,342063,342063,352256,352256,4,0,4,0,0,,
pair-stage-probes-7cecaf9b-fcal3/cases/carry_b-v6e_teacher_yaw+_same_s911_pE2E_Vcal3/eval_only,611655,611655,614400,614400,2,0,2,0,0,,
pair-stage-probes-7cecaf9b-fcal3/cases/carry_b-v6e_teacher_yaw+_same_s911_pE2E_Vcal3/frames,0,0,0,0,0,0,0,0,0,,
pair-stage-probes-7cecaf9b-fcal3/cases/carry_b-v6e_teacher_yaw+_same_s911_pE2E_Vcal3/frames/r1,2478794,526852,2760704,585728,214,172,42,1951942,2174976,D1,first + >=1 SIM second since last sample + last per stream/episode/leg
pair-stage-probes-7cecaf9b-fcal3/cases/carry_b-v6e_teacher_yaw+_same_s911_pE2E_Vcal3/frames/r2,2478155,334670,2756608,376832,214,187,27,2143485,2379776,D1,first + >=1 SIM second since last sample + last per stream/episode/leg
pair-stage-probes-7cecaf9b-fcal3/cases/carry_b-v6e_teacher_yaw+_same_s911_pE2E_Vcal3/frames/r3,1945800,421590,1966080,425984,120,94,26,1524210,1540096,D1,first + >=1 SIM second since last sample + last per stream/episode/leg
pair-stage-probes-7cecaf9b-fcal3/cases/carry_b-v6e_teacher_yaw-_opp_s911_pE2E_L1_Vcal3,2032291,2032291,2043904,2043904,5,0,5,0,0,,
pair-stage-probes-7cecaf9b-fcal3/cases/carry_b-v6e_teacher_yaw-_opp_s911_pE2E_L1_Vcal3/checkpoints,372325,370231,380928,376832,4,1,3,2094,4096,D5,
pair-stage-probes-7cecaf9b-fcal3/cases/carry_b-v6e_teacher_yaw-_opp_s911_pE2E_L1_Vcal3/eval_only,781163,781163,786432,786432,2,0,2,0,0,,
pair-stage-probes-7cecaf9b-fcal3/cases/carry_b-v6e_teacher_yaw-_opp_s911_pE2E_L1_Vcal3/frames,0,0,0,0,0,0,0,0,0,,
pair-stage-probes-7cecaf9b-fcal3/cases/carry_b-v6e_teacher_yaw-_opp_s911_pE2E_L1_Vcal3/frames/r1,3216612,614014,3592192,684032,279,230,49,2602598,2908160,D1,first + >=1 SIM second since last sample + last per stream/episode/leg
pair-stage-probes-7cecaf9b-fcal3/cases/carry_b-v6e_teacher_yaw-_opp_s911_pE2E_L1_Vcal3/frames/r2,3179569,397899,3522560,438272,279,246,33,2781670,3084288,D1,first + >=1 SIM second since last sample + last per stream/episode/leg
pair-stage-probes-7cecaf9b-fcal3/cases/carry_b-v6e_teacher_yaw-_opp_s911_pE2E_L1_Vcal3/frames/r3,2480895,535095,2506752,540672,153,120,33,1945800,1966080,D1,first + >=1 SIM second since last sample + last per stream/episode/leg
pair-stage-probes-7cecaf9b-fcal3/cases/carry_b-v6e_teacher_yaw-_opp_s911_pE2E_L2_Vcal3,1670142,1515643,1675264,1519616,5,1,4,154499,155648,D5,
pair-stage-probes-7cecaf9b-fcal3/cases/carry_b-v6e_teacher_yaw-_opp_s911_pE2E_L2_Vcal3/checkpoints,313153,309082,319488,311296,4,2,2,4071,8192,D5,
pair-stage-probes-7cecaf9b-fcal3/cases/carry_b-v6e_teacher_yaw-_opp_s911_pE2E_L2_Vcal3/eval_only,753293,753293,757760,757760,2,0,2,0,0,,
pair-stage-probes-7cecaf9b-fcal3/cases/carry_b-v6e_teacher_yaw-_opp_s911_pE2E_L2_Vcal3/frames,0,0,0,0,0,0,0,0,0,,
pair-stage-probes-7cecaf9b-fcal3/cases/carry_b-v6e_teacher_yaw-_opp_s911_pE2E_L2_Vcal3/frames/r1,3044473,584255,3420160,655360,268,220,48,2460218,2764800,D1,first + >=1 SIM second since last sample + last per stream/episode/leg
pair-stage-probes-7cecaf9b-fcal3/cases/carry_b-v6e_teacher_yaw-_opp_s911_pE2E_L2_Vcal3/frames/r2,3062849,394340,3420160,438272,268,236,32,2668509,2981888,D1,first + >=1 SIM second since last sample + last per stream/episode/leg
pair-stage-probes-7cecaf9b-fcal3/cases/carry_b-v6e_teacher_yaw-_opp_s911_pE2E_L2_Vcal3/frames/r3,2383605,518880,2408448,524288,147,115,32,1864725,1884160,D1,first + >=1 SIM second since last sample + last per stream/episode/leg
pair-stage-probes-7cecaf9b-fcal3/cases/carry_b-v6e_teacher_yaw-_opp_s911_pE2E_L3_Vcal3,1771542,1771542,1781760,1781760,5,0,5,0,0,,
pair-stage-probes-7cecaf9b-fcal3/cases/carry_b-v6e_teacher_yaw-_opp_s911_pE2E_L3_Vcal3/checkpoints,371153,366971,376832,368640,4,2,2,4182,8192,D5,
pair-stage-probes-7cecaf9b-fcal3/cases/carry_b-v6e_teacher_yaw-_opp_s911_pE2E_L3_Vcal3/eval_only,686556,686556,692224,692224,2,0,2,0,0,,
pair-stage-probes-7cecaf9b-fcal3/cases/carry_b-v6e_teacher_yaw-_opp_s911_pE2E_L3_Vcal3/frames,0,0,0,0,0,0,0,0,0,,
pair-stage-probes-7cecaf9b-fcal3/cases/carry_b-v6e_teacher_yaw-_opp_s911_pE2E_L3_Vcal3/frames/r1,2759032,550073,3100672,618496,242,197,45,2208959,2482176,D1,first + >=1 SIM second since last sample + last per stream/episode/leg
pair-stage-probes-7cecaf9b-fcal3/cases/carry_b-v6e_teacher_yaw-_opp_s911_pE2E_L3_Vcal3/frames/r2,2772313,361661,3104768,401408,242,213,29,2410652,2703360,D1,first + >=1 SIM second since last sample + last per stream/episode/leg
pair-stage-probes-7cecaf9b-fcal3/cases/carry_b-v6e_teacher_yaw-_opp_s911_pE2E_L3_Vcal3/frames/r3,2172810,470235,2195456,475136,134,105,29,1702575,1720320,D1,first + >=1 SIM second since last sample + last per stream/episode/leg
pair-stage-probes-7cecaf9b-fcal3/cases/carry_b-v6e_teacher_yaw-_opp_s911_pE2E_L6_Vcal3,1801580,1801580,1810432,1810432,5,0,5,0,0,,
pair-stage-probes-7cecaf9b-fcal3/cases/carry_b-v6e_teacher_yaw-_opp_s911_pE2E_L6_Vcal3/checkpoints,337368,335274,344064,339968,4,1,3,2094,4096,D5,
pair-stage-probes-7cecaf9b-fcal3/cases/carry_b-v6e_teacher_yaw-_opp_s911_pE2E_L6_Vcal3/eval_only,697825,697825,700416,700416,2,0,2,0,0,,
pair-stage-probes-7cecaf9b-fcal3/cases/carry_b-v6e_teacher_yaw-_opp_s911_pE2E_L6_Vcal3/frames,0,0,0,0,0,0,0,0,0,,
pair-stage-probes-7cecaf9b-fcal3/cases/carry_b-v6e_teacher_yaw-_opp_s911_pE2E_L6_Vcal3/frames/r1,2793742,548556,3162112,618496,247,202,45,2245186,2543616,D1,first + >=1 SIM second since last sample + last per stream/episode/leg
pair-stage-probes-7cecaf9b-fcal3/cases/carry_b-v6e_teacher_yaw-_opp_s911_pE2E_L6_Vcal3/frames/r2,2788834,365348,3162112,413696,247,217,30,2423486,2748416,D1,first + >=1 SIM second since last sample + last per stream/episode/leg
pair-stage-probes-7cecaf9b-fcal3/cases/carry_b-v6e_teacher_yaw-_opp_s911_pE2E_L6_Vcal3/frames/r3,2221455,486450,2244608,491520,137,107,30,1735005,1753088,D1,first + >=1 SIM second since last sample + last per stream/episode/leg
pair-stage-probes-7cecaf9b-fcal3/cases/carry_b-v6e_teacher_yaw-_opp_s911_pE2E_Vcal3,1576826,1576826,1589248,1589248,5,0,5,0,0,,
pair-stage-probes-7cecaf9b-fcal3/cases/carry_b-v6e_teacher_yaw-_opp_s911_pE2E_Vcal3/checkpoints,372238,372238,376832,376832,4,0,4,0,0,,
pair-stage-probes-7cecaf9b-fcal3/cases/carry_b-v6e_teacher_yaw-_opp_s911_pE2E_Vcal3/eval_only,612114,612114,618496,618496,2,0,2,0,0,,
pair-stage-probes-7cecaf9b-fcal3/cases/carry_b-v6e_teacher_yaw-_opp_s911_pE2E_Vcal3/frames,0,0,0,0,0,0,0,0,0,,
pair-stage-probes-7cecaf9b-fcal3/cases/carry_b-v6e_teacher_yaw-_opp_s911_pE2E_Vcal3/frames/r1,2483242,527226,2760704,585728,214,172,42,1956016,2174976,D1,first + >=1 SIM second since last sample + last per stream/episode/leg
pair-stage-probes-7cecaf9b-fcal3/cases/carry_b-v6e_teacher_yaw-_opp_s911_pE2E_Vcal3/frames/r2,2479118,334925,2756608,376832,214,187,27,2144193,2379776,D1,first + >=1 SIM second since last sample + last per stream/episode/leg
pair-stage-probes-7cecaf9b-fcal3/cases/carry_b-v6e_teacher_yaw-_opp_s911_pE2E_Vcal3/frames/r3,1945800,421590,1966080,425984,120,94,26,1524210,1540096,D1,first + >=1 SIM second since last sample + last per stream/episode/leg
pair-stage-probes-7cecaf9b-fcal4,2492248,2492248,2502656,2502656,5,0,5,0,0,,
pair-stage-probes-7cecaf9b-fcal4/cases,117050,117050,163840,163840,40,0,40,0,0,,
pair-stage-probes-7cecaf9b-fcal4/cases/carry_b-v6e_teacher_lat-_opp_s911_pE2E_L1_Vcal4,299696,299696,307200,307200,5,0,5,0,0,,
pair-stage-probes-7cecaf9b-fcal4/cases/carry_b-v6e_teacher_lat-_opp_s911_pE2E_L1_Vcal4/checkpoints,340391,338296,352256,348160,4,1,3,2095,4096,D5,
pair-stage-probes-7cecaf9b-fcal4/cases/carry_b-v6e_teacher_lat-_opp_s911_pE2E_L1_Vcal4/eval_only,131989,131989,135168,135168,2,0,2,0,0,,
pair-stage-probes-7cecaf9b-fcal4/cases/carry_b-v6e_teacher_lat-_opp_s911_pE2E_L1_Vcal4/frames,0,0,0,0,0,0,0,0,0,,
pair-stage-probes-7cecaf9b-fcal4/cases/carry_b-v6e_teacher_lat-_opp_s911_pE2E_L1_Vcal4/frames/r1,491212,256877,536576,282624,30,14,16,234335,253952,D1,first + >=1 SIM second since last sample + last per stream/episode/leg
pair-stage-probes-7cecaf9b-fcal4/cases/carry_b-v6e_teacher_lat-_opp_s911_pE2E_L1_Vcal4/frames/r2,439036,126016,491520,143360,30,22,8,313020,348160,D1,first + >=1 SIM second since last sample + last per stream/episode/leg
pair-stage-probes-7cecaf9b-fcal4/cases/carry_b-v6e_teacher_lat-_opp_s911_pE2E_L1_Vcal4/frames/r3,454020,129720,458752,131072,28,20,8,324300,327680,D1,first + >=1 SIM second since last sample + last per stream/episode/leg
pair-stage-probes-7cecaf9b-fcal4/cases/carry_b-v6e_teacher_lat-_opp_s911_pE2E_L2_Vcal4,1807016,1807016,1814528,1814528,5,0,5,0,0,,
pair-stage-probes-7cecaf9b-fcal4/cases/carry_b-v6e_teacher_lat-_opp_s911_pE2E_L2_Vcal4/checkpoints,312354,312354,319488,319488,4,0,4,0,0,,
pair-stage-probes-7cecaf9b-fcal4/cases/carry_b-v6e_teacher_lat-_opp_s911_pE2E_L2_Vcal4/eval_only,749231,749231,753664,753664,2,0,2,0,0,,
pair-stage-probes-7cecaf9b-fcal4/cases/carry_b-v6e_teacher_lat-_opp_s911_pE2E_L2_Vcal4/frames,0,0,0,0,0,0,0,0,0,,
pair-stage-probes-7cecaf9b-fcal4/cases/carry_b-v6e_teacher_lat-_opp_s911_pE2E_L2_Vcal4/frames/r1,3075158,589545,3416064,651264,268,220,48,2485613,2764800,D1,first + >=1 SIM second since last sample + last per stream/episode/leg
pair-stage-probes-7cecaf9b-fcal4/cases/carry_b-v6e_teacher_lat-_opp_s911_pE2E_L2_Vcal4/frames/r2,3076562,400226,3420160,438272,268,236,32,2676336,2981888,D1,first + >=1 SIM second since last sample + last per stream/episode/leg
pair-stage-probes-7cecaf9b-fcal4/cases/carry_b-v6e_teacher_lat-_opp_s911_pE2E_L2_Vcal4/frames/r3,2383605,518880,2408448,524288,147,115,32,1864725,1884160,D1,first + >=1 SIM second since last sample + last per stream/episode/leg
pair-stage-probes-7cecaf9b-fcal4/cases/carry_b-v6e_teacher_lat-_opp_s911_pE2E_L3_Vcal4,1775364,1775364,1785856,1785856,5,0,5,0,0,,
pair-stage-probes-7cecaf9b-fcal4/cases/carry_b-v6e_teacher_lat-_opp_s911_pE2E_L3_Vcal4/checkpoints,310856,308761,319488,315392,4,1,3,2095,4096,D5,
pair-stage-probes-7cecaf9b-fcal4/cases/carry_b-v6e_teacher_lat-_opp_s911_pE2E_L3_Vcal4/eval_only,683017,683017,688128,688128,2,0,2,0,0,,
pair-stage-probes-7cecaf9b-fcal4/cases/carry_b-v6e_teacher_lat-_opp_s911_pE2E_L3_Vcal4/frames,0,0,0,0,0,0,0,0,0,,
pair-stage-probes-7cecaf9b-fcal4/cases/carry_b-v6e_teacher_lat-_opp_s911_pE2E_L3_Vcal4/frames/r1,2774242,553679,3096576,614400,242,197,45,2220563,2482176,D1,first + >=1 SIM second since last sample + last per stream/episode/leg
pair-stage-probes-7cecaf9b-fcal4/cases/carry_b-v6e_teacher_lat-_opp_s911_pE2E_L3_Vcal4/frames/r2,2763311,359521,3100672,401408,242,213,29,2403790,2699264,D1,first + >=1 SIM second since last sample + last per stream/episode/leg
pair-stage-probes-7cecaf9b-fcal4/cases/carry_b-v6e_teacher_lat-_opp_s911_pE2E_L3_Vcal4/frames/r3,2172810,470235,2195456,475136,134,105,29,1702575,1720320,D1,first + >=1 SIM second since last sample + last per stream/episode/leg
pair-stage-probes-7cecaf9b-fcal4/cases/carry_b-v6e_teacher_lat-_opp_s911_pE2E_L6_Vcal4,1793102,1793102,1802240,1802240,5,0,5,0,0,,
pair-stage-probes-7cecaf9b-fcal4/cases/carry_b-v6e_teacher_lat-_opp_s911_pE2E_L6_Vcal4/checkpoints,337288,335194,344064,339968,4,1,3,2094,4096,D5,
pair-stage-probes-7cecaf9b-fcal4/cases/carry_b-v6e_teacher_lat-_opp_s911_pE2E_L6_Vcal4/eval_only,695831,695831,700416,700416,2,0,2,0,0,,
pair-stage-probes-7cecaf9b-fcal4/cases/carry_b-v6e_teacher_lat-_opp_s911_pE2E_L6_Vcal4/frames,0,0,0,0,0,0,0,0,0,,
pair-stage-probes-7cecaf9b-fcal4/cases/carry_b-v6e_teacher_lat-_opp_s911_pE2E_L6_Vcal4/frames/r1,2833713,554312,3158016,614400,247,202,45,2279401,2543616,D1,first + >=1 SIM second since last sample + last per stream/episode/leg
pair-stage-probes-7cecaf9b-fcal4/cases/carry_b-v6e_teacher_lat-_opp_s911_pE2E_L6_Vcal4/frames/r2,2780163,362859,3158016,413696,247,217,30,2417304,2744320,D1,first + >=1 SIM second since last sample + last per stream/episode/leg
pair-stage-probes-7cecaf9b-fcal4/cases/carry_b-v6e_teacher_lat-_opp_s911_pE2E_L6_Vcal4/frames/r3,2221455,486450,2244608,491520,137,107,30,1735005,1753088,D1,first + >=1 SIM second since last sample + last per stream/episode/leg
pair-stage-probes-7cecaf9b-fcal4/cases/carry_b-v6e_teacher_lat-_opp_s911_pE2E_Vcal4,1580527,1580527,1589248,1589248,5,0,5,0,0,,
pair-stage-probes-7cecaf9b-fcal4/cases/carry_b-v6e_teacher_lat-_opp_s911_pE2E_Vcal4/checkpoints,312477,310382,319488,315392,4,1,3,2095,4096,D5,
pair-stage-probes-7cecaf9b-fcal4/cases/carry_b-v6e_teacher_lat-_opp_s911_pE2E_Vcal4/eval_only,609118,609118,614400,614400,2,0,2,0,0,,
pair-stage-probes-7cecaf9b-fcal4/cases/carry_b-v6e_teacher_lat-_opp_s911_pE2E_Vcal4/frames,0,0,0,0,0,0,0,0,0,,
pair-stage-probes-7cecaf9b-fcal4/cases/carry_b-v6e_teacher_lat-_opp_s911_pE2E_Vcal4/frames/r1,2517899,536769,2756608,581632,214,172,42,1981130,2174976,D1,first + >=1 SIM second since last sample + last per stream/episode/leg
pair-stage-probes-7cecaf9b-fcal4/cases/carry_b-v6e_teacher_lat-_opp_s911_pE2E_Vcal4/frames/r2,2493135,339896,2752512,376832,214,187,27,2153239,2375680,D1,first + >=1 SIM second since last sample + last per stream/episode/leg
pair-stage-probes-7cecaf9b-fcal4/cases/carry_b-v6e_teacher_lat-_opp_s911_pE2E_Vcal4/frames/r3,1945800,421590,1966080,425984,120,94,26,1524210,1540096,D1,first + >=1 SIM second since last sample + last per stream/episode/leg
pair-stage-probes-7cecaf9b-fcal4/cases/carry_b-v6e_teacher_nominal_s911_pE2E_L1_Vcal4,300663,300663,311296,311296,5,0,5,0,0,,
pair-stage-probes-7cecaf9b-fcal4/cases/carry_b-v6e_teacher_nominal_s911_pE2E_L1_Vcal4/checkpoints,340192,340192,352256,352256,4,0,4,0,0,,
pair-stage-probes-7cecaf9b-fcal4/cases/carry_b-v6e_teacher_nominal_s911_pE2E_L1_Vcal4/eval_only,131701,131701,135168,135168,2,0,2,0,0,,
pair-stage-probes-7cecaf9b-fcal4/cases/carry_b-v6e_teacher_nominal_s911_pE2E_L1_Vcal4/frames,0,0,0,0,0,0,0,0,0,,
pair-stage-probes-7cecaf9b-fcal4/cases/carry_b-v6e_teacher_nominal_s911_pE2E_L1_Vcal4/frames/r1,488389,256551,540672,286720,30,14,16,231838,253952,D1,first + >=1 SIM second since last sample + last per stream/episode/leg
pair-stage-probes-7cecaf9b-fcal4/cases/carry_b-v6e_teacher_nominal_s911_pE2E_L1_Vcal4/frames/r2,437246,125516,495616,143360,30,22,8,311730,352256,D1,first + >=1 SIM second since last sample + last per stream/episode/leg
pair-stage-probes-7cecaf9b-fcal4/cases/carry_b-v6e_teacher_nominal_s911_pE2E_L1_Vcal4/frames/r3,454020,129720,458752,131072,28,20,8,324300,327680,D1,first + >=1 SIM second since last sample + last per stream/episode/leg
pair-stage-probes-7cecaf9b-fcal4/cases/carry_b-v6e_teacher_nominal_s911_pE2E_L2_Vcal4,1802036,1802036,1810432,1810432,5,0,5,0,0,,
pair-stage-probes-7cecaf9b-fcal4/cases/carry_b-v6e_teacher_nominal_s911_pE2E_L2_Vcal4/checkpoints,312102,312102,319488,319488,4,0,4,0,0,,
pair-stage-probes-7cecaf9b-fcal4/cases/carry_b-v6e_teacher_nominal_s911_pE2E_L2_Vcal4/eval_only,749186,749186,753664,753664,2,0,2,0,0,,
pair-stage-probes-7cecaf9b-fcal4/cases/carry_b-v6e_teacher_nominal_s911_pE2E_L2_Vcal4/frames,0,0,0,0,0,0,0,0,0,,
pair-stage-probes-7cecaf9b-fcal4/cases/carry_b-v6e_teacher_nominal_s911_pE2E_L2_Vcal4/frames/r1,3019684,581589,3420160,655360,268,220,48,2438095,2764800,D1,first + >=1 SIM second since last sample + last per stream/episode/leg
pair-stage-probes-7cecaf9b-fcal4/cases/carry_b-v6e_teacher_nominal_s911_pE2E_L2_Vcal4/frames/r2,3061829,399455,3428352,442368,268,236,32,2662374,2985984,D1,first + >=1 SIM second since last sample + last per stream/episode/leg
pair-stage-probes-7cecaf9b-fcal4/cases/carry_b-v6e_teacher_nominal_s911_pE2E_L2_Vcal4/frames/r3,2383605,518880,2408448,524288,147,115,32,1864725,1884160,D1,first + >=1 SIM second since last sample + last per stream/episode/leg
pair-stage-probes-7cecaf9b-fcal4/cases/carry_b-v6e_teacher_nominal_s911_pE2E_L3_Vcal4,1779435,1779435,1789952,1789952,5,0,5,0,0,,
pair-stage-probes-7cecaf9b-fcal4/cases/carry_b-v6e_teacher_nominal_s911_pE2E_L3_Vcal4/checkpoints,339927,337833,348160,344064,4,1,3,2094,4096,D5,
