folder,before_bytes,after_bytes,before_allocated_bytes,after_allocated_bytes,files_before,delete_files,keep_files,delete_bytes,delete_allocated_bytes,rule_ids,thinning_rule
zone-hard-routes-20260925/matrix/door-G8-independent-s12/team/r1,3006995,3006995,3018752,3018752,8,0,8,0,0,,
zone-hard-routes-20260925/matrix/door-G8-independent-s12/team/r2,5264625,5264625,5296128,5296128,14,0,14,0,0,,
zone-hard-routes-20260925/matrix/door-G8-independent-s12/team/r3,4205908,4205908,4227072,4227072,11,0,11,0,0,,
zone-hard-routes-20260925/matrix/door-G8-independent-s13,152573,142540,167936,151552,5,2,3,10033,16384,D5,
zone-hard-routes-20260925/matrix/door-G8-independent-s13/replay,9920016,9919851,9932800,9928704,5,1,4,165,4096,D5,
zone-hard-routes-20260925/matrix/door-G8-independent-s13/rgb,8424991,8424991,8740864,8740864,151,0,151,0,0,,unknown SIM timing: every 10th numeric-sorted frame + first/last (mandatory endpoints may exceed 10% for n<20)
zone-hard-routes-20260925/matrix/door-G8-independent-s13/team,54554,54554,61440,61440,3,0,3,0,0,,
zone-hard-routes-20260925/matrix/door-G8-independent-s13/team/r1,1520918,1520918,1527808,1527808,4,0,4,0,0,,
zone-hard-routes-20260925/matrix/door-G8-independent-s13/team/r2,4224554,4224554,4239360,4239360,11,0,11,0,0,,
zone-hard-routes-20260925/matrix/door-G8-independent-s13/team/r3,5366721,5366721,5394432,5394432,14,0,14,0,0,,
zone-hard-routes-20260925/matrix/door-G8-plan_first-s11,151098,141056,172032,155648,6,2,4,10042,16384,D5,
zone-hard-routes-20260925/matrix/door-G8-plan_first-s11/replay,9314966,9314801,9330688,9326592,5,1,4,165,4096,D5,
zone-hard-routes-20260925/matrix/door-G8-plan_first-s11/rgb,1401051,1401051,1466368,1466368,28,0,28,0,0,,unknown SIM timing: every 10th numeric-sorted frame + first/last (mandatory endpoints may exceed 10% for n<20)
zone-hard-routes-20260925/matrix/door-G8-plan_first-s11/team,24200,24200,32768,32768,3,0,3,0,0,,
zone-hard-routes-20260925/matrix/door-G8-plan_first-s11/team/r1,783080,783080,786432,786432,2,0,2,0,0,,
zone-hard-routes-20260925/matrix/door-G8-plan_first-s11/team/r2,765928,765928,770048,770048,2,0,2,0,0,,
zone-hard-routes-20260925/matrix/door-G8-plan_first-s11/team/r3,790608,790608,794624,794624,2,0,2,0,0,,
zone-hard-routes-20260925/matrix/door-G8-plan_first-s12,151084,141047,172032,155648,6,2,4,10037,16384,D5,
zone-hard-routes-20260925/matrix/door-G8-plan_first-s12/replay,8825201,8825036,8839168,8835072,5,1,4,165,4096,D5,
zone-hard-routes-20260925/matrix/door-G8-plan_first-s12/rgb,1400870,1400870,1466368,1466368,28,0,28,0,0,,unknown SIM timing: every 10th numeric-sorted frame + first/last (mandatory endpoints may exceed 10% for n<20)
zone-hard-routes-20260925/matrix/door-G8-plan_first-s12/team,24200,24200,32768,32768,3,0,3,0,0,,
zone-hard-routes-20260925/matrix/door-G8-plan_first-s12/team/r1,764140,764140,770048,770048,2,0,2,0,0,,
zone-hard-routes-20260925/matrix/door-G8-plan_first-s12/team/r2,787612,787612,794624,794624,2,0,2,0,0,,
zone-hard-routes-20260925/matrix/door-G8-plan_first-s12/team/r3,789252,789252,794624,794624,2,0,2,0,0,,
zone-hard-routes-20260925/matrix/door-G8-plan_first-s13,151576,141543,172032,155648,6,2,4,10033,16384,D5,
zone-hard-routes-20260925/matrix/door-G8-plan_first-s13/replay,8927658,8927493,8941568,8937472,5,1,4,165,4096,D5,
zone-hard-routes-20260925/matrix/door-G8-plan_first-s13/rgb,1395571,1395571,1466368,1466368,28,0,28,0,0,,unknown SIM timing: every 10th numeric-sorted frame + first/last (mandatory endpoints may exceed 10% for n<20)
zone-hard-routes-20260925/matrix/door-G8-plan_first-s13/team,24201,24201,32768,32768,3,0,3,0,0,,
zone-hard-routes-20260925/matrix/door-G8-plan_first-s13/team/r1,786734,786734,790528,790528,2,0,2,0,0,,
zone-hard-routes-20260925/matrix/door-G8-plan_first-s13/team/r2,783038,783038,786432,786432,2,0,2,0,0,,
zone-hard-routes-20260925/matrix/door-G8-plan_first-s13/team/r3,764886,764886,770048,770048,2,0,2,0,0,,
zone-hard-routes-20260925/matrix/runs,111865,111865,446464,446464,108,0,108,0,0,,
zone-hard-routes-20260925/matrix/two-G5-dynamic-s11,142738,142287,155648,151552,5,1,4,451,4096,D5,
zone-hard-routes-20260925/matrix/two-G5-dynamic-s11/replay,7871345,7871180,7884800,7880704,5,1,4,165,4096,D5,
zone-hard-routes-20260925/matrix/two-G5-dynamic-s11/rgb,2503558,2503558,2613248,2613248,49,0,49,0,0,,unknown SIM timing: every 10th numeric-sorted frame + first/last (mandatory endpoints may exceed 10% for n<20)
zone-hard-routes-20260925/matrix/two-G5-dynamic-s11/team,19987,19987,28672,28672,3,0,3,0,0,,
zone-hard-routes-20260925/matrix/two-G5-dynamic-s11/team/r1,1139039,1139039,1142784,1142784,3,0,3,0,0,,
zone-hard-routes-20260925/matrix/two-G5-dynamic-s11/team/r2,1498540,1498540,1507328,1507328,4,0,4,0,0,,
zone-hard-routes-20260925/matrix/two-G5-dynamic-s11/team/r3,1519334,1519334,1527808,1527808,4,0,4,0,0,,
zone-hard-routes-20260925/matrix/two-G5-dynamic-s12,142727,142727,155648,155648,5,0,5,0,0,,
zone-hard-routes-20260925/matrix/two-G5-dynamic-s12/replay,8007849,8007684,8019968,8015872,5,1,4,165,4096,D5,
zone-hard-routes-20260925/matrix/two-G5-dynamic-s12/rgb,2503781,2503781,2609152,2609152,49,0,49,0,0,,unknown SIM timing: every 10th numeric-sorted frame + first/last (mandatory endpoints may exceed 10% for n<20)
zone-hard-routes-20260925/matrix/two-G5-dynamic-s12/team,19997,19997,28672,28672,3,0,3,0,0,,
zone-hard-routes-20260925/matrix/two-G5-dynamic-s12/team/r1,1508012,1508012,1515520,1515520,4,0,4,0,0,,
zone-hard-routes-20260925/matrix/two-G5-dynamic-s12/team/r2,1520592,1520592,1527808,1527808,4,0,4,0,0,,
zone-hard-routes-20260925/matrix/two-G5-dynamic-s12/team/r3,1128003,1128003,1134592,1134592,3,0,3,0,0,,
zone-hard-routes-20260925/matrix/two-G5-dynamic-s13,274,274,4096,4096,1,0,1,0,0,,
zone-hard-routes-20260925/matrix/two-G5-independent-s11,144908,135709,155648,139264,5,2,3,9199,16384,D5,
zone-hard-routes-20260925/matrix/two-G5-independent-s11/replay,8705803,8705638,8720384,8716288,5,1,4,165,4096,D5,
zone-hard-routes-20260925/matrix/two-G5-independent-s11/rgb,12805653,12805653,13246464,13246464,236,0,236,0,0,,unknown SIM timing: every 10th numeric-sorted frame + first/last (mandatory endpoints may exceed 10% for n<20)
zone-hard-routes-20260925/matrix/two-G5-independent-s11/team,86422,86422,94208,94208,3,0,3,0,0,,
zone-hard-routes-20260925/matrix/two-G5-independent-s11/team/r1,1496442,1496442,1507328,1507328,4,0,4,0,0,,
zone-hard-routes-20260925/matrix/two-G5-independent-s11/team/r2,7026088,7026088,7073792,7073792,19,0,19,0,0,,
zone-hard-routes-20260925/matrix/two-G5-independent-s11/team/r3,8507846,8507846,8548352,8548352,23,0,23,0,0,,
zone-hard-routes-20260925/matrix/two-G5-independent-s12,142837,133638,155648,139264,5,2,3,9199,16384,D5,
zone-hard-routes-20260925/matrix/two-G5-independent-s12/replay,8167209,8167044,8179712,8175616,5,1,4,165,4096,D5,
zone-hard-routes-20260925/matrix/two-G5-independent-s12/rgb,7401735,7401735,7729152,7729152,136,0,136,0,0,,unknown SIM timing: every 10th numeric-sorted frame + first/last (mandatory endpoints may exceed 10% for n<20)
zone-hard-routes-20260925/matrix/two-G5-independent-s12/team,48758,48758,57344,57344,3,0,3,0,0,,
zone-hard-routes-20260925/matrix/two-G5-independent-s12/team/r1,1138357,1138357,1146880,1146880,3,0,3,0,0,,
zone-hard-routes-20260925/matrix/two-G5-independent-s12/team/r2,3398090,3398090,3411968,3411968,9,0,9,0,0,,
zone-hard-routes-20260925/matrix/two-G5-independent-s12/team/r3,5196943,5196943,5238784,5238784,14,0,14,0,0,,
zone-hard-routes-20260925/matrix/two-G5-independent-s13,274,274,4096,4096,1,0,1,0,0,,
zone-hard-routes-20260925/matrix/two-G5-plan_first-s11,143341,134142,159744,143360,6,2,4,9199,16384,D5,
zone-hard-routes-20260925/matrix/two-G5-plan_first-s11/replay,8068754,8068589,8081408,8077312,5,1,4,165,4096,D5,
zone-hard-routes-20260925/matrix/two-G5-plan_first-s11/rgb,1387416,1387416,1462272,1462272,28,0,28,0,0,,unknown SIM timing: every 10th numeric-sorted frame + first/last (mandatory endpoints may exceed 10% for n<20)
zone-hard-routes-20260925/matrix/two-G5-plan_first-s11/team,22470,22470,28672,28672,3,0,3,0,0,,
zone-hard-routes-20260925/matrix/two-G5-plan_first-s11/team/r1,776111,776111,778240,778240,2,0,2,0,0,,
zone-hard-routes-20260925/matrix/two-G5-plan_first-s11/team/r2,758983,758983,761856,761856,2,0,2,0,0,,
zone-hard-routes-20260925/matrix/two-G5-plan_first-s11/team/r3,782351,782351,786432,786432,2,0,2,0,0,,
zone-hard-routes-20260925/matrix/two-G5-plan_first-s12,143461,134262,159744,143360,6,2,4,9199,16384,D5,
zone-hard-routes-20260925/matrix/two-G5-plan_first-s12/replay,8374029,8373864,8388608,8384512,5,1,4,165,4096,D5,
zone-hard-routes-20260925/matrix/two-G5-plan_first-s12/rgb,1385376,1385376,1462272,1462272,28,0,28,0,0,,unknown SIM timing: every 10th numeric-sorted frame + first/last (mandatory endpoints may exceed 10% for n<20)
zone-hard-routes-20260925/matrix/two-G5-plan_first-s12/team,22469,22469,28672,28672,3,0,3,0,0,,
zone-hard-routes-20260925/matrix/two-G5-plan_first-s12/team/r1,781105,781105,786432,786432,2,0,2,0,0,,
zone-hard-routes-20260925/matrix/two-G5-plan_first-s12/team/r2,779529,779529,786432,786432,2,0,2,0,0,,
zone-hard-routes-20260925/matrix/two-G5-plan_first-s12/team/r3,756121,756121,761856,761856,2,0,2,0,0,,
zone-hard-routes-20260925/matrix/two-G5-plan_first-s13,274,274,4096,4096,1,0,1,0,0,,
zone-hard-routes-20260925/matrix/two-G8-dynamic-s11,150799,150799,167936,167936,5,0,5,0,0,,
zone-hard-routes-20260925/matrix/two-G8-dynamic-s11/replay,8599590,8599425,8613888,8609792,5,1,4,165,4096,D5,
zone-hard-routes-20260925/matrix/two-G8-dynamic-s11/rgb,2792209,2792209,2912256,2912256,54,0,54,0,0,,unknown SIM timing: every 10th numeric-sorted frame + first/last (mandatory endpoints may exceed 10% for n<20)
zone-hard-routes-20260925/matrix/two-G8-dynamic-s11/team,21998,21998,32768,32768,3,0,3,0,0,,
zone-hard-routes-20260925/matrix/two-G8-dynamic-s11/team/r1,1145036,1145036,1155072,1155072,3,0,3,0,0,,
zone-hard-routes-20260925/matrix/two-G8-dynamic-s11/team/r2,1878368,1878368,1892352,1892352,5,0,5,0,0,,
zone-hard-routes-20260925/matrix/two-G8-dynamic-s11/team/r3,1524662,1524662,1531904,1531904,4,0,4,0,0,,
zone-hard-routes-20260925/matrix/two-G8-dynamic-s12,150931,150202,167936,163840,5,1,4,729,4096,D5,
zone-hard-routes-20260925/matrix/two-G8-dynamic-s12/replay,8910431,8910266,8925184,8921088,5,1,4,165,4096,D5,
zone-hard-routes-20260925/matrix/two-G8-dynamic-s12/rgb,2794705,2794705,2912256,2912256,54,0,54,0,0,,unknown SIM timing: every 10th numeric-sorted frame + first/last (mandatory endpoints may exceed 10% for n<20)
zone-hard-routes-20260925/matrix/two-G8-dynamic-s12/team,22001,22001,32768,32768,3,0,3,0,0,,
zone-hard-routes-20260925/matrix/two-G8-dynamic-s12/team/r1,1136257,1136257,1142784,1142784,3,0,3,0,0,,
zone-hard-routes-20260925/matrix/two-G8-dynamic-s12/team/r2,1891211,1891211,1900544,1900544,5,0,5,0,0,,
zone-hard-routes-20260925/matrix/two-G8-dynamic-s12/team/r3,1528540,1528540,1536000,1536000,4,0,4,0,0,,
zone-hard-routes-20260925/matrix/two-G8-dynamic-s13,274,274,4096,4096,1,0,1,0,0,,
zone-hard-routes-20260925/matrix/two-G8-independent-s11,154830,144410,167936,151552,5,2,3,10420,16384,D5,
zone-hard-routes-20260925/matrix/two-G8-independent-s11/replay,10093089,10092924,10108928,10104832,5,1,4,165,4096,D5,
zone-hard-routes-20260925/matrix/two-G8-independent-s11/rgb,11622416,11622416,12070912,12070912,211,0,211,0,0,,unknown SIM timing: every 10th numeric-sorted frame + first/last (mandatory endpoints may exceed 10% for n<20)
zone-hard-routes-20260925/matrix/two-G8-independent-s11/team,77320,77320,81920,81920,3,0,3,0,0,,
zone-hard-routes-20260925/matrix/two-G8-independent-s11/team/r1,2630945,2630945,2637824,2637824,7,0,7,0,0,,
zone-hard-routes-20260925/matrix/two-G8-independent-s11/team/r2,6722009,6722009,6754304,6754304,18,0,18,0,0,,
zone-hard-routes-20260925/matrix/two-G8-independent-s11/team/r3,6075505,6075505,6115328,6115328,16,0,16,0,0,,
zone-hard-routes-20260925/matrix/two-G8-independent-s12,152468,142053,167936,151552,5,2,3,10415,16384,D5,
zone-hard-routes-20260925/matrix/two-G8-independent-s12/replay,10220170,10220005,10235904,10231808,5,1,4,165,4096,D5,
zone-hard-routes-20260925/matrix/two-G8-independent-s12/rgb,9945766,9945766,10321920,10321920,181,0,181,0,0,,unknown SIM timing: every 10th numeric-sorted frame + first/last (mandatory endpoints may exceed 10% for n<20)
zone-hard-routes-20260925/matrix/two-G8-independent-s12/team,65815,65815,73728,73728,3,0,3,0,0,,
zone-hard-routes-20260925/matrix/two-G8-independent-s12/team/r1,1504083,1504083,1515520,1515520,4,0,4,0,0,,
zone-hard-routes-20260925/matrix/two-G8-independent-s12/team/r2,7104991,7104991,7131136,7131136,19,0,19,0,0,,
zone-hard-routes-20260925/matrix/two-G8-independent-s12/team/r3,4558456,4558456,4587520,4587520,12,0,12,0,0,,
zone-hard-routes-20260925/matrix/two-G8-independent-s13,274,274,4096,4096,1,0,1,0,0,,
zone-hard-routes-20260925/matrix/two-G8-plan_first-s11,151472,141052,172032,155648,6,2,4,10420,16384,D5,
zone-hard-routes-20260925/matrix/two-G8-plan_first-s11/replay,8672584,8672419,8687616,8683520,5,1,4,165,4096,D5,
zone-hard-routes-20260925/matrix/two-G8-plan_first-s11/rgb,1394627,1394627,1462272,1462272,28,0,28,0,0,,unknown SIM timing: every 10th numeric-sorted frame + first/last (mandatory endpoints may exceed 10% for n<20)
zone-hard-routes-20260925/matrix/two-G8-plan_first-s11/team,24199,24199,32768,32768,3,0,3,0,0,,
zone-hard-routes-20260925/matrix/two-G8-plan_first-s11/team/r1,779300,779300,786432,786432,2,0,2,0,0,,
zone-hard-routes-20260925/matrix/two-G8-plan_first-s11/team/r2,761740,761740,765952,765952,2,0,2,0,0,,
zone-hard-routes-20260925/matrix/two-G8-plan_first-s11/team/r3,786484,786484,790528,790528,2,0,2,0,0,,
zone-hard-routes-20260925/matrix/two-G8-plan_first-s12,151461,141046,172032,155648,6,2,4,10415,16384,D5,
zone-hard-routes-20260925/matrix/two-G8-plan_first-s12/replay,8340754,8340589,8355840,8351744,5,1,4,165,4096,D5,
zone-hard-routes-20260925/matrix/two-G8-plan_first-s12/rgb,1394139,1394139,1462272,1462272,28,0,28,0,0,,unknown SIM timing: every 10th numeric-sorted frame + first/last (mandatory endpoints may exceed 10% for n<20)
zone-hard-routes-20260925/matrix/two-G8-plan_first-s12/team,24199,24199,32768,32768,3,0,3,0,0,,
zone-hard-routes-20260925/matrix/two-G8-plan_first-s12/team/r1,759920,759920,761856,761856,2,0,2,0,0,,
zone-hard-routes-20260925/matrix/two-G8-plan_first-s12/team/r2,783760,783760,786432,786432,2,0,2,0,0,,
zone-hard-routes-20260925/matrix/two-G8-plan_first-s12/team/r3,785336,785336,786432,786432,2,0,2,0,0,,
zone-hard-routes-20260925/matrix/two-G8-plan_first-s13,274,274,4096,4096,1,0,1,0,0,,
zone-hard-routes-20260925/media,1718657,1718657,1732608,1732608,4,0,4,0,0,,
zone-hard-routes-20260925/smoke-door-G8-dyn-s12,150388,149659,167936,163840,5,1,4,729,4096,D5,
zone-hard-routes-20260925/smoke-door-G8-dyn-s12/replay,9159628,9159463,9175040,9170944,5,1,4,165,4096,D5,
zone-hard-routes-20260925/smoke-door-G8-dyn-s12/rgb,2819104,2819104,2949120,2949120,54,0,54,0,0,,unknown SIM timing: every 10th numeric-sorted frame + first/last (mandatory endpoints may exceed 10% for n<20)
zone-hard-routes-20260925/smoke-door-G8-dyn-s12/team,22004,22004,32768,32768,3,0,3,0,0,,
zone-hard-routes-20260925/smoke-door-G8-dyn-s12/team/r1,1144959,1144959,1150976,1150976,3,0,3,0,0,,
zone-hard-routes-20260925/smoke-door-G8-dyn-s12/team/r2,1907889,1907889,1921024,1921024,5,0,5,0,0,,
zone-hard-routes-20260925/smoke-door-G8-dyn-s12/team/r3,1542560,1542560,1552384,1552384,4,0,4,0,0,,
zone-hard-routes-20260925/wide-baseline,40686,40686,45056,45056,2,0,2,0,0,,
zone-hard-routes-20260925/wide-baseline/runs,33862,33862,147456,147456,36,0,36,0,0,,
zone-hard-routes-20260925/wide-baseline/wide-G5-dynamic-s11,141183,126332,151552,131072,5,3,2,14851,20480,D5,
zone-hard-routes-20260925/wide-baseline/wide-G5-dynamic-s11/replay,7423985,7421153,7438336,7426048,5,3,2,2832,12288,D5,
zone-hard-routes-20260925/wide-baseline/wide-G5-dynamic-s11/rgb,2442840,2442840,2539520,2539520,49,0,49,0,0,,unknown SIM timing: every 10th numeric-sorted frame + first/last (mandatory endpoints may exceed 10% for n<20)
zone-hard-routes-20260925/wide-baseline/wide-G5-dynamic-s11/team,19988,19988,28672,28672,3,0,3,0,0,,
zone-hard-routes-20260925/wide-baseline/wide-G5-dynamic-s11/team/r1,1464277,1464277,1474560,1474560,4,0,4,0,0,,
zone-hard-routes-20260925/wide-baseline/wide-G5-dynamic-s11/team/r2,1096130,1096130,1101824,1101824,3,0,3,0,0,,
zone-hard-routes-20260925/wide-baseline/wide-G5-dynamic-s11/team/r3,1476920,1476920,1482752,1482752,4,0,4,0,0,,
zone-hard-routes-20260925/wide-baseline/wide-G5-dynamic-s12,141175,140723,151552,147456,5,1,4,452,4096,D5,
zone-hard-routes-20260925/wide-baseline/wide-G5-dynamic-s12/replay,7559366,7559201,7573504,7569408,5,1,4,165,4096,D5,
zone-hard-routes-20260925/wide-baseline/wide-G5-dynamic-s12/rgb,2438091,2438091,2555904,2555904,49,0,49,0,0,,unknown SIM timing: every 10th numeric-sorted frame + first/last (mandatory endpoints may exceed 10% for n<20)
zone-hard-routes-20260925/wide-baseline/wide-G5-dynamic-s12/team,19992,19992,28672,28672,3,0,3,0,0,,
zone-hard-routes-20260925/wide-baseline/wide-G5-dynamic-s12/team/r1,1462289,1462289,1466368,1466368,4,0,4,0,0,,
zone-hard-routes-20260925/wide-baseline/wide-G5-dynamic-s12/team/r2,1471584,1471584,1482752,1482752,4,0,4,0,0,,
zone-hard-routes-20260925/wide-baseline/wide-G5-dynamic-s12/team/r3,1094499,1094499,1101824,1101824,3,0,3,0,0,,
zone-hard-routes-20260925/wide-baseline/wide-G5-dynamic-s13,141168,140719,151552,147456,5,1,4,449,4096,D5,
zone-hard-routes-20260925/wide-baseline/wide-G5-dynamic-s13/replay,7128372,7128207,7143424,7139328,5,1,4,165,4096,D5,
zone-hard-routes-20260925/wide-baseline/wide-G5-dynamic-s13/rgb,2435299,2435299,2535424,2535424,49,0,49,0,0,,unknown SIM timing: every 10th numeric-sorted frame + first/last (mandatory endpoints may exceed 10% for n<20)
zone-hard-routes-20260925/wide-baseline/wide-G5-dynamic-s13/team,19995,19995,28672,28672,3,0,3,0,0,,
zone-hard-routes-20260925/wide-baseline/wide-G5-dynamic-s13/team/r1,1094548,1094548,1101824,1101824,3,0,3,0,0,,
zone-hard-routes-20260925/wide-baseline/wide-G5-dynamic-s13/team/r2,1462709,1462709,1470464,1470464,4,0,4,0,0,,
zone-hard-routes-20260925/wide-baseline/wide-G5-dynamic-s13/team/r3,1468632,1468632,1478656,1478656,4,0,4,0,0,,
zone-hard-routes-20260925/wide-baseline/wide-G5-independent-s11,141160,126309,151552,131072,5,3,2,14851,20480,D5,
zone-hard-routes-20260925/wide-baseline/wide-G5-independent-s11/replay,7645616,7643361,7659520,7651328,5,2,3,2255,8192,D5,
zone-hard-routes-20260925/wide-baseline/wide-G5-independent-s11/rgb,6114174,6114174,6316032,6316032,116,0,116,0,0,,unknown SIM timing: every 10th numeric-sorted frame + first/last (mandatory endpoints may exceed 10% for n<20)
zone-hard-routes-20260925/wide-baseline/wide-G5-independent-s11/team,41260,41260,49152,49152,3,0,3,0,0,,
zone-hard-routes-20260925/wide-baseline/wide-G5-independent-s11/team/r1,1103153,1103153,1114112,1114112,3,0,3,0,0,,
zone-hard-routes-20260925/wide-baseline/wide-G5-independent-s11/team/r2,2190856,2190856,2199552,2199552,6,0,6,0,0,,
zone-hard-routes-20260925/wide-baseline/wide-G5-independent-s11/team/r3,4690294,4690294,4714496,4714496,13,0,13,0,0,,
zone-hard-routes-20260925/wide-baseline/wide-G5-independent-s12,142638,134675,151552,139264,5,2,3,7963,12288,D5,
zone-hard-routes-20260925/wide-baseline/wide-G5-independent-s12/replay,7816394,7816229,7831552,7827456,5,1,4,165,4096,D5,
zone-hard-routes-20260925/wide-baseline/wide-G5-independent-s12/rgb,7469056,7469056,7741440,7741440,141,0,141,0,0,,unknown SIM timing: every 10th numeric-sorted frame + first/last (mandatory endpoints may exceed 10% for n<20)
zone-hard-routes-20260925/wide-baseline/wide-G5-independent-s12/team,50828,50828,57344,57344,3,0,3,0,0,,
zone-hard-routes-20260925/wide-baseline/wide-G5-independent-s12/team/r1,1822631,1822631,1835008,1835008,5,0,5,0,0,,
zone-hard-routes-20260925/wide-baseline/wide-G5-independent-s12/team/r2,3296479,3296479,3309568,3309568,9,0,9,0,0,,
zone-hard-routes-20260925/wide-baseline/wide-G5-independent-s12/team/r3,4690603,4690603,4714496,4714496,13,0,13,0,0,,
zone-hard-routes-20260925/wide-baseline/wide-G5-independent-s13,143327,135367,151552,139264,5,2,3,7960,12288,D5,
zone-hard-routes-20260925/wide-baseline/wide-G5-independent-s13/replay,7661919,7661754,7675904,7671808,5,1,4,165,4096,D5,
zone-hard-routes-20260925/wide-baseline/wide-G5-independent-s13/rgb,9238707,9238707,9609216,9609216,176,0,176,0,0,,unknown SIM timing: every 10th numeric-sorted frame + first/last (mandatory endpoints may exceed 10% for n<20)
zone-hard-routes-20260925/wide-baseline/wide-G5-independent-s13/team,63999,63999,73728,73728,3,0,3,0,0,,
zone-hard-routes-20260925/wide-baseline/wide-G5-independent-s13/team/r1,1442146,1442146,1449984,1449984,4,0,4,0,0,,
zone-hard-routes-20260925/wide-baseline/wide-G5-independent-s13/team/r2,5028432,5028432,5066752,5066752,14,0,14,0,0,,
zone-hard-routes-20260925/wide-baseline/wide-G5-independent-s13/team/r3,5736320,5736320,5783552,5783552,16,0,16,0,0,,
zone-hard-routes-20260925/wide-baseline/wide-G5-plan_first-s11,141784,133821,155648,143360,6,2,4,7963,12288,D5,
zone-hard-routes-20260925/wide-baseline/wide-G5-plan_first-s11/replay,7556843,7556678,7573504,7569408,5,1,4,165,4096,D5,
zone-hard-routes-20260925/wide-baseline/wide-G5-plan_first-s11/rgb,1360169,1360169,1400832,1400832,28,0,28,0,0,,unknown SIM timing: every 10th numeric-sorted frame + first/last (mandatory endpoints may exceed 10% for n<20)
zone-hard-routes-20260925/wide-baseline/wide-G5-plan_first-s11/team,22469,22469,28672,28672,3,0,3,0,0,,
zone-hard-routes-20260925/wide-baseline/wide-G5-plan_first-s11/team/r1,755807,755807,761856,761856,2,0,2,0,0,,
zone-hard-routes-20260925/wide-baseline/wide-G5-plan_first-s11/team/r2,737599,737599,741376,741376,2,0,2,0,0,,
zone-hard-routes-20260925/wide-baseline/wide-G5-plan_first-s11/team/r3,760879,760879,761856,761856,2,0,2,0,0,,
zone-hard-routes-20260925/wide-baseline/wide-G5-plan_first-s12,141777,133814,155648,143360,6,2,4,7963,12288,D5,
zone-hard-routes-20260925/wide-baseline/wide-G5-plan_first-s12/replay,7415105,7414940,7430144,7426048,5,1,4,165,4096,D5,
zone-hard-routes-20260925/wide-baseline/wide-G5-plan_first-s12/rgb,1358226,1358226,1413120,1413120,28,0,28,0,0,,unknown SIM timing: every 10th numeric-sorted frame + first/last (mandatory endpoints may exceed 10% for n<20)
zone-hard-routes-20260925/wide-baseline/wide-G5-plan_first-s12/team,22471,22471,28672,28672,3,0,3,0,0,,
zone-hard-routes-20260925/wide-baseline/wide-G5-plan_first-s12/team/r1,759881,759881,761856,761856,2,0,2,0,0,,
zone-hard-routes-20260925/wide-baseline/wide-G5-plan_first-s12/team/r2,759281,759281,761856,761856,2,0,2,0,0,,
zone-hard-routes-20260925/wide-baseline/wide-G5-plan_first-s12/team/r3,734793,734793,737280,737280,2,0,2,0,0,,
zone-hard-routes-20260925/wide-baseline/wide-G5-plan_first-s13,141770,133810,155648,143360,6,2,4,7960,12288,D5,
zone-hard-routes-20260925/wide-baseline/wide-G5-plan_first-s13/replay,7212905,7212740,7229440,7225344,5,1,4,165,4096,D5,
zone-hard-routes-20260925/wide-baseline/wide-G5-plan_first-s13/rgb,1354308,1354308,1400832,1400832,28,0,28,0,0,,unknown SIM timing: every 10th numeric-sorted frame + first/last (mandatory endpoints may exceed 10% for n<20)
zone-hard-routes-20260925/wide-baseline/wide-G5-plan_first-s13/team,22470,22470,28672,28672,3,0,3,0,0,,
zone-hard-routes-20260925/wide-baseline/wide-G5-plan_first-s13/team/r1,736211,736211,737280,737280,2,0,2,0,0,,
zone-hard-routes-20260925/wide-baseline/wide-G5-plan_first-s13/team/r2,757075,757075,761856,761856,2,0,2,0,0,,
zone-hard-routes-20260925/wide-baseline/wide-G5-plan_first-s13/team/r3,755147,755147,761856,761856,2,0,2,0,0,,
zone-hard-routes-20260925/wide-baseline/wide-G8-dynamic-s11,149248,148517,163840,159744,5,1,4,731,4096,D5,
zone-hard-routes-20260925/wide-baseline/wide-G8-dynamic-s11/replay,7910462,7910297,7921664,7917568,5,1,4,165,4096,D5,
zone-hard-routes-20260925/wide-baseline/wide-G8-dynamic-s11/rgb,2454276,2454276,2555904,2555904,49,0,49,0,0,,unknown SIM timing: every 10th numeric-sorted frame + first/last (mandatory endpoints may exceed 10% for n<20)
zone-hard-routes-20260925/wide-baseline/wide-G8-dynamic-s11/team,20104,20104,28672,28672,3,0,3,0,0,,
zone-hard-routes-20260925/wide-baseline/wide-G8-dynamic-s11/team/r1,1479260,1479260,1486848,1486848,4,0,4,0,0,,
zone-hard-routes-20260925/wide-baseline/wide-G8-dynamic-s11/team/r2,1459501,1459501,1466368,1466368,4,0,4,0,0,,
zone-hard-routes-20260925/wide-baseline/wide-G8-dynamic-s11/team/r3,1113614,1113614,1118208,1118208,3,0,3,0,0,,
zone-hard-routes-20260925/wide-baseline/wide-G8-dynamic-s12,149236,131785,163840,135168,5,3,2,17451,28672,D5,
zone-hard-routes-20260925/wide-baseline/wide-G8-dynamic-s12/replay,7839724,7836382,7852032,7839744,5,3,2,3342,12288,D5,
zone-hard-routes-20260925/wide-baseline/wide-G8-dynamic-s12/rgb,2724505,2724505,2842624,2842624,54,0,54,0,0,,unknown SIM timing: every 10th numeric-sorted frame + first/last (mandatory endpoints may exceed 10% for n<20)
zone-hard-routes-20260925/wide-baseline/wide-G8-dynamic-s12/team,21989,21989,32768,32768,3,0,3,0,0,,
zone-hard-routes-20260925/wide-baseline/wide-G8-dynamic-s12/team/r1,1471979,1471979,1482752,1482752,4,0,4,0,0,,
zone-hard-routes-20260925/wide-baseline/wide-G8-dynamic-s12/team/r2,1835865,1835865,1847296,1847296,5,0,5,0,0,,
zone-hard-routes-20260925/wide-baseline/wide-G8-dynamic-s12/team/r3,1114936,1114936,1122304,1122304,3,0,3,0,0,,
zone-hard-routes-20260925/wide-baseline/wide-G8-dynamic-s13,149222,140047,163840,147456,5,2,3,9175,16384,D5,
zone-hard-routes-20260925/wide-baseline/wide-G8-dynamic-s13/replay,7473708,7473543,7487488,7483392,5,1,4,165,4096,D5,
zone-hard-routes-20260925/wide-baseline/wide-G8-dynamic-s13/rgb,2721719,2721719,2854912,2854912,54,0,54,0,0,,unknown SIM timing: every 10th numeric-sorted frame + first/last (mandatory endpoints may exceed 10% for n<20)
zone-hard-routes-20260925/wide-baseline/wide-G8-dynamic-s13/team,22005,22005,32768,32768,3,0,3,0,0,,
zone-hard-routes-20260925/wide-baseline/wide-G8-dynamic-s13/team/r1,1835362,1835362,1843200,1843200,5,0,5,0,0,,
zone-hard-routes-20260925/wide-baseline/wide-G8-dynamic-s13/team/r2,1112617,1112617,1118208,1118208,3,0,3,0,0,,
zone-hard-routes-20260925/wide-baseline/wide-G8-dynamic-s13/team/r3,1471366,1471366,1478656,1478656,4,0,4,0,0,,
zone-hard-routes-20260925/wide-baseline/wide-G8-independent-s11,150917,141733,163840,147456,5,2,3,9184,16384,D5,
zone-hard-routes-20260925/wide-baseline/wide-G8-independent-s11/replay,9106876,9106711,9117696,9113600,5,1,4,165,4096,D5,
zone-hard-routes-20260925/wide-baseline/wide-G8-independent-s11/rgb,8062522,8062522,8372224,8372224,151,0,151,0,0,,unknown SIM timing: every 10th numeric-sorted frame + first/last (mandatory endpoints may exceed 10% for n<20)
zone-hard-routes-20260925/wide-baseline/wide-G8-independent-s11/team,54553,54553,61440,61440,3,0,3,0,0,,
zone-hard-routes-20260925/wide-baseline/wide-G8-independent-s11/team/r1,1466316,1466316,1474560,1474560,4,0,4,0,0,,
zone-hard-routes-20260925/wide-baseline/wide-G8-independent-s11/team/r2,5077044,5077044,5107712,5107712,14,0,14,0,0,,
zone-hard-routes-20260925/wide-baseline/wide-G8-independent-s11/team/r3,4067788,4067788,4087808,4087808,11,0,11,0,0,,
zone-hard-routes-20260925/wide-baseline/wide-G8-independent-s12,153862,133418,163840,135168,5,3,2,20444,28672,D5,
zone-hard-routes-20260925/wide-baseline/wide-G8-independent-s12/replay,9847449,9843665,9859072,9846784,5,3,2,3784,12288,D5,
zone-hard-routes-20260925/wide-baseline/wide-G8-independent-s12/rgb,12106301,12106301,12537856,12537856,226,0,226,0,0,,unknown SIM timing: every 10th numeric-sorted frame + first/last (mandatory endpoints may exceed 10% for n<20)
zone-hard-routes-20260925/wide-baseline/wide-G8-independent-s12/team,83026,83026,94208,94208,3,0,3,0,0,,
zone-hard-routes-20260925/wide-baseline/wide-G8-independent-s12/team/r1,2902235,2902235,2916352,2916352,8,0,8,0,0,,
zone-hard-routes-20260925/wide-baseline/wide-G8-independent-s12/team/r2,7262427,7262427,7303168,7303168,20,0,20,0,0,,
zone-hard-routes-20260925/wide-baseline/wide-G8-independent-s12/team/r3,5895719,5895719,5935104,5935104,16,0,16,0,0,,
zone-hard-routes-20260925/wide-baseline/wide-G8-independent-s13,153860,144685,163840,147456,5,2,3,9175,16384,D5,
zone-hard-routes-20260925/wide-baseline/wide-G8-independent-s13/replay,8487173,8487008,8499200,8495104,5,1,4,165,4096,D5,
zone-hard-routes-20260925/wide-baseline/wide-G8-independent-s13/rgb,6989734,6989734,7249920,7249920,131,0,131,0,0,,unknown SIM timing: every 10th numeric-sorted frame + first/last (mandatory endpoints may exceed 10% for n<20)
zone-hard-routes-20260925/wide-baseline/wide-G8-independent-s13/team,47514,47514,57344,57344,3,0,3,0,0,,
zone-hard-routes-20260925/wide-baseline/wide-G8-independent-s13/team/r1,1463203,1463203,1470464,1470464,4,0,4,0,0,,
zone-hard-routes-20260925/wide-baseline/wide-G8-independent-s13/team/r2,3667903,3667903,3686400,3686400,10,0,10,0,0,,
zone-hard-routes-20260925/wide-baseline/wide-G8-independent-s13/team/r3,4041315,4041315,4067328,4067328,11,0,11,0,0,,
zone-hard-routes-20260925/wide-baseline/wide-G8-plan_first-s11,149921,140737,167936,151552,6,2,4,9184,16384,D5,
zone-hard-routes-20260925/wide-baseline/wide-G8-plan_first-s11/replay,7927995,7927830,7938048,7933952,5,1,4,165,4096,D5,
zone-hard-routes-20260925/wide-baseline/wide-G8-plan_first-s11/rgb,1367386,1367386,1425408,1425408,28,0,28,0,0,,unknown SIM timing: every 10th numeric-sorted frame + first/last (mandatory endpoints may exceed 10% for n<20)
zone-hard-routes-20260925/wide-baseline/wide-G8-plan_first-s11/team,24201,24201,32768,32768,3,0,3,0,0,,
zone-hard-routes-20260925/wide-baseline/wide-G8-plan_first-s11/team/r1,758948,758948,761856,761856,2,0,2,0,0,,
zone-hard-routes-20260925/wide-baseline/wide-G8-plan_first-s11/team/r2,740316,740316,745472,745472,2,0,2,0,0,,
zone-hard-routes-20260925/wide-baseline/wide-G8-plan_first-s11/team/r3,765068,765068,770048,770048,2,0,2,0,0,,
zone-hard-routes-20260925/wide-baseline/wide-G8-plan_first-s12,149907,132457,167936,139264,6,3,3,17450,28672,D5,
zone-hard-routes-20260925/wide-baseline/wide-G8-plan_first-s12/replay,7807977,7804630,7819264,7806976,5,3,2,3347,12288,D5,
zone-hard-routes-20260925/wide-baseline/wide-G8-plan_first-s12/rgb,1367469,1367469,1429504,1429504,28,0,28,0,0,,unknown SIM timing: every 10th numeric-sorted frame + first/last (mandatory endpoints may exceed 10% for n<20)
zone-hard-routes-20260925/wide-baseline/wide-G8-plan_first-s12/team,24199,24199,32768,32768,3,0,3,0,0,,
zone-hard-routes-20260925/wide-baseline/wide-G8-plan_first-s12/team/r1,738808,738808,745472,745472,2,0,2,0,0,,
zone-hard-routes-20260925/wide-baseline/wide-G8-plan_first-s12/team/r2,763792,763792,770048,770048,2,0,2,0,0,,
zone-hard-routes-20260925/wide-baseline/wide-G8-plan_first-s12/team/r3,764208,764208,770048,770048,2,0,2,0,0,,
zone-hard-routes-20260925/wide-baseline/wide-G8-plan_first-s13,149894,140719,167936,151552,6,2,4,9175,16384,D5,
zone-hard-routes-20260925/wide-baseline/wide-G8-plan_first-s13/replay,7622257,7622092,7634944,7630848,5,1,4,165,4096,D5,
zone-hard-routes-20260925/wide-baseline/wide-G8-plan_first-s13/rgb,1362517,1362517,1429504,1429504,28,0,28,0,0,,unknown SIM timing: every 10th numeric-sorted frame + first/last (mandatory endpoints may exceed 10% for n<20)
zone-hard-routes-20260925/wide-baseline/wide-G8-plan_first-s13/team,24200,24200,32768,32768,3,0,3,0,0,,
zone-hard-routes-20260925/wide-baseline/wide-G8-plan_first-s13/team/r1,761474,761474,765952,765952,2,0,2,0,0,,
zone-hard-routes-20260925/wide-baseline/wide-G8-plan_first-s13/team/r2,759122,759122,761856,761856,2,0,2,0,0,,
zone-hard-routes-20260925/wide-baseline/wide-G8-plan_first-s13/team/r3,739410,739410,745472,745472,2,0,2,0,0,,
zone-m2-pair-20260926,12098,12098,106496,106496,26,0,26,0,0,,
zone-m2-pair-20260926/dev1-701-on,1392703,1392703,1409024,1409024,9,0,9,0,0,,
zone-m2-pair-20260926/dev1-701-on/inputs,13723892,1380128,15355904,1536000,785,707,78,12343764,13819904,D1,unknown SIM timing: every 11th numeric-sorted frame + first/last (mandatory endpoints may exceed 10% for n<20)
zone-m2-pair-20260926/dev1-702-off,1264110,1264110,1277952,1277952,9,0,9,0,0,,
zone-m2-pair-20260926/dev1-702-off/inputs,12881908,1308313,14417920,1474560,723,650,73,11573595,12943360,D1,unknown SIM timing: every 11th numeric-sorted frame + first/last (mandatory endpoints may exceed 10% for n<20)
zone-m2-pair-20260926/dev1-703-off,1212244,1212244,1224704,1224704,9,0,9,0,0,,
zone-m2-pair-20260926/dev1-703-off/inputs,10595100,1070053,12267520,1236992,678,609,69,9525047,11030528,D1,unknown SIM timing: every 11th numeric-sorted frame + first/last (mandatory endpoints may exceed 10% for n<20)
zone-m2-pair-20260926/dev1-703-on,1277336,1277336,1290240,1290240,9,0,9,0,0,,
zone-m2-pair-20260926/dev1-703-on/inputs,10595100,1070053,12267520,1236992,678,609,69,9525047,11030528,D1,unknown SIM timing: every 11th numeric-sorted frame + first/last (mandatory endpoints may exceed 10% for n<20)
zone-m2-pair-20260926/dev10-813-dv2-off,2368228,2368228,2383872,2383872,9,0,9,0,0,,
zone-m2-pair-20260926/dev10-813-dv2-off/inputs,25780856,2686298,29122560,3043328,1603,1435,168,23094558,26079232,D1,unknown SIM timing: every 11th numeric-sorted frame + first/last (mandatory endpoints may exceed 10% for n<20)
zone-m2-pair-20260926/dev10-814-dv2-off,2452030,2452030,2469888,2469888,9,0,9,0,0,,
zone-m2-pair-20260926/dev10-814-dv2-off/inputs,26894577,2765774,30482432,3137536,1690,1514,176,24128803,27344896,D1,unknown SIM timing: every 11th numeric-sorted frame + first/last (mandatory endpoints may exceed 10% for n<20)
zone-m2-pair-20260926/dev11-811-dv2-off,2307717,2307717,2326528,2326528,9,0,9,0,0,,
zone-m2-pair-20260926/dev11-811-dv2-off/inputs,25129673,2670207,28860416,3059712,1499,1337,162,22459466,25800704,D1,unknown SIM timing: every 11th numeric-sorted frame + first/last (mandatory endpoints may exceed 10% for n<20)
zone-m2-pair-20260926/dev11-813-dv2-off,2194676,2194676,2211840,2211840,9,0,9,0,0,,
zone-m2-pair-20260926/dev11-813-dv2-off/inputs,23660923,2547025,26673152,2891776,1387,1235,152,21113898,23781376,D1,unknown SIM timing: every 11th numeric-sorted frame + first/last (mandatory endpoints may exceed 10% for n<20)
zone-m2-pair-20260926/dev2-801-v2-off,1836895,1836895,1855488,1855488,9,0,9,0,0,,
zone-m2-pair-20260926/dev2-801-v2-off/inputs,26297898,2765569,29995008,3162112,1658,1485,173,23532329,26832896,D1,unknown SIM timing: every 11th numeric-sorted frame + first/last (mandatory endpoints may exceed 10% for n<20)
zone-m2-pair-20260926/dev3-701-drop-off,1280816,1280816,1294336,1294336,9,0,9,0,0,,
zone-m2-pair-20260926/dev3-701-drop-off/inputs,13804757,1332823,15388672,1482752,788,712,76,12471934,13905920,D1,unknown SIM timing: every 11th numeric-sorted frame + first/last (mandatory endpoints may exceed 10% for n<20)
zone-m2-pair-20260926/dev3-701-drop-on,1215584,1215584,1241088,1241088,9,0,9,0,0,,
zone-m2-pair-20260926/dev3-701-drop-on/inputs,12436687,1197216,13897728,1335296,697,630,67,11239471,12562432,D1,unknown SIM timing: every 11th numeric-sorted frame + first/last (mandatory endpoints may exceed 10% for n<20)
zone-m2-pair-20260926/dev4-723-v2-off,1733839,1733839,1744896,1744896,9,0,9,0,0,,
zone-m2-pair-20260926/dev4-723-v2-off/inputs,22339571,2347289,25382912,2670592,1545,1382,163,19992282,22712320,D1,unknown SIM timing: every 11th numeric-sorted frame + first/last (mandatory endpoints may exceed 10% for n<20)
zone-m2-pair-20260926/dev5-723-v2-off,1597891,1597891,1613824,1613824,9,0,9,0,0,,
zone-m2-pair-20260926/dev5-723-v2-off/inputs,18244400,1835349,20680704,2072576,1102,992,110,16409051,18608128,D1,unknown SIM timing: every 11th numeric-sorted frame + first/last (mandatory endpoints may exceed 10% for n<20)
zone-m2-pair-20260926/dev5-801-v2-off,1826709,1826709,1847296,1847296,9,0,9,0,0,,
zone-m2-pair-20260926/dev5-801-v2-off/inputs,22159841,2419063,25137152,2752512,1296,1153,143,19740778,22384640,D1,unknown SIM timing: every 11th numeric-sorted frame + first/last (mandatory endpoints may exceed 10% for n<20)
zone-m2-pair-20260926/dev6-801-v2-off,1870571,1870571,1884160,1884160,9,0,9,0,0,,
zone-m2-pair-20260926/dev6-801-v2-off/inputs,22260293,2372278,25223168,2703360,1308,1167,141,19888015,22519808,D1,unknown SIM timing: every 11th numeric-sorted frame + first/last (mandatory endpoints may exceed 10% for n<20)
zone-m2-pair-20260926/dev6-802-v2-off,1899544,1899544,1912832,1912832,9,0,9,0,0,,
zone-m2-pair-20260926/dev6-802-v2-off/inputs,22587524,2371050,25251840,2646016,1323,1181,142,20216474,22605824,D1,unknown SIM timing: every 11th numeric-sorted frame + first/last (mandatory endpoints may exceed 10% for n<20)
zone-m2-pair-20260926/dev7-801-v2-off,2275590,2275590,2297856,2297856,9,0,9,0,0,,
zone-m2-pair-20260926/dev7-801-v2-off/inputs,24215121,2601760,27561984,2973696,1444,1288,156,21613361,24588288,D1,unknown SIM timing: every 11th numeric-sorted frame + first/last (mandatory endpoints may exceed 10% for n<20)
zone-m2-pair-20260926/dev7-802-v2-off,2272052,2272052,2281472,2281472,9,0,9,0,0,,
zone-m2-pair-20260926/dev7-802-v2-off/inputs,24038191,2576943,27082752,2895872,1435,1279,156,21461248,24186880,D1,unknown SIM timing: every 11th numeric-sorted frame + first/last (mandatory endpoints may exceed 10% for n<20)
zone-m2-pair-20260926/dev9-813-dv2-off,1881030,1881030,1896448,1896448,9,0,9,0,0,,
zone-m2-pair-20260926/dev9-813-dv2-off/inputs,22122084,2321232,24875008,2637824,1281,1143,138,19800852,22237184,D1,unknown SIM timing: every 11th numeric-sorted frame + first/last (mandatory endpoints may exceed 10% for n<20)
zone-m2-pair-20260926/dev9-814-dv2-off,2342431,2342431,2359296,2359296,9,0,9,0,0,,
zone-m2-pair-20260926/dev9-814-dv2-off/inputs,26018239,2682695,29478912,3043328,1626,1456,170,23335544,26435584,D1,unknown SIM timing: every 11th numeric-sorted frame + first/last (mandatory endpoints may exceed 10% for n<20)
zone-m2-pair-20260926/stage1-3fdf011,8348,8348,69632,69632,17,0,17,0,0,,
zone-m2-pair-20260926/stage1-3fdf011/s711-off,1215490,1215490,1236992,1236992,9,0,9,0,0,,
zone-m2-pair-20260926/stage1-3fdf011/s711-off/inputs,11441972,11441972,12673024,12673024,665,0,665,0,0,,
zone-m2-pair-20260926/stage1-3fdf011/s711-on,1282103,1282103,1306624,1306624,9,0,9,0,0,,
zone-m2-pair-20260926/stage1-3fdf011/s711-on/inputs,11441972,11441972,12673024,12673024,665,0,665,0,0,,
zone-m2-pair-20260926/stage1-3fdf011/s712-off,1348208,1348208,1368064,1368064,9,0,9,0,0,,
zone-m2-pair-20260926/stage1-3fdf011/s712-off/inputs,14964953,14964953,16375808,16375808,815,0,815,0,0,,
zone-m2-pair-20260926/stage1-3fdf011/s712-on,1424727,1424727,1445888,1445888,9,0,9,0,0,,
zone-m2-pair-20260926/stage1-3fdf011/s712-on/inputs,14964953,14964953,16375808,16375808,815,0,815,0,0,,
zone-m2-pair-20260926/stage1-3fdf011/s713-off,1298241,1298241,1314816,1314816,9,0,9,0,0,,
zone-m2-pair-20260926/stage1-3fdf011/s713-off/inputs,12751838,12751838,14323712,14323712,756,0,756,0,0,,
zone-m2-pair-20260926/stage1-3fdf011/s713-on,1372526,1372526,1392640,1392640,9,0,9,0,0,,
zone-m2-pair-20260926/stage1-3fdf011/s713-on/inputs,12751838,12751838,14323712,14323712,756,0,756,0,0,,
zone-m2-pair-20260926/stage1-3fdf011/s714-off,1270286,1270286,1286144,1286144,9,0,9,0,0,,
zone-m2-pair-20260926/stage1-3fdf011/s714-off/inputs,11367501,11367501,13139968,13139968,729,0,729,0,0,,
zone-m2-pair-20260926/stage1-3fdf011/s714-on,1339430,1339430,1355776,1355776,9,0,9,0,0,,
zone-m2-pair-20260926/stage1-3fdf011/s714-on/inputs,11367501,11367501,13139968,13139968,729,0,729,0,0,,
zone-m2-pair-20260926/stage1-3fdf011/s715-off,1252731,1252731,1265664,1265664,9,0,9,0,0,,
zone-m2-pair-20260926/stage1-3fdf011/s715-off/inputs,11841518,11841518,13344768,13344768,712,0,712,0,0,,
zone-m2-pair-20260926/stage1-3fdf011/s715-on,1320646,1320646,1335296,1335296,9,0,9,0,0,,
zone-m2-pair-20260926/stage1-3fdf011/s715-on/inputs,11841518,11841518,13344768,13344768,712,0,712,0,0,,
zone-m2-pair-20260926/stage1-3fdf011/s716-off,1355870,1355870,1372160,1372160,9,0,9,0,0,,
zone-m2-pair-20260926/stage1-3fdf011/s716-off/inputs,14521430,14521430,16154624,16154624,824,0,824,0,0,,
zone-m2-pair-20260926/stage1-3fdf011/s716-on,1432751,1432751,1449984,1449984,9,0,9,0,0,,
zone-m2-pair-20260926/stage1-3fdf011/s716-on/inputs,14521430,14521430,16154624,16154624,824,0,824,0,0,,
zone-m2-pair-20260926/stage1-3fdf011/s717-off,1212430,1212430,1224704,1224704,9,0,9,0,0,,
zone-m2-pair-20260926/stage1-3fdf011/s717-off/inputs,10867752,10867752,12345344,12345344,671,0,671,0,0,,
zone-m2-pair-20260926/stage1-3fdf011/s717-on,1277786,1277786,1290240,1290240,9,0,9,0,0,,
zone-m2-pair-20260926/stage1-3fdf011/s717-on/inputs,10867752,10867752,12345344,12345344,671,0,671,0,0,,
zone-m2-pair-20260926/stage1-3fdf011/s718-off,1231675,1231675,1249280,1249280,9,0,9,0,0,,
zone-m2-pair-20260926/stage1-3fdf011/s718-off/inputs,10800166,10800166,12443648,12443648,692,0,692,0,0,,
zone-m2-pair-20260926/stage1-3fdf011/s718-on,1298681,1298681,1318912,1318912,9,0,9,0,0,,
zone-m2-pair-20260926/stage1-3fdf011/s718-on/inputs,10800166,10800166,12443648,12443648,692,0,692,0,0,,
zone-m2-pair-20260926/stage2-fa682a6,6617,6617,53248,53248,13,0,13,0,0,,
zone-m2-pair-20260926/stage2-fa682a6/s811-off,2100177,2100177,2113536,2113536,9,0,9,0,0,,
zone-m2-pair-20260926/stage2-fa682a6/s811-off/inputs,22679027,22679027,25817088,25817088,1337,0,1337,0,0,,
zone-m2-pair-20260926/stage2-fa682a6/s811-on,2139262,2139262,2154496,2154496,9,0,9,0,0,,
zone-m2-pair-20260926/stage2-fa682a6/s811-on/inputs,21973748,21973748,24928256,24928256,1283,0,1283,0,0,,
zone-m2-pair-20260926/stage2-fa682a6/s812-off,2246291,2246291,2260992,2260992,9,0,9,0,0,,
zone-m2-pair-20260926/stage2-fa682a6/s812-off/inputs,24144937,24144937,27615232,27615232,1424,0,1424,0,0,,
zone-m2-pair-20260926/stage2-fa682a6/s812-on,2401416,2401416,2416640,2416640,9,0,9,0,0,,
zone-m2-pair-20260926/stage2-fa682a6/s812-on/inputs,24144937,24144937,27615232,27615232,1424,0,1424,0,0,,
zone-m2-pair-20260926/stage2-fa682a6/s813-off,2624467,2624467,2646016,2646016,9,0,9,0,0,,
zone-m2-pair-20260926/stage2-fa682a6/s813-off/inputs,38122314,38122314,41955328,41955328,2067,0,2067,0,0,,
zone-m2-pair-20260926/stage2-fa682a6/s813-on,2792349,2792349,2813952,2813952,9,0,9,0,0,,
zone-m2-pair-20260926/stage2-fa682a6/s813-on/inputs,38307269,38307269,42151936,42151936,2079,0,2079,0,0,,
zone-m2-pair-20260926/stage2-fa682a6/s814-off,1510589,1510589,1523712,1523712,9,0,9,0,0,,
zone-m2-pair-20260926/stage2-fa682a6/s814-off/inputs,19284462,19284462,21663744,21663744,1088,0,1088,0,0,,
zone-m2-pair-20260926/stage2-fa682a6/s814-on,1547380,1547380,1568768,1568768,9,0,9,0,0,,
zone-m2-pair-20260926/stage2-fa682a6/s814-on/inputs,18676370,18676370,20992000,20992000,1047,0,1047,0,0,,
zone-m2-pair-20260926/stage2-fa682a6/s815-off,2307689,2307689,2322432,2322432,9,0,9,0,0,,
zone-m2-pair-20260926/stage2-fa682a6/s815-off/inputs,28345582,28345582,31887360,31887360,1599,0,1599,0,0,,
zone-m2-pair-20260926/stage2-fa682a6/s815-on,2401993,2401993,2416640,2416640,9,0,9,0,0,,
zone-m2-pair-20260926/stage2-fa682a6/s815-on/inputs,27686901,27686901,31051776,31051776,1548,0,1548,0,0,,
zone-m2-pair-20260926/stage2-fa682a6/s816-off,2233363,2233363,2248704,2248704,9,0,9,0,0,,
zone-m2-pair-20260926/stage2-fa682a6/s816-off/inputs,26039694,26039694,29319168,29319168,1497,0,1497,0,0,,
zone-m2-pair-20260926/stage2-fa682a6/s816-on,2275444,2275444,2297856,2297856,9,0,9,0,0,,
zone-m2-pair-20260926/stage2-fa682a6/s816-on/inputs,25329985,25329985,28426240,28426240,1443,0,1443,0,0,,
zone-m2-pair-20260926/stage2b-ed15489,4621,4621,36864,36864,11,0,11,0,0,,
zone-m2-pair-20260926/stage2b-ed15489/s821-off,2221169,2221169,2236416,2236416,9,0,9,0,0,,
zone-m2-pair-20260926/stage2b-ed15489/s821-off/inputs,23951747,23951747,27029504,27029504,1420,0,1420,0,0,,
zone-m2-pair-20260926/stage2b-ed15489/s821-on,2378140,2378140,2396160,2396160,9,0,9,0,0,,
zone-m2-pair-20260926/stage2b-ed15489/s821-on/inputs,23951747,23951747,27029504,27029504,1420,0,1420,0,0,,
zone-m2-pair-20260926/stage2b-ed15489/s822-off,2244124,2244124,2260992,2260992,9,0,9,0,0,,
zone-m2-pair-20260926/stage2b-ed15489/s822-off/inputs,24507396,24507396,27860992,27860992,1445,0,1445,0,0,,
zone-m2-pair-20260926/stage2b-ed15489/s822-on,2402368,2402368,2420736,2420736,9,0,9,0,0,,
zone-m2-pair-20260926/stage2b-ed15489/s822-on/inputs,24507396,24507396,27860992,27860992,1445,0,1445,0,0,,
zone-m2-pair-20260926/stage2b-ed15489/s823-off,2221078,2221078,2232320,2232320,9,0,9,0,0,,
zone-m2-pair-20260926/stage2b-ed15489/s823-off/inputs,23832081,23832081,27205632,27205632,1421,0,1421,0,0,,
zone-m2-pair-20260926/stage2b-ed15489/s823-on,2373754,2373754,2392064,2392064,9,0,9,0,0,,
zone-m2-pair-20260926/stage2b-ed15489/s823-on/inputs,23832081,23832081,27205632,27205632,1421,0,1421,0,0,,
zone-m2-pair-20260926/stage2b-ed15489/s824-off,2105290,2105290,2121728,2121728,9,0,9,0,0,,
zone-m2-pair-20260926/stage2b-ed15489/s824-off/inputs,23697510,23697510,26775552,26775552,1376,0,1376,0,0,,
zone-m2-pair-20260926/stage2b-ed15489/s824-on,2200275,2200275,2215936,2215936,9,0,9,0,0,,
zone-m2-pair-20260926/stage2b-ed15489/s824-on/inputs,23204756,23204756,26152960,26152960,1338,0,1338,0,0,,
zone-m2-pair-20260926/stage2b-ed15489/s825-off,671282,671282,671744,671744,2,0,2,0,0,,
zone-m2-pair-20260926/stage2b-ed15489/s825-off/inputs,22888316,22888316,26021888,26021888,1333,0,1333,0,0,,
zone-m2-pair-20260926/stage2b-ed15489/s825-on,671282,671282,671744,671744,2,0,2,0,0,,
zone-m2-pair-20260926/stage2b-ed15489/s825-on/inputs,22888316,22888316,26021888,26021888,1333,0,1333,0,0,,
zone-m2-pair-20260926/stage3-5f74873,4579,4579,36864,36864,9,0,9,0,0,,
zone-m2-pair-20260926/stage3-5f74873/s721-off,1345510,1345510,1359872,1359872,9,0,9,0,0,,
zone-m2-pair-20260926/stage3-5f74873/s721-off/inputs,14643948,14643948,16318464,16318464,865,0,865,0,0,,
zone-m2-pair-20260926/stage3-5f74873/s721-on,1285206,1285206,1302528,1302528,9,0,9,0,0,,
zone-m2-pair-20260926/stage3-5f74873/s721-on/inputs,13366086,13366086,14811136,14811136,773,0,773,0,0,,
zone-m2-pair-20260926/stage3-5f74873/s722-off,1316586,1316586,1335296,1335296,9,0,9,0,0,,
zone-m2-pair-20260926/stage3-5f74873/s722-off/inputs,13494125,13494125,15474688,15474688,826,0,826,0,0,,
zone-m2-pair-20260926/stage3-5f74873/s722-on,1257461,1257461,1273856,1273856,9,0,9,0,0,,
zone-m2-pair-20260926/stage3-5f74873/s722-on/inputs,12174692,12174692,13983744,13983744,735,0,735,0,0,,
zone-m2-pair-20260926/stage3-5f74873/s723-off,1748132,1748132,1765376,1765376,9,0,9,0,0,,
zone-m2-pair-20260926/stage3-5f74873/s723-off/inputs,27336884,27336884,30380032,30380032,1545,0,1545,0,0,,
zone-m2-pair-20260926/stage3-5f74873/s723-on,1802687,1802687,1830912,1830912,9,0,9,0,0,,
zone-m2-pair-20260926/stage3-5f74873/s723-on/inputs,26138104,26138104,29089792,29089792,1480,0,1480,0,0,,
zone-m2-pair-20260926/stage3-5f74873/s724-off,1389394,1389394,1404928,1404928,9,0,9,0,0,,
zone-m2-pair-20260926/stage3-5f74873/s724-off/inputs,16213348,16213348,18075648,18075648,890,0,890,0,0,,
zone-m2-pair-20260926/stage3-5f74873/s724-on,1341851,1341851,1355776,1355776,9,0,9,0,0,,
zone-m2-pair-20260926/stage3-5f74873/s724-on/inputs,14949899,14949899,16699392,16699392,806,0,806,0,0,,
zone-m2-pair-20260926/tensorboard-view,0,0,0,0,0,0,0,0,0,,
zone-m2-pair-20260926/tensorboard-view/0926-zone-m2-pair-stage1,0,0,0,0,0,0,0,0,0,,
zone-m2-pair-20260926/tensorboard-view/0926-zone-m2-pair-stage1/m2o-off-s711,1456,1456,4096,4096,1,0,1,0,0,,
zone-m2-pair-20260926/tensorboard-view/0926-zone-m2-pair-stage1/m2o-off-s712,1455,1455,4096,4096,1,0,1,0,0,,
zone-m2-pair-20260926/tensorboard-view/0926-zone-m2-pair-stage1/m2o-off-s713,1454,1454,4096,4096,1,0,1,0,0,,
zone-m2-pair-20260926/tensorboard-view/0926-zone-m2-pair-stage1/m2o-off-s714,1455,1455,4096,4096,1,0,1,0,0,,
zone-m2-pair-20260926/tensorboard-view/0926-zone-m2-pair-stage1/m2o-off-s715,1457,1457,4096,4096,1,0,1,0,0,,
zone-m2-pair-20260926/tensorboard-view/0926-zone-m2-pair-stage1/m2o-off-s716,1454,1454,4096,4096,1,0,1,0,0,,
zone-m2-pair-20260926/tensorboard-view/0926-zone-m2-pair-stage1/m2o-off-s717,1454,1454,4096,4096,1,0,1,0,0,,
zone-m2-pair-20260926/tensorboard-view/0926-zone-m2-pair-stage1/m2o-off-s718,1453,1453,4096,4096,1,0,1,0,0,,
zone-m2-pair-20260926/tensorboard-view/0926-zone-m2-pair-stage1/m2o-on-s711,1453,1453,4096,4096,1,0,1,0,0,,
zone-m2-pair-20260926/tensorboard-view/0926-zone-m2-pair-stage1/m2o-on-s712,1452,1452,4096,4096,1,0,1,0,0,,
zone-m2-pair-20260926/tensorboard-view/0926-zone-m2-pair-stage1/m2o-on-s713,1451,1451,4096,4096,1,0,1,0,0,,
zone-m2-pair-20260926/tensorboard-view/0926-zone-m2-pair-stage1/m2o-on-s714,1452,1452,4096,4096,1,0,1,0,0,,
zone-m2-pair-20260926/tensorboard-view/0926-zone-m2-pair-stage1/m2o-on-s715,1454,1454,4096,4096,1,0,1,0,0,,
zone-m2-pair-20260926/tensorboard-view/0926-zone-m2-pair-stage1/m2o-on-s716,1451,1451,4096,4096,1,0,1,0,0,,
zone-m2-pair-20260926/tensorboard-view/0926-zone-m2-pair-stage1/m2o-on-s717,1451,1451,4096,4096,1,0,1,0,0,,
zone-m2-pair-20260926/tensorboard-view/0926-zone-m2-pair-stage1/m2o-on-s718,1450,1450,4096,4096,1,0,1,0,0,,
zone-m2-pair-20260926/tensorboard-view/0926-zone-m2-pair-stage1/m2odev-off-s702,1453,1453,4096,4096,1,0,1,0,0,,
zone-m2-pair-20260926/tensorboard-view/0926-zone-m2-pair-stage1/m2odev-off-s703,1453,1453,4096,4096,1,0,1,0,0,,
zone-m2-pair-20260926/tensorboard-view/0926-zone-m2-pair-stage1/m2odev-on-s701,1450,1450,4096,4096,1,0,1,0,0,,
zone-m2-pair-20260926/tensorboard-view/0926-zone-m2-pair-stage1/m2odev-on-s703,1450,1450,4096,4096,1,0,1,0,0,,
zone-m2-pair-20260926/tensorboard-view/0926-zone-m2-pair-stage2,0,0,0,0,0,0,0,0,0,,
zone-m2-pair-20260926/tensorboard-view/0926-zone-m2-pair-stage2/m2d-off-s811,2855,2855,4096,4096,1,0,1,0,0,,
zone-m2-pair-20260926/tensorboard-view/0926-zone-m2-pair-stage2/m2d-off-s812,2568,2568,4096,4096,1,0,1,0,0,,
zone-m2-pair-20260926/tensorboard-view/0926-zone-m2-pair-stage2/m2d-off-s813,2722,2722,4096,4096,1,0,1,0,0,,
zone-m2-pair-20260926/tensorboard-view/0926-zone-m2-pair-stage2/m2d-off-s814,2741,2741,4096,4096,1,0,1,0,0,,
zone-m2-pair-20260926/tensorboard-view/0926-zone-m2-pair-stage2/m2d-off-s815,2850,2850,4096,4096,1,0,1,0,0,,
zone-m2-pair-20260926/tensorboard-view/0926-zone-m2-pair-stage2/m2d-off-s816,2851,2851,4096,4096,1,0,1,0,0,,
zone-m2-pair-20260926/tensorboard-view/0926-zone-m2-pair-stage2/m2d-on-s811,2831,2831,4096,4096,1,0,1,0,0,,
zone-m2-pair-20260926/tensorboard-view/0926-zone-m2-pair-stage2/m2d-on-s812,2565,2565,4096,4096,1,0,1,0,0,,
zone-m2-pair-20260926/tensorboard-view/0926-zone-m2-pair-stage2/m2d-on-s813,2696,2696,4096,4096,1,0,1,0,0,,
zone-m2-pair-20260926/tensorboard-view/0926-zone-m2-pair-stage2/m2d-on-s814,2721,2721,4096,4096,1,0,1,0,0,,
zone-m2-pair-20260926/tensorboard-view/0926-zone-m2-pair-stage2/m2d-on-s815,2830,2830,4096,4096,1,0,1,0,0,,
zone-m2-pair-20260926/tensorboard-view/0926-zone-m2-pair-stage2/m2d-on-s816,2830,2830,4096,4096,1,0,1,0,0,,
zone-m2-pair-20260926/tensorboard-view/0926-zone-m2-pair-stage2/m2ddev-off-s801,2577,2577,4096,4096,1,0,1,0,0,,
zone-m2-pair-20260926/tensorboard-view/0926-zone-m2-pair-stage2/m2ddev-off-s802,2567,2567,4096,4096,1,0,1,0,0,,
zone-m2-pair-20260926/tensorboard-view/0926-zone-m2-pair-stage2b-incomplete,0,0,0,0,0,0,0,0,0,,
zone-m2-pair-20260926/tensorboard-view/0926-zone-m2-pair-stage2b-incomplete/m2d-off-s821,2581,2581,4096,4096,1,0,1,0,0,,
zone-m2-pair-20260926/tensorboard-view/0926-zone-m2-pair-stage2b-incomplete/m2d-off-s822,2580,2580,4096,4096,1,0,1,0,0,,
zone-m2-pair-20260926/tensorboard-view/0926-zone-m2-pair-stage2b-incomplete/m2d-off-s823,2570,2570,4096,4096,1,0,1,0,0,,
zone-m2-pair-20260926/tensorboard-view/0926-zone-m2-pair-stage2b-incomplete/m2d-off-s824,2874,2874,4096,4096,1,0,1,0,0,,
zone-m2-pair-20260926/tensorboard-view/0926-zone-m2-pair-stage2b-incomplete/m2d-on-s821,2578,2578,4096,4096,1,0,1,0,0,,
zone-m2-pair-20260926/tensorboard-view/0926-zone-m2-pair-stage2b-incomplete/m2d-on-s822,2577,2577,4096,4096,1,0,1,0,0,,
zone-m2-pair-20260926/tensorboard-view/0926-zone-m2-pair-stage2b-incomplete/m2d-on-s823,2567,2567,4096,4096,1,0,1,0,0,,
zone-m2-pair-20260926/tensorboard-view/0926-zone-m2-pair-stage2b-incomplete/m2d-on-s824,2854,2854,4096,4096,1,0,1,0,0,,
zone-m2-pair-20260926/tensorboard-view/0926-zone-m2-pair-stage2b-incomplete/m2ddev-off-s801,2577,2577,4096,4096,1,0,1,0,0,,
zone-m2-pair-20260926/tensorboard-view/0926-zone-m2-pair-stage2b-incomplete/m2ddev-off-s802,2567,2567,4096,4096,1,0,1,0,0,,
zone-m2-pair-20260926/tensorboard-view/0926-zone-m2-pair-stage2b-incomplete/m2ddev-off-s811,2580,2580,4096,4096,1,0,1,0,0,,
zone-m2-pair-20260926/tensorboard-view/0926-zone-m2-pair-stage2b-incomplete/m2ddev-off-s813,2863,2863,4096,4096,1,0,1,0,0,,
zone-m2-pair-20260926/tensorboard-view/0926-zone-m2-pair-stage2b-incomplete/m2ddev-off-s814,2829,2829,4096,4096,1,0,1,0,0,,
zone-m2-pair-20260926/tensorboard-view/0926-zone-m2-pair-stage3,0,0,0,0,0,0,0,0,0,,
zone-m2-pair-20260926/tensorboard-view/0926-zone-m2-pair-stage3/m2o-off-s721-drop,2034,2034,4096,4096,1,0,1,0,0,,
zone-m2-pair-20260926/tensorboard-view/0926-zone-m2-pair-stage3/m2o-off-s722-drop,2033,2033,4096,4096,1,0,1,0,0,,
zone-m2-pair-20260926/tensorboard-view/0926-zone-m2-pair-stage3/m2o-off-s723-drop,2038,2038,4096,4096,1,0,1,0,0,,
zone-m2-pair-20260926/tensorboard-view/0926-zone-m2-pair-stage3/m2o-off-s724-drop,2034,2034,4096,4096,1,0,1,0,0,,
zone-m2-pair-20260926/tensorboard-view/0926-zone-m2-pair-stage3/m2o-on-s721-drop,2007,2007,4096,4096,1,0,1,0,0,,
zone-m2-pair-20260926/tensorboard-view/0926-zone-m2-pair-stage3/m2o-on-s722-drop,2012,2012,4096,4096,1,0,1,0,0,,
zone-m2-pair-20260926/tensorboard-view/0926-zone-m2-pair-stage3/m2o-on-s723-drop,2026,2026,4096,4096,1,0,1,0,0,,
zone-m2-pair-20260926/tensorboard-view/0926-zone-m2-pair-stage3/m2o-on-s724-drop,2009,2009,4096,4096,1,0,1,0,0,,
zone-m2-pair-20260926/tensorboard-view/0926-zone-m2-pair-stage3/m2odev-off-s701-drop,2037,2037,4096,4096,1,0,1,0,0,,
zone-m2-pair-20260926/tensorboard-view/0926-zone-m2-pair-stage3/m2odev-on-s701-drop,2010,2010,4096,4096,1,0,1,0,0,,
zone-m2-pair-kiro-20260926,4081,4081,28672,28672,7,0,7,0,0,,
zone-m2-pair-kiro-20260926/dev12-811-v3-on-openlift,2158333,2158333,2170880,2170880,9,0,9,0,0,,
zone-m2-pair-kiro-20260926/dev12-811-v3-on-openlift/inputs,21924973,2317357,24956928,2641920,1288,1149,139,19607616,22315008,D1,unknown SIM timing: every 11th numeric-sorted frame + first/last (mandatory endpoints may exceed 10% for n<20)
zone-m2-pair-kiro-20260926/dev12-824-v3-on,2431239,2431239,2453504,2453504,9,0,9,0,0,,
zone-m2-pair-kiro-20260926/dev12-824-v3-on/inputs,24411038,2617062,27840512,2990080,1459,1301,158,21793976,24850432,D1,unknown SIM timing: every 11th numeric-sorted frame + first/last (mandatory endpoints may exceed 10% for n<20)
zone-m2-pair-kiro-20260926/dev13-813-v3-on-openlift,2635448,2635448,2658304,2658304,9,0,9,0,0,,
zone-m2-pair-kiro-20260926/dev13-813-v3-on-openlift/inputs,42292312,4239419,46514176,4685824,2268,2040,228,38052893,41828352,D1,unknown SIM timing: every 11th numeric-sorted frame + first/last (mandatory endpoints may exceed 10% for n<20)
zone-m2-pair-kiro-20260926/dev13-822-v3-off,2258306,2258306,2277376,2277376,9,0,9,0,0,,
zone-m2-pair-kiro-20260926/dev13-822-v3-off/inputs,24536799,2624818,27688960,2973696,1447,1290,157,21911981,24715264,D1,unknown SIM timing: every 11th numeric-sorted frame + first/last (mandatory endpoints may exceed 10% for n<20)
zone-m2-pair-kiro-20260926/dev14-813-v3-on-openlift,1497650,1497650,1515520,1515520,9,0,9,0,0,,
zone-m2-pair-kiro-20260926/dev14-813-v3-on-openlift/inputs,18099809,1702824,20217856,1912832,988,895,93,16396985,18305024,D1,unknown SIM timing: every 11th numeric-sorted frame + first/last (mandatory endpoints may exceed 10% for n<20)
zone-m2-pair-kiro-20260926/dev14-824-v3-on,2433932,2433932,2453504,2453504,9,0,9,0,0,,
zone-m2-pair-kiro-20260926/dev14-824-v3-on/inputs,24801721,2723110,28196864,3080192,1464,1306,158,22078611,25116672,D1,unknown SIM timing: every 11th numeric-sorted frame + first/last (mandatory endpoints may exceed 10% for n<20)
zone-m2-pair-kiro-20260926/stage2b-ed15489-completion,1356,1356,12288,12288,3,0,3,0,0,,
zone-m2-pair-kiro-20260926/stage2b-ed15489-completion/s826-off,2304269,2304269,2318336,2318336,9,0,9,0,0,,
zone-m2-pair-kiro-20260926/stage2b-ed15489-completion/s826-off/inputs,25417642,25417642,29073408,29073408,1505,0,1505,0,0,,
zone-m2-pair-kiro-20260926/stage2b-ed15489-completion/s826-on,2465806,2465806,2482176,2482176,9,0,9,0,0,,
zone-m2-pair-kiro-20260926/stage2b-ed15489-completion/s826-on/inputs,25417642,25417642,29073408,29073408,1505,0,1505,0,0,,
zone-m2-pair-kiro-20260926/stage2c-ca44f66,9210,9210,65536,65536,17,0,17,0,0,,
zone-m2-pair-kiro-20260926/stage2c-ca44f66/s831-off,2219446,2219446,2236416,2236416,9,0,9,0,0,,
zone-m2-pair-kiro-20260926/stage2c-ca44f66/s831-off/inputs,23876084,23876084,27156480,27156480,1412,0,1412,0,0,,
zone-m2-pair-kiro-20260926/stage2c-ca44f66/s831-on,2371906,2371906,2392064,2392064,9,0,9,0,0,,
zone-m2-pair-kiro-20260926/stage2c-ca44f66/s831-on/inputs,23876102,23876102,27156480,27156480,1412,0,1412,0,0,,
zone-m2-pair-kiro-20260926/stage2c-ca44f66/s832-off,2307970,2307970,2322432,2322432,9,0,9,0,0,,
zone-m2-pair-kiro-20260926/stage2c-ca44f66/s832-off/inputs,25838967,25838967,29310976,29310976,1533,0,1533,0,0,,
zone-m2-pair-kiro-20260926/stage2c-ca44f66/s832-on,2466362,2466362,2482176,2482176,9,0,9,0,0,,
zone-m2-pair-kiro-20260926/stage2c-ca44f66/s832-on/inputs,25838967,25838967,29310976,29310976,1533,0,1533,0,0,,
zone-m2-pair-kiro-20260926/stage2c-ca44f66/s833-off,2163371,2163371,2179072,2179072,9,0,9,0,0,,
zone-m2-pair-kiro-20260926/stage2c-ca44f66/s833-off/inputs,24723160,24723160,28217344,28217344,1464,0,1464,0,0,,
zone-m2-pair-kiro-20260926/stage2c-ca44f66/s833-on,2128443,2128443,2146304,2146304,9,0,9,0,0,,
zone-m2-pair-kiro-20260926/stage2c-ca44f66/s833-on/inputs,22987693,22987693,25939968,25939968,1325,0,1325,0,0,,
zone-m2-pair-kiro-20260926/stage2c-ca44f66/s834-off,2228518,2228518,2244608,2244608,9,0,9,0,0,,
zone-m2-pair-kiro-20260926/stage2c-ca44f66/s834-off/inputs,24299341,24299341,27631616,27631616,1430,0,1430,0,0,,
zone-m2-pair-kiro-20260926/stage2c-ca44f66/s834-on,2384660,2384660,2404352,2404352,9,0,9,0,0,,
zone-m2-pair-kiro-20260926/stage2c-ca44f66/s834-on/inputs,24299341,24299341,27631616,27631616,1430,0,1430,0,0,,
zone-m2-pair-kiro-20260926/stage2c-ca44f66/s835-off,2296142,2296142,2310144,2310144,9,0,9,0,0,,
zone-m2-pair-kiro-20260926/stage2c-ca44f66/s835-off/inputs,25707603,25707603,29065216,29065216,1506,0,1506,0,0,,
zone-m2-pair-kiro-20260926/stage2c-ca44f66/s835-on,2456757,2456757,2473984,2473984,9,0,9,0,0,,
zone-m2-pair-kiro-20260926/stage2c-ca44f66/s835-on/inputs,25707603,25707603,29065216,29065216,1506,0,1506,0,0,,
zone-m2-pair-kiro-20260926/stage2c-ca44f66/s836-off,2282313,2282313,2297856,2297856,9,0,9,0,0,,
zone-m2-pair-kiro-20260926/stage2c-ca44f66/s836-off/inputs,24814585,24814585,28303360,28303360,1487,0,1487,0,0,,
zone-m2-pair-kiro-20260926/stage2c-ca44f66/s836-on,2442601,2442601,2461696,2461696,9,0,9,0,0,,
zone-m2-pair-kiro-20260926/stage2c-ca44f66/s836-on/inputs,24814585,24814585,28303360,28303360,1487,0,1487,0,0,,
zone-m2-pair-kiro-20260926/stage2c-ca44f66/s837-on-openlift,2201687,2201687,2220032,2220032,9,0,9,0,0,,
zone-m2-pair-kiro-20260926/stage2c-ca44f66/s837-on-openlift/inputs,23358116,23358116,26365952,26365952,1348,0,1348,0,0,,
zone-m2-pair-kiro-20260926/stage2c-ca44f66/s838-on-openlift,1501292,1501292,1515520,1515520,9,0,9,0,0,,
zone-m2-pair-kiro-20260926/stage2c-ca44f66/s838-on-openlift/inputs,18038439,18038439,20287488,20287488,999,0,999,0,0,,
zone-m2-pair-kiro-20260926/tensorboard-view,0,0,0,0,0,0,0,0,0,,
zone-m2-pair-kiro-20260926/tensorboard-view/0926-zone-m2-pair-stage2b-completion,0,0,0,0,0,0,0,0,0,,
zone-m2-pair-kiro-20260926/tensorboard-view/0926-zone-m2-pair-stage2b-completion/m2d-off-s826-completion,2594,2594,4096,4096,1,0,1,0,0,,
zone-m2-pair-kiro-20260926/tensorboard-view/0926-zone-m2-pair-stage2b-completion/m2d-on-s826-completion,2591,2591,4096,4096,1,0,1,0,0,,
zone-m2-pair-kiro-20260926/tensorboard-view/0926-zone-m2-pair-stage2c,0,0,0,0,0,0,0,0,0,,
zone-m2-pair-kiro-20260926/tensorboard-view/0926-zone-m2-pair-stage2c/m2c-v3-off-s831,2759,2759,4096,4096,1,0,1,0,0,,
zone-m2-pair-kiro-20260926/tensorboard-view/0926-zone-m2-pair-stage2c/m2c-v3-off-s832,2766,2766,4096,4096,1,0,1,0,0,,
zone-m2-pair-kiro-20260926/tensorboard-view/0926-zone-m2-pair-stage2c/m2c-v3-off-s833,3066,3066,4096,4096,1,0,1,0,0,,
zone-m2-pair-kiro-20260926/tensorboard-view/0926-zone-m2-pair-stage2c/m2c-v3-off-s834,2755,2755,4096,4096,1,0,1,0,0,,
zone-m2-pair-kiro-20260926/tensorboard-view/0926-zone-m2-pair-stage2c/m2c-v3-off-s835,2759,2759,4096,4096,1,0,1,0,0,,
zone-m2-pair-kiro-20260926/tensorboard-view/0926-zone-m2-pair-stage2c/m2c-v3-off-s836,2761,2761,4096,4096,1,0,1,0,0,,
zone-m2-pair-kiro-20260926/tensorboard-view/0926-zone-m2-pair-stage2c/m2c-v3-on-s831,2756,2756,4096,4096,1,0,1,0,0,,
zone-m2-pair-kiro-20260926/tensorboard-view/0926-zone-m2-pair-stage2c/m2c-v3-on-s832,2763,2763,4096,4096,1,0,1,0,0,,
zone-m2-pair-kiro-20260926/tensorboard-view/0926-zone-m2-pair-stage2c/m2c-v3-on-s833,3046,3046,4096,4096,1,0,1,0,0,,
zone-m2-pair-kiro-20260926/tensorboard-view/0926-zone-m2-pair-stage2c/m2c-v3-on-s834,2752,2752,4096,4096,1,0,1,0,0,,
zone-m2-pair-kiro-20260926/tensorboard-view/0926-zone-m2-pair-stage2c/m2c-v3-on-s835,2757,2757,4096,4096,1,0,1,0,0,,
zone-m2-pair-kiro-20260926/tensorboard-view/0926-zone-m2-pair-stage2c/m2c-v3-on-s836,2758,2758,4096,4096,1,0,1,0,0,,
zone-m2-pair-kiro-20260926/tensorboard-view/0926-zone-m2-pair-stage2c/m2c-v3-on-s837-openlift,3069,3069,4096,4096,1,0,1,0,0,,
zone-m2-pair-kiro-20260926/tensorboard-view/0926-zone-m2-pair-stage2c/m2c-v3-on-s838-openlift,3157,3157,4096,4096,1,0,1,0,0,,
zone-m2-pair-kiro-20260926/tensorboard-view/0926-zone-m2-pair-stage2c/m2cdev12-v3-on-s811-openlift,3069,3069,4096,4096,1,0,1,0,0,,
zone-m2-pair-kiro-20260926/tensorboard-view/0926-zone-m2-pair-stage2c/m2cdev12-v3-on-s824,2760,2760,4096,4096,1,0,1,0,0,,
zone-m2-pair-kiro-20260926/tensorboard-view/0926-zone-m2-pair-stage2c/m2cdev13-v3-off-s822,2765,2765,4096,4096,1,0,1,0,0,,
zone-m2-pair-kiro-20260926/tensorboard-view/0926-zone-m2-pair-stage2c/m2cdev13-v3-on-s813-openlift,3169,3169,4096,4096,1,0,1,0,0,,
zone-m2-pair-kiro-20260926/tensorboard-view/0926-zone-m2-pair-stage2c/m2cdev14-v3-on-s813-openlift,3158,3158,4096,4096,1,0,1,0,0,,
zone-m2-pair-kiro-20260926/tensorboard-view/0926-zone-m2-pair-stage2c/m2cdev14-v3-on-s824,2757,2757,4096,4096,1,0,1,0,0,,
zone-own-executor-20260926,2827,2827,24576,24576,6,0,6,0,0,,
zone-own-executor-20260926/dev-v2-50dba9cd,979,979,8192,8192,2,0,2,0,0,,
zone-own-executor-20260926/dev-v2-50dba9cd/dev-v2-s703,429429,429429,438272,438272,4,0,4,0,0,,
zone-own-executor-20260926/dev-v2-50dba9cd/dev-v2-s703/eval_only,1000968,1000656,1007616,1003520,4,1,3,312,4096,D5,
zone-own-executor-20260926/dev-v2-50dba9cd/dev-v2-s703/frames,0,0,0,0,0,0,0,0,0,,
zone-own-executor-20260926/dev-v2-50dba9cd/dev-v2-s703/frames/r1,12949968,2916020,14778368,3330048,755,585,170,10033948,11448320,D1,first + >=1 SIM second since last sample + last per stream/episode/leg
zone-own-executor-20260926/dev-v2-50dba9cd/dev-v2-s703/frames/r2,12597912,2645720,15126528,3170304,747,590,157,9952192,11956224,D1,first + >=1 SIM second since last sample + last per stream/episode/leg
zone-own-executor-20260926/dev-v2-50dba9cd/dev-v2-s703/frames/r3,9114147,1891155,9179136,1904640,747,592,155,7222992,7274496,D1,first + >=1 SIM second since last sample + last per stream/episode/leg
zone-own-executor-20260926/dev-v2-50dba9cd/dev-v2-s703/robots,0,0,0,0,0,0,0,0,0,,
zone-own-executor-20260926/dev-v2-50dba9cd/dev-v2-s703/robots/r1,0,0,0,0,0,0,0,0,0,,
zone-own-executor-20260926/dev-v2-50dba9cd/dev-v2-s703/robots/r1/executor,16828,16828,36864,36864,6,0,6,0,0,,
zone-own-executor-20260926/dev-v2-50dba9cd/dev-v2-s703/robots/r1/inputs,540616,540616,544768,544768,2,0,2,0,0,,
zone-own-executor-20260926/dev-v2-50dba9cd/dev-v2-s703/robots/r2,0,0,0,0,0,0,0,0,0,,
zone-own-executor-20260926/dev-v2-50dba9cd/dev-v2-s703/robots/r2/executor,4466,4466,20480,20480,6,0,6,0,0,,
zone-own-executor-20260926/dev-v2-50dba9cd/dev-v2-s703/robots/r2/inputs,430762,430762,434176,434176,2,0,2,0,0,,
zone-own-executor-20260926/dev-v2-50dba9cd/dev-v2-s703/robots/r3,0,0,0,0,0,0,0,0,0,,
zone-own-executor-20260926/dev-v2-50dba9cd/dev-v2-s703/robots/r3/executor,938,935,16384,12288,6,1,5,3,4096,D5,
zone-own-executor-20260926/dev-v2-50dba9cd/dev-v2-s703/robots/r3/inputs,406132,406132,413696,413696,2,0,2,0,0,,
zone-own-executor-20260926/dev-v2-50dba9cd/dev-v2-s703/study,4847,4847,12288,12288,3,0,3,0,0,,
zone-own-executor-20260926/plumb1,0,0,0,0,0,0,0,0,0,,
zone-own-executor-20260926/plumb1/dev-s703,3693,3693,4096,4096,1,0,1,0,0,,
zone-own-executor-20260926/plumb2,0,0,0,0,0,0,0,0,0,,
zone-own-executor-20260926/plumb2/dev-s703,421015,421015,430080,430080,4,0,4,0,0,,
zone-own-executor-20260926/plumb2/dev-s703/eval_only,126868,126556,131072,126976,4,1,3,312,4096,D5,
zone-own-executor-20260926/plumb2/dev-s703/frames,0,0,0,0,0,0,0,0,0,,
zone-own-executor-20260926/plumb2/dev-s703/frames/r1,1636930,655994,1871872,749568,96,58,38,980936,1122304,D1,first + >=1 SIM second since last sample + last per stream/episode/leg
zone-own-executor-20260926/plumb2/dev-s703/frames/r2,1605216,367862,1966080,450560,96,74,22,1237354,1515520,D1,first + >=1 SIM second since last sample + last per stream/episode/leg
zone-own-executor-20260926/plumb2/dev-s703/frames/r3,1171296,268422,1179648,270336,96,74,22,902874,909312,D1,first + >=1 SIM second since last sample + last per stream/episode/leg
zone-own-executor-20260926/plumb2/dev-s703/robots,0,0,0,0,0,0,0,0,0,,
zone-own-executor-20260926/plumb2/dev-s703/robots/r1,0,0,0,0,0,0,0,0,0,,
zone-own-executor-20260926/plumb2/dev-s703/robots/r1/executor,1284,1281,16384,12288,5,1,4,3,4096,D5,
zone-own-executor-20260926/plumb2/dev-s703/robots/r1/inputs,70984,70984,73728,73728,2,0,2,0,0,,
zone-own-executor-20260926/plumb2/dev-s703/robots/r2,0,0,0,0,0,0,0,0,0,,
zone-own-executor-20260926/plumb2/dev-s703/robots/r2/executor,435,432,12288,8192,5,1,4,3,4096,D5,
zone-own-executor-20260926/plumb2/dev-s703/robots/r2/inputs,52431,52431,57344,57344,2,0,2,0,0,,
zone-own-executor-20260926/plumb2/dev-s703/robots/r3,0,0,0,0,0,0,0,0,0,,
zone-own-executor-20260926/plumb2/dev-s703/robots/r3/executor,435,432,12288,8192,5,1,4,3,4096,D5,
zone-own-executor-20260926/plumb2/dev-s703/robots/r3/inputs,51954,51954,57344,57344,2,0,2,0,0,,
zone-own-executor-20260926/plumb2/dev-s703/study,2452,2452,12288,12288,3,0,3,0,0,,
zone-own-executor-20260926/plumb3,0,0,0,0,0,0,0,0,0,,
zone-own-executor-20260926/plumb3/dev-s703,424118,424118,430080,430080,4,0,4,0,0,,
zone-own-executor-20260926/plumb3/dev-s703/eval_only,2104994,2104994,2117632,2117632,4,0,4,0,0,,
zone-own-executor-20260926/plumb3/dev-s703/frames,0,0,0,0,0,0,0,0,0,,
zone-own-executor-20260926/plumb3/dev-s703/frames/r1,25248866,5712852,30355456,6848512,1497,1159,338,19536014,23506944,D1,first + >=1 SIM second since last sample + last per stream/episode/leg
zone-own-executor-20260926/plumb3/dev-s703/frames/r2,26296198,5201998,30777344,6103040,1632,1309,323,21094200,24674304,D1,first + >=1 SIM second since last sample + last per stream/episode/leg
zone-own-executor-20260926/plumb3/dev-s703/frames/r3,20127722,4187996,20852736,4341760,1497,1190,307,15939726,16510976,D1,first + >=1 SIM second since last sample + last per stream/episode/leg
zone-own-executor-20260926/plumb3/dev-s703/robots,0,0,0,0,0,0,0,0,0,,
zone-own-executor-20260926/plumb3/dev-s703/robots/r1,0,0,0,0,0,0,0,0,0,,
zone-own-executor-20260926/plumb3/dev-s703/robots/r1/executor,5570,5570,16384,16384,5,0,5,0,0,,
zone-own-executor-20260926/plumb3/dev-s703/robots/r1/inputs,901566,901566,905216,905216,2,0,2,0,0,,
zone-own-executor-20260926/plumb3/dev-s703/robots/r2,0,0,0,0,0,0,0,0,0,,
zone-own-executor-20260926/plumb3/dev-s703/robots/r2/executor,25807,25804,40960,36864,5,1,4,3,4096,D5,
zone-own-executor-20260926/plumb3/dev-s703/robots/r2/inputs,1060225,1060225,1064960,1064960,2,0,2,0,0,,
zone-own-executor-20260926/plumb3/dev-s703/robots/r3,0,0,0,0,0,0,0,0,0,,
zone-own-executor-20260926/plumb3/dev-s703/robots/r3/executor,4531,4531,16384,16384,5,0,5,0,0,,
zone-own-executor-20260926/plumb3/dev-s703/robots/r3/inputs,879578,879578,884736,884736,2,0,2,0,0,,
zone-own-executor-20260926/plumb3/dev-s703/study,6277,6277,12288,12288,3,0,3,0,0,,
zone-own-executor-20260926/plumb4,0,0,0,0,0,0,0,0,0,,
zone-own-executor-20260926/plumb4/dev-s703,424369,424369,430080,430080,4,0,4,0,0,,
zone-own-executor-20260926/plumb4/dev-s703/eval_only,982884,982572,991232,987136,4,1,3,312,4096,D5,
zone-own-executor-20260926/plumb4/dev-s703/frames,0,0,0,0,0,0,0,0,0,,
zone-own-executor-20260926/plumb4/dev-s703/frames/r1,5370845,1470732,6221824,1695744,316,230,86,3900113,4526080,D1,first + >=1 SIM second since last sample + last per stream/episode/leg
zone-own-executor-20260926/plumb4/dev-s703/frames/r2,6186770,635398,7577600,778240,371,332,39,5551372,6799360,D1,unknown SIM timing: every 11th numeric-sorted frame + first/last (mandatory endpoints may exceed 10% for n<20)
zone-own-executor-20260926/plumb4/dev-s703/frames/r3,10334247,2110773,10407936,2125824,847,674,173,8223474,8282112,D1,first + >=1 SIM second since last sample + last per stream/episode/leg
zone-own-executor-20260926/plumb4/dev-s703/robots,0,0,0,0,0,0,0,0,0,,
zone-own-executor-20260926/plumb4/dev-s703/robots/r1,0,0,0,0,0,0,0,0,0,,
zone-own-executor-20260926/plumb4/dev-s703/robots/r1/executor,5067,5067,16384,16384,5,0,5,0,0,,
zone-own-executor-20260926/plumb4/dev-s703/robots/r1/inputs,231603,231603,233472,233472,2,0,2,0,0,,
zone-own-executor-20260926/plumb4/dev-s703/robots/r2,0,0,0,0,0,0,0,0,0,,
zone-own-executor-20260926/plumb4/dev-s703/robots/r2/executor,1130,1127,12288,8192,5,1,4,3,4096,D5,
zone-own-executor-20260926/plumb4/dev-s703/robots/r2/inputs,202731,202731,208896,208896,2,0,2,0,0,,
zone-own-executor-20260926/plumb4/dev-s703/robots/r3,0,0,0,0,0,0,0,0,0,,
zone-own-executor-20260926/plumb4/dev-s703/robots/r3/executor,435,432,12288,8192,5,1,4,3,4096,D5,
zone-own-executor-20260926/plumb4/dev-s703/robots/r3/inputs,460669,460669,466944,466944,2,0,2,0,0,,
zone-own-executor-20260926/plumb4/dev-s703/study,4322,4322,12288,12288,3,0,3,0,0,,
zone-own-executor-20260926/plumb5,0,0,0,0,0,0,0,0,0,,
zone-own-executor-20260926/plumb5/dev-s703,421884,421884,430080,430080,4,0,4,0,0,,
zone-own-executor-20260926/plumb5/dev-s703/eval_only,930949,930637,937984,933888,4,1,3,312,4096,D5,
zone-own-executor-20260926/plumb5/dev-s703/frames,0,0,0,0,0,0,0,0,0,,
zone-own-executor-20260926/plumb5/dev-s703/frames/r1,12109344,2872469,13832192,3276800,697,532,165,9236875,10555392,D1,first + >=1 SIM second since last sample + last per stream/episode/leg
zone-own-executor-20260926/plumb5/dev-s703/frames/r2,11730343,2477710,14159872,2977792,697,550,147,9252633,11182080,D1,first + >=1 SIM second since last sample + last per stream/episode/leg
zone-own-executor-20260926/plumb5/dev-s703/frames/r3,8504097,1744743,8564736,1757184,697,554,143,6759354,6807552,D1,first + >=1 SIM second since last sample + last per stream/episode/leg
zone-own-executor-20260926/plumb5/dev-s703/robots,0,0,0,0,0,0,0,0,0,,
zone-own-executor-20260926/plumb5/dev-s703/robots/r1,0,0,0,0,0,0,0,0,0,,
zone-own-executor-20260926/plumb5/dev-s703/robots/r1/executor,4877,4874,16384,12288,5,1,4,3,4096,D5,
zone-own-executor-20260926/plumb5/dev-s703/robots/r1/inputs,505279,505279,512000,512000,2,0,2,0,0,,
zone-own-executor-20260926/plumb5/dev-s703/robots/r2,0,0,0,0,0,0,0,0,0,,
zone-own-executor-20260926/plumb5/dev-s703/robots/r2/executor,2155,2152,16384,12288,5,1,4,3,4096,D5,
zone-own-executor-20260926/plumb5/dev-s703/robots/r2/inputs,397239,397239,401408,401408,2,0,2,0,0,,
zone-own-executor-20260926/plumb5/dev-s703/robots/r3,0,0,0,0,0,0,0,0,0,,
zone-own-executor-20260926/plumb5/dev-s703/robots/r3/executor,435,432,12288,8192,5,1,4,3,4096,D5,
zone-own-executor-20260926/plumb5/dev-s703/robots/r3/inputs,378855,378855,385024,385024,2,0,2,0,0,,
zone-own-executor-20260926/plumb5/dev-s703/study,4819,4819,12288,12288,3,0,3,0,0,,
zone-own-executor-20260926/prof1,0,0,0,0,0,0,0,0,0,,
zone-own-executor-20260926/prof1/dev-s703,421014,421014,430080,430080,4,0,4,0,0,,
zone-own-executor-20260926/prof1/dev-s703/eval_only,47438,47438,53248,53248,4,0,4,0,0,,
zone-own-executor-20260926/prof1/dev-s703/frames,0,0,0,0,0,0,0,0,0,,
zone-own-executor-20260926/prof1/dev-s703/frames/r1,630802,361658,724992,417792,36,15,21,269144,307200,D1,first + >=1 SIM second since last sample + last per stream/episode/leg
zone-own-executor-20260926/prof1/dev-s703/frames/r2,601956,183931,737280,225280,36,25,11,418025,512000,D1,first + >=1 SIM second since last sample + last per stream/episode/leg
zone-own-executor-20260926/prof1/dev-s703/frames/r3,439236,134211,442368,135168,36,25,11,305025,307200,D1,first + >=1 SIM second since last sample + last per stream/episode/leg
zone-own-executor-20260926/prof1/dev-s703/robots,0,0,0,0,0,0,0,0,0,,
zone-own-executor-20260926/prof1/dev-s703/robots/r1,0,0,0,0,0,0,0,0,0,,
zone-own-executor-20260926/prof1/dev-s703/robots/r1/executor,867,864,16384,12288,5,1,4,3,4096,D5,
zone-own-executor-20260926/prof1/dev-s703/robots/r1/inputs,23584,23584,24576,24576,2,0,2,0,0,,
zone-own-executor-20260926/prof1/dev-s703/robots/r2,0,0,0,0,0,0,0,0,0,,
zone-own-executor-20260926/prof1/dev-s703/robots/r2/executor,435,432,12288,8192,5,1,4,3,4096,D5,
zone-own-executor-20260926/prof1/dev-s703/robots/r2/inputs,19693,19693,24576,24576,2,0,2,0,0,,
zone-own-executor-20260926/prof1/dev-s703/robots/r3,0,0,0,0,0,0,0,0,0,,
zone-own-executor-20260926/prof1/dev-s703/robots/r3/executor,435,432,12288,8192,5,1,4,3,4096,D5,
zone-own-executor-20260926/prof1/dev-s703/robots/r3/inputs,19514,19514,24576,24576,2,0,2,0,0,,
zone-own-executor-20260926/prof1/dev-s703/study,2452,2452,12288,12288,3,0,3,0,0,,
zone-own-executor-20260926/smoke-4371f36,1556,1556,12288,12288,3,0,3,0,0,,
zone-own-executor-20260926/smoke-4371f36/smoke-s700,428249,428249,434176,434176,4,0,4,0,0,,
zone-own-executor-20260926/smoke-4371f36/smoke-s700/eval_only,35703160,35703160,35713024,35713024,4,0,4,0,0,,
zone-own-executor-20260926/smoke-4371f36/smoke-s700/frames,0,0,0,0,0,0,0,0,0,,
zone-own-executor-20260926/smoke-4371f36/smoke-s700/frames/r1,48965622,10164798,55095296,11415552,3357,2664,693,38800824,43679744,D1,first + >=1 SIM second since last sample + last per stream/episode/leg
zone-own-executor-20260926/smoke-4371f36/smoke-s700/frames/r2,44197914,9008356,48594944,9871360,3365,2682,683,35189558,38723584,D1,first + >=1 SIM second since last sample + last per stream/episode/leg
zone-own-executor-20260926/smoke-4371f36/smoke-s700/frames/r3,55952904,11321695,66539520,13455360,3262,2602,660,44631209,53084160,D1,first + >=1 SIM second since last sample + last per stream/episode/leg
zone-own-executor-20260926/smoke-4371f36/smoke-s700/robots,0,0,0,0,0,0,0,0,0,,
zone-own-executor-20260926/smoke-4371f36/smoke-s700/robots/r1,0,0,0,0,0,0,0,0,0,,
zone-own-executor-20260926/smoke-4371f36/smoke-s700/robots/r1/executor,49224,49224,57344,57344,5,0,5,0,0,,
zone-own-executor-20260926/smoke-4371f36/smoke-s700/robots/r1/inputs,2202537,2202537,2207744,2207744,2,0,2,0,0,,
zone-own-executor-20260926/smoke-4371f36/smoke-s700/robots/r2,0,0,0,0,0,0,0,0,0,,
zone-own-executor-20260926/smoke-4371f36/smoke-s700/robots/r2/executor,57508,57508,73728,73728,5,0,5,0,0,,
zone-own-executor-20260926/smoke-4371f36/smoke-s700/robots/r2/inputs,2261533,2261533,2265088,2265088,2,0,2,0,0,,
zone-own-executor-20260926/smoke-4371f36/smoke-s700/robots/r3,0,0,0,0,0,0,0,0,0,,
zone-own-executor-20260926/smoke-4371f36/smoke-s700/robots/r3/executor,5516,5516,16384,16384,5,0,5,0,0,,
zone-own-executor-20260926/smoke-4371f36/smoke-s700/robots/r3/inputs,1890219,1890219,1892352,1892352,2,0,2,0,0,,
zone-own-executor-20260926/smoke-4371f36/smoke-s700/study,7187,7187,16384,16384,3,0,3,0,0,,
zone-own-executor-20260926/smoke-4371f36/smoke-s701,428231,428231,434176,434176,4,0,4,0,0,,
zone-own-executor-20260926/smoke-4371f36/smoke-s701/eval_only,7147048,7147048,7155712,7155712,4,0,4,0,0,,
zone-own-executor-20260926/smoke-4371f36/smoke-s701/frames,0,0,0,0,0,0,0,0,0,,
zone-own-executor-20260926/smoke-4371f36/smoke-s701/frames/r1,68278032,16005756,81268736,19017728,4803,3674,1129,52272276,62251008,D1,first + >=1 SIM second since last sample + last per stream/episode/leg
zone-own-executor-20260926/smoke-4371f36/smoke-s701/frames/r2,61160727,12338140,66760704,13479936,4900,3910,990,48822587,53280768,D1,first + >=1 SIM second since last sample + last per stream/episode/leg
zone-own-executor-20260926/smoke-4371f36/smoke-s701/frames/r3,79139216,15985190,97808384,19742720,4803,3833,970,63154026,78065664,D1,first + >=1 SIM second since last sample + last per stream/episode/leg
zone-own-executor-20260926/smoke-4371f36/smoke-s701/robots,0,0,0,0,0,0,0,0,0,,
zone-own-executor-20260926/smoke-4371f36/smoke-s701/robots/r1,0,0,0,0,0,0,0,0,0,,
zone-own-executor-20260926/smoke-4371f36/smoke-s701/robots/r1/executor,47434,47434,57344,57344,5,0,5,0,0,,
zone-own-executor-20260926/smoke-4371f36/smoke-s701/robots/r1/inputs,3272615,3272615,3276800,3276800,2,0,2,0,0,,
zone-own-executor-20260926/smoke-4371f36/smoke-s701/robots/r2,0,0,0,0,0,0,0,0,0,,
zone-own-executor-20260926/smoke-4371f36/smoke-s701/robots/r2/executor,46433,46433,57344,57344,5,0,5,0,0,,
zone-own-executor-20260926/smoke-4371f36/smoke-s701/robots/r2/inputs,2983025,2983025,2985984,2985984,2,0,2,0,0,,
zone-own-executor-20260926/smoke-4371f36/smoke-s701/robots/r3,0,0,0,0,0,0,0,0,0,,
zone-own-executor-20260926/smoke-4371f36/smoke-s701/robots/r3/executor,4965,4965,16384,16384,5,0,5,0,0,,
zone-own-executor-20260926/smoke-4371f36/smoke-s701/robots/r3/inputs,2719453,2719453,2723840,2723840,2,0,2,0,0,,
zone-own-executor-20260926/smoke-4371f36/smoke-s701/study,23682,23682,32768,32768,3,0,3,0,0,,
zone-own-executor-20260926/smoke-v2-a5b3687e,2346,2346,12288,12288,3,0,3,0,0,,
zone-own-executor-20260926/smoke-v2-a5b3687e/smoke-v2-s700,431441,431441,438272,438272,4,0,4,0,0,,
zone-own-executor-20260926/smoke-v2-a5b3687e/smoke-v2-s700/eval_only,2266488,2266488,2277376,2277376,4,0,4,0,0,,
zone-own-executor-20260926/smoke-v2-a5b3687e/smoke-v2-s700/frames,0,0,0,0,0,0,0,0,0,,
zone-own-executor-20260926/smoke-v2-a5b3687e/smoke-v2-s700/frames/r1,26984522,5839535,28758016,6197248,1700,1333,367,21144987,22560768,D1,first + >=1 SIM second since last sample + last per stream/episode/leg
zone-own-executor-20260926/smoke-v2-a5b3687e/smoke-v2-s700/frames/r2,20138643,4376581,20590592,4476928,1640,1284,356,15762062,16113664,D1,first + >=1 SIM second since last sample + last per stream/episode/leg
zone-own-executor-20260926/smoke-v2-a5b3687e/smoke-v2-s700/frames/r3,28872956,5796198,33505280,6737920,1662,1328,334,23076758,26767360,D1,first + >=1 SIM second since last sample + last per stream/episode/leg
zone-own-executor-20260926/smoke-v2-a5b3687e/smoke-v2-s700/robots,0,0,0,0,0,0,0,0,0,,
zone-own-executor-20260926/smoke-v2-a5b3687e/smoke-v2-s700/robots/r1,0,0,0,0,0,0,0,0,0,,
zone-own-executor-20260926/smoke-v2-a5b3687e/smoke-v2-s700/robots/r1/executor,33828,33828,45056,45056,6,0,6,0,0,,
zone-own-executor-20260926/smoke-v2-a5b3687e/smoke-v2-s700/robots/r1/inputs,1132583,1132583,1134592,1134592,2,0,2,0,0,,
zone-own-executor-20260926/smoke-v2-a5b3687e/smoke-v2-s700/robots/r2,0,0,0,0,0,0,0,0,0,,
zone-own-executor-20260926/smoke-v2-a5b3687e/smoke-v2-s700/robots/r2/executor,5607,5607,16384,16384,6,0,6,0,0,,
zone-own-executor-20260926/smoke-v2-a5b3687e/smoke-v2-s700/robots/r2/inputs,927703,927703,929792,929792,2,0,2,0,0,,
zone-own-executor-20260926/smoke-v2-a5b3687e/smoke-v2-s700/robots/r3,0,0,0,0,0,0,0,0,0,,
zone-own-executor-20260926/smoke-v2-a5b3687e/smoke-v2-s700/robots/r3/executor,16175,16175,28672,28672,6,0,6,0,0,,
zone-own-executor-20260926/smoke-v2-a5b3687e/smoke-v2-s700/robots/r3/inputs,971444,971444,974848,974848,2,0,2,0,0,,
zone-own-executor-20260926/smoke-v2-a5b3687e/smoke-v2-s700/study,5990,5990,12288,12288,3,0,3,0,0,,
zone-own-executor-20260926/smoke-v2-a5b3687e/smoke-v2-s701,435087,435087,442368,442368,4,0,4,0,0,,
zone-own-executor-20260926/smoke-v2-a5b3687e/smoke-v2-s701/eval_only,2252979,2252979,2265088,2265088,4,0,4,0,0,,
zone-own-executor-20260926/smoke-v2-a5b3687e/smoke-v2-s701/frames,0,0,0,0,0,0,0,0,0,,
zone-own-executor-20260926/smoke-v2-a5b3687e/smoke-v2-s701/frames/r1,20457715,4602476,26312704,5894144,1608,1247,361,15855239,20418560,D1,first + >=1 SIM second since last sample + last per stream/episode/leg
zone-own-executor-20260926/smoke-v2-a5b3687e/smoke-v2-s701/frames/r2,24097214,4915553,27492352,5623808,1707,1355,352,19181661,21868544,D1,first + >=1 SIM second since last sample + last per stream/episode/leg
zone-own-executor-20260926/smoke-v2-a5b3687e/smoke-v2-s701/frames/r3,28297632,5788110,32444416,6619136,1608,1279,329,22509522,25825280,D1,first + >=1 SIM second since last sample + last per stream/episode/leg
zone-own-executor-20260926/smoke-v2-a5b3687e/smoke-v2-s701/robots,0,0,0,0,0,0,0,0,0,,
zone-own-executor-20260926/smoke-v2-a5b3687e/smoke-v2-s701/robots/r1,0,0,0,0,0,0,0,0,0,,
zone-own-executor-20260926/smoke-v2-a5b3687e/smoke-v2-s701/robots/r1/executor,8974,8974,20480,20480,6,0,6,0,0,,
zone-own-executor-20260926/smoke-v2-a5b3687e/smoke-v2-s701/robots/r1/inputs,952555,952555,954368,954368,2,0,2,0,0,,
zone-own-executor-20260926/smoke-v2-a5b3687e/smoke-v2-s701/robots/r2,0,0,0,0,0,0,0,0,0,,
zone-own-executor-20260926/smoke-v2-a5b3687e/smoke-v2-s701/robots/r2/executor,55125,55125,65536,65536,6,0,6,0,0,,
zone-own-executor-20260926/smoke-v2-a5b3687e/smoke-v2-s701/robots/r2/inputs,1249782,1249782,1253376,1253376,2,0,2,0,0,,
zone-own-executor-20260926/smoke-v2-a5b3687e/smoke-v2-s701/robots/r3,0,0,0,0,0,0,0,0,0,,
zone-own-executor-20260926/smoke-v2-a5b3687e/smoke-v2-s701/robots/r3/executor,17499,17499,28672,28672,6,0,6,0,0,,
zone-own-executor-20260926/smoke-v2-a5b3687e/smoke-v2-s701/robots/r3/inputs,1025238,1025238,1032192,1032192,2,0,2,0,0,,
zone-own-executor-20260926/smoke-v2-a5b3687e/smoke-v2-s701/study,7000,7000,12288,12288,3,0,3,0,0,,
zone-own-executor-20260926/smoke-v3-92e0feeb,1449,1449,12288,12288,3,0,3,0,0,,
zone-own-executor-20260926/smoke-v3-92e0feeb/smoke-v3-s700,435618,435618,442368,442368,4,0,4,0,0,,
zone-own-executor-20260926/smoke-v3-92e0feeb/smoke-v3-s700/eval_only,4639158,4639158,4653056,4653056,4,0,4,0,0,,
zone-own-executor-20260926/smoke-v3-92e0feeb/smoke-v3-s700/frames,0,0,0,0,0,0,0,0,0,,
zone-own-executor-20260926/smoke-v3-92e0feeb/smoke-v3-s700/frames/r1,48194926,10014487,54767616,11333632,3348,2656,692,38180439,43433984,D1,first + >=1 SIM second since last sample + last per stream/episode/leg
zone-own-executor-20260926/smoke-v3-92e0feeb/smoke-v3-s700/frames/r2,44011887,9001899,48345088,9883648,3352,2670,682,35009988,38461440,D1,first + >=1 SIM second since last sample + last per stream/episode/leg
zone-own-executor-20260926/smoke-v3-92e0feeb/smoke-v3-s700/frames/r3,57059588,11440536,66437120,13332480,3270,2614,656,45619052,53104640,D1,first + >=1 SIM second since last sample + last per stream/episode/leg
zone-own-executor-20260926/smoke-v3-92e0feeb/smoke-v3-s700/robots,0,0,0,0,0,0,0,0,0,,
zone-own-executor-20260926/smoke-v3-92e0feeb/smoke-v3-s700/robots/r1,0,0,0,0,0,0,0,0,0,,
zone-own-executor-20260926/smoke-v3-92e0feeb/smoke-v3-s700/robots/r1/executor,58786,58786,73728,73728,6,0,6,0,0,,
zone-own-executor-20260926/smoke-v3-92e0feeb/smoke-v3-s700/robots/r1/inputs,2193825,2193825,2195456,2195456,2,0,2,0,0,,
zone-own-executor-20260926/smoke-v3-92e0feeb/smoke-v3-s700/robots/r2,0,0,0,0,0,0,0,0,0,,
zone-own-executor-20260926/smoke-v3-92e0feeb/smoke-v3-s700/robots/r2/executor,67171,67171,81920,81920,6,0,6,0,0,,
zone-own-executor-20260926/smoke-v3-92e0feeb/smoke-v3-s700/robots/r2/inputs,2266810,2266810,2269184,2269184,2,0,2,0,0,,
zone-own-executor-20260926/smoke-v3-92e0feeb/smoke-v3-s700/robots/r3,0,0,0,0,0,0,0,0,0,,
zone-own-executor-20260926/smoke-v3-92e0feeb/smoke-v3-s700/robots/r3/executor,16289,16289,28672,28672,6,0,6,0,0,,
zone-own-executor-20260926/smoke-v3-92e0feeb/smoke-v3-s700/robots/r3/inputs,1833129,1833129,1839104,1839104,2,0,2,0,0,,
zone-own-executor-20260926/smoke-v3-92e0feeb/smoke-v3-s700/study,7394,7394,16384,16384,3,0,3,0,0,,
zone-own-executor-20260926/smoke-v3-92e0feeb/smoke-v3-s701,437586,437586,446464,446464,4,0,4,0,0,,
zone-own-executor-20260926/smoke-v3-92e0feeb/smoke-v3-s701/eval_only,3953324,3953324,3964928,3964928,4,0,4,0,0,,
zone-own-executor-20260926/smoke-v3-92e0feeb/smoke-v3-s701/frames,0,0,0,0,0,0,0,0,0,,
zone-own-executor-20260926/smoke-v3-92e0feeb/smoke-v3-s701/frames/r1,37388640,8146742,45621248,9940992,2764,2160,604,29241898,35680256,D1,first + >=1 SIM second since last sample + last per stream/episode/leg
zone-own-executor-20260926/smoke-v3-92e0feeb/smoke-v3-s701/frames/r2,37538050,7621157,41717760,8495104,2860,2276,584,29916893,33222656,D1,first + >=1 SIM second since last sample + last per stream/episode/leg
zone-own-executor-20260926/smoke-v3-92e0feeb/smoke-v3-s701/frames/r3,44074866,8543094,51404800,9961472,2904,2343,561,35531772,41443328,D1,first + >=1 SIM second since last sample + last per stream/episode/leg
zone-own-executor-20260926/smoke-v3-92e0feeb/smoke-v3-s701/robots,0,0,0,0,0,0,0,0,0,,
zone-own-executor-20260926/smoke-v3-92e0feeb/smoke-v3-s701/robots/r1,0,0,0,0,0,0,0,0,0,,
zone-own-executor-20260926/smoke-v3-92e0feeb/smoke-v3-s701/robots/r1/executor,16651,16651,24576,24576,6,0,6,0,0,,
zone-own-executor-20260926/smoke-v3-92e0feeb/smoke-v3-s701/robots/r1/inputs,1682533,1682533,1687552,1687552,2,0,2,0,0,,
zone-own-executor-20260926/smoke-v3-92e0feeb/smoke-v3-s701/robots/r2,0,0,0,0,0,0,0,0,0,,
zone-own-executor-20260926/smoke-v3-92e0feeb/smoke-v3-s701/robots/r2/executor,54438,54438,65536,65536,6,0,6,0,0,,
zone-own-executor-20260926/smoke-v3-92e0feeb/smoke-v3-s701/robots/r2/inputs,1874064,1874064,1880064,1880064,2,0,2,0,0,,
zone-own-executor-20260926/smoke-v3-92e0feeb/smoke-v3-s701/robots/r3,0,0,0,0,0,0,0,0,0,,
zone-own-executor-20260926/smoke-v3-92e0feeb/smoke-v3-s701/robots/r3/executor,80224,80224,90112,90112,6,0,6,0,0,,
zone-own-executor-20260926/smoke-v3-92e0feeb/smoke-v3-s701/robots/r3/inputs,2032514,2032514,2039808,2039808,2,0,2,0,0,,
zone-own-executor-20260926/smoke-v3-92e0feeb/smoke-v3-s701/study,9402,9402,16384,16384,3,0,3,0,0,,
zone-own-executor-20260926/tensorboard-view-smoke-4371f36,0,0,0,0,0,0,0,0,0,,
zone-own-executor-20260926/tensorboard-view-smoke-4371f36/exec-s700-r1,1630,1630,4096,4096,1,0,1,0,0,,
zone-own-executor-20260926/tensorboard-view-smoke-4371f36/exec-s700-r2,1630,1630,4096,4096,1,0,1,0,0,,
zone-own-executor-20260926/tensorboard-view-smoke-4371f36/exec-s700-r3,1785,1785,4096,4096,1,0,1,0,0,,
zone-own-executor-20260926/tensorboard-view-smoke-4371f36/exec-s701-r1,1810,1810,4096,4096,1,0,1,0,0,,
zone-own-executor-20260926/tensorboard-view-smoke-4371f36/exec-s701-r2,1627,1627,4096,4096,1,0,1,0,0,,
zone-own-executor-20260926/tensorboard-view-smoke-4371f36/exec-s701-r3,1787,1787,4096,4096,1,0,1,0,0,,
zone-own-executor-20260926/tensorboard-view-smoke-4371f36/m1base-dev-a8-m1dev-s93,1331,1331,4096,4096,1,0,1,0,0,,
zone-own-executor-20260926/tensorboard-view-smoke-4371f36/m1base-dev-a8-m1devdiag-s95,1339,1339,4096,4096,1,0,1,0,0,,
zone-own-executor-20260926/tensorboard-view-smoke-v2-a5b3687e,0,0,0,0,0,0,0,0,0,,
zone-own-executor-20260926/tensorboard-view-smoke-v2-a5b3687e/exec2-s700-r1,2686,2686,4096,4096,1,0,1,0,0,,
zone-own-executor-20260926/tensorboard-view-smoke-v2-a5b3687e/exec2-s700-r2,2774,2774,4096,4096,1,0,1,0,0,,
zone-own-executor-20260926/tensorboard-view-smoke-v2-a5b3687e/exec2-s700-r3,2757,2757,4096,4096,1,0,1,0,0,,
zone-own-executor-20260926/tensorboard-view-smoke-v2-a5b3687e/exec2-s701-r1,2775,2775,4096,4096,1,0,1,0,0,,
zone-own-executor-20260926/tensorboard-view-smoke-v2-a5b3687e/exec2-s701-r2,2612,2612,4096,4096,1,0,1,0,0,,
zone-own-executor-20260926/tensorboard-view-smoke-v2-a5b3687e/exec2-s701-r3,2750,2750,4096,4096,1,0,1,0,0,,
zone-own-executor-20260926/tensorboard-view-smoke-v3-92e0feeb,0,0,0,0,0,0,0,0,0,,
zone-own-executor-20260926/tensorboard-view-smoke-v3-92e0feeb/exec3-s700-r1,2615,2615,4096,4096,1,0,1,0,0,,
zone-own-executor-20260926/tensorboard-view-smoke-v3-92e0feeb/exec3-s700-r2,2615,2615,4096,4096,1,0,1,0,0,,
zone-own-executor-20260926/tensorboard-view-smoke-v3-92e0feeb/exec3-s700-r3,2757,2757,4096,4096,1,0,1,0,0,,
zone-own-executor-20260926/tensorboard-view-smoke-v3-92e0feeb/exec3-s701-r1,2776,2776,4096,4096,1,0,1,0,0,,
zone-own-executor-20260926/tensorboard-view-smoke-v3-92e0feeb/exec3-s701-r2,2612,2612,4096,4096,1,0,1,0,0,,
zone-own-executor-20260926/tensorboard-view-smoke-v3-92e0feeb/exec3-s701-r3,2615,2615,4096,4096,1,0,1,0,0,,
zone-owncam-pair-20260926,0,0,0,0,0,0,0,0,0,,
zone-owncam-pair-20260926/cohort-31d16b0,2454,2454,4096,4096,1,0,1,0,0,,
zone-owncam-pair-20260926/cohort-31d16b0/O,1033,1033,16384,16384,4,0,4,0,0,,
zone-owncam-pair-20260926/cohort-31d16b0/O/611,311104,311104,327680,327680,6,0,6,0,0,,
zone-owncam-pair-20260926/cohort-31d16b0/O/611/inputs,2571156,268332,2981888,307200,186,167,19,2302824,2674688,D1,unknown SIM timing: every 12th numeric-sorted frame + first/last (mandatory endpoints may exceed 10% for n<20); unknown SIM timing: every 13th numeric-sorted frame + first/last (mandatory endpoints may exceed 10% for n<20)
zone-owncam-pair-20260926/cohort-31d16b0/O/612,307218,307218,319488,319488,6,0,6,0,0,,
zone-owncam-pair-20260926/cohort-31d16b0/O/612/inputs,2577130,241508,2920448,274432,183,166,17,2335622,2646016,D1,unknown SIM timing: every 12th numeric-sorted frame + first/last (mandatory endpoints may exceed 10% for n<20); unknown SIM timing: every 13th numeric-sorted frame + first/last (mandatory endpoints may exceed 10% for n<20)
zone-owncam-pair-20260926/cohort-31d16b0/O/613,337540,337540,348160,348160,6,0,6,0,0,,
zone-owncam-pair-20260926/cohort-31d16b0/O/613/inputs,3309661,288587,3502080,307200,191,173,18,3021074,3194880,D1,unknown SIM timing: every 12th numeric-sorted frame + first/last (mandatory endpoints may exceed 10% for n<20)
zone-owncam-pair-20260926/cohort-31d16b0/O/614,336017,336017,352256,352256,6,0,6,0,0,,
zone-owncam-pair-20260926/cohort-31d16b0/O/614/inputs,2921492,296840,3653632,368640,248,224,24,2624652,3284992,D1,unknown SIM timing: every 12th numeric-sorted frame + first/last (mandatory endpoints may exceed 10% for n<20)
zone-owncam-pair-20260926/cohort-31d16b0/S,542,542,8192,8192,2,0,2,0,0,,
zone-owncam-pair-20260926/cohort-31d16b0/S/611,324268,324268,335872,335872,6,0,6,0,0,,
zone-owncam-pair-20260926/cohort-31d16b0/S/611/inputs,2650836,246959,3084288,290816,191,173,18,2403877,2793472,D1,unknown SIM timing: every 12th numeric-sorted frame + first/last (mandatory endpoints may exceed 10% for n<20); unknown SIM timing: every 13th numeric-sorted frame + first/last (mandatory endpoints may exceed 10% for n<20)
zone-owncam-pair-20260926/cohort-31d16b0/S/612,325467,325467,339968,339968,6,0,6,0,0,,
zone-owncam-pair-20260926/cohort-31d16b0/S/612/inputs,2712221,246231,3080192,282624,192,174,18,2465990,2797568,D1,unknown SIM timing: every 12th numeric-sorted frame + first/last (mandatory endpoints may exceed 10% for n<20); unknown SIM timing: every 13th numeric-sorted frame + first/last (mandatory endpoints may exceed 10% for n<20)
zone-owncam-pair-20260926/cohort-v2-5efffcd,4880,4880,8192,8192,1,0,1,0,0,,
zone-owncam-pair-20260926/cohort-v2-5efffcd/OFF,1632,1632,24576,24576,6,0,6,0,0,,
zone-owncam-pair-20260926/cohort-v2-5efffcd/OFF/621,347704,347704,360448,360448,7,0,7,0,0,,
zone-owncam-pair-20260926/cohort-v2-5efffcd/OFF/621/inputs,3417480,334855,3952640,385024,233,211,22,3082625,3567616,D1,unknown SIM timing: every 12th numeric-sorted frame + first/last (mandatory endpoints may exceed 10% for n<20)
zone-owncam-pair-20260926/cohort-v2-5efffcd/OFF/622,354157,354157,368640,368640,7,0,7,0,0,,
zone-owncam-pair-20260926/cohort-v2-5efffcd/OFF/622/inputs,3543188,356270,4096000,409600,240,216,24,3186918,3686400,D1,unknown SIM timing: every 11th numeric-sorted frame + first/last (mandatory endpoints may exceed 10% for n<20)
zone-owncam-pair-20260926/cohort-v2-5efffcd/OFF/623,384873,384873,397312,397312,7,0,7,0,0,,
zone-owncam-pair-20260926/cohort-v2-5efffcd/OFF/623/inputs,4012330,392624,4595712,450560,269,243,26,3619706,4145152,D1,unknown SIM timing: every 12th numeric-sorted frame + first/last (mandatory endpoints may exceed 10% for n<20)
zone-owncam-pair-20260926/cohort-v2-5efffcd/OFF/624,352890,352890,368640,368640,7,0,7,0,0,,
zone-owncam-pair-20260926/cohort-v2-5efffcd/OFF/624/inputs,3477103,331937,4030464,385024,238,216,22,3145166,3645440,D1,unknown SIM timing: every 12th numeric-sorted frame + first/last (mandatory endpoints may exceed 10% for n<20)
zone-owncam-pair-20260926/cohort-v2-5efffcd/OFF/625,385377,385377,397312,397312,7,0,7,0,0,,
zone-owncam-pair-20260926/cohort-v2-5efffcd/OFF/625/inputs,4101695,398107,4681728,458752,270,244,26,3703588,4222976,D1,unknown SIM timing: every 12th numeric-sorted frame + first/last (mandatory endpoints may exceed 10% for n<20)
zone-owncam-pair-20260926/cohort-v2-5efffcd/OFF/626,302834,302834,315392,315392,7,0,7,0,0,,
zone-owncam-pair-20260926/cohort-v2-5efffcd/OFF/626/inputs,2674214,264507,2985984,294912,163,147,16,2409707,2691072,D1,unknown SIM timing: every 12th numeric-sorted frame + first/last (mandatory endpoints may exceed 10% for n<20)
zone-owncam-pair-20260926/cohort-v2-5efffcd/ON,1638,1638,24576,24576,6,0,6,0,0,,
zone-owncam-pair-20260926/cohort-v2-5efffcd/ON/621,383518,383518,397312,397312,7,0,7,0,0,,
zone-owncam-pair-20260926/cohort-v2-5efffcd/ON/621/inputs,3417480,334855,3952640,385024,233,211,22,3082625,3567616,D1,unknown SIM timing: every 12th numeric-sorted frame + first/last (mandatory endpoints may exceed 10% for n<20)
zone-owncam-pair-20260926/cohort-v2-5efffcd/ON/622,390697,390697,405504,405504,7,0,7,0,0,,
zone-owncam-pair-20260926/cohort-v2-5efffcd/ON/622/inputs,3543188,356270,4096000,409600,240,216,24,3186918,3686400,D1,unknown SIM timing: every 11th numeric-sorted frame + first/last (mandatory endpoints may exceed 10% for n<20)
zone-owncam-pair-20260926/cohort-v2-5efffcd/ON/623,425083,425083,438272,438272,7,0,7,0,0,,
zone-owncam-pair-20260926/cohort-v2-5efffcd/ON/623/inputs,4012330,392624,4595712,450560,269,243,26,3619706,4145152,D1,unknown SIM timing: every 12th numeric-sorted frame + first/last (mandatory endpoints may exceed 10% for n<20)
zone-owncam-pair-20260926/cohort-v2-5efffcd/ON/624,389196,389196,405504,405504,7,0,7,0,0,,
zone-owncam-pair-20260926/cohort-v2-5efffcd/ON/624/inputs,3477103,331937,4030464,385024,238,216,22,3145166,3645440,D1,unknown SIM timing: every 12th numeric-sorted frame + first/last (mandatory endpoints may exceed 10% for n<20)
zone-owncam-pair-20260926/cohort-v2-5efffcd/ON/625,425593,425593,438272,438272,7,0,7,0,0,,
zone-owncam-pair-20260926/cohort-v2-5efffcd/ON/625/inputs,4101695,398107,4681728,458752,270,244,26,3703588,4222976,D1,unknown SIM timing: every 12th numeric-sorted frame + first/last (mandatory endpoints may exceed 10% for n<20)
zone-owncam-pair-20260926/cohort-v2-5efffcd/ON/626,325984,325984,339968,339968,7,0,7,0,0,,
zone-owncam-pair-20260926/cohort-v2-5efffcd/ON/626/inputs,2674214,264507,2985984,294912,163,147,16,2409707,2691072,D1,unknown SIM timing: every 12th numeric-sorted frame + first/last (mandatory endpoints may exceed 10% for n<20)
zone-owncam-pair-20260926/cohort-v3-2c4326c,8872,8872,12288,12288,1,0,1,0,0,,
zone-owncam-pair-20260926/cohort-v3-2c4326c/OFF,4245,4245,40960,40960,10,0,10,0,0,,
zone-owncam-pair-20260926/cohort-v3-2c4326c/OFF/631,348515,348515,364544,364544,7,0,7,0,0,,
zone-owncam-pair-20260926/cohort-v3-2c4326c/OFF/631/inputs,3393557,341960,3862528,389120,227,205,22,3051597,3473408,D1,unknown SIM timing: every 12th numeric-sorted frame + first/last (mandatory endpoints may exceed 10% for n<20)
zone-owncam-pair-20260926/cohort-v3-2c4326c/OFF/632,359516,359516,372736,372736,7,0,7,0,0,,
zone-owncam-pair-20260926/cohort-v3-2c4326c/OFF/632/inputs,3488842,337053,4026368,385024,237,215,22,3151789,3641344,D1,unknown SIM timing: every 12th numeric-sorted frame + first/last (mandatory endpoints may exceed 10% for n<20)
zone-owncam-pair-20260926/cohort-v3-2c4326c/OFF/633,397443,397443,409600,409600,7,0,7,0,0,,
zone-owncam-pair-20260926/cohort-v3-2c4326c/OFF/633/inputs,4253822,405406,4767744,454656,275,249,26,3848416,4313088,D1,unknown SIM timing: every 12th numeric-sorted frame + first/last (mandatory endpoints may exceed 10% for n<20)
zone-owncam-pair-20260926/cohort-v3-2c4326c/OFF/634,362149,362149,372736,372736,7,0,7,0,0,,
zone-owncam-pair-20260926/cohort-v3-2c4326c/OFF/634/inputs,3426233,352113,4030464,409600,240,216,24,3074120,3620864,D1,unknown SIM timing: every 11th numeric-sorted frame + first/last (mandatory endpoints may exceed 10% for n<20)
zone-owncam-pair-20260926/cohort-v3-2c4326c/OFF/635,388730,388730,401408,401408,7,0,7,0,0,,
zone-owncam-pair-20260926/cohort-v3-2c4326c/OFF/635/inputs,3909651,397994,4542464,458752,266,240,26,3511657,4083712,D1,unknown SIM timing: every 11th numeric-sorted frame + first/last (mandatory endpoints may exceed 10% for n<20)
zone-owncam-pair-20260926/cohort-v3-2c4326c/OFF/636,369219,369219,380928,380928,7,0,7,0,0,,
zone-owncam-pair-20260926/cohort-v3-2c4326c/OFF/636/inputs,3781857,378674,4255744,421888,247,223,24,3403183,3833856,D1,unknown SIM timing: every 12th numeric-sorted frame + first/last (mandatory endpoints may exceed 10% for n<20)
zone-owncam-pair-20260926/cohort-v3-2c4326c/OFF/641,277320,277320,290816,290816,7,0,7,0,0,,
zone-owncam-pair-20260926/cohort-v3-2c4326c/OFF/641/inputs,2165343,220889,2441216,245760,141,127,14,1944454,2195456,D1,unknown SIM timing: every 12th numeric-sorted frame + first/last (mandatory endpoints may exceed 10% for n<20)
zone-owncam-pair-20260926/cohort-v3-2c4326c/OFF/642,281942,281942,290816,290816,7,0,7,0,0,,
zone-owncam-pair-20260926/cohort-v3-2c4326c/OFF/642/inputs,2256233,219164,2531328,245760,146,132,14,2037069,2285568,D1,unknown SIM timing: every 12th numeric-sorted frame + first/last (mandatory endpoints may exceed 10% for n<20)
zone-owncam-pair-20260926/cohort-v3-2c4326c/OFF/643,290518,290518,303104,303104,7,0,7,0,0,,
zone-owncam-pair-20260926/cohort-v3-2c4326c/OFF/643/inputs,2404776,226738,2736128,258048,159,144,15,2178038,2478080,D1,unknown SIM timing: every 12th numeric-sorted frame + first/last (mandatory endpoints may exceed 10% for n<20); unknown SIM timing: every 13th numeric-sorted frame + first/last (mandatory endpoints may exceed 10% for n<20)
zone-owncam-pair-20260926/cohort-v3-2c4326c/OFF/644,291273,291273,303104,303104,7,0,7,0,0,,
zone-owncam-pair-20260926/cohort-v3-2c4326c/OFF/644/inputs,2470628,250370,2760704,278528,160,144,16,2220258,2482176,D1,unknown SIM timing: every 12th numeric-sorted frame + first/last (mandatory endpoints may exceed 10% for n<20)
zone-owncam-pair-20260926/cohort-v3-2c4326c/ON,4259,4259,40960,40960,10,0,10,0,0,,
zone-owncam-pair-20260926/cohort-v3-2c4326c/ON/631,383597,383597,401408,401408,7,0,7,0,0,,
zone-owncam-pair-20260926/cohort-v3-2c4326c/ON/631/inputs,3393557,341960,3862528,389120,227,205,22,3051597,3473408,D1,unknown SIM timing: every 12th numeric-sorted frame + first/last (mandatory endpoints may exceed 10% for n<20)
zone-owncam-pair-20260926/cohort-v3-2c4326c/ON/632,395822,395822,409600,409600,7,0,7,0,0,,
zone-owncam-pair-20260926/cohort-v3-2c4326c/ON/632/inputs,3488842,337053,4026368,385024,237,215,22,3151789,3641344,D1,unknown SIM timing: every 12th numeric-sorted frame + first/last (mandatory endpoints may exceed 10% for n<20)
zone-owncam-pair-20260926/cohort-v3-2c4326c/ON/633,438397,438397,450560,450560,7,0,7,0,0,,
zone-owncam-pair-20260926/cohort-v3-2c4326c/ON/633/inputs,4253822,405406,4767744,454656,275,249,26,3848416,4313088,D1,unknown SIM timing: every 12th numeric-sorted frame + first/last (mandatory endpoints may exceed 10% for n<20)
zone-owncam-pair-20260926/cohort-v3-2c4326c/ON/634,398692,398692,409600,409600,7,0,7,0,0,,
zone-owncam-pair-20260926/cohort-v3-2c4326c/ON/634/inputs,3426233,352113,4030464,409600,240,216,24,3074120,3620864,D1,unknown SIM timing: every 11th numeric-sorted frame + first/last (mandatory endpoints may exceed 10% for n<20)
zone-owncam-pair-20260926/cohort-v3-2c4326c/ON/635,428452,428452,442368,442368,7,0,7,0,0,,
zone-owncam-pair-20260926/cohort-v3-2c4326c/ON/635/inputs,3909651,397994,4542464,458752,266,240,26,3511657,4083712,D1,unknown SIM timing: every 11th numeric-sorted frame + first/last (mandatory endpoints may exceed 10% for n<20)
zone-owncam-pair-20260926/cohort-v3-2c4326c/ON/636,406740,406740,421888,421888,7,0,7,0,0,,
zone-owncam-pair-20260926/cohort-v3-2c4326c/ON/636/inputs,3781857,378674,4255744,421888,247,223,24,3403183,3833856,D1,unknown SIM timing: every 12th numeric-sorted frame + first/last (mandatory endpoints may exceed 10% for n<20)
zone-owncam-pair-20260926/cohort-v3-2c4326c/ON/641,297798,297798,311296,311296,7,0,7,0,0,,
zone-owncam-pair-20260926/cohort-v3-2c4326c/ON/641/inputs,2165343,220889,2441216,245760,141,127,14,1944454,2195456,D1,unknown SIM timing: every 12th numeric-sorted frame + first/last (mandatory endpoints may exceed 10% for n<20)
zone-owncam-pair-20260926/cohort-v3-2c4326c/ON/642,302675,302675,315392,315392,7,0,7,0,0,,
zone-owncam-pair-20260926/cohort-v3-2c4326c/ON/642/inputs,2256233,219164,2531328,245760,146,132,14,2037069,2285568,D1,unknown SIM timing: every 12th numeric-sorted frame + first/last (mandatory endpoints may exceed 10% for n<20)
zone-owncam-pair-20260926/cohort-v3-2c4326c/ON/643,313135,313135,327680,327680,7,0,7,0,0,,
zone-owncam-pair-20260926/cohort-v3-2c4326c/ON/643/inputs,2404776,226738,2736128,258048,159,144,15,2178038,2478080,D1,unknown SIM timing: every 12th numeric-sorted frame + first/last (mandatory endpoints may exceed 10% for n<20); unknown SIM timing: every 13th numeric-sorted frame + first/last (mandatory endpoints may exceed 10% for n<20)
zone-owncam-pair-20260926/cohort-v3-2c4326c/ON/644,313663,313663,327680,327680,7,0,7,0,0,,
zone-owncam-pair-20260926/cohort-v3-2c4326c/ON/644/inputs,2470628,250370,2760704,278528,160,144,16,2220258,2482176,D1,unknown SIM timing: every 12th numeric-sorted frame + first/last (mandatory endpoints may exceed 10% for n<20)
zone-owncam-pair-20260926/dev,307,307,8192,8192,2,0,2,0,0,,
zone-owncam-pair-20260926/dev-v2,2047,2047,49152,49152,12,0,12,0,0,,
zone-owncam-pair-20260926/dev-v2/611-on-95923c1,375765,375765,389120,389120,7,0,7,0,0,,
zone-owncam-pair-20260926/dev-v2/611-on-95923c1/inputs,3273863,329836,3837952,380928,227,205,22,2944027,3457024,D1,unknown SIM timing: every 12th numeric-sorted frame + first/last (mandatory endpoints may exceed 10% for n<20)
zone-owncam-pair-20260926/dev-v2/612-off-a892890,353293,353293,364544,364544,7,0,7,0,0,,
zone-owncam-pair-20260926/dev-v2/612-off-a892890/inputs,3502343,342942,4063232,393216,239,216,23,3159401,3670016,D1,unknown SIM timing: every 11th numeric-sorted frame + first/last (mandatory endpoints may exceed 10% for n<20); unknown SIM timing: every 12th numeric-sorted frame + first/last (mandatory endpoints may exceed 10% for n<20)
zone-owncam-pair-20260926/dev-v2/613-off-0a5e5d9,367346,367346,380928,380928,7,0,7,0,0,,
zone-owncam-pair-20260926/dev-v2/613-off-0a5e5d9/inputs,3874468,374739,4276224,413696,253,229,24,3499729,3862528,D1,unknown SIM timing: every 12th numeric-sorted frame + first/last (mandatory endpoints may exceed 10% for n<20)
zone-owncam-pair-20260926/dev-v2/613-on-0a5e5d9,405473,405473,421888,421888,7,0,7,0,0,,
zone-owncam-pair-20260926/dev-v2/613-on-0a5e5d9/inputs,3874468,374739,4276224,413696,253,229,24,3499729,3862528,D1,unknown SIM timing: every 12th numeric-sorted frame + first/last (mandatory endpoints may exceed 10% for n<20)
zone-owncam-pair-20260926/dev-v2/613-on-95923c1,275539,275539,290816,290816,7,0,7,0,0,,
zone-owncam-pair-20260926/dev-v2/613-on-95923c1/inputs,1883205,190813,2072576,208896,119,107,12,1692392,1863680,D1,unknown SIM timing: every 12th numeric-sorted frame + first/last (mandatory endpoints may exceed 10% for n<20); unknown SIM timing: every 15th numeric-sorted frame + first/last (mandatory endpoints may exceed 10% for n<20)
zone-owncam-pair-20260926/dev-v2/613-on-a892890,285489,285489,299008,299008,7,0,7,0,0,,
zone-owncam-pair-20260926/dev-v2/613-on-a892890/inputs,1973176,204952,2170880,225280,125,112,13,1768224,1945600,D1,unknown SIM timing: every 13th numeric-sorted frame + first/last (mandatory endpoints may exceed 10% for n<20)
zone-owncam-pair-20260926/dev-v3,1771,1771,16384,16384,4,0,4,0,0,,
zone-owncam-pair-20260926/dev-v3/611-on-drop-r1,294882,294882,307200,307200,7,0,7,0,0,,
zone-owncam-pair-20260926/dev-v3/611-on-drop-r1/inputs,2075796,194904,2387968,225280,139,126,13,1880892,2162688,D1,unknown SIM timing: every 12th numeric-sorted frame + first/last (mandatory endpoints may exceed 10% for n<20); unknown SIM timing: every 14th numeric-sorted frame + first/last (mandatory endpoints may exceed 10% for n<20)
zone-owncam-pair-20260926/dev-v3/612-off-drop-r2,286068,286068,299008,299008,7,0,7,0,0,,
zone-owncam-pair-20260926/dev-v3/612-off-drop-r2/inputs,2290872,213083,2596864,241664,150,136,14,2077789,2355200,D1,unknown SIM timing: every 13th numeric-sorted frame + first/last (mandatory endpoints may exceed 10% for n<20)
zone-owncam-pair-20260926/dev-v3/626-off-1d2c8c7,387065,387065,401408,401408,7,0,7,0,0,,
zone-owncam-pair-20260926/dev-v3/626-off-1d2c8c7/inputs,4119635,414222,4665344,462848,265,239,26,3705413,4202496,D1,unknown SIM timing: every 11th numeric-sorted frame + first/last (mandatory endpoints may exceed 10% for n<20)
zone-owncam-pair-20260926/dev-v3/626-on-1d2c8c7,426793,426793,442368,442368,7,0,7,0,0,,
zone-owncam-pair-20260926/dev-v3/626-on-1d2c8c7/inputs,4119635,414222,4665344,462848,265,239,26,3705413,4202496,D1,unknown SIM timing: every 11th numeric-sorted frame + first/last (mandatory endpoints may exceed 10% for n<20)
zone-owncam-pair-20260926/dev/601-own-23dd8ac,288242,288242,299008,299008,5,0,5,0,0,,
zone-owncam-pair-20260926/dev/601-own-7d97bab-calib,313104,313104,323584,323584,6,0,6,0,0,,
zone-owncam-pair-20260926/dev/601-own-7d97bab-calib/inputs,2743675,263495,3239936,311296,217,197,20,2480180,2928640,D1,unknown SIM timing: every 12th numeric-sorted frame + first/last (mandatory endpoints may exceed 10% for n<20)
zone-owncam-pair-20260926/dev/601-own-9bdc9c9,192468,192468,204800,204800,5,0,5,0,0,,
zone-owncam-pair-20260926/dev/601-own-a50c65a,211402,211402,225280,225280,5,0,5,0,0,,
zone-owncam-pair-20260926/dev/601-own-cb69da2,314161,314161,323584,323584,5,0,5,0,0,,
zone-owncam-pair-20260926/dev/602-own-dd70122,333957,333957,348160,348160,6,0,6,0,0,,
zone-owncam-pair-20260926/dev/602-own-dd70122/inputs,2990741,308306,3584000,364544,246,222,24,2682435,3219456,D1,unknown SIM timing: every 12th numeric-sorted frame + first/last (mandatory endpoints may exceed 10% for n<20)
zone-owncam-pair-20260926/tensorboard-view,0,0,0,0,0,0,0,0,0,,
zone-owncam-pair-20260926/tensorboard-view/pairO-s611,1854,1854,4096,4096,1,0,1,0,0,,
zone-owncam-pair-20260926/tensorboard-view/pairO-s612,1855,1855,4096,4096,1,0,1,0,0,,
zone-owncam-pair-20260926/tensorboard-view/pairO-s613,1814,1814,4096,4096,1,0,1,0,0,,
zone-owncam-pair-20260926/tensorboard-view/pairO-s614,1807,1807,4096,4096,1,0,1,0,0,,
zone-owncam-pair-20260926/tensorboard-view/pairS-s611,1951,1951,4096,4096,1,0,1,0,0,,
zone-owncam-pair-20260926/tensorboard-view/pairS-s612,1952,1952,4096,4096,1,0,1,0,0,,
zone-owncam-pair-20260926/tensorboard-view/pairdev-601-own-7d97bab-calib,1770,1770,4096,4096,1,0,1,0,0,,
zone-owncam-pair-20260926/tensorboard-view/pairdev-602-own-dd70122,1763,1763,4096,4096,1,0,1,0,0,,
zone-owncam-pair-20260926/tensorboard-view/pairv2OFF-s621,1854,1854,4096,4096,1,0,1,0,0,,
zone-owncam-pair-20260926/tensorboard-view/pairv2OFF-s622,1856,1856,4096,4096,1,0,1,0,0,,
zone-owncam-pair-20260926/tensorboard-view/pairv2OFF-s623,1857,1857,4096,4096,1,0,1,0,0,,
zone-owncam-pair-20260926/tensorboard-view/pairv2OFF-s624,1858,1858,4096,4096,1,0,1,0,0,,
zone-owncam-pair-20260926/tensorboard-view/pairv2OFF-s625,1857,1857,4096,4096,1,0,1,0,0,,
zone-owncam-pair-20260926/tensorboard-view/pairv2OFF-s626,1939,1939,4096,4096,1,0,1,0,0,,
zone-owncam-pair-20260926/tensorboard-view/pairv2ON-s621,1851,1851,4096,4096,1,0,1,0,0,,
zone-owncam-pair-20260926/tensorboard-view/pairv2ON-s622,1853,1853,4096,4096,1,0,1,0,0,,
zone-owncam-pair-20260926/tensorboard-view/pairv2ON-s623,1854,1854,4096,4096,1,0,1,0,0,,
zone-owncam-pair-20260926/tensorboard-view/pairv2ON-s624,1855,1855,4096,4096,1,0,1,0,0,,
zone-owncam-pair-20260926/tensorboard-view/pairv2ON-s625,1854,1854,4096,4096,1,0,1,0,0,,
zone-owncam-pair-20260926/tensorboard-view/pairv2ON-s626,1949,1949,4096,4096,1,0,1,0,0,,
zone-owncam-pair-20260926/tensorboard-view/pairv2dev-611-on-95923c1,1850,1850,4096,4096,1,0,1,0,0,,
zone-owncam-pair-20260926/tensorboard-view/pairv2dev-612-off-a892890,1853,1853,4096,4096,1,0,1,0,0,,
zone-owncam-pair-20260926/tensorboard-view/pairv2dev-613-off-0a5e5d9,1853,1853,4096,4096,1,0,1,0,0,,
zone-owncam-pair-20260926/tensorboard-view/pairv2dev-613-on-0a5e5d9,1850,1850,4096,4096,1,0,1,0,0,,
zone-owncam-pair-20260926/tensorboard-view/pairv2dev-613-on-95923c1,1906,1906,4096,4096,1,0,1,0,0,,
zone-owncam-pair-20260926/tensorboard-view/pairv2dev-613-on-a892890,1945,1945,4096,4096,1,0,1,0,0,,
zone-owncam-pair-20260926/tensorboard-view/pairv3OFF-s631,2031,2031,4096,4096,1,0,1,0,0,,
zone-owncam-pair-20260926/tensorboard-view/pairv3OFF-s632,2031,2031,4096,4096,1,0,1,0,0,,
zone-owncam-pair-20260926/tensorboard-view/pairv3OFF-s633,2025,2025,4096,4096,1,0,1,0,0,,
zone-owncam-pair-20260926/tensorboard-view/pairv3OFF-s634,2029,2029,4096,4096,1,0,1,0,0,,
zone-owncam-pair-20260926/tensorboard-view/pairv3OFF-s635,2030,2030,4096,4096,1,0,1,0,0,,
zone-owncam-pair-20260926/tensorboard-view/pairv3OFF-s636,2030,2030,4096,4096,1,0,1,0,0,,
zone-owncam-pair-20260926/tensorboard-view/pairv3OFF-s641,2307,2307,4096,4096,1,0,1,0,0,,
zone-owncam-pair-20260926/tensorboard-view/pairv3OFF-s642,2310,2310,4096,4096,1,0,1,0,0,,
zone-owncam-pair-20260926/tensorboard-view/pairv3OFF-s643,2311,2311,4096,4096,1,0,1,0,0,,
zone-owncam-pair-20260926/tensorboard-view/pairv3OFF-s644,2311,2311,4096,4096,1,0,1,0,0,,
zone-owncam-pair-20260926/tensorboard-view/pairv3ON-s631,2028,2028,4096,4096,1,0,1,0,0,,
zone-owncam-pair-20260926/tensorboard-view/pairv3ON-s632,2028,2028,4096,4096,1,0,1,0,0,,
zone-owncam-pair-20260926/tensorboard-view/pairv3ON-s633,2022,2022,4096,4096,1,0,1,0,0,,
zone-owncam-pair-20260926/tensorboard-view/pairv3ON-s634,2026,2026,4096,4096,1,0,1,0,0,,
zone-owncam-pair-20260926/tensorboard-view/pairv3ON-s635,2027,2027,4096,4096,1,0,1,0,0,,
zone-owncam-pair-20260926/tensorboard-view/pairv3ON-s636,2027,2027,4096,4096,1,0,1,0,0,,
zone-owncam-pair-20260926/tensorboard-view/pairv3ON-s641,2317,2317,4096,4096,1,0,1,0,0,,
zone-owncam-pair-20260926/tensorboard-view/pairv3ON-s642,2307,2307,4096,4096,1,0,1,0,0,,
zone-owncam-pair-20260926/tensorboard-view/pairv3ON-s643,2321,2321,4096,4096,1,0,1,0,0,,
zone-owncam-pair-20260926/tensorboard-view/pairv3ON-s644,2308,2308,4096,4096,1,0,1,0,0,,
zone-owncam-pair-20260926/tensorboard-view/pairv3dev-611-on-drop-r1,2315,2315,4096,4096,1,0,1,0,0,,
zone-owncam-pair-20260926/tensorboard-view/pairv3dev-612-off-drop-r2,2305,2305,4096,4096,1,0,1,0,0,,
zone-owncam-pair-20260926/tensorboard-view/pairv3dev-626-off-1d2c8c7,2029,2029,4096,4096,1,0,1,0,0,,
zone-owncam-pair-20260926/tensorboard-view/pairv3dev-626-on-1d2c8c7,2026,2026,4096,4096,1,0,1,0,0,,
zone-owncam-skill-20260925,440,440,8192,8192,2,0,2,0,0,,
zone-owncam-skill-20260925/cohort-d016c04,3083,3083,4096,4096,1,0,1,0,0,,
zone-owncam-skill-20260925/cohort-d016c04/501,1131814,1131814,1142784,1142784,5,0,5,0,0,,
zone-owncam-skill-20260925/cohort-d016c04/501/inputs,5182867,487453,6819840,638976,555,503,52,4695414,6180864,D1,unknown SIM timing: every 11th numeric-sorted frame + first/last (mandatory endpoints may exceed 10% for n<20)
zone-owncam-skill-20260925/cohort-d016c04/502,1065588,1065588,1077248,1077248,5,0,5,0,0,,
zone-owncam-skill-20260925/cohort-d016c04/502/inputs,5079434,476701,6807552,638976,554,502,52,4602733,6168576,D1,unknown SIM timing: every 11th numeric-sorted frame + first/last (mandatory endpoints may exceed 10% for n<20)
zone-owncam-skill-20260925/cohort-d016c04/503,675439,675439,692224,692224,5,0,5,0,0,,
zone-owncam-skill-20260925/cohort-d016c04/503/inputs,2913357,286249,3297280,323584,268,242,26,2627108,2973696,D1,unknown SIM timing: every 11th numeric-sorted frame + first/last (mandatory endpoints may exceed 10% for n<20)
zone-owncam-skill-20260925/cohort-d016c04/504,1119113,1119113,1134592,1134592,5,0,5,0,0,,
zone-owncam-skill-20260925/cohort-d016c04/504/inputs,5322946,500067,6795264,638976,553,501,52,4822879,6156288,D1,unknown SIM timing: every 11th numeric-sorted frame + first/last (mandatory endpoints may exceed 10% for n<20)
zone-owncam-skill-20260925/cohort-d016c04/505,775363,775363,786432,786432,5,0,5,0,0,,
zone-owncam-skill-20260925/cohort-d016c04/505/inputs,3649265,351620,4177920,405504,332,300,32,3297645,3772416,D1,unknown SIM timing: every 11th numeric-sorted frame + first/last (mandatory endpoints may exceed 10% for n<20)
zone-owncam-skill-20260925/cohort-v2-edd075d,4288,4288,8192,8192,1,0,1,0,0,,
zone-owncam-skill-20260925/cohort-v2-edd075d/511,620593,620593,634880,634880,5,0,5,0,0,,
zone-owncam-skill-20260925/cohort-v2-edd075d/511/inputs,2662781,261353,3158016,307200,257,232,25,2401428,2850816,D1,unknown SIM timing: every 11th numeric-sorted frame + first/last (mandatory endpoints may exceed 10% for n<20)
zone-owncam-skill-20260925/cohort-v2-edd075d/512,618749,618749,634880,634880,5,0,5,0,0,,
zone-owncam-skill-20260925/cohort-v2-edd075d/512/inputs,2668843,252755,3133440,294912,254,230,24,2416088,2838528,D1,unknown SIM timing: every 11th numeric-sorted frame + first/last (mandatory endpoints may exceed 10% for n<20)
zone-owncam-skill-20260925/cohort-v2-edd075d/513,1074282,1074282,1089536,1089536,5,0,5,0,0,,
zone-owncam-skill-20260925/cohort-v2-edd075d/513/inputs,4950793,472127,5619712,540672,454,411,43,4478666,5079040,D1,unknown SIM timing: every 11th numeric-sorted frame + first/last (mandatory endpoints may exceed 10% for n<20)
zone-owncam-skill-20260925/cohort-v2-edd075d/514,1050891,1050891,1069056,1069056,5,0,5,0,0,,
zone-owncam-skill-20260925/cohort-v2-edd075d/514/inputs,5068405,477576,5931008,557056,437,396,41,4590829,5373952,D1,unknown SIM timing: every 11th numeric-sorted frame + first/last (mandatory endpoints may exceed 10% for n<20)
zone-owncam-skill-20260925/cohort-v2-edd075d/515,1155597,1155597,1167360,1167360,5,0,5,0,0,,
zone-owncam-skill-20260925/cohort-v2-edd075d/515/inputs,5001081,478087,5849088,552960,476,431,45,4522994,5296128,D1,unknown SIM timing: every 11th numeric-sorted frame + first/last (mandatory endpoints may exceed 10% for n<20)
zone-owncam-skill-20260925/cohort-v2-edd075d/516,1046609,1046609,1060864,1060864,5,0,5,0,0,,
zone-owncam-skill-20260925/cohort-v2-edd075d/516/inputs,5011150,466972,5611520,532480,429,389,40,4544178,5079040,D1,unknown SIM timing: every 11th numeric-sorted frame + first/last (mandatory endpoints may exceed 10% for n<20)
zone-owncam-skill-20260925/cohort-v2-edd075d/517,1073524,1073524,1085440,1085440,5,0,5,0,0,,
zone-owncam-skill-20260925/cohort-v2-edd075d/517/inputs,4546161,436136,5287936,503808,431,390,41,4110025,4784128,D1,unknown SIM timing: every 11th numeric-sorted frame + first/last (mandatory endpoints may exceed 10% for n<20)
zone-owncam-skill-20260925/cohort-v2-edd075d/518,1016234,1016234,1028096,1028096,5,0,5,0,0,,
zone-owncam-skill-20260925/cohort-v2-edd075d/518/inputs,4638641,435333,5279744,495616,428,388,40,4203308,4784128,D1,unknown SIM timing: every 11th numeric-sorted frame + first/last (mandatory endpoints may exceed 10% for n<20)
zone-owncam-skill-20260925/cohort-v2-edd075d/519,864471,864471,876544,876544,5,0,5,0,0,,
zone-owncam-skill-20260925/cohort-v2-edd075d/519/inputs,3967820,374586,4677632,442368,349,316,33,3593234,4235264,D1,unknown SIM timing: every 11th numeric-sorted frame + first/last (mandatory endpoints may exceed 10% for n<20)
zone-owncam-skill-20260925/cohort-v2-edd075d/520,597483,597483,614400,614400,5,0,5,0,0,,
zone-owncam-skill-20260925/cohort-v2-edd075d/520/inputs,2677641,256451,3026944,290816,241,218,23,2421190,2736128,D1,unknown SIM timing: every 11th numeric-sorted frame + first/last (mandatory endpoints may exceed 10% for n<20)
zone-owncam-skill-20260925/cohort-v3-7322a96,7907,7907,8192,8192,1,0,1,0,0,,
zone-owncam-skill-20260925/cohort-v3-7322a96/P,4194,4194,57344,57344,14,0,14,0,0,,
zone-owncam-skill-20260925/cohort-v3-7322a96/P/521,572468,572468,585728,585728,5,0,5,0,0,,
zone-owncam-skill-20260925/cohort-v3-7322a96/P/521/inputs,2484881,242548,2936832,286720,237,214,23,2242333,2650112,D1,unknown SIM timing: every 11th numeric-sorted frame + first/last (mandatory endpoints may exceed 10% for n<20)
zone-owncam-skill-20260925/cohort-v3-7322a96/P/522,845028,845028,860160,860160,5,0,5,0,0,,
zone-owncam-skill-20260925/cohort-v3-7322a96/P/522/inputs,3547015,344277,4091904,393216,333,301,32,3202738,3698688,D1,unknown SIM timing: every 11th numeric-sorted frame + first/last (mandatory endpoints may exceed 10% for n<20)
zone-owncam-skill-20260925/cohort-v3-7322a96/P/523,1005752,1005752,1019904,1019904,5,0,5,0,0,,
zone-owncam-skill-20260925/cohort-v3-7322a96/P/523/inputs,5054530,496573,5697536,557056,438,395,43,4557957,5140480,D1,unknown SIM timing: every 11th numeric-sorted frame + first/last (mandatory endpoints may exceed 10% for n<20)
zone-owncam-skill-20260925/cohort-v3-7322a96/P/524,858235,858235,872448,872448,5,0,5,0,0,,
zone-owncam-skill-20260925/cohort-v3-7322a96/P/524/inputs,3760020,357379,4268032,405504,340,308,32,3402641,3862528,D1,unknown SIM timing: every 11th numeric-sorted frame + first/last (mandatory endpoints may exceed 10% for n<20)
zone-owncam-skill-20260925/cohort-v3-7322a96/P/525,870849,870849,884736,884736,5,0,5,0,0,,
zone-owncam-skill-20260925/cohort-v3-7322a96/P/525/inputs,3832713,367807,4546560,430080,335,303,32,3464906,4116480,D1,unknown SIM timing: every 11th numeric-sorted frame + first/last (mandatory endpoints may exceed 10% for n<20)
zone-owncam-skill-20260925/cohort-v3-7322a96/P/526,820626,820626,831488,831488,5,0,5,0,0,,
zone-owncam-skill-20260925/cohort-v3-7322a96/P/526/inputs,3542537,336780,4042752,380928,327,296,31,3205757,3661824,D1,unknown SIM timing: every 11th numeric-sorted frame + first/last (mandatory endpoints may exceed 10% for n<20)
zone-owncam-skill-20260925/cohort-v3-7322a96/P/527,836881,836881,851968,851968,5,0,5,0,0,,
zone-owncam-skill-20260925/cohort-v3-7322a96/P/527/inputs,3314784,312115,3805184,360448,309,280,29,3002669,3444736,D1,unknown SIM timing: every 11th numeric-sorted frame + first/last (mandatory endpoints may exceed 10% for n<20)
zone-owncam-skill-20260925/cohort-v3-7322a96/P/528,556485,556485,573440,573440,5,0,5,0,0,,
zone-owncam-skill-20260925/cohort-v3-7322a96/P/528/inputs,2426656,242881,2813952,282624,223,201,22,2183775,2531328,D1,unknown SIM timing: every 11th numeric-sorted frame + first/last (mandatory endpoints may exceed 10% for n<20)
zone-owncam-skill-20260925/cohort-v3-7322a96/P/529,579154,579154,593920,593920,5,0,5,0,0,,
zone-owncam-skill-20260925/cohort-v3-7322a96/P/529/inputs,2512516,265544,2998272,311296,230,206,24,2246972,2686976,D1,unknown SIM timing: every 11th numeric-sorted frame + first/last (mandatory endpoints may exceed 10% for n<20)
zone-owncam-skill-20260925/cohort-v3-7322a96/P/530,857255,857255,872448,872448,5,0,5,0,0,,
zone-owncam-skill-20260925/cohort-v3-7322a96/P/530/inputs,3581033,333497,4104192,380928,331,300,31,3247536,3723264,D1,unknown SIM timing: every 11th numeric-sorted frame + first/last (mandatory endpoints may exceed 10% for n<20)
zone-owncam-skill-20260925/cohort-v3-7322a96/S,3891,3891,40960,40960,10,0,10,0,0,,
zone-owncam-skill-20260925/cohort-v3-7322a96/S/521,573014,573014,585728,585728,5,0,5,0,0,,
zone-owncam-skill-20260925/cohort-v3-7322a96/S/521/inputs,2490894,243207,2932736,282624,237,214,23,2247687,2650112,D1,unknown SIM timing: every 11th numeric-sorted frame + first/last (mandatory endpoints may exceed 10% for n<20)
zone-owncam-skill-20260925/cohort-v3-7322a96/S/522,1062104,1062104,1073152,1073152,5,0,5,0,0,,
zone-owncam-skill-20260925/cohort-v3-7322a96/S/522/inputs,4687350,447215,5443584,516096,443,401,42,4240135,4927488,D1,unknown SIM timing: every 11th numeric-sorted frame + first/last (mandatory endpoints may exceed 10% for n<20)
zone-owncam-skill-20260925/cohort-v3-7322a96/S/523,1240509,1240509,1253376,1253376,5,0,5,0,0,,
zone-owncam-skill-20260925/cohort-v3-7322a96/S/523/inputs,6362677,587469,7221248,663552,551,500,51,5775208,6557696,D1,unknown SIM timing: every 11th numeric-sorted frame + first/last (mandatory endpoints may exceed 10% for n<20)
zone-owncam-skill-20260925/cohort-v3-7322a96/S/524,1095913,1095913,1110016,1110016,5,0,5,0,0,,
zone-owncam-skill-20260925/cohort-v3-7322a96/S/524/inputs,4997695,472272,5718016,536576,457,414,43,4525423,5181440,D1,unknown SIM timing: every 11th numeric-sorted frame + first/last (mandatory endpoints may exceed 10% for n<20)
zone-owncam-skill-20260925/cohort-v3-7322a96/S/525,1090907,1090907,1101824,1101824,5,0,5,0,0,,
zone-owncam-skill-20260925/cohort-v3-7322a96/S/525/inputs,5080454,470213,5914624,548864,440,399,41,4610241,5365760,D1,unknown SIM timing: every 11th numeric-sorted frame + first/last (mandatory endpoints may exceed 10% for n<20)
zone-owncam-skill-20260925/cohort-v3-7322a96/S/526,1172873,1172873,1183744,1183744,5,0,5,0,0,,
zone-owncam-skill-20260925/cohort-v3-7322a96/S/526/inputs,5418903,503374,6258688,577536,506,459,47,4915529,5681152,D1,unknown SIM timing: every 11th numeric-sorted frame + first/last (mandatory endpoints may exceed 10% for n<20)
zone-owncam-skill-20260925/cohort-v3-7322a96/S/527,1066957,1066957,1081344,1081344,5,0,5,0,0,,
zone-owncam-skill-20260925/cohort-v3-7322a96/S/527/inputs,4444627,421199,5222400,495616,424,384,40,4023428,4726784,D1,unknown SIM timing: every 11th numeric-sorted frame + first/last (mandatory endpoints may exceed 10% for n<20)
zone-owncam-skill-20260925/cohort-v3-7322a96/S/528,556525,556525,573440,573440,5,0,5,0,0,,
zone-owncam-skill-20260925/cohort-v3-7322a96/S/528/inputs,2426280,242822,2822144,282624,223,201,22,2183458,2539520,D1,unknown SIM timing: every 11th numeric-sorted frame + first/last (mandatory endpoints may exceed 10% for n<20)
zone-owncam-skill-20260925/cohort-v3-7322a96/S/529,1090525,1090525,1101824,1101824,5,0,5,0,0,,
zone-owncam-skill-20260925/cohort-v3-7322a96/S/529/inputs,5075007,485311,5881856,565248,442,400,42,4589696,5316608,D1,unknown SIM timing: every 11th numeric-sorted frame + first/last (mandatory endpoints may exceed 10% for n<20)
zone-owncam-skill-20260925/cohort-v3-7322a96/S/530,1085372,1085372,1097728,1097728,5,0,5,0,0,,
zone-owncam-skill-20260925/cohort-v3-7322a96/S/530/inputs,4773976,443188,5558272,516096,450,408,42,4330788,5042176,D1,unknown SIM timing: every 11th numeric-sorted frame + first/last (mandatory endpoints may exceed 10% for n<20)
zone-owncam-skill-20260925/cohort-v4-6664425,4189,4189,8192,8192,1,0,1,0,0,,
zone-owncam-skill-20260925/cohort-v4-6664425/D,802,802,8192,8192,2,0,2,0,0,,
zone-owncam-skill-20260925/cohort-v4-6664425/D/531,366810,366810,380928,380928,5,0,5,0,0,,
zone-owncam-skill-20260925/cohort-v4-6664425/D/531/inputs,1666169,167343,1994752,200704,160,144,16,1498826,1794048,D1,unknown SIM timing: every 11th numeric-sorted frame + first/last (mandatory endpoints may exceed 10% for n<20)
zone-owncam-skill-20260925/cohort-v4-6664425/D/533,362677,362677,376832,376832,5,0,5,0,0,,
zone-owncam-skill-20260925/cohort-v4-6664425/D/533/inputs,1606977,141383,1916928,167936,157,143,14,1465594,1748992,D1,unknown SIM timing: every 12th numeric-sorted frame + first/last (mandatory endpoints may exceed 10% for n<20)
zone-owncam-skill-20260925/cohort-v4-6664425/P,3900,3900,40960,40960,10,0,10,0,0,,
zone-owncam-skill-20260925/cohort-v4-6664425/P/531,857931,857931,872448,872448,5,0,5,0,0,,
zone-owncam-skill-20260925/cohort-v4-6664425/P/531/inputs,3849622,366948,4558848,434176,337,305,32,3482674,4124672,D1,unknown SIM timing: every 11th numeric-sorted frame + first/last (mandatory endpoints may exceed 10% for n<20)
zone-owncam-skill-20260925/cohort-v4-6664425/P/532,886310,886310,901120,901120,5,0,5,0,0,,
zone-owncam-skill-20260925/cohort-v4-6664425/P/532/inputs,4094219,398903,4583424,438272,354,320,34,3695316,4145152,D1,unknown SIM timing: every 11th numeric-sorted frame + first/last (mandatory endpoints may exceed 10% for n<20)
zone-owncam-skill-20260925/cohort-v4-6664425/P/533,812880,812880,827392,827392,5,0,5,0,0,,
zone-owncam-skill-20260925/cohort-v4-6664425/P/533/inputs,3585282,340465,4210688,401408,319,289,30,3244817,3809280,D1,unknown SIM timing: every 11th numeric-sorted frame + first/last (mandatory endpoints may exceed 10% for n<20)
zone-owncam-skill-20260925/cohort-v4-6664425/P/534,1004414,1004414,1015808,1015808,5,0,5,0,0,,
zone-owncam-skill-20260925/cohort-v4-6664425/P/534/inputs,5101559,474262,6029312,569344,440,399,41,4627297,5459968,D1,unknown SIM timing: every 11th numeric-sorted frame + first/last (mandatory endpoints may exceed 10% for n<20)
zone-owncam-skill-20260925/cohort-v4-6664425/P/535,918977,918977,933888,933888,5,0,5,0,0,,
zone-owncam-skill-20260925/cohort-v4-6664425/P/535/inputs,3862320,362720,4419584,413696,360,326,34,3499600,4005888,D1,unknown SIM timing: every 11th numeric-sorted frame + first/last (mandatory endpoints may exceed 10% for n<20)
zone-owncam-skill-20260925/cohort-v4-6664425/P/536,836495,836495,851968,851968,5,0,5,0,0,,
zone-owncam-skill-20260925/cohort-v4-6664425/P/536/inputs,3428501,322097,3919872,368640,319,289,30,3106404,3551232,D1,unknown SIM timing: every 11th numeric-sorted frame + first/last (mandatory endpoints may exceed 10% for n<20)
zone-owncam-skill-20260925/cohort-v4-6664425/P/537,648792,648792,663552,663552,5,0,5,0,0,,
zone-owncam-skill-20260925/cohort-v4-6664425/P/537/inputs,2871620,284819,3416064,331776,266,240,26,2586801,3084288,D1,unknown SIM timing: every 11th numeric-sorted frame + first/last (mandatory endpoints may exceed 10% for n<20)
zone-owncam-skill-20260925/cohort-v4-6664425/P/538,931777,931777,946176,946176,5,0,5,0,0,,
zone-owncam-skill-20260925/cohort-v4-6664425/P/538/inputs,4438886,424987,5177344,495616,379,343,36,4013899,4681728,D1,unknown SIM timing: every 11th numeric-sorted frame + first/last (mandatory endpoints may exceed 10% for n<20)
zone-owncam-skill-20260925/cohort-v4-6664425/P/539,738528,738528,753664,753664,5,0,5,0,0,,
zone-owncam-skill-20260925/cohort-v4-6664425/P/539/inputs,3224760,304870,3686400,344064,294,266,28,2919890,3342336,D1,unknown SIM timing: every 11th numeric-sorted frame + first/last (mandatory endpoints may exceed 10% for n<20)
zone-owncam-skill-20260925/cohort-v4-6664425/P/540,860663,860663,872448,872448,5,0,5,0,0,,
zone-owncam-skill-20260925/cohort-v4-6664425/P/540/inputs,3850490,365757,4501504,430080,338,306,32,3484733,4071424,D1,unknown SIM timing: every 11th numeric-sorted frame + first/last (mandatory endpoints may exceed 10% for n<20)
zone-owncam-skill-20260925/cohort-v5-4884226,3019,3019,4096,4096,1,0,1,0,0,,
zone-owncam-skill-20260925/cohort-v5-4884226/P,1824,1824,32768,32768,8,0,8,0,0,,
zone-owncam-skill-20260925/cohort-v5-4884226/P/541,718904,718904,737280,737280,7,0,7,0,0,,
zone-owncam-skill-20260925/cohort-v5-4884226/P/541/inputs,2878289,276103,3375104,323584,271,245,26,2602186,3051520,D1,unknown SIM timing: every 11th numeric-sorted frame + first/last (mandatory endpoints may exceed 10% for n<20)
zone-owncam-skill-20260925/cohort-v5-4884226/P/542,716073,713839,733184,729088,7,1,6,2234,4096,D5,
zone-owncam-skill-20260925/cohort-v5-4884226/P/542/inputs,2744330,271415,3264512,319488,266,240,26,2472915,2945024,D1,unknown SIM timing: every 11th numeric-sorted frame + first/last (mandatory endpoints may exceed 10% for n<20)
zone-owncam-skill-20260925/cohort-v5-4884226/P/543,797719,795485,815104,811008,7,1,6,2234,4096,D5,
zone-owncam-skill-20260925/cohort-v5-4884226/P/543/inputs,3341433,328662,3784704,376832,288,260,28,3012771,3407872,D1,unknown SIM timing: every 11th numeric-sorted frame + first/last (mandatory endpoints may exceed 10% for n<20)
zone-owncam-skill-20260925/cohort-v5-4884226/P/544,1033810,1031576,1052672,1048576,7,1,6,2234,4096,D5,
zone-owncam-skill-20260925/cohort-v5-4884226/P/544/inputs,4092283,385030,4640768,434176,373,338,35,3707253,4206592,D1,unknown SIM timing: every 11th numeric-sorted frame + first/last (mandatory endpoints may exceed 10% for n<20)
zone-owncam-skill-20260925/cohort-v5-4884226/P/545,1106810,1104576,1122304,1118208,7,1,6,2234,4096,D5,
zone-owncam-skill-20260925/cohort-v5-4884226/P/545/inputs,4192407,394747,4857856,454656,394,357,37,3797660,4403200,D1,unknown SIM timing: every 11th numeric-sorted frame + first/last (mandatory endpoints may exceed 10% for n<20)
zone-owncam-skill-20260925/cohort-v5-4884226/P/546,1058551,1056317,1077248,1073152,7,1,6,2234,4096,D5,
zone-owncam-skill-20260925/cohort-v5-4884226/P/546/inputs,4275572,412098,5197824,499712,388,351,37,3863474,4698112,D1,unknown SIM timing: every 11th numeric-sorted frame + first/last (mandatory endpoints may exceed 10% for n<20)
zone-owncam-skill-20260925/cohort-v5-4884226/P/547,710990,708756,724992,720896,7,1,6,2234,4096,D5,
zone-owncam-skill-20260925/cohort-v5-4884226/P/547/inputs,3035853,291934,3493888,335872,282,255,27,2743919,3158016,D1,unknown SIM timing: every 11th numeric-sorted frame + first/last (mandatory endpoints may exceed 10% for n<20)
zone-owncam-skill-20260925/cohort-v5-4884226/P/548,864717,862483,884736,880640,7,1,6,2234,4096,D5,
zone-owncam-skill-20260925/cohort-v5-4884226/P/548/inputs,3493575,334904,4169728,405504,334,302,32,3158671,3764224,D1,unknown SIM timing: every 11th numeric-sorted frame + first/last (mandatory endpoints may exceed 10% for n<20)
zone-owncam-skill-20260925/cohort-v6-ac34651,3824,3824,4096,4096,1,0,1,0,0,,
zone-owncam-skill-20260925/cohort-v6-ac34651/P,2577,2577,40960,40960,10,0,10,0,0,,
zone-owncam-skill-20260925/cohort-v6-ac34651/P/551,655048,655048,671744,671744,7,0,7,0,0,,
zone-owncam-skill-20260925/cohort-v6-ac34651/P/551/inputs,2332367,232351,2772992,274432,224,202,22,2100016,2498560,D1,unknown SIM timing: every 11th numeric-sorted frame + first/last (mandatory endpoints may exceed 10% for n<20)
zone-owncam-skill-20260925/cohort-v6-ac34651/P/552,296669,294126,315392,311296,7,1,6,2543,4096,D5,
zone-owncam-skill-20260925/cohort-v6-ac34651/P/552/inputs,1145676,111377,1339392,131072,105,95,10,1034299,1208320,D1,unknown SIM timing: every 12th numeric-sorted frame + first/last (mandatory endpoints may exceed 10% for n<20)
zone-owncam-skill-20260925/cohort-v6-ac34651/P/553,1025297,1022754,1040384,1036288,7,1,6,2543,4096,D5,
zone-owncam-skill-20260925/cohort-v6-ac34651/P/553/inputs,3978341,382891,4489216,438272,345,312,33,3595450,4050944,D1,unknown SIM timing: every 11th numeric-sorted frame + first/last (mandatory endpoints may exceed 10% for n<20)
zone-owncam-skill-20260925/cohort-v6-ac34651/P/554,1019229,1016686,1036288,1032192,7,1,6,2543,4096,D5,
zone-owncam-skill-20260925/cohort-v6-ac34651/P/554/inputs,3621190,345552,4161536,397312,336,304,32,3275638,3764224,D1,unknown SIM timing: every 11th numeric-sorted frame + first/last (mandatory endpoints may exceed 10% for n<20)
zone-owncam-skill-20260925/cohort-v6-ac34651/P/555,1127368,1124825,1142784,1138688,7,1,6,2543,4096,D5,
zone-owncam-skill-20260925/cohort-v6-ac34651/P/555/inputs,3945088,377747,4517888,430080,368,333,35,3567341,4087808,D1,unknown SIM timing: every 11th numeric-sorted frame + first/last (mandatory endpoints may exceed 10% for n<20)
zone-owncam-skill-20260925/cohort-v6-ac34651/P/556,1102799,1100256,1118208,1114112,7,1,6,2543,4096,D5,
zone-owncam-skill-20260925/cohort-v6-ac34651/P/556/inputs,4262575,403431,5066752,479232,371,336,35,3859144,4587520,D1,unknown SIM timing: every 11th numeric-sorted frame + first/last (mandatory endpoints may exceed 10% for n<20)
zone-owncam-skill-20260925/cohort-v6-ac34651/P/557,333898,331355,352256,348160,7,1,6,2543,4096,D5,
zone-owncam-skill-20260925/cohort-v6-ac34651/P/557/inputs,1512661,156315,1736704,180224,140,126,14,1356346,1556480,D1,unknown SIM timing: every 11th numeric-sorted frame + first/last (mandatory endpoints may exceed 10% for n<20)
zone-owncam-skill-20260925/cohort-v6-ac34651/P/558,856916,854373,872448,868352,7,1,6,2543,4096,D5,
zone-owncam-skill-20260925/cohort-v6-ac34651/P/558/inputs,3108913,306311,3698688,368640,299,270,29,2802602,3330048,D1,unknown SIM timing: every 11th numeric-sorted frame + first/last (mandatory endpoints may exceed 10% for n<20)
zone-owncam-skill-20260925/cohort-v6-ac34651/P/559,1071088,1068545,1089536,1085440,7,1,6,2543,4096,D5,
zone-owncam-skill-20260925/cohort-v6-ac34651/P/559/inputs,4059195,393483,4775936,462848,355,321,34,3665712,4313088,D1,unknown SIM timing: every 11th numeric-sorted frame + first/last (mandatory endpoints may exceed 10% for n<20)
zone-owncam-skill-20260925/cohort-v6-ac34651/P/560,732695,730152,749568,745472,7,1,6,2543,4096,D5,
zone-owncam-skill-20260925/cohort-v6-ac34651/P/560/inputs,2705750,263538,3166208,311296,248,224,24,2442212,2854912,D1,unknown SIM timing: every 11th numeric-sorted frame + first/last (mandatory endpoints may exceed 10% for n<20)
zone-owncam-skill-20260925/cohort-v7-57e2fd1,6743,6743,8192,8192,1,0,1,0,0,,
zone-owncam-skill-20260925/cohort-v7-57e2fd1/P,3810,3810,77824,77824,19,0,19,0,0,,
zone-owncam-skill-20260925/cohort-v7-57e2fd1/P/561,800084,800084,815104,815104,7,0,7,0,0,,
zone-owncam-skill-20260925/cohort-v7-57e2fd1/P/561/inputs,3493991,341075,4132864,401408,312,282,30,3152916,3731456,D1,unknown SIM timing: every 11th numeric-sorted frame + first/last (mandatory endpoints may exceed 10% for n<20)
zone-owncam-skill-20260925/cohort-v7-57e2fd1/P/562,1007270,1004514,1024000,1019904,7,1,6,2756,4096,D5,
zone-owncam-skill-20260925/cohort-v7-57e2fd1/P/562/inputs,4261570,405523,4829184,458752,369,334,35,3856047,4370432,D1,unknown SIM timing: every 11th numeric-sorted frame + first/last (mandatory endpoints may exceed 10% for n<20)
zone-owncam-skill-20260925/cohort-v7-57e2fd1/P/563,1129420,1126664,1150976,1146880,7,1,6,2756,4096,D5,
zone-owncam-skill-20260925/cohort-v7-57e2fd1/P/563/inputs,4860721,467723,5603328,536576,409,370,39,4392998,5066752,D1,unknown SIM timing: every 11th numeric-sorted frame + first/last (mandatory endpoints may exceed 10% for n<20)
zone-owncam-skill-20260925/cohort-v7-57e2fd1/P/564,1110703,1107947,1130496,1126400,7,1,6,2756,4096,D5,
zone-owncam-skill-20260925/cohort-v7-57e2fd1/P/564/inputs,4680426,438037,5410816,512000,424,384,40,4242389,4898816,D1,unknown SIM timing: every 11th numeric-sorted frame + first/last (mandatory endpoints may exceed 10% for n<20)
zone-owncam-skill-20260925/cohort-v7-57e2fd1/P/565,1375278,1372522,1396736,1392640,7,1,6,2756,4096,D5,
zone-owncam-skill-20260925/cohort-v7-57e2fd1/P/565/inputs,6001062,562424,7020544,659456,504,457,47,5438638,6361088,D1,unknown SIM timing: every 11th numeric-sorted frame + first/last (mandatory endpoints may exceed 10% for n<20)
zone-owncam-skill-20260925/cohort-v7-57e2fd1/P/566,1107641,1104885,1126400,1122304,7,1,6,2756,4096,D5,
zone-owncam-skill-20260925/cohort-v7-57e2fd1/P/566/inputs,4735167,445683,5668864,536576,406,368,38,4289484,5132288,D1,unknown SIM timing: every 11th numeric-sorted frame + first/last (mandatory endpoints may exceed 10% for n<20)
zone-owncam-skill-20260925/cohort-v7-57e2fd1/P/567,1059713,1056957,1081344,1077248,7,1,6,2756,4096,D5,
zone-owncam-skill-20260925/cohort-v7-57e2fd1/P/567/inputs,4383250,422437,5074944,483328,388,351,37,3960813,4591616,D1,unknown SIM timing: every 11th numeric-sorted frame + first/last (mandatory endpoints may exceed 10% for n<20)
zone-owncam-skill-20260925/cohort-v7-57e2fd1/P/568,730712,727956,749568,745472,7,1,6,2756,4096,D5,
zone-owncam-skill-20260925/cohort-v7-57e2fd1/P/568/inputs,2570010,251025,3072000,299008,247,223,24,2318985,2772992,D1,unknown SIM timing: every 11th numeric-sorted frame + first/last (mandatory endpoints may exceed 10% for n<20)
zone-owncam-skill-20260925/cohort-v7-57e2fd1/P/569,992968,990212,1011712,1007616,7,1,6,2756,4096,D5,
zone-owncam-skill-20260925/cohort-v7-57e2fd1/P/569/inputs,3822925,367156,4456448,425984,327,296,31,3455769,4030464,D1,unknown SIM timing: every 11th numeric-sorted frame + first/last (mandatory endpoints may exceed 10% for n<20)
zone-owncam-skill-20260925/cohort-v7-57e2fd1/P/570,553982,551226,573440,569344,7,1,6,2756,4096,D5,
zone-owncam-skill-20260925/cohort-v7-57e2fd1/P/570/inputs,2310412,221294,2973696,282624,239,216,23,2089118,2691072,D1,unknown SIM timing: every 11th numeric-sorted frame + first/last (mandatory endpoints may exceed 10% for n<20)
zone-owncam-skill-20260925/cohort-v7-57e2fd1/P/571,1151879,1149123,1171456,1167360,7,1,6,2756,4096,D5,
zone-owncam-skill-20260925/cohort-v7-57e2fd1/P/571/inputs,4421359,418297,5193728,491520,408,370,38,4003062,4702208,D1,unknown SIM timing: every 11th numeric-sorted frame + first/last (mandatory endpoints may exceed 10% for n<20)
zone-owncam-skill-20260925/cohort-v7-57e2fd1/P/572,1339191,1336435,1355776,1351680,7,1,6,2756,4096,D5,
zone-owncam-skill-20260925/cohort-v7-57e2fd1/P/572/inputs,5269458,500127,6180864,585728,490,444,46,4769331,5595136,D1,unknown SIM timing: every 11th numeric-sorted frame + first/last (mandatory endpoints may exceed 10% for n<20)
zone-owncam-skill-20260925/cohort-v8-39f214c,4223,4223,8192,8192,1,0,1,0,0,,
zone-owncam-skill-20260925/cohort-v8-39f214c/P,3024,3024,45056,45056,11,0,11,0,0,,
zone-owncam-skill-20260925/cohort-v8-39f214c/P/581,1281743,1281743,1298432,1298432,7,0,7,0,0,,
zone-owncam-skill-20260925/cohort-v8-39f214c/P/581/inputs,4967636,465365,5767168,536576,395,358,37,4502271,5230592,D1,unknown SIM timing: every 11th numeric-sorted frame + first/last (mandatory endpoints may exceed 10% for n<20)
zone-owncam-skill-20260925/cohort-v8-39f214c/P/582,1181846,1178877,1204224,1200128,7,1,6,2969,4096,D5,
zone-owncam-skill-20260925/cohort-v8-39f214c/P/582/inputs,4261964,400682,4927488,462848,361,327,34,3861282,4464640,D1,unknown SIM timing: every 11th numeric-sorted frame + first/last (mandatory endpoints may exceed 10% for n<20)
zone-owncam-skill-20260925/cohort-v8-39f214c/P/583,2390422,2387453,2404352,2400256,7,1,6,2969,4096,D5,
zone-owncam-skill-20260925/cohort-v8-39f214c/P/583/inputs,10389456,983055,12648448,1196032,772,699,73,9406401,11452416,D1,unknown SIM timing: every 11th numeric-sorted frame + first/last (mandatory endpoints may exceed 10% for n<20)
zone-owncam-skill-20260925/cohort-v8-39f214c/P/584,1282139,1279170,1302528,1298432,7,1,6,2969,4096,D5,
zone-owncam-skill-20260925/cohort-v8-39f214c/P/584/inputs,4842557,454711,5681152,536576,396,359,37,4387846,5144576,D1,unknown SIM timing: every 11th numeric-sorted frame + first/last (mandatory endpoints may exceed 10% for n<20)
zone-owncam-skill-20260925/cohort-v8-39f214c/P/585,1199410,1196441,1220608,1216512,7,1,6,2969,4096,D5,
zone-owncam-skill-20260925/cohort-v8-39f214c/P/585/inputs,4905528,470173,5672960,536576,376,340,36,4435355,5136384,D1,unknown SIM timing: every 11th numeric-sorted frame + first/last (mandatory endpoints may exceed 10% for n<20)
zone-owncam-skill-20260925/cohort-v8-39f214c/P/586,1170938,1167969,1191936,1187840,7,1,6,2969,4096,D5,
zone-owncam-skill-20260925/cohort-v8-39f214c/P/586/inputs,4427993,425803,5111808,491520,378,342,36,4002190,4620288,D1,unknown SIM timing: every 11th numeric-sorted frame + first/last (mandatory endpoints may exceed 10% for n<20)
zone-owncam-skill-20260925/cohort-v8-39f214c/P/587,307516,304547,323584,319488,7,1,6,2969,4096,D5,
zone-owncam-skill-20260925/cohort-v8-39f214c/P/587/inputs,2531586,270219,2822144,303104,139,124,15,2261367,2519040,D1,unknown SIM timing: every 12th numeric-sorted frame + first/last (mandatory endpoints may exceed 10% for n<20)
zone-owncam-skill-20260925/cohort-v8-39f214c/P/588,1134731,1131762,1150976,1146880,7,1,6,2969,4096,D5,
zone-owncam-skill-20260925/cohort-v8-39f214c/P/588/inputs,4272990,398598,4988928,471040,352,319,33,3874392,4517888,D1,unknown SIM timing: every 11th numeric-sorted frame + first/last (mandatory endpoints may exceed 10% for n<20)
zone-owncam-skill-20260925/cohort-v8-39f214c/P/589,693799,690830,712704,708608,7,1,6,2969,4096,D5,
zone-owncam-skill-20260925/cohort-v8-39f214c/P/589/inputs,2406345,232937,2830336,274432,228,206,22,2173408,2555904,D1,unknown SIM timing: every 11th numeric-sorted frame + first/last (mandatory endpoints may exceed 10% for n<20)
zone-owncam-skill-20260925/cohort-v8-39f214c/P/590,1084334,1081365,1101824,1097728,7,1,6,2969,4096,D5,
zone-owncam-skill-20260925/cohort-v8-39f214c/P/590/inputs,3959513,381755,4689920,450560,345,312,33,3577758,4239360,D1,unknown SIM timing: every 11th numeric-sorted frame + first/last (mandatory endpoints may exceed 10% for n<20)
zone-owncam-skill-20260925/cohort-v8-39f214c/P/591,1130648,1127679,1146880,1142784,7,1,6,2969,4096,D5,
zone-owncam-skill-20260925/cohort-v8-39f214c/P/591/inputs,4868395,460122,5713920,536576,407,369,38,4408273,5177344,D1,unknown SIM timing: every 11th numeric-sorted frame + first/last (mandatory endpoints may exceed 10% for n<20)
zone-owncam-skill-20260925/cohort-v9-04a5e3c,3847,3847,4096,4096,1,0,1,0,0,,
zone-owncam-skill-20260925/cohort-v9-04a5e3c/P,2790,2790,40960,40960,10,0,10,0,0,,
zone-owncam-skill-20260925/cohort-v9-04a5e3c/P/601,1067390,1067390,1085440,1085440,7,0,7,0,0,,
zone-owncam-skill-20260925/cohort-v9-04a5e3c/P/601/inputs,4290273,402828,4988928,471040,331,300,31,3887445,4517888,D1,unknown SIM timing: every 11th numeric-sorted frame + first/last (mandatory endpoints may exceed 10% for n<20)
zone-owncam-skill-20260925/cohort-v9-04a5e3c/P/602,1292065,1288883,1310720,1306624,7,1,6,3182,4096,D5,
zone-owncam-skill-20260925/cohort-v9-04a5e3c/P/602/inputs,4598867,430780,5345280,495616,394,357,37,4168087,4849664,D1,unknown SIM timing: every 11th numeric-sorted frame + first/last (mandatory endpoints may exceed 10% for n<20)
zone-owncam-skill-20260925/cohort-v9-04a5e3c/P/603,1074773,1071591,1093632,1089536,7,1,6,3182,4096,D5,
zone-owncam-skill-20260925/cohort-v9-04a5e3c/P/603/inputs,4471959,420121,5160960,487424,330,299,31,4051838,4673536,D1,unknown SIM timing: every 11th numeric-sorted frame + first/last (mandatory endpoints may exceed 10% for n<20)
zone-owncam-skill-20260925/cohort-v9-04a5e3c/P/604,1117257,1114075,1138688,1134592,7,1,6,3182,4096,D5,
zone-owncam-skill-20260925/cohort-v9-04a5e3c/P/604/inputs,4214409,395769,4894720,458752,352,319,33,3818640,4435968,D1,unknown SIM timing: every 11th numeric-sorted frame + first/last (mandatory endpoints may exceed 10% for n<20)
zone-owncam-skill-20260925/cohort-v9-04a5e3c/P/605,1338003,1334821,1355776,1351680,7,1,6,3182,4096,D5,
zone-owncam-skill-20260925/cohort-v9-04a5e3c/P/605/inputs,6237872,583143,7016448,655360,460,417,43,5654729,6361088,D1,unknown SIM timing: every 11th numeric-sorted frame + first/last (mandatory endpoints may exceed 10% for n<20)
zone-owncam-skill-20260925/cohort-v9-04a5e3c/P/606,1108400,1105218,1122304,1118208,7,1,6,3182,4096,D5,
zone-owncam-skill-20260925/cohort-v9-04a5e3c/P/606/inputs,4936377,467306,5775360,544768,373,338,35,4469071,5230592,D1,unknown SIM timing: every 11th numeric-sorted frame + first/last (mandatory endpoints may exceed 10% for n<20)
zone-owncam-skill-20260925/cohort-v9-04a5e3c/P/607,1228386,1225204,1245184,1241088,7,1,6,3182,4096,D5,
zone-owncam-skill-20260925/cohort-v9-04a5e3c/P/607/inputs,4535608,435610,5328896,512000,387,350,37,4099998,4816896,D1,unknown SIM timing: every 11th numeric-sorted frame + first/last (mandatory endpoints may exceed 10% for n<20)
zone-owncam-skill-20260925/cohort-v9-04a5e3c/P/608,1350085,1346903,1368064,1363968,7,1,6,3182,4096,D5,
zone-owncam-skill-20260925/cohort-v9-04a5e3c/P/608/inputs,5609721,529740,6471680,610304,447,405,42,5079981,5861376,D1,unknown SIM timing: every 11th numeric-sorted frame + first/last (mandatory endpoints may exceed 10% for n<20)
zone-owncam-skill-20260925/cohort-v9-04a5e3c/P/609,1071597,1068415,1089536,1085440,7,1,6,3182,4096,D5,
zone-owncam-skill-20260925/cohort-v9-04a5e3c/P/609/inputs,3882482,367714,4571136,430080,340,308,32,3514768,4141056,D1,unknown SIM timing: every 11th numeric-sorted frame + first/last (mandatory endpoints may exceed 10% for n<20)
zone-owncam-skill-20260925/cohort-v9-04a5e3c/P/610,1006860,1003678,1024000,1019904,7,1,6,3182,4096,D5,
zone-owncam-skill-20260925/cohort-v9-04a5e3c/P/610/inputs,3595630,342081,4067328,385024,325,294,31,3253549,3682304,D1,unknown SIM timing: every 11th numeric-sorted frame + first/last (mandatory endpoints may exceed 10% for n<20)
zone-owncam-skill-20260925/dev,0,0,0,0,0,0,0,0,0,,
zone-owncam-skill-20260925/dev-v2,2459,2459,4096,4096,1,0,1,0,0,,
zone-owncam-skill-20260925/dev-v2/403-a,663845,663845,675840,675840,5,0,5,0,0,,
zone-owncam-skill-20260925/dev-v2/403-a/inputs,2778443,268302,3194880,307200,260,235,25,2510141,2887680,D1,unknown SIM timing: every 11th numeric-sorted frame + first/last (mandatory endpoints may exceed 10% for n<20)
zone-owncam-skill-20260925/dev-v2/404-a,929193,929193,946176,946176,5,0,5,0,0,,
zone-owncam-skill-20260925/dev-v2/404-a/inputs,4402212,409211,5451776,512000,439,398,41,3993001,4939776,D1,unknown SIM timing: every 11th numeric-sorted frame + first/last (mandatory endpoints may exceed 10% for n<20)
zone-owncam-skill-20260925/dev-v2/404-b,631632,631632,647168,647168,5,0,5,0,0,,
zone-owncam-skill-20260925/dev-v2/404-b/inputs,2744933,266156,3227648,311296,259,234,25,2478777,2916352,D1,unknown SIM timing: every 11th numeric-sorted frame + first/last (mandatory endpoints may exceed 10% for n<20)
zone-owncam-skill-20260925/dev-v2/405-b,1565808,1565808,1576960,1576960,5,0,5,0,0,,
zone-owncam-skill-20260925/dev-v2/405-b/inputs,7462043,696531,8658944,811008,699,634,65,6765512,7847936,D1,unknown SIM timing: every 11th numeric-sorted frame + first/last (mandatory endpoints may exceed 10% for n<20)
zone-owncam-skill-20260925/dev-v2/405-c,1217961,1217961,1228800,1228800,5,0,5,0,0,,
zone-owncam-skill-20260925/dev-v2/405-c/inputs,5604166,530659,6582272,626688,530,480,50,5073507,5955584,D1,unknown SIM timing: every 11th numeric-sorted frame + first/last (mandatory endpoints may exceed 10% for n<20)
zone-owncam-skill-20260925/dev-v2/406-c,1082780,1082780,1097728,1097728,5,0,5,0,0,,
zone-owncam-skill-20260925/dev-v2/406-c/inputs,5292630,491367,6127616,569344,452,410,42,4801263,5558272,D1,unknown SIM timing: every 11th numeric-sorted frame + first/last (mandatory endpoints may exceed 10% for n<20)
zone-owncam-skill-20260925/dev-v3,1894,1894,16384,16384,4,0,4,0,0,,
zone-owncam-skill-20260925/dev-v3/407-ns-5117fa8,910298,910298,925696,925696,5,0,5,0,0,,
zone-owncam-skill-20260925/dev-v3/407-ns-5117fa8/inputs,3809428,367952,4386816,421888,354,320,34,3441476,3964928,D1,unknown SIM timing: every 11th numeric-sorted frame + first/last (mandatory endpoints may exceed 10% for n<20)
zone-owncam-skill-20260925/dev-v3/518-ns-5117fa8,768233,768233,782336,782336,5,0,5,0,0,,
zone-owncam-skill-20260925/dev-v3/518-ns-5117fa8/inputs,3295541,317058,3747840,360448,303,274,29,2978483,3387392,D1,unknown SIM timing: every 11th numeric-sorted frame + first/last (mandatory endpoints may exceed 10% for n<20)
zone-owncam-skill-20260925/dev-v3/519-lcf-5117fa8,1104612,1104612,1118208,1118208,5,0,5,0,0,,
zone-owncam-skill-20260925/dev-v3/519-lcf-5117fa8/inputs,4992566,473406,5746688,548864,434,393,41,4519160,5197824,D1,unknown SIM timing: every 11th numeric-sorted frame + first/last (mandatory endpoints may exceed 10% for n<20)
zone-owncam-skill-20260925/dev-v3/519-ns-5117fa8,860308,860308,872448,872448,5,0,5,0,0,,
zone-owncam-skill-20260925/dev-v3/519-ns-5117fa8/inputs,3592836,341645,4251648,405504,317,287,30,3251191,3846144,D1,unknown SIM timing: every 11th numeric-sorted frame + first/last (mandatory endpoints may exceed 10% for n<20)
zone-owncam-skill-20260925/dev-v4,957,957,8192,8192,2,0,2,0,0,,
zone-owncam-skill-20260925/dev-v4/408-ns-drop15-a8b9ee2,365712,365712,380928,380928,5,0,5,0,0,,
zone-owncam-skill-20260925/dev-v4/408-ns-drop15-a8b9ee2/inputs,1609996,153555,1933312,188416,157,142,15,1456441,1744896,D1,unknown SIM timing: every 12th numeric-sorted frame + first/last (mandatory endpoints may exceed 10% for n<20)
zone-owncam-skill-20260925/dev-v4/529-ns-a8b9ee2,849663,849663,860160,860160,5,0,5,0,0,,
zone-owncam-skill-20260925/dev-v4/529-ns-a8b9ee2/inputs,3668364,351628,4296704,409600,325,294,31,3316736,3887104,D1,unknown SIM timing: every 11th numeric-sorted frame + first/last (mandatory endpoints may exceed 10% for n<20)
zone-owncam-skill-20260925/dev-v5,1693,1693,49152,49152,12,0,12,0,0,,
zone-owncam-skill-20260925/dev-v5/409-a,621497,621497,643072,643072,7,0,7,0,0,,
zone-owncam-skill-20260925/dev-v5/409-a/inputs,2418967,233351,3059712,294912,249,225,24,2185616,2764800,D1,unknown SIM timing: every 11th numeric-sorted frame + first/last (mandatory endpoints may exceed 10% for n<20)
zone-owncam-skill-20260925/dev-v5/409-b,679567,679567,696320,696320,7,0,7,0,0,,
zone-owncam-skill-20260925/dev-v5/409-b/inputs,2614916,255619,3280896,319488,267,241,26,2359297,2961408,D1,unknown SIM timing: every 11th numeric-sorted frame + first/last (mandatory endpoints may exceed 10% for n<20)
zone-owncam-skill-20260925/dev-v5/409-c,718755,718755,737280,737280,7,0,7,0,0,,
zone-owncam-skill-20260925/dev-v5/409-c/inputs,2809637,265003,3387392,319488,274,248,26,2544634,3067904,D1,unknown SIM timing: every 11th numeric-sorted frame + first/last (mandatory endpoints may exceed 10% for n<20)
zone-owncam-skill-20260925/dev-v5/410-a,668451,666218,688128,684032,7,1,6,2233,4096,D5,
zone-owncam-skill-20260925/dev-v5/410-a/inputs,2716955,258011,3330048,319488,271,245,26,2458944,3010560,D1,unknown SIM timing: every 11th numeric-sorted frame + first/last (mandatory endpoints may exceed 10% for n<20)
zone-owncam-skill-20260925/dev-v5/410-b,733327,731094,753664,749568,7,1,6,2233,4096,D5,
zone-owncam-skill-20260925/dev-v5/410-b/inputs,3004060,284101,3555328,331776,286,259,27,2719959,3223552,D1,unknown SIM timing: every 11th numeric-sorted frame + first/last (mandatory endpoints may exceed 10% for n<20)
zone-owncam-skill-20260925/dev-v5/411-25af375,1018706,1018706,1036288,1036288,7,0,7,0,0,,
zone-owncam-skill-20260925/dev-v5/411-25af375/inputs,4229203,403948,4866048,462848,368,333,35,3825255,4403200,D1,unknown SIM timing: every 11th numeric-sorted frame + first/last (mandatory endpoints may exceed 10% for n<20)
zone-owncam-skill-20260925/dev-v6,794,794,12288,12288,3,0,3,0,0,,
zone-owncam-skill-20260925/dev-v6/412-a,683093,683093,700416,700416,7,0,7,0,0,,
zone-owncam-skill-20260925/dev-v6/412-a/inputs,2564940,252776,2936832,286720,235,212,23,2312164,2650112,D1,unknown SIM timing: every 11th numeric-sorted frame + first/last (mandatory endpoints may exceed 10% for n<20)
zone-owncam-skill-20260925/dev-v6/413-147dcb0,698921,698921,720896,720896,7,0,7,0,0,,
zone-owncam-skill-20260925/dev-v6/413-147dcb0/inputs,2571978,247375,3026944,290816,241,218,23,2324603,2736128,D1,unknown SIM timing: every 11th numeric-sorted frame + first/last (mandatory endpoints may exceed 10% for n<20)
zone-owncam-skill-20260925/dev-v6/414-a,1067050,1064508,1085440,1081344,7,1,6,2542,4096,D5,
zone-owncam-skill-20260925/dev-v6/414-a/inputs,4314694,421394,5074944,495616,389,352,37,3893300,4579328,D1,unknown SIM timing: every 11th numeric-sorted frame + first/last (mandatory endpoints may exceed 10% for n<20)
zone-owncam-skill-20260925/dev-v7,1118,1118,16384,16384,4,0,4,0,0,,
zone-owncam-skill-20260925/dev-v7/415-a,812905,812905,831488,831488,7,0,7,0,0,,
zone-owncam-skill-20260925/dev-v7/415-a/inputs,3593524,346482,4153344,397312,313,283,30,3247042,3756032,D1,unknown SIM timing: every 11th numeric-sorted frame + first/last (mandatory endpoints may exceed 10% for n<20)
zone-owncam-skill-20260925/dev-v7/416-e026dd5,783307,783307,798720,798720,7,0,7,0,0,,
zone-owncam-skill-20260925/dev-v7/416-e026dd5/inputs,3381402,333481,3932160,385024,300,271,29,3047921,3547136,D1,unknown SIM timing: every 11th numeric-sorted frame + first/last (mandatory endpoints may exceed 10% for n<20)
zone-owncam-skill-20260925/dev-v7/418-a,1428769,1426014,1445888,1441792,7,1,6,2755,4096,D5,
zone-owncam-skill-20260925/dev-v7/418-a/inputs,5251978,505701,5996544,581632,475,430,45,4746277,5414912,D1,unknown SIM timing: every 11th numeric-sorted frame + first/last (mandatory endpoints may exceed 10% for n<20)
zone-owncam-skill-20260925/dev-v7/419-e026dd5,833875,831119,851968,847872,7,1,6,2756,4096,D5,
zone-owncam-skill-20260925/dev-v7/419-e026dd5/inputs,3631455,353305,4263936,413696,335,303,32,3278150,3850240,D1,unknown SIM timing: every 11th numeric-sorted frame + first/last (mandatory endpoints may exceed 10% for n<20)
zone-owncam-skill-20260925/dev-v8,2838,2838,20480,20480,5,0,5,0,0,,
zone-owncam-skill-20260925/dev-v8/420-6bdacb2,1200472,1200472,1216512,1216512,7,0,7,0,0,,
zone-owncam-skill-20260925/dev-v8/420-6bdacb2/inputs,4753005,446749,5451776,512000,371,336,35,4306256,4939776,D1,unknown SIM timing: every 11th numeric-sorted frame + first/last (mandatory endpoints may exceed 10% for n<20)
zone-owncam-skill-20260925/dev-v8/421-6bdacb2,1220118,1217149,1241088,1236992,7,1,6,2969,4096,D5,
zone-owncam-skill-20260925/dev-v8/421-6bdacb2/inputs,4416824,411734,5107712,471040,374,339,35,4005090,4636672,D1,unknown SIM timing: every 11th numeric-sorted frame + first/last (mandatory endpoints may exceed 10% for n<20)
zone-owncam-skill-20260925/dev-v8/422-6bdacb2,1033790,1030821,1052672,1048576,7,1,6,2969,4096,D5,
zone-owncam-skill-20260925/dev-v8/422-6bdacb2/inputs,4349374,409641,4980736,471040,320,290,30,3939733,4509696,D1,unknown SIM timing: every 11th numeric-sorted frame + first/last (mandatory endpoints may exceed 10% for n<20)
zone-owncam-skill-20260925/dev-v8/423-6bdacb2,1239056,1236087,1253376,1249280,7,1,6,2969,4096,D5,
zone-owncam-skill-20260925/dev-v8/423-6bdacb2/inputs,5104833,474416,6012928,561152,450,408,42,4630417,5451776,D1,unknown SIM timing: every 11th numeric-sorted frame + first/last (mandatory endpoints may exceed 10% for n<20)
zone-owncam-skill-20260925/dev-v9,4190,4190,28672,28672,7,0,7,0,0,,
zone-owncam-skill-20260925/dev-v9/424-1561166,289439,289439,311296,311296,7,0,7,0,0,,
zone-owncam-skill-20260925/dev-v9/424-1561166/inputs,2176212,197348,2400256,217088,127,115,12,1978864,2183168,D1,unknown SIM timing: every 12th numeric-sorted frame + first/last (mandatory endpoints may exceed 10% for n<20)
zone-owncam-skill-20260925/dev-v9/424-77773c5,1244203,1244203,1257472,1257472,7,0,7,0,0,,
zone-owncam-skill-20260925/dev-v9/424-77773c5/inputs,5847592,549551,6520832,610304,424,384,40,5298041,5910528,D1,unknown SIM timing: every 11th numeric-sorted frame + first/last (mandatory endpoints may exceed 10% for n<20)
zone-owncam-skill-20260925/dev-v9/425-1561166,1185393,1182211,1208320,1204224,7,1,6,3182,4096,D5,
zone-owncam-skill-20260925/dev-v9/425-1561166/inputs,4879818,458322,5664768,532480,363,329,34,4421496,5132288,D1,unknown SIM timing: every 11th numeric-sorted frame + first/last (mandatory endpoints may exceed 10% for n<20)
zone-owncam-skill-20260925/dev-v9/425-77773c5,1095962,1092780,1114112,1110016,7,1,6,3182,4096,D5,
zone-owncam-skill-20260925/dev-v9/425-77773c5/inputs,4505131,433201,5246976,507904,334,302,32,4071930,4739072,D1,unknown SIM timing: every 11th numeric-sorted frame + first/last (mandatory endpoints may exceed 10% for n<20)
zone-owncam-skill-20260925/dev-v9/426-1561166,1229449,1226267,1249280,1245184,7,1,6,3182,4096,D5,
zone-owncam-skill-20260925/dev-v9/426-1561166/inputs,4594694,437520,5349376,507904,378,342,36,4157174,4841472,D1,unknown SIM timing: every 11th numeric-sorted frame + first/last (mandatory endpoints may exceed 10% for n<20)
zone-owncam-skill-20260925/dev-v9/426-77773c5,1229494,1225461,1249280,1241088,7,2,5,4033,8192,D5,
zone-owncam-skill-20260925/dev-v9/426-77773c5/inputs,4594694,437520,5349376,507904,378,342,36,4157174,4841472,D1,unknown SIM timing: every 11th numeric-sorted frame + first/last (mandatory endpoints may exceed 10% for n<20)
zone-owncam-skill-20260925/dev/401-a,212335,212335,225280,225280,5,0,5,0,0,,
zone-owncam-skill-20260925/dev/401-a/inputs,841192,76785,937984,86016,76,69,7,764407,851968,D1,unknown SIM timing: every 13th numeric-sorted frame + first/last (mandatory endpoints may exceed 10% for n<20)
zone-owncam-skill-20260925/dev/401-b,877344,877344,892928,892928,5,0,5,0,0,,
zone-owncam-skill-20260925/dev/401-b/inputs,4054879,384988,4706304,450560,360,326,34,3669891,4255744,D1,unknown SIM timing: every 11th numeric-sorted frame + first/last (mandatory endpoints may exceed 10% for n<20)
zone-owncam-skill-20260925/dev/401-d016c04,877344,877344,892928,892928,5,0,5,0,0,,
zone-owncam-skill-20260925/dev/401-d016c04/inputs,4054879,384988,4706304,450560,360,326,34,3669891,4255744,D1,unknown SIM timing: every 11th numeric-sorted frame + first/last (mandatory endpoints may exceed 10% for n<20)
zone-owncam-skill-20260925/dev/402-a868328,711337,711337,724992,724992,5,0,5,0,0,,
zone-owncam-skill-20260925/dev/402-a868328/inputs,3396409,324032,3887104,368640,316,286,30,3072377,3518464,D1,unknown SIM timing: every 11th numeric-sorted frame + first/last (mandatory endpoints may exceed 10% for n<20)
zone-owncam-skill-20260925/dev/402-d016c04,723975,723975,741376,741376,5,0,5,0,0,,
zone-owncam-skill-20260925/dev/402-d016c04/inputs,3433996,324211,3936256,372736,319,289,30,3109785,3563520,D1,unknown SIM timing: every 11th numeric-sorted frame + first/last (mandatory endpoints may exceed 10% for n<20)
zone-owncam-skill-20260925/grip-hold,2553,2553,8192,8192,2,0,2,0,0,,
zone-owncam-skill-20260925/grip-hold/cargo_noslip_v1,40441,40441,49152,49152,3,0,3,0,0,,
zone-owncam-skill-20260925/grip-hold/local_contact_fine,40137,40137,49152,49152,3,0,3,0,0,,
zone-owncam-skill-20260925/tensorboard-view,0,0,0,0,0,0,0,0,0,,
zone-owncam-skill-20260925/tensorboard-view-v2,0,0,0,0,0,0,0,0,0,,
zone-owncam-skill-20260925/tensorboard-view-v2/v1-s501,1173,1173,4096,4096,1,0,1,0,0,,
zone-owncam-skill-20260925/tensorboard-view-v2/v1-s502,1171,1171,4096,4096,1,0,1,0,0,,
zone-owncam-skill-20260925/tensorboard-view-v2/v1-s503,1198,1198,4096,4096,1,0,1,0,0,,
zone-owncam-skill-20260925/tensorboard-view-v2/v1-s504,1174,1174,4096,4096,1,0,1,0,0,,
zone-owncam-skill-20260925/tensorboard-view-v2/v1-s505,1202,1202,4096,4096,1,0,1,0,0,,
zone-owncam-skill-20260925/tensorboard-view-v2/v2-dev403,1345,1345,4096,4096,1,0,1,0,0,,
zone-owncam-skill-20260925/tensorboard-view-v2/v2-dev404,1343,1343,4096,4096,1,0,1,0,0,,
zone-owncam-skill-20260925/tensorboard-view-v2/v2-dev405,1433,1433,4096,4096,1,0,1,0,0,,
zone-owncam-skill-20260925/tensorboard-view-v2/v2-dev406,1435,1435,4096,4096,1,0,1,0,0,,
zone-owncam-skill-20260925/tensorboard-view-v2/v2-s511,1355,1355,4096,4096,1,0,1,0,0,,
zone-owncam-skill-20260925/tensorboard-view-v2/v2-s512,1353,1353,4096,4096,1,0,1,0,0,,
zone-owncam-skill-20260925/tensorboard-view-v2/v2-s513,1446,1446,4096,4096,1,0,1,0,0,,
zone-owncam-skill-20260925/tensorboard-view-v2/v2-s514,1446,1446,4096,4096,1,0,1,0,0,,
zone-owncam-skill-20260925/tensorboard-view-v2/v2-s515,1448,1448,4096,4096,1,0,1,0,0,,
zone-owncam-skill-20260925/tensorboard-view-v2/v2-s516,1447,1447,4096,4096,1,0,1,0,0,,
zone-owncam-skill-20260925/tensorboard-view-v2/v2-s517,1445,1445,4096,4096,1,0,1,0,0,,
zone-owncam-skill-20260925/tensorboard-view-v2/v2-s518,1455,1455,4096,4096,1,0,1,0,0,,
zone-owncam-skill-20260925/tensorboard-view-v2/v2-s519,1464,1464,4096,4096,1,0,1,0,0,,
zone-owncam-skill-20260925/tensorboard-view-v2/v2-s520,1352,1352,4096,4096,1,0,1,0,0,,
zone-owncam-skill-20260925/tensorboard-view-v3,0,0,0,0,0,0,0,0,0,,
zone-owncam-skill-20260925/tensorboard-view-v3/v2-s511,1447,1447,4096,4096,1,0,1,0,0,,
zone-owncam-skill-20260925/tensorboard-view-v3/v2-s512,1445,1445,4096,4096,1,0,1,0,0,,
zone-owncam-skill-20260925/tensorboard-view-v3/v2-s513,1538,1538,4096,4096,1,0,1,0,0,,
zone-owncam-skill-20260925/tensorboard-view-v3/v2-s514,1538,1538,4096,4096,1,0,1,0,0,,
zone-owncam-skill-20260925/tensorboard-view-v3/v2-s515,1540,1540,4096,4096,1,0,1,0,0,,
zone-owncam-skill-20260925/tensorboard-view-v3/v2-s516,1539,1539,4096,4096,1,0,1,0,0,,
zone-owncam-skill-20260925/tensorboard-view-v3/v2-s517,1537,1537,4096,4096,1,0,1,0,0,,
zone-owncam-skill-20260925/tensorboard-view-v3/v2-s518,1547,1547,4096,4096,1,0,1,0,0,,
zone-owncam-skill-20260925/tensorboard-view-v3/v2-s519,1556,1556,4096,4096,1,0,1,0,0,,
zone-owncam-skill-20260925/tensorboard-view-v3/v2-s520,1444,1444,4096,4096,1,0,1,0,0,,
zone-owncam-skill-20260925/tensorboard-view-v3/v3P-s521,1507,1507,4096,4096,1,0,1,0,0,,
zone-owncam-skill-20260925/tensorboard-view-v3/v3P-s522,1509,1509,4096,4096,1,0,1,0,0,,
zone-owncam-skill-20260925/tensorboard-view-v3/v3P-s523,1648,1648,4096,4096,1,0,1,0,0,,
zone-owncam-skill-20260925/tensorboard-view-v3/v3P-s524,1509,1509,4096,4096,1,0,1,0,0,,
zone-owncam-skill-20260925/tensorboard-view-v3/v3P-s525,1510,1510,4096,4096,1,0,1,0,0,,
zone-owncam-skill-20260925/tensorboard-view-v3/v3P-s526,1509,1509,4096,4096,1,0,1,0,0,,
zone-owncam-skill-20260925/tensorboard-view-v3/v3P-s527,1506,1506,4096,4096,1,0,1,0,0,,
zone-owncam-skill-20260925/tensorboard-view-v3/v3P-s528,1509,1509,4096,4096,1,0,1,0,0,,
zone-owncam-skill-20260925/tensorboard-view-v3/v3P-s529,1786,1786,4096,4096,1,0,1,0,0,,
zone-owncam-skill-20260925/tensorboard-view-v3/v3P-s530,1509,1509,4096,4096,1,0,1,0,0,,
zone-owncam-skill-20260925/tensorboard-view-v3/v3S-s521,1516,1516,4096,4096,1,0,1,0,0,,
zone-owncam-skill-20260925/tensorboard-view-v3/v3S-s522,1608,1608,4096,4096,1,0,1,0,0,,
zone-owncam-skill-20260925/tensorboard-view-v3/v3S-s523,1746,1746,4096,4096,1,0,1,0,0,,
zone-owncam-skill-20260925/tensorboard-view-v3/v3S-s524,1607,1607,4096,4096,1,0,1,0,0,,
zone-owncam-skill-20260925/tensorboard-view-v3/v3S-s525,1609,1609,4096,4096,1,0,1,0,0,,
zone-owncam-skill-20260925/tensorboard-view-v3/v3S-s526,1607,1607,4096,4096,1,0,1,0,0,,
zone-owncam-skill-20260925/tensorboard-view-v3/v3S-s527,1605,1605,4096,4096,1,0,1,0,0,,
zone-owncam-skill-20260925/tensorboard-view-v3/v3S-s528,1513,1513,4096,4096,1,0,1,0,0,,
zone-owncam-skill-20260925/tensorboard-view-v3/v3S-s529,1600,1600,4096,4096,1,0,1,0,0,,
zone-owncam-skill-20260925/tensorboard-view-v3/v3S-s530,1608,1608,4096,4096,1,0,1,0,0,,
zone-owncam-skill-20260925/tensorboard-view-v3/v3dev-407-ns,1493,1493,4096,4096,1,0,1,0,0,,
zone-owncam-skill-20260925/tensorboard-view-v3/v3dev-518-ns,1493,1493,4096,4096,1,0,1,0,0,,
zone-owncam-skill-20260925/tensorboard-view-v3/v3dev-519-lcf,1867,1867,4096,4096,1,0,1,0,0,,
zone-owncam-skill-20260925/tensorboard-view-v3/v3dev-519-ns,1492,1492,4096,4096,1,0,1,0,0,,
zone-owncam-skill-20260925/tensorboard-view-v4,0,0,0,0,0,0,0,0,0,,
zone-owncam-skill-20260925/tensorboard-view-v4/v3P-s521,1510,1510,4096,4096,1,0,1,0,0,,
zone-owncam-skill-20260925/tensorboard-view-v4/v3P-s522,1512,1512,4096,4096,1,0,1,0,0,,
zone-owncam-skill-20260925/tensorboard-view-v4/v3P-s523,1651,1651,4096,4096,1,0,1,0,0,,
zone-owncam-skill-20260925/tensorboard-view-v4/v3P-s524,1512,1512,4096,4096,1,0,1,0,0,,
zone-owncam-skill-20260925/tensorboard-view-v4/v3P-s525,1513,1513,4096,4096,1,0,1,0,0,,
zone-owncam-skill-20260925/tensorboard-view-v4/v3P-s526,1512,1512,4096,4096,1,0,1,0,0,,
zone-owncam-skill-20260925/tensorboard-view-v4/v3P-s527,1509,1509,4096,4096,1,0,1,0,0,,
zone-owncam-skill-20260925/tensorboard-view-v4/v3P-s528,1512,1512,4096,4096,1,0,1,0,0,,
zone-owncam-skill-20260925/tensorboard-view-v4/v3P-s529,1789,1789,4096,4096,1,0,1,0,0,,
zone-owncam-skill-20260925/tensorboard-view-v4/v3P-s530,1512,1512,4096,4096,1,0,1,0,0,,
zone-owncam-skill-20260925/tensorboard-view-v4/v4D-s531,1584,1584,4096,4096,1,0,1,0,0,,
zone-owncam-skill-20260925/tensorboard-view-v4/v4D-s533,1580,1580,4096,4096,1,0,1,0,0,,
zone-owncam-skill-20260925/tensorboard-view-v4/v4P-s531,1573,1573,4096,4096,1,0,1,0,0,,
zone-owncam-skill-20260925/tensorboard-view-v4/v4P-s532,1574,1574,4096,4096,1,0,1,0,0,,
zone-owncam-skill-20260925/tensorboard-view-v4/v4P-s533,1574,1574,4096,4096,1,0,1,0,0,,
zone-owncam-skill-20260925/tensorboard-view-v4/v4P-s534,1573,1573,4096,4096,1,0,1,0,0,,
zone-owncam-skill-20260925/tensorboard-view-v4/v4P-s535,1572,1572,4096,4096,1,0,1,0,0,,
zone-owncam-skill-20260925/tensorboard-view-v4/v4P-s536,1572,1572,4096,4096,1,0,1,0,0,,
zone-owncam-skill-20260925/tensorboard-view-v4/v4P-s537,1573,1573,4096,4096,1,0,1,0,0,,
zone-owncam-skill-20260925/tensorboard-view-v4/v4P-s538,1573,1573,4096,4096,1,0,1,0,0,,
zone-owncam-skill-20260925/tensorboard-view-v4/v4P-s539,1573,1573,4096,4096,1,0,1,0,0,,
zone-owncam-skill-20260925/tensorboard-view-v4/v4P-s540,2072,2072,4096,4096,1,0,1,0,0,,
zone-owncam-skill-20260925/tensorboard-view-v4/v4dev-408-ns-drop15,1558,1558,4096,4096,1,0,1,0,0,,
zone-owncam-skill-20260925/tensorboard-view-v4/v4dev-529-ns,2057,2057,4096,4096,1,0,1,0,0,,
zone-owncam-skill-20260925/tensorboard-view-v5,0,0,0,0,0,0,0,0,0,,
zone-owncam-skill-20260925/tensorboard-view-v5/v4P-s531,2336,2336,4096,4096,1,0,1,0,0,,
zone-owncam-skill-20260925/tensorboard-view-v5/v4P-s532,2337,2337,4096,4096,1,0,1,0,0,,
zone-owncam-skill-20260925/tensorboard-view-v5/v4P-s533,2337,2337,4096,4096,1,0,1,0,0,,
zone-owncam-skill-20260925/tensorboard-view-v5/v4P-s534,2336,2336,4096,4096,1,0,1,0,0,,
zone-owncam-skill-20260925/tensorboard-view-v5/v4P-s535,2335,2335,4096,4096,1,0,1,0,0,,
zone-owncam-skill-20260925/tensorboard-view-v5/v4P-s536,2335,2335,4096,4096,1,0,1,0,0,,
zone-owncam-skill-20260925/tensorboard-view-v5/v4P-s537,2336,2336,4096,4096,1,0,1,0,0,,
zone-owncam-skill-20260925/tensorboard-view-v5/v4P-s538,2336,2336,4096,4096,1,0,1,0,0,,
zone-owncam-skill-20260925/tensorboard-view-v5/v4P-s539,2336,2336,4096,4096,1,0,1,0,0,,
zone-owncam-skill-20260925/tensorboard-view-v5/v4P-s540,2835,2835,4096,4096,1,0,1,0,0,,
zone-owncam-skill-20260925/tensorboard-view-v5/v5P-s541,4515,4515,8192,8192,1,0,1,0,0,,
zone-owncam-skill-20260925/tensorboard-view-v5/v5P-s542,4515,4515,8192,8192,1,0,1,0,0,,
zone-owncam-skill-20260925/tensorboard-view-v5/v5P-s543,4516,4516,8192,8192,1,0,1,0,0,,
zone-owncam-skill-20260925/tensorboard-view-v5/v5P-s544,4517,4517,8192,8192,1,0,1,0,0,,
zone-owncam-skill-20260925/tensorboard-view-v5/v5P-s545,4516,4516,8192,8192,1,0,1,0,0,,
zone-owncam-skill-20260925/tensorboard-view-v5/v5P-s546,4518,4518,8192,8192,1,0,1,0,0,,
zone-owncam-skill-20260925/tensorboard-view-v5/v5P-s547,4513,4513,8192,8192,1,0,1,0,0,,
zone-owncam-skill-20260925/tensorboard-view-v5/v5P-s548,4515,4515,8192,8192,1,0,1,0,0,,
zone-owncam-skill-20260925/tensorboard-view-v5/v5dev-409-a,3541,3541,4096,4096,1,0,1,0,0,,
zone-owncam-skill-20260925/tensorboard-view-v5/v5dev-409-b,3552,3552,4096,4096,1,0,1,0,0,,
zone-owncam-skill-20260925/tensorboard-view-v5/v5dev-409-c,4465,4465,8192,8192,1,0,1,0,0,,
zone-owncam-skill-20260925/tensorboard-view-v5/v5dev-410-a,3550,3550,4096,4096,1,0,1,0,0,,
zone-owncam-skill-20260925/tensorboard-view-v5/v5dev-410-b,4446,4446,8192,8192,1,0,1,0,0,,
zone-owncam-skill-20260925/tensorboard-view-v5/v5dev-411-25af375,4968,4968,8192,8192,1,0,1,0,0,,
zone-owncam-skill-20260925/tensorboard-view-v6,0,0,0,0,0,0,0,0,0,,
zone-owncam-skill-20260925/tensorboard-view-v6/v5P-s541,4513,4513,8192,8192,1,0,1,0,0,,
zone-owncam-skill-20260925/tensorboard-view-v6/v5P-s542,4513,4513,8192,8192,1,0,1,0,0,,
zone-owncam-skill-20260925/tensorboard-view-v6/v5P-s543,4514,4514,8192,8192,1,0,1,0,0,,
zone-owncam-skill-20260925/tensorboard-view-v6/v5P-s544,4515,4515,8192,8192,1,0,1,0,0,,
zone-owncam-skill-20260925/tensorboard-view-v6/v5P-s545,4514,4514,8192,8192,1,0,1,0,0,,
zone-owncam-skill-20260925/tensorboard-view-v6/v5P-s546,4516,4516,8192,8192,1,0,1,0,0,,
zone-owncam-skill-20260925/tensorboard-view-v6/v5P-s547,4511,4511,8192,8192,1,0,1,0,0,,
zone-owncam-skill-20260925/tensorboard-view-v6/v5P-s548,4513,4513,8192,8192,1,0,1,0,0,,
zone-owncam-skill-20260925/tensorboard-view-v6/v6P-s551,6043,6043,8192,8192,1,0,1,0,0,,
zone-owncam-skill-20260925/tensorboard-view-v6/v6P-s552,5860,5860,8192,8192,1,0,1,0,0,,
zone-owncam-skill-20260925/tensorboard-view-v6/v6P-s553,6040,6040,8192,8192,1,0,1,0,0,,
zone-owncam-skill-20260925/tensorboard-view-v6/v6P-s554,6092,6092,8192,8192,1,0,1,0,0,,
zone-owncam-skill-20260925/tensorboard-view-v6/v6P-s555,6082,6082,8192,8192,1,0,1,0,0,,
zone-owncam-skill-20260925/tensorboard-view-v6/v6P-s556,6077,6077,8192,8192,1,0,1,0,0,,
zone-owncam-skill-20260925/tensorboard-view-v6/v6P-s557,6446,6446,8192,8192,1,0,1,0,0,,
zone-owncam-skill-20260925/tensorboard-view-v6/v6P-s558,6039,6039,8192,8192,1,0,1,0,0,,
zone-owncam-skill-20260925/tensorboard-view-v6/v6P-s559,6547,6547,8192,8192,1,0,1,0,0,,
zone-owncam-skill-20260925/tensorboard-view-v6/v6P-s560,6081,6081,8192,8192,1,0,1,0,0,,
zone-owncam-skill-20260925/tensorboard-view-v6/v6dev-412-a,6013,6013,8192,8192,1,0,1,0,0,,
zone-owncam-skill-20260925/tensorboard-view-v6/v6dev-413-147dcb0,7003,7003,8192,8192,1,0,1,0,0,,
zone-owncam-skill-20260925/tensorboard-view-v6/v6dev-414-a,7712,7712,8192,8192,1,0,1,0,0,,
zone-owncam-skill-20260925/tensorboard-view-v7,0,0,0,0,0,0,0,0,0,,
zone-owncam-skill-20260925/tensorboard-view-v7/v6P-s551,6041,6041,8192,8192,1,0,1,0,0,,
zone-owncam-skill-20260925/tensorboard-view-v7/v6P-s552,5858,5858,8192,8192,1,0,1,0,0,,
zone-owncam-skill-20260925/tensorboard-view-v7/v6P-s553,6038,6038,8192,8192,1,0,1,0,0,,
zone-owncam-skill-20260925/tensorboard-view-v7/v6P-s554,6090,6090,8192,8192,1,0,1,0,0,,
zone-owncam-skill-20260925/tensorboard-view-v7/v6P-s555,6080,6080,8192,8192,1,0,1,0,0,,
zone-owncam-skill-20260925/tensorboard-view-v7/v6P-s556,6075,6075,8192,8192,1,0,1,0,0,,
zone-owncam-skill-20260925/tensorboard-view-v7/v6P-s557,6444,6444,8192,8192,1,0,1,0,0,,
zone-owncam-skill-20260925/tensorboard-view-v7/v6P-s558,6037,6037,8192,8192,1,0,1,0,0,,
zone-owncam-skill-20260925/tensorboard-view-v7/v6P-s559,6545,6545,8192,8192,1,0,1,0,0,,
zone-owncam-skill-20260925/tensorboard-view-v7/v6P-s560,6079,6079,8192,8192,1,0,1,0,0,,
zone-owncam-skill-20260925/tensorboard-view-v7/v7P-s561,8059,8059,8192,8192,1,0,1,0,0,,
zone-owncam-skill-20260925/tensorboard-view-v7/v7P-s562,9571,9571,12288,12288,1,0,1,0,0,,
zone-owncam-skill-20260925/tensorboard-view-v7/v7P-s563,8555,8555,12288,12288,1,0,1,0,0,,
zone-owncam-skill-20260925/tensorboard-view-v7/v7P-s564,11098,11098,12288,12288,1,0,1,0,0,,
zone-owncam-skill-20260925/tensorboard-view-v7/v7P-s565,9689,9689,12288,12288,1,0,1,0,0,,
zone-owncam-skill-20260925/tensorboard-view-v7/v7P-s566,8020,8020,8192,8192,1,0,1,0,0,,
zone-owncam-skill-20260925/tensorboard-view-v7/v7P-s567,9568,9568,12288,12288,1,0,1,0,0,,
zone-owncam-skill-20260925/tensorboard-view-v7/v7P-s568,6406,6406,8192,8192,1,0,1,0,0,,
zone-owncam-skill-20260925/tensorboard-view-v7/v7P-s569,6553,6553,8192,8192,1,0,1,0,0,,
zone-owncam-skill-20260925/tensorboard-view-v7/v7P-s570,6797,6797,8192,8192,1,0,1,0,0,,
zone-owncam-skill-20260925/tensorboard-view-v7/v7P-s571,7388,7388,8192,8192,1,0,1,0,0,,
zone-owncam-skill-20260925/tensorboard-view-v7/v7P-s572,8036,8036,8192,8192,1,0,1,0,0,,
zone-owncam-skill-20260925/tensorboard-view-v7/v7dev-415-a,7980,7980,8192,8192,1,0,1,0,0,,
zone-owncam-skill-20260925/tensorboard-view-v7/v7dev-416-e026dd5,9550,9550,12288,12288,1,0,1,0,0,,
zone-owncam-skill-20260925/tensorboard-view-v7/v7dev-418-a,9917,9917,12288,12288,1,0,1,0,0,,
zone-owncam-skill-20260925/tensorboard-view-v7/v7dev-419-e026dd5,11032,11032,12288,12288,1,0,1,0,0,,
zone-owncam-skill-20260925/tensorboard-view-v8,0,0,0,0,0,0,0,0,0,,
zone-owncam-skill-20260925/tensorboard-view-v8/v7P-s561,8057,8057,8192,8192,1,0,1,0,0,,
zone-owncam-skill-20260925/tensorboard-view-v8/v7P-s562,9569,9569,12288,12288,1,0,1,0,0,,
zone-owncam-skill-20260925/tensorboard-view-v8/v7P-s563,8553,8553,12288,12288,1,0,1,0,0,,
zone-owncam-skill-20260925/tensorboard-view-v8/v7P-s564,11096,11096,12288,12288,1,0,1,0,0,,
zone-owncam-skill-20260925/tensorboard-view-v8/v7P-s565,9687,9687,12288,12288,1,0,1,0,0,,
zone-owncam-skill-20260925/tensorboard-view-v8/v7P-s566,8018,8018,8192,8192,1,0,1,0,0,,
zone-owncam-skill-20260925/tensorboard-view-v8/v7P-s567,9566,9566,12288,12288,1,0,1,0,0,,
zone-owncam-skill-20260925/tensorboard-view-v8/v7P-s568,6404,6404,8192,8192,1,0,1,0,0,,
zone-owncam-skill-20260925/tensorboard-view-v8/v7P-s569,6551,6551,8192,8192,1,0,1,0,0,,
zone-owncam-skill-20260925/tensorboard-view-v8/v7P-s570,6795,6795,8192,8192,1,0,1,0,0,,
zone-owncam-skill-20260925/tensorboard-view-v8/v7P-s571,7386,7386,8192,8192,1,0,1,0,0,,
zone-owncam-skill-20260925/tensorboard-view-v8/v7P-s572,8034,8034,8192,8192,1,0,1,0,0,,
zone-owncam-skill-20260925/tensorboard-view-v8/v8P-s581,7283,7283,8192,8192,1,0,1,0,0,,
zone-owncam-skill-20260925/tensorboard-view-v8/v8P-s582,6829,6829,8192,8192,1,0,1,0,0,,
zone-owncam-skill-20260925/tensorboard-view-v8/v8P-s583,6794,6794,8192,8192,1,0,1,0,0,,
zone-owncam-skill-20260925/tensorboard-view-v8/v8P-s584,7324,7324,8192,8192,1,0,1,0,0,,
zone-owncam-skill-20260925/tensorboard-view-v8/v8P-s585,6827,6827,8192,8192,1,0,1,0,0,,
zone-owncam-skill-20260925/tensorboard-view-v8/v8P-s586,6820,6820,8192,8192,1,0,1,0,0,,
zone-owncam-skill-20260925/tensorboard-view-v8/v8P-s587,7000,7000,8192,8192,1,0,1,0,0,,
zone-owncam-skill-20260925/tensorboard-view-v8/v8P-s588,6819,6819,8192,8192,1,0,1,0,0,,
zone-owncam-skill-20260925/tensorboard-view-v8/v8P-s589,6819,6819,8192,8192,1,0,1,0,0,,
zone-owncam-skill-20260925/tensorboard-view-v8/v8P-s590,7321,7321,8192,8192,1,0,1,0,0,,
zone-owncam-skill-20260925/tensorboard-view-v8/v8P-s591,11492,11492,12288,12288,1,0,1,0,0,,
zone-owncam-skill-20260925/tensorboard-view-v8/v8dev-420-6bdacb2,7652,7652,8192,8192,1,0,1,0,0,,
zone-owncam-skill-20260925/tensorboard-view-v8/v8dev-421-6bdacb2,6767,6767,8192,8192,1,0,1,0,0,,
zone-owncam-skill-20260925/tensorboard-view-v8/v8dev-422-6bdacb2,6789,6789,8192,8192,1,0,1,0,0,,
zone-owncam-skill-20260925/tensorboard-view-v8/v8dev-423-6bdacb2,8460,8460,12288,12288,1,0,1,0,0,,
zone-owncam-skill-20260925/tensorboard-view-v9,0,0,0,0,0,0,0,0,0,,
zone-owncam-skill-20260925/tensorboard-view-v9/v8P-s581,7281,7281,8192,8192,1,0,1,0,0,,
zone-owncam-skill-20260925/tensorboard-view-v9/v8P-s582,6827,6827,8192,8192,1,0,1,0,0,,
zone-owncam-skill-20260925/tensorboard-view-v9/v8P-s583,6792,6792,8192,8192,1,0,1,0,0,,
zone-owncam-skill-20260925/tensorboard-view-v9/v8P-s584,7322,7322,8192,8192,1,0,1,0,0,,
zone-owncam-skill-20260925/tensorboard-view-v9/v8P-s585,6825,6825,8192,8192,1,0,1,0,0,,
zone-owncam-skill-20260925/tensorboard-view-v9/v8P-s586,6818,6818,8192,8192,1,0,1,0,0,,
zone-owncam-skill-20260925/tensorboard-view-v9/v8P-s587,6998,6998,8192,8192,1,0,1,0,0,,
zone-owncam-skill-20260925/tensorboard-view-v9/v8P-s588,6817,6817,8192,8192,1,0,1,0,0,,
zone-owncam-skill-20260925/tensorboard-view-v9/v8P-s589,6817,6817,8192,8192,1,0,1,0,0,,
zone-owncam-skill-20260925/tensorboard-view-v9/v8P-s590,7319,7319,8192,8192,1,0,1,0,0,,
zone-owncam-skill-20260925/tensorboard-view-v9/v8P-s591,11490,11490,12288,12288,1,0,1,0,0,,
zone-owncam-skill-20260925/tensorboard-view-v9/v9P-s601,7041,7041,8192,8192,1,0,1,0,0,,
zone-owncam-skill-20260925/tensorboard-view-v9/v9P-s602,10124,10124,12288,12288,1,0,1,0,0,,
zone-owncam-skill-20260925/tensorboard-view-v9/v9P-s603,7274,7274,8192,8192,1,0,1,0,0,,
zone-owncam-skill-20260925/tensorboard-view-v9/v9P-s604,7062,7062,8192,8192,1,0,1,0,0,,
zone-owncam-skill-20260925/tensorboard-view-v9/v9P-s605,9773,9773,12288,12288,1,0,1,0,0,,
zone-owncam-skill-20260925/tensorboard-view-v9/v9P-s606,8207,8207,12288,12288,1,0,1,0,0,,
zone-owncam-skill-20260925/tensorboard-view-v9/v9P-s607,7065,7065,8192,8192,1,0,1,0,0,,
zone-owncam-skill-20260925/tensorboard-view-v9/v9P-s608,10233,10233,12288,12288,1,0,1,0,0,,
zone-owncam-skill-20260925/tensorboard-view-v9/v9P-s609,7062,7062,8192,8192,1,0,1,0,0,,
zone-owncam-skill-20260925/tensorboard-view-v9/v9P-s610,7146,7146,8192,8192,1,0,1,0,0,,
zone-owncam-skill-20260925/tensorboard-view-v9/v9dev-424-1561166,7634,7634,8192,8192,1,0,1,0,0,,
zone-owncam-skill-20260925/tensorboard-view-v9/v9dev-424-77773c5,12228,12228,12288,12288,1,0,1,0,0,,
zone-owncam-skill-20260925/tensorboard-view-v9/v9dev-425-1561166,7232,7232,8192,8192,1,0,1,0,0,,
zone-owncam-skill-20260925/tensorboard-view-v9/v9dev-425-77773c5,7480,7480,8192,8192,1,0,1,0,0,,
zone-owncam-skill-20260925/tensorboard-view-v9/v9dev-426-1561166,7073,7073,8192,8192,1,0,1,0,0,,
zone-owncam-skill-20260925/tensorboard-view-v9/v9dev-426-77773c5,7119,7119,8192,8192,1,0,1,0,0,,
zone-owncam-skill-20260925/tensorboard-view/owncam-v1-dev401,1215,1215,4096,4096,1,0,1,0,0,,
zone-owncam-skill-20260925/tensorboard-view/owncam-v1-dev402,1212,1212,4096,4096,1,0,1,0,0,,
zone-owncam-skill-20260925/tensorboard-view/owncam-v1-s501,1195,1195,4096,4096,1,0,1,0,0,,
zone-owncam-skill-20260925/tensorboard-view/owncam-v1-s502,1193,1193,4096,4096,1,0,1,0,0,,
zone-owncam-skill-20260925/tensorboard-view/owncam-v1-s503,1220,1220,4096,4096,1,0,1,0,0,,
zone-owncam-skill-20260925/tensorboard-view/owncam-v1-s504,1196,1196,4096,4096,1,0,1,0,0,,
zone-owncam-skill-20260925/tensorboard-view/owncam-v1-s505,1224,1224,4096,4096,1,0,1,0,0,,
zone-owncam-skill-20260925/view-probe-4219506,102091,102091,102400,102400,1,0,1,0,0,,
zone-owncam-skill-20260925/view-probe-4219506/frames,1374449,598711,1490944,655360,68,37,31,775738,835584,D1,unknown SIM timing: every 10th numeric-sorted frame + first/last (mandatory endpoints may exceed 10% for n<20)
zone-owncam-skill-20260925/view-probe-4219506/tag-textures,34118,5821,49152,8192,12,10,2,28297,40960,D1,unknown SIM timing: every 11th numeric-sorted frame + first/last (mandatory endpoints may exceed 10% for n<20)
zone-owncam-skill-20260925/view-probe-a868328-doorfirst,188153,188153,188416,188416,1,0,1,0,0,,
zone-owncam-skill-20260925/view-probe-a868328-doorfirst/frames,1494439,567772,1654784,626688,84,52,32,926667,1028096,D1,unknown SIM timing: every 10th numeric-sorted frame + first/last (mandatory endpoints may exceed 10% for n<20); unknown SIM timing: every 11th numeric-sorted frame + first/last (mandatory endpoints may exceed 10% for n<20)
zone-owncam-skill-20260925/view-probe-a868328-doorfirst/tag-textures,34118,5821,49152,8192,12,10,2,28297,40960,D1,unknown SIM timing: every 11th numeric-sorted frame + first/last (mandatory endpoints may exceed 10% for n<20)
zone-pair-dev-521e5567e4a1d1b0614b86b8bf355e994edca890,0,0,0,0,0,0,0,0,0,,
zone-pair-dev-521e5567e4a1d1b0614b86b8bf355e994edca890/dev01,152937,152931,176128,167936,11,2,9,6,8192,D5,
zone-pair-dev-521e5567e4a1d1b0614b86b8bf355e994edca890/dev01-managed,269357,269357,270336,270336,2,0,2,0,0,,
zone-pair-dev-521e5567e4a1d1b0614b86b8bf355e994edca890/dev01/eval_only,1136,1136,12288,12288,3,0,3,0,0,,
zone-pair-dev-521e5567e4a1d1b0614b86b8bf355e994edca890/dev01/eval_only/review-01,221,0,4096,0,1,1,0,221,4096,D5,
zone-pair-dev-521e5567e4a1d1b0614b86b8bf355e994edca890/dev01/inputs,37570,37570,40960,40960,1,0,1,0,0,,
zone-pair-dev-521e5567e4a1d1b0614b86b8bf355e994edca890/tb-view,0,0,0,0,0,0,0,0,0,,
zone-pair-dev-521e5567e4a1d1b0614b86b8bf355e994edca890/tb-view/dev01,2330,2330,4096,4096,1,0,1,0,0,,
zone-pair-dev-521e5567e4a1d1b0614b86b8bf355e994edca890/tensorboard-superseded,0,0,0,0,0,0,0,0,0,,
zone-pair-dev-521e5567e4a1d1b0614b86b8bf355e994edca890/tensorboard-superseded/0927-zone-pair-dev-partial-review01-only,326,326,4096,4096,1,0,1,0,0,,
zone-pair-dev-521e5567e4a1d1b0614b86b8bf355e994edca890/tensorboard-superseded/0927-zone-pair-dev-partial-review01-only/eval_only__review-01__00da417e,5850,5850,12288,12288,2,0,2,0,0,,
zone-pair-dev-tb-view-20260928,0,0,0,0,0,0,0,0,0,,
zone-pair-dev-tb-view-20260928-r2,0,0,0,0,0,0,0,0,0,,
zone-pair-dev-tb-view-20260928-r2/v3,0,0,0,0,0,0,0,0,0,,
zone-pair-dev-tb-view-20260928-r2/v3/dev05,1474805,1474805,1478656,1478656,2,0,2,0,0,,
zone-pair-dev-tb-view-20260928-r2/v3/dev06,1495103,1495103,1499136,1499136,2,0,2,0,0,,
zone-pair-dev-tb-view-20260928-r2/v4,0,0,0,0,0,0,0,0,0,,
zone-pair-dev-tb-view-20260928-r2/v4/dev07,1582630,1582630,1585152,1585152,2,0,2,0,0,,
zone-pair-dev-tb-view-20260928-r2/v4/dev08,1371326,1371326,1376256,1376256,2,0,2,0,0,,
zone-pair-dev-tb-view-20260928-r2/v5b,0,0,0,0,0,0,0,0,0,,
zone-pair-dev-tb-view-20260928-r2/v5b/dev09,1345262,1345262,1347584,1347584,2,0,2,0,0,,
zone-pair-dev-tb-view-20260928-r2/v5b/dev10,1189019,1189019,1191936,1191936,2,0,2,0,0,,
zone-pair-dev-tb-view-20260928-r2/v5g,0,0,0,0,0,0,0,0,0,,
zone-pair-dev-tb-view-20260928-r2/v5g/dev11,1472436,1472436,1474560,1474560,2,0,2,0,0,,
zone-pair-dev-tb-view-20260928-r2/v5g/dev12,1386568,1386568,1388544,1388544,2,0,2,0,0,,
zone-pair-dev-tb-view-20260928/tensorboard-superseded,0,0,0,0,0,0,0,0,0,,
zone-pair-dev-tb-view-20260928/tensorboard-superseded/v3-v5g-r1,1927,1927,4096,4096,1,0,1,0,0,,
zone-pair-dev-tb-view-20260928/tensorboard-superseded/v3-v5g-r1/v3__dev05__ffab958e,9011,9011,12288,12288,2,0,2,0,0,,
zone-pair-dev-tb-view-20260928/tensorboard-superseded/v3-v5g-r1/v3__dev06__47a6ba7e,8116,8116,12288,12288,2,0,2,0,0,,
zone-pair-dev-tb-view-20260928/tensorboard-superseded/v3-v5g-r1/v4__dev07__3f12b7ec,9014,9014,12288,12288,2,0,2,0,0,,
zone-pair-dev-tb-view-20260928/tensorboard-superseded/v3-v5g-r1/v4__dev08__e2960702,8111,8111,12288,12288,2,0,2,0,0,,
zone-pair-dev-tb-view-20260928/tensorboard-superseded/v3-v5g-r1/v5b__dev09__13da513b,9017,9017,12288,12288,2,0,2,0,0,,
zone-pair-dev-tb-view-20260928/tensorboard-superseded/v3-v5g-r1/v5b__dev10__84ad750b,8117,8117,12288,12288,2,0,2,0,0,,
zone-pair-dev-tb-view-20260928/tensorboard-superseded/v3-v5g-r1/v5g__dev11__2dbb7c90,9018,9018,12288,12288,2,0,2,0,0,,
zone-pair-dev-tb-view-20260928/tensorboard-superseded/v3-v5g-r1/v5g__dev12__bde9e147,8119,8119,12288,12288,2,0,2,0,0,,
zone-pair-dev-tb-view-20260928/v3,0,0,0,0,0,0,0,0,0,,
zone-pair-dev-tb-view-20260928/v3/dev05,1473078,1473078,8192,8192,2,0,2,0,0,,
zone-pair-dev-tb-view-20260928/v3/dev06,1493397,1493397,8192,8192,2,0,2,0,0,,
zone-pair-dev-tb-view-20260928/v4,0,0,0,0,0,0,0,0,0,,
zone-pair-dev-tb-view-20260928/v4/dev07,1580914,1580914,8192,8192,2,0,2,0,0,,
zone-pair-dev-tb-view-20260928/v4/dev08,1369620,1369620,8192,8192,2,0,2,0,0,,
zone-pair-dev-tb-view-20260928/v5b,0,0,0,0,0,0,0,0,0,,
zone-pair-dev-tb-view-20260928/v5b/dev09,1343545,1343545,8192,8192,2,0,2,0,0,,
zone-pair-dev-tb-view-20260928/v5b/dev10,1187304,1187304,8192,8192,2,0,2,0,0,,
zone-pair-dev-tb-view-20260928/v5g,0,0,0,0,0,0,0,0,0,,
zone-pair-dev-tb-view-20260928/v5g/dev11,1470717,1470717,8192,8192,2,0,2,0,0,,
zone-pair-dev-tb-view-20260928/v5g/dev12,1384849,1384849,8192,8192,2,0,2,0,0,,
zone-pair-dev-v2-9f28cbf030442a701a666899c02ebb4374e3e3e2,0,0,0,0,0,0,0,0,0,,
zone-pair-dev-v2-9f28cbf030442a701a666899c02ebb4374e3e3e2/dev03,1516845,1516845,1544192,1544192,11,0,11,0,0,,
zone-pair-dev-v2-9f28cbf030442a701a666899c02ebb4374e3e3e2/dev03-managed,598442,598442,602112,602112,2,0,2,0,0,,
zone-pair-dev-v2-9f28cbf030442a701a666899c02ebb4374e3e3e2/dev03/eval_only,3023712,3023712,3043328,3043328,10,0,10,0,0,,
zone-pair-dev-v2-9f28cbf030442a701a666899c02ebb4374e3e3e2/dev03/eval_only/review-01,4759,4759,8192,8192,1,0,1,0,0,,
zone-pair-dev-v2-9f28cbf030442a701a666899c02ebb4374e3e3e2/dev03/frames,0,0,0,0,0,0,0,0,0,,
zone-pair-dev-v2-9f28cbf030442a701a666899c02ebb4374e3e3e2/dev03/frames/r1,4536085,1155759,5427200,1380352,332,247,85,3380326,4046848,D1,first + >=1 SIM second since last sample + last per stream/episode/leg
zone-pair-dev-v2-9f28cbf030442a701a666899c02ebb4374e3e3e2/dev03/frames/r2,6188983,1296783,6791168,1425408,332,262,70,4892200,5365760,D1,first + >=1 SIM second since last sample + last per stream/episode/leg
zone-pair-dev-v2-9f28cbf030442a701a666899c02ebb4374e3e3e2/dev03/frames/r3,5284119,1114127,5439488,1146880,332,262,70,4169992,4292608,D1,first + >=1 SIM second since last sample + last per stream/episode/leg
zone-pair-dev-v2-9f28cbf030442a701a666899c02ebb4374e3e3e2/dev03/inputs,37570,0,40960,0,1,1,0,37570,40960,D5,
zone-pair-dev-v2-9f28cbf030442a701a666899c02ebb4374e3e3e2/dev03/inputs/r1,157035,157035,1359872,1359872,332,0,332,0,0,,
zone-pair-dev-v2-9f28cbf030442a701a666899c02ebb4374e3e3e2/dev03/inputs/r2,157035,157035,1359872,1359872,332,0,332,0,0,,
zone-pair-dev-v2-9f28cbf030442a701a666899c02ebb4374e3e3e2/dev03/inputs/r3,156705,156705,1359872,1359872,332,0,332,0,0,,
zone-pair-dev-v2-9f28cbf030442a701a666899c02ebb4374e3e3e2/dev04,1481707,1467030,1507328,1490944,11,1,10,14677,16384,D5,
zone-pair-dev-v2-9f28cbf030442a701a666899c02ebb4374e3e3e2/dev04-managed,598444,598444,602112,602112,2,0,2,0,0,,
zone-pair-dev-v2-9f28cbf030442a701a666899c02ebb4374e3e3e2/dev04/eval_only,3149766,3149766,3174400,3174400,10,0,10,0,0,,
zone-pair-dev-v2-9f28cbf030442a701a666899c02ebb4374e3e3e2/dev04/eval_only/review-01,4123,4123,8192,8192,1,0,1,0,0,,
zone-pair-dev-v2-9f28cbf030442a701a666899c02ebb4374e3e3e2/dev04/frames,0,0,0,0,0,0,0,0,0,,
zone-pair-dev-v2-9f28cbf030442a701a666899c02ebb4374e3e3e2/dev04/frames/r1,5556938,1434020,6787072,1732608,332,247,85,4122918,5054464,D1,first + >=1 SIM second since last sample + last per stream/episode/leg
zone-pair-dev-v2-9f28cbf030442a701a666899c02ebb4374e3e3e2/dev04/frames/r2,4441369,938707,5439488,1146880,332,262,70,3502662,4292608,D1,first + >=1 SIM second since last sample + last per stream/episode/leg
zone-pair-dev-v2-9f28cbf030442a701a666899c02ebb4374e3e3e2/dev04/frames/r3,4003256,844060,4079616,860160,332,262,70,3159196,3219456,D1,first + >=1 SIM second since last sample + last per stream/episode/leg
zone-pair-dev-v2-9f28cbf030442a701a666899c02ebb4374e3e3e2/dev04/inputs,37570,37570,40960,40960,1,0,1,0,0,,
zone-pair-dev-v2-9f28cbf030442a701a666899c02ebb4374e3e3e2/dev04/inputs/r1,156748,156748,1359872,1359872,332,0,332,0,0,,
zone-pair-dev-v2-9f28cbf030442a701a666899c02ebb4374e3e3e2/dev04/inputs/r2,156705,156705,1359872,1359872,332,0,332,0,0,,
zone-pair-dev-v2-9f28cbf030442a701a666899c02ebb4374e3e3e2/dev04/inputs/r3,156705,156705,1359872,1359872,332,0,332,0,0,,
zone-pair-dev-v3-4a17e7d47616056db85f35933327c6b63581853d,0,0,0,0,0,0,0,0,0,,
zone-pair-dev-v3-4a17e7d47616056db85f35933327c6b63581853d/dev05,8723657,8723657,8761344,8761344,11,0,11,0,0,,
zone-pair-dev-v3-4a17e7d47616056db85f35933327c6b63581853d/dev05-managed,1648593,1648593,1650688,1650688,2,0,2,0,0,,
zone-pair-dev-v3-4a17e7d47616056db85f35933327c6b63581853d/dev05/eval_only,8750958,8750958,7303168,7303168,10,0,10,0,0,,
zone-pair-dev-v3-4a17e7d47616056db85f35933327c6b63581853d/dev05/frames,0,0,0,0,0,0,0,0,0,,
zone-pair-dev-v3-4a17e7d47616056db85f35933327c6b63581853d/dev05/frames/r1,28044455,3751352,32256000,4362240,1610,1383,227,24293103,27893760,D1,first + >=1 SIM second since last sample + last per stream/episode/leg
zone-pair-dev-v3-4a17e7d47616056db85f35933327c6b63581853d/dev05/frames/r2,27813370,3715585,31825920,4296704,1611,1394,217,24097785,27529216,D1,first + >=1 SIM second since last sample + last per stream/episode/leg
zone-pair-dev-v3-4a17e7d47616056db85f35933327c6b63581853d/dev05/frames/r3,15297254,3109480,16044032,3256320,959,764,195,12187774,12787712,D1,first + >=1 SIM second since last sample + last per stream/episode/leg
zone-pair-dev-v3-4a17e7d47616056db85f35933327c6b63581853d/dev05/inputs,38168,38168,40960,40960,1,0,1,0,0,,
zone-pair-dev-v3-4a17e7d47616056db85f35933327c6b63581853d/dev05/inputs/r1,785757,785757,6594560,6594560,1610,0,1610,0,0,,
zone-pair-dev-v3-4a17e7d47616056db85f35933327c6b63581853d/dev05/inputs/r2,780428,780428,6598656,6598656,1611,0,1611,0,0,,
zone-pair-dev-v3-4a17e7d47616056db85f35933327c6b63581853d/dev05/inputs/r3,452965,452965,3928064,3928064,959,0,959,0,0,,
zone-pair-dev-v3-4a17e7d47616056db85f35933327c6b63581853d/dev06,8965525,8942789,8994816,8966144,11,2,9,22736,28672,D5,
zone-pair-dev-v3-4a17e7d47616056db85f35933327c6b63581853d/dev06-managed,1675572,1675572,1679360,1679360,2,0,2,0,0,,
zone-pair-dev-v3-4a17e7d47616056db85f35933327c6b63581853d/dev06/eval_only,9176145,9176145,7700480,7700480,10,0,10,0,0,,
zone-pair-dev-v3-4a17e7d47616056db85f35933327c6b63581853d/dev06/frames,0,0,0,0,0,0,0,0,0,,
zone-pair-dev-v3-4a17e7d47616056db85f35933327c6b63581853d/dev06/frames/r1,31539143,4292948,36147200,4935680,1643,1413,230,27246195,31211520,D1,first + >=1 SIM second since last sample + last per stream/episode/leg
zone-pair-dev-v3-4a17e7d47616056db85f35933327c6b63581853d/dev06/frames/r2,27932829,3673465,31051776,4067328,1644,1424,220,24259364,26984448,D1,first + >=1 SIM second since last sample + last per stream/episode/leg
zone-pair-dev-v3-4a17e7d47616056db85f35933327c6b63581853d/dev06/frames/r3,11980800,2433024,11980800,2433024,975,777,198,9547776,9547776,D1,first + >=1 SIM second since last sample + last per stream/episode/leg
zone-pair-dev-v3-4a17e7d47616056db85f35933327c6b63581853d/dev06/inputs,38168,38168,40960,40960,1,0,1,0,0,,
zone-pair-dev-v3-4a17e7d47616056db85f35933327c6b63581853d/dev06/inputs/r1,788761,788761,6729728,6729728,1643,0,1643,0,0,,
zone-pair-dev-v3-4a17e7d47616056db85f35933327c6b63581853d/dev06/inputs/r2,797456,797456,6733824,6733824,1644,0,1644,0,0,,
zone-pair-dev-v3-4a17e7d47616056db85f35933327c6b63581853d/dev06/inputs/r3,460529,460529,3993600,3993600,975,0,975,0,0,,
zone-pair-dev-v4-8effc2cee5c3534d553adb75a0d82b49097e5286,0,0,0,0,0,0,0,0,0,,
zone-pair-dev-v4-8effc2cee5c3534d553adb75a0d82b49097e5286/dev07,9723698,9722495,9752576,9748480,11,1,10,1203,4096,D5,
zone-pair-dev-v4-8effc2cee5c3534d553adb75a0d82b49097e5286/dev07-managed,1751496,1751496,1753088,1753088,2,0,2,0,0,,
zone-pair-dev-v4-8effc2cee5c3534d553adb75a0d82b49097e5286/dev07/eval_only,9329418,9329418,7766016,7766016,10,0,10,0,0,,
zone-pair-dev-v4-8effc2cee5c3534d553adb75a0d82b49097e5286/dev07/frames,0,0,0,0,0,0,0,0,0,,
zone-pair-dev-v4-8effc2cee5c3534d553adb75a0d82b49097e5286/dev07/frames/r1,30856034,4135384,35586048,4816896,1734,1491,243,26720650,30769152,D1,first + >=1 SIM second since last sample + last per stream/episode/leg
zone-pair-dev-v4-8effc2cee5c3534d553adb75a0d82b49097e5286/dev07/frames/r2,29988855,3933295,33120256,4345856,1735,1503,232,26055560,28774400,D1,first + >=1 SIM second since last sample + last per stream/episode/leg
zone-pair-dev-v4-8effc2cee5c3534d553adb75a0d82b49097e5286/dev07/frames/r3,18118121,3671232,20910080,4239360,1021,814,207,14446889,16670720,D1,first + >=1 SIM second since last sample + last per stream/episode/leg
zone-pair-dev-v4-8effc2cee5c3534d553adb75a0d82b49097e5286/dev07/inputs,38168,0,40960,0,1,1,0,38168,40960,D5,
zone-pair-dev-v4-8effc2cee5c3534d553adb75a0d82b49097e5286/dev07/inputs/r1,843787,839073,7102464,7061504,1734,10,1724,4714,40960,D5,
zone-pair-dev-v4-8effc2cee5c3534d553adb75a0d82b49097e5286/dev07/inputs/r2,842620,842149,7106560,7102464,1735,1,1734,471,4096,D5,
zone-pair-dev-v4-8effc2cee5c3534d553adb75a0d82b49097e5286/dev07/inputs/r3,482293,482293,4182016,4182016,1021,0,1021,0,0,,
zone-pair-dev-v4-8effc2cee5c3534d553adb75a0d82b49097e5286/dev08,8039455,8012309,8069120,8036352,11,2,9,27146,32768,D5,
zone-pair-dev-v4-8effc2cee5c3534d553adb75a0d82b49097e5286/dev08-managed,1527775,1527775,1527808,1527808,2,0,2,0,0,,
zone-pair-dev-v4-8effc2cee5c3534d553adb75a0d82b49097e5286/dev08/eval_only,8333824,8333824,6987776,6987776,10,0,10,0,0,,
zone-pair-dev-v4-8effc2cee5c3534d553adb75a0d82b49097e5286/dev08/frames,0,0,0,0,0,0,0,0,0,,
zone-pair-dev-v4-8effc2cee5c3534d553adb75a0d82b49097e5286/dev08/frames/r1,25456099,3428169,29839360,4038656,1462,1255,207,22027930,25800704,D1,first + >=1 SIM second since last sample + last per stream/episode/leg
zone-pair-dev-v4-8effc2cee5c3534d553adb75a0d82b49097e5286/dev08/frames/r2,25994312,3369918,29237248,3817472,1463,1270,193,22624394,25419776,D1,first + >=1 SIM second since last sample + last per stream/episode/leg
zone-pair-dev-v4-8effc2cee5c3534d553adb75a0d82b49097e5286/dev08/frames/r3,14172478,2881653,14819328,3014656,885,705,180,11290825,11804672,D1,first + >=1 SIM second since last sample + last per stream/episode/leg
zone-pair-dev-v4-8effc2cee5c3534d553adb75a0d82b49097e5286/dev08/inputs,38168,0,40960,0,1,1,0,38168,40960,D5,
zone-pair-dev-v4-8effc2cee5c3534d553adb75a0d82b49097e5286/dev08/inputs/r1,715693,710034,5988352,5939200,1462,12,1450,5659,49152,D5,
zone-pair-dev-v4-8effc2cee5c3534d553adb75a0d82b49097e5286/dev08/inputs/r2,711475,711475,5992448,5992448,1463,0,1463,0,0,,
zone-pair-dev-v4-8effc2cee5c3534d553adb75a0d82b49097e5286/dev08/inputs/r3,417987,417987,3624960,3624960,885,0,885,0,0,,
zone-pair-dev-v5b-3ea2edc08e5addafaf3cedc934c463ad8e1635c8,0,0,0,0,0,0,0,0,0,,
zone-pair-dev-v5b-3ea2edc08e5addafaf3cedc934c463ad8e1635c8/dev09,8173282,8172079,8196096,8192000,11,1,10,1203,4096,D5,
zone-pair-dev-v5b-3ea2edc08e5addafaf3cedc934c463ad8e1635c8/dev09-managed,1583291,1583291,1585152,1585152,2,0,2,0,0,,
zone-pair-dev-v5b-3ea2edc08e5addafaf3cedc934c463ad8e1635c8/dev09/eval_only,8214957,8214957,6893568,6893568,10,0,10,0,0,,
zone-pair-dev-v5b-3ea2edc08e5addafaf3cedc934c463ad8e1635c8/dev09/frames,0,0,0,0,0,0,0,0,0,,
zone-pair-dev-v5b-3ea2edc08e5addafaf3cedc934c463ad8e1635c8/dev09/frames/r1,30040566,4887679,34394112,5607424,1501,1255,246,25152887,28786688,D1,first + >=1 SIM second since last sample + last per stream/episode/leg
zone-pair-dev-v5b-3ea2edc08e5addafaf3cedc934c463ad8e1635c8/dev09/frames/r2,24530562,3755883,28266496,4345856,1502,1271,231,20774679,23920640,D1,first + >=1 SIM second since last sample + last per stream/episode/leg
zone-pair-dev-v5b-3ea2edc08e5addafaf3cedc934c463ad8e1635c8/dev09/frames/r3,14345239,2919258,14893056,3031040,904,720,184,11425981,11862016,D1,first + >=1 SIM second since last sample + last per stream/episode/leg
zone-pair-dev-v5b-3ea2edc08e5addafaf3cedc934c463ad8e1635c8/dev09/inputs,38168,0,40960,0,1,1,0,38168,40960,D5,
zone-pair-dev-v5b-3ea2edc08e5addafaf3cedc934c463ad8e1635c8/dev09/inputs/r1,717238,717238,6148096,6148096,1501,0,1501,0,0,,
zone-pair-dev-v5b-3ea2edc08e5addafaf3cedc934c463ad8e1635c8/dev09/inputs/r2,734971,734971,6152192,6152192,1502,0,1502,0,0,,
zone-pair-dev-v5b-3ea2edc08e5addafaf3cedc934c463ad8e1635c8/dev09/inputs/r3,426966,255634,3702784,2215936,904,363,541,171332,1486848,D5,
zone-pair-dev-v5b-3ea2edc08e5addafaf3cedc934c463ad8e1635c8/dev10,6840732,6811388,6864896,6832128,11,2,9,29344,32768,D5,
zone-pair-dev-v5b-3ea2edc08e5addafaf3cedc934c463ad8e1635c8/dev10-managed,1395759,1395759,1396736,1396736,2,0,2,0,0,,
zone-pair-dev-v5b-3ea2edc08e5addafaf3cedc934c463ad8e1635c8/dev10/eval_only,7422252,7422252,6258688,6258688,10,0,10,0,0,,
zone-pair-dev-v5b-3ea2edc08e5addafaf3cedc934c463ad8e1635c8/dev10/frames,0,0,0,0,0,0,0,0,0,,
zone-pair-dev-v5b-3ea2edc08e5addafaf3cedc934c463ad8e1635c8/dev10/frames/r1,22644381,3728664,26804224,4358144,1273,1060,213,18915717,22446080,D1,first + >=1 SIM second since last sample + last per stream/episode/leg
zone-pair-dev-v5b-3ea2edc08e5addafaf3cedc934c463ad8e1635c8/dev10/frames/r2,22671479,3383129,25649152,3874816,1274,1078,196,19288350,21774336,D1,first + >=1 SIM second since last sample + last per stream/episode/leg
zone-pair-dev-v5b-3ea2edc08e5addafaf3cedc934c463ad8e1635c8/dev10/frames/r3,12638389,2574522,13262848,2699264,790,629,161,10063867,10563584,D1,first + >=1 SIM second since last sample + last per stream/episode/leg
zone-pair-dev-v5b-3ea2edc08e5addafaf3cedc934c463ad8e1635c8/dev10/inputs,38168,0,40960,0,1,1,0,38168,40960,D5,
zone-pair-dev-v5b-3ea2edc08e5addafaf3cedc934c463ad8e1635c8/dev10/inputs/r1,620900,615712,5214208,5169152,1273,11,1262,5188,45056,D5,
zone-pair-dev-v5b-3ea2edc08e5addafaf3cedc934c463ad8e1635c8/dev10/inputs/r2,617646,614348,5218304,5189632,1274,7,1267,3298,28672,D5,
zone-pair-dev-v5b-3ea2edc08e5addafaf3cedc934c463ad8e1635c8/dev10/inputs/r3,373082,203166,3235840,1761280,790,360,430,169916,1474560,D5,
zone-pair-dev-v5e-8b0ddd27a931bfcecee1e3725ad4a6ed739c5c37,0,0,0,0,0,0,0,0,0,,
zone-pair-dev-v5e-8b0ddd27a931bfcecee1e3725ad4a6ed739c5c37/dev11-managed,295448,295448,303104,303104,2,0,2,0,0,,
zone-pair-dev-v5g-c38f94e6c551d8c0fa9993945ff4df087754672e,0,0,0,0,0,0,0,0,0,,
zone-pair-dev-v5g-c38f94e6c551d8c0fa9993945ff4df087754672e/dev11,10013375,10012172,10039296,10035200,11,1,10,1203,4096,D5,
zone-pair-dev-v5g-c38f94e6c551d8c0fa9993945ff4df087754672e/dev11-managed,1694660,1694660,1695744,1695744,2,0,2,0,0,,
zone-pair-dev-v5g-c38f94e6c551d8c0fa9993945ff4df087754672e/dev11/eval_only,8828742,8828742,7376896,7376896,10,0,10,0,0,,
zone-pair-dev-v5g-c38f94e6c551d8c0fa9993945ff4df087754672e/dev11/frames,0,0,0,0,0,0,0,0,0,,
zone-pair-dev-v5g-c38f94e6c551d8c0fa9993945ff4df087754672e/dev11/frames/r1,31262339,4277219,35282944,4780032,1630,1401,229,26985120,30502912,D1,first + >=1 SIM second since last sample + last per stream/episode/leg
zone-pair-dev-v5g-c38f94e6c551d8c0fa9993945ff4df087754672e/dev11/frames/r2,27038577,3539824,30773248,4075520,1631,1412,219,23498753,26697728,D1,first + >=1 SIM second since last sample + last per stream/episode/leg
zone-pair-dev-v5g-c38f94e6c551d8c0fa9993945ff4df087754672e/dev11/frames/r3,17214976,3498390,19845120,4034560,969,772,197,13716586,15810560,D1,first + >=1 SIM second since last sample + last per stream/episode/leg
zone-pair-dev-v5g-c38f94e6c551d8c0fa9993945ff4df087754672e/dev11/inputs,38168,0,40960,0,1,1,0,38168,40960,D5,
zone-pair-dev-v5g-c38f94e6c551d8c0fa9993945ff4df087754672e/dev11/inputs/r1,783216,783216,6676480,6676480,1630,0,1630,0,0,,
zone-pair-dev-v5g-c38f94e6c551d8c0fa9993945ff4df087754672e/dev11/inputs/r2,797779,794009,6680576,6647808,1631,8,1623,3770,32768,D5,
zone-pair-dev-v5g-c38f94e6c551d8c0fa9993945ff4df087754672e/dev11/inputs/r3,457692,288719,3969024,2502656,969,358,611,168973,1466368,D5,
zone-pair-dev-v5g-c38f94e6c551d8c0fa9993945ff4df087754672e/dev12,8960189,8958986,8978432,8974336,11,1,10,1203,4096,D5,
zone-pair-dev-v5g-c38f94e6c551d8c0fa9993945ff4df087754672e/dev12-managed,1565363,1565363,1568768,1568768,2,0,2,0,0,,
zone-pair-dev-v5g-c38f94e6c551d8c0fa9993945ff4df087754672e/dev12/eval_only,8395872,8395872,7032832,7032832,10,0,10,0,0,,
zone-pair-dev-v5g-c38f94e6c551d8c0fa9993945ff4df087754672e/dev12/frames,0,0,0,0,0,0,0,0,0,,
zone-pair-dev-v5g-c38f94e6c551d8c0fa9993945ff4df087754672e/dev12/frames/r1,26731144,3593541,30871552,4173824,1473,1265,208,23137603,26697728,D1,first + >=1 SIM second since last sample + last per stream/episode/leg
zone-pair-dev-v5g-c38f94e6c551d8c0fa9993945ff4df087754672e/dev12/frames/r2,26240811,3392613,29384704,3842048,1474,1280,194,22848198,25542656,D1,first + >=1 SIM second since last sample + last per stream/episode/leg
zone-pair-dev-v5g-c38f94e6c551d8c0fa9993945ff4df087754672e/dev12/frames/r3,14259150,2898915,14909440,3035136,890,709,181,11360235,11874304,D1,first + >=1 SIM second since last sample + last per stream/episode/leg
zone-pair-dev-v5g-c38f94e6c551d8c0fa9993945ff4df087754672e/dev12/inputs,38168,0,40960,0,1,1,0,38168,40960,D5,
zone-pair-dev-v5g-c38f94e6c551d8c0fa9993945ff4df087754672e/dev12/inputs/r1,721912,583109,6033408,4829184,1473,294,1179,138803,1204224,D5,
zone-pair-dev-v5g-c38f94e6c551d8c0fa9993945ff4df087754672e/dev12/inputs/r2,713047,709277,6037504,6004736,1474,8,1466,3770,32768,D5,
zone-pair-dev-v5g-c38f94e6c551d8c0fa9993945ff4df087754672e/dev12/inputs/r3,420350,250434,3645440,2170880,890,360,530,169916,1474560,D5,
zone-pair-dev-v5h-f87921dc52f7a3f12d41b4bc6ab5c30227890e8e,0,0,0,0,0,0,0,0,0,,
zone-pair-dev-v5h-f87921dc52f7a3f12d41b4bc6ab5c30227890e8e/dev13,9041130,9039927,9068544,9064448,11,1,10,1203,4096,D5,
zone-pair-dev-v5h-f87921dc52f7a3f12d41b4bc6ab5c30227890e8e/dev13-managed,1561726,1561726,1564672,1564672,2,0,2,0,0,,
zone-pair-dev-v5h-f87921dc52f7a3f12d41b4bc6ab5c30227890e8e/dev13/eval_only,8102628,8102628,8118272,8118272,10,0,10,0,0,,
zone-pair-dev-v5h-f87921dc52f7a3f12d41b4bc6ab5c30227890e8e/dev13/frames,0,0,0,0,0,0,0,0,0,,
zone-pair-dev-v5h-f87921dc52f7a3f12d41b4bc6ab5c30227890e8e/dev13/frames/r1,26762170,3594841,31068160,4214784,1468,1260,208,23167329,26853376,D1,first + >=1 SIM second since last sample + last per stream/episode/leg
zone-pair-dev-v5h-f87921dc52f7a3f12d41b4bc6ab5c30227890e8e/dev13/frames/r2,25824974,3358996,28557312,3698688,1469,1275,194,22465978,24858624,D1,first + >=1 SIM second since last sample + last per stream/episode/leg
zone-pair-dev-v5h-f87921dc52f7a3f12d41b4bc6ab5c30227890e8e/dev13/frames/r3,15735309,3206108,18186240,3706880,888,707,181,12529201,14479360,D1,first + >=1 SIM second since last sample + last per stream/episode/leg
zone-pair-dev-v5h-f87921dc52f7a3f12d41b4bc6ab5c30227890e8e/dev13/inputs,38168,0,40960,0,1,1,0,38168,40960,D5,
zone-pair-dev-v5h-f87921dc52f7a3f12d41b4bc6ab5c30227890e8e/dev13/inputs/r1,716570,594278,6012928,4952064,1468,259,1209,122292,1060864,D5,
zone-pair-dev-v5h-f87921dc52f7a3f12d41b4bc6ab5c30227890e8e/dev13/inputs/r2,712535,707347,6017024,5971968,1469,11,1458,5188,45056,D5,
zone-pair-dev-v5h-f87921dc52f7a3f12d41b4bc6ab5c30227890e8e/dev13/inputs/r3,419404,250431,3637248,2170880,888,358,530,168973,1466368,D5,
zone-pair-dev-v5h-f87921dc52f7a3f12d41b4bc6ab5c30227890e8e/dev14,8502545,8501342,8531968,8527872,11,1,10,1203,4096,D5,
zone-pair-dev-v5h-f87921dc52f7a3f12d41b4bc6ab5c30227890e8e/dev14-managed,1501518,1501518,1503232,1503232,2,0,2,0,0,,
zone-pair-dev-v5h-f87921dc52f7a3f12d41b4bc6ab5c30227890e8e/dev14/eval_only,7986616,7986616,8003584,8003584,10,0,10,0,0,,
zone-pair-dev-v5h-f87921dc52f7a3f12d41b4bc6ab5c30227890e8e/dev14/frames,0,0,0,0,0,0,0,0,0,,
zone-pair-dev-v5h-f87921dc52f7a3f12d41b4bc6ab5c30227890e8e/dev14/frames/r1,27208244,3757859,30765056,4210688,1395,1195,200,23450385,26554368,D1,first + >=1 SIM second since last sample + last per stream/episode/leg
zone-pair-dev-v5h-f87921dc52f7a3f12d41b4bc6ab5c30227890e8e/dev14/frames/r2,24195612,3105285,27365376,3559424,1396,1214,182,21090327,23805952,D1,first + >=1 SIM second since last sample + last per stream/episode/leg
zone-pair-dev-v5h-f87921dc52f7a3f12d41b4bc6ab5c30227890e8e/dev14/frames/r3,10457088,2125824,10457088,2125824,851,678,173,8331264,8331264,D1,first + >=1 SIM second since last sample + last per stream/episode/leg
zone-pair-dev-v5h-f87921dc52f7a3f12d41b4bc6ab5c30227890e8e/dev14/inputs,38168,0,40960,0,1,1,0,38168,40960,D5,
zone-pair-dev-v5h-f87921dc52f7a3f12d41b4bc6ab5c30227890e8e/dev14/inputs/r1,669104,668633,5713920,5709824,1395,1,1394,471,4096,D5,
zone-pair-dev-v5h-f87921dc52f7a3f12d41b4bc6ab5c30227890e8e/dev14/inputs/r2,676452,533872,5718016,4481024,1396,302,1094,142580,1236992,D5,
zone-pair-dev-v5h-f87921dc52f7a3f12d41b4bc6ab5c30227890e8e/dev14/inputs/r3,401915,0,3485696,0,851,851,0,401915,3485696,D5,
zone-pair-dev-v6-3c26acddec066adcd9164e6d2a6f51c1261c5f66,3779,3779,4096,4096,1,0,1,0,0,,
zone-pair-dev-v6-3c26acddec066adcd9164e6d2a6f51c1261c5f66/v6-s911-ab,2041826,488796,2064384,503808,11,3,8,1553030,1560576,D5,
zone-pair-dev-v6-3c26acddec066adcd9164e6d2a6f51c1261c5f66/v6-s911-ab-managed,615563,615563,618496,618496,2,0,2,0,0,,
zone-pair-dev-v6-3c26acddec066adcd9164e6d2a6f51c1261c5f66/v6-s911-ab/eval_only,2811551,2050221,2838528,2064384,10,4,6,761330,774144,D5,
zone-pair-dev-v6-3c26acddec066adcd9164e6d2a6f51c1261c5f66/v6-s911-ab/frames,0,0,0,0,0,0,0,0,0,,
zone-pair-dev-v6-3c26acddec066adcd9164e6d2a6f51c1261c5f66/v6-s911-ab/frames/r1,3927125,1029752,5017600,1314816,306,226,80,2897373,3702784,D1,first + >=1 SIM second since last sample + last per stream/episode/leg
zone-pair-dev-v6-3c26acddec066adcd9164e6d2a6f51c1261c5f66/v6-s911-ab/frames/r2,3841755,818645,5013504,1064960,306,241,65,3023110,3948544,D1,first + >=1 SIM second since last sample + last per stream/episode/leg
zone-pair-dev-v6-3c26acddec066adcd9164e6d2a6f51c1261c5f66/v6-s911-ab/frames/r3,3760128,798720,3760128,798720,306,241,65,2961408,2961408,D1,first + >=1 SIM second since last sample + last per stream/episode/leg
zone-pair-dev-v6-3c26acddec066adcd9164e6d2a6f51c1261c5f66/v6-s911-ab/inputs,38168,0,40960,0,1,1,0,38168,40960,D5,
zone-pair-dev-v6-3c26acddec066adcd9164e6d2a6f51c1261c5f66/v6-s911-ab/inputs/r1,144434,0,1253376,0,306,306,0,144434,1253376,D5,
zone-pair-dev-v6-3c26acddec066adcd9164e6d2a6f51c1261c5f66/v6-s911-ab/inputs/r2,144434,0,1253376,0,306,306,0,144434,1253376,D5,
zone-pair-dev-v6-3c26acddec066adcd9164e6d2a6f51c1261c5f66/v6-s911-ab/inputs/r3,144434,0,1253376,0,306,306,0,144434,1253376,D5,
zone-pair-dev-v6-3c26acddec066adcd9164e6d2a6f51c1261c5f66/v6-s911-b,2041831,2041828,2064384,2060288,11,1,10,3,4096,D5,
zone-pair-dev-v6-3c26acddec066adcd9164e6d2a6f51c1261c5f66/v6-s911-b-managed,615560,615560,618496,618496,2,0,2,0,0,,
zone-pair-dev-v6-3c26acddec066adcd9164e6d2a6f51c1261c5f66/v6-s911-b/eval_only,2811553,2811553,2838528,2838528,10,0,10,0,0,,
zone-pair-dev-v6-3c26acddec066adcd9164e6d2a6f51c1261c5f66/v6-s911-b/frames,0,0,0,0,0,0,0,0,0,,
zone-pair-dev-v6-3c26acddec066adcd9164e6d2a6f51c1261c5f66/v6-s911-b/frames/r1,3927125,1029752,5017600,1314816,306,226,80,2897373,3702784,D1,first + >=1 SIM second since last sample + last per stream/episode/leg
zone-pair-dev-v6-3c26acddec066adcd9164e6d2a6f51c1261c5f66/v6-s911-b/frames/r2,3841755,818645,5013504,1064960,306,241,65,3023110,3948544,D1,first + >=1 SIM second since last sample + last per stream/episode/leg
zone-pair-dev-v6-3c26acddec066adcd9164e6d2a6f51c1261c5f66/v6-s911-b/frames/r3,3760128,798720,3760128,798720,306,241,65,2961408,2961408,D1,first + >=1 SIM second since last sample + last per stream/episode/leg
zone-pair-dev-v6-3c26acddec066adcd9164e6d2a6f51c1261c5f66/v6-s911-b/inputs,38168,0,40960,0,1,1,0,38168,40960,D5,
zone-pair-dev-v6-3c26acddec066adcd9164e6d2a6f51c1261c5f66/v6-s911-b/inputs/r1,144434,143964,1253376,1249280,306,1,305,470,4096,D5,
zone-pair-dev-v6-3c26acddec066adcd9164e6d2a6f51c1261c5f66/v6-s911-b/inputs/r2,144434,143964,1253376,1249280,306,1,305,470,4096,D5,
zone-pair-dev-v6-3c26acddec066adcd9164e6d2a6f51c1261c5f66/v6-s911-b/inputs/r3,144434,0,1253376,0,306,306,0,144434,1253376,D5,
zone-pair-dev-v6-3c26acddec066adcd9164e6d2a6f51c1261c5f66/v6-s911-v5h,9783060,9781857,9809920,9805824,11,1,10,1203,4096,D5,
zone-pair-dev-v6-3c26acddec066adcd9164e6d2a6f51c1261c5f66/v6-s911-v5h-managed,1667401,1667401,1671168,1671168,2,0,2,0,0,,
zone-pair-dev-v6-3c26acddec066adcd9164e6d2a6f51c1261c5f66/v6-s911-v5h/eval_only,8617228,8578309,8638464,8597504,10,1,9,38919,40960,D5,
zone-pair-dev-v6-3c26acddec066adcd9164e6d2a6f51c1261c5f66/v6-s911-v5h/frames,0,0,0,0,0,0,0,0,0,,
zone-pair-dev-v6-3c26acddec066adcd9164e6d2a6f51c1261c5f66/v6-s911-v5h/frames/r1,31407318,4287892,36163584,4960256,1584,1361,223,27119426,31203328,D1,first + >=1 SIM second since last sample + last per stream/episode/leg
zone-pair-dev-v6-3c26acddec066adcd9164e6d2a6f51c1261c5f66/v6-s911-v5h/frames/r2,27669133,3661497,30420992,3997696,1585,1373,212,24007636,26423296,D1,first + >=1 SIM second since last sample + last per stream/episode/leg
zone-pair-dev-v6-3c26acddec066adcd9164e6d2a6f51c1261c5f66/v6-s911-v5h/frames/r3,11624448,2383872,11624448,2383872,946,752,194,9240576,9240576,D1,first + >=1 SIM second since last sample + last per stream/episode/leg
zone-pair-dev-v6-3c26acddec066adcd9164e6d2a6f51c1261c5f66/v6-s911-v5h/inputs,38168,0,40960,0,1,1,0,38168,40960,D5,
zone-pair-dev-v6-3c26acddec066adcd9164e6d2a6f51c1261c5f66/v6-s911-v5h/inputs/r1,757751,754453,6488064,6459392,1584,7,1577,3298,28672,D5,
zone-pair-dev-v6-3c26acddec066adcd9164e6d2a6f51c1261c5f66/v6-s911-v5h/inputs/r2,768226,764928,6492160,6463488,1585,7,1578,3298,28672,D5,
zone-pair-dev-v6-3c26acddec066adcd9164e6d2a6f51c1261c5f66/v6-s911-v5h/inputs/r3,446819,0,3874816,0,946,946,0,446819,3874816,D5,
zone-pair-dev-v6-3c26acddec066adcd9164e6d2a6f51c1261c5f66/v6-s912-ab,2042323,488805,2064384,503808,11,3,8,1553518,1560576,D5,
zone-pair-dev-v6-3c26acddec066adcd9164e6d2a6f51c1261c5f66/v6-s912-ab-managed-a2,615569,615569,618496,618496,2,0,2,0,0,,
zone-pair-dev-v6-3c26acddec066adcd9164e6d2a6f51c1261c5f66/v6-s912-ab/eval_only,2923362,2159538,2949120,2174976,10,4,6,763824,774144,D5,
zone-pair-dev-v6-3c26acddec066adcd9164e6d2a6f51c1261c5f66/v6-s912-ab/frames,0,0,0,0,0,0,0,0,0,,
zone-pair-dev-v6-3c26acddec066adcd9164e6d2a6f51c1261c5f66/v6-s912-ab/frames/r1,3940897,1033411,5017600,1314816,306,226,80,2907486,3702784,D1,first + >=1 SIM second since last sample + last per stream/episode/leg
zone-pair-dev-v6-3c26acddec066adcd9164e6d2a6f51c1261c5f66/v6-s912-ab/frames/r2,3841787,818677,5013504,1064960,306,241,65,3023110,3948544,D1,first + >=1 SIM second since last sample + last per stream/episode/leg
zone-pair-dev-v6-3c26acddec066adcd9164e6d2a6f51c1261c5f66/v6-s912-ab/frames/r3,3760128,798720,3760128,798720,306,241,65,2961408,2961408,D1,first + >=1 SIM second since last sample + last per stream/episode/leg
zone-pair-dev-v6-3c26acddec066adcd9164e6d2a6f51c1261c5f66/v6-s912-ab/inputs,38168,0,40960,0,1,1,0,38168,40960,D5,
zone-pair-dev-v6-3c26acddec066adcd9164e6d2a6f51c1261c5f66/v6-s912-ab/inputs/r1,144434,0,1253376,0,306,306,0,144434,1253376,D5,
zone-pair-dev-v6-3c26acddec066adcd9164e6d2a6f51c1261c5f66/v6-s912-ab/inputs/r2,144434,0,1253376,0,306,306,0,144434,1253376,D5,
zone-pair-dev-v6-3c26acddec066adcd9164e6d2a6f51c1261c5f66/v6-s912-ab/inputs/r3,144434,0,1253376,0,306,306,0,144434,1253376,D5,
zone-pair-dev-v6-3c26acddec066adcd9164e6d2a6f51c1261c5f66/v6-s912-b,2042320,2041100,2064384,2056192,11,2,9,1220,8192,D5,
zone-pair-dev-v6-3c26acddec066adcd9164e6d2a6f51c1261c5f66/v6-s912-b-managed,309581,309581,315392,315392,2,0,2,0,0,,
zone-pair-dev-v6-3c26acddec066adcd9164e6d2a6f51c1261c5f66/v6-s912-b-managed-a2,615566,615566,618496,618496,2,0,2,0,0,,
zone-pair-dev-v6-3c26acddec066adcd9164e6d2a6f51c1261c5f66/v6-s912-b/eval_only,2923364,2922669,2949120,2940928,10,2,8,695,8192,D5,
zone-pair-dev-v6-3c26acddec066adcd9164e6d2a6f51c1261c5f66/v6-s912-b/frames,0,0,0,0,0,0,0,0,0,,
zone-pair-dev-v6-3c26acddec066adcd9164e6d2a6f51c1261c5f66/v6-s912-b/frames/r1,3940897,1033411,5017600,1314816,306,226,80,2907486,3702784,D1,first + >=1 SIM second since last sample + last per stream/episode/leg
zone-pair-dev-v6-3c26acddec066adcd9164e6d2a6f51c1261c5f66/v6-s912-b/frames/r2,3841787,818677,5013504,1064960,306,241,65,3023110,3948544,D1,first + >=1 SIM second since last sample + last per stream/episode/leg
zone-pair-dev-v6-3c26acddec066adcd9164e6d2a6f51c1261c5f66/v6-s912-b/frames/r3,3760128,798720,3760128,798720,306,241,65,2961408,2961408,D1,first + >=1 SIM second since last sample + last per stream/episode/leg
zone-pair-dev-v6-3c26acddec066adcd9164e6d2a6f51c1261c5f66/v6-s912-b/inputs,38168,0,40960,0,1,1,0,38168,40960,D5,
zone-pair-dev-v6-3c26acddec066adcd9164e6d2a6f51c1261c5f66/v6-s912-b/inputs/r1,144434,143964,1253376,1249280,306,1,305,470,4096,D5,
zone-pair-dev-v6-3c26acddec066adcd9164e6d2a6f51c1261c5f66/v6-s912-b/inputs/r2,144434,0,1253376,0,306,306,0,144434,1253376,D5,
zone-pair-dev-v6-3c26acddec066adcd9164e6d2a6f51c1261c5f66/v6-s912-b/inputs/r3,144434,0,1253376,0,306,306,0,144434,1253376,D5,
zone-pair-dev-v6-3c26acddec066adcd9164e6d2a6f51c1261c5f66/v6-s912-v5h,11344598,11343395,11366400,11362304,11,1,10,1203,4096,D5,
zone-pair-dev-v6-3c26acddec066adcd9164e6d2a6f51c1261c5f66/v6-s912-v5h-managed,1853946,1853946,1855488,1855488,2,0,2,0,0,,
zone-pair-dev-v6-3c26acddec066adcd9164e6d2a6f51c1261c5f66/v6-s912-v5h/eval_only,9966638,9927715,9986048,9945088,10,1,9,38923,40960,D5,
zone-pair-dev-v6-3c26acddec066adcd9164e6d2a6f51c1261c5f66/v6-s912-v5h/frames,0,0,0,0,0,0,0,0,0,,
zone-pair-dev-v6-3c26acddec066adcd9164e6d2a6f51c1261c5f66/v6-s912-v5h/frames/r1,35069490,4790414,40083456,5488640,1811,1559,252,30279076,34594816,D1,first + >=1 SIM second since last sample + last per stream/episode/leg
zone-pair-dev-v6-3c26acddec066adcd9164e6d2a6f51c1261c5f66/v6-s912-v5h/frames/r2,30951440,4051627,34246656,4472832,1812,1571,241,26899813,29773824,D1,first + >=1 SIM second since last sample + last per stream/episode/leg
zone-pair-dev-v6-3c26acddec066adcd9164e6d2a6f51c1261c5f66/v6-s912-v5h/frames/r3,13012992,2666496,13012992,2666496,1059,842,217,10346496,10346496,D1,first + >=1 SIM second since last sample + last per stream/episode/leg
zone-pair-dev-v6-3c26acddec066adcd9164e6d2a6f51c1261c5f66/v6-s912-v5h/inputs,38168,0,40960,0,1,1,0,38168,40960,D5,
zone-pair-dev-v6-3c26acddec066adcd9164e6d2a6f51c1261c5f66/v6-s912-v5h/inputs/r1,868481,864239,7417856,7380992,1811,9,1802,4242,36864,D5,
zone-pair-dev-v6-3c26acddec066adcd9164e6d2a6f51c1261c5f66/v6-s912-v5h/inputs/r2,876428,871713,7421952,7380992,1812,10,1802,4715,40960,D5,
zone-pair-dev-v6-3c26acddec066adcd9164e6d2a6f51c1261c5f66/v6-s912-v5h/inputs/r3,500294,39765,4337664,344064,1059,975,84,460529,3993600,D5,
zone-pair-v6-dev-tb-view-20260928,0,0,0,0,0,0,0,0,0,,
zone-pair-v6-dev-tb-view-20260928/v5h,0,0,0,0,0,0,0,0,0,,
zone-pair-v6-dev-tb-view-20260928/v5h/dev13,1357054,1357054,8192,8192,2,0,2,0,0,,
zone-pair-v6-dev-tb-view-20260928/v5h/dev14,1274449,1274449,8192,8192,2,0,2,0,0,,
zone-pair-v6-dev-tb-view-20260928/v6,0,0,0,0,0,0,0,0,0,,
zone-pair-v6-dev-tb-view-20260928/v6/v6-s911-ab,418549,418549,4096,4096,2,0,2,0,0,,
zone-pair-v6-dev-tb-view-20260928/v6/v6-s911-b,418552,418552,4096,4096,2,0,2,0,0,,
zone-pair-v6-dev-tb-view-20260928/v6/v6-s911-v5h,1428250,1428250,8192,8192,2,0,2,0,0,,
zone-pair-v6-dev-tb-view-20260928/v6/v6-s912-ab,420542,420542,4096,4096,2,0,2,0,0,,
zone-pair-v6-dev-tb-view-20260928/v6/v6-s912-b,420545,420545,4096,4096,2,0,2,0,0,,
zone-pair-v6-dev-tb-view-20260928/v6/v6-s912-v5h,1631905,1631905,8192,8192,2,0,2,0,0,,
zone-pair-v6-review3-shape-survey,0,0,0,0,0,0,0,0,0,,
zone-pair-v6-review3-shape-survey/current,3158980,3158980,3166208,3166208,3,0,3,0,0,,
zone-pair-v6-review3-shape-survey/head-a5b486eb,4688130,4688130,4702208,4702208,7,0,7,0,0,,
zone-pair-v6b-boot-probe-a1fe7dac,0,0,0,0,0,0,0,0,0,,
zone-pair-v6b-boot-probe-a1fe7dac/smoke,730,730,4096,4096,1,0,1,0,0,,
zone-pair-v6b-boot-probe-a1fe7dac/smoke/case000-s911-seeded,10282,10282,12288,12288,1,0,1,0,0,,
zone-pair-v6b-boot-probe-a1fe7dac/smoke/case000-s911-seeded/frames,0,0,0,0,0,0,0,0,0,,
zone-pair-v6b-boot-probe-a1fe7dac/smoke/case000-s911-seeded/frames/r1,456813,161469,524288,184320,26,17,9,295344,339968,D1,unknown SIM timing: every 18th numeric-sorted frame + first/last (mandatory endpoints may exceed 10% for n<20)
zone-pair-v6b-boot-probe-a1fe7dac/smoke/case000-s911-seeded/frames/r2,400214,64579,438272,69632,26,22,4,335635,368640,D1,unknown SIM timing: every 23th numeric-sorted frame + first/last (mandatory endpoints may exceed 10% for n<20)
zone-pair-v6b-boot-probe-a1fe7dac/smoke/case000-s911-seeded/frames/r3,319488,49152,319488,49152,26,22,4,270336,270336,D1,unknown SIM timing: every 23th numeric-sorted frame + first/last (mandatory endpoints may exceed 10% for n<20)
zone-pair-v6b-boot-probe-dce25ce5,0,0,0,0,0,0,0,0,0,,
zone-pair-v6b-boot-probe-dce25ce5/smoke,730,730,4096,4096,1,0,1,0,0,,
zone-pair-v6b-boot-probe-dce25ce5/smoke/case000-s911-seeded,10282,10282,12288,12288,1,0,1,0,0,,
zone-pair-v6b-boot-probe-dce25ce5/smoke/case000-s911-seeded/frames,0,0,0,0,0,0,0,0,0,,
zone-pair-v6b-boot-probe-dce25ce5/smoke/case000-s911-seeded/frames/r1,456813,161469,524288,184320,26,17,9,295344,339968,D1,unknown SIM timing: every 18th numeric-sorted frame + first/last (mandatory endpoints may exceed 10% for n<20)
zone-pair-v6b-boot-probe-dce25ce5/smoke/case000-s911-seeded/frames/r2,400214,64579,438272,69632,26,22,4,335635,368640,D1,unknown SIM timing: every 23th numeric-sorted frame + first/last (mandatory endpoints may exceed 10% for n<20)
zone-pair-v6b-boot-probe-dce25ce5/smoke/case000-s911-seeded/frames/r3,319488,49152,319488,49152,26,22,4,270336,270336,D1,unknown SIM timing: every 23th numeric-sorted frame + first/last (mandatory endpoints may exceed 10% for n<20)
zone-rgb-color-20260925,0,0,0,0,0,0,0,0,0,,
zone-rgb-color-20260925/dev-881b356,14448,14448,16384,16384,1,0,1,0,0,,
zone-rgb-color-20260925/dev-881b356-score,1968864,1968864,1970176,1970176,3,0,3,0,0,,
zone-rgb-color-20260925/dev-881b356/eval-labels,10241626,1330290,11591680,1568768,684,562,122,8911336,10022912,"D1,D5",unknown SIM timing: every 10th numeric-sorted frame + first/last (mandatory endpoints may exceed 10% for n<20); unknown SIM timing: every 11th numeric-sorted frame + first/last (mandatory endpoints may exceed 10% for n<20); unknown SIM timing: every 23th numeric-sorted frame + first/last (mandatory endpoints may exceed 10% for n<20)
zone-rgb-color-20260925/dev-881b356/frames,0,0,0,0,0,0,0,0,0,,
zone-rgb-color-20260925/dev-881b356/frames/dispatch-open-s171-dispatch_approach-0,239809,239442,249856,245760,5,1,4,367,4096,D5,
zone-rgb-color-20260925/dev-881b356/frames/dispatch-open-s171-dispatch_approach-1,234964,234597,245760,241664,5,1,4,367,4096,D5,
zone-rgb-color-20260925/dev-881b356/frames/dispatch-open-s171-dispatch_approach-2,243593,243226,253952,249856,5,1,4,367,4096,D5,
zone-rgb-color-20260925/dev-881b356/frames/dispatch-open-s171-dispatch_beam-0,249435,249072,258048,253952,5,1,4,363,4096,D5,
zone-rgb-color-20260925/dev-881b356/frames/dispatch-open-s171-dispatch_beam-1,286659,286296,299008,294912,5,1,4,363,4096,D5,
zone-rgb-color-20260925/dev-881b356/frames/dispatch-open-s171-dispatch_layout-0,223181,222816,237568,233472,5,1,4,365,4096,D5,
zone-rgb-color-20260925/dev-881b356/frames/dispatch-open-s172-dispatch_approach-0,209052,208685,221184,217088,5,1,4,367,4096,D5,
zone-rgb-color-20260925/dev-881b356/frames/dispatch-open-s172-dispatch_approach-1,174383,174016,188416,184320,5,1,4,367,4096,D5,
zone-rgb-color-20260925/dev-881b356/frames/dispatch-open-s172-dispatch_approach-2,234715,234348,245760,241664,5,1,4,367,4096,D5,
zone-rgb-color-20260925/dev-881b356/frames/dispatch-open-s172-dispatch_beam-0,254557,254194,266240,262144,5,1,4,363,4096,D5,
zone-rgb-color-20260925/dev-881b356/frames/dispatch-open-s172-dispatch_beam-1,266874,266511,278528,274432,5,1,4,363,4096,D5,
zone-rgb-color-20260925/dev-881b356/frames/dispatch-open-s172-dispatch_layout-0,219978,219613,229376,225280,5,1,4,365,4096,D5,
zone-rgb-color-20260925/dev-881b356/frames/zones-zone_wide-s101-approach-0,343338,342914,360448,356352,8,1,7,424,4096,D5,
zone-rgb-color-20260925/dev-881b356/frames/zones-zone_wide-s101-approach-1,332320,331896,348160,344064,8,1,7,424,4096,D5,
zone-rgb-color-20260925/dev-881b356/frames/zones-zone_wide-s101-approach-2,330111,329687,348160,344064,8,1,7,424,4096,D5,
zone-rgb-color-20260925/dev-881b356/frames/zones-zone_wide-s101-approach-3,359374,358950,376832,372736,8,1,7,424,4096,D5,
zone-rgb-color-20260925/dev-881b356/frames/zones-zone_wide-s101-edge-0,350938,350518,364544,360448,8,1,7,420,4096,D5,
zone-rgb-color-20260925/dev-881b356/frames/zones-zone_wide-s101-empty-0,329205,328784,352256,348160,8,1,7,421,4096,D5,
zone-rgb-color-20260925/dev-881b356/frames/zones-zone_wide-s101-layout-0,347897,347475,368640,364544,8,1,7,422,4096,D5,
zone-rgb-color-20260925/dev-881b356/frames/zones-zone_wide-s101-layout-1,350958,350536,372736,368640,8,1,7,422,4096,D5,
zone-rgb-color-20260925/dev-881b356/frames/zones-zone_wide-s101-occluded-0,373510,373086,393216,389120,8,1,7,424,4096,D5,
zone-rgb-color-20260925/dev-881b356/frames/zones-zone_wide-s101-occluded-1,351130,350706,364544,360448,8,1,7,424,4096,D5,
zone-rgb-color-20260925/dev-881b356/frames/zones-zone_wide-s101-under_gripper-0,322178,321749,339968,335872,8,1,7,429,4096,D5,
zone-rgb-color-20260925/dev-881b356/frames/zones-zone_wide-s101-zones-0,346184,345763,364544,360448,8,1,7,421,4096,D5,
zone-rgb-color-20260925/dev-881b356/frames/zones-zone_wide-s101-zones-1,343247,342826,364544,360448,8,1,7,421,4096,D5,
zone-rgb-color-20260925/dev-881b356/frames/zones-zone_wide-s102-approach-0,350143,349719,368640,364544,8,1,7,424,4096,D5,
zone-rgb-color-20260925/dev-881b356/frames/zones-zone_wide-s102-approach-1,333444,333020,348160,344064,8,1,7,424,4096,D5,
zone-rgb-color-20260925/dev-881b356/frames/zones-zone_wide-s102-approach-2,342042,341618,360448,356352,8,1,7,424,4096,D5,
zone-rgb-color-20260925/dev-881b356/frames/zones-zone_wide-s102-approach-3,364146,363722,385024,380928,8,1,7,424,4096,D5,
zone-rgb-color-20260925/dev-881b356/frames/zones-zone_wide-s102-edge-0,334734,334314,356352,352256,8,1,7,420,4096,D5,
zone-rgb-color-20260925/dev-881b356/frames/zones-zone_wide-s102-empty-0,327946,327525,344064,339968,8,1,7,421,4096,D5,
zone-rgb-color-20260925/dev-881b356/frames/zones-zone_wide-s102-layout-0,350143,349721,368640,364544,8,1,7,422,4096,D5,
zone-rgb-color-20260925/dev-881b356/frames/zones-zone_wide-s102-layout-1,343403,342981,360448,356352,8,1,7,422,4096,D5,
zone-rgb-color-20260925/dev-881b356/frames/zones-zone_wide-s102-occluded-0,437860,437436,454656,450560,8,1,7,424,4096,D5,
zone-rgb-color-20260925/dev-881b356/frames/zones-zone_wide-s102-occluded-1,388506,388082,405504,401408,8,1,7,424,4096,D5,
zone-rgb-color-20260925/dev-881b356/frames/zones-zone_wide-s102-under_gripper-0,320009,319580,339968,335872,8,1,7,429,4096,D5,
zone-rgb-color-20260925/dev-881b356/frames/zones-zone_wide-s102-zones-0,329332,328911,344064,339968,8,1,7,421,4096,D5,
zone-rgb-color-20260925/dev-881b356/frames/zones-zone_wide-s102-zones-1,329923,329502,352256,348160,8,1,7,421,4096,D5,
zone-rgb-color-20260925/dev-881b356/frames/zones-zone_wide-s103-approach-0,352080,351656,368640,364544,8,1,7,424,4096,D5,
zone-rgb-color-20260925/dev-881b356/frames/zones-zone_wide-s103-approach-1,333612,333188,352256,348160,8,1,7,424,4096,D5,
zone-rgb-color-20260925/dev-881b356/frames/zones-zone_wide-s103-approach-2,337865,337441,356352,352256,8,1,7,424,4096,D5,
zone-rgb-color-20260925/dev-881b356/frames/zones-zone_wide-s103-approach-3,349763,349339,368640,364544,8,1,7,424,4096,D5,
zone-rgb-color-20260925/dev-881b356/frames/zones-zone_wide-s103-edge-0,344776,344356,364544,360448,8,1,7,420,4096,D5,
zone-rgb-color-20260925/dev-881b356/frames/zones-zone_wide-s103-empty-0,339281,338860,356352,352256,8,1,7,421,4096,D5,
zone-rgb-color-20260925/dev-881b356/frames/zones-zone_wide-s103-layout-0,343364,342942,364544,360448,8,1,7,422,4096,D5,
zone-rgb-color-20260925/dev-881b356/frames/zones-zone_wide-s103-layout-1,348491,348069,364544,360448,8,1,7,422,4096,D5,
zone-rgb-color-20260925/dev-881b356/frames/zones-zone_wide-s103-occluded-0,360475,360051,380928,376832,8,1,7,424,4096,D5,
zone-rgb-color-20260925/dev-881b356/frames/zones-zone_wide-s103-occluded-1,381482,381058,397312,393216,8,1,7,424,4096,D5,
zone-rgb-color-20260925/dev-881b356/frames/zones-zone_wide-s103-under_gripper-0,324476,324047,339968,335872,8,1,7,429,4096,D5,
zone-rgb-color-20260925/dev-881b356/frames/zones-zone_wide-s103-zones-0,321411,320990,335872,331776,8,1,7,421,4096,D5,
zone-rgb-color-20260925/dev-881b356/frames/zones-zone_wide-s103-zones-1,317606,317185,335872,331776,8,1,7,421,4096,D5,
zone-rgb-color-20260925/dev-881b356/frames/zones-zone_wide-s104-approach-0,402884,402460,421888,417792,8,1,7,424,4096,D5,
zone-rgb-color-20260925/dev-881b356/frames/zones-zone_wide-s104-approach-1,347122,346698,368640,364544,8,1,7,424,4096,D5,
zone-rgb-color-20260925/dev-881b356/frames/zones-zone_wide-s104-approach-2,341795,341371,360448,356352,8,1,7,424,4096,D5,
zone-rgb-color-20260925/dev-881b356/frames/zones-zone_wide-s104-approach-3,360378,359954,376832,372736,8,1,7,424,4096,D5,
zone-rgb-color-20260925/dev-881b356/frames/zones-zone_wide-s104-edge-0,329583,329163,348160,344064,8,1,7,420,4096,D5,
zone-rgb-color-20260925/dev-881b356/frames/zones-zone_wide-s104-empty-0,335912,335491,356352,352256,8,1,7,421,4096,D5,
zone-rgb-color-20260925/dev-881b356/frames/zones-zone_wide-s104-layout-0,344730,344308,356352,352256,8,1,7,422,4096,D5,
zone-rgb-color-20260925/dev-881b356/frames/zones-zone_wide-s104-layout-1,349732,349310,364544,360448,8,1,7,422,4096,D5,
zone-rgb-color-20260925/dev-881b356/frames/zones-zone_wide-s104-occluded-0,423118,422694,442368,438272,8,1,7,424,4096,D5,
zone-rgb-color-20260925/dev-881b356/frames/zones-zone_wide-s104-occluded-1,362647,362223,380928,376832,8,1,7,424,4096,D5,
zone-rgb-color-20260925/dev-881b356/frames/zones-zone_wide-s104-under_gripper-0,309055,308626,331776,327680,8,1,7,429,4096,D5,
zone-rgb-color-20260925/dev-881b356/frames/zones-zone_wide-s104-zones-0,336323,335902,352256,348160,8,1,7,421,4096,D5,
zone-rgb-color-20260925/dev-881b356/frames/zones-zone_wide-s104-zones-1,337244,336823,348160,344064,8,1,7,421,4096,D5,
zone-rgb-color-20260925/dev-881b356/frames/zones-zone_wide-s105-approach-0,337133,336709,356352,352256,8,1,7,424,4096,D5,
zone-rgb-color-20260925/dev-881b356/frames/zones-zone_wide-s105-approach-1,356684,356260,372736,368640,8,1,7,424,4096,D5,
zone-rgb-color-20260925/dev-881b356/frames/zones-zone_wide-s105-approach-2,346008,345584,364544,360448,8,1,7,424,4096,D5,
zone-rgb-color-20260925/dev-881b356/frames/zones-zone_wide-s105-approach-3,339365,338941,360448,356352,8,1,7,424,4096,D5,
zone-rgb-color-20260925/dev-881b356/frames/zones-zone_wide-s105-edge-0,344385,343965,356352,352256,8,1,7,420,4096,D5,
zone-rgb-color-20260925/dev-881b356/frames/zones-zone_wide-s105-empty-0,336437,336016,356352,352256,8,1,7,421,4096,D5,
zone-rgb-color-20260925/dev-881b356/frames/zones-zone_wide-s105-layout-0,346088,345666,364544,360448,8,1,7,422,4096,D5,
zone-rgb-color-20260925/dev-881b356/frames/zones-zone_wide-s105-layout-1,347563,347141,364544,360448,8,1,7,422,4096,D5,
zone-rgb-color-20260925/dev-881b356/frames/zones-zone_wide-s105-occluded-0,387802,387378,405504,401408,8,1,7,424,4096,D5,
zone-rgb-color-20260925/dev-881b356/frames/zones-zone_wide-s105-occluded-1,360161,359737,376832,372736,8,1,7,424,4096,D5,
zone-rgb-color-20260925/dev-881b356/frames/zones-zone_wide-s105-under_gripper-0,325650,325221,344064,339968,8,1,7,429,4096,D5,
zone-rgb-color-20260925/dev-881b356/frames/zones-zone_wide-s105-zones-0,321784,321363,335872,331776,8,1,7,421,4096,D5,
zone-rgb-color-20260925/dev-881b356/frames/zones-zone_wide-s105-zones-1,333814,333393,352256,348160,8,1,7,421,4096,D5,
zone-rgb-color-20260925/dev-881b356/frames/zones-zone_wide-s106-approach-0,361763,361339,385024,380928,8,1,7,424,4096,D5,
zone-rgb-color-20260925/dev-881b356/frames/zones-zone_wide-s106-approach-1,353564,353140,372736,368640,8,1,7,424,4096,D5,
zone-rgb-color-20260925/dev-881b356/frames/zones-zone_wide-s106-approach-2,331240,330816,348160,344064,8,1,7,424,4096,D5,
zone-rgb-color-20260925/dev-881b356/frames/zones-zone_wide-s106-approach-3,353410,352986,372736,368640,8,1,7,424,4096,D5,
zone-rgb-color-20260925/dev-881b356/frames/zones-zone_wide-s106-edge-0,341082,340662,356352,352256,8,1,7,420,4096,D5,
zone-rgb-color-20260925/dev-881b356/frames/zones-zone_wide-s106-empty-0,330089,329668,356352,352256,8,1,7,421,4096,D5,
zone-rgb-color-20260925/dev-881b356/frames/zones-zone_wide-s106-layout-0,350222,349800,368640,364544,8,1,7,422,4096,D5,
zone-rgb-color-20260925/dev-881b356/frames/zones-zone_wide-s106-layout-1,346318,345896,364544,360448,8,1,7,422,4096,D5,
zone-rgb-color-20260925/dev-881b356/frames/zones-zone_wide-s106-occluded-0,397007,396583,413696,409600,8,1,7,424,4096,D5,
zone-rgb-color-20260925/dev-881b356/frames/zones-zone_wide-s106-occluded-1,358908,358484,376832,372736,8,1,7,424,4096,D5,
zone-rgb-color-20260925/dev-881b356/frames/zones-zone_wide-s106-under_gripper-0,311978,311549,335872,331776,8,1,7,429,4096,D5,
zone-rgb-color-20260925/dev-881b356/frames/zones-zone_wide-s106-zones-0,331830,331409,352256,348160,8,1,7,421,4096,D5,
zone-rgb-color-20260925/dev-881b356/frames/zones-zone_wide-s106-zones-1,335862,335441,360448,356352,8,1,7,421,4096,D5,
zone-rgb-color-20260925/dev-r1,16467,16467,20480,20480,1,0,1,0,0,,
zone-rgb-color-20260925/dev-r1-score1,1099848,1099848,1101824,1101824,2,0,2,0,0,,
zone-rgb-color-20260925/dev-r1-score2,2415498,2415498,2420736,2420736,3,0,3,0,0,,
zone-rgb-color-20260925/dev-r1-score3,1968859,1968859,1970176,1970176,3,0,3,0,0,,
zone-rgb-color-20260925/dev-r1/eval-labels,11559420,6477198,13090816,7036928,762,482,280,5082222,6053888,D1,unknown SIM timing: every 10th numeric-sorted frame + first/last (mandatory endpoints may exceed 10% for n<20); unknown SIM timing: every 11th numeric-sorted frame + first/last (mandatory endpoints may exceed 10% for n<20); unknown SIM timing: every 23th numeric-sorted frame + first/last (mandatory endpoints may exceed 10% for n<20)
zone-rgb-color-20260925/dev-r1/frames,0,0,0,0,0,0,0,0,0,,
zone-rgb-color-20260925/dev-r1/frames/dispatch-open-s171-dispatch_approach-0,239809,239809,249856,249856,5,0,5,0,0,,
zone-rgb-color-20260925/dev-r1/frames/dispatch-open-s171-dispatch_approach-1,234964,234964,245760,245760,5,0,5,0,0,,
zone-rgb-color-20260925/dev-r1/frames/dispatch-open-s171-dispatch_approach-2,243593,243593,253952,253952,5,0,5,0,0,,
zone-rgb-color-20260925/dev-r1/frames/dispatch-open-s171-dispatch_beam-0,249435,249435,258048,258048,5,0,5,0,0,,
zone-rgb-color-20260925/dev-r1/frames/dispatch-open-s171-dispatch_beam-1,286659,286659,299008,299008,5,0,5,0,0,,
zone-rgb-color-20260925/dev-r1/frames/dispatch-open-s171-dispatch_layout-0,223181,223181,237568,237568,5,0,5,0,0,,
zone-rgb-color-20260925/dev-r1/frames/dispatch-open-s172-dispatch_approach-0,209052,209052,221184,221184,5,0,5,0,0,,
zone-rgb-color-20260925/dev-r1/frames/dispatch-open-s172-dispatch_approach-1,174383,174383,188416,188416,5,0,5,0,0,,
zone-rgb-color-20260925/dev-r1/frames/dispatch-open-s172-dispatch_approach-2,234715,234715,245760,245760,5,0,5,0,0,,
zone-rgb-color-20260925/dev-r1/frames/dispatch-open-s172-dispatch_beam-0,254557,254557,266240,266240,5,0,5,0,0,,
zone-rgb-color-20260925/dev-r1/frames/dispatch-open-s172-dispatch_beam-1,266874,266874,278528,278528,5,0,5,0,0,,
zone-rgb-color-20260925/dev-r1/frames/dispatch-open-s172-dispatch_layout-0,219978,219978,229376,229376,5,0,5,0,0,,
zone-rgb-color-20260925/dev-r1/frames/zones-zone_open-s151-approach-0,233558,233558,245760,245760,6,0,6,0,0,,
zone-rgb-color-20260925/dev-r1/frames/zones-zone_open-s151-approach-1,227582,227582,241664,241664,6,0,6,0,0,,
zone-rgb-color-20260925/dev-r1/frames/zones-zone_open-s151-approach-2,265801,265801,278528,278528,6,0,6,0,0,,
zone-rgb-color-20260925/dev-r1/frames/zones-zone_open-s151-approach-3,235643,235643,249856,249856,6,0,6,0,0,,
zone-rgb-color-20260925/dev-r1/frames/zones-zone_open-s151-edge-0,231160,231160,245760,245760,6,0,6,0,0,,
zone-rgb-color-20260925/dev-r1/frames/zones-zone_open-s151-empty-0,241856,241856,258048,258048,6,0,6,0,0,,
zone-rgb-color-20260925/dev-r1/frames/zones-zone_open-s151-layout-0,235175,235175,245760,245760,6,0,6,0,0,,
zone-rgb-color-20260925/dev-r1/frames/zones-zone_open-s151-layout-1,230959,230959,241664,241664,6,0,6,0,0,,
zone-rgb-color-20260925/dev-r1/frames/zones-zone_open-s151-occluded-0,240570,240570,253952,253952,6,0,6,0,0,,
zone-rgb-color-20260925/dev-r1/frames/zones-zone_open-s151-occluded-1,246904,246904,258048,258048,6,0,6,0,0,,
zone-rgb-color-20260925/dev-r1/frames/zones-zone_open-s151-under_gripper-0,214034,214034,225280,225280,6,0,6,0,0,,
zone-rgb-color-20260925/dev-r1/frames/zones-zone_open-s151-zones-0,221034,221034,233472,233472,6,0,6,0,0,,
zone-rgb-color-20260925/dev-r1/frames/zones-zone_open-s151-zones-1,240244,240244,258048,258048,6,0,6,0,0,,
zone-rgb-color-20260925/dev-r1/frames/zones-zone_wide-s101-approach-0,343338,343338,360448,360448,8,0,8,0,0,,
zone-rgb-color-20260925/dev-r1/frames/zones-zone_wide-s101-approach-1,332320,332320,348160,348160,8,0,8,0,0,,
zone-rgb-color-20260925/dev-r1/frames/zones-zone_wide-s101-approach-2,330111,330111,348160,348160,8,0,8,0,0,,
zone-rgb-color-20260925/dev-r1/frames/zones-zone_wide-s101-approach-3,359374,359374,376832,376832,8,0,8,0,0,,
zone-rgb-color-20260925/dev-r1/frames/zones-zone_wide-s101-edge-0,350938,350938,364544,364544,8,0,8,0,0,,
zone-rgb-color-20260925/dev-r1/frames/zones-zone_wide-s101-empty-0,329205,329205,352256,352256,8,0,8,0,0,,
zone-rgb-color-20260925/dev-r1/frames/zones-zone_wide-s101-layout-0,347897,347897,368640,368640,8,0,8,0,0,,
zone-rgb-color-20260925/dev-r1/frames/zones-zone_wide-s101-layout-1,350958,350958,372736,372736,8,0,8,0,0,,
zone-rgb-color-20260925/dev-r1/frames/zones-zone_wide-s101-occluded-0,373510,373510,393216,393216,8,0,8,0,0,,
zone-rgb-color-20260925/dev-r1/frames/zones-zone_wide-s101-occluded-1,351130,351130,364544,364544,8,0,8,0,0,,
zone-rgb-color-20260925/dev-r1/frames/zones-zone_wide-s101-under_gripper-0,322178,322178,339968,339968,8,0,8,0,0,,
zone-rgb-color-20260925/dev-r1/frames/zones-zone_wide-s101-zones-0,346184,346184,364544,364544,8,0,8,0,0,,
zone-rgb-color-20260925/dev-r1/frames/zones-zone_wide-s101-zones-1,343247,343247,364544,364544,8,0,8,0,0,,
zone-rgb-color-20260925/dev-r1/frames/zones-zone_wide-s102-approach-0,350143,350143,368640,368640,8,0,8,0,0,,
zone-rgb-color-20260925/dev-r1/frames/zones-zone_wide-s102-approach-1,333444,333444,348160,348160,8,0,8,0,0,,
zone-rgb-color-20260925/dev-r1/frames/zones-zone_wide-s102-approach-2,342042,342042,360448,360448,8,0,8,0,0,,
zone-rgb-color-20260925/dev-r1/frames/zones-zone_wide-s102-approach-3,364146,364146,385024,385024,8,0,8,0,0,,
zone-rgb-color-20260925/dev-r1/frames/zones-zone_wide-s102-edge-0,334734,334734,356352,356352,8,0,8,0,0,,
zone-rgb-color-20260925/dev-r1/frames/zones-zone_wide-s102-empty-0,327946,327946,344064,344064,8,0,8,0,0,,
zone-rgb-color-20260925/dev-r1/frames/zones-zone_wide-s102-layout-0,350143,350143,368640,368640,8,0,8,0,0,,
zone-rgb-color-20260925/dev-r1/frames/zones-zone_wide-s102-layout-1,343403,343403,360448,360448,8,0,8,0,0,,
zone-rgb-color-20260925/dev-r1/frames/zones-zone_wide-s102-occluded-0,437860,437860,454656,454656,8,0,8,0,0,,
zone-rgb-color-20260925/dev-r1/frames/zones-zone_wide-s102-occluded-1,388506,388506,405504,405504,8,0,8,0,0,,
zone-rgb-color-20260925/dev-r1/frames/zones-zone_wide-s102-under_gripper-0,320009,320009,339968,339968,8,0,8,0,0,,
zone-rgb-color-20260925/dev-r1/frames/zones-zone_wide-s102-zones-0,329332,329332,344064,344064,8,0,8,0,0,,
zone-rgb-color-20260925/dev-r1/frames/zones-zone_wide-s102-zones-1,329923,329923,352256,352256,8,0,8,0,0,,
zone-rgb-color-20260925/dev-r1/frames/zones-zone_wide-s103-approach-0,352080,352080,368640,368640,8,0,8,0,0,,
zone-rgb-color-20260925/dev-r1/frames/zones-zone_wide-s103-approach-1,333612,333612,352256,352256,8,0,8,0,0,,
zone-rgb-color-20260925/dev-r1/frames/zones-zone_wide-s103-approach-2,337865,337865,356352,356352,8,0,8,0,0,,
zone-rgb-color-20260925/dev-r1/frames/zones-zone_wide-s103-approach-3,349763,349763,368640,368640,8,0,8,0,0,,
zone-rgb-color-20260925/dev-r1/frames/zones-zone_wide-s103-edge-0,344776,344776,364544,364544,8,0,8,0,0,,
zone-rgb-color-20260925/dev-r1/frames/zones-zone_wide-s103-empty-0,339281,339281,356352,356352,8,0,8,0,0,,
zone-rgb-color-20260925/dev-r1/frames/zones-zone_wide-s103-layout-0,343364,343364,364544,364544,8,0,8,0,0,,
zone-rgb-color-20260925/dev-r1/frames/zones-zone_wide-s103-layout-1,348491,348491,364544,364544,8,0,8,0,0,,
zone-rgb-color-20260925/dev-r1/frames/zones-zone_wide-s103-occluded-0,360475,360475,380928,380928,8,0,8,0,0,,
zone-rgb-color-20260925/dev-r1/frames/zones-zone_wide-s103-occluded-1,381482,381482,397312,397312,8,0,8,0,0,,
zone-rgb-color-20260925/dev-r1/frames/zones-zone_wide-s103-under_gripper-0,324476,324476,339968,339968,8,0,8,0,0,,
zone-rgb-color-20260925/dev-r1/frames/zones-zone_wide-s103-zones-0,321411,321411,335872,335872,8,0,8,0,0,,
zone-rgb-color-20260925/dev-r1/frames/zones-zone_wide-s103-zones-1,317606,317606,335872,335872,8,0,8,0,0,,
zone-rgb-color-20260925/dev-r1/frames/zones-zone_wide-s104-approach-0,402884,402884,421888,421888,8,0,8,0,0,,
zone-rgb-color-20260925/dev-r1/frames/zones-zone_wide-s104-approach-1,347122,347122,368640,368640,8,0,8,0,0,,
zone-rgb-color-20260925/dev-r1/frames/zones-zone_wide-s104-approach-2,341795,341795,360448,360448,8,0,8,0,0,,
zone-rgb-color-20260925/dev-r1/frames/zones-zone_wide-s104-approach-3,360378,360378,376832,376832,8,0,8,0,0,,
zone-rgb-color-20260925/dev-r1/frames/zones-zone_wide-s104-edge-0,329583,329583,348160,348160,8,0,8,0,0,,
zone-rgb-color-20260925/dev-r1/frames/zones-zone_wide-s104-empty-0,335915,335915,356352,356352,8,0,8,0,0,,
zone-rgb-color-20260925/dev-r1/frames/zones-zone_wide-s104-layout-0,344730,344730,356352,356352,8,0,8,0,0,,
zone-rgb-color-20260925/dev-r1/frames/zones-zone_wide-s104-layout-1,349732,349732,364544,364544,8,0,8,0,0,,
zone-rgb-color-20260925/dev-r1/frames/zones-zone_wide-s104-occluded-0,423118,423118,442368,442368,8,0,8,0,0,,
zone-rgb-color-20260925/dev-r1/frames/zones-zone_wide-s104-occluded-1,362647,362647,380928,380928,8,0,8,0,0,,
zone-rgb-color-20260925/dev-r1/frames/zones-zone_wide-s104-under_gripper-0,309055,309055,331776,331776,8,0,8,0,0,,
zone-rgb-color-20260925/dev-r1/frames/zones-zone_wide-s104-zones-0,336323,336323,352256,352256,8,0,8,0,0,,
zone-rgb-color-20260925/dev-r1/frames/zones-zone_wide-s104-zones-1,337244,337244,348160,348160,8,0,8,0,0,,
zone-rgb-color-20260925/dev-r1/frames/zones-zone_wide-s105-approach-0,337133,337133,356352,356352,8,0,8,0,0,,
zone-rgb-color-20260925/dev-r1/frames/zones-zone_wide-s105-approach-1,356684,356684,372736,372736,8,0,8,0,0,,
zone-rgb-color-20260925/dev-r1/frames/zones-zone_wide-s105-approach-2,346008,346008,364544,364544,8,0,8,0,0,,
zone-rgb-color-20260925/dev-r1/frames/zones-zone_wide-s105-approach-3,339365,339365,360448,360448,8,0,8,0,0,,
zone-rgb-color-20260925/dev-r1/frames/zones-zone_wide-s105-edge-0,344385,344385,356352,356352,8,0,8,0,0,,
zone-rgb-color-20260925/dev-r1/frames/zones-zone_wide-s105-empty-0,336437,336437,356352,356352,8,0,8,0,0,,
zone-rgb-color-20260925/dev-r1/frames/zones-zone_wide-s105-layout-0,346088,346088,364544,364544,8,0,8,0,0,,
zone-rgb-color-20260925/dev-r1/frames/zones-zone_wide-s105-layout-1,347563,347563,364544,364544,8,0,8,0,0,,
zone-rgb-color-20260925/dev-r1/frames/zones-zone_wide-s105-occluded-0,387802,387802,405504,405504,8,0,8,0,0,,
zone-rgb-color-20260925/dev-r1/frames/zones-zone_wide-s105-occluded-1,360161,360161,376832,376832,8,0,8,0,0,,
zone-rgb-color-20260925/dev-r1/frames/zones-zone_wide-s105-under_gripper-0,325650,325650,344064,344064,8,0,8,0,0,,
zone-rgb-color-20260925/dev-r1/frames/zones-zone_wide-s105-zones-0,321784,321784,335872,335872,8,0,8,0,0,,
zone-rgb-color-20260925/dev-r1/frames/zones-zone_wide-s105-zones-1,333814,333814,352256,352256,8,0,8,0,0,,
zone-rgb-color-20260925/dev-r1/frames/zones-zone_wide-s106-approach-0,361763,361763,385024,385024,8,0,8,0,0,,
zone-rgb-color-20260925/dev-r1/frames/zones-zone_wide-s106-approach-1,353564,353564,372736,372736,8,0,8,0,0,,
zone-rgb-color-20260925/dev-r1/frames/zones-zone_wide-s106-approach-2,331240,331240,348160,348160,8,0,8,0,0,,
zone-rgb-color-20260925/dev-r1/frames/zones-zone_wide-s106-approach-3,353410,353410,372736,372736,8,0,8,0,0,,
zone-rgb-color-20260925/dev-r1/frames/zones-zone_wide-s106-edge-0,341082,341082,356352,356352,8,0,8,0,0,,
zone-rgb-color-20260925/dev-r1/frames/zones-zone_wide-s106-empty-0,330089,330089,356352,356352,8,0,8,0,0,,
zone-rgb-color-20260925/dev-r1/frames/zones-zone_wide-s106-layout-0,350222,350222,368640,368640,8,0,8,0,0,,
zone-rgb-color-20260925/dev-r1/frames/zones-zone_wide-s106-layout-1,346318,346318,364544,364544,8,0,8,0,0,,
zone-rgb-color-20260925/dev-r1/frames/zones-zone_wide-s106-occluded-0,397007,397007,413696,413696,8,0,8,0,0,,
zone-rgb-color-20260925/dev-r1/frames/zones-zone_wide-s106-occluded-1,358908,358908,376832,376832,8,0,8,0,0,,
zone-rgb-color-20260925/dev-r1/frames/zones-zone_wide-s106-under_gripper-0,311978,311978,335872,335872,8,0,8,0,0,,
zone-rgb-color-20260925/dev-r1/frames/zones-zone_wide-s106-zones-0,331830,331830,352256,352256,8,0,8,0,0,,
zone-rgb-color-20260925/dev-r1/frames/zones-zone_wide-s106-zones-1,335862,335862,360448,360448,8,0,8,0,0,,
zone-rgb-color-20260925/test-881b356,23606,23606,24576,24576,1,0,1,0,0,,
zone-rgb-color-20260925/test-881b356-score,3520730,3520730,3522560,3522560,3,0,3,0,0,,
zone-rgb-color-20260925/test-881b356/eval-labels,17282509,8298103,19595264,8843264,1130,846,284,8984406,10752000,D1,unknown SIM timing: every 10th numeric-sorted frame + first/last (mandatory endpoints may exceed 10% for n<20); unknown SIM timing: every 13th numeric-sorted frame + first/last (mandatory endpoints may exceed 10% for n<20); unknown SIM timing: every 19th numeric-sorted frame + first/last (mandatory endpoints may exceed 10% for n<20)
zone-rgb-color-20260925/test-881b356/frames,0,0,0,0,0,0,0,0,0,,
zone-rgb-color-20260925/test-881b356/frames/dispatch-open-s271-dispatch_approach-0,223386,223386,233472,233472,5,0,5,0,0,,
zone-rgb-color-20260925/test-881b356/frames/dispatch-open-s271-dispatch_approach-1,221128,221128,233472,233472,5,0,5,0,0,,
zone-rgb-color-20260925/test-881b356/frames/dispatch-open-s271-dispatch_approach-2,188866,188866,200704,200704,5,0,5,0,0,,
zone-rgb-color-20260925/test-881b356/frames/dispatch-open-s271-dispatch_beam-0,289014,289014,303104,303104,5,0,5,0,0,,
zone-rgb-color-20260925/test-881b356/frames/dispatch-open-s271-dispatch_beam-1,253773,253773,266240,266240,5,0,5,0,0,,
zone-rgb-color-20260925/test-881b356/frames/dispatch-open-s271-dispatch_layout-0,209840,209840,221184,221184,5,0,5,0,0,,
zone-rgb-color-20260925/test-881b356/frames/dispatch-open-s272-dispatch_approach-0,243759,243759,253952,253952,5,0,5,0,0,,
zone-rgb-color-20260925/test-881b356/frames/dispatch-open-s272-dispatch_approach-1,219985,219985,233472,233472,5,0,5,0,0,,
zone-rgb-color-20260925/test-881b356/frames/dispatch-open-s272-dispatch_approach-2,193774,193774,208896,208896,5,0,5,0,0,,
zone-rgb-color-20260925/test-881b356/frames/dispatch-open-s272-dispatch_beam-0,270491,270491,282624,282624,5,0,5,0,0,,
zone-rgb-color-20260925/test-881b356/frames/dispatch-open-s272-dispatch_beam-1,265205,265205,278528,278528,5,0,5,0,0,,
zone-rgb-color-20260925/test-881b356/frames/dispatch-open-s272-dispatch_layout-0,221726,221726,237568,237568,5,0,5,0,0,,
zone-rgb-color-20260925/test-881b356/frames/dispatch-open-s273-dispatch_approach-0,201131,201131,217088,217088,5,0,5,0,0,,
zone-rgb-color-20260925/test-881b356/frames/dispatch-open-s273-dispatch_approach-1,179925,179925,192512,192512,5,0,5,0,0,,
zone-rgb-color-20260925/test-881b356/frames/dispatch-open-s273-dispatch_approach-2,230912,230912,245760,245760,5,0,5,0,0,,
zone-rgb-color-20260925/test-881b356/frames/dispatch-open-s273-dispatch_beam-0,262906,262906,278528,278528,5,0,5,0,0,,
zone-rgb-color-20260925/test-881b356/frames/dispatch-open-s273-dispatch_beam-1,264312,264312,274432,274432,5,0,5,0,0,,
zone-rgb-color-20260925/test-881b356/frames/dispatch-open-s273-dispatch_layout-0,218183,218183,233472,233472,5,0,5,0,0,,
zone-rgb-color-20260925/test-881b356/frames/zones-zone_wide-s201-approach-0,364162,364162,385024,385024,8,0,8,0,0,,
zone-rgb-color-20260925/test-881b356/frames/zones-zone_wide-s201-approach-1,341961,341961,360448,360448,8,0,8,0,0,,
zone-rgb-color-20260925/test-881b356/frames/zones-zone_wide-s201-approach-2,343369,343369,364544,364544,8,0,8,0,0,,
zone-rgb-color-20260925/test-881b356/frames/zones-zone_wide-s201-approach-3,343340,343340,364544,364544,8,0,8,0,0,,
zone-rgb-color-20260925/test-881b356/frames/zones-zone_wide-s201-edge-0,389465,389465,409600,409600,8,0,8,0,0,,
zone-rgb-color-20260925/test-881b356/frames/zones-zone_wide-s201-empty-0,327623,327623,344064,344064,8,0,8,0,0,,
zone-rgb-color-20260925/test-881b356/frames/zones-zone_wide-s201-layout-0,346235,346235,368640,368640,8,0,8,0,0,,
zone-rgb-color-20260925/test-881b356/frames/zones-zone_wide-s201-layout-1,352107,352107,368640,368640,8,0,8,0,0,,
zone-rgb-color-20260925/test-881b356/frames/zones-zone_wide-s201-occluded-0,378756,378756,397312,397312,8,0,8,0,0,,
zone-rgb-color-20260925/test-881b356/frames/zones-zone_wide-s201-occluded-1,379917,379917,397312,397312,8,0,8,0,0,,
zone-rgb-color-20260925/test-881b356/frames/zones-zone_wide-s201-under_gripper-0,315875,315875,331776,331776,8,0,8,0,0,,
zone-rgb-color-20260925/test-881b356/frames/zones-zone_wide-s201-zones-0,355281,355281,372736,372736,8,0,8,0,0,,
zone-rgb-color-20260925/test-881b356/frames/zones-zone_wide-s201-zones-1,340377,340377,360448,360448,8,0,8,0,0,,
zone-rgb-color-20260925/test-881b356/frames/zones-zone_wide-s202-approach-0,343354,343354,364544,364544,8,0,8,0,0,,
zone-rgb-color-20260925/test-881b356/frames/zones-zone_wide-s202-approach-1,348028,348028,364544,364544,8,0,8,0,0,,
zone-rgb-color-20260925/test-881b356/frames/zones-zone_wide-s202-approach-2,361332,361332,380928,380928,8,0,8,0,0,,
zone-rgb-color-20260925/test-881b356/frames/zones-zone_wide-s202-approach-3,341137,341137,356352,356352,8,0,8,0,0,,
zone-rgb-color-20260925/test-881b356/frames/zones-zone_wide-s202-edge-0,355253,355253,372736,372736,8,0,8,0,0,,
zone-rgb-color-20260925/test-881b356/frames/zones-zone_wide-s202-empty-0,334770,334770,352256,352256,8,0,8,0,0,,
zone-rgb-color-20260925/test-881b356/frames/zones-zone_wide-s202-layout-0,346255,346255,360448,360448,8,0,8,0,0,,
zone-rgb-color-20260925/test-881b356/frames/zones-zone_wide-s202-layout-1,349240,349240,368640,368640,8,0,8,0,0,,
zone-rgb-color-20260925/test-881b356/frames/zones-zone_wide-s202-occluded-0,348697,348697,364544,364544,8,0,8,0,0,,
zone-rgb-color-20260925/test-881b356/frames/zones-zone_wide-s202-occluded-1,346466,346466,364544,364544,8,0,8,0,0,,
zone-rgb-color-20260925/test-881b356/frames/zones-zone_wide-s202-under_gripper-0,321512,321512,335872,335872,8,0,8,0,0,,
zone-rgb-color-20260925/test-881b356/frames/zones-zone_wide-s202-zones-0,330064,330064,348160,348160,8,0,8,0,0,,
zone-rgb-color-20260925/test-881b356/frames/zones-zone_wide-s202-zones-1,345270,345270,364544,364544,8,0,8,0,0,,
zone-rgb-color-20260925/test-881b356/frames/zones-zone_wide-s203-approach-0,353124,353124,372736,372736,8,0,8,0,0,,
zone-rgb-color-20260925/test-881b356/frames/zones-zone_wide-s203-approach-1,356053,356053,376832,376832,8,0,8,0,0,,
zone-rgb-color-20260925/test-881b356/frames/zones-zone_wide-s203-approach-2,356088,356088,376832,376832,8,0,8,0,0,,
zone-rgb-color-20260925/test-881b356/frames/zones-zone_wide-s203-approach-3,323940,323940,335872,335872,8,0,8,0,0,,
zone-rgb-color-20260925/test-881b356/frames/zones-zone_wide-s203-edge-0,350080,350080,368640,368640,8,0,8,0,0,,
zone-rgb-color-20260925/test-881b356/frames/zones-zone_wide-s203-empty-0,336366,336366,352256,352256,8,0,8,0,0,,
zone-rgb-color-20260925/test-881b356/frames/zones-zone_wide-s203-layout-0,346179,346179,364544,364544,8,0,8,0,0,,
zone-rgb-color-20260925/test-881b356/frames/zones-zone_wide-s203-layout-1,348504,348504,368640,368640,8,0,8,0,0,,
zone-rgb-color-20260925/test-881b356/frames/zones-zone_wide-s203-occluded-0,396490,396490,417792,417792,8,0,8,0,0,,
zone-rgb-color-20260925/test-881b356/frames/zones-zone_wide-s203-occluded-1,394113,394113,409600,409600,8,0,8,0,0,,
zone-rgb-color-20260925/test-881b356/frames/zones-zone_wide-s203-under_gripper-0,330662,330662,344064,344064,8,0,8,0,0,,
zone-rgb-color-20260925/test-881b356/frames/zones-zone_wide-s203-zones-0,335067,335067,352256,352256,8,0,8,0,0,,
zone-rgb-color-20260925/test-881b356/frames/zones-zone_wide-s203-zones-1,333098,333098,344064,344064,8,0,8,0,0,,
zone-rgb-color-20260925/test-881b356/frames/zones-zone_wide-s204-approach-0,358497,358497,372736,372736,8,0,8,0,0,,
zone-rgb-color-20260925/test-881b356/frames/zones-zone_wide-s204-approach-1,346904,346904,364544,364544,8,0,8,0,0,,
zone-rgb-color-20260925/test-881b356/frames/zones-zone_wide-s204-approach-2,347915,347915,364544,364544,8,0,8,0,0,,
zone-rgb-color-20260925/test-881b356/frames/zones-zone_wide-s204-approach-3,352173,352173,368640,368640,8,0,8,0,0,,
zone-rgb-color-20260925/test-881b356/frames/zones-zone_wide-s204-edge-0,331789,331789,348160,348160,8,0,8,0,0,,
zone-rgb-color-20260925/test-881b356/frames/zones-zone_wide-s204-empty-0,349391,349391,368640,368640,8,0,8,0,0,,
zone-rgb-color-20260925/test-881b356/frames/zones-zone_wide-s204-layout-0,344835,344835,360448,360448,8,0,8,0,0,,
zone-rgb-color-20260925/test-881b356/frames/zones-zone_wide-s204-layout-1,346759,346759,364544,364544,8,0,8,0,0,,
zone-rgb-color-20260925/test-881b356/frames/zones-zone_wide-s204-occluded-0,363204,363204,380928,380928,8,0,8,0,0,,
zone-rgb-color-20260925/test-881b356/frames/zones-zone_wide-s204-occluded-1,382011,382011,405504,405504,8,0,8,0,0,,
zone-rgb-color-20260925/test-881b356/frames/zones-zone_wide-s204-under_gripper-0,329045,329045,348160,348160,8,0,8,0,0,,
zone-rgb-color-20260925/test-881b356/frames/zones-zone_wide-s204-zones-0,332668,332668,352256,352256,8,0,8,0,0,,
zone-rgb-color-20260925/test-881b356/frames/zones-zone_wide-s204-zones-1,337447,337447,356352,356352,8,0,8,0,0,,
zone-rgb-color-20260925/test-881b356/frames/zones-zone_wide-s205-approach-0,351267,351267,368640,368640,8,0,8,0,0,,
zone-rgb-color-20260925/test-881b356/frames/zones-zone_wide-s205-approach-1,340955,340955,356352,356352,8,0,8,0,0,,
zone-rgb-color-20260925/test-881b356/frames/zones-zone_wide-s205-approach-2,332207,332207,348160,348160,8,0,8,0,0,,
zone-rgb-color-20260925/test-881b356/frames/zones-zone_wide-s205-approach-3,364766,364766,380928,380928,8,0,8,0,0,,
zone-rgb-color-20260925/test-881b356/frames/zones-zone_wide-s205-edge-0,349180,349180,368640,368640,8,0,8,0,0,,
zone-rgb-color-20260925/test-881b356/frames/zones-zone_wide-s205-empty-0,329783,329783,348160,348160,8,0,8,0,0,,
zone-rgb-color-20260925/test-881b356/frames/zones-zone_wide-s205-layout-0,348552,348552,364544,364544,8,0,8,0,0,,
zone-rgb-color-20260925/test-881b356/frames/zones-zone_wide-s205-layout-1,346274,346274,364544,364544,8,0,8,0,0,,
zone-rgb-color-20260925/test-881b356/frames/zones-zone_wide-s205-occluded-0,387859,387859,405504,405504,8,0,8,0,0,,
zone-rgb-color-20260925/test-881b356/frames/zones-zone_wide-s205-occluded-1,388250,388250,405504,405504,8,0,8,0,0,,
zone-rgb-color-20260925/test-881b356/frames/zones-zone_wide-s205-under_gripper-0,315673,315673,335872,335872,8,0,8,0,0,,
zone-rgb-color-20260925/test-881b356/frames/zones-zone_wide-s205-zones-0,347914,347914,368640,368640,8,0,8,0,0,,
zone-rgb-color-20260925/test-881b356/frames/zones-zone_wide-s205-zones-1,328908,328908,348160,348160,8,0,8,0,0,,
zone-rgb-color-20260925/test-881b356/frames/zones-zone_wide-s206-approach-0,338047,338047,356352,356352,8,0,8,0,0,,
zone-rgb-color-20260925/test-881b356/frames/zones-zone_wide-s206-approach-1,360323,360323,376832,376832,8,0,8,0,0,,
zone-rgb-color-20260925/test-881b356/frames/zones-zone_wide-s206-approach-2,357461,357461,376832,376832,8,0,8,0,0,,
zone-rgb-color-20260925/test-881b356/frames/zones-zone_wide-s206-approach-3,341374,341374,356352,356352,8,0,8,0,0,,
zone-rgb-color-20260925/test-881b356/frames/zones-zone_wide-s206-edge-0,331971,331971,352256,352256,8,0,8,0,0,,
zone-rgb-color-20260925/test-881b356/frames/zones-zone_wide-s206-empty-0,324461,324461,339968,339968,8,0,8,0,0,,
zone-rgb-color-20260925/test-881b356/frames/zones-zone_wide-s206-layout-0,346834,346834,364544,364544,8,0,8,0,0,,
zone-rgb-color-20260925/test-881b356/frames/zones-zone_wide-s206-layout-1,346430,346430,364544,364544,8,0,8,0,0,,
zone-rgb-color-20260925/test-881b356/frames/zones-zone_wide-s206-occluded-0,385912,385912,405504,405504,8,0,8,0,0,,
zone-rgb-color-20260925/test-881b356/frames/zones-zone_wide-s206-occluded-1,391201,391201,409600,409600,8,0,8,0,0,,
zone-rgb-color-20260925/test-881b356/frames/zones-zone_wide-s206-under_gripper-0,339347,339347,352256,352256,8,0,8,0,0,,
zone-rgb-color-20260925/test-881b356/frames/zones-zone_wide-s206-zones-0,327096,327096,344064,344064,8,0,8,0,0,,
zone-rgb-color-20260925/test-881b356/frames/zones-zone_wide-s206-zones-1,341226,341226,360448,360448,8,0,8,0,0,,
zone-rgb-color-20260925/test-881b356/frames/zones-zone_wide-s207-approach-0,337074,337074,352256,352256,8,0,8,0,0,,
zone-rgb-color-20260925/test-881b356/frames/zones-zone_wide-s207-approach-1,352390,352390,368640,368640,8,0,8,0,0,,
zone-rgb-color-20260925/test-881b356/frames/zones-zone_wide-s207-approach-2,329350,329350,344064,344064,8,0,8,0,0,,
zone-rgb-color-20260925/test-881b356/frames/zones-zone_wide-s207-approach-3,354035,354035,372736,372736,8,0,8,0,0,,
zone-rgb-color-20260925/test-881b356/frames/zones-zone_wide-s207-edge-0,345028,345028,364544,364544,8,0,8,0,0,,
zone-rgb-color-20260925/test-881b356/frames/zones-zone_wide-s207-empty-0,330626,330626,352256,352256,8,0,8,0,0,,
zone-rgb-color-20260925/test-881b356/frames/zones-zone_wide-s207-layout-0,344111,344111,364544,364544,8,0,8,0,0,,
zone-rgb-color-20260925/test-881b356/frames/zones-zone_wide-s207-layout-1,346338,346338,360448,360448,8,0,8,0,0,,
zone-rgb-color-20260925/test-881b356/frames/zones-zone_wide-s207-occluded-0,374668,374668,389120,389120,8,0,8,0,0,,
zone-rgb-color-20260925/test-881b356/frames/zones-zone_wide-s207-occluded-1,369047,369047,389120,389120,8,0,8,0,0,,
zone-rgb-color-20260925/test-881b356/frames/zones-zone_wide-s207-under_gripper-0,311797,311797,335872,335872,8,0,8,0,0,,
zone-rgb-color-20260925/test-881b356/frames/zones-zone_wide-s207-zones-0,330397,330397,348160,348160,8,0,8,0,0,,
zone-rgb-color-20260925/test-881b356/frames/zones-zone_wide-s207-zones-1,342813,342813,360448,360448,8,0,8,0,0,,
zone-rgb-color-20260925/test-881b356/frames/zones-zone_wide-s208-approach-0,340392,340392,360448,360448,8,0,8,0,0,,
zone-rgb-color-20260925/test-881b356/frames/zones-zone_wide-s208-approach-1,350185,350185,368640,368640,8,0,8,0,0,,
zone-rgb-color-20260925/test-881b356/frames/zones-zone_wide-s208-approach-2,352554,352554,372736,372736,8,0,8,0,0,,
zone-rgb-color-20260925/test-881b356/frames/zones-zone_wide-s208-approach-3,334573,334573,352256,352256,8,0,8,0,0,,
zone-rgb-color-20260925/test-881b356/frames/zones-zone_wide-s208-edge-0,335604,335604,352256,352256,8,0,8,0,0,,
zone-rgb-color-20260925/test-881b356/frames/zones-zone_wide-s208-empty-0,342697,342697,360448,360448,8,0,8,0,0,,
zone-rgb-color-20260925/test-881b356/frames/zones-zone_wide-s208-layout-0,345751,345751,364544,364544,8,0,8,0,0,,
zone-rgb-color-20260925/test-881b356/frames/zones-zone_wide-s208-layout-1,349125,349125,364544,364544,8,0,8,0,0,,
zone-rgb-color-20260925/test-881b356/frames/zones-zone_wide-s208-occluded-0,415367,415367,430080,430080,8,0,8,0,0,,
zone-rgb-color-20260925/test-881b356/frames/zones-zone_wide-s208-occluded-1,406847,406847,417792,417792,8,0,8,0,0,,
zone-rgb-color-20260925/test-881b356/frames/zones-zone_wide-s208-under_gripper-0,314203,314203,331776,331776,8,0,8,0,0,,
zone-rgb-color-20260925/test-881b356/frames/zones-zone_wide-s208-zones-0,348144,348144,368640,368640,8,0,8,0,0,,
zone-rgb-color-20260925/test-881b356/frames/zones-zone_wide-s208-zones-1,333159,333159,356352,356352,8,0,8,0,0,,
zone-rgb-color-20260925/test-881b356/frames/zones-zone_wide-s209-approach-0,345073,345073,360448,360448,8,0,8,0,0,,
zone-rgb-color-20260925/test-881b356/frames/zones-zone_wide-s209-approach-1,326275,326275,339968,339968,8,0,8,0,0,,
zone-rgb-color-20260925/test-881b356/frames/zones-zone_wide-s209-approach-2,327088,327088,344064,344064,8,0,8,0,0,,
zone-rgb-color-20260925/test-881b356/frames/zones-zone_wide-s209-approach-3,347879,347879,364544,364544,8,0,8,0,0,,
zone-rgb-color-20260925/test-881b356/frames/zones-zone_wide-s209-edge-0,350296,350296,364544,364544,8,0,8,0,0,,
zone-rgb-color-20260925/test-881b356/frames/zones-zone_wide-s209-empty-0,337728,337728,356352,356352,8,0,8,0,0,,
zone-rgb-color-20260925/test-881b356/frames/zones-zone_wide-s209-layout-0,344968,344968,360448,360448,8,0,8,0,0,,
zone-rgb-color-20260925/test-881b356/frames/zones-zone_wide-s209-layout-1,342776,342776,360448,360448,8,0,8,0,0,,
zone-rgb-color-20260925/test-881b356/frames/zones-zone_wide-s209-occluded-0,367199,367199,385024,385024,8,0,8,0,0,,
zone-rgb-color-20260925/test-881b356/frames/zones-zone_wide-s209-occluded-1,332287,332287,352256,352256,8,0,8,0,0,,
zone-rgb-color-20260925/test-881b356/frames/zones-zone_wide-s209-under_gripper-0,329474,329474,348160,348160,8,0,8,0,0,,
zone-rgb-color-20260925/test-881b356/frames/zones-zone_wide-s209-zones-0,322601,322601,339968,339968,8,0,8,0,0,,
zone-rgb-color-20260925/test-881b356/frames/zones-zone_wide-s209-zones-1,343668,343668,364544,364544,8,0,8,0,0,,
zone-rgb-color-20260925/test-881b356/frames/zones-zone_wide-s210-approach-0,357009,357009,372736,372736,8,0,8,0,0,,
zone-rgb-color-20260925/test-881b356/frames/zones-zone_wide-s210-approach-1,362005,362005,376832,376832,8,0,8,0,0,,
zone-rgb-color-20260925/test-881b356/frames/zones-zone_wide-s210-approach-2,345844,345844,364544,364544,8,0,8,0,0,,
zone-rgb-color-20260925/test-881b356/frames/zones-zone_wide-s210-approach-3,341061,341061,356352,356352,8,0,8,0,0,,
zone-rgb-color-20260925/test-881b356/frames/zones-zone_wide-s210-edge-0,348410,348410,364544,364544,8,0,8,0,0,,
zone-rgb-color-20260925/test-881b356/frames/zones-zone_wide-s210-empty-0,333158,333158,356352,356352,8,0,8,0,0,,
zone-rgb-color-20260925/test-881b356/frames/zones-zone_wide-s210-layout-0,347894,347894,364544,364544,8,0,8,0,0,,
zone-rgb-color-20260925/test-881b356/frames/zones-zone_wide-s210-layout-1,350265,350265,372736,372736,8,0,8,0,0,,
zone-rgb-color-20260925/test-881b356/frames/zones-zone_wide-s210-occluded-0,360979,360979,372736,372736,8,0,8,0,0,,
zone-rgb-color-20260925/test-881b356/frames/zones-zone_wide-s210-occluded-1,366870,366870,380928,380928,8,0,8,0,0,,
zone-rgb-color-20260925/test-881b356/frames/zones-zone_wide-s210-under_gripper-0,325573,325573,344064,344064,8,0,8,0,0,,
zone-rgb-color-20260925/test-881b356/frames/zones-zone_wide-s210-zones-0,341149,341149,360448,360448,8,0,8,0,0,,
zone-rgb-color-20260925/test-881b356/frames/zones-zone_wide-s210-zones-1,344144,344144,364544,364544,8,0,8,0,0,,
zone-rgb-outcome-20260925,19449,19449,20480,20480,1,0,1,0,0,,
zone-rgb-outcome-20260925/dev,590366,590366,593920,593920,3,0,3,0,0,,
zone-rgb-outcome-20260925/dev/zone-communication-20260925__gate-dynamic-graspfail,0,0,0,0,0,0,0,0,0,,
zone-rgb-outcome-20260925/dev/zone-communication-20260925__gate-dynamic-graspfail/r1-1,4979,4979,8192,8192,2,0,2,0,0,,
zone-rgb-outcome-20260925/dev/zone-communication-20260925__gate-dynamic-graspfail/r1-1/frames,1776450,1201357,1851392,1249280,31,10,21,575093,602112,D1,unknown SIM timing: every 10th numeric-sorted frame + first/last (mandatory endpoints may exceed 10% for n<20)
zone-rgb-outcome-20260925/dev/zone-communication-20260925__gate-dynamic-graspfail/r1-2,5248,5248,8192,8192,2,0,2,0,0,,
zone-rgb-outcome-20260925/dev/zone-communication-20260925__gate-dynamic-graspfail/r1-2/frames,1845851,983473,1916928,1019904,34,16,18,862378,897024,D1,unknown SIM timing: every 10th numeric-sorted frame + first/last (mandatory endpoints may exceed 10% for n<20)
zone-rgb-outcome-20260925/dev/zone-communication-20260925__gate-dynamic-graspfail/r1-3,2590,2590,8192,8192,2,0,2,0,0,,
zone-rgb-outcome-20260925/dev/zone-communication-20260925__gate-dynamic-graspfail/r1-3/frames,791155,791155,823296,823296,14,0,14,0,0,,unknown SIM timing: every 10th numeric-sorted frame + first/last (mandatory endpoints may exceed 10% for n<20)
zone-rgb-outcome-20260925/dev/zone-communication-20260925__gate-dynamic-graspfail/r2-1,5237,3345,8192,4096,2,1,1,1892,4096,D5,
zone-rgb-outcome-20260925/dev/zone-communication-20260925__gate-dynamic-graspfail/r2-1/frames,1853871,1066406,1953792,1118208,34,16,18,787465,835584,D1,unknown SIM timing: every 10th numeric-sorted frame + first/last (mandatory endpoints may exceed 10% for n<20)
zone-rgb-outcome-20260925/dev/zone-communication-20260925__gate-dynamic-graspfail/r2-2,5237,5237,8192,8192,2,0,2,0,0,,
zone-rgb-outcome-20260925/dev/zone-communication-20260925__gate-dynamic-graspfail/r2-2/frames,1857954,1334310,1921024,1380352,34,8,26,523644,540672,D1,unknown SIM timing: every 10th numeric-sorted frame + first/last (mandatory endpoints may exceed 10% for n<20)
zone-rgb-outcome-20260925/dev/zone-communication-20260925__gate-dynamic-graspfail/r3-1,5248,5248,8192,8192,2,0,2,0,0,,
zone-rgb-outcome-20260925/dev/zone-communication-20260925__gate-dynamic-graspfail/r3-1/frames,1858728,1301517,1953792,1363968,34,12,22,557211,589824,D1,unknown SIM timing: every 10th numeric-sorted frame + first/last (mandatory endpoints may exceed 10% for n<20)
zone-rgb-outcome-20260925/dev/zone-communication-20260925__gate-dynamic-graspfail/r3-2,5254,5254,8192,8192,2,0,2,0,0,,
zone-rgb-outcome-20260925/dev/zone-communication-20260925__gate-dynamic-graspfail/r3-2/frames,1878246,1426049,1957888,1495040,34,8,26,452197,462848,D1,unknown SIM timing: every 10th numeric-sorted frame + first/last (mandatory endpoints may exceed 10% for n<20)
zone-rgb-outcome-20260925/dev/zone-communication-20260925__gate-dynamic-nominal,0,0,0,0,0,0,0,0,0,,
zone-rgb-outcome-20260925/dev/zone-communication-20260925__gate-dynamic-nominal/r1-1,5241,5241,8192,8192,2,0,2,0,0,,
zone-rgb-outcome-20260925/dev/zone-communication-20260925__gate-dynamic-nominal/r1-1/frames,1842330,1297351,1925120,1355776,34,12,22,544979,569344,D1,unknown SIM timing: every 10th numeric-sorted frame + first/last (mandatory endpoints may exceed 10% for n<20)
zone-rgb-outcome-20260925/dev/zone-communication-20260925__gate-dynamic-nominal/r1-2,4582,4582,8192,8192,2,0,2,0,0,,
zone-rgb-outcome-20260925/dev/zone-communication-20260925__gate-dynamic-nominal/r1-2/frames,1614648,1267665,1683456,1327104,29,6,23,346983,356352,D1,unknown SIM timing: every 10th numeric-sorted frame + first/last (mandatory endpoints may exceed 10% for n<20)
zone-rgb-outcome-20260925/dev/zone-communication-20260925__gate-dynamic-nominal/r2-1,5233,5233,8192,8192,2,0,2,0,0,,
zone-rgb-outcome-20260925/dev/zone-communication-20260925__gate-dynamic-nominal/r2-1/frames,1876029,1301180,1953792,1355776,34,12,22,574849,598016,D1,unknown SIM timing: every 10th numeric-sorted frame + first/last (mandatory endpoints may exceed 10% for n<20)
zone-rgb-outcome-20260925/dev/zone-communication-20260925__gate-dynamic-nominal/r2-2,5251,5251,8192,8192,2,0,2,0,0,,
zone-rgb-outcome-20260925/dev/zone-communication-20260925__gate-dynamic-nominal/r2-2/frames,1853486,1261999,1916928,1314816,34,10,24,591487,602112,D1,unknown SIM timing: every 10th numeric-sorted frame + first/last (mandatory endpoints may exceed 10% for n<20)
zone-rgb-outcome-20260925/dev/zone-communication-20260925__gate-dynamic-nominal/r3-1,5244,5244,8192,8192,2,0,2,0,0,,
zone-rgb-outcome-20260925/dev/zone-communication-20260925__gate-dynamic-nominal/r3-1/frames,1853651,1242007,1945600,1298432,34,13,21,611644,647168,D1,unknown SIM timing: every 10th numeric-sorted frame + first/last (mandatory endpoints may exceed 10% for n<20)
zone-rgb-outcome-20260925/dev/zone-communication-20260925__gate-dynamic-nominal/r3-2,2586,2586,8192,8192,2,0,2,0,0,,
zone-rgb-outcome-20260925/dev/zone-communication-20260925__gate-dynamic-nominal/r3-2/frames,792362,792362,823296,823296,14,0,14,0,0,,unknown SIM timing: every 10th numeric-sorted frame + first/last (mandatory endpoints may exceed 10% for n<20)
zone-rgb-outcome-20260925/dev/zone-communication-20260925__gate-independent-graspfail,0,0,0,0,0,0,0,0,0,,
zone-rgb-outcome-20260925/dev/zone-communication-20260925__gate-independent-graspfail/r1-1,5253,3354,8192,4096,2,1,1,1899,4096,D5,
zone-rgb-outcome-20260925/dev/zone-communication-20260925__gate-independent-graspfail/r1-1/frames,1851359,1341402,1929216,1404928,34,8,26,509957,524288,D1,unknown SIM timing: every 10th numeric-sorted frame + first/last (mandatory endpoints may exceed 10% for n<20)
zone-rgb-outcome-20260925/dev/zone-communication-20260925__gate-independent-graspfail/r1-10,5274,5274,8192,8192,2,0,2,0,0,,
zone-rgb-outcome-20260925/dev/zone-communication-20260925__gate-independent-graspfail/r1-10/frames,1845350,1336067,1921024,1396736,34,8,26,509283,524288,D1,unknown SIM timing: every 10th numeric-sorted frame + first/last (mandatory endpoints may exceed 10% for n<20)
zone-rgb-outcome-20260925/dev/zone-communication-20260925__gate-independent-graspfail/r1-11,5274,5274,8192,8192,2,0,2,0,0,,
zone-rgb-outcome-20260925/dev/zone-communication-20260925__gate-independent-graspfail/r1-11/frames,1845886,1335740,1921024,1396736,34,8,26,510146,524288,D1,unknown SIM timing: every 10th numeric-sorted frame + first/last (mandatory endpoints may exceed 10% for n<20)
zone-rgb-outcome-20260925/dev/zone-communication-20260925__gate-independent-graspfail/r1-12,5256,5256,8192,8192,2,0,2,0,0,,
zone-rgb-outcome-20260925/dev/zone-communication-20260925__gate-independent-graspfail/r1-12/frames,1874181,1536632,1941504,1581056,34,8,26,337549,360448,D1,unknown SIM timing: every 10th numeric-sorted frame + first/last (mandatory endpoints may exceed 10% for n<20)
zone-rgb-outcome-20260925/dev/zone-communication-20260925__gate-independent-graspfail/r1-13,4592,4592,8192,8192,2,0,2,0,0,,
zone-rgb-outcome-20260925/dev/zone-communication-20260925__gate-independent-graspfail/r1-13/frames,1609241,1456615,1667072,1507328,29,4,25,152626,159744,D1,unknown SIM timing: every 10th numeric-sorted frame + first/last (mandatory endpoints may exceed 10% for n<20)
zone-rgb-outcome-20260925/dev/zone-communication-20260925__gate-independent-graspfail/r1-2,5264,5264,8192,8192,2,0,2,0,0,,
zone-rgb-outcome-20260925/dev/zone-communication-20260925__gate-independent-graspfail/r1-2/frames,1844839,1334861,1921024,1396736,34,8,26,509978,524288,D1,unknown SIM timing: every 10th numeric-sorted frame + first/last (mandatory endpoints may exceed 10% for n<20)
zone-rgb-outcome-20260925/dev/zone-communication-20260925__gate-independent-graspfail/r1-3,5264,5264,8192,8192,2,0,2,0,0,,
zone-rgb-outcome-20260925/dev/zone-communication-20260925__gate-independent-graspfail/r1-3/frames,1844694,1334464,1921024,1396736,34,8,26,510230,524288,D1,unknown SIM timing: every 10th numeric-sorted frame + first/last (mandatory endpoints may exceed 10% for n<20)
zone-rgb-outcome-20260925/dev/zone-communication-20260925__gate-independent-graspfail/r1-4,5264,5264,8192,8192,2,0,2,0,0,,
zone-rgb-outcome-20260925/dev/zone-communication-20260925__gate-independent-graspfail/r1-4/frames,1850823,1338861,1925120,1400832,34,8,26,511962,524288,D1,unknown SIM timing: every 10th numeric-sorted frame + first/last (mandatory endpoints may exceed 10% for n<20)
zone-rgb-outcome-20260925/dev/zone-communication-20260925__gate-independent-graspfail/r1-5,5265,5265,8192,8192,2,0,2,0,0,,
zone-rgb-outcome-20260925/dev/zone-communication-20260925__gate-independent-graspfail/r1-5/frames,1856294,1494877,1921024,1552384,34,5,29,361417,368640,D1,unknown SIM timing: every 10th numeric-sorted frame + first/last (mandatory endpoints may exceed 10% for n<20)
zone-rgb-outcome-20260925/dev/zone-communication-20260925__gate-independent-graspfail/r1-6,5273,5273,8192,8192,2,0,2,0,0,,
zone-rgb-outcome-20260925/dev/zone-communication-20260925__gate-independent-graspfail/r1-6/frames,1857851,1547398,1921024,1609728,34,4,30,310453,311296,D1,unknown SIM timing: every 10th numeric-sorted frame + first/last (mandatory endpoints may exceed 10% for n<20)
zone-rgb-outcome-20260925/dev/zone-communication-20260925__gate-independent-graspfail/r1-7,5273,5273,8192,8192,2,0,2,0,0,,
zone-rgb-outcome-20260925/dev/zone-communication-20260925__gate-independent-graspfail/r1-7/frames,1852194,1545517,1921024,1609728,34,4,30,306677,311296,D1,unknown SIM timing: every 10th numeric-sorted frame + first/last (mandatory endpoints may exceed 10% for n<20)
zone-rgb-outcome-20260925/dev/zone-communication-20260925__gate-independent-graspfail/r1-8,5273,5273,8192,8192,2,0,2,0,0,,
zone-rgb-outcome-20260925/dev/zone-communication-20260925__gate-independent-graspfail/r1-8/frames,1853029,1545669,1921024,1609728,34,4,30,307360,311296,D1,unknown SIM timing: every 10th numeric-sorted frame + first/last (mandatory endpoints may exceed 10% for n<20)
zone-rgb-outcome-20260925/dev/zone-communication-20260925__gate-independent-graspfail/r1-9,5273,5273,8192,8192,2,0,2,0,0,,
zone-rgb-outcome-20260925/dev/zone-communication-20260925__gate-independent-graspfail/r1-9/frames,1858386,1312458,1925120,1368064,34,8,26,545928,557056,D1,unknown SIM timing: every 10th numeric-sorted frame + first/last (mandatory endpoints may exceed 10% for n<20)
zone-rgb-outcome-20260925/dev/zone-communication-20260925__gate-independent-graspfail/r2-1,5265,5265,8192,8192,2,0,2,0,0,,
zone-rgb-outcome-20260925/dev/zone-communication-20260925__gate-independent-graspfail/r2-1/frames,1899226,999420,1990656,1044480,34,17,17,899806,946176,D1,unknown SIM timing: every 10th numeric-sorted frame + first/last (mandatory endpoints may exceed 10% for n<20)
zone-rgb-outcome-20260925/dev/zone-communication-20260925__gate-independent-graspfail/r2-2,5275,5275,8192,8192,2,0,2,0,0,,
zone-rgb-outcome-20260925/dev/zone-communication-20260925__gate-independent-graspfail/r2-2/frames,1896364,850084,1974272,884736,34,19,15,1046280,1089536,D1,unknown SIM timing: every 10th numeric-sorted frame + first/last (mandatory endpoints may exceed 10% for n<20)
zone-rgb-outcome-20260925/dev/zone-communication-20260925__gate-independent-graspfail/r2-3,5279,5279,8192,8192,2,0,2,0,0,,
zone-rgb-outcome-20260925/dev/zone-communication-20260925__gate-independent-graspfail/r2-3/frames,1884529,1349611,1945600,1392640,34,10,24,534918,552960,D1,unknown SIM timing: every 10th numeric-sorted frame + first/last (mandatory endpoints may exceed 10% for n<20)
zone-rgb-outcome-20260925/dev/zone-communication-20260925__gate-independent-graspfail/r3-1,5256,3357,8192,4096,2,1,1,1899,4096,D5,
zone-rgb-outcome-20260925/dev/zone-communication-20260925__gate-independent-graspfail/r3-1/frames,1849701,1236895,1929216,1290240,34,12,22,612806,638976,D1,unknown SIM timing: every 10th numeric-sorted frame + first/last (mandatory endpoints may exceed 10% for n<20)
zone-rgb-outcome-20260925/dev/zone-communication-20260925__gate-independent-graspfail/r3-2,5262,5262,8192,8192,2,0,2,0,0,,
zone-rgb-outcome-20260925/dev/zone-communication-20260925__gate-independent-graspfail/r3-2/frames,1870950,1235224,1941504,1286144,34,12,22,635726,655360,D1,unknown SIM timing: every 10th numeric-sorted frame + first/last (mandatory endpoints may exceed 10% for n<20)
zone-rgb-outcome-20260925/dev/zone-communication-20260925__gate-independent-graspfail/r3-3,5279,5279,8192,8192,2,0,2,0,0,,
zone-rgb-outcome-20260925/dev/zone-communication-20260925__gate-independent-graspfail/r3-3/frames,1892808,1313462,1970176,1372160,34,9,25,579346,598016,D1,unknown SIM timing: every 10th numeric-sorted frame + first/last (mandatory endpoints may exceed 10% for n<20)
zone-rgb-outcome-20260925/dev/zone-communication-20260925__gate-independent-nominal,0,0,0,0,0,0,0,0,0,,
zone-rgb-outcome-20260925/dev/zone-communication-20260925__gate-independent-nominal/r1-1,5249,3350,8192,4096,2,1,1,1899,4096,D5,
zone-rgb-outcome-20260925/dev/zone-communication-20260925__gate-independent-nominal/r1-1/frames,1847042,1404281,1933312,1474560,34,8,26,442761,458752,D1,unknown SIM timing: every 10th numeric-sorted frame + first/last (mandatory endpoints may exceed 10% for n<20)
zone-rgb-outcome-20260925/dev/zone-communication-20260925__gate-independent-nominal/r1-2,5278,5278,8192,8192,2,0,2,0,0,,
zone-rgb-outcome-20260925/dev/zone-communication-20260925__gate-independent-nominal/r1-2/frames,1840024,1396984,1925120,1466368,34,8,26,443040,458752,D1,unknown SIM timing: every 10th numeric-sorted frame + first/last (mandatory endpoints may exceed 10% for n<20)
zone-rgb-outcome-20260925/dev/zone-communication-20260925__gate-independent-nominal/r1-3,5278,5278,8192,8192,2,0,2,0,0,,
zone-rgb-outcome-20260925/dev/zone-communication-20260925__gate-independent-nominal/r1-3/frames,1847144,1340165,1937408,1404928,34,9,25,506979,532480,D1,unknown SIM timing: every 10th numeric-sorted frame + first/last (mandatory endpoints may exceed 10% for n<20)
zone-rgb-outcome-20260925/dev/zone-communication-20260925__gate-independent-nominal/r1-4,5278,5278,8192,8192,2,0,2,0,0,,
zone-rgb-outcome-20260925/dev/zone-communication-20260925__gate-independent-nominal/r1-4/frames,1846097,1382093,1949696,1458176,34,8,26,464004,491520,D1,unknown SIM timing: every 10th numeric-sorted frame + first/last (mandatory endpoints may exceed 10% for n<20)
zone-rgb-outcome-20260925/dev/zone-communication-20260925__gate-independent-nominal/r1-5,5276,5276,8192,8192,2,0,2,0,0,,
zone-rgb-outcome-20260925/dev/zone-communication-20260925__gate-independent-nominal/r1-5/frames,1848175,1254215,1916928,1306624,34,9,25,593960,610304,D1,unknown SIM timing: every 10th numeric-sorted frame + first/last (mandatory endpoints may exceed 10% for n<20)
zone-rgb-outcome-20260925/dev/zone-communication-20260925__gate-independent-nominal/r1-6,5275,5275,8192,8192,2,0,2,0,0,,
zone-rgb-outcome-20260925/dev/zone-communication-20260925__gate-independent-nominal/r1-6/frames,1837742,1556714,1912832,1617920,34,7,27,281028,294912,D1,unknown SIM timing: every 10th numeric-sorted frame + first/last (mandatory endpoints may exceed 10% for n<20)
zone-rgb-outcome-20260925/dev/zone-communication-20260925__gate-independent-nominal/r1-7,5271,5271,8192,8192,2,0,2,0,0,,
zone-rgb-outcome-20260925/dev/zone-communication-20260925__gate-independent-nominal/r1-7/frames,1888171,1770339,1945600,1814528,34,4,30,117832,131072,D1,unknown SIM timing: every 10th numeric-sorted frame + first/last (mandatory endpoints may exceed 10% for n<20)
zone-rgb-outcome-20260925/dev/zone-communication-20260925__gate-independent-nominal/r2-1,5241,3349,8192,4096,2,1,1,1892,4096,D5,
zone-rgb-outcome-20260925/dev/zone-communication-20260925__gate-independent-nominal/r2-1/frames,1873115,1298266,1953792,1355776,34,12,22,574849,598016,D1,unknown SIM timing: every 10th numeric-sorted frame + first/last (mandatory endpoints may exceed 10% for n<20)
zone-rgb-outcome-20260925/dev/zone-communication-20260925__gate-independent-nominal/r2-2,5259,5259,8192,8192,2,0,2,0,0,,
zone-rgb-outcome-20260925/dev/zone-communication-20260925__gate-independent-nominal/r2-2/frames,1862018,1101273,1929216,1142784,34,12,22,760745,786432,D1,unknown SIM timing: every 10th numeric-sorted frame + first/last (mandatory endpoints may exceed 10% for n<20)
zone-rgb-outcome-20260925/dev/zone-communication-20260925__gate-independent-nominal/r3-1,5252,3353,8192,4096,2,1,1,1899,4096,D5,
zone-rgb-outcome-20260925/dev/zone-communication-20260925__gate-independent-nominal/r3-1/frames,1850989,1241434,1945600,1298432,34,13,21,609555,647168,D1,unknown SIM timing: every 10th numeric-sorted frame + first/last (mandatory endpoints may exceed 10% for n<20)
zone-rgb-outcome-20260925/dev/zone-communication-20260925__gate-independent-nominal/r3-2,5256,5256,8192,8192,2,0,2,0,0,,
zone-rgb-outcome-20260925/dev/zone-communication-20260925__gate-independent-nominal/r3-2/frames,1896681,1363745,1978368,1425408,34,11,23,532936,552960,D1,unknown SIM timing: every 10th numeric-sorted frame + first/last (mandatory endpoints may exceed 10% for n<20)
zone-rgb-outcome-20260925/dev/zone-communication-20260925__gate-plan_first-graspfail,0,0,0,0,0,0,0,0,0,,
zone-rgb-outcome-20260925/dev/zone-communication-20260925__gate-plan_first-graspfail/r1-1,5251,3352,8192,4096,2,1,1,1899,4096,D5,
zone-rgb-outcome-20260925/dev/zone-communication-20260925__gate-plan_first-graspfail/r1-1/frames,1850639,1020080,1949696,1069056,34,16,18,830559,880640,D1,unknown SIM timing: every 10th numeric-sorted frame + first/last (mandatory endpoints may exceed 10% for n<20)
zone-rgb-outcome-20260925/dev/zone-communication-20260925__gate-plan_first-graspfail/r1-2,5243,3361,8192,4096,2,1,1,1882,4096,D5,
zone-rgb-outcome-20260925/dev/zone-communication-20260925__gate-plan_first-graspfail/r1-2/frames,1860004,1229221,1929216,1282048,34,13,21,630783,647168,D1,unknown SIM timing: every 10th numeric-sorted frame + first/last (mandatory endpoints may exceed 10% for n<20)
zone-rgb-outcome-20260925/dev/zone-communication-20260925__gate-plan_first-graspfail/r2-1,5263,5263,8192,8192,2,0,2,0,0,,
zone-rgb-outcome-20260925/dev/zone-communication-20260925__gate-plan_first-graspfail/r2-1/frames,1892029,850922,1982464,888832,34,19,15,1041107,1093632,D1,unknown SIM timing: every 10th numeric-sorted frame + first/last (mandatory endpoints may exceed 10% for n<20)
zone-rgb-outcome-20260925/dev/zone-communication-20260925__gate-plan_first-graspfail/r2-2,5260,5260,8192,8192,2,0,2,0,0,,
zone-rgb-outcome-20260925/dev/zone-communication-20260925__gate-plan_first-graspfail/r2-2/frames,1877888,909378,1941504,942080,34,18,16,968510,999424,D1,unknown SIM timing: every 10th numeric-sorted frame + first/last (mandatory endpoints may exceed 10% for n<20)
zone-rgb-outcome-20260925/dev/zone-communication-20260925__gate-plan_first-graspfail/r3-1,5254,3355,8192,4096,2,1,1,1899,4096,D5,
zone-rgb-outcome-20260925/dev/zone-communication-20260925__gate-plan_first-graspfail/r3-1/frames,1859278,1020040,1941504,1060864,34,16,18,839238,880640,D1,unknown SIM timing: every 10th numeric-sorted frame + first/last (mandatory endpoints may exceed 10% for n<20)
zone-rgb-outcome-20260925/dev/zone-communication-20260925__gate-plan_first-graspfail/r3-2,2596,2596,8192,8192,2,0,2,0,0,,
zone-rgb-outcome-20260925/dev/zone-communication-20260925__gate-plan_first-graspfail/r3-2/frames,792493,792493,827392,827392,14,0,14,0,0,,unknown SIM timing: every 10th numeric-sorted frame + first/last (mandatory endpoints may exceed 10% for n<20)
zone-rgb-outcome-20260925/dev/zone-communication-20260925__gate-plan_first-nominal,0,0,0,0,0,0,0,0,0,,
zone-rgb-outcome-20260925/dev/zone-communication-20260925__gate-plan_first-nominal/r1-1,5247,3348,8192,4096,2,1,1,1899,4096,D5,
zone-rgb-outcome-20260925/dev/zone-communication-20260925__gate-plan_first-nominal/r1-1/frames,1843646,1299084,1933312,1359872,34,12,22,544562,573440,D1,unknown SIM timing: every 10th numeric-sorted frame + first/last (mandatory endpoints may exceed 10% for n<20)
zone-rgb-outcome-20260925/dev/zone-communication-20260925__gate-plan_first-nominal/r1-2,5239,5239,8192,8192,2,0,2,0,0,,
zone-rgb-outcome-20260925/dev/zone-communication-20260925__gate-plan_first-nominal/r1-2/frames,1857508,1226617,1925120,1277952,34,13,21,630891,647168,D1,unknown SIM timing: every 10th numeric-sorted frame + first/last (mandatory endpoints may exceed 10% for n<20)
zone-rgb-outcome-20260925/dev/zone-communication-20260925__gate-plan_first-nominal/r2-1,5239,3347,8192,4096,2,1,1,1892,4096,D5,
zone-rgb-outcome-20260925/dev/zone-communication-20260925__gate-plan_first-nominal/r2-1/frames,1868816,1299860,1949696,1355776,34,12,22,568956,593920,D1,unknown SIM timing: every 10th numeric-sorted frame + first/last (mandatory endpoints may exceed 10% for n<20)
zone-rgb-outcome-20260925/dev/zone-communication-20260925__gate-plan_first-nominal/r2-2,5256,5256,8192,8192,2,0,2,0,0,,
zone-rgb-outcome-20260925/dev/zone-communication-20260925__gate-plan_first-nominal/r2-2/frames,1878990,1301873,1957888,1359872,34,12,22,577117,598016,D1,unknown SIM timing: every 10th numeric-sorted frame + first/last (mandatory endpoints may exceed 10% for n<20)
zone-rgb-outcome-20260925/dev/zone-communication-20260925__gate-plan_first-nominal/r3-1,5250,3351,8192,4096,2,1,1,1899,4096,D5,
zone-rgb-outcome-20260925/dev/zone-communication-20260925__gate-plan_first-nominal/r3-1/frames,1856925,1198295,1929216,1241088,34,13,21,658630,688128,D1,unknown SIM timing: every 10th numeric-sorted frame + first/last (mandatory endpoints may exceed 10% for n<20)
zone-rgb-outcome-20260925/dev/zone-communication-20260925__gate-plan_first-nominal/r3-2,2592,2592,8192,8192,2,0,2,0,0,,
zone-rgb-outcome-20260925/dev/zone-communication-20260925__gate-plan_first-nominal/r3-2/frames,791831,791831,827392,827392,14,0,14,0,0,,unknown SIM timing: every 10th numeric-sorted frame + first/last (mandatory endpoints may exceed 10% for n<20)
zone-rgb-outcome-20260925/dev/zone-communication-20260925__gate2-dynamic-graspfail,0,0,0,0,0,0,0,0,0,,
zone-rgb-outcome-20260925/dev/zone-communication-20260925__gate2-dynamic-graspfail/r1-1,4981,4981,8192,8192,2,0,2,0,0,,
zone-rgb-outcome-20260925/dev/zone-communication-20260925__gate2-dynamic-graspfail/r1-1/frames,1776403,1201367,1851392,1249280,31,10,21,575036,602112,D1,unknown SIM timing: every 10th numeric-sorted frame + first/last (mandatory endpoints may exceed 10% for n<20)
zone-rgb-outcome-20260925/dev/zone-communication-20260925__gate2-dynamic-graspfail/r1-2,5250,3351,8192,4096,2,1,1,1899,4096,D5,
zone-rgb-outcome-20260925/dev/zone-communication-20260925__gate2-dynamic-graspfail/r1-2/frames,1845851,983477,1916928,1019904,34,16,18,862374,897024,D1,unknown SIM timing: every 10th numeric-sorted frame + first/last (mandatory endpoints may exceed 10% for n<20)
zone-rgb-outcome-20260925/dev/zone-communication-20260925__gate2-dynamic-graspfail/r1-3,2592,1733,8192,4096,2,1,1,859,4096,D5,
zone-rgb-outcome-20260925/dev/zone-communication-20260925__gate2-dynamic-graspfail/r1-3/frames,791089,791089,823296,823296,14,0,14,0,0,,unknown SIM timing: every 10th numeric-sorted frame + first/last (mandatory endpoints may exceed 10% for n<20)
zone-rgb-outcome-20260925/dev/zone-communication-20260925__gate2-dynamic-graspfail/r2-1,5239,3347,8192,4096,2,1,1,1892,4096,D5,
zone-rgb-outcome-20260925/dev/zone-communication-20260925__gate2-dynamic-graspfail/r2-1/frames,1854013,1066490,1953792,1118208,34,16,18,787523,835584,D1,unknown SIM timing: every 10th numeric-sorted frame + first/last (mandatory endpoints may exceed 10% for n<20)
zone-rgb-outcome-20260925/dev/zone-communication-20260925__gate2-dynamic-graspfail/r2-2,5239,3357,8192,4096,2,1,1,1882,4096,D5,
zone-rgb-outcome-20260925/dev/zone-communication-20260925__gate2-dynamic-graspfail/r2-2/frames,1857939,1334360,1921024,1380352,34,8,26,523579,540672,D1,unknown SIM timing: every 10th numeric-sorted frame + first/last (mandatory endpoints may exceed 10% for n<20)
zone-rgb-outcome-20260925/dev/zone-communication-20260925__gate2-dynamic-graspfail/r3-1,5250,3351,8192,4096,2,1,1,1899,4096,D5,
zone-rgb-outcome-20260925/dev/zone-communication-20260925__gate2-dynamic-graspfail/r3-1/frames,1858844,1301550,1953792,1363968,34,12,22,557294,589824,D1,unknown SIM timing: every 10th numeric-sorted frame + first/last (mandatory endpoints may exceed 10% for n<20)
zone-rgb-outcome-20260925/dev/zone-communication-20260925__gate2-dynamic-graspfail/r3-2,5256,3357,8192,4096,2,1,1,1899,4096,D5,
zone-rgb-outcome-20260925/dev/zone-communication-20260925__gate2-dynamic-graspfail/r3-2/frames,1878047,1425979,1953792,1495040,34,8,26,452068,458752,D1,unknown SIM timing: every 10th numeric-sorted frame + first/last (mandatory endpoints may exceed 10% for n<20)
zone-rgb-outcome-20260925/dev/zone-communication-20260925__gate2-dynamic-nominal,0,0,0,0,0,0,0,0,0,,
zone-rgb-outcome-20260925/dev/zone-communication-20260925__gate2-dynamic-nominal/r1-1,5243,3344,8192,4096,2,1,1,1899,4096,D5,
zone-rgb-outcome-20260925/dev/zone-communication-20260925__gate2-dynamic-nominal/r1-1/frames,1842330,1297351,1925120,1355776,34,12,22,544979,569344,D1,unknown SIM timing: every 10th numeric-sorted frame + first/last (mandatory endpoints may exceed 10% for n<20)
zone-rgb-outcome-20260925/dev/zone-communication-20260925__gate2-dynamic-nominal/r1-2,5252,5252,8192,8192,2,0,2,0,0,,
zone-rgb-outcome-20260925/dev/zone-communication-20260925__gate2-dynamic-nominal/r1-2/frames,1889849,1427707,1970176,1495040,34,8,26,462142,475136,D1,unknown SIM timing: every 10th numeric-sorted frame + first/last (mandatory endpoints may exceed 10% for n<20)
zone-rgb-outcome-20260925/dev/zone-communication-20260925__gate2-dynamic-nominal/r2-1,5235,3343,8192,4096,2,1,1,1892,4096,D5,
zone-rgb-outcome-20260925/dev/zone-communication-20260925__gate2-dynamic-nominal/r2-1/frames,1876029,1301180,1953792,1355776,34,12,22,574849,598016,D1,unknown SIM timing: every 10th numeric-sorted frame + first/last (mandatory endpoints may exceed 10% for n<20)
zone-rgb-outcome-20260925/dev/zone-communication-20260925__gate2-dynamic-nominal/r2-2,5253,3353,8192,4096,2,1,1,1900,4096,D5,
zone-rgb-outcome-20260925/dev/zone-communication-20260925__gate2-dynamic-nominal/r2-2/frames,1850334,1314788,1912832,1368064,34,9,25,535546,544768,D1,unknown SIM timing: every 10th numeric-sorted frame + first/last (mandatory endpoints may exceed 10% for n<20)
zone-rgb-outcome-20260925/dev/zone-communication-20260925__gate2-dynamic-nominal/r3-1,5246,3347,8192,4096,2,1,1,1899,4096,D5,
zone-rgb-outcome-20260925/dev/zone-communication-20260925__gate2-dynamic-nominal/r3-1/frames,1853651,1242007,1945600,1298432,34,13,21,611644,647168,D1,unknown SIM timing: every 10th numeric-sorted frame + first/last (mandatory endpoints may exceed 10% for n<20)
zone-rgb-outcome-20260925/dev/zone-communication-20260925__gate2-dynamic-nominal/r3-2,2588,2588,8192,8192,2,0,2,0,0,,
zone-rgb-outcome-20260925/dev/zone-communication-20260925__gate2-dynamic-nominal/r3-2/frames,792252,792252,823296,823296,14,0,14,0,0,,unknown SIM timing: every 10th numeric-sorted frame + first/last (mandatory endpoints may exceed 10% for n<20)
zone-rgb-outcome-20260925/dev/zone-communication-20260925__gate2-independent-graspfail,0,0,0,0,0,0,0,0,0,,
zone-rgb-outcome-20260925/dev/zone-communication-20260925__gate2-independent-graspfail/r1-1,5255,3356,8192,4096,2,1,1,1899,4096,D5,
zone-rgb-outcome-20260925/dev/zone-communication-20260925__gate2-independent-graspfail/r1-1/frames,1845591,1088583,1925120,1130496,34,15,19,757008,794624,D1,unknown SIM timing: every 10th numeric-sorted frame + first/last (mandatory endpoints may exceed 10% for n<20)
zone-rgb-outcome-20260925/dev/zone-communication-20260925__gate2-independent-graspfail/r1-2,5250,5250,8192,8192,2,0,2,0,0,,
zone-rgb-outcome-20260925/dev/zone-communication-20260925__gate2-independent-graspfail/r1-2/frames,1842281,1293841,1937408,1351680,34,12,22,548440,585728,D1,unknown SIM timing: every 10th numeric-sorted frame + first/last (mandatory endpoints may exceed 10% for n<20)
zone-rgb-outcome-20260925/dev/zone-communication-20260925__gate2-independent-graspfail/r1-3,5266,5266,8192,8192,2,0,2,0,0,,
zone-rgb-outcome-20260925/dev/zone-communication-20260925__gate2-independent-graspfail/r1-3/frames,1874488,1766915,1925120,1810432,34,4,30,107573,114688,D1,unknown SIM timing: every 10th numeric-sorted frame + first/last (mandatory endpoints may exceed 10% for n<20)
zone-rgb-outcome-20260925/dev/zone-communication-20260925__gate2-independent-graspfail/r2-1,5267,5267,8192,8192,2,0,2,0,0,,
zone-rgb-outcome-20260925/dev/zone-communication-20260925__gate2-independent-graspfail/r2-1/frames,1899287,925517,1990656,966656,34,18,16,973770,1024000,D1,unknown SIM timing: every 10th numeric-sorted frame + first/last (mandatory endpoints may exceed 10% for n<20)
zone-rgb-outcome-20260925/dev/zone-communication-20260925__gate2-independent-graspfail/r2-2,5249,5249,8192,8192,2,0,2,0,0,,
zone-rgb-outcome-20260925/dev/zone-communication-20260925__gate2-independent-graspfail/r2-2/frames,1856909,1384132,1925120,1441792,34,7,27,472777,483328,D1,unknown SIM timing: every 10th numeric-sorted frame + first/last (mandatory endpoints may exceed 10% for n<20)
zone-rgb-outcome-20260925/dev/zone-communication-20260925__gate2-independent-graspfail/r2-3,5263,5263,8192,8192,2,0,2,0,0,,
zone-rgb-outcome-20260925/dev/zone-communication-20260925__gate2-independent-graspfail/r2-3/frames,1857583,1384659,1921024,1437696,34,7,27,472924,483328,D1,unknown SIM timing: every 10th numeric-sorted frame + first/last (mandatory endpoints may exceed 10% for n<20)
zone-rgb-outcome-20260925/dev/zone-communication-20260925__gate2-independent-graspfail/r2-4,5271,5271,8192,8192,2,0,2,0,0,,
zone-rgb-outcome-20260925/dev/zone-communication-20260925__gate2-independent-graspfail/r2-4/frames,1859414,1549496,1921024,1609728,34,4,30,309918,311296,D1,unknown SIM timing: every 10th numeric-sorted frame + first/last (mandatory endpoints may exceed 10% for n<20)
zone-rgb-outcome-20260925/dev/zone-communication-20260925__gate2-independent-graspfail/r2-5,5264,5264,8192,8192,2,0,2,0,0,,
zone-rgb-outcome-20260925/dev/zone-communication-20260925__gate2-independent-graspfail/r2-5/frames,1850076,1326578,1912832,1372160,34,8,26,523498,540672,D1,unknown SIM timing: every 10th numeric-sorted frame + first/last (mandatory endpoints may exceed 10% for n<20)
zone-rgb-outcome-20260925/dev/zone-communication-20260925__gate2-independent-graspfail/r2-6,5281,5281,8192,8192,2,0,2,0,0,,
zone-rgb-outcome-20260925/dev/zone-communication-20260925__gate2-independent-graspfail/r2-6/frames,1891673,1649579,1941504,1695744,34,4,30,242094,245760,D1,unknown SIM timing: every 10th numeric-sorted frame + first/last (mandatory endpoints may exceed 10% for n<20)
zone-rgb-outcome-20260925/dev/zone-communication-20260925__gate2-independent-graspfail/r3-1,5258,3359,8192,4096,2,1,1,1899,4096,D5,
zone-rgb-outcome-20260925/dev/zone-communication-20260925__gate2-independent-graspfail/r3-1/frames,1849468,1301752,1937408,1359872,34,12,22,547716,577536,D1,unknown SIM timing: every 10th numeric-sorted frame + first/last (mandatory endpoints may exceed 10% for n<20)
zone-rgb-outcome-20260925/dev/zone-communication-20260925__gate2-independent-graspfail/r3-2,5264,5264,8192,8192,2,0,2,0,0,,
zone-rgb-outcome-20260925/dev/zone-communication-20260925__gate2-independent-graspfail/r3-2/frames,1876622,1362666,1949696,1425408,34,8,26,513956,524288,D1,unknown SIM timing: every 10th numeric-sorted frame + first/last (mandatory endpoints may exceed 10% for n<20)
zone-rgb-outcome-20260925/dev/zone-communication-20260925__gate2-independent-nominal,0,0,0,0,0,0,0,0,0,,
zone-rgb-outcome-20260925/dev/zone-communication-20260925__gate2-independent-nominal/r1-1,5251,3352,8192,4096,2,1,1,1899,4096,D5,
zone-rgb-outcome-20260925/dev/zone-communication-20260925__gate2-independent-nominal/r1-1/frames,1847042,1404281,1933312,1474560,34,8,26,442761,458752,D1,unknown SIM timing: every 10th numeric-sorted frame + first/last (mandatory endpoints may exceed 10% for n<20)
zone-rgb-outcome-20260925/dev/zone-communication-20260925__gate2-independent-nominal/r1-2,5280,3370,8192,4096,2,1,1,1910,4096,D5,
zone-rgb-outcome-20260925/dev/zone-communication-20260925__gate2-independent-nominal/r1-2/frames,1840024,1396984,1925120,1466368,34,8,26,443040,458752,D1,unknown SIM timing: every 10th numeric-sorted frame + first/last (mandatory endpoints may exceed 10% for n<20)
zone-rgb-outcome-20260925/dev/zone-communication-20260925__gate2-independent-nominal/r1-3,5280,3370,8192,4096,2,1,1,1910,4096,D5,
zone-rgb-outcome-20260925/dev/zone-communication-20260925__gate2-independent-nominal/r1-3/frames,1847144,1340165,1937408,1404928,34,9,25,506979,532480,D1,unknown SIM timing: every 10th numeric-sorted frame + first/last (mandatory endpoints may exceed 10% for n<20)
zone-rgb-outcome-20260925/dev/zone-communication-20260925__gate2-independent-nominal/r1-4,5280,3370,8192,4096,2,1,1,1910,4096,D5,
zone-rgb-outcome-20260925/dev/zone-communication-20260925__gate2-independent-nominal/r1-4/frames,1846097,1382093,1949696,1458176,34,8,26,464004,491520,D1,unknown SIM timing: every 10th numeric-sorted frame + first/last (mandatory endpoints may exceed 10% for n<20)
zone-rgb-outcome-20260925/dev/zone-communication-20260925__gate2-independent-nominal/r1-5,5278,3371,8192,4096,2,1,1,1907,4096,D5,
zone-rgb-outcome-20260925/dev/zone-communication-20260925__gate2-independent-nominal/r1-5/frames,1848175,1254215,1916928,1306624,34,9,25,593960,610304,D1,unknown SIM timing: every 10th numeric-sorted frame + first/last (mandatory endpoints may exceed 10% for n<20)
zone-rgb-outcome-20260925/dev/zone-communication-20260925__gate2-independent-nominal/r1-6,5277,5277,8192,8192,2,0,2,0,0,,
zone-rgb-outcome-20260925/dev/zone-communication-20260925__gate2-independent-nominal/r1-6/frames,1836194,1496601,1912832,1556480,34,8,26,339593,356352,D1,unknown SIM timing: every 10th numeric-sorted frame + first/last (mandatory endpoints may exceed 10% for n<20)
zone-rgb-outcome-20260925/dev/zone-communication-20260925__gate2-independent-nominal/r1-7,5273,5273,8192,8192,2,0,2,0,0,,
zone-rgb-outcome-20260925/dev/zone-communication-20260925__gate2-independent-nominal/r1-7/frames,1886828,1768818,1945600,1814528,34,4,30,118010,131072,D1,unknown SIM timing: every 10th numeric-sorted frame + first/last (mandatory endpoints may exceed 10% for n<20)
zone-rgb-outcome-20260925/dev/zone-communication-20260925__gate2-independent-nominal/r2-1,5243,3351,8192,4096,2,1,1,1892,4096,D5,
zone-rgb-outcome-20260925/dev/zone-communication-20260925__gate2-independent-nominal/r2-1/frames,1873115,1298266,1953792,1355776,34,12,22,574849,598016,D1,unknown SIM timing: every 10th numeric-sorted frame + first/last (mandatory endpoints may exceed 10% for n<20)
zone-rgb-outcome-20260925/dev/zone-communication-20260925__gate2-independent-nominal/r2-2,5261,3361,8192,4096,2,1,1,1900,4096,D5,
zone-rgb-outcome-20260925/dev/zone-communication-20260925__gate2-independent-nominal/r2-2/frames,1860282,1099364,1929216,1142784,34,12,22,760918,786432,D1,unknown SIM timing: every 10th numeric-sorted frame + first/last (mandatory endpoints may exceed 10% for n<20)
zone-rgb-outcome-20260925/dev/zone-communication-20260925__gate2-independent-nominal/r3-1,5254,3355,8192,4096,2,1,1,1899,4096,D5,
zone-rgb-outcome-20260925/dev/zone-communication-20260925__gate2-independent-nominal/r3-1/frames,1850989,1241434,1945600,1298432,34,13,21,609555,647168,D1,unknown SIM timing: every 10th numeric-sorted frame + first/last (mandatory endpoints may exceed 10% for n<20)
zone-rgb-outcome-20260925/dev/zone-communication-20260925__gate2-independent-nominal/r3-2,5264,5264,8192,8192,2,0,2,0,0,,
zone-rgb-outcome-20260925/dev/zone-communication-20260925__gate2-independent-nominal/r3-2/frames,1873034,1509626,1945600,1568768,34,8,26,363408,376832,D1,unknown SIM timing: every 10th numeric-sorted frame + first/last (mandatory endpoints may exceed 10% for n<20)
zone-rgb-outcome-20260925/dev/zone-communication-20260925__gate2-plan_first-graspfail,0,0,0,0,0,0,0,0,0,,
zone-rgb-outcome-20260925/dev/zone-communication-20260925__gate2-plan_first-graspfail/r1-1,5253,3354,8192,4096,2,1,1,1899,4096,D5,
zone-rgb-outcome-20260925/dev/zone-communication-20260925__gate2-plan_first-graspfail/r1-1/frames,1850754,1020071,1949696,1069056,34,16,18,830683,880640,D1,unknown SIM timing: every 10th numeric-sorted frame + first/last (mandatory endpoints may exceed 10% for n<20)
zone-rgb-outcome-20260925/dev/zone-communication-20260925__gate2-plan_first-graspfail/r1-2,5245,3363,8192,4096,2,1,1,1882,4096,D5,
zone-rgb-outcome-20260925/dev/zone-communication-20260925__gate2-plan_first-graspfail/r1-2/frames,1858561,1157529,1925120,1204224,34,14,20,701032,720896,D1,unknown SIM timing: every 10th numeric-sorted frame + first/last (mandatory endpoints may exceed 10% for n<20)
zone-rgb-outcome-20260925/dev/zone-communication-20260925__gate2-plan_first-graspfail/r2-1,5266,5266,8192,8192,2,0,2,0,0,,
zone-rgb-outcome-20260925/dev/zone-communication-20260925__gate2-plan_first-graspfail/r2-1/frames,1893469,851046,1982464,888832,34,19,15,1042423,1093632,D1,unknown SIM timing: every 10th numeric-sorted frame + first/last (mandatory endpoints may exceed 10% for n<20)
zone-rgb-outcome-20260925/dev/zone-communication-20260925__gate2-plan_first-graspfail/r2-2,5262,5262,8192,8192,2,0,2,0,0,,
zone-rgb-outcome-20260925/dev/zone-communication-20260925__gate2-plan_first-graspfail/r2-2/frames,1877016,849418,1941504,880640,34,19,15,1027598,1060864,D1,unknown SIM timing: every 10th numeric-sorted frame + first/last (mandatory endpoints may exceed 10% for n<20)
zone-rgb-outcome-20260925/dev/zone-communication-20260925__gate2-plan_first-graspfail/r3-1,5256,3357,8192,4096,2,1,1,1899,4096,D5,
zone-rgb-outcome-20260925/dev/zone-communication-20260925__gate2-plan_first-graspfail/r3-1/frames,1859309,1020067,1937408,1060864,34,16,18,839242,876544,D1,unknown SIM timing: every 10th numeric-sorted frame + first/last (mandatory endpoints may exceed 10% for n<20)
zone-rgb-outcome-20260925/dev/zone-communication-20260925__gate2-plan_first-graspfail/r3-2,2598,2598,8192,8192,2,0,2,0,0,,
zone-rgb-outcome-20260925/dev/zone-communication-20260925__gate2-plan_first-graspfail/r3-2/frames,792684,792684,827392,827392,14,0,14,0,0,,unknown SIM timing: every 10th numeric-sorted frame + first/last (mandatory endpoints may exceed 10% for n<20)
zone-rgb-outcome-20260925/dev/zone-communication-20260925__gate2-plan_first-nominal,0,0,0,0,0,0,0,0,0,,
zone-rgb-outcome-20260925/dev/zone-communication-20260925__gate2-plan_first-nominal/r1-1,5249,3350,8192,4096,2,1,1,1899,4096,D5,
zone-rgb-outcome-20260925/dev/zone-communication-20260925__gate2-plan_first-nominal/r1-1/frames,1843646,1299084,1933312,1359872,34,12,22,544562,573440,D1,unknown SIM timing: every 10th numeric-sorted frame + first/last (mandatory endpoints may exceed 10% for n<20)
zone-rgb-outcome-20260925/dev/zone-communication-20260925__gate2-plan_first-nominal/r1-2,5241,3359,8192,4096,2,1,1,1882,4096,D5,
zone-rgb-outcome-20260925/dev/zone-communication-20260925__gate2-plan_first-nominal/r1-2/frames,1853928,1293874,1929216,1351680,34,12,22,560054,577536,D1,unknown SIM timing: every 10th numeric-sorted frame + first/last (mandatory endpoints may exceed 10% for n<20)
zone-rgb-outcome-20260925/dev/zone-communication-20260925__gate2-plan_first-nominal/r2-1,5241,3349,8192,4096,2,1,1,1892,4096,D5,
zone-rgb-outcome-20260925/dev/zone-communication-20260925__gate2-plan_first-nominal/r2-1/frames,1868816,1299860,1949696,1355776,34,12,22,568956,593920,D1,unknown SIM timing: every 10th numeric-sorted frame + first/last (mandatory endpoints may exceed 10% for n<20)
zone-rgb-outcome-20260925/dev/zone-communication-20260925__gate2-plan_first-nominal/r2-2,5258,5258,8192,8192,2,0,2,0,0,,
zone-rgb-outcome-20260925/dev/zone-communication-20260925__gate2-plan_first-nominal/r2-2/frames,1878895,1301727,1957888,1359872,34,12,22,577168,598016,D1,unknown SIM timing: every 10th numeric-sorted frame + first/last (mandatory endpoints may exceed 10% for n<20)
zone-rgb-outcome-20260925/dev/zone-communication-20260925__gate2-plan_first-nominal/r3-1,5252,3353,8192,4096,2,1,1,1899,4096,D5,
zone-rgb-outcome-20260925/dev/zone-communication-20260925__gate2-plan_first-nominal/r3-1/frames,1856925,1198295,1929216,1241088,34,13,21,658630,688128,D1,unknown SIM timing: every 10th numeric-sorted frame + first/last (mandatory endpoints may exceed 10% for n<20)
zone-rgb-outcome-20260925/dev/zone-communication-20260925__gate2-plan_first-nominal/r3-2,2594,2594,8192,8192,2,0,2,0,0,,
zone-rgb-outcome-20260925/dev/zone-communication-20260925__gate2-plan_first-nominal/r3-2/frames,791866,791866,827392,827392,14,0,14,0,0,,unknown SIM timing: every 10th numeric-sorted frame + first/last (mandatory endpoints may exceed 10% for n<20)
zone-rgb-outcome-20260925/dev/zone-dispatch-20260925__dev-fixture-2,0,0,0,0,0,0,0,0,0,,
zone-rgb-outcome-20260925/dev/zone-dispatch-20260925__dev-fixture-2/r1-1,4222,4222,8192,8192,2,0,2,0,0,,
zone-rgb-outcome-20260925/dev/zone-dispatch-20260925__dev-fixture-2/r1-1/frames,1074039,447142,1122304,466944,20,12,8,626897,655360,D1,unknown SIM timing: every 10th numeric-sorted frame + first/last (mandatory endpoints may exceed 10% for n<20)
zone-rgb-outcome-20260925/dev/zone-dispatch-20260925__dev-fixture-2/r1-2,1655,1655,8192,8192,2,0,2,0,0,,
zone-rgb-outcome-20260925/dev/zone-dispatch-20260925__dev-fixture-2/r1-2/frames,291130,291130,303104,303104,5,0,5,0,0,,unknown SIM timing: every 10th numeric-sorted frame + first/last (mandatory endpoints may exceed 10% for n<20)
zone-rgb-outcome-20260925/dev/zone-dispatch-20260925__dev-fixture-2/r2-1,4217,4217,8192,8192,2,0,2,0,0,,
zone-rgb-outcome-20260925/dev/zone-dispatch-20260925__dev-fixture-2/r2-1/frames,1052377,542772,1097728,565248,20,9,11,509605,532480,D1,unknown SIM timing: every 10th numeric-sorted frame + first/last (mandatory endpoints may exceed 10% for n<20)
zone-rgb-outcome-20260925/dev/zone-dispatch-20260925__dev-fixture-2/r2-2,1668,1668,8192,8192,2,0,2,0,0,,
zone-rgb-outcome-20260925/dev/zone-dispatch-20260925__dev-fixture-2/r2-2/frames,286919,286919,299008,299008,5,0,5,0,0,,unknown SIM timing: every 10th numeric-sorted frame + first/last (mandatory endpoints may exceed 10% for n<20)
zone-rgb-outcome-20260925/dev/zone-dispatch-20260925__dev-fixture-2/r3-1,4055,4055,8192,8192,2,0,2,0,0,,
zone-rgb-outcome-20260925/dev/zone-dispatch-20260925__dev-fixture-2/r3-1/frames,1021446,442542,1052672,458752,18,10,8,578904,593920,D1,unknown SIM timing: every 10th numeric-sorted frame + first/last (mandatory endpoints may exceed 10% for n<20)
zone-rgb-outcome-20260925/dev/zone-dispatch-20260925__dev-fixture-2/r3-2,4268,4268,8192,8192,2,0,2,0,0,,
zone-rgb-outcome-20260925/dev/zone-dispatch-20260925__dev-fixture-2/r3-2/frames,1088148,515479,1142784,536576,20,11,9,572669,606208,D1,unknown SIM timing: every 10th numeric-sorted frame + first/last (mandatory endpoints may exceed 10% for n<20)
zone-rgb-outcome-20260925/dev/zone-dispatch-20260925__dev-fixture-3,0,0,0,0,0,0,0,0,0,,
zone-rgb-outcome-20260925/dev/zone-dispatch-20260925__dev-fixture-3/r1-1,4221,4221,8192,8192,2,0,2,0,0,,
zone-rgb-outcome-20260925/dev/zone-dispatch-20260925__dev-fixture-3/r1-1/frames,1083408,449550,1134592,471040,20,12,8,633858,663552,D1,unknown SIM timing: every 10th numeric-sorted frame + first/last (mandatory endpoints may exceed 10% for n<20)
zone-rgb-outcome-20260925/dev/zone-dispatch-20260925__dev-fixture-3/r1-2,2165,2165,8192,8192,2,0,2,0,0,,
zone-rgb-outcome-20260925/dev/zone-dispatch-20260925__dev-fixture-3/r1-2/frames,462614,462614,483328,483328,8,0,8,0,0,,unknown SIM timing: every 10th numeric-sorted frame + first/last (mandatory endpoints may exceed 10% for n<20)
zone-rgb-outcome-20260925/dev/zone-dispatch-20260925__dev-fixture-3/r2-1,4220,4220,8192,8192,2,0,2,0,0,,
zone-rgb-outcome-20260925/dev/zone-dispatch-20260925__dev-fixture-3/r2-1/frames,1103468,456208,1142784,471040,20,12,8,647260,671744,D1,unknown SIM timing: every 10th numeric-sorted frame + first/last (mandatory endpoints may exceed 10% for n<20)
zone-rgb-outcome-20260925/dev/zone-dispatch-20260925__dev-fixture-3/r3-1,3734,3734,8192,8192,2,0,2,0,0,,
zone-rgb-outcome-20260925/dev/zone-dispatch-20260925__dev-fixture-3/r3-1/frames,935565,528150,978944,552960,17,8,9,407415,425984,D1,unknown SIM timing: every 10th numeric-sorted frame + first/last (mandatory endpoints may exceed 10% for n<20)
zone-rgb-outcome-20260925/dev/zone-dispatch-20260925__dev-fixture-4,0,0,0,0,0,0,0,0,0,,
zone-rgb-outcome-20260925/dev/zone-dispatch-20260925__dev-fixture-4/r1-1,4221,2653,8192,4096,2,1,1,1568,4096,D5,
zone-rgb-outcome-20260925/dev/zone-dispatch-20260925__dev-fixture-4/r1-1/frames,1088334,724972,1134592,753664,20,8,12,363362,380928,D1,unknown SIM timing: every 10th numeric-sorted frame + first/last (mandatory endpoints may exceed 10% for n<20)
zone-rgb-outcome-20260925/dev/zone-dispatch-20260925__dev-fixture-4/r1-2,2183,2183,8192,8192,2,0,2,0,0,,
zone-rgb-outcome-20260925/dev/zone-dispatch-20260925__dev-fixture-4/r1-2/frames,466117,466117,483328,483328,8,0,8,0,0,,unknown SIM timing: every 10th numeric-sorted frame + first/last (mandatory endpoints may exceed 10% for n<20)
zone-rgb-outcome-20260925/dev/zone-dispatch-20260925__dev-fixture-4/r2-1,4220,4220,8192,8192,2,0,2,0,0,,
zone-rgb-outcome-20260925/dev/zone-dispatch-20260925__dev-fixture-4/r2-1/frames,1097001,654230,1142784,679936,20,9,11,442771,462848,D1,unknown SIM timing: every 10th numeric-sorted frame + first/last (mandatory endpoints may exceed 10% for n<20)
zone-rgb-outcome-20260925/dev/zone-dispatch-20260925__dev-fixture-4/r2-2,4228,4228,8192,8192,2,0,2,0,0,,
zone-rgb-outcome-20260925/dev/zone-dispatch-20260925__dev-fixture-4/r2-2/frames,1130855,922623,1171456,962560,20,3,17,208232,208896,D1,unknown SIM timing: every 10th numeric-sorted frame + first/last (mandatory endpoints may exceed 10% for n<20)
zone-rgb-outcome-20260925/dev/zone-dispatch-20260925__dev-fixture-4/r3-1,4237,4237,8192,8192,2,0,2,0,0,,
zone-rgb-outcome-20260925/dev/zone-dispatch-20260925__dev-fixture-4/r3-1/frames,1103471,456915,1146880,475136,20,12,8,646556,671744,D1,unknown SIM timing: every 10th numeric-sorted frame + first/last (mandatory endpoints may exceed 10% for n<20)
zone-rgb-outcome-20260925/dev/zone-dispatch-20260925__dev-fixture-5,0,0,0,0,0,0,0,0,0,,
zone-rgb-outcome-20260925/dev/zone-dispatch-20260925__dev-fixture-5/r1-1,4221,2653,8192,4096,2,1,1,1568,4096,D5,
zone-rgb-outcome-20260925/dev/zone-dispatch-20260925__dev-fixture-5/r1-1/frames,1088408,725011,1134592,753664,20,8,12,363397,380928,D1,unknown SIM timing: every 10th numeric-sorted frame + first/last (mandatory endpoints may exceed 10% for n<20)
zone-rgb-outcome-20260925/dev/zone-dispatch-20260925__dev-fixture-5/r1-2,4232,4232,8192,8192,2,0,2,0,0,,
zone-rgb-outcome-20260925/dev/zone-dispatch-20260925__dev-fixture-5/r1-2/frames,1149789,507502,1196032,528384,20,11,9,642287,667648,D1,unknown SIM timing: every 10th numeric-sorted frame + first/last (mandatory endpoints may exceed 10% for n<20)
zone-rgb-outcome-20260925/dev/zone-dispatch-20260925__dev-fixture-5/r2-1,4220,4220,8192,8192,2,0,2,0,0,,
zone-rgb-outcome-20260925/dev/zone-dispatch-20260925__dev-fixture-5/r2-1/frames,1097097,654212,1142784,679936,20,9,11,442885,462848,D1,unknown SIM timing: every 10th numeric-sorted frame + first/last (mandatory endpoints may exceed 10% for n<20)
zone-rgb-outcome-20260925/dev/zone-dispatch-20260925__dev-fixture-5/r2-2,2164,2164,8192,8192,2,0,2,0,0,,
zone-rgb-outcome-20260925/dev/zone-dispatch-20260925__dev-fixture-5/r2-2/frames,465988,465988,491520,491520,8,0,8,0,0,,unknown SIM timing: every 10th numeric-sorted frame + first/last (mandatory endpoints may exceed 10% for n<20)
zone-rgb-outcome-20260925/dev/zone-dispatch-20260925__dev-fixture-5/r3-1,4237,2669,8192,4096,2,1,1,1568,4096,D5,
zone-rgb-outcome-20260925/dev/zone-dispatch-20260925__dev-fixture-5/r3-1/frames,1103492,457034,1146880,475136,20,12,8,646458,671744,D1,unknown SIM timing: every 10th numeric-sorted frame + first/last (mandatory endpoints may exceed 10% for n<20)
zone-rgb-outcome-20260925/dev/zone-dispatch-20260925__dev-fixture-6-planfirst,0,0,0,0,0,0,0,0,0,,
zone-rgb-outcome-20260925/dev/zone-dispatch-20260925__dev-fixture-6-planfirst/r1-1,4241,2673,8192,4096,2,1,1,1568,4096,D5,
zone-rgb-outcome-20260925/dev/zone-dispatch-20260925__dev-fixture-6-planfirst/r1-1/frames,1088408,725011,1134592,753664,20,8,12,363397,380928,D1,unknown SIM timing: every 10th numeric-sorted frame + first/last (mandatory endpoints may exceed 10% for n<20)
zone-rgb-outcome-20260925/dev/zone-dispatch-20260925__dev-fixture-6-planfirst/r1-2,4252,2682,8192,4096,2,1,1,1570,4096,D5,
zone-rgb-outcome-20260925/dev/zone-dispatch-20260925__dev-fixture-6-planfirst/r1-2/frames,1149789,507502,1196032,528384,20,11,9,642287,667648,D1,unknown SIM timing: every 10th numeric-sorted frame + first/last (mandatory endpoints may exceed 10% for n<20)
zone-rgb-outcome-20260925/dev/zone-dispatch-20260925__dev-fixture-6-planfirst/r2-1,4240,2672,8192,4096,2,1,1,1568,4096,D5,
zone-rgb-outcome-20260925/dev/zone-dispatch-20260925__dev-fixture-6-planfirst/r2-1/frames,1097097,654212,1142784,679936,20,9,11,442885,462848,D1,unknown SIM timing: every 10th numeric-sorted frame + first/last (mandatory endpoints may exceed 10% for n<20)
zone-rgb-outcome-20260925/dev/zone-dispatch-20260925__dev-fixture-6-planfirst/r2-2,2184,1438,8192,4096,2,1,1,746,4096,D5,
zone-rgb-outcome-20260925/dev/zone-dispatch-20260925__dev-fixture-6-planfirst/r2-2/frames,465988,465988,491520,491520,8,0,8,0,0,,unknown SIM timing: every 10th numeric-sorted frame + first/last (mandatory endpoints may exceed 10% for n<20)
zone-rgb-outcome-20260925/dev/zone-dispatch-20260925__dev-fixture-6-planfirst/r3-1,4257,2689,8192,4096,2,1,1,1568,4096,D5,
zone-rgb-outcome-20260925/dev/zone-dispatch-20260925__dev-fixture-6-planfirst/r3-1/frames,1103492,457034,1146880,475136,20,12,8,646458,671744,D1,unknown SIM timing: every 10th numeric-sorted frame + first/last (mandatory endpoints may exceed 10% for n<20)
zone-rgb-outcome-20260925/dev/zone-dispatch-20260925__dev-fixture-7,0,0,0,0,0,0,0,0,0,,
zone-rgb-outcome-20260925/dev/zone-dispatch-20260925__dev-fixture-7/r1-1,4209,4209,8192,8192,2,0,2,0,0,,
zone-rgb-outcome-20260925/dev/zone-dispatch-20260925__dev-fixture-7/r1-1/frames,1088920,451582,1114112,462848,20,12,8,637338,651264,D1,unknown SIM timing: every 10th numeric-sorted frame + first/last (mandatory endpoints may exceed 10% for n<20)
zone-rgb-outcome-20260925/dev/zone-dispatch-20260925__dev-fixture-7/r1-2,2172,2172,8192,8192,2,0,2,0,0,,
zone-rgb-outcome-20260925/dev/zone-dispatch-20260925__dev-fixture-7/r1-2/frames,473108,473108,487424,487424,8,0,8,0,0,,unknown SIM timing: every 10th numeric-sorted frame + first/last (mandatory endpoints may exceed 10% for n<20)
zone-rgb-outcome-20260925/dev/zone-dispatch-20260925__dev-fixture-7/r2-1,4218,4218,8192,8192,2,0,2,0,0,,
zone-rgb-outcome-20260925/dev/zone-dispatch-20260925__dev-fixture-7/r2-1/frames,1101490,453250,1142784,471040,20,12,8,648240,671744,D1,unknown SIM timing: every 10th numeric-sorted frame + first/last (mandatory endpoints may exceed 10% for n<20)
zone-rgb-outcome-20260925/dev/zone-dispatch-20260925__dev-fixture-7/r2-2,4235,4235,8192,8192,2,0,2,0,0,,
zone-rgb-outcome-20260925/dev/zone-dispatch-20260925__dev-fixture-7/r2-2/frames,1141583,471517,1175552,487424,20,12,8,670066,688128,D1,unknown SIM timing: every 10th numeric-sorted frame + first/last (mandatory endpoints may exceed 10% for n<20)
zone-rgb-outcome-20260925/dev/zone-dispatch-20260925__dev-fixture-7/r3-1,4237,4237,8192,8192,2,0,2,0,0,,
zone-rgb-outcome-20260925/dev/zone-dispatch-20260925__dev-fixture-7/r3-1/frames,1105550,458188,1146880,475136,20,12,8,647362,671744,D1,unknown SIM timing: every 10th numeric-sorted frame + first/last (mandatory endpoints may exceed 10% for n<20)
zone-rgb-outcome-20260925/dev/zone-dispatch-20260925__dev-fixture-7/r3-2,4231,4231,8192,8192,2,0,2,0,0,,
zone-rgb-outcome-20260925/dev/zone-dispatch-20260925__dev-fixture-7/r3-2/frames,1114043,576940,1171456,614400,20,8,12,537103,557056,D1,unknown SIM timing: every 10th numeric-sorted frame + first/last (mandatory endpoints may exceed 10% for n<20)
zone-rgb-outcome-20260925/dev/zone-dispatch-20260925__dev-fixture-8,0,0,0,0,0,0,0,0,0,,
zone-rgb-outcome-20260925/dev/zone-dispatch-20260925__dev-fixture-8/r1-1,4209,2653,8192,4096,2,1,1,1556,4096,D5,
zone-rgb-outcome-20260925/dev/zone-dispatch-20260925__dev-fixture-8/r1-1/frames,1086056,450766,1114112,462848,20,12,8,635290,651264,D1,unknown SIM timing: every 10th numeric-sorted frame + first/last (mandatory endpoints may exceed 10% for n<20)
zone-rgb-outcome-20260925/dev/zone-dispatch-20260925__dev-fixture-8/r1-2,2165,2165,8192,8192,2,0,2,0,0,,
zone-rgb-outcome-20260925/dev/zone-dispatch-20260925__dev-fixture-8/r1-2/frames,457452,457452,471040,471040,8,0,8,0,0,,unknown SIM timing: every 10th numeric-sorted frame + first/last (mandatory endpoints may exceed 10% for n<20)
zone-rgb-outcome-20260925/dev/zone-dispatch-20260925__dev-fixture-8/r2-1,4218,2650,8192,4096,2,1,1,1568,4096,D5,
zone-rgb-outcome-20260925/dev/zone-dispatch-20260925__dev-fixture-8/r2-1/frames,1101673,453433,1142784,471040,20,12,8,648240,671744,D1,unknown SIM timing: every 10th numeric-sorted frame + first/last (mandatory endpoints may exceed 10% for n<20)
zone-rgb-outcome-20260925/dev/zone-dispatch-20260925__dev-fixture-8/r2-2,4235,2664,8192,4096,2,1,1,1571,4096,D5,
zone-rgb-outcome-20260925/dev/zone-dispatch-20260925__dev-fixture-8/r2-2/frames,1132914,466089,1171456,483328,20,12,8,666825,688128,D1,unknown SIM timing: every 10th numeric-sorted frame + first/last (mandatory endpoints may exceed 10% for n<20)
zone-rgb-outcome-20260925/dev/zone-dispatch-20260925__dev-fixture-8/r3-1,4237,2668,8192,4096,2,1,1,1569,4096,D5,
zone-rgb-outcome-20260925/dev/zone-dispatch-20260925__dev-fixture-8/r3-1/frames,1097404,451770,1142784,471040,20,12,8,645634,671744,D1,unknown SIM timing: every 10th numeric-sorted frame + first/last (mandatory endpoints may exceed 10% for n<20)
zone-rgb-outcome-20260925/dev/zone-dispatch-20260925__dev-fixture-8/r3-2,4236,4236,8192,8192,2,0,2,0,0,,
zone-rgb-outcome-20260925/dev/zone-dispatch-20260925__dev-fixture-8/r3-2/frames,1144876,739130,1196032,770048,20,8,12,405746,425984,D1,unknown SIM timing: every 10th numeric-sorted frame + first/last (mandatory endpoints may exceed 10% for n<20)
zone-rgb-outcome-20260925/dev/zone-dispatch-20260925__dev-fixture-9,0,0,0,0,0,0,0,0,0,,
zone-rgb-outcome-20260925/dev/zone-dispatch-20260925__dev-fixture-9/r1-1,4221,4221,8192,8192,2,0,2,0,0,,
zone-rgb-outcome-20260925/dev/zone-dispatch-20260925__dev-fixture-9/r1-1/frames,1089090,452151,1114112,462848,20,12,8,636939,651264,D1,unknown SIM timing: every 10th numeric-sorted frame + first/last (mandatory endpoints may exceed 10% for n<20)
zone-rgb-outcome-20260925/dev/zone-dispatch-20260925__dev-fixture-9/r1-2,2172,2172,8192,8192,2,0,2,0,0,,
zone-rgb-outcome-20260925/dev/zone-dispatch-20260925__dev-fixture-9/r1-2/frames,473023,473023,487424,487424,8,0,8,0,0,,unknown SIM timing: every 10th numeric-sorted frame + first/last (mandatory endpoints may exceed 10% for n<20)
zone-rgb-outcome-20260925/dev/zone-dispatch-20260925__dev-fixture-9/r2-1,4218,4218,8192,8192,2,0,2,0,0,,
zone-rgb-outcome-20260925/dev/zone-dispatch-20260925__dev-fixture-9/r2-1/frames,1099197,452820,1142784,471040,20,12,8,646377,671744,D1,unknown SIM timing: every 10th numeric-sorted frame + first/last (mandatory endpoints may exceed 10% for n<20)
zone-rgb-outcome-20260925/dev/zone-dispatch-20260925__dev-fixture-9/r2-2,4235,4235,8192,8192,2,0,2,0,0,,
zone-rgb-outcome-20260925/dev/zone-dispatch-20260925__dev-fixture-9/r2-2/frames,1140255,470282,1175552,487424,20,12,8,669973,688128,D1,unknown SIM timing: every 10th numeric-sorted frame + first/last (mandatory endpoints may exceed 10% for n<20)
zone-rgb-outcome-20260925/dev/zone-dispatch-20260925__dev-fixture-9/r3-1,4237,4237,8192,8192,2,0,2,0,0,,
zone-rgb-outcome-20260925/dev/zone-dispatch-20260925__dev-fixture-9/r3-1/frames,1096380,451900,1142784,471040,20,12,8,644480,671744,D1,unknown SIM timing: every 10th numeric-sorted frame + first/last (mandatory endpoints may exceed 10% for n<20)
zone-rgb-outcome-20260925/dev/zone-dispatch-20260925__dev-fixture-9/r3-2,4231,4231,8192,8192,2,0,2,0,0,,
zone-rgb-outcome-20260925/dev/zone-dispatch-20260925__dev-fixture-9/r3-2/frames,1114032,710581,1171456,753664,20,6,14,403451,417792,D1,unknown SIM timing: every 10th numeric-sorted frame + first/last (mandatory endpoints may exceed 10% for n<20)
zone-rgb-outcome-20260925/dev/zone-dispatch-20260925__diag-plan-replay,0,0,0,0,0,0,0,0,0,,
zone-rgb-outcome-20260925/dev/zone-dispatch-20260925__diag-plan-replay/r1-1,4243,4243,8192,8192,2,0,2,0,0,,
zone-rgb-outcome-20260925/dev/zone-dispatch-20260925__diag-plan-replay/r1-1/frames,1095269,450984,1142784,471040,20,12,8,644285,671744,D1,unknown SIM timing: every 10th numeric-sorted frame + first/last (mandatory endpoints may exceed 10% for n<20)
zone-rgb-outcome-20260925/dev/zone-dispatch-20260925__diag-plan-replay/r1-2,2171,2171,8192,8192,2,0,2,0,0,,
zone-rgb-outcome-20260925/dev/zone-dispatch-20260925__diag-plan-replay/r1-2/frames,454914,454914,475136,475136,8,0,8,0,0,,unknown SIM timing: every 10th numeric-sorted frame + first/last (mandatory endpoints may exceed 10% for n<20)
zone-rgb-outcome-20260925/dev/zone-dispatch-20260925__diag-plan-replay/r2-1,4234,2665,8192,4096,2,1,1,1569,4096,D5,
zone-rgb-outcome-20260925/dev/zone-dispatch-20260925__diag-plan-replay/r2-1/frames,1105637,456902,1134592,471040,20,12,8,648735,663552,D1,unknown SIM timing: every 10th numeric-sorted frame + first/last (mandatory endpoints may exceed 10% for n<20)
zone-rgb-outcome-20260925/dev/zone-dispatch-20260925__diag-plan-replay/r2-2,4231,4231,8192,8192,2,0,2,0,0,,
zone-rgb-outcome-20260925/dev/zone-dispatch-20260925__diag-plan-replay/r2-2/frames,1113365,461248,1167360,479232,20,12,8,652117,688128,D1,unknown SIM timing: every 10th numeric-sorted frame + first/last (mandatory endpoints may exceed 10% for n<20)
zone-rgb-outcome-20260925/dev/zone-dispatch-20260925__diag-plan-replay/r3-1,4225,4225,8192,8192,2,0,2,0,0,,
zone-rgb-outcome-20260925/dev/zone-dispatch-20260925__diag-plan-replay/r3-1/frames,1131980,459827,1179648,479232,20,12,8,672153,700416,D1,unknown SIM timing: every 10th numeric-sorted frame + first/last (mandatory endpoints may exceed 10% for n<20)
zone-rgb-outcome-20260925/dev/zone-dispatch-20260925__diag-plan-replay/r3-2,4227,4227,8192,8192,2,0,2,0,0,,
zone-rgb-outcome-20260925/dev/zone-dispatch-20260925__diag-plan-replay/r3-2/frames,1103951,724801,1146880,753664,20,8,12,379150,393216,D1,unknown SIM timing: every 10th numeric-sorted frame + first/last (mandatory endpoints may exceed 10% for n<20)
zone-rgb-outcome-20260925/synth-dev,45518,45518,53248,53248,2,0,2,0,0,,
zone-rgb-outcome-20260925/synth-dev/zone-communication-20260925__gate-dynamic-nominal__r1-1,0,0,0,0,0,0,0,0,0,,
zone-rgb-outcome-20260925/synth-dev/zone-communication-20260925__gate-dynamic-nominal__r1-1/drop_mid_route_visible,1566,1566,8192,8192,2,0,2,0,0,,
zone-rgb-outcome-20260925/synth-dev/zone-communication-20260925__gate-dynamic-nominal__r1-1/drop_mid_route_visible/frames,523780,523780,548864,548864,9,0,9,0,0,,unknown SIM timing: every 10th numeric-sorted frame + first/last (mandatory endpoints may exceed 10% for n<20)
zone-rgb-outcome-20260925/synth-dev/zone-communication-20260925__gate-dynamic-nominal__r1-1/drop_under_robot,1562,1562,8192,8192,2,0,2,0,0,,
zone-rgb-outcome-20260925/synth-dev/zone-communication-20260925__gate-dynamic-nominal__r1-1/drop_under_robot/frames,524022,524022,548864,548864,9,0,9,0,0,,unknown SIM timing: every 10th numeric-sorted frame + first/last (mandatory endpoints may exceed 10% for n<20)
zone-rgb-outcome-20260925/synth-dev/zone-communication-20260925__gate-dynamic-nominal__r1-1/grasp_fail_robot_at_pregrasp,1585,1585,8192,8192,2,0,2,0,0,,
zone-rgb-outcome-20260925/synth-dev/zone-communication-20260925__gate-dynamic-nominal__r1-1/grasp_fail_robot_at_pregrasp/frames,519990,519990,544768,544768,9,0,9,0,0,,unknown SIM timing: every 10th numeric-sorted frame + first/last (mandatory endpoints may exceed 10% for n<20)
zone-rgb-outcome-20260925/synth-dev/zone-communication-20260925__gate-dynamic-nominal__r1-1/grasp_fail_robot_over_source,1599,1599,8192,8192,2,0,2,0,0,,
zone-rgb-outcome-20260925/synth-dev/zone-communication-20260925__gate-dynamic-nominal__r1-1/grasp_fail_robot_over_source/frames,519136,519136,544768,544768,9,0,9,0,0,,unknown SIM timing: every 10th numeric-sorted frame + first/last (mandatory endpoints may exceed 10% for n<20)
zone-rgb-outcome-20260925/synth-dev/zone-communication-20260925__gate-dynamic-nominal__r1-1/peer_same_kind_other_slot_source_occluded,1638,1638,8192,8192,2,0,2,0,0,,
zone-rgb-outcome-20260925/synth-dev/zone-communication-20260925__gate-dynamic-nominal__r1-1/peer_same_kind_other_slot_source_occluded/frames,518925,518925,544768,544768,9,0,9,0,0,,unknown SIM timing: every 10th numeric-sorted frame + first/last (mandatory endpoints may exceed 10% for n<20)
zone-rgb-outcome-20260925/synth-dev/zone-communication-20260925__gate-dynamic-nominal__r1-1/peer_same_kind_own_slot_source_occluded,1632,1632,8192,8192,2,0,2,0,0,,
zone-rgb-outcome-20260925/synth-dev/zone-communication-20260925__gate-dynamic-nominal__r1-1/peer_same_kind_own_slot_source_occluded/frames,519144,519144,544768,544768,9,0,9,0,0,,unknown SIM timing: every 10th numeric-sorted frame + first/last (mandatory endpoints may exceed 10% for n<20)
zone-rgb-outcome-20260925/synth-dev/zone-communication-20260925__gate-dynamic-nominal__r1-1/placed_arm_over_target,1565,1565,8192,8192,2,0,2,0,0,,
zone-rgb-outcome-20260925/synth-dev/zone-communication-20260925__gate-dynamic-nominal__r1-1/placed_arm_over_target/frames,511177,511177,532480,532480,9,0,9,0,0,,unknown SIM timing: every 10th numeric-sorted frame + first/last (mandatory endpoints may exceed 10% for n<20)
zone-rgb-outcome-20260925/synth-dev/zone-communication-20260925__gate-dynamic-nominal__r1-1/placed_robot_over_target,1569,1569,8192,8192,2,0,2,0,0,,
zone-rgb-outcome-20260925/synth-dev/zone-communication-20260925__gate-dynamic-nominal__r1-1/placed_robot_over_target/frames,510520,510520,532480,532480,9,0,9,0,0,,unknown SIM timing: every 10th numeric-sorted frame + first/last (mandatory endpoints may exceed 10% for n<20)
zone-rgb-outcome-20260925/synth-dev/zone-communication-20260925__gate-dynamic-nominal__r1-1/wrong_kind_in_target_source_occluded,1623,1623,8192,8192,2,0,2,0,0,,
zone-rgb-outcome-20260925/synth-dev/zone-communication-20260925__gate-dynamic-nominal__r1-1/wrong_kind_in_target_source_occluded/frames,519360,519360,544768,544768,9,0,9,0,0,,unknown SIM timing: every 10th numeric-sorted frame + first/last (mandatory endpoints may exceed 10% for n<20)
zone-rgb-outcome-20260925/synth-dev/zone-communication-20260925__gate-dynamic-nominal__r1-1/wrong_zone,1522,1522,8192,8192,2,0,2,0,0,,
zone-rgb-outcome-20260925/synth-dev/zone-communication-20260925__gate-dynamic-nominal__r1-1/wrong_zone/frames,532182,532182,552960,552960,9,0,9,0,0,,unknown SIM timing: every 10th numeric-sorted frame + first/last (mandatory endpoints may exceed 10% for n<20)
zone-rgb-outcome-20260925/synth-dev/zone-communication-20260925__gate-dynamic-nominal__r1-2,0,0,0,0,0,0,0,0,0,,
zone-rgb-outcome-20260925/synth-dev/zone-communication-20260925__gate-dynamic-nominal__r1-2/drop_mid_route_visible,1563,1563,8192,8192,2,0,2,0,0,,
zone-rgb-outcome-20260925/synth-dev/zone-communication-20260925__gate-dynamic-nominal__r1-2/drop_mid_route_visible/frames,520686,520686,536576,536576,9,0,9,0,0,,unknown SIM timing: every 10th numeric-sorted frame + first/last (mandatory endpoints may exceed 10% for n<20)
zone-rgb-outcome-20260925/synth-dev/zone-communication-20260925__gate-dynamic-nominal__r1-2/drop_under_robot,1559,1559,8192,8192,2,0,2,0,0,,
zone-rgb-outcome-20260925/synth-dev/zone-communication-20260925__gate-dynamic-nominal__r1-2/drop_under_robot/frames,517130,517130,532480,532480,9,0,9,0,0,,unknown SIM timing: every 10th numeric-sorted frame + first/last (mandatory endpoints may exceed 10% for n<20)
zone-rgb-outcome-20260925/synth-dev/zone-communication-20260925__gate-dynamic-nominal__r1-2/grasp_fail_robot_at_pregrasp,1587,1587,8192,8192,2,0,2,0,0,,
zone-rgb-outcome-20260925/synth-dev/zone-communication-20260925__gate-dynamic-nominal__r1-2/grasp_fail_robot_at_pregrasp/frames,517622,517622,536576,536576,9,0,9,0,0,,unknown SIM timing: every 10th numeric-sorted frame + first/last (mandatory endpoints may exceed 10% for n<20)
zone-rgb-outcome-20260925/synth-dev/zone-communication-20260925__gate-dynamic-nominal__r1-2/grasp_fail_robot_over_source,1601,1601,8192,8192,2,0,2,0,0,,
zone-rgb-outcome-20260925/synth-dev/zone-communication-20260925__gate-dynamic-nominal__r1-2/grasp_fail_robot_over_source/frames,516061,516061,532480,532480,9,0,9,0,0,,unknown SIM timing: every 10th numeric-sorted frame + first/last (mandatory endpoints may exceed 10% for n<20)
zone-rgb-outcome-20260925/synth-dev/zone-communication-20260925__gate-dynamic-nominal__r1-2/placed_arm_over_target,1571,1571,8192,8192,2,0,2,0,0,,
zone-rgb-outcome-20260925/synth-dev/zone-communication-20260925__gate-dynamic-nominal__r1-2/placed_arm_over_target/frames,511192,511192,532480,532480,9,0,9,0,0,,unknown SIM timing: every 10th numeric-sorted frame + first/last (mandatory endpoints may exceed 10% for n<20)
zone-rgb-outcome-20260925/synth-dev/zone-communication-20260925__gate-dynamic-nominal__r1-2/placed_robot_over_target,1577,1577,8192,8192,2,0,2,0,0,,
zone-rgb-outcome-20260925/synth-dev/zone-communication-20260925__gate-dynamic-nominal__r1-2/placed_robot_over_target/frames,510476,510476,532480,532480,9,0,9,0,0,,unknown SIM timing: every 10th numeric-sorted frame + first/last (mandatory endpoints may exceed 10% for n<20)
zone-rgb-outcome-20260925/synth-dev/zone-communication-20260925__gate-dynamic-nominal__r1-2/wrong_kind_in_target_source_occluded,1625,1625,8192,8192,2,0,2,0,0,,
zone-rgb-outcome-20260925/synth-dev/zone-communication-20260925__gate-dynamic-nominal__r1-2/wrong_kind_in_target_source_occluded/frames,516142,516142,532480,532480,9,0,9,0,0,,unknown SIM timing: every 10th numeric-sorted frame + first/last (mandatory endpoints may exceed 10% for n<20)
zone-rgb-outcome-20260925/synth-dev/zone-communication-20260925__gate-dynamic-nominal__r1-2/wrong_zone,1525,1525,8192,8192,2,0,2,0,0,,
zone-rgb-outcome-20260925/synth-dev/zone-communication-20260925__gate-dynamic-nominal__r1-2/wrong_zone/frames,509544,509544,532480,532480,9,0,9,0,0,,unknown SIM timing: every 10th numeric-sorted frame + first/last (mandatory endpoints may exceed 10% for n<20)
zone-rgb-outcome-20260925/synth-dev/zone-dispatch-20260925__dev-fixture-7__r1-1,0,0,0,0,0,0,0,0,0,,
zone-rgb-outcome-20260925/synth-dev/zone-dispatch-20260925__dev-fixture-7__r1-1/drop_mid_route_visible,1312,814,8192,4096,2,1,1,498,4096,D5,
zone-rgb-outcome-20260925/synth-dev/zone-dispatch-20260925__dev-fixture-7__r1-1/drop_mid_route_visible/frames,296692,296692,307200,307200,5,0,5,0,0,,unknown SIM timing: every 10th numeric-sorted frame + first/last (mandatory endpoints may exceed 10% for n<20)
zone-rgb-outcome-20260925/synth-dev/zone-dispatch-20260925__dev-fixture-7__r1-1/drop_under_robot,1308,808,8192,4096,2,1,1,500,4096,D5,
zone-rgb-outcome-20260925/synth-dev/zone-dispatch-20260925__dev-fixture-7__r1-1/drop_under_robot/frames,294559,294559,307200,307200,5,0,5,0,0,,unknown SIM timing: every 10th numeric-sorted frame + first/last (mandatory endpoints may exceed 10% for n<20)
zone-rgb-outcome-20260925/synth-dev/zone-dispatch-20260925__dev-fixture-7__r1-1/grasp_fail_robot_at_pregrasp,1336,820,8192,4096,2,1,1,516,4096,D5,
zone-rgb-outcome-20260925/synth-dev/zone-dispatch-20260925__dev-fixture-7__r1-1/grasp_fail_robot_at_pregrasp/frames,310076,310076,323584,323584,5,0,5,0,0,,unknown SIM timing: every 10th numeric-sorted frame + first/last (mandatory endpoints may exceed 10% for n<20)
zone-rgb-outcome-20260925/synth-dev/zone-dispatch-20260925__dev-fixture-7__r1-1/grasp_fail_robot_over_source,1350,820,8192,4096,2,1,1,530,4096,D5,
zone-rgb-outcome-20260925/synth-dev/zone-dispatch-20260925__dev-fixture-7__r1-1/grasp_fail_robot_over_source/frames,311624,311624,323584,323584,5,0,5,0,0,,unknown SIM timing: every 10th numeric-sorted frame + first/last (mandatory endpoints may exceed 10% for n<20)
zone-rgb-outcome-20260925/synth-dev/zone-dispatch-20260925__dev-fixture-7__r1-1/peer_same_kind_other_slot_source_occluded,1389,833,8192,4096,2,1,1,556,4096,D5,
zone-rgb-outcome-20260925/synth-dev/zone-dispatch-20260925__dev-fixture-7__r1-1/peer_same_kind_other_slot_source_occluded/frames,311160,311160,323584,323584,5,0,5,0,0,,unknown SIM timing: every 10th numeric-sorted frame + first/last (mandatory endpoints may exceed 10% for n<20)
zone-rgb-outcome-20260925/synth-dev/zone-dispatch-20260925__dev-fixture-7__r1-1/peer_same_kind_own_slot_source_occluded,1383,831,8192,4096,2,1,1,552,4096,D5,
zone-rgb-outcome-20260925/synth-dev/zone-dispatch-20260925__dev-fixture-7__r1-1/peer_same_kind_own_slot_source_occluded/frames,311425,311425,323584,323584,5,0,5,0,0,,unknown SIM timing: every 10th numeric-sorted frame + first/last (mandatory endpoints may exceed 10% for n<20)
zone-rgb-outcome-20260925/synth-dev/zone-dispatch-20260925__dev-fixture-7__r1-1/placed_arm_over_target,1319,814,8192,4096,2,1,1,505,4096,D5,
zone-rgb-outcome-20260925/synth-dev/zone-dispatch-20260925__dev-fixture-7__r1-1/placed_arm_over_target/frames,290545,290545,299008,299008,5,0,5,0,0,,unknown SIM timing: every 10th numeric-sorted frame + first/last (mandatory endpoints may exceed 10% for n<20)
zone-rgb-outcome-20260925/synth-dev/zone-dispatch-20260925__dev-fixture-7__r1-1/placed_robot_over_target,1324,816,8192,4096,2,1,1,508,4096,D5,
zone-rgb-outcome-20260925/synth-dev/zone-dispatch-20260925__dev-fixture-7__r1-1/placed_robot_over_target/frames,287443,287443,299008,299008,5,0,5,0,0,,unknown SIM timing: every 10th numeric-sorted frame + first/last (mandatory endpoints may exceed 10% for n<20)
zone-rgb-outcome-20260925/synth-dev/zone-dispatch-20260925__dev-fixture-7__r1-1/wrong_kind_in_target_source_occluded,1374,828,8192,4096,2,1,1,546,4096,D5,
zone-rgb-outcome-20260925/synth-dev/zone-dispatch-20260925__dev-fixture-7__r1-1/wrong_kind_in_target_source_occluded/frames,311438,311438,323584,323584,5,0,5,0,0,,unknown SIM timing: every 10th numeric-sorted frame + first/last (mandatory endpoints may exceed 10% for n<20)
zone-rgb-outcome-20260925/synth-dev/zone-dispatch-20260925__dev-fixture-7__r1-1/wrong_zone,1275,1275,8192,8192,2,0,2,0,0,,
zone-rgb-outcome-20260925/synth-dev/zone-dispatch-20260925__dev-fixture-7__r1-1/wrong_zone/frames,294413,294413,303104,303104,5,0,5,0,0,,unknown SIM timing: every 10th numeric-sorted frame + first/last (mandatory endpoints may exceed 10% for n<20)
zone-rgb-outcome-20260925/synth-dev/zone-dispatch-20260925__dev-fixture-7__r1-2,0,0,0,0,0,0,0,0,0,,
zone-rgb-outcome-20260925/synth-dev/zone-dispatch-20260925__dev-fixture-7__r1-2/drop_mid_route_visible,1321,1321,8192,8192,2,0,2,0,0,,
zone-rgb-outcome-20260925/synth-dev/zone-dispatch-20260925__dev-fixture-7__r1-2/drop_mid_route_visible/frames,300169,300169,307200,307200,5,0,5,0,0,,unknown SIM timing: every 10th numeric-sorted frame + first/last (mandatory endpoints may exceed 10% for n<20)
zone-rgb-outcome-20260925/synth-dev/zone-dispatch-20260925__dev-fixture-7__r1-2/drop_under_robot,1315,1315,8192,8192,2,0,2,0,0,,
zone-rgb-outcome-20260925/synth-dev/zone-dispatch-20260925__dev-fixture-7__r1-2/drop_under_robot/frames,299547,299547,303104,303104,5,0,5,0,0,,unknown SIM timing: every 10th numeric-sorted frame + first/last (mandatory endpoints may exceed 10% for n<20)
zone-rgb-outcome-20260925/synth-dev/zone-dispatch-20260925__dev-fixture-7__r1-2/grasp_fail_robot_at_pregrasp,1345,1345,8192,8192,2,0,2,0,0,,
zone-rgb-outcome-20260925/synth-dev/zone-dispatch-20260925__dev-fixture-7__r1-2/grasp_fail_robot_at_pregrasp/frames,296814,296814,303104,303104,5,0,5,0,0,,unknown SIM timing: every 10th numeric-sorted frame + first/last (mandatory endpoints may exceed 10% for n<20)
zone-rgb-outcome-20260925/synth-dev/zone-dispatch-20260925__dev-fixture-7__r1-2/grasp_fail_robot_over_source,1359,1359,8192,8192,2,0,2,0,0,,
zone-rgb-outcome-20260925/synth-dev/zone-dispatch-20260925__dev-fixture-7__r1-2/grasp_fail_robot_over_source/frames,296104,296104,303104,303104,5,0,5,0,0,,unknown SIM timing: every 10th numeric-sorted frame + first/last (mandatory endpoints may exceed 10% for n<20)
zone-rgb-outcome-20260925/synth-dev/zone-dispatch-20260925__dev-fixture-7__r1-2/placed_arm_over_target,1326,1326,8192,8192,2,0,2,0,0,,
zone-rgb-outcome-20260925/synth-dev/zone-dispatch-20260925__dev-fixture-7__r1-2/placed_arm_over_target/frames,296653,296653,307200,307200,5,0,5,0,0,,unknown SIM timing: every 10th numeric-sorted frame + first/last (mandatory endpoints may exceed 10% for n<20)
zone-rgb-outcome-20260925/synth-dev/zone-dispatch-20260925__dev-fixture-7__r1-2/placed_robot_over_target,1332,1332,8192,8192,2,0,2,0,0,,
zone-rgb-outcome-20260925/synth-dev/zone-dispatch-20260925__dev-fixture-7__r1-2/placed_robot_over_target/frames,293205,293205,303104,303104,5,0,5,0,0,,unknown SIM timing: every 10th numeric-sorted frame + first/last (mandatory endpoints may exceed 10% for n<20)
zone-rgb-outcome-20260925/synth-dev/zone-dispatch-20260925__dev-fixture-7__r1-2/wrong_kind_in_target_source_occluded,1383,1383,8192,8192,2,0,2,0,0,,
zone-rgb-outcome-20260925/synth-dev/zone-dispatch-20260925__dev-fixture-7__r1-2/wrong_kind_in_target_source_occluded/frames,295811,295811,303104,303104,5,0,5,0,0,,unknown SIM timing: every 10th numeric-sorted frame + first/last (mandatory endpoints may exceed 10% for n<20)
zone-rgb-outcome-20260925/synth-dev/zone-dispatch-20260925__dev-fixture-7__r1-2/wrong_zone,1283,1283,8192,8192,2,0,2,0,0,,
zone-rgb-outcome-20260925/synth-dev/zone-dispatch-20260925__dev-fixture-7__r1-2/wrong_zone/frames,293581,293581,303104,303104,5,0,5,0,0,,unknown SIM timing: every 10th numeric-sorted frame + first/last (mandatory endpoints may exceed 10% for n<20)
zone-rgb-outcome-20260925/synth-test,47229,47229,53248,53248,2,0,2,0,0,,
zone-rgb-outcome-20260925/synth-test/zone-communication-20260925__ZC2-s13-dynamic-nominal__r1-1,0,0,0,0,0,0,0,0,0,,
zone-rgb-outcome-20260925/synth-test/zone-communication-20260925__ZC2-s13-dynamic-nominal__r1-1/drop_mid_route_visible,1560,1560,8192,8192,2,0,2,0,0,,
zone-rgb-outcome-20260925/synth-test/zone-communication-20260925__ZC2-s13-dynamic-nominal__r1-1/drop_mid_route_visible/frames,515623,515623,540672,540672,9,0,9,0,0,,unknown SIM timing: every 10th numeric-sorted frame + first/last (mandatory endpoints may exceed 10% for n<20)
zone-rgb-outcome-20260925/synth-test/zone-communication-20260925__ZC2-s13-dynamic-nominal__r1-1/drop_under_robot,1556,1556,8192,8192,2,0,2,0,0,,
zone-rgb-outcome-20260925/synth-test/zone-communication-20260925__ZC2-s13-dynamic-nominal__r1-1/drop_under_robot/frames,513575,513575,536576,536576,9,0,9,0,0,,unknown SIM timing: every 10th numeric-sorted frame + first/last (mandatory endpoints may exceed 10% for n<20)
zone-rgb-outcome-20260925/synth-test/zone-communication-20260925__ZC2-s13-dynamic-nominal__r1-1/grasp_fail_robot_at_pregrasp,1584,1584,8192,8192,2,0,2,0,0,,
zone-rgb-outcome-20260925/synth-test/zone-communication-20260925__ZC2-s13-dynamic-nominal__r1-1/grasp_fail_robot_at_pregrasp/frames,519958,519958,540672,540672,9,0,9,0,0,,unknown SIM timing: every 10th numeric-sorted frame + first/last (mandatory endpoints may exceed 10% for n<20)
zone-rgb-outcome-20260925/synth-test/zone-communication-20260925__ZC2-s13-dynamic-nominal__r1-1/grasp_fail_robot_over_source,1597,1597,8192,8192,2,0,2,0,0,,
zone-rgb-outcome-20260925/synth-test/zone-communication-20260925__ZC2-s13-dynamic-nominal__r1-1/grasp_fail_robot_over_source/frames,517969,517969,540672,540672,9,0,9,0,0,,unknown SIM timing: every 10th numeric-sorted frame + first/last (mandatory endpoints may exceed 10% for n<20)
zone-rgb-outcome-20260925/synth-test/zone-communication-20260925__ZC2-s13-dynamic-nominal__r1-1/peer_same_kind_other_slot_source_occluded,1636,1636,8192,8192,2,0,2,0,0,,
zone-rgb-outcome-20260925/synth-test/zone-communication-20260925__ZC2-s13-dynamic-nominal__r1-1/peer_same_kind_other_slot_source_occluded/frames,517950,517950,540672,540672,9,0,9,0,0,,unknown SIM timing: every 10th numeric-sorted frame + first/last (mandatory endpoints may exceed 10% for n<20)
zone-rgb-outcome-20260925/synth-test/zone-communication-20260925__ZC2-s13-dynamic-nominal__r1-1/peer_same_kind_own_slot_source_occluded,1630,1630,8192,8192,2,0,2,0,0,,
zone-rgb-outcome-20260925/synth-test/zone-communication-20260925__ZC2-s13-dynamic-nominal__r1-1/peer_same_kind_own_slot_source_occluded/frames,517930,517930,540672,540672,9,0,9,0,0,,unknown SIM timing: every 10th numeric-sorted frame + first/last (mandatory endpoints may exceed 10% for n<20)
zone-rgb-outcome-20260925/synth-test/zone-communication-20260925__ZC2-s13-dynamic-nominal__r1-1/placed_arm_over_target,1566,1566,8192,8192,2,0,2,0,0,,
zone-rgb-outcome-20260925/synth-test/zone-communication-20260925__ZC2-s13-dynamic-nominal__r1-1/placed_arm_over_target/frames,511943,511943,536576,536576,9,0,9,0,0,,unknown SIM timing: every 10th numeric-sorted frame + first/last (mandatory endpoints may exceed 10% for n<20)
zone-rgb-outcome-20260925/synth-test/zone-communication-20260925__ZC2-s13-dynamic-nominal__r1-1/placed_robot_over_target,1570,1570,8192,8192,2,0,2,0,0,,
zone-rgb-outcome-20260925/synth-test/zone-communication-20260925__ZC2-s13-dynamic-nominal__r1-1/placed_robot_over_target/frames,511293,511293,536576,536576,9,0,9,0,0,,unknown SIM timing: every 10th numeric-sorted frame + first/last (mandatory endpoints may exceed 10% for n<20)
zone-rgb-outcome-20260925/synth-test/zone-communication-20260925__ZC2-s13-dynamic-nominal__r1-1/wrong_kind_in_target_source_occluded,1621,1621,8192,8192,2,0,2,0,0,,
zone-rgb-outcome-20260925/synth-test/zone-communication-20260925__ZC2-s13-dynamic-nominal__r1-1/wrong_kind_in_target_source_occluded/frames,517006,517006,536576,536576,9,0,9,0,0,,unknown SIM timing: every 10th numeric-sorted frame + first/last (mandatory endpoints may exceed 10% for n<20)
zone-rgb-outcome-20260925/synth-test/zone-communication-20260925__ZC2-s13-dynamic-nominal__r1-1/wrong_zone,1523,1523,8192,8192,2,0,2,0,0,,
zone-rgb-outcome-20260925/synth-test/zone-communication-20260925__ZC2-s13-dynamic-nominal__r1-1/wrong_zone/frames,513034,513034,536576,536576,9,0,9,0,0,,unknown SIM timing: every 10th numeric-sorted frame + first/last (mandatory endpoints may exceed 10% for n<20)
zone-rgb-outcome-20260925/synth-test/zone-communication-20260925__ZC2-s13-dynamic-nominal__r1-2,0,0,0,0,0,0,0,0,0,,
zone-rgb-outcome-20260925/synth-test/zone-communication-20260925__ZC2-s13-dynamic-nominal__r1-2/drop_mid_route_visible,1564,1564,8192,8192,2,0,2,0,0,,
zone-rgb-outcome-20260925/synth-test/zone-communication-20260925__ZC2-s13-dynamic-nominal__r1-2/drop_mid_route_visible/frames,514688,514688,540672,540672,9,0,9,0,0,,unknown SIM timing: every 10th numeric-sorted frame + first/last (mandatory endpoints may exceed 10% for n<20)
zone-rgb-outcome-20260925/synth-test/zone-communication-20260925__ZC2-s13-dynamic-nominal__r1-2/drop_under_robot,1560,1560,8192,8192,2,0,2,0,0,,
zone-rgb-outcome-20260925/synth-test/zone-communication-20260925__ZC2-s13-dynamic-nominal__r1-2/drop_under_robot/frames,512474,512474,536576,536576,9,0,9,0,0,,unknown SIM timing: every 10th numeric-sorted frame + first/last (mandatory endpoints may exceed 10% for n<20)
zone-rgb-outcome-20260925/synth-test/zone-communication-20260925__ZC2-s13-dynamic-nominal__r1-2/grasp_fail_robot_at_pregrasp,1590,1590,8192,8192,2,0,2,0,0,,
zone-rgb-outcome-20260925/synth-test/zone-communication-20260925__ZC2-s13-dynamic-nominal__r1-2/grasp_fail_robot_at_pregrasp/frames,529275,529275,552960,552960,9,0,9,0,0,,unknown SIM timing: every 10th numeric-sorted frame + first/last (mandatory endpoints may exceed 10% for n<20)
zone-rgb-outcome-20260925/synth-test/zone-communication-20260925__ZC2-s13-dynamic-nominal__r1-2/grasp_fail_robot_over_source,1604,1604,8192,8192,2,0,2,0,0,,
zone-rgb-outcome-20260925/synth-test/zone-communication-20260925__ZC2-s13-dynamic-nominal__r1-2/grasp_fail_robot_over_source/frames,528984,528984,552960,552960,9,0,9,0,0,,unknown SIM timing: every 10th numeric-sorted frame + first/last (mandatory endpoints may exceed 10% for n<20)
zone-rgb-outcome-20260925/synth-test/zone-communication-20260925__ZC2-s13-dynamic-nominal__r1-2/peer_same_kind_other_slot_source_occluded,1643,1643,8192,8192,2,0,2,0,0,,
zone-rgb-outcome-20260925/synth-test/zone-communication-20260925__ZC2-s13-dynamic-nominal__r1-2/peer_same_kind_other_slot_source_occluded/frames,528724,528724,552960,552960,9,0,9,0,0,,unknown SIM timing: every 10th numeric-sorted frame + first/last (mandatory endpoints may exceed 10% for n<20)
zone-rgb-outcome-20260925/synth-test/zone-communication-20260925__ZC2-s13-dynamic-nominal__r1-2/peer_same_kind_own_slot_source_occluded,1637,1637,8192,8192,2,0,2,0,0,,
zone-rgb-outcome-20260925/synth-test/zone-communication-20260925__ZC2-s13-dynamic-nominal__r1-2/peer_same_kind_own_slot_source_occluded/frames,529015,529015,552960,552960,9,0,9,0,0,,unknown SIM timing: every 10th numeric-sorted frame + first/last (mandatory endpoints may exceed 10% for n<20)
zone-rgb-outcome-20260925/synth-test/zone-communication-20260925__ZC2-s13-dynamic-nominal__r1-2/placed_arm_over_target,1569,1569,8192,8192,2,0,2,0,0,,
zone-rgb-outcome-20260925/synth-test/zone-communication-20260925__ZC2-s13-dynamic-nominal__r1-2/placed_arm_over_target/frames,508965,508965,532480,532480,9,0,9,0,0,,unknown SIM timing: every 10th numeric-sorted frame + first/last (mandatory endpoints may exceed 10% for n<20)
zone-rgb-outcome-20260925/synth-test/zone-communication-20260925__ZC2-s13-dynamic-nominal__r1-2/placed_robot_over_target,1573,1573,8192,8192,2,0,2,0,0,,
zone-rgb-outcome-20260925/synth-test/zone-communication-20260925__ZC2-s13-dynamic-nominal__r1-2/placed_robot_over_target/frames,508372,508372,532480,532480,9,0,9,0,0,,unknown SIM timing: every 10th numeric-sorted frame + first/last (mandatory endpoints may exceed 10% for n<20)
zone-rgb-outcome-20260925/synth-test/zone-communication-20260925__ZC2-s13-dynamic-nominal__r1-2/wrong_kind_in_target_source_occluded,1628,1628,8192,8192,2,0,2,0,0,,
zone-rgb-outcome-20260925/synth-test/zone-communication-20260925__ZC2-s13-dynamic-nominal__r1-2/wrong_kind_in_target_source_occluded/frames,528743,528743,552960,552960,9,0,9,0,0,,unknown SIM timing: every 10th numeric-sorted frame + first/last (mandatory endpoints may exceed 10% for n<20)
zone-rgb-outcome-20260925/synth-test/zone-communication-20260925__ZC2-s13-dynamic-nominal__r1-2/wrong_zone,1526,1526,8192,8192,2,0,2,0,0,,
zone-rgb-outcome-20260925/synth-test/zone-communication-20260925__ZC2-s13-dynamic-nominal__r1-2/wrong_zone/frames,511538,511538,532480,532480,9,0,9,0,0,,unknown SIM timing: every 10th numeric-sorted frame + first/last (mandatory endpoints may exceed 10% for n<20)
zone-rgb-outcome-20260925/synth-test/zone-dispatch-20260925__Z3-G8-dyn__r1-1,0,0,0,0,0,0,0,0,0,,
zone-rgb-outcome-20260925/synth-test/zone-dispatch-20260925__Z3-G8-dyn__r1-1/drop_mid_route_visible,1313,1313,8192,8192,2,0,2,0,0,,
zone-rgb-outcome-20260925/synth-test/zone-dispatch-20260925__Z3-G8-dyn__r1-1/drop_mid_route_visible/frames,304345,304345,315392,315392,5,0,5,0,0,,unknown SIM timing: every 10th numeric-sorted frame + first/last (mandatory endpoints may exceed 10% for n<20)
zone-rgb-outcome-20260925/synth-test/zone-dispatch-20260925__Z3-G8-dyn__r1-1/drop_under_robot,1308,1308,8192,8192,2,0,2,0,0,,
zone-rgb-outcome-20260925/synth-test/zone-dispatch-20260925__Z3-G8-dyn__r1-1/drop_under_robot/frames,309754,309754,319488,319488,5,0,5,0,0,,unknown SIM timing: every 10th numeric-sorted frame + first/last (mandatory endpoints may exceed 10% for n<20)
zone-rgb-outcome-20260925/synth-test/zone-dispatch-20260925__Z3-G8-dyn__r1-1/grasp_fail_robot_at_pregrasp,1337,1337,8192,8192,2,0,2,0,0,,
zone-rgb-outcome-20260925/synth-test/zone-dispatch-20260925__Z3-G8-dyn__r1-1/grasp_fail_robot_at_pregrasp/frames,296516,296516,307200,307200,5,0,5,0,0,,unknown SIM timing: every 10th numeric-sorted frame + first/last (mandatory endpoints may exceed 10% for n<20)
zone-rgb-outcome-20260925/synth-test/zone-dispatch-20260925__Z3-G8-dyn__r1-1/grasp_fail_robot_over_source,1351,1351,8192,8192,2,0,2,0,0,,
zone-rgb-outcome-20260925/synth-test/zone-dispatch-20260925__Z3-G8-dyn__r1-1/grasp_fail_robot_over_source/frames,295276,295276,307200,307200,5,0,5,0,0,,unknown SIM timing: every 10th numeric-sorted frame + first/last (mandatory endpoints may exceed 10% for n<20)
zone-rgb-outcome-20260925/synth-test/zone-dispatch-20260925__Z3-G8-dyn__r1-1/placed_arm_over_target,1318,1318,8192,8192,2,0,2,0,0,,
zone-rgb-outcome-20260925/synth-test/zone-dispatch-20260925__Z3-G8-dyn__r1-1/placed_arm_over_target/frames,296675,296675,307200,307200,5,0,5,0,0,,unknown SIM timing: every 10th numeric-sorted frame + first/last (mandatory endpoints may exceed 10% for n<20)
zone-rgb-outcome-20260925/synth-test/zone-dispatch-20260925__Z3-G8-dyn__r1-1/placed_robot_over_target,1324,1324,8192,8192,2,0,2,0,0,,
zone-rgb-outcome-20260925/synth-test/zone-dispatch-20260925__Z3-G8-dyn__r1-1/placed_robot_over_target/frames,294338,294338,307200,307200,5,0,5,0,0,,unknown SIM timing: every 10th numeric-sorted frame + first/last (mandatory endpoints may exceed 10% for n<20)
zone-rgb-outcome-20260925/synth-test/zone-dispatch-20260925__Z3-G8-dyn__r1-1/wrong_kind_in_target_source_occluded,1375,1375,8192,8192,2,0,2,0,0,,
zone-rgb-outcome-20260925/synth-test/zone-dispatch-20260925__Z3-G8-dyn__r1-1/wrong_kind_in_target_source_occluded/frames,295286,295286,307200,307200,5,0,5,0,0,,unknown SIM timing: every 10th numeric-sorted frame + first/last (mandatory endpoints may exceed 10% for n<20)
zone-rgb-outcome-20260925/synth-test/zone-dispatch-20260925__Z3-G8-dyn__r1-1/wrong_zone,1275,1275,8192,8192,2,0,2,0,0,,
zone-rgb-outcome-20260925/synth-test/zone-dispatch-20260925__Z3-G8-dyn__r1-1/wrong_zone/frames,295375,295375,307200,307200,5,0,5,0,0,,unknown SIM timing: every 10th numeric-sorted frame + first/last (mandatory endpoints may exceed 10% for n<20)
zone-rgb-outcome-20260925/synth-test/zone-dispatch-20260925__Z3-G8-dyn__r1-2,0,0,0,0,0,0,0,0,0,,
zone-rgb-outcome-20260925/synth-test/zone-dispatch-20260925__Z3-G8-dyn__r1-2/drop_mid_route_visible,1310,1310,8192,8192,2,0,2,0,0,,
zone-rgb-outcome-20260925/synth-test/zone-dispatch-20260925__Z3-G8-dyn__r1-2/drop_mid_route_visible/frames,300936,300936,307200,307200,5,0,5,0,0,,unknown SIM timing: every 10th numeric-sorted frame + first/last (mandatory endpoints may exceed 10% for n<20)
zone-rgb-outcome-20260925/synth-test/zone-dispatch-20260925__Z3-G8-dyn__r1-2/drop_under_robot,1306,1306,8192,8192,2,0,2,0,0,,
zone-rgb-outcome-20260925/synth-test/zone-dispatch-20260925__Z3-G8-dyn__r1-2/drop_under_robot/frames,298743,298743,307200,307200,5,0,5,0,0,,unknown SIM timing: every 10th numeric-sorted frame + first/last (mandatory endpoints may exceed 10% for n<20)
zone-rgb-outcome-20260925/synth-test/zone-dispatch-20260925__Z3-G8-dyn__r1-2/grasp_fail_robot_at_pregrasp,1334,1334,8192,8192,2,0,2,0,0,,
zone-rgb-outcome-20260925/synth-test/zone-dispatch-20260925__Z3-G8-dyn__r1-2/grasp_fail_robot_at_pregrasp/frames,323700,323700,331776,331776,5,0,5,0,0,,unknown SIM timing: every 10th numeric-sorted frame + first/last (mandatory endpoints may exceed 10% for n<20)
zone-rgb-outcome-20260925/synth-test/zone-dispatch-20260925__Z3-G8-dyn__r1-2/grasp_fail_robot_over_source,1348,1348,8192,8192,2,0,2,0,0,,
zone-rgb-outcome-20260925/synth-test/zone-dispatch-20260925__Z3-G8-dyn__r1-2/grasp_fail_robot_over_source/frames,330208,330208,339968,339968,5,0,5,0,0,,unknown SIM timing: every 10th numeric-sorted frame + first/last (mandatory endpoints may exceed 10% for n<20)
zone-rgb-outcome-20260925/synth-test/zone-dispatch-20260925__Z3-G8-dyn__r1-2/peer_same_kind_other_slot_source_occluded,1387,1387,8192,8192,2,0,2,0,0,,
zone-rgb-outcome-20260925/synth-test/zone-dispatch-20260925__Z3-G8-dyn__r1-2/peer_same_kind_other_slot_source_occluded/frames,330086,330086,339968,339968,5,0,5,0,0,,unknown SIM timing: every 10th numeric-sorted frame + first/last (mandatory endpoints may exceed 10% for n<20)
zone-rgb-outcome-20260925/synth-test/zone-dispatch-20260925__Z3-G8-dyn__r1-2/peer_same_kind_own_slot_source_occluded,1381,1381,8192,8192,2,0,2,0,0,,
zone-rgb-outcome-20260925/synth-test/zone-dispatch-20260925__Z3-G8-dyn__r1-2/peer_same_kind_own_slot_source_occluded/frames,330018,330018,339968,339968,5,0,5,0,0,,unknown SIM timing: every 10th numeric-sorted frame + first/last (mandatory endpoints may exceed 10% for n<20)
zone-rgb-outcome-20260925/synth-test/zone-dispatch-20260925__Z3-G8-dyn__r1-2/placed_arm_over_target,1317,1317,8192,8192,2,0,2,0,0,,
zone-rgb-outcome-20260925/synth-test/zone-dispatch-20260925__Z3-G8-dyn__r1-2/placed_arm_over_target/frames,294686,294686,303104,303104,5,0,5,0,0,,unknown SIM timing: every 10th numeric-sorted frame + first/last (mandatory endpoints may exceed 10% for n<20)
zone-rgb-outcome-20260925/synth-test/zone-dispatch-20260925__Z3-G8-dyn__r1-2/placed_robot_over_target,1322,1322,8192,8192,2,0,2,0,0,,
zone-rgb-outcome-20260925/synth-test/zone-dispatch-20260925__Z3-G8-dyn__r1-2/placed_robot_over_target/frames,291780,291780,303104,303104,5,0,5,0,0,,unknown SIM timing: every 10th numeric-sorted frame + first/last (mandatory endpoints may exceed 10% for n<20)
zone-rgb-outcome-20260925/synth-test/zone-dispatch-20260925__Z3-G8-dyn__r1-2/wrong_kind_in_target_source_occluded,1372,1372,8192,8192,2,0,2,0,0,,
zone-rgb-outcome-20260925/synth-test/zone-dispatch-20260925__Z3-G8-dyn__r1-2/wrong_kind_in_target_source_occluded/frames,330017,330017,339968,339968,5,0,5,0,0,,unknown SIM timing: every 10th numeric-sorted frame + first/last (mandatory endpoints may exceed 10% for n<20)
zone-rgb-outcome-20260925/synth-test/zone-dispatch-20260925__Z3-G8-dyn__r1-2/wrong_zone,1273,1273,8192,8192,2,0,2,0,0,,
zone-rgb-outcome-20260925/synth-test/zone-dispatch-20260925__Z3-G8-dyn__r1-2/wrong_zone/frames,298771,298771,307200,307200,5,0,5,0,0,,unknown SIM timing: every 10th numeric-sorted frame + first/last (mandatory endpoints may exceed 10% for n<20)
zone-rgb-outcome-20260925/test,409088,409088,413696,413696,2,0,2,0,0,,
zone-rgb-outcome-20260925/test/zone-communication-20260925__ZC2-s12-dynamic-graspfail,0,0,0,0,0,0,0,0,0,,
zone-rgb-outcome-20260925/test/zone-communication-20260925__ZC2-s12-dynamic-graspfail/r1-1,5251,3352,8192,4096,2,1,1,1899,4096,D5,
zone-rgb-outcome-20260925/test/zone-communication-20260925__ZC2-s12-dynamic-graspfail/r1-1/frames,1845956,1237142,1933312,1294336,34,13,21,608814,638976,D1,unknown SIM timing: every 10th numeric-sorted frame + first/last (mandatory endpoints may exceed 10% for n<20)
zone-rgb-outcome-20260925/test/zone-communication-20260925__ZC2-s12-dynamic-graspfail/r1-2,5234,5234,8192,8192,2,0,2,0,0,,
zone-rgb-outcome-20260925/test/zone-communication-20260925__ZC2-s12-dynamic-graspfail/r1-2/frames,1857136,1373231,1949696,1445888,34,9,25,483905,503808,D1,unknown SIM timing: every 10th numeric-sorted frame + first/last (mandatory endpoints may exceed 10% for n<20)
zone-rgb-outcome-20260925/test/zone-communication-20260925__ZC2-s12-dynamic-graspfail/r2-1,5254,3355,8192,4096,2,1,1,1899,4096,D5,
zone-rgb-outcome-20260925/test/zone-communication-20260925__ZC2-s12-dynamic-graspfail/r2-1/frames,1846490,1273046,1925120,1327104,34,12,22,573444,598016,D1,unknown SIM timing: every 10th numeric-sorted frame + first/last (mandatory endpoints may exceed 10% for n<20)
zone-rgb-outcome-20260925/test/zone-communication-20260925__ZC2-s12-dynamic-graspfail/r2-2,5243,3361,8192,4096,2,1,1,1882,4096,D5,
zone-rgb-outcome-20260925/test/zone-communication-20260925__ZC2-s12-dynamic-graspfail/r2-2/frames,1855661,1332378,1925120,1384448,34,8,26,523283,540672,D1,unknown SIM timing: every 10th numeric-sorted frame + first/last (mandatory endpoints may exceed 10% for n<20)
zone-rgb-outcome-20260925/test/zone-communication-20260925__ZC2-s12-dynamic-graspfail/r3-1,5260,5260,8192,8192,2,0,2,0,0,,
zone-rgb-outcome-20260925/test/zone-communication-20260925__ZC2-s12-dynamic-graspfail/r3-1/frames,1874093,1306563,1941504,1351680,34,11,23,567530,589824,D1,unknown SIM timing: every 10th numeric-sorted frame + first/last (mandatory endpoints may exceed 10% for n<20)
zone-rgb-outcome-20260925/test/zone-communication-20260925__ZC2-s12-dynamic-graspfail/r3-2,5256,5256,8192,8192,2,0,2,0,0,,
zone-rgb-outcome-20260925/test/zone-communication-20260925__ZC2-s12-dynamic-graspfail/r3-2/frames,1876446,1070056,1970176,1118208,34,16,18,806390,851968,D1,unknown SIM timing: every 10th numeric-sorted frame + first/last (mandatory endpoints may exceed 10% for n<20)
zone-rgb-outcome-20260925/test/zone-communication-20260925__ZC2-s12-dynamic-graspfail/r3-3,2588,2588,8192,8192,2,0,2,0,0,,
zone-rgb-outcome-20260925/test/zone-communication-20260925__ZC2-s12-dynamic-graspfail/r3-3/frames,789358,789358,835584,835584,14,0,14,0,0,,unknown SIM timing: every 10th numeric-sorted frame + first/last (mandatory endpoints may exceed 10% for n<20)
zone-rgb-outcome-20260925/test/zone-communication-20260925__ZC2-s12-dynamic-nominal,0,0,0,0,0,0,0,0,0,,
zone-rgb-outcome-20260925/test/zone-communication-20260925__ZC2-s12-dynamic-nominal/r1-1,5247,5247,8192,8192,2,0,2,0,0,,
zone-rgb-outcome-20260925/test/zone-communication-20260925__ZC2-s12-dynamic-nominal/r1-1/frames,1852697,958320,1925120,995328,34,17,17,894377,929792,D1,unknown SIM timing: every 10th numeric-sorted frame + first/last (mandatory endpoints may exceed 10% for n<20)
zone-rgb-outcome-20260925/test/zone-communication-20260925__ZC2-s12-dynamic-nominal/r1-2,2580,2580,8192,8192,2,0,2,0,0,,
zone-rgb-outcome-20260925/test/zone-communication-20260925__ZC2-s12-dynamic-nominal/r1-2/frames,782701,782701,823296,823296,14,0,14,0,0,,unknown SIM timing: every 10th numeric-sorted frame + first/last (mandatory endpoints may exceed 10% for n<20)
zone-rgb-outcome-20260925/test/zone-communication-20260925__ZC2-s12-dynamic-nominal/r2-1,5250,5250,8192,8192,2,0,2,0,0,,
zone-rgb-outcome-20260925/test/zone-communication-20260925__ZC2-s12-dynamic-nominal/r2-1/frames,1845472,1410601,1933312,1470464,34,10,24,434871,462848,D1,unknown SIM timing: every 10th numeric-sorted frame + first/last (mandatory endpoints may exceed 10% for n<20)
zone-rgb-outcome-20260925/test/zone-communication-20260925__ZC2-s12-dynamic-nominal/r2-2,5239,5239,8192,8192,2,0,2,0,0,,
zone-rgb-outcome-20260925/test/zone-communication-20260925__ZC2-s12-dynamic-nominal/r2-2/frames,1874184,1556933,1953792,1630208,34,5,29,317251,323584,D1,unknown SIM timing: every 10th numeric-sorted frame + first/last (mandatory endpoints may exceed 10% for n<20)
zone-rgb-outcome-20260925/test/zone-communication-20260925__ZC2-s12-dynamic-nominal/r3-1,5247,5247,8192,8192,2,0,2,0,0,,
zone-rgb-outcome-20260925/test/zone-communication-20260925__ZC2-s12-dynamic-nominal/r3-1/frames,1878073,1305013,1970176,1363968,34,12,22,573060,606208,D1,unknown SIM timing: every 10th numeric-sorted frame + first/last (mandatory endpoints may exceed 10% for n<20)
zone-rgb-outcome-20260925/test/zone-communication-20260925__ZC2-s12-dynamic-nominal/r3-2,5266,5266,8192,8192,2,0,2,0,0,,
zone-rgb-outcome-20260925/test/zone-communication-20260925__ZC2-s12-dynamic-nominal/r3-2/frames,1889578,1442727,1978368,1519616,34,7,27,446851,458752,D1,unknown SIM timing: every 10th numeric-sorted frame + first/last (mandatory endpoints may exceed 10% for n<20)
zone-rgb-outcome-20260925/test/zone-communication-20260925__ZC2-s12-independent-graspfail,0,0,0,0,0,0,0,0,0,,
zone-rgb-outcome-20260925/test/zone-communication-20260925__ZC2-s12-independent-graspfail/r1-1,5262,3363,8192,4096,2,1,1,1899,4096,D5,
zone-rgb-outcome-20260925/test/zone-communication-20260925__ZC2-s12-independent-graspfail/r1-1/frames,1851183,1330957,1904640,1380352,34,8,26,520226,524288,D1,unknown SIM timing: every 10th numeric-sorted frame + first/last (mandatory endpoints may exceed 10% for n<20)
zone-rgb-outcome-20260925/test/zone-communication-20260925__ZC2-s12-independent-graspfail/r1-2,5285,3382,8192,4096,2,1,1,1903,4096,D5,
zone-rgb-outcome-20260925/test/zone-communication-20260925__ZC2-s12-independent-graspfail/r1-2/frames,1845135,1324636,1892352,1368064,34,8,26,520499,524288,D1,unknown SIM timing: every 10th numeric-sorted frame + first/last (mandatory endpoints may exceed 10% for n<20)
zone-rgb-outcome-20260925/test/zone-communication-20260925__ZC2-s12-independent-graspfail/r1-3,5256,5256,8192,8192,2,0,2,0,0,,
zone-rgb-outcome-20260925/test/zone-communication-20260925__ZC2-s12-independent-graspfail/r1-3/frames,1844212,1326631,1896448,1372160,34,8,26,517581,524288,D1,unknown SIM timing: every 10th numeric-sorted frame + first/last (mandatory endpoints may exceed 10% for n<20)
zone-rgb-outcome-20260925/test/zone-communication-20260925__ZC2-s12-independent-graspfail/r2-1,5284,5284,8192,8192,2,0,2,0,0,,
zone-rgb-outcome-20260925/test/zone-communication-20260925__ZC2-s12-independent-graspfail/r2-1/frames,1948101,1371155,2015232,1413120,34,8,26,576946,602112,D1,unknown SIM timing: every 10th numeric-sorted frame + first/last (mandatory endpoints may exceed 10% for n<20)
zone-rgb-outcome-20260925/test/zone-communication-20260925__ZC2-s12-independent-graspfail/r2-2,5293,3364,8192,4096,2,1,1,1929,4096,D5,
zone-rgb-outcome-20260925/test/zone-communication-20260925__ZC2-s12-independent-graspfail/r2-2/frames,2009977,1429592,2064384,1470464,34,8,26,580385,593920,D1,unknown SIM timing: every 10th numeric-sorted frame + first/last (mandatory endpoints may exceed 10% for n<20)
zone-rgb-outcome-20260925/test/zone-communication-20260925__ZC2-s12-independent-graspfail/r2-3,5255,5255,8192,8192,2,0,2,0,0,,
zone-rgb-outcome-20260925/test/zone-communication-20260925__ZC2-s12-independent-graspfail/r2-3/frames,1859553,1340231,1904640,1380352,34,8,26,519322,524288,D1,unknown SIM timing: every 10th numeric-sorted frame + first/last (mandatory endpoints may exceed 10% for n<20)
zone-rgb-outcome-20260925/test/zone-communication-20260925__ZC2-s12-independent-graspfail/r2-4,5278,5278,8192,8192,2,0,2,0,0,,
zone-rgb-outcome-20260925/test/zone-communication-20260925__ZC2-s12-independent-graspfail/r2-4/frames,1848460,1329310,1892352,1368064,34,8,26,519150,524288,D1,unknown SIM timing: every 10th numeric-sorted frame + first/last (mandatory endpoints may exceed 10% for n<20)
zone-rgb-outcome-20260925/test/zone-communication-20260925__ZC2-s12-independent-graspfail/r2-5,5287,5287,8192,8192,2,0,2,0,0,,
zone-rgb-outcome-20260925/test/zone-communication-20260925__ZC2-s12-independent-graspfail/r2-5/frames,1850904,1243424,1912832,1294336,34,10,24,607480,618496,D1,unknown SIM timing: every 10th numeric-sorted frame + first/last (mandatory endpoints may exceed 10% for n<20)
zone-rgb-outcome-20260925/test/zone-communication-20260925__ZC2-s12-independent-graspfail/r2-6,5255,5255,8192,8192,2,0,2,0,0,,
zone-rgb-outcome-20260925/test/zone-communication-20260925__ZC2-s12-independent-graspfail/r2-6/frames,1843004,1603849,1900544,1654784,34,4,30,239155,245760,D1,unknown SIM timing: every 10th numeric-sorted frame + first/last (mandatory endpoints may exceed 10% for n<20)
zone-rgb-outcome-20260925/test/zone-communication-20260925__ZC2-s12-independent-graspfail/r3-1,5259,3362,8192,4096,2,1,1,1897,4096,D5,
zone-rgb-outcome-20260925/test/zone-communication-20260925__ZC2-s12-independent-graspfail/r3-1/frames,1894875,949763,1961984,983040,34,17,17,945112,978944,D1,unknown SIM timing: every 10th numeric-sorted frame + first/last (mandatory endpoints may exceed 10% for n<20)
zone-rgb-outcome-20260925/test/zone-communication-20260925__ZC2-s12-independent-graspfail/r3-2,5284,5284,8192,8192,2,0,2,0,0,,
zone-rgb-outcome-20260925/test/zone-communication-20260925__ZC2-s12-independent-graspfail/r3-2/frames,1894653,1415075,1994752,1486848,34,8,26,479578,507904,D1,unknown SIM timing: every 10th numeric-sorted frame + first/last (mandatory endpoints may exceed 10% for n<20)
zone-rgb-outcome-20260925/test/zone-communication-20260925__ZC2-s12-independent-graspfail/r3-3,5279,5279,8192,8192,2,0,2,0,0,,
zone-rgb-outcome-20260925/test/zone-communication-20260925__ZC2-s12-independent-graspfail/r3-3/frames,1895261,1415615,2002944,1495040,34,8,26,479646,507904,D1,unknown SIM timing: every 10th numeric-sorted frame + first/last (mandatory endpoints may exceed 10% for n<20)
zone-rgb-outcome-20260925/test/zone-communication-20260925__ZC2-s12-independent-graspfail/r3-4,5279,5279,8192,8192,2,0,2,0,0,,
zone-rgb-outcome-20260925/test/zone-communication-20260925__ZC2-s12-independent-graspfail/r3-4/frames,1910852,1140659,1994752,1196032,34,12,22,770193,798720,D1,unknown SIM timing: every 10th numeric-sorted frame + first/last (mandatory endpoints may exceed 10% for n<20)
zone-rgb-outcome-20260925/test/zone-communication-20260925__ZC2-s12-independent-graspfail/r3-5,4594,4594,8192,8192,2,0,2,0,0,,
zone-rgb-outcome-20260925/test/zone-communication-20260925__ZC2-s12-independent-graspfail/r3-5/frames,1574921,1499186,1626112,1540096,29,3,26,75735,86016,D1,unknown SIM timing: every 10th numeric-sorted frame + first/last (mandatory endpoints may exceed 10% for n<20)
zone-rgb-outcome-20260925/test/zone-communication-20260925__ZC2-s12-independent-nominal,0,0,0,0,0,0,0,0,0,,
zone-rgb-outcome-20260925/test/zone-communication-20260925__ZC2-s12-independent-nominal/r1-1,5258,5258,8192,8192,2,0,2,0,0,,
zone-rgb-outcome-20260925/test/zone-communication-20260925__ZC2-s12-independent-nominal/r1-1/frames,1850303,1330783,1904640,1380352,34,8,26,519520,524288,D1,unknown SIM timing: every 10th numeric-sorted frame + first/last (mandatory endpoints may exceed 10% for n<20)
zone-rgb-outcome-20260925/test/zone-communication-20260925__ZC2-s12-independent-nominal/r1-2,5281,5281,8192,8192,2,0,2,0,0,,
zone-rgb-outcome-20260925/test/zone-communication-20260925__ZC2-s12-independent-nominal/r1-2/frames,1844166,1324283,1892352,1368064,34,8,26,519883,524288,D1,unknown SIM timing: every 10th numeric-sorted frame + first/last (mandatory endpoints may exceed 10% for n<20)
zone-rgb-outcome-20260925/test/zone-communication-20260925__ZC2-s12-independent-nominal/r1-3,5274,5274,8192,8192,2,0,2,0,0,,
zone-rgb-outcome-20260925/test/zone-communication-20260925__ZC2-s12-independent-nominal/r1-3/frames,1846211,1325825,1892352,1368064,34,8,26,520386,524288,D1,unknown SIM timing: every 10th numeric-sorted frame + first/last (mandatory endpoints may exceed 10% for n<20)
zone-rgb-outcome-20260925/test/zone-communication-20260925__ZC2-s12-independent-nominal/r1-4,5275,5275,8192,8192,2,0,2,0,0,,
zone-rgb-outcome-20260925/test/zone-communication-20260925__ZC2-s12-independent-nominal/r1-4/frames,1845857,1382030,1892352,1425408,34,7,27,463827,466944,D1,unknown SIM timing: every 10th numeric-sorted frame + first/last (mandatory endpoints may exceed 10% for n<20)
zone-rgb-outcome-20260925/test/zone-communication-20260925__ZC2-s12-independent-nominal/r1-5,5283,5283,8192,8192,2,0,2,0,0,,
zone-rgb-outcome-20260925/test/zone-communication-20260925__ZC2-s12-independent-nominal/r1-5/frames,1850393,1240649,1921024,1294336,34,10,24,609744,626688,D1,unknown SIM timing: every 10th numeric-sorted frame + first/last (mandatory endpoints may exceed 10% for n<20)
zone-rgb-outcome-20260925/test/zone-communication-20260925__ZC2-s12-independent-nominal/r1-6,5251,5251,8192,8192,2,0,2,0,0,,
zone-rgb-outcome-20260925/test/zone-communication-20260925__ZC2-s12-independent-nominal/r1-6/frames,1843360,1605024,1900544,1654784,34,4,30,238336,245760,D1,unknown SIM timing: every 10th numeric-sorted frame + first/last (mandatory endpoints may exceed 10% for n<20)
zone-rgb-outcome-20260925/test/zone-communication-20260925__ZC2-s12-independent-nominal/r2-1,5281,5281,8192,8192,2,0,2,0,0,,
zone-rgb-outcome-20260925/test/zone-communication-20260925__ZC2-s12-independent-nominal/r2-1/frames,1948101,1371155,2015232,1413120,34,8,26,576946,602112,D1,unknown SIM timing: every 10th numeric-sorted frame + first/last (mandatory endpoints may exceed 10% for n<20)
zone-rgb-outcome-20260925/test/zone-communication-20260925__ZC2-s12-independent-nominal/r2-2,5289,5289,8192,8192,2,0,2,0,0,,
zone-rgb-outcome-20260925/test/zone-communication-20260925__ZC2-s12-independent-nominal/r2-2/frames,2009977,1429592,2064384,1470464,34,8,26,580385,593920,D1,unknown SIM timing: every 10th numeric-sorted frame + first/last (mandatory endpoints may exceed 10% for n<20)
zone-rgb-outcome-20260925/test/zone-communication-20260925__ZC2-s12-independent-nominal/r2-3,5257,5257,8192,8192,2,0,2,0,0,,
zone-rgb-outcome-20260925/test/zone-communication-20260925__ZC2-s12-independent-nominal/r2-3/frames,1856285,1231568,1900544,1265664,34,12,22,624717,634880,D1,unknown SIM timing: every 10th numeric-sorted frame + first/last (mandatory endpoints may exceed 10% for n<20)
zone-rgb-outcome-20260925/test/zone-communication-20260925__ZC2-s12-independent-nominal/r2-4,5264,5264,8192,8192,2,0,2,0,0,,
zone-rgb-outcome-20260925/test/zone-communication-20260925__ZC2-s12-independent-nominal/r2-4/frames,1841104,1602549,1892352,1646592,34,4,30,238555,245760,D1,unknown SIM timing: every 10th numeric-sorted frame + first/last (mandatory endpoints may exceed 10% for n<20)
zone-rgb-outcome-20260925/test/zone-communication-20260925__ZC2-s12-independent-nominal/r3-1,5255,3358,8192,4096,2,1,1,1897,4096,D5,
zone-rgb-outcome-20260925/test/zone-communication-20260925__ZC2-s12-independent-nominal/r3-1/frames,1872490,1454597,1949696,1511424,34,9,25,417893,438272,D1,unknown SIM timing: every 10th numeric-sorted frame + first/last (mandatory endpoints may exceed 10% for n<20)
zone-rgb-outcome-20260925/test/zone-communication-20260925__ZC2-s12-independent-nominal/r3-2,5274,5274,8192,8192,2,0,2,0,0,,
zone-rgb-outcome-20260925/test/zone-communication-20260925__ZC2-s12-independent-nominal/r3-2/frames,1893394,1357950,1994752,1429504,34,9,25,535444,565248,D1,unknown SIM timing: every 10th numeric-sorted frame + first/last (mandatory endpoints may exceed 10% for n<20)
zone-rgb-outcome-20260925/test/zone-communication-20260925__ZC2-s12-independent-nominal/r3-3,5275,5275,8192,8192,2,0,2,0,0,,
zone-rgb-outcome-20260925/test/zone-communication-20260925__ZC2-s12-independent-nominal/r3-3/frames,1897185,1417154,2002944,1495040,34,8,26,480031,507904,D1,unknown SIM timing: every 10th numeric-sorted frame + first/last (mandatory endpoints may exceed 10% for n<20)
zone-rgb-outcome-20260925/test/zone-communication-20260925__ZC2-s12-independent-nominal/r3-4,5275,5275,8192,8192,2,0,2,0,0,,
zone-rgb-outcome-20260925/test/zone-communication-20260925__ZC2-s12-independent-nominal/r3-4/frames,1932857,1147470,2002944,1200128,34,12,22,785387,802816,D1,unknown SIM timing: every 10th numeric-sorted frame + first/last (mandatory endpoints may exceed 10% for n<20)
zone-rgb-outcome-20260925/test/zone-communication-20260925__ZC2-s12-independent-nominal/r3-5,4575,4575,8192,8192,2,0,2,0,0,,
zone-rgb-outcome-20260925/test/zone-communication-20260925__ZC2-s12-independent-nominal/r3-5/frames,1578002,1502098,1630208,1544192,29,3,26,75904,86016,D1,unknown SIM timing: every 10th numeric-sorted frame + first/last (mandatory endpoints may exceed 10% for n<20)
zone-rgb-outcome-20260925/test/zone-communication-20260925__ZC2-s12-plan_first-graspfail,0,0,0,0,0,0,0,0,0,,
zone-rgb-outcome-20260925/test/zone-communication-20260925__ZC2-s12-plan_first-graspfail/r1-1,5257,3358,8192,4096,2,1,1,1899,4096,D5,
zone-rgb-outcome-20260925/test/zone-communication-20260925__ZC2-s12-plan_first-graspfail/r1-1/frames,1859992,783686,1945600,815104,34,20,14,1076306,1130496,D1,unknown SIM timing: every 10th numeric-sorted frame + first/last (mandatory endpoints may exceed 10% for n<20)
zone-rgb-outcome-20260925/test/zone-communication-20260925__ZC2-s12-plan_first-graspfail/r1-2,2590,2590,8192,8192,2,0,2,0,0,,
zone-rgb-outcome-20260925/test/zone-communication-20260925__ZC2-s12-plan_first-graspfail/r1-2/frames,786179,786179,827392,827392,14,0,14,0,0,,unknown SIM timing: every 10th numeric-sorted frame + first/last (mandatory endpoints may exceed 10% for n<20)
zone-rgb-outcome-20260925/test/zone-communication-20260925__ZC2-s12-plan_first-graspfail/r2-1,5295,5295,8192,8192,2,0,2,0,0,,
zone-rgb-outcome-20260925/test/zone-communication-20260925__ZC2-s12-plan_first-graspfail/r2-1/frames,1921396,1219968,1994752,1261568,34,12,22,701428,733184,D1,unknown SIM timing: every 10th numeric-sorted frame + first/last (mandatory endpoints may exceed 10% for n<20)
zone-rgb-outcome-20260925/test/zone-communication-20260925__ZC2-s12-plan_first-graspfail/r2-2,5253,5253,8192,8192,2,0,2,0,0,,
zone-rgb-outcome-20260925/test/zone-communication-20260925__ZC2-s12-plan_first-graspfail/r2-2/frames,1857234,784339,1925120,811008,34,20,14,1072895,1114112,D1,unknown SIM timing: every 10th numeric-sorted frame + first/last (mandatory endpoints may exceed 10% for n<20)
zone-rgb-outcome-20260925/test/zone-communication-20260925__ZC2-s12-plan_first-graspfail/r3-1,5257,5257,8192,8192,2,0,2,0,0,,
zone-rgb-outcome-20260925/test/zone-communication-20260925__ZC2-s12-plan_first-graspfail/r3-1/frames,1881436,787508,1974272,827392,34,20,14,1093928,1146880,D1,unknown SIM timing: every 10th numeric-sorted frame + first/last (mandatory endpoints may exceed 10% for n<20)
zone-rgb-outcome-20260925/test/zone-communication-20260925__ZC2-s12-plan_first-graspfail/r3-2,5282,5282,8192,8192,2,0,2,0,0,,
zone-rgb-outcome-20260925/test/zone-communication-20260925__ZC2-s12-plan_first-graspfail/r3-2/frames,1889179,790873,1998848,835584,34,20,14,1098306,1163264,D1,unknown SIM timing: every 10th numeric-sorted frame + first/last (mandatory endpoints may exceed 10% for n<20)
zone-rgb-outcome-20260925/test/zone-communication-20260925__ZC2-s12-plan_first-nominal,0,0,0,0,0,0,0,0,0,,
zone-rgb-outcome-20260925/test/zone-communication-20260925__ZC2-s12-plan_first-nominal/r1-1,5253,3354,8192,4096,2,1,1,1899,4096,D5,
zone-rgb-outcome-20260925/test/zone-communication-20260925__ZC2-s12-plan_first-nominal/r1-1/frames,1859035,786632,1933312,819200,34,20,14,1072403,1114112,D1,unknown SIM timing: every 10th numeric-sorted frame + first/last (mandatory endpoints may exceed 10% for n<20)
zone-rgb-outcome-20260925/test/zone-communication-20260925__ZC2-s12-plan_first-nominal/r1-2,2593,2593,8192,8192,2,0,2,0,0,,
zone-rgb-outcome-20260925/test/zone-communication-20260925__ZC2-s12-plan_first-nominal/r1-2/frames,785337,785337,815104,815104,14,0,14,0,0,,unknown SIM timing: every 10th numeric-sorted frame + first/last (mandatory endpoints may exceed 10% for n<20)
zone-rgb-outcome-20260925/test/zone-communication-20260925__ZC2-s12-plan_first-nominal/r2-1,5245,5245,8192,8192,2,0,2,0,0,,
zone-rgb-outcome-20260925/test/zone-communication-20260925__ZC2-s12-plan_first-nominal/r2-1/frames,1886065,800845,1961984,831488,34,20,14,1085220,1130496,D1,unknown SIM timing: every 10th numeric-sorted frame + first/last (mandatory endpoints may exceed 10% for n<20)
zone-rgb-outcome-20260925/test/zone-communication-20260925__ZC2-s12-plan_first-nominal/r2-2,5263,5263,8192,8192,2,0,2,0,0,,
zone-rgb-outcome-20260925/test/zone-communication-20260925__ZC2-s12-plan_first-nominal/r2-2/frames,1868711,1297809,1945600,1355776,34,12,22,570902,589824,D1,unknown SIM timing: every 10th numeric-sorted frame + first/last (mandatory endpoints may exceed 10% for n<20)
zone-rgb-outcome-20260925/test/zone-communication-20260925__ZC2-s12-plan_first-nominal/r3-1,5253,5253,8192,8192,2,0,2,0,0,,
zone-rgb-outcome-20260925/test/zone-communication-20260925__ZC2-s12-plan_first-nominal/r3-1/frames,1879716,787096,1961984,823296,34,20,14,1092620,1138688,D1,unknown SIM timing: every 10th numeric-sorted frame + first/last (mandatory endpoints may exceed 10% for n<20)
zone-rgb-outcome-20260925/test/zone-communication-20260925__ZC2-s12-plan_first-nominal/r3-2,5278,5278,8192,8192,2,0,2,0,0,,
zone-rgb-outcome-20260925/test/zone-communication-20260925__ZC2-s12-plan_first-nominal/r3-2/frames,1892941,1132714,1990656,1187840,34,15,19,760227,802816,D1,unknown SIM timing: every 10th numeric-sorted frame + first/last (mandatory endpoints may exceed 10% for n<20)
zone-rgb-outcome-20260925/test/zone-communication-20260925__ZC2-s13-dynamic-graspfail,0,0,0,0,0,0,0,0,0,,
zone-rgb-outcome-20260925/test/zone-communication-20260925__ZC2-s13-dynamic-graspfail/r1-1,5241,3350,8192,4096,2,1,1,1891,4096,D5,
zone-rgb-outcome-20260925/test/zone-communication-20260925__ZC2-s13-dynamic-graspfail/r1-1/frames,1856493,780962,1941504,819200,34,20,14,1075531,1122304,D1,unknown SIM timing: every 10th numeric-sorted frame + first/last (mandatory endpoints may exceed 10% for n<20)
zone-rgb-outcome-20260925/test/zone-communication-20260925__ZC2-s13-dynamic-graspfail/r1-2,5252,5252,8192,8192,2,0,2,0,0,,
zone-rgb-outcome-20260925/test/zone-communication-20260925__ZC2-s13-dynamic-graspfail/r1-2/frames,1868875,1387181,1949696,1441792,34,8,26,481694,507904,D1,unknown SIM timing: every 10th numeric-sorted frame + first/last (mandatory endpoints may exceed 10% for n<20)
zone-rgb-outcome-20260925/test/zone-communication-20260925__ZC2-s13-dynamic-graspfail/r2-1,4987,4987,8192,8192,2,0,2,0,0,,
zone-rgb-outcome-20260925/test/zone-communication-20260925__ZC2-s13-dynamic-graspfail/r2-1/frames,1752413,1110989,1843200,1167360,31,12,19,641424,675840,D1,unknown SIM timing: every 10th numeric-sorted frame + first/last (mandatory endpoints may exceed 10% for n<20)
zone-rgb-outcome-20260925/test/zone-communication-20260925__ZC2-s13-dynamic-graspfail/r2-2,5255,5255,8192,8192,2,0,2,0,0,,
zone-rgb-outcome-20260925/test/zone-communication-20260925__ZC2-s13-dynamic-graspfail/r2-2/frames,1875541,918537,1937408,950272,34,18,16,957004,987136,D1,unknown SIM timing: every 10th numeric-sorted frame + first/last (mandatory endpoints may exceed 10% for n<20)
zone-rgb-outcome-20260925/test/zone-communication-20260925__ZC2-s13-dynamic-graspfail/r2-3,2589,2589,8192,8192,2,0,2,0,0,,
zone-rgb-outcome-20260925/test/zone-communication-20260925__ZC2-s13-dynamic-graspfail/r2-3/frames,788772,788772,819200,819200,14,0,14,0,0,,unknown SIM timing: every 10th numeric-sorted frame + first/last (mandatory endpoints may exceed 10% for n<20)
zone-rgb-outcome-20260925/test/zone-communication-20260925__ZC2-s13-dynamic-graspfail/r3-1,5252,5252,8192,8192,2,0,2,0,0,,
zone-rgb-outcome-20260925/test/zone-communication-20260925__ZC2-s13-dynamic-graspfail/r3-1/frames,1872137,1126521,1974272,1187840,34,15,19,745616,786432,D1,unknown SIM timing: every 10th numeric-sorted frame + first/last (mandatory endpoints may exceed 10% for n<20)
zone-rgb-outcome-20260925/test/zone-communication-20260925__ZC2-s13-dynamic-graspfail/r3-2,5270,5270,8192,8192,2,0,2,0,0,,
zone-rgb-outcome-20260925/test/zone-communication-20260925__ZC2-s13-dynamic-graspfail/r3-2/frames,1887842,1422744,1974272,1482752,34,8,26,465098,491520,D1,unknown SIM timing: every 10th numeric-sorted frame + first/last (mandatory endpoints may exceed 10% for n<20)
zone-rgb-outcome-20260925/test/zone-communication-20260925__ZC2-s13-dynamic-nominal,0,0,0,0,0,0,0,0,0,,
zone-rgb-outcome-20260925/test/zone-communication-20260925__ZC2-s13-dynamic-nominal/r1-1,5237,5237,8192,8192,2,0,2,0,0,,
zone-rgb-outcome-20260925/test/zone-communication-20260925__ZC2-s13-dynamic-nominal/r1-1/frames,1858877,843911,1949696,884736,34,19,15,1014966,1064960,D1,unknown SIM timing: every 10th numeric-sorted frame + first/last (mandatory endpoints may exceed 10% for n<20)
zone-rgb-outcome-20260925/test/zone-communication-20260925__ZC2-s13-dynamic-nominal/r1-2,2580,2580,8192,8192,2,0,2,0,0,,
zone-rgb-outcome-20260925/test/zone-communication-20260925__ZC2-s13-dynamic-nominal/r1-2/frames,781990,781990,819200,819200,14,0,14,0,0,,unknown SIM timing: every 10th numeric-sorted frame + first/last (mandatory endpoints may exceed 10% for n<20)
zone-rgb-outcome-20260925/test/zone-communication-20260925__ZC2-s13-dynamic-nominal/r2-1,5248,5248,8192,8192,2,0,2,0,0,,
zone-rgb-outcome-20260925/test/zone-communication-20260925__ZC2-s13-dynamic-nominal/r2-1/frames,1873254,1303429,1957888,1363968,34,12,22,569825,593920,D1,unknown SIM timing: every 10th numeric-sorted frame + first/last (mandatory endpoints may exceed 10% for n<20)
zone-rgb-outcome-20260925/test/zone-communication-20260925__ZC2-s13-dynamic-nominal/r2-2,5272,5272,8192,8192,2,0,2,0,0,,
zone-rgb-outcome-20260925/test/zone-communication-20260925__ZC2-s13-dynamic-nominal/r2-2/frames,1883350,1420780,1970176,1478656,34,8,26,462570,491520,D1,unknown SIM timing: every 10th numeric-sorted frame + first/last (mandatory endpoints may exceed 10% for n<20)
zone-rgb-outcome-20260925/test/zone-communication-20260925__ZC2-s13-dynamic-nominal/r3-1,5249,5249,8192,8192,2,0,2,0,0,,
zone-rgb-outcome-20260925/test/zone-communication-20260925__ZC2-s13-dynamic-nominal/r3-1/frames,1860654,844152,1949696,884736,34,19,15,1016502,1064960,D1,unknown SIM timing: every 10th numeric-sorted frame + first/last (mandatory endpoints may exceed 10% for n<20)
zone-rgb-outcome-20260925/test/zone-communication-20260925__ZC2-s13-dynamic-nominal/r3-2,2585,2585,8192,8192,2,0,2,0,0,,
zone-rgb-outcome-20260925/test/zone-communication-20260925__ZC2-s13-dynamic-nominal/r3-2/frames,783801,783801,819200,819200,14,0,14,0,0,,unknown SIM timing: every 10th numeric-sorted frame + first/last (mandatory endpoints may exceed 10% for n<20)
zone-rgb-outcome-20260925/test/zone-communication-20260925__ZC2-s13-independent-graspfail,0,0,0,0,0,0,0,0,0,,
zone-rgb-outcome-20260925/test/zone-communication-20260925__ZC2-s13-independent-graspfail/r1-1,5249,3358,8192,4096,2,1,1,1891,4096,D5,
zone-rgb-outcome-20260925/test/zone-communication-20260925__ZC2-s13-independent-graspfail/r1-1/frames,1845376,1122749,1949696,1183744,34,15,19,722627,765952,D1,unknown SIM timing: every 10th numeric-sorted frame + first/last (mandatory endpoints may exceed 10% for n<20)
zone-rgb-outcome-20260925/test/zone-communication-20260925__ZC2-s13-independent-graspfail/r1-2,5260,5260,8192,8192,2,0,2,0,0,,
zone-rgb-outcome-20260925/test/zone-communication-20260925__ZC2-s13-independent-graspfail/r1-2/frames,1841367,1393997,1925120,1449984,34,8,26,447370,475136,D1,unknown SIM timing: every 10th numeric-sorted frame + first/last (mandatory endpoints may exceed 10% for n<20)
zone-rgb-outcome-20260925/test/zone-communication-20260925__ZC2-s13-independent-graspfail/r2-1,5275,5275,8192,8192,2,0,2,0,0,,
zone-rgb-outcome-20260925/test/zone-communication-20260925__ZC2-s13-independent-graspfail/r2-1/frames,1853890,1186804,1953792,1249280,34,14,20,667086,704512,D1,unknown SIM timing: every 10th numeric-sorted frame + first/last (mandatory endpoints may exceed 10% for n<20)
zone-rgb-outcome-20260925/test/zone-communication-20260925__ZC2-s13-independent-graspfail/r2-2,5261,5261,8192,8192,2,0,2,0,0,,
zone-rgb-outcome-20260925/test/zone-communication-20260925__ZC2-s13-independent-graspfail/r2-2/frames,1881509,995085,1949696,1032192,34,16,18,886424,917504,D1,unknown SIM timing: every 10th numeric-sorted frame + first/last (mandatory endpoints may exceed 10% for n<20)
zone-rgb-outcome-20260925/test/zone-communication-20260925__ZC2-s13-independent-graspfail/r2-3,4614,4614,8192,8192,2,0,2,0,0,,
zone-rgb-outcome-20260925/test/zone-communication-20260925__ZC2-s13-independent-graspfail/r2-3/frames,1612135,1465712,1683456,1523712,29,4,25,146423,159744,D1,unknown SIM timing: every 10th numeric-sorted frame + first/last (mandatory endpoints may exceed 10% for n<20)
zone-rgb-outcome-20260925/test/zone-communication-20260925__ZC2-s13-independent-graspfail/r3-1,5261,3362,8192,4096,2,1,1,1899,4096,D5,
zone-rgb-outcome-20260925/test/zone-communication-20260925__ZC2-s13-independent-graspfail/r3-1/frames,1845865,1121464,1953792,1183744,34,15,19,724401,770048,D1,unknown SIM timing: every 10th numeric-sorted frame + first/last (mandatory endpoints may exceed 10% for n<20)
zone-rgb-outcome-20260925/test/zone-communication-20260925__ZC2-s13-independent-graspfail/r3-2,5269,5269,8192,8192,2,0,2,0,0,,
zone-rgb-outcome-20260925/test/zone-communication-20260925__ZC2-s13-independent-graspfail/r3-2/frames,1857502,1400663,1921024,1449984,34,8,26,456839,471040,D1,unknown SIM timing: every 10th numeric-sorted frame + first/last (mandatory endpoints may exceed 10% for n<20)
zone-rgb-outcome-20260925/test/zone-communication-20260925__ZC2-s13-independent-nominal,0,0,0,0,0,0,0,0,0,,
zone-rgb-outcome-20260925/test/zone-communication-20260925__ZC2-s13-independent-nominal/r1-1,5257,5257,8192,8192,2,0,2,0,0,,
zone-rgb-outcome-20260925/test/zone-communication-20260925__ZC2-s13-independent-nominal/r1-1/frames,1888716,795544,1949696,823296,34,20,14,1093172,1126400,D1,unknown SIM timing: every 10th numeric-sorted frame + first/last (mandatory endpoints may exceed 10% for n<20)
zone-rgb-outcome-20260925/test/zone-communication-20260925__ZC2-s13-independent-nominal/r1-2,5259,5259,8192,8192,2,0,2,0,0,,
zone-rgb-outcome-20260925/test/zone-communication-20260925__ZC2-s13-independent-nominal/r1-2/frames,1857059,1345011,1929216,1400832,34,8,26,512048,528384,D1,unknown SIM timing: every 10th numeric-sorted frame + first/last (mandatory endpoints may exceed 10% for n<20)
zone-rgb-outcome-20260925/test/zone-communication-20260925__ZC2-s13-independent-nominal/r1-3,5257,5257,8192,8192,2,0,2,0,0,,
zone-rgb-outcome-20260925/test/zone-communication-20260925__ZC2-s13-independent-nominal/r1-3/frames,1831193,1730285,1896448,1781760,34,4,30,100908,114688,D1,unknown SIM timing: every 10th numeric-sorted frame + first/last (mandatory endpoints may exceed 10% for n<20)
zone-rgb-outcome-20260925/test/zone-communication-20260925__ZC2-s13-independent-nominal/r2-1,5256,3358,8192,4096,2,1,1,1898,4096,D5,
zone-rgb-outcome-20260925/test/zone-communication-20260925__ZC2-s13-independent-nominal/r2-1/frames,1880402,998967,1953792,1036288,34,16,18,881435,917504,D1,unknown SIM timing: every 10th numeric-sorted frame + first/last (mandatory endpoints may exceed 10% for n<20)
zone-rgb-outcome-20260925/test/zone-communication-20260925__ZC2-s13-independent-nominal/r2-2,5256,5256,8192,8192,2,0,2,0,0,,
zone-rgb-outcome-20260925/test/zone-communication-20260925__ZC2-s13-independent-nominal/r2-2/frames,1843145,1010277,1916928,1048576,34,16,18,832868,868352,D1,unknown SIM timing: every 10th numeric-sorted frame + first/last (mandatory endpoints may exceed 10% for n<20)
zone-rgb-outcome-20260925/test/zone-communication-20260925__ZC2-s13-independent-nominal/r2-3,5281,5281,8192,8192,2,0,2,0,0,,
zone-rgb-outcome-20260925/test/zone-communication-20260925__ZC2-s13-independent-nominal/r2-3/frames,1846088,1437355,1921024,1490944,34,7,27,408733,430080,D1,unknown SIM timing: every 10th numeric-sorted frame + first/last (mandatory endpoints may exceed 10% for n<20)
zone-rgb-outcome-20260925/test/zone-communication-20260925__ZC2-s13-independent-nominal/r3-1,5268,5268,8192,8192,2,0,2,0,0,,
zone-rgb-outcome-20260925/test/zone-communication-20260925__ZC2-s13-independent-nominal/r3-1/frames,1883981,1312906,1957888,1363968,34,8,26,571075,593920,D1,unknown SIM timing: every 10th numeric-sorted frame + first/last (mandatory endpoints may exceed 10% for n<20)
zone-rgb-outcome-20260925/test/zone-communication-20260925__ZC2-s13-independent-nominal/r3-2,5276,5276,8192,8192,2,0,2,0,0,,
zone-rgb-outcome-20260925/test/zone-communication-20260925__ZC2-s13-independent-nominal/r3-2/frames,1874346,1475706,1941504,1531904,34,7,27,398640,409600,D1,unknown SIM timing: every 10th numeric-sorted frame + first/last (mandatory endpoints may exceed 10% for n<20)
zone-rgb-outcome-20260925/test/zone-communication-20260925__ZC2-s13-independent-nominal/r3-3,5266,5266,8192,8192,2,0,2,0,0,,
zone-rgb-outcome-20260925/test/zone-communication-20260925__ZC2-s13-independent-nominal/r3-3/frames,1897145,1309178,1982464,1368064,34,12,22,587967,614400,D1,unknown SIM timing: every 10th numeric-sorted frame + first/last (mandatory endpoints may exceed 10% for n<20)
zone-rgb-outcome-20260925/test/zone-communication-20260925__ZC2-s13-independent-nominal/r3-4,5284,5284,8192,8192,2,0,2,0,0,,
zone-rgb-outcome-20260925/test/zone-communication-20260925__ZC2-s13-independent-nominal/r3-4/frames,1899642,1251278,1990656,1310720,34,13,21,648364,679936,D1,unknown SIM timing: every 10th numeric-sorted frame + first/last (mandatory endpoints may exceed 10% for n<20)
zone-rgb-outcome-20260925/test/zone-communication-20260925__ZC2-s13-independent-nominal/r3-5,5254,5254,8192,8192,2,0,2,0,0,,
zone-rgb-outcome-20260925/test/zone-communication-20260925__ZC2-s13-independent-nominal/r3-5/frames,1846250,1324970,1925120,1376256,34,9,25,521280,548864,D1,unknown SIM timing: every 10th numeric-sorted frame + first/last (mandatory endpoints may exceed 10% for n<20)
zone-rgb-outcome-20260925/test/zone-communication-20260925__ZC2-s13-plan_first-graspfail,0,0,0,0,0,0,0,0,0,,
zone-rgb-outcome-20260925/test/zone-communication-20260925__ZC2-s13-plan_first-graspfail/r1-1,5247,3356,8192,4096,2,1,1,1891,4096,D5,
zone-rgb-outcome-20260925/test/zone-communication-20260925__ZC2-s13-plan_first-graspfail/r1-1/frames,1844775,1059691,1945600,1114112,34,16,18,785084,831488,D1,unknown SIM timing: every 10th numeric-sorted frame + first/last (mandatory endpoints may exceed 10% for n<20)
zone-rgb-outcome-20260925/test/zone-communication-20260925__ZC2-s13-plan_first-graspfail/r1-2,2594,2594,8192,8192,2,0,2,0,0,,
zone-rgb-outcome-20260925/test/zone-communication-20260925__ZC2-s13-plan_first-graspfail/r1-2/frames,781335,781335,819200,819200,14,0,14,0,0,,unknown SIM timing: every 10th numeric-sorted frame + first/last (mandatory endpoints may exceed 10% for n<20)
zone-rgb-outcome-20260925/test/zone-communication-20260925__ZC2-s13-plan_first-graspfail/r2-1,5272,5272,8192,8192,2,0,2,0,0,,
zone-rgb-outcome-20260925/test/zone-communication-20260925__ZC2-s13-plan_first-graspfail/r2-1/frames,1849662,1070291,1937408,1122304,34,16,18,779371,815104,D1,unknown SIM timing: every 10th numeric-sorted frame + first/last (mandatory endpoints may exceed 10% for n<20)
zone-rgb-outcome-20260925/test/zone-communication-20260925__ZC2-s13-plan_first-graspfail/r2-2,5261,5261,8192,8192,2,0,2,0,0,,
zone-rgb-outcome-20260925/test/zone-communication-20260925__ZC2-s13-plan_first-graspfail/r2-2/frames,1861062,1060520,1945600,1110016,34,16,18,800542,835584,D1,unknown SIM timing: every 10th numeric-sorted frame + first/last (mandatory endpoints may exceed 10% for n<20)
zone-rgb-outcome-20260925/test/zone-communication-20260925__ZC2-s13-plan_first-graspfail/r3-1,5252,3360,8192,4096,2,1,1,1892,4096,D5,
zone-rgb-outcome-20260925/test/zone-communication-20260925__ZC2-s13-plan_first-graspfail/r3-1/frames,1879450,1067023,1982464,1122304,34,16,18,812427,860160,D1,unknown SIM timing: every 10th numeric-sorted frame + first/last (mandatory endpoints may exceed 10% for n<20)
zone-rgb-outcome-20260925/test/zone-communication-20260925__ZC2-s13-plan_first-graspfail/r3-2,5276,5276,8192,8192,2,0,2,0,0,,
zone-rgb-outcome-20260925/test/zone-communication-20260925__ZC2-s13-plan_first-graspfail/r3-2/frames,1889465,1068782,1994752,1126400,34,16,18,820683,868352,D1,unknown SIM timing: every 10th numeric-sorted frame + first/last (mandatory endpoints may exceed 10% for n<20)
zone-rgb-outcome-20260925/test/zone-communication-20260925__ZC2-s13-plan_first-nominal,0,0,0,0,0,0,0,0,0,,
zone-rgb-outcome-20260925/test/zone-communication-20260925__ZC2-s13-plan_first-nominal/r1-1,5243,3352,8192,4096,2,1,1,1891,4096,D5,
zone-rgb-outcome-20260925/test/zone-communication-20260925__ZC2-s13-plan_first-nominal/r1-1/frames,1856450,1062331,1949696,1114112,34,16,18,794119,835584,D1,unknown SIM timing: every 10th numeric-sorted frame + first/last (mandatory endpoints may exceed 10% for n<20)
zone-rgb-outcome-20260925/test/zone-communication-20260925__ZC2-s13-plan_first-nominal/r1-2,5264,5264,8192,8192,2,0,2,0,0,,
zone-rgb-outcome-20260925/test/zone-communication-20260925__ZC2-s13-plan_first-nominal/r1-2/frames,1866595,1298789,1949696,1359872,34,12,22,567806,589824,D1,unknown SIM timing: every 10th numeric-sorted frame + first/last (mandatory endpoints may exceed 10% for n<20)
zone-rgb-outcome-20260925/test/zone-communication-20260925__ZC2-s13-plan_first-nominal/r2-1,5245,5245,8192,8192,2,0,2,0,0,,
zone-rgb-outcome-20260925/test/zone-communication-20260925__ZC2-s13-plan_first-nominal/r2-1/frames,1847990,780056,1925120,811008,34,20,14,1067934,1114112,D1,unknown SIM timing: every 10th numeric-sorted frame + first/last (mandatory endpoints may exceed 10% for n<20)
zone-rgb-outcome-20260925/test/zone-communication-20260925__ZC2-s13-plan_first-nominal/r2-2,2591,2591,8192,8192,2,0,2,0,0,,
zone-rgb-outcome-20260925/test/zone-communication-20260925__ZC2-s13-plan_first-nominal/r2-2/frames,784014,784014,815104,815104,14,0,14,0,0,,unknown SIM timing: every 10th numeric-sorted frame + first/last (mandatory endpoints may exceed 10% for n<20)
zone-rgb-outcome-20260925/test/zone-communication-20260925__ZC2-s13-plan_first-nominal/r3-1,5248,5248,8192,8192,2,0,2,0,0,,
zone-rgb-outcome-20260925/test/zone-communication-20260925__ZC2-s13-plan_first-nominal/r3-1/frames,1882861,1067366,1978368,1122304,34,16,18,815495,856064,D1,unknown SIM timing: every 10th numeric-sorted frame + first/last (mandatory endpoints may exceed 10% for n<20)
zone-rgb-outcome-20260925/test/zone-communication-20260925__ZC2-s13-plan_first-nominal/r3-2,5278,5278,8192,8192,2,0,2,0,0,,
zone-rgb-outcome-20260925/test/zone-communication-20260925__ZC2-s13-plan_first-nominal/r3-2/frames,1890409,1189160,1986560,1249280,34,14,20,701249,737280,D1,unknown SIM timing: every 10th numeric-sorted frame + first/last (mandatory endpoints may exceed 10% for n<20)
zone-rgb-outcome-20260925/test/zone-communication-20260925__ZC2-s14-dynamic-graspfail,0,0,0,0,0,0,0,0,0,,
zone-rgb-outcome-20260925/test/zone-communication-20260925__ZC2-s14-dynamic-graspfail/r1-1,5260,5260,8192,8192,2,0,2,0,0,,
zone-rgb-outcome-20260925/test/zone-communication-20260925__ZC2-s14-dynamic-graspfail/r1-1/frames,1904029,980606,1961984,1011712,34,17,17,923423,950272,D1,unknown SIM timing: every 10th numeric-sorted frame + first/last (mandatory endpoints may exceed 10% for n<20)
zone-rgb-outcome-20260925/test/zone-communication-20260925__ZC2-s14-dynamic-graspfail/r1-2,5249,5249,8192,8192,2,0,2,0,0,,
zone-rgb-outcome-20260925/test/zone-communication-20260925__ZC2-s14-dynamic-graspfail/r1-2/frames,1849276,987593,1916928,1019904,34,16,18,861683,897024,D1,unknown SIM timing: every 10th numeric-sorted frame + first/last (mandatory endpoints may exceed 10% for n<20)
zone-rgb-outcome-20260925/test/zone-communication-20260925__ZC2-s14-dynamic-graspfail/r1-3,2586,2586,8192,8192,2,0,2,0,0,,
zone-rgb-outcome-20260925/test/zone-communication-20260925__ZC2-s14-dynamic-graspfail/r1-3/frames,774770,774770,798720,798720,14,0,14,0,0,,unknown SIM timing: every 10th numeric-sorted frame + first/last (mandatory endpoints may exceed 10% for n<20)
zone-rgb-outcome-20260925/test/zone-communication-20260925__ZC2-s14-dynamic-graspfail/r2-1,5252,5252,8192,8192,2,0,2,0,0,,
zone-rgb-outcome-20260925/test/zone-communication-20260925__ZC2-s14-dynamic-graspfail/r2-1/frames,1854060,1024408,1925120,1060864,34,16,18,829652,864256,D1,unknown SIM timing: every 10th numeric-sorted frame + first/last (mandatory endpoints may exceed 10% for n<20)
zone-rgb-outcome-20260925/test/zone-communication-20260925__ZC2-s14-dynamic-graspfail/r2-2,5255,5255,8192,8192,2,0,2,0,0,,
zone-rgb-outcome-20260925/test/zone-communication-20260925__ZC2-s14-dynamic-graspfail/r2-2/frames,1852416,1182132,1925120,1232896,34,11,23,670284,692224,D1,unknown SIM timing: every 10th numeric-sorted frame + first/last (mandatory endpoints may exceed 10% for n<20)
zone-rgb-outcome-20260925/test/zone-communication-20260925__ZC2-s14-dynamic-graspfail/r3-1,5271,5271,8192,8192,2,0,2,0,0,,
zone-rgb-outcome-20260925/test/zone-communication-20260925__ZC2-s14-dynamic-graspfail/r3-1/frames,1890477,1031654,1949696,1064960,34,16,18,858823,884736,D1,unknown SIM timing: every 10th numeric-sorted frame + first/last (mandatory endpoints may exceed 10% for n<20)
zone-rgb-outcome-20260925/test/zone-communication-20260925__ZC2-s14-dynamic-graspfail/r3-2,5254,5254,8192,8192,2,0,2,0,0,,
zone-rgb-outcome-20260925/test/zone-communication-20260925__ZC2-s14-dynamic-graspfail/r3-2/frames,1880195,1398126,1937408,1445888,34,8,26,482069,491520,D1,unknown SIM timing: every 10th numeric-sorted frame + first/last (mandatory endpoints may exceed 10% for n<20)
zone-rgb-outcome-20260925/test/zone-communication-20260925__ZC2-s14-dynamic-nominal,0,0,0,0,0,0,0,0,0,,
zone-rgb-outcome-20260925/test/zone-communication-20260925__ZC2-s14-dynamic-nominal/r1-1,5247,5247,8192,8192,2,0,2,0,0,,
zone-rgb-outcome-20260925/test/zone-communication-20260925__ZC2-s14-dynamic-nominal/r1-1/frames,1891989,793249,1957888,819200,34,20,14,1098740,1138688,D1,unknown SIM timing: every 10th numeric-sorted frame + first/last (mandatory endpoints may exceed 10% for n<20)
zone-rgb-outcome-20260925/test/zone-communication-20260925__ZC2-s14-dynamic-nominal/r1-2,2580,2580,8192,8192,2,0,2,0,0,,
zone-rgb-outcome-20260925/test/zone-communication-20260925__ZC2-s14-dynamic-nominal/r1-2/frames,780158,780158,802816,802816,14,0,14,0,0,,unknown SIM timing: every 10th numeric-sorted frame + first/last (mandatory endpoints may exceed 10% for n<20)
zone-rgb-outcome-20260925/test/zone-communication-20260925__ZC2-s14-dynamic-nominal/r2-1,5247,5247,8192,8192,2,0,2,0,0,,
zone-rgb-outcome-20260925/test/zone-communication-20260925__ZC2-s14-dynamic-nominal/r2-1/frames,1860859,784521,1925120,811008,34,20,14,1076338,1114112,D1,unknown SIM timing: every 10th numeric-sorted frame + first/last (mandatory endpoints may exceed 10% for n<20)
zone-rgb-outcome-20260925/test/zone-communication-20260925__ZC2-s14-dynamic-nominal/r2-2,3919,3919,8192,8192,2,0,2,0,0,,
zone-rgb-outcome-20260925/test/zone-communication-20260925__ZC2-s14-dynamic-nominal/r2-2/frames,1310378,1200807,1347584,1232896,24,2,22,109571,114688,D1,unknown SIM timing: every 10th numeric-sorted frame + first/last (mandatory endpoints may exceed 10% for n<20)
zone-rgb-outcome-20260925/test/zone-communication-20260925__ZC2-s14-dynamic-nominal/r3-1,5267,5267,8192,8192,2,0,2,0,0,,
zone-rgb-outcome-20260925/test/zone-communication-20260925__ZC2-s14-dynamic-nominal/r3-1/frames,1906890,1185409,1998848,1236992,34,14,20,721481,761856,D1,unknown SIM timing: every 10th numeric-sorted frame + first/last (mandatory endpoints may exceed 10% for n<20)
zone-rgb-outcome-20260925/test/zone-communication-20260925__ZC2-s14-dynamic-nominal/r3-2,5257,5257,8192,8192,2,0,2,0,0,,
zone-rgb-outcome-20260925/test/zone-communication-20260925__ZC2-s14-dynamic-nominal/r3-2/frames,1843537,1291048,1904640,1331200,34,12,22,552489,573440,D1,unknown SIM timing: every 10th numeric-sorted frame + first/last (mandatory endpoints may exceed 10% for n<20)
zone-rgb-outcome-20260925/test/zone-communication-20260925__ZC2-s14-independent-graspfail,0,0,0,0,0,0,0,0,0,,
zone-rgb-outcome-20260925/test/zone-communication-20260925__ZC2-s14-independent-graspfail/r1-1,5259,3362,8192,4096,2,1,1,1897,4096,D5,
zone-rgb-outcome-20260925/test/zone-communication-20260925__ZC2-s14-independent-graspfail/r1-1/frames,1885399,1073600,1974272,1126400,34,16,18,811799,847872,D1,unknown SIM timing: every 10th numeric-sorted frame + first/last (mandatory endpoints may exceed 10% for n<20)
zone-rgb-outcome-20260925/test/zone-communication-20260925__ZC2-s14-independent-graspfail/r1-2,5269,5269,8192,8192,2,0,2,0,0,,
zone-rgb-outcome-20260925/test/zone-communication-20260925__ZC2-s14-independent-graspfail/r1-2/frames,1854769,1317316,1925120,1368064,34,8,26,537453,557056,D1,unknown SIM timing: every 10th numeric-sorted frame + first/last (mandatory endpoints may exceed 10% for n<20)
zone-rgb-outcome-20260925/test/zone-communication-20260925__ZC2-s14-independent-graspfail/r1-3,4579,4579,8192,8192,2,0,2,0,0,,
zone-rgb-outcome-20260925/test/zone-communication-20260925__ZC2-s14-independent-graspfail/r1-3/frames,1570738,1494697,1626112,1540096,29,3,26,76041,86016,D1,unknown SIM timing: every 10th numeric-sorted frame + first/last (mandatory endpoints may exceed 10% for n<20)
zone-rgb-outcome-20260925/test/zone-communication-20260925__ZC2-s14-independent-graspfail/r2-1,5282,5282,8192,8192,2,0,2,0,0,,
zone-rgb-outcome-20260925/test/zone-communication-20260925__ZC2-s14-independent-graspfail/r2-1/frames,1862708,915953,1933312,954368,34,18,16,946755,978944,D1,unknown SIM timing: every 10th numeric-sorted frame + first/last (mandatory endpoints may exceed 10% for n<20)
zone-rgb-outcome-20260925/test/zone-communication-20260925__ZC2-s14-independent-graspfail/r2-2,5261,5261,8192,8192,2,0,2,0,0,,
zone-rgb-outcome-20260925/test/zone-communication-20260925__ZC2-s14-independent-graspfail/r2-2/frames,1864388,781157,1941504,811008,34,20,14,1083231,1130496,D1,unknown SIM timing: every 10th numeric-sorted frame + first/last (mandatory endpoints may exceed 10% for n<20)
zone-rgb-outcome-20260925/test/zone-communication-20260925__ZC2-s14-independent-graspfail/r2-3,5257,5257,8192,8192,2,0,2,0,0,,
zone-rgb-outcome-20260925/test/zone-communication-20260925__ZC2-s14-independent-graspfail/r2-3/frames,1845702,1673384,1916928,1736704,34,3,31,172318,180224,D1,unknown SIM timing: every 10th numeric-sorted frame + first/last (mandatory endpoints may exceed 10% for n<20)
zone-rgb-outcome-20260925/test/zone-communication-20260925__ZC2-s14-independent-graspfail/r3-1,5279,3368,8192,4096,2,1,1,1911,4096,D5,
zone-rgb-outcome-20260925/test/zone-communication-20260925__ZC2-s14-independent-graspfail/r3-1/frames,1923977,1069659,2027520,1126400,34,16,18,854318,901120,D1,unknown SIM timing: every 10th numeric-sorted frame + first/last (mandatory endpoints may exceed 10% for n<20)
zone-rgb-outcome-20260925/test/zone-communication-20260925__ZC2-s14-independent-graspfail/r3-2,5243,5243,8192,8192,2,0,2,0,0,,
zone-rgb-outcome-20260925/test/zone-communication-20260925__ZC2-s14-independent-graspfail/r3-2/frames,1856375,1066980,1925120,1097728,34,16,18,789395,827392,D1,unknown SIM timing: every 10th numeric-sorted frame + first/last (mandatory endpoints may exceed 10% for n<20)
zone-rgb-outcome-20260925/test/zone-communication-20260925__ZC2-s14-independent-graspfail/r3-3,5281,5281,8192,8192,2,0,2,0,0,,
zone-rgb-outcome-20260925/test/zone-communication-20260925__ZC2-s14-independent-graspfail/r3-3/frames,1841165,1596260,1900544,1654784,34,4,30,244905,245760,D1,unknown SIM timing: every 10th numeric-sorted frame + first/last (mandatory endpoints may exceed 10% for n<20)
zone-rgb-outcome-20260925/test/zone-communication-20260925__ZC2-s14-independent-nominal,0,0,0,0,0,0,0,0,0,,
zone-rgb-outcome-20260925/test/zone-communication-20260925__ZC2-s14-independent-nominal/r1-1,5255,5255,8192,8192,2,0,2,0,0,,
zone-rgb-outcome-20260925/test/zone-communication-20260925__ZC2-s14-independent-nominal/r1-1/frames,1882042,1121738,1978368,1179648,34,15,19,760304,798720,D1,unknown SIM timing: every 10th numeric-sorted frame + first/last (mandatory endpoints may exceed 10% for n<20)
zone-rgb-outcome-20260925/test/zone-communication-20260925__ZC2-s14-independent-nominal/r1-2,5259,5259,8192,8192,2,0,2,0,0,,
zone-rgb-outcome-20260925/test/zone-communication-20260925__ZC2-s14-independent-nominal/r1-2/frames,1839246,1107756,1916928,1142784,34,15,19,731490,774144,D1,unknown SIM timing: every 10th numeric-sorted frame + first/last (mandatory endpoints may exceed 10% for n<20)
zone-rgb-outcome-20260925/test/zone-communication-20260925__ZC2-s14-independent-nominal/r1-3,5262,5262,8192,8192,2,0,2,0,0,,
zone-rgb-outcome-20260925/test/zone-communication-20260925__ZC2-s14-independent-nominal/r1-3/frames,1843474,1614198,1904640,1667072,34,4,30,229276,237568,D1,unknown SIM timing: every 10th numeric-sorted frame + first/last (mandatory endpoints may exceed 10% for n<20)
zone-rgb-outcome-20260925/test/zone-communication-20260925__ZC2-s14-independent-nominal/r2-1,5250,5250,8192,8192,2,0,2,0,0,,
zone-rgb-outcome-20260925/test/zone-communication-20260925__ZC2-s14-independent-nominal/r2-1/frames,1863250,1332766,1953792,1404928,34,9,25,530484,548864,D1,unknown SIM timing: every 10th numeric-sorted frame + first/last (mandatory endpoints may exceed 10% for n<20)
zone-rgb-outcome-20260925/test/zone-communication-20260925__ZC2-s14-independent-nominal/r2-2,5274,5274,8192,8192,2,0,2,0,0,,
zone-rgb-outcome-20260925/test/zone-communication-20260925__ZC2-s14-independent-nominal/r2-2/frames,1858556,1436865,1945600,1511424,34,7,27,421691,434176,D1,unknown SIM timing: every 10th numeric-sorted frame + first/last (mandatory endpoints may exceed 10% for n<20)
zone-rgb-outcome-20260925/test/zone-communication-20260925__ZC2-s14-independent-nominal/r2-3,5274,5274,8192,8192,2,0,2,0,0,,
zone-rgb-outcome-20260925/test/zone-communication-20260925__ZC2-s14-independent-nominal/r2-3/frames,1851539,1311544,1921024,1363968,34,8,26,539995,557056,D1,unknown SIM timing: every 10th numeric-sorted frame + first/last (mandatory endpoints may exceed 10% for n<20)
zone-rgb-outcome-20260925/test/zone-communication-20260925__ZC2-s14-independent-nominal/r2-4,5267,5267,8192,8192,2,0,2,0,0,,
zone-rgb-outcome-20260925/test/zone-communication-20260925__ZC2-s14-independent-nominal/r2-4/frames,1875735,1321599,1941504,1372160,34,8,26,554136,569344,D1,unknown SIM timing: every 10th numeric-sorted frame + first/last (mandatory endpoints may exceed 10% for n<20)
zone-rgb-outcome-20260925/test/zone-communication-20260925__ZC2-s14-independent-nominal/r2-5,5256,5256,8192,8192,2,0,2,0,0,,
zone-rgb-outcome-20260925/test/zone-communication-20260925__ZC2-s14-independent-nominal/r2-5/frames,1850189,1300041,1937408,1355776,34,9,25,550148,581632,D1,unknown SIM timing: every 10th numeric-sorted frame + first/last (mandatory endpoints may exceed 10% for n<20)
zone-rgb-outcome-20260925/test/zone-communication-20260925__ZC2-s14-independent-nominal/r3-1,5275,3364,8192,4096,2,1,1,1911,4096,D5,
zone-rgb-outcome-20260925/test/zone-communication-20260925__ZC2-s14-independent-nominal/r3-1/frames,1932965,1312392,2027520,1376256,34,12,22,620573,651264,D1,unknown SIM timing: every 10th numeric-sorted frame + first/last (mandatory endpoints may exceed 10% for n<20)
zone-rgb-outcome-20260925/test/zone-communication-20260925__ZC2-s14-independent-nominal/r3-2,5258,5258,8192,8192,2,0,2,0,0,,
zone-rgb-outcome-20260925/test/zone-communication-20260925__ZC2-s14-independent-nominal/r3-2/frames,1843397,1380373,1904640,1429504,34,8,26,463024,475136,D1,unknown SIM timing: every 10th numeric-sorted frame + first/last (mandatory endpoints may exceed 10% for n<20)
zone-rgb-outcome-20260925/test/zone-communication-20260925__ZC2-s14-independent-nominal/r3-3,5283,5283,8192,8192,2,0,2,0,0,,
zone-rgb-outcome-20260925/test/zone-communication-20260925__ZC2-s14-independent-nominal/r3-3/frames,1838300,1375201,1896448,1417216,34,8,26,463099,479232,D1,unknown SIM timing: every 10th numeric-sorted frame + first/last (mandatory endpoints may exceed 10% for n<20)
zone-rgb-outcome-20260925/test/zone-communication-20260925__ZC2-s14-independent-nominal/r3-4,5283,5283,8192,8192,2,0,2,0,0,,
zone-rgb-outcome-20260925/test/zone-communication-20260925__ZC2-s14-independent-nominal/r3-4/frames,1848273,1435363,1921024,1486848,34,7,27,412910,434176,D1,unknown SIM timing: every 10th numeric-sorted frame + first/last (mandatory endpoints may exceed 10% for n<20)
zone-rgb-outcome-20260925/test/zone-communication-20260925__ZC2-s14-independent-nominal/r3-5,5279,5279,8192,8192,2,0,2,0,0,,
zone-rgb-outcome-20260925/test/zone-communication-20260925__ZC2-s14-independent-nominal/r3-5/frames,1843367,1680352,1896448,1724416,34,5,29,163015,172032,D1,unknown SIM timing: every 10th numeric-sorted frame + first/last (mandatory endpoints may exceed 10% for n<20)
zone-rgb-outcome-20260925/test/zone-communication-20260925__ZC2-s14-plan_first-graspfail,0,0,0,0,0,0,0,0,0,,
zone-rgb-outcome-20260925/test/zone-communication-20260925__ZC2-s14-plan_first-graspfail/r1-1,5257,5257,8192,8192,2,0,2,0,0,,
zone-rgb-outcome-20260925/test/zone-communication-20260925__ZC2-s14-plan_first-graspfail/r1-1/frames,1914429,798067,1986560,827392,34,20,14,1116362,1159168,D1,unknown SIM timing: every 10th numeric-sorted frame + first/last (mandatory endpoints may exceed 10% for n<20)
zone-rgb-outcome-20260925/test/zone-communication-20260925__ZC2-s14-plan_first-graspfail/r1-2,2591,2591,8192,8192,2,0,2,0,0,,
zone-rgb-outcome-20260925/test/zone-communication-20260925__ZC2-s14-plan_first-graspfail/r1-2/frames,783113,783113,806912,806912,14,0,14,0,0,,unknown SIM timing: every 10th numeric-sorted frame + first/last (mandatory endpoints may exceed 10% for n<20)
zone-rgb-outcome-20260925/test/zone-communication-20260925__ZC2-s14-plan_first-graspfail/r2-1,5280,5280,8192,8192,2,0,2,0,0,,
zone-rgb-outcome-20260925/test/zone-communication-20260925__ZC2-s14-plan_first-graspfail/r2-1/frames,1864892,853035,1933312,888832,34,19,15,1011857,1044480,D1,unknown SIM timing: every 10th numeric-sorted frame + first/last (mandatory endpoints may exceed 10% for n<20)
zone-rgb-outcome-20260925/test/zone-communication-20260925__ZC2-s14-plan_first-graspfail/r2-2,5264,5264,8192,8192,2,0,2,0,0,,
zone-rgb-outcome-20260925/test/zone-communication-20260925__ZC2-s14-plan_first-graspfail/r2-2/frames,1851382,1058913,1925120,1089536,34,16,18,792469,835584,D1,unknown SIM timing: every 10th numeric-sorted frame + first/last (mandatory endpoints may exceed 10% for n<20)
zone-rgb-outcome-20260925/test/zone-communication-20260925__ZC2-s14-plan_first-graspfail/r3-1,5277,3366,8192,4096,2,1,1,1911,4096,D5,
zone-rgb-outcome-20260925/test/zone-communication-20260925__ZC2-s14-plan_first-graspfail/r3-1/frames,1899074,1005964,1994752,1052672,34,17,17,893110,942080,D1,unknown SIM timing: every 10th numeric-sorted frame + first/last (mandatory endpoints may exceed 10% for n<20)
zone-rgb-outcome-20260925/test/zone-communication-20260925__ZC2-s14-plan_first-graspfail/r3-2,5267,5267,8192,8192,2,0,2,0,0,,
zone-rgb-outcome-20260925/test/zone-communication-20260925__ZC2-s14-plan_first-graspfail/r3-2/frames,1842919,1054230,1904640,1085440,34,16,18,788689,819200,D1,unknown SIM timing: every 10th numeric-sorted frame + first/last (mandatory endpoints may exceed 10% for n<20)
zone-rgb-outcome-20260925/test/zone-communication-20260925__ZC2-s14-plan_first-nominal,0,0,0,0,0,0,0,0,0,,
zone-rgb-outcome-20260925/test/zone-communication-20260925__ZC2-s14-plan_first-nominal/r1-1,5253,5253,8192,8192,2,0,2,0,0,,
zone-rgb-outcome-20260925/test/zone-communication-20260925__ZC2-s14-plan_first-nominal/r1-1/frames,1867179,785584,1949696,823296,34,20,14,1081595,1126400,D1,unknown SIM timing: every 10th numeric-sorted frame + first/last (mandatory endpoints may exceed 10% for n<20)
zone-rgb-outcome-20260925/test/zone-communication-20260925__ZC2-s14-plan_first-nominal/r1-2,5282,5282,8192,8192,2,0,2,0,0,,
zone-rgb-outcome-20260925/test/zone-communication-20260925__ZC2-s14-plan_first-nominal/r1-2/frames,1889147,1131003,1974272,1171456,34,15,19,758144,802816,D1,unknown SIM timing: every 10th numeric-sorted frame + first/last (mandatory endpoints may exceed 10% for n<20)
zone-rgb-outcome-20260925/test/zone-communication-20260925__ZC2-s14-plan_first-nominal/r2-1,5241,5241,8192,8192,2,0,2,0,0,,
zone-rgb-outcome-20260925/test/zone-communication-20260925__ZC2-s14-plan_first-nominal/r2-1/frames,1847512,782205,1949696,823296,34,20,14,1065307,1126400,D1,unknown SIM timing: every 10th numeric-sorted frame + first/last (mandatory endpoints may exceed 10% for n<20)
zone-rgb-outcome-20260925/test/zone-communication-20260925__ZC2-s14-plan_first-nominal/r2-2,2586,2586,8192,8192,2,0,2,0,0,,
zone-rgb-outcome-20260925/test/zone-communication-20260925__ZC2-s14-plan_first-nominal/r2-2/frames,781710,781710,819200,819200,14,0,14,0,0,,unknown SIM timing: every 10th numeric-sorted frame + first/last (mandatory endpoints may exceed 10% for n<20)
zone-rgb-outcome-20260925/test/zone-communication-20260925__ZC2-s14-plan_first-nominal/r3-1,5254,5254,8192,8192,2,0,2,0,0,,
zone-rgb-outcome-20260925/test/zone-communication-20260925__ZC2-s14-plan_first-nominal/r3-1/frames,1848916,780376,1941504,819200,34,20,14,1068540,1122304,D1,unknown SIM timing: every 10th numeric-sorted frame + first/last (mandatory endpoints may exceed 10% for n<20)
zone-rgb-outcome-20260925/test/zone-communication-20260925__ZC2-s14-plan_first-nominal/r3-2,5261,5261,8192,8192,2,0,2,0,0,,
zone-rgb-outcome-20260925/test/zone-communication-20260925__ZC2-s14-plan_first-nominal/r3-2/frames,1887063,1048724,1961984,1089536,34,16,18,838339,872448,D1,unknown SIM timing: every 10th numeric-sorted frame + first/last (mandatory endpoints may exceed 10% for n<20)
zone-rgb-outcome-20260925/test/zone-dispatch-20260925__Z1-G5-dyn,0,0,0,0,0,0,0,0,0,,
zone-rgb-outcome-20260925/test/zone-dispatch-20260925__Z1-G5-dyn/r1-1,4207,4207,8192,8192,2,0,2,0,0,,
zone-rgb-outcome-20260925/test/zone-dispatch-20260925__Z1-G5-dyn/r1-1/frames,1084265,720083,1126400,745472,20,8,12,364182,380928,D1,unknown SIM timing: every 10th numeric-sorted frame + first/last (mandatory endpoints may exceed 10% for n<20)
zone-rgb-outcome-20260925/test/zone-dispatch-20260925__Z1-G5-dyn/r1-2,2174,2174,8192,8192,2,0,2,0,0,,
zone-rgb-outcome-20260925/test/zone-dispatch-20260925__Z1-G5-dyn/r1-2/frames,455731,455731,471040,471040,8,0,8,0,0,,unknown SIM timing: every 10th numeric-sorted frame + first/last (mandatory endpoints may exceed 10% for n<20)
zone-rgb-outcome-20260925/test/zone-dispatch-20260925__Z1-G5-dyn/r2-1,4215,4215,8192,8192,2,0,2,0,0,,
zone-rgb-outcome-20260925/test/zone-dispatch-20260925__Z1-G5-dyn/r2-1/frames,1123259,733989,1171456,761856,20,8,12,389270,409600,D1,unknown SIM timing: every 10th numeric-sorted frame + first/last (mandatory endpoints may exceed 10% for n<20)
zone-rgb-outcome-20260925/test/zone-dispatch-20260925__Z1-G5-dyn/r3-1,4206,4206,8192,8192,2,0,2,0,0,,
zone-rgb-outcome-20260925/test/zone-dispatch-20260925__Z1-G5-dyn/r3-1/frames,1093603,718996,1138688,745472,20,8,12,374607,393216,D1,unknown SIM timing: every 10th numeric-sorted frame + first/last (mandatory endpoints may exceed 10% for n<20)
zone-rgb-outcome-20260925/test/zone-dispatch-20260925__Z1-G5-dyn/r3-2,4220,4220,8192,8192,2,0,2,0,0,,
zone-rgb-outcome-20260925/test/zone-dispatch-20260925__Z1-G5-dyn/r3-2/frames,1139881,736018,1191936,765952,20,8,12,403863,425984,D1,unknown SIM timing: every 10th numeric-sorted frame + first/last (mandatory endpoints may exceed 10% for n<20)
zone-rgb-outcome-20260925/test/zone-dispatch-20260925__Z1-G8-dyn,0,0,0,0,0,0,0,0,0,,
zone-rgb-outcome-20260925/test/zone-dispatch-20260925__Z1-G8-dyn/r1-1,4248,4248,8192,8192,2,0,2,0,0,,
zone-rgb-outcome-20260925/test/zone-dispatch-20260925__Z1-G8-dyn/r1-1/frames,1122855,696916,1167360,729088,20,8,12,425939,438272,D1,unknown SIM timing: every 10th numeric-sorted frame + first/last (mandatory endpoints may exceed 10% for n<20)
zone-rgb-outcome-20260925/test/zone-dispatch-20260925__Z1-G8-dyn/r1-2,1654,1654,8192,8192,2,0,2,0,0,,
zone-rgb-outcome-20260925/test/zone-dispatch-20260925__Z1-G8-dyn/r1-2/frames,304680,304680,319488,319488,5,0,5,0,0,,unknown SIM timing: every 10th numeric-sorted frame + first/last (mandatory endpoints may exceed 10% for n<20)
zone-rgb-outcome-20260925/test/zone-dispatch-20260925__Z1-G8-dyn/r2-1,4250,4250,8192,8192,2,0,2,0,0,,
zone-rgb-outcome-20260925/test/zone-dispatch-20260925__Z1-G8-dyn/r2-1/frames,1102095,873898,1146880,913408,20,3,17,228197,233472,D1,unknown SIM timing: every 10th numeric-sorted frame + first/last (mandatory endpoints may exceed 10% for n<20)
zone-rgb-outcome-20260925/test/zone-dispatch-20260925__Z1-G8-dyn/r2-2,1128,1128,8192,8192,2,0,2,0,0,,
zone-rgb-outcome-20260925/test/zone-dispatch-20260925__Z1-G8-dyn/r2-2/frames,134054,134054,139264,139264,2,0,2,0,0,,
zone-rgb-outcome-20260925/test/zone-dispatch-20260925__Z1-G8-dyn/r3-1,4237,4237,8192,8192,2,0,2,0,0,,
zone-rgb-outcome-20260925/test/zone-dispatch-20260925__Z1-G8-dyn/r3-1/frames,1121709,893512,1171456,937984,20,3,17,228197,233472,D1,unknown SIM timing: every 10th numeric-sorted frame + first/last (mandatory endpoints may exceed 10% for n<20)
zone-rgb-outcome-20260925/test/zone-dispatch-20260925__Z1-G8-dyn/r3-2,1128,1128,8192,8192,2,0,2,0,0,,
zone-rgb-outcome-20260925/test/zone-dispatch-20260925__Z1-G8-dyn/r3-2/frames,134054,134054,139264,139264,2,0,2,0,0,,
zone-rgb-outcome-20260925/test/zone-dispatch-20260925__Z1-G8-plan,0,0,0,0,0,0,0,0,0,,
zone-rgb-outcome-20260925/test/zone-dispatch-20260925__Z1-G8-plan/r1-1,4220,4220,8192,8192,2,0,2,0,0,,
zone-rgb-outcome-20260925/test/zone-dispatch-20260925__Z1-G8-plan/r1-1/frames,1110177,459475,1138688,471040,20,12,8,650702,667648,D1,unknown SIM timing: every 10th numeric-sorted frame + first/last (mandatory endpoints may exceed 10% for n<20)
zone-rgb-outcome-20260925/test/zone-dispatch-20260925__Z1-G8-plan/r1-2,4240,4240,8192,8192,2,0,2,0,0,,
zone-rgb-outcome-20260925/test/zone-dispatch-20260925__Z1-G8-plan/r1-2/frames,1110866,459749,1118208,462848,20,12,8,651117,655360,D1,unknown SIM timing: every 10th numeric-sorted frame + first/last (mandatory endpoints may exceed 10% for n<20)
zone-rgb-outcome-20260925/test/zone-dispatch-20260925__Z1-G8-plan/r2-1,4223,4223,8192,8192,2,0,2,0,0,,
zone-rgb-outcome-20260925/test/zone-dispatch-20260925__Z1-G8-plan/r2-1/frames,1095803,455218,1138688,471040,20,12,8,640585,667648,D1,unknown SIM timing: every 10th numeric-sorted frame + first/last (mandatory endpoints may exceed 10% for n<20)
zone-rgb-outcome-20260925/test/zone-dispatch-20260925__Z1-G8-plan/r2-2,4225,4225,8192,8192,2,0,2,0,0,,
zone-rgb-outcome-20260925/test/zone-dispatch-20260925__Z1-G8-plan/r2-2/frames,1110040,459976,1171456,483328,20,12,8,650064,688128,D1,unknown SIM timing: every 10th numeric-sorted frame + first/last (mandatory endpoints may exceed 10% for n<20)
zone-rgb-outcome-20260925/test/zone-dispatch-20260925__Z1-G8-plan/r3-1,4231,4231,8192,8192,2,0,2,0,0,,
zone-rgb-outcome-20260925/test/zone-dispatch-20260925__Z1-G8-plan/r3-1/frames,1090517,454042,1134592,471040,20,12,8,636475,663552,D1,unknown SIM timing: every 10th numeric-sorted frame + first/last (mandatory endpoints may exceed 10% for n<20)
zone-rgb-outcome-20260925/test/zone-dispatch-20260925__Z1-G8-plan/r3-2,2161,2161,8192,8192,2,0,2,0,0,,
zone-rgb-outcome-20260925/test/zone-dispatch-20260925__Z1-G8-plan/r3-2/frames,476613,476613,491520,491520,8,0,8,0,0,,unknown SIM timing: every 10th numeric-sorted frame + first/last (mandatory endpoints may exceed 10% for n<20)
zone-rgb-outcome-20260925/test/zone-dispatch-20260925__Z2-G5-dyn,0,0,0,0,0,0,0,0,0,,
zone-rgb-outcome-20260925/test/zone-dispatch-20260925__Z2-G5-dyn/r1-1,4223,4223,8192,8192,2,0,2,0,0,,
zone-rgb-outcome-20260925/test/zone-dispatch-20260925__Z2-G5-dyn/r1-1/frames,1087360,716169,1142784,749568,20,8,12,371191,393216,D1,unknown SIM timing: every 10th numeric-sorted frame + first/last (mandatory endpoints may exceed 10% for n<20)
zone-rgb-outcome-20260925/test/zone-dispatch-20260925__Z2-G5-dyn/r1-2,2148,2148,8192,8192,2,0,2,0,0,,
zone-rgb-outcome-20260925/test/zone-dispatch-20260925__Z2-G5-dyn/r1-2/frames,470241,470241,491520,491520,8,0,8,0,0,,unknown SIM timing: every 10th numeric-sorted frame + first/last (mandatory endpoints may exceed 10% for n<20)
zone-rgb-outcome-20260925/test/zone-dispatch-20260925__Z2-G5-dyn/r2-1,4193,4193,8192,8192,2,0,2,0,0,,
zone-rgb-outcome-20260925/test/zone-dispatch-20260925__Z2-G5-dyn/r2-1/frames,1089092,715594,1134592,741376,20,8,12,373498,393216,D1,unknown SIM timing: every 10th numeric-sorted frame + first/last (mandatory endpoints may exceed 10% for n<20)
zone-rgb-outcome-20260925/test/zone-dispatch-20260925__Z2-G5-dyn/r2-2,4225,4225,8192,8192,2,0,2,0,0,,
zone-rgb-outcome-20260925/test/zone-dispatch-20260925__Z2-G5-dyn/r2-2/frames,1124808,594943,1163264,622592,20,8,12,529865,540672,D1,unknown SIM timing: every 10th numeric-sorted frame + first/last (mandatory endpoints may exceed 10% for n<20)
zone-rgb-outcome-20260925/test/zone-dispatch-20260925__Z2-G5-dyn/r3-1,4214,4214,8192,8192,2,0,2,0,0,,
zone-rgb-outcome-20260925/test/zone-dispatch-20260925__Z2-G5-dyn/r3-1/frames,1098409,765506,1138688,794624,20,5,15,332903,344064,D1,unknown SIM timing: every 10th numeric-sorted frame + first/last (mandatory endpoints may exceed 10% for n<20)
zone-rgb-outcome-20260925/test/zone-dispatch-20260925__Z2-G5-plan,0,0,0,0,0,0,0,0,0,,
zone-rgb-outcome-20260925/test/zone-dispatch-20260925__Z2-G5-plan/r1-1,4231,4231,8192,8192,2,0,2,0,0,,
zone-rgb-outcome-20260925/test/zone-dispatch-20260925__Z2-G5-plan/r1-1/frames,1097370,725681,1134592,753664,20,8,12,371689,380928,D1,unknown SIM timing: every 10th numeric-sorted frame + first/last (mandatory endpoints may exceed 10% for n<20)
zone-rgb-outcome-20260925/test/zone-dispatch-20260925__Z2-G5-plan/r1-2,4227,4227,8192,8192,2,0,2,0,0,,
zone-rgb-outcome-20260925/test/zone-dispatch-20260925__Z2-G5-plan/r1-2/frames,1125787,463895,1167360,479232,20,12,8,661892,688128,D1,unknown SIM timing: every 10th numeric-sorted frame + first/last (mandatory endpoints may exceed 10% for n<20)
zone-rgb-outcome-20260925/test/zone-dispatch-20260925__Z2-G5-plan/r2-1,4201,4201,8192,8192,2,0,2,0,0,,
zone-rgb-outcome-20260925/test/zone-dispatch-20260925__Z2-G5-plan/r2-1/frames,1087985,718262,1130496,745472,20,8,12,369723,385024,D1,unknown SIM timing: every 10th numeric-sorted frame + first/last (mandatory endpoints may exceed 10% for n<20)
zone-rgb-outcome-20260925/test/zone-dispatch-20260925__Z2-G5-plan/r3-1,4216,4216,8192,8192,2,0,2,0,0,,
zone-rgb-outcome-20260925/test/zone-dispatch-20260925__Z2-G5-plan/r3-1/frames,1091126,716563,1142784,749568,20,8,12,374563,393216,D1,unknown SIM timing: every 10th numeric-sorted frame + first/last (mandatory endpoints may exceed 10% for n<20)
zone-rgb-outcome-20260925/test/zone-dispatch-20260925__Z2-G5-plan/r3-2,2156,2156,8192,8192,2,0,2,0,0,,
zone-rgb-outcome-20260925/test/zone-dispatch-20260925__Z2-G5-plan/r3-2/frames,470630,470630,495616,495616,8,0,8,0,0,,unknown SIM timing: every 10th numeric-sorted frame + first/last (mandatory endpoints may exceed 10% for n<20)
zone-rgb-outcome-20260925/test/zone-dispatch-20260925__Z2-G8-dyn,0,0,0,0,0,0,0,0,0,,
zone-rgb-outcome-20260925/test/zone-dispatch-20260925__Z2-G8-dyn/r1-1,4210,4210,8192,8192,2,0,2,0,0,,
zone-rgb-outcome-20260925/test/zone-dispatch-20260925__Z2-G8-dyn/r1-1/frames,1097323,788275,1142784,819200,20,7,13,309048,323584,D1,unknown SIM timing: every 10th numeric-sorted frame + first/last (mandatory endpoints may exceed 10% for n<20)
zone-rgb-outcome-20260925/test/zone-dispatch-20260925__Z2-G8-dyn/r1-2,4247,4247,8192,8192,2,0,2,0,0,,
zone-rgb-outcome-20260925/test/zone-dispatch-20260925__Z2-G8-dyn/r1-2/frames,1090235,698058,1122304,712704,20,8,12,392177,409600,D1,unknown SIM timing: every 10th numeric-sorted frame + first/last (mandatory endpoints may exceed 10% for n<20)
zone-rgb-outcome-20260925/test/zone-dispatch-20260925__Z2-G8-dyn/r2-1,4220,4220,8192,8192,2,0,2,0,0,,
zone-rgb-outcome-20260925/test/zone-dispatch-20260925__Z2-G8-dyn/r2-1/frames,1125204,734171,1175552,761856,20,8,12,391033,413696,D1,unknown SIM timing: every 10th numeric-sorted frame + first/last (mandatory endpoints may exceed 10% for n<20)
zone-rgb-outcome-20260925/test/zone-dispatch-20260925__Z2-G8-dyn/r2-2,4236,4236,8192,8192,2,0,2,0,0,,
zone-rgb-outcome-20260925/test/zone-dispatch-20260925__Z2-G8-dyn/r2-2/frames,1122544,709359,1146880,720896,20,8,12,413185,425984,D1,unknown SIM timing: every 10th numeric-sorted frame + first/last (mandatory endpoints may exceed 10% for n<20)
zone-rgb-outcome-20260925/test/zone-dispatch-20260925__Z2-G8-dyn/r2-3,2158,2158,8192,8192,2,0,2,0,0,,
zone-rgb-outcome-20260925/test/zone-dispatch-20260925__Z2-G8-dyn/r2-3/frames,457285,457285,471040,471040,8,0,8,0,0,,unknown SIM timing: every 10th numeric-sorted frame + first/last (mandatory endpoints may exceed 10% for n<20)
zone-rgb-outcome-20260925/test/zone-dispatch-20260925__Z2-G8-dyn/r3-1,4229,4229,8192,8192,2,0,2,0,0,,
zone-rgb-outcome-20260925/test/zone-dispatch-20260925__Z2-G8-dyn/r3-1/frames,1104152,452945,1146880,466944,20,12,8,651207,679936,D1,unknown SIM timing: every 10th numeric-sorted frame + first/last (mandatory endpoints may exceed 10% for n<20)
zone-rgb-outcome-20260925/test/zone-dispatch-20260925__Z2-G8-dyn/r3-2,4223,4223,8192,8192,2,0,2,0,0,,
zone-rgb-outcome-20260925/test/zone-dispatch-20260925__Z2-G8-dyn/r3-2/frames,1109901,822099,1146880,851968,20,4,16,287802,294912,D1,unknown SIM timing: every 10th numeric-sorted frame + first/last (mandatory endpoints may exceed 10% for n<20)
zone-rgb-outcome-20260925/test/zone-dispatch-20260925__Z2-G8-plan,0,0,0,0,0,0,0,0,0,,
zone-rgb-outcome-20260925/test/zone-dispatch-20260925__Z2-G8-plan/r1-1,4260,4260,8192,8192,2,0,2,0,0,,
zone-rgb-outcome-20260925/test/zone-dispatch-20260925__Z2-G8-plan/r1-1/frames,1128368,462653,1155072,475136,20,12,8,665715,679936,D1,unknown SIM timing: every 10th numeric-sorted frame + first/last (mandatory endpoints may exceed 10% for n<20)
zone-rgb-outcome-20260925/test/zone-dispatch-20260925__Z2-G8-plan/r1-2,2160,2160,8192,8192,2,0,2,0,0,,
zone-rgb-outcome-20260925/test/zone-dispatch-20260925__Z2-G8-plan/r1-2/frames,455237,455237,471040,471040,8,0,8,0,0,,unknown SIM timing: every 10th numeric-sorted frame + first/last (mandatory endpoints may exceed 10% for n<20)
zone-rgb-outcome-20260925/test/zone-dispatch-20260925__Z2-G8-plan/r2-1,4222,4222,8192,8192,2,0,2,0,0,,
zone-rgb-outcome-20260925/test/zone-dispatch-20260925__Z2-G8-plan/r2-1/frames,1106484,457147,1130496,471040,20,12,8,649337,659456,D1,unknown SIM timing: every 10th numeric-sorted frame + first/last (mandatory endpoints may exceed 10% for n<20)
zone-rgb-outcome-20260925/test/zone-dispatch-20260925__Z2-G8-plan/r2-2,4219,4219,8192,8192,2,0,2,0,0,,
zone-rgb-outcome-20260925/test/zone-dispatch-20260925__Z2-G8-plan/r2-2/frames,1111388,460107,1138688,466944,20,12,8,651281,671744,D1,unknown SIM timing: every 10th numeric-sorted frame + first/last (mandatory endpoints may exceed 10% for n<20)
zone-rgb-outcome-20260925/test/zone-dispatch-20260925__Z2-G8-plan/r3-1,4248,4248,8192,8192,2,0,2,0,0,,
zone-rgb-outcome-20260925/test/zone-dispatch-20260925__Z2-G8-plan/r3-1/frames,1097823,453502,1126400,466944,20,12,8,644321,659456,D1,unknown SIM timing: every 10th numeric-sorted frame + first/last (mandatory endpoints may exceed 10% for n<20)
zone-rgb-outcome-20260925/test/zone-dispatch-20260925__Z2-G8-plan/r3-2,4222,4222,8192,8192,2,0,2,0,0,,
zone-rgb-outcome-20260925/test/zone-dispatch-20260925__Z2-G8-plan/r3-2/frames,1097801,455144,1142784,471040,20,12,8,642657,671744,D1,unknown SIM timing: every 10th numeric-sorted frame + first/last (mandatory endpoints may exceed 10% for n<20)
zone-rgb-outcome-20260925/test/zone-dispatch-20260925__Z3-G5-dyn,0,0,0,0,0,0,0,0,0,,
zone-rgb-outcome-20260925/test/zone-dispatch-20260925__Z3-G5-dyn/r1-1,4229,4229,8192,8192,2,0,2,0,0,,
zone-rgb-outcome-20260925/test/zone-dispatch-20260925__Z3-G5-dyn/r1-1/frames,1087818,716036,1142784,749568,20,8,12,371782,393216,D1,unknown SIM timing: every 10th numeric-sorted frame + first/last (mandatory endpoints may exceed 10% for n<20)
zone-rgb-outcome-20260925/test/zone-dispatch-20260925__Z3-G5-dyn/r1-2,2148,2148,8192,8192,2,0,2,0,0,,
zone-rgb-outcome-20260925/test/zone-dispatch-20260925__Z3-G5-dyn/r1-2/frames,470114,470114,491520,491520,8,0,8,0,0,,unknown SIM timing: every 10th numeric-sorted frame + first/last (mandatory endpoints may exceed 10% for n<20)
zone-rgb-outcome-20260925/test/zone-dispatch-20260925__Z3-G5-dyn/r2-1,4193,2643,8192,4096,2,1,1,1550,4096,D5,
zone-rgb-outcome-20260925/test/zone-dispatch-20260925__Z3-G5-dyn/r2-1/frames,1088255,715661,1122304,741376,20,8,12,372594,380928,D1,unknown SIM timing: every 10th numeric-sorted frame + first/last (mandatory endpoints may exceed 10% for n<20)
zone-rgb-outcome-20260925/test/zone-dispatch-20260925__Z3-G5-dyn/r2-2,4225,2655,8192,4096,2,1,1,1570,4096,D5,
zone-rgb-outcome-20260925/test/zone-dispatch-20260925__Z3-G5-dyn/r2-2/frames,1125213,594911,1163264,622592,20,8,12,530302,540672,D1,unknown SIM timing: every 10th numeric-sorted frame + first/last (mandatory endpoints may exceed 10% for n<20)
zone-rgb-outcome-20260925/test/zone-dispatch-20260925__Z3-G5-dyn/r3-1,4208,4208,8192,8192,2,0,2,0,0,,
zone-rgb-outcome-20260925/test/zone-dispatch-20260925__Z3-G5-dyn/r3-1/frames,1100029,698992,1142784,729088,20,6,14,401037,413696,D1,unknown SIM timing: every 10th numeric-sorted frame + first/last (mandatory endpoints may exceed 10% for n<20)
zone-rgb-outcome-20260925/test/zone-dispatch-20260925__Z3-G5-plan,0,0,0,0,0,0,0,0,0,,
zone-rgb-outcome-20260925/test/zone-dispatch-20260925__Z3-G5-plan/r1-1,4231,4231,8192,8192,2,0,2,0,0,,
zone-rgb-outcome-20260925/test/zone-dispatch-20260925__Z3-G5-plan/r1-1/frames,1086568,447819,1142784,471040,20,12,8,638749,671744,D1,unknown SIM timing: every 10th numeric-sorted frame + first/last (mandatory endpoints may exceed 10% for n<20)
zone-rgb-outcome-20260925/test/zone-dispatch-20260925__Z3-G5-plan/r1-2,2157,2157,8192,8192,2,0,2,0,0,,
zone-rgb-outcome-20260925/test/zone-dispatch-20260925__Z3-G5-plan/r1-2/frames,452293,452293,475136,475136,8,0,8,0,0,,unknown SIM timing: every 10th numeric-sorted frame + first/last (mandatory endpoints may exceed 10% for n<20)
zone-rgb-outcome-20260925/test/zone-dispatch-20260925__Z3-G5-plan/r2-1,4218,4218,8192,8192,2,0,2,0,0,,
zone-rgb-outcome-20260925/test/zone-dispatch-20260925__Z3-G5-plan/r2-1/frames,1131597,463840,1183744,483328,20,12,8,667757,700416,D1,unknown SIM timing: every 10th numeric-sorted frame + first/last (mandatory endpoints may exceed 10% for n<20)
zone-rgb-outcome-20260925/test/zone-dispatch-20260925__Z3-G5-plan/r2-2,4215,4215,8192,8192,2,0,2,0,0,,
zone-rgb-outcome-20260925/test/zone-dispatch-20260925__Z3-G5-plan/r2-2/frames,1098618,719853,1146880,753664,20,8,12,378765,393216,D1,unknown SIM timing: every 10th numeric-sorted frame + first/last (mandatory endpoints may exceed 10% for n<20)
zone-rgb-outcome-20260925/test/zone-dispatch-20260925__Z3-G5-plan/r3-1,4212,4212,8192,8192,2,0,2,0,0,,
zone-rgb-outcome-20260925/test/zone-dispatch-20260925__Z3-G5-plan/r3-1/frames,1130323,466125,1187840,491520,20,12,8,664198,696320,D1,unknown SIM timing: every 10th numeric-sorted frame + first/last (mandatory endpoints may exceed 10% for n<20)
zone-rgb-outcome-20260925/test/zone-dispatch-20260925__Z3-G8-dyn,0,0,0,0,0,0,0,0,0,,
zone-rgb-outcome-20260925/test/zone-dispatch-20260925__Z3-G8-dyn/r1-1,4217,4217,8192,8192,2,0,2,0,0,,
zone-rgb-outcome-20260925/test/zone-dispatch-20260925__Z3-G8-dyn/r1-1/frames,1122564,461090,1159168,475136,20,12,8,661474,684032,D1,unknown SIM timing: every 10th numeric-sorted frame + first/last (mandatory endpoints may exceed 10% for n<20)
zone-rgb-outcome-20260925/test/zone-dispatch-20260925__Z3-G8-dyn/r1-2,4221,4221,8192,8192,2,0,2,0,0,,
zone-rgb-outcome-20260925/test/zone-dispatch-20260925__Z3-G8-dyn/r1-2/frames,1107322,567775,1146880,589824,20,8,12,539547,557056,D1,unknown SIM timing: every 10th numeric-sorted frame + first/last (mandatory endpoints may exceed 10% for n<20)
zone-rgb-outcome-20260925/test/zone-dispatch-20260925__Z3-G8-dyn/r2-1,4220,4220,8192,8192,2,0,2,0,0,,
zone-rgb-outcome-20260925/test/zone-dispatch-20260925__Z3-G8-dyn/r2-1/frames,1128776,460693,1171456,479232,20,12,8,668083,692224,D1,unknown SIM timing: every 10th numeric-sorted frame + first/last (mandatory endpoints may exceed 10% for n<20)
zone-rgb-outcome-20260925/test/zone-dispatch-20260925__Z3-G8-dyn/r2-2,4219,4219,8192,8192,2,0,2,0,0,,
zone-rgb-outcome-20260925/test/zone-dispatch-20260925__Z3-G8-dyn/r2-2/frames,1104016,837029,1146880,868352,20,4,16,266987,278528,D1,unknown SIM timing: every 10th numeric-sorted frame + first/last (mandatory endpoints may exceed 10% for n<20)
zone-rgb-outcome-20260925/test/zone-dispatch-20260925__Z3-G8-dyn/r3-1,4229,4229,8192,8192,2,0,2,0,0,,
zone-rgb-outcome-20260925/test/zone-dispatch-20260925__Z3-G8-dyn/r3-1/frames,1097227,452325,1142784,471040,20,12,8,644902,671744,D1,unknown SIM timing: every 10th numeric-sorted frame + first/last (mandatory endpoints may exceed 10% for n<20)
zone-rgb-outcome-20260925/test/zone-dispatch-20260925__Z3-G8-dyn/r3-2,2159,2159,8192,8192,2,0,2,0,0,,
zone-rgb-outcome-20260925/test/zone-dispatch-20260925__Z3-G8-dyn/r3-2/frames,458005,458005,483328,483328,8,0,8,0,0,,unknown SIM timing: every 10th numeric-sorted frame + first/last (mandatory endpoints may exceed 10% for n<20)
zone-rgb-outcome-20260925/test/zone-dispatch-20260925__Z3-G8-plan,0,0,0,0,0,0,0,0,0,,
zone-rgb-outcome-20260925/test/zone-dispatch-20260925__Z3-G8-plan/r1-1,4220,4220,8192,8192,2,0,2,0,0,,
zone-rgb-outcome-20260925/test/zone-dispatch-20260925__Z3-G8-plan/r1-1/frames,1121222,459013,1163264,479232,20,12,8,662209,684032,D1,unknown SIM timing: every 10th numeric-sorted frame + first/last (mandatory endpoints may exceed 10% for n<20)
zone-rgb-outcome-20260925/test/zone-dispatch-20260925__Z3-G8-plan/r1-2,4221,4221,8192,8192,2,0,2,0,0,,
zone-rgb-outcome-20260925/test/zone-dispatch-20260925__Z3-G8-plan/r1-2/frames,1100708,457949,1146880,475136,20,12,8,642759,671744,D1,unknown SIM timing: every 10th numeric-sorted frame + first/last (mandatory endpoints may exceed 10% for n<20)
zone-rgb-outcome-20260925/test/zone-dispatch-20260925__Z3-G8-plan/r2-1,4215,4215,8192,8192,2,0,2,0,0,,
zone-rgb-outcome-20260925/test/zone-dispatch-20260925__Z3-G8-plan/r2-1/frames,1129838,459607,1175552,479232,20,12,8,670231,696320,D1,unknown SIM timing: every 10th numeric-sorted frame + first/last (mandatory endpoints may exceed 10% for n<20)
zone-rgb-outcome-20260925/test/zone-dispatch-20260925__Z3-G8-plan/r2-2,4224,4224,8192,8192,2,0,2,0,0,,
zone-rgb-outcome-20260925/test/zone-dispatch-20260925__Z3-G8-plan/r2-2/frames,1113566,460049,1171456,483328,20,12,8,653517,688128,D1,unknown SIM timing: every 10th numeric-sorted frame + first/last (mandatory endpoints may exceed 10% for n<20)
zone-rgb-outcome-20260925/test/zone-dispatch-20260925__Z3-G8-plan/r3-1,4231,4231,8192,8192,2,0,2,0,0,,
zone-rgb-outcome-20260925/test/zone-dispatch-20260925__Z3-G8-plan/r3-1/frames,1099992,452799,1142784,471040,20,12,8,647193,671744,D1,unknown SIM timing: every 10th numeric-sorted frame + first/last (mandatory endpoints may exceed 10% for n<20)
zone-rgb-outcome-20260925/test/zone-dispatch-20260925__Z3-G8-plan/r3-2,2159,2159,8192,8192,2,0,2,0,0,,
zone-rgb-outcome-20260925/test/zone-dispatch-20260925__Z3-G8-plan/r3-2/frames,457479,457479,475136,475136,8,0,8,0,0,,unknown SIM timing: every 10th numeric-sorted frame + first/last (mandatory endpoints may exceed 10% for n<20)
zone-rgb-outcome-runs-20260925,61765,61765,102400,102400,18,0,18,0,0,,
zone-rgb-outcome-runs-20260925/dev-o33-dyn,1424700,1424700,1437696,1437696,7,0,7,0,0,,
zone-rgb-outcome-runs-20260925/dev-o33-dyn/replay,8114914,8114751,8126464,8122368,5,1,4,163,4096,D5,
zone-rgb-outcome-runs-20260925/dev-o33-dyn/rgb,1914100,1914100,2002944,2002944,39,0,39,0,0,,unknown SIM timing: every 10th numeric-sorted frame + first/last (mandatory endpoints may exceed 10% for n<20)
zone-rgb-outcome-runs-20260925/dev-o33-dyn/team,24089,24089,32768,32768,3,0,3,0,0,,
zone-rgb-outcome-runs-20260925/dev-o33-dyn/team/r1,1101290,1101290,1114112,1114112,5,0,5,0,0,,
zone-rgb-outcome-runs-20260925/dev-o33-dyn/team/r2,903733,903733,913408,913408,4,0,4,0,0,,
zone-rgb-outcome-runs-20260925/dev-o33-dyn/team/r3,879420,879420,888832,888832,4,0,4,0,0,,
zone-rgb-outcome-runs-20260925/dev-o34-plan,1059952,1059952,1077248,1077248,8,0,8,0,0,,
zone-rgb-outcome-runs-20260925/dev-o34-plan/replay,7474079,7473916,7487488,7483392,5,1,4,163,4096,D5,
zone-rgb-outcome-runs-20260925/dev-o34-plan/rgb,905635,905635,950272,950272,20,0,20,0,0,,unknown SIM timing: every 10th numeric-sorted frame + first/last (mandatory endpoints may exceed 10% for n<20)
zone-rgb-outcome-runs-20260925/dev-o34-plan/team,24199,23975,32768,28672,3,1,2,224,4096,D5,
zone-rgb-outcome-runs-20260925/dev-o34-plan/team/r1,444240,444240,450560,450560,2,0,2,0,0,,
zone-rgb-outcome-runs-20260925/dev-o34-plan/team/r2,434488,434488,438272,438272,2,0,2,0,0,,
zone-rgb-outcome-runs-20260925/dev-o34-plan/team/r3,459848,459848,466944,466944,2,0,2,0,0,,
zone-rgb-outcome-runs-20260925/dev-w31-dyn,1414704,1414704,1429504,1429504,7,0,7,0,0,,
zone-rgb-outcome-runs-20260925/dev-w31-dyn/replay,8279568,8279403,8290304,8286208,5,1,4,165,4096,D5,
zone-rgb-outcome-runs-20260925/dev-w31-dyn/rgb,3241411,3241411,3399680,3399680,64,0,64,0,0,,unknown SIM timing: every 10th numeric-sorted frame + first/last (mandatory endpoints may exceed 10% for n<20)
zone-rgb-outcome-runs-20260925/dev-w31-dyn/team,25974,25974,32768,32768,3,0,3,0,0,,
zone-rgb-outcome-runs-20260925/dev-w31-dyn/team/r1,1815710,1815710,1826816,1826816,5,0,5,0,0,,
zone-rgb-outcome-runs-20260925/dev-w31-dyn/team/r2,1484767,1484767,1495040,1495040,4,0,4,0,0,,
zone-rgb-outcome-runs-20260925/dev-w31-dyn/team/r3,1823948,1823948,1835008,1835008,5,0,5,0,0,,
zone-rgb-outcome-runs-20260925/dev-w31-ind,1605590,1596418,1622016,1605632,7,2,5,9172,16384,D5,
zone-rgb-outcome-runs-20260925/dev-w31-ind/replay,9153648,9153483,9162752,9158656,5,1,4,165,4096,D5,
zone-rgb-outcome-runs-20260925/dev-w31-ind/rgb,8059743,8059743,8351744,8351744,152,0,152,0,0,,unknown SIM timing: every 10th numeric-sorted frame + first/last (mandatory endpoints may exceed 10% for n<20)
zone-rgb-outcome-runs-20260925/dev-w31-ind/team,55975,55975,61440,61440,3,0,3,0,0,,
zone-rgb-outcome-runs-20260925/dev-w31-ind/team/r1,2948718,2948718,2957312,2957312,8,0,8,0,0,,
zone-rgb-outcome-runs-20260925/dev-w31-ind/team/r2,2536731,2536731,2543616,2543616,7,0,7,0,0,,
zone-rgb-outcome-runs-20260925/dev-w31-ind/team/r3,5452924,5452924,5484544,5484544,15,0,15,0,0,,
zone-rgb-outcome-runs-20260925/dev-w32-dyn,1414039,1414039,1429504,1429504,7,0,7,0,0,,
zone-rgb-outcome-runs-20260925/dev-w32-dyn/replay,8150691,8150526,8163328,8159232,5,1,4,165,4096,D5,
zone-rgb-outcome-runs-20260925/dev-w32-dyn/rgb,3248574,3248574,3391488,3391488,64,0,64,0,0,,unknown SIM timing: every 10th numeric-sorted frame + first/last (mandatory endpoints may exceed 10% for n<20)
zone-rgb-outcome-runs-20260925/dev-w32-dyn/team,25985,25985,32768,32768,3,0,3,0,0,,
zone-rgb-outcome-runs-20260925/dev-w32-dyn/team/r1,1830902,1830902,1843200,1843200,5,0,5,0,0,,
zone-rgb-outcome-runs-20260925/dev-w32-dyn/team/r2,1472909,1472909,1478656,1478656,4,0,4,0,0,,
zone-rgb-outcome-runs-20260925/dev-w32-dyn/team/r3,1827515,1827515,1843200,1843200,5,0,5,0,0,,
zone-rgb-outcome-runs-20260925/dev-w32-plan,1083157,1074070,1105920,1089536,8,2,6,9087,16384,D5,
zone-rgb-outcome-runs-20260925/dev-w32-plan/replay,7480782,7480617,7491584,7487488,5,1,4,165,4096,D5,
zone-rgb-outcome-runs-20260925/dev-w32-plan/rgb,1354966,1354966,1425408,1425408,28,0,28,0,0,,unknown SIM timing: every 10th numeric-sorted frame + first/last (mandatory endpoints may exceed 10% for n<20)
zone-rgb-outcome-runs-20260925/dev-w32-plan/team,24196,24196,32768,32768,3,0,3,0,0,,
zone-rgb-outcome-runs-20260925/dev-w32-plan/team/r1,760738,760738,761856,761856,2,0,2,0,0,,
zone-rgb-outcome-runs-20260925/dev-w32-plan/team/r2,762618,762618,770048,770048,2,0,2,0,0,,
zone-rgb-outcome-runs-20260925/dev-w32-plan/team/r3,739138,739138,745472,745472,2,0,2,0,0,,
zone-rgb-outcome-runs-20260925/test-o44-dyn,1416867,1416867,1429504,1429504,7,0,7,0,0,,
zone-rgb-outcome-runs-20260925/test-o44-dyn/replay,8114565,8114402,8126464,8122368,5,1,4,163,4096,D5,
zone-rgb-outcome-runs-20260925/test-o44-dyn/rgb,2079220,2079220,2170880,2170880,42,0,42,0,0,,unknown SIM timing: every 10th numeric-sorted frame + first/last (mandatory endpoints may exceed 10% for n<20)
zone-rgb-outcome-runs-20260925/test-o44-dyn/team,25982,25982,32768,32768,3,0,3,0,0,,
zone-rgb-outcome-runs-20260925/test-o44-dyn/team/r1,1097114,1097114,1105920,1105920,5,0,5,0,0,,
zone-rgb-outcome-runs-20260925/test-o44-dyn/team/r2,881285,881285,888832,888832,4,0,4,0,0,,
zone-rgb-outcome-runs-20260925/test-o44-dyn/team/r3,1131351,1131351,1142784,1142784,5,0,5,0,0,,
zone-rgb-outcome-runs-20260925/test-o45-dyn,1354565,1354565,1368064,1368064,7,0,7,0,0,,
zone-rgb-outcome-runs-20260925/test-o45-dyn/replay,15041818,15041655,15056896,15052800,5,1,4,163,4096,D5,
zone-rgb-outcome-runs-20260925/test-o45-dyn/rgb,18426069,18426069,19406848,19406848,401,0,401,0,0,,
zone-rgb-outcome-runs-20260925/test-o45-dyn/team,380013,380013,385024,385024,3,0,3,0,0,,
zone-rgb-outcome-runs-20260925/test-o45-dyn/team/r1,16442694,16442694,16646144,16646144,74,0,74,0,0,,
zone-rgb-outcome-runs-20260925/test-o45-dyn/team/r2,15991666,15991666,16023552,16023552,70,0,70,0,0,,
zone-rgb-outcome-runs-20260925/test-o45-dyn/team/r3,17559894,17559894,17788928,17788928,79,0,79,0,0,,
zone-rgb-outcome-runs-20260925/test-o46-dyn,1345061,1345061,1359872,1359872,7,0,7,0,0,,
zone-rgb-outcome-runs-20260925/test-o46-dyn/replay,15586982,15586819,15601664,15597568,5,1,4,163,4096,D5,
zone-rgb-outcome-runs-20260925/test-o46-dyn/rgb,18063183,18063183,18944000,18944000,400,0,400,0,0,,unknown SIM timing: every 10th numeric-sorted frame + first/last (mandatory endpoints may exceed 10% for n<20)
zone-rgb-outcome-runs-20260925/test-o46-dyn/team,383667,383667,393216,393216,3,0,3,0,0,,
zone-rgb-outcome-runs-20260925/test-o46-dyn/team/r1,16840274,16840274,16961536,16961536,78,0,78,0,0,,
zone-rgb-outcome-runs-20260925/test-o46-dyn/team/r2,16461563,16461563,16654336,16654336,74,0,74,0,0,,
zone-rgb-outcome-runs-20260925/test-o46-dyn/team/r3,17101503,17101503,17252352,17252352,74,0,74,0,0,,
zone-rgb-outcome-runs-20260925/test-w41-dyna,1274230,1274230,1290240,1290240,7,0,7,0,0,,
zone-rgb-outcome-runs-20260925/test-w41-dyna/replay,7949822,7949657,7962624,7958528,5,1,4,165,4096,D5,
zone-rgb-outcome-runs-20260925/test-w41-dyna/rgb,2762176,2762176,2883584,2883584,55,0,55,0,0,,unknown SIM timing: every 10th numeric-sorted frame + first/last (mandatory endpoints may exceed 10% for n<20)
zone-rgb-outcome-runs-20260925/test-w41-dyna/team,23594,23594,32768,32768,3,0,3,0,0,,
zone-rgb-outcome-runs-20260925/test-w41-dyna/team/r1,1477311,1477311,1486848,1486848,4,0,4,0,0,,
zone-rgb-outcome-runs-20260925/test-w41-dyna/team/r2,1846597,1846597,1859584,1859584,5,0,5,0,0,,
zone-rgb-outcome-runs-20260925/test-w41-dyna/team/r3,1495275,1495275,1507328,1507328,4,0,4,0,0,,
zone-rgb-outcome-runs-20260925/test-w41-inde,1485158,1476065,1499136,1482752,7,2,5,9093,16384,D5,
zone-rgb-outcome-runs-20260925/test-w41-inde/replay,8875165,8875000,8884224,8880128,5,1,4,165,4096,D5,
zone-rgb-outcome-runs-20260925/test-w41-inde/rgb,6150830,6150830,6393856,6393856,116,0,116,0,0,,unknown SIM timing: every 10th numeric-sorted frame + first/last (mandatory endpoints may exceed 10% for n<20)
zone-rgb-outcome-runs-20260925/test-w41-inde/team,41304,41304,49152,49152,3,0,3,0,0,,
zone-rgb-outcome-runs-20260925/test-w41-inde/team/r1,1461476,1461476,1466368,1466368,4,0,4,0,0,,
zone-rgb-outcome-runs-20260925/test-w41-inde/team/r2,2192047,2192047,2199552,2199552,6,0,6,0,0,,
zone-rgb-outcome-runs-20260925/test-w41-inde/team/r3,4382197,4382197,4407296,4407296,12,0,12,0,0,,
zone-rgb-outcome-runs-20260925/test-w41-plan,1150376,1141283,1175552,1159168,8,2,6,9093,16384,D5,
zone-rgb-outcome-runs-20260925/test-w41-plan/replay,7786223,7786058,7798784,7794688,5,1,4,165,4096,D5,
zone-rgb-outcome-runs-20260925/test-w41-plan/rgb,1360098,1360098,1409024,1409024,28,0,28,0,0,,unknown SIM timing: every 10th numeric-sorted frame + first/last (mandatory endpoints may exceed 10% for n<20)
zone-rgb-outcome-runs-20260925/test-w41-plan/team,24197,24197,32768,32768,3,0,3,0,0,,
zone-rgb-outcome-runs-20260925/test-w41-plan/team/r1,738360,738360,745472,745472,2,0,2,0,0,,
zone-rgb-outcome-runs-20260925/test-w41-plan/team/r2,762384,762384,770048,770048,2,0,2,0,0,,
zone-rgb-outcome-runs-20260925/test-w41-plan/team/r3,763800,763800,770048,770048,2,0,2,0,0,,
zone-rgb-outcome-runs-20260925/test-w42-dyna,1464050,1464050,1478656,1478656,7,0,7,0,0,,
zone-rgb-outcome-runs-20260925/test-w42-dyna/replay,8424428,8424263,8433664,8429568,5,1,4,165,4096,D5,
zone-rgb-outcome-runs-20260925/test-w42-dyna/rgb,3267938,3267938,3416064,3416064,64,0,64,0,0,,unknown SIM timing: every 10th numeric-sorted frame + first/last (mandatory endpoints may exceed 10% for n<20)
zone-rgb-outcome-runs-20260925/test-w42-dyna/team,25985,25985,32768,32768,3,0,3,0,0,,
zone-rgb-outcome-runs-20260925/test-w42-dyna/team/r1,1462750,1462750,1470464,1470464,4,0,4,0,0,,
zone-rgb-outcome-runs-20260925/test-w42-dyna/team/r2,1835534,1835534,1839104,1839104,5,0,5,0,0,,
zone-rgb-outcome-runs-20260925/test-w42-dyna/team/r3,1856217,1856217,1871872,1871872,5,0,5,0,0,,
zone-rgb-outcome-runs-20260925/test-w42-inde,1582375,1573204,1597440,1581056,7,2,5,9171,16384,D5,
zone-rgb-outcome-runs-20260925/test-w42-inde/replay,16180843,16180678,16191488,16187392,5,1,4,165,4096,D5,
zone-rgb-outcome-runs-20260925/test-w42-inde/rgb,48055470,48055470,50102272,50102272,893,0,893,0,0,,unknown SIM timing: every 10th numeric-sorted frame + first/last (mandatory endpoints may exceed 10% for n<20)
zone-rgb-outcome-runs-20260925/test-w42-inde/team,335188,335188,344064,344064,3,0,3,0,0,,
zone-rgb-outcome-runs-20260925/test-w42-inde/team/r1,12618778,12618778,12681216,12681216,35,0,35,0,0,,
zone-rgb-outcome-runs-20260925/test-w42-inde/team/r2,25960536,25960536,25993216,25993216,72,0,72,0,0,,
zone-rgb-outcome-runs-20260925/test-w42-inde/team/r3,26602196,26602196,26787840,26787840,72,0,72,0,0,,
zone-rgb-outcome-runs-20260925/test-w42-plan,1157472,1148301,1179648,1163264,8,2,6,9171,16384,D5,
zone-rgb-outcome-runs-20260925/test-w42-plan/replay,7695759,7695594,7708672,7704576,5,1,4,165,4096,D5,
zone-rgb-outcome-runs-20260925/test-w42-plan/rgb,1355074,1355074,1413120,1413120,28,0,28,0,0,,unknown SIM timing: every 10th numeric-sorted frame + first/last (mandatory endpoints may exceed 10% for n<20)
zone-rgb-outcome-runs-20260925/test-w42-plan/team,24201,24201,32768,32768,3,0,3,0,0,,
zone-rgb-outcome-runs-20260925/test-w42-plan/team/r1,738270,738270,745472,745472,2,0,2,0,0,,
zone-rgb-outcome-runs-20260925/test-w42-plan/team/r2,759062,759062,761856,761856,2,0,2,0,0,,
zone-rgb-outcome-runs-20260925/test-w42-plan/team/r3,767734,767734,770048,770048,2,0,2,0,0,,
zone-rgb-outcome-runs-20260925/test-w43-dyna,1257810,1257810,1277952,1277952,7,0,7,0,0,,
zone-rgb-outcome-runs-20260925/test-w43-dyna/replay,7775729,7775564,7786496,7782400,5,1,4,165,4096,D5,
zone-rgb-outcome-runs-20260925/test-w43-dyna/rgb,2970033,2970033,3121152,3121152,59,0,59,0,0,,unknown SIM timing: every 10th numeric-sorted frame + first/last (mandatory endpoints may exceed 10% for n<20)
zone-rgb-outcome-runs-20260925/test-w43-dyna/team,23981,23981,32768,32768,3,0,3,0,0,,
zone-rgb-outcome-runs-20260925/test-w43-dyna/team/r1,2167995,2167995,2174976,2174976,6,0,6,0,0,,
zone-rgb-outcome-runs-20260925/test-w43-dyna/team/r2,1107262,1107262,1114112,1114112,3,0,3,0,0,,
zone-rgb-outcome-runs-20260925/test-w43-dyna/team/r3,1475087,1475087,1482752,1482752,4,0,4,0,0,,
zone-rgb-outcome-runs-20260925/test-w43-inde,1310178,1301177,1327104,1310720,7,2,5,9001,16384,D5,
zone-rgb-outcome-runs-20260925/test-w43-inde/replay,8263852,8263687,8273920,8269824,5,1,4,165,4096,D5,
zone-rgb-outcome-runs-20260925/test-w43-inde/rgb,6199860,6199860,6508544,6508544,116,0,116,0,0,,unknown SIM timing: every 10th numeric-sorted frame + first/last (mandatory endpoints may exceed 10% for n<20)
zone-rgb-outcome-runs-20260925/test-w43-inde/team,41094,41094,49152,49152,3,0,3,0,0,,
zone-rgb-outcome-runs-20260925/test-w43-inde/team/r1,2203292,2203292,2215936,2215936,6,0,6,0,0,,
zone-rgb-outcome-runs-20260925/test-w43-inde/team/r2,1470642,1470642,1478656,1478656,4,0,4,0,0,,
zone-rgb-outcome-runs-20260925/test-w43-inde/team/r3,4426912,4426912,4452352,4452352,12,0,12,0,0,,
zone-rgb-outcome-runs-20260925/test-w43-plan,140608,131604,163840,143360,8,3,5,9004,20480,D5,
zone-rgb-outcome-runs-20260925/test-w43-plan/replay,5280948,5280746,5296128,5287936,5,2,3,202,8192,D5,
zone-rgb-outcome-runs-20260925/test-w43-plan/rgb,690152,690152,720896,720896,14,0,14,0,0,,
zone-rgb-outcome-runs-20260925/test-w43-plan/team,664,664,8192,8192,3,0,3,0,0,,
zone-rgb-outcome-v2-20260925,0,0,0,0,0,0,0,0,0,,
zone-rgb-outcome-v2-20260925/dev-a,0,0,0,0,0,0,0,0,0,,
zone-rgb-outcome-v2-20260925/dev-a/track,0,0,0,0,0,0,0,0,0,,
zone-rgb-outcome-v2-20260925/dev-a/track/zone-communication-20260925__gate-dynamic-graspfail,0,0,0,0,0,0,0,0,0,,
zone-rgb-outcome-v2-20260925/dev-a/track/zone-communication-20260925__gate-dynamic-graspfail/frames,43261699,43261699,44904448,44904448,712,0,712,0,0,,first + >=1 SIM second since last sample + last per stream/episode/leg; unknown SIM timing: every 10th numeric-sorted frame + first/last (mandatory endpoints may exceed 10% for n<20)
zone-rgb-outcome-v2-20260925/dev-a/track/zone-communication-20260925__gate-dynamic-graspfail/r1-1,11511,11511,20480,20480,3,0,3,0,0,,
zone-rgb-outcome-v2-20260925/dev-a/track/zone-communication-20260925__gate-dynamic-graspfail/r1-2,19949,19949,28672,28672,3,0,3,0,0,,
zone-rgb-outcome-v2-20260925/dev-a/track/zone-communication-20260925__gate-dynamic-graspfail/r1-3,23876,23876,32768,32768,3,0,3,0,0,,
zone-rgb-outcome-v2-20260925/dev-a/track/zone-communication-20260925__gate-dynamic-graspfail/r2-1,15518,15086,24576,20480,3,1,2,432,4096,D5,
zone-rgb-outcome-v2-20260925/dev-a/track/zone-communication-20260925__gate-dynamic-graspfail/r2-2,26411,25978,36864,32768,3,1,2,433,4096,D5,
zone-rgb-outcome-v2-20260925/dev-a/track/zone-communication-20260925__gate-dynamic-graspfail/r3-1,20821,20821,28672,28672,3,0,3,0,0,,
zone-rgb-outcome-v2-20260925/dev-a/track/zone-communication-20260925__gate-dynamic-graspfail/r3-2,25201,25201,32768,32768,3,0,3,0,0,,
zone-rgb-outcome-v2-20260925/dev-a/track/zone-communication-20260925__gate-independent-graspfail,0,0,0,0,0,0,0,0,0,,
zone-rgb-outcome-v2-20260925/dev-a/track/zone-communication-20260925__gate-independent-graspfail/frames,100390698,99330434,103653376,102567936,1644,16,1628,1060264,1085440,D1,first + >=1 SIM second since last sample + last per stream/episode/leg; unknown SIM timing: every 10th numeric-sorted frame + first/last (mandatory endpoints may exceed 10% for n<20)
zone-rgb-outcome-v2-20260925/dev-a/track/zone-communication-20260925__gate-independent-graspfail/r1-1,17243,16811,24576,20480,3,1,2,432,4096,D5,
zone-rgb-outcome-v2-20260925/dev-a/track/zone-communication-20260925__gate-independent-graspfail/r1-10,5184,5184,12288,12288,3,0,3,0,0,,
zone-rgb-outcome-v2-20260925/dev-a/track/zone-communication-20260925__gate-independent-graspfail/r1-11,5184,5184,12288,12288,3,0,3,0,0,,
zone-rgb-outcome-v2-20260925/dev-a/track/zone-communication-20260925__gate-independent-graspfail/r1-12,45020,45020,53248,53248,3,0,3,0,0,,
zone-rgb-outcome-v2-20260925/dev-a/track/zone-communication-20260925__gate-independent-graspfail/r1-13,23528,23528,32768,32768,3,0,3,0,0,,
zone-rgb-outcome-v2-20260925/dev-a/track/zone-communication-20260925__gate-independent-graspfail/r1-2,5165,4615,12288,8192,3,1,2,550,4096,D5,
zone-rgb-outcome-v2-20260925/dev-a/track/zone-communication-20260925__gate-independent-graspfail/r1-3,5165,4615,12288,8192,3,1,2,550,4096,D5,
zone-rgb-outcome-v2-20260925/dev-a/track/zone-communication-20260925__gate-independent-graspfail/r1-4,5165,4615,12288,8192,3,1,2,550,4096,D5,
zone-rgb-outcome-v2-20260925/dev-a/track/zone-communication-20260925__gate-independent-graspfail/r1-5,5172,5172,12288,12288,3,0,3,0,0,,
zone-rgb-outcome-v2-20260925/dev-a/track/zone-communication-20260925__gate-independent-graspfail/r1-6,5179,5179,12288,12288,3,0,3,0,0,,
zone-rgb-outcome-v2-20260925/dev-a/track/zone-communication-20260925__gate-independent-graspfail/r1-7,5179,5179,12288,12288,3,0,3,0,0,,
zone-rgb-outcome-v2-20260925/dev-a/track/zone-communication-20260925__gate-independent-graspfail/r1-8,5179,5179,12288,12288,3,0,3,0,0,,
zone-rgb-outcome-v2-20260925/dev-a/track/zone-communication-20260925__gate-independent-graspfail/r1-9,5179,5179,12288,12288,3,0,3,0,0,,
zone-rgb-outcome-v2-20260925/dev-a/track/zone-communication-20260925__gate-independent-graspfail/r2-1,15510,15510,24576,24576,3,0,3,0,0,,
zone-rgb-outcome-v2-20260925/dev-a/track/zone-communication-20260925__gate-independent-graspfail/r2-2,46966,46966,57344,57344,3,0,3,0,0,,
zone-rgb-outcome-v2-20260925/dev-a/track/zone-communication-20260925__gate-independent-graspfail/r2-3,57521,57521,65536,65536,3,0,3,0,0,,
zone-rgb-outcome-v2-20260925/dev-a/track/zone-communication-20260925__gate-independent-graspfail/r3-1,20598,20166,28672,24576,3,1,2,432,4096,D5,
zone-rgb-outcome-v2-20260925/dev-a/track/zone-communication-20260925__gate-independent-graspfail/r3-2,26469,26036,36864,32768,3,1,2,433,4096,D5,
zone-rgb-outcome-v2-20260925/dev-a/track/zone-communication-20260925__gate-independent-graspfail/r3-3,22349,22349,32768,32768,3,0,3,0,0,,
zone-rgb-outcome-v2-20260925/dev-a/track/zone-communication-20260925__gate-plan_first-graspfail,0,0,0,0,0,0,0,0,0,,
zone-rgb-outcome-v2-20260925/dev-a/track/zone-communication-20260925__gate-plan_first-graspfail/frames,38012081,38012081,39350272,39350272,624,0,624,0,0,,first + >=1 SIM second since last sample + last per stream/episode/leg; unknown SIM timing: every 10th numeric-sorted frame + first/last (mandatory endpoints may exceed 10% for n<20)
zone-rgb-outcome-v2-20260925/dev-a/track/zone-communication-20260925__gate-plan_first-graspfail/r1-1,17238,16806,24576,20480,3,1,2,432,4096,D5,
zone-rgb-outcome-v2-20260925/dev-a/track/zone-communication-20260925__gate-plan_first-graspfail/r1-2,25685,25252,32768,28672,3,1,2,433,4096,D5,
zone-rgb-outcome-v2-20260925/dev-a/track/zone-communication-20260925__gate-plan_first-graspfail/r2-1,12218,12218,20480,20480,3,0,3,0,0,,
zone-rgb-outcome-v2-20260925/dev-a/track/zone-communication-20260925__gate-plan_first-graspfail/r2-2,20988,20988,28672,28672,3,0,3,0,0,,
zone-rgb-outcome-v2-20260925/dev-a/track/zone-communication-20260925__gate-plan_first-graspfail/r3-1,20593,20161,28672,24576,3,1,2,432,4096,D5,
zone-rgb-outcome-v2-20260925/dev-a/track/zone-communication-20260925__gate-plan_first-graspfail/r3-2,24741,24308,32768,28672,3,1,2,433,4096,D5,
zone-rgb-outcome-v2-20260925/dev-a/track/zone-communication-20260925__gate2-dynamic-graspfail,0,0,0,0,0,0,0,0,0,,
zone-rgb-outcome-v2-20260925/dev-a/track/zone-communication-20260925__gate2-dynamic-graspfail/frames,43261658,43261658,44904448,44904448,712,0,712,0,0,,first + >=1 SIM second since last sample + last per stream/episode/leg; unknown SIM timing: every 10th numeric-sorted frame + first/last (mandatory endpoints may exceed 10% for n<20)
zone-rgb-outcome-v2-20260925/dev-a/track/zone-communication-20260925__gate2-dynamic-graspfail/r1-1,11516,11185,20480,16384,3,1,2,331,4096,D5,
zone-rgb-outcome-v2-20260925/dev-a/track/zone-communication-20260925__gate2-dynamic-graspfail/r1-2,19931,19499,28672,24576,3,1,2,432,4096,D5,
zone-rgb-outcome-v2-20260925/dev-a/track/zone-communication-20260925__gate2-dynamic-graspfail/r1-3,23881,23448,32768,28672,3,1,2,433,4096,D5,
zone-rgb-outcome-v2-20260925/dev-a/track/zone-communication-20260925__gate2-dynamic-graspfail/r2-1,15523,15091,24576,20480,3,1,2,432,4096,D5,
zone-rgb-outcome-v2-20260925/dev-a/track/zone-communication-20260925__gate2-dynamic-graspfail/r2-2,26416,25983,36864,32768,3,1,2,433,4096,D5,
zone-rgb-outcome-v2-20260925/dev-a/track/zone-communication-20260925__gate2-dynamic-graspfail/r3-1,20826,20394,28672,24576,3,1,2,432,4096,D5,
zone-rgb-outcome-v2-20260925/dev-a/track/zone-communication-20260925__gate2-dynamic-graspfail/r3-2,25206,24773,32768,28672,3,1,2,433,4096,D5,
zone-rgb-outcome-v2-20260925/dev-a/track/zone-communication-20260925__gate2-independent-graspfail,0,0,0,0,0,0,0,0,0,,
zone-rgb-outcome-v2-20260925/dev-a/track/zone-communication-20260925__gate2-independent-graspfail/frames,54750431,54487558,56557568,56291328,900,4,896,262873,266240,D1,first + >=1 SIM second since last sample + last per stream/episode/leg; unknown SIM timing: every 10th numeric-sorted frame + first/last (mandatory endpoints may exceed 10% for n<20)
zone-rgb-outcome-v2-20260925/dev-a/track/zone-communication-20260925__gate2-independent-graspfail/r1-1,17248,16816,24576,20480,3,1,2,432,4096,D5,
zone-rgb-outcome-v2-20260925/dev-a/track/zone-communication-20260925__gate2-independent-graspfail/r1-2,26696,26696,36864,36864,3,0,3,0,0,,
zone-rgb-outcome-v2-20260925/dev-a/track/zone-communication-20260925__gate2-independent-graspfail/r1-3,22596,22596,32768,32768,3,0,3,0,0,,
zone-rgb-outcome-v2-20260925/dev-a/track/zone-communication-20260925__gate2-independent-graspfail/r2-1,15515,14965,24576,20480,3,1,2,550,4096,D5,
zone-rgb-outcome-v2-20260925/dev-a/track/zone-communication-20260925__gate2-independent-graspfail/r2-2,15482,15482,24576,24576,3,0,3,0,0,,
zone-rgb-outcome-v2-20260925/dev-a/track/zone-communication-20260925__gate2-independent-graspfail/r2-3,5181,5181,12288,12288,3,0,3,0,0,,
zone-rgb-outcome-v2-20260925/dev-a/track/zone-communication-20260925__gate2-independent-graspfail/r2-4,5187,5187,12288,12288,3,0,3,0,0,,
zone-rgb-outcome-v2-20260925/dev-a/track/zone-communication-20260925__gate2-independent-graspfail/r2-5,4713,4713,12288,12288,3,0,3,0,0,,
zone-rgb-outcome-v2-20260925/dev-a/track/zone-communication-20260925__gate2-independent-graspfail/r2-6,23205,23205,32768,32768,3,0,3,0,0,,
zone-rgb-outcome-v2-20260925/dev-a/track/zone-communication-20260925__gate2-independent-graspfail/r3-1,20603,20171,28672,24576,3,1,2,432,4096,D5,
zone-rgb-outcome-v2-20260925/dev-a/track/zone-communication-20260925__gate2-independent-graspfail/r3-2,24955,24955,32768,32768,3,0,3,0,0,,
zone-rgb-outcome-v2-20260925/dev-a/track/zone-communication-20260925__gate2-plan_first-graspfail,0,0,0,0,0,0,0,0,0,,
zone-rgb-outcome-v2-20260925/dev-a/track/zone-communication-20260925__gate2-plan_first-graspfail/frames,37763816,37763816,39092224,39092224,620,0,620,0,0,,first + >=1 SIM second since last sample + last per stream/episode/leg; unknown SIM timing: every 10th numeric-sorted frame + first/last (mandatory endpoints may exceed 10% for n<20)
zone-rgb-outcome-v2-20260925/dev-a/track/zone-communication-20260925__gate2-plan_first-graspfail/r1-1,17243,16811,24576,20480,3,1,2,432,4096,D5,
zone-rgb-outcome-v2-20260925/dev-a/track/zone-communication-20260925__gate2-plan_first-graspfail/r1-2,25690,25257,32768,28672,3,1,2,433,4096,D5,
zone-rgb-outcome-v2-20260925/dev-a/track/zone-communication-20260925__gate2-plan_first-graspfail/r2-1,12223,11913,20480,16384,3,1,2,310,4096,D5,
zone-rgb-outcome-v2-20260925/dev-a/track/zone-communication-20260925__gate2-plan_first-graspfail/r2-2,20489,20489,28672,28672,3,0,3,0,0,,
zone-rgb-outcome-v2-20260925/dev-a/track/zone-communication-20260925__gate2-plan_first-graspfail/r3-1,20598,20166,28672,24576,3,1,2,432,4096,D5,
zone-rgb-outcome-v2-20260925/dev-a/track/zone-communication-20260925__gate2-plan_first-graspfail/r3-2,24488,24488,32768,32768,3,0,3,0,0,,
zone-rgb-outcome-v2-20260925/dev-a/track/zone-dispatch-20260925__dev-fixture-1,0,0,0,0,0,0,0,0,0,,
zone-rgb-outcome-v2-20260925/dev-a2,0,0,0,0,0,0,0,0,0,,
zone-rgb-outcome-v2-20260925/dev-a2/track,0,0,0,0,0,0,0,0,0,,
zone-rgb-outcome-v2-20260925/dev-a2/track/zone-communication-20260925__gate-dynamic-graspfail,0,0,0,0,0,0,0,0,0,,
zone-rgb-outcome-v2-20260925/dev-a2/track/zone-communication-20260925__gate-dynamic-graspfail/frames,43261699,43261699,44904448,44904448,712,0,712,0,0,,first + >=1 SIM second since last sample + last per stream/episode/leg; unknown SIM timing: every 10th numeric-sorted frame + first/last (mandatory endpoints may exceed 10% for n<20)
zone-rgb-outcome-v2-20260925/dev-a2/track/zone-communication-20260925__gate-dynamic-graspfail/r1-1,11511,9962,20480,12288,3,2,1,1549,8192,D5,
zone-rgb-outcome-v2-20260925/dev-a2/track/zone-communication-20260925__gate-dynamic-graspfail/r1-2,19949,18298,28672,20480,3,2,1,1651,8192,D5,
zone-rgb-outcome-v2-20260925/dev-a2/track/zone-communication-20260925__gate-dynamic-graspfail/r1-3,23876,22218,32768,24576,3,2,1,1658,8192,D5,
zone-rgb-outcome-v2-20260925/dev-a2/track/zone-communication-20260925__gate-dynamic-graspfail/r2-1,15518,13869,24576,16384,3,2,1,1649,8192,D5,
zone-rgb-outcome-v2-20260925/dev-a2/track/zone-communication-20260925__gate-dynamic-graspfail/r2-2,26411,24757,36864,28672,3,2,1,1654,8192,D5,
zone-rgb-outcome-v2-20260925/dev-a2/track/zone-communication-20260925__gate-dynamic-graspfail/r3-1,20821,19168,28672,20480,3,2,1,1653,8192,D5,
zone-rgb-outcome-v2-20260925/dev-a2/track/zone-communication-20260925__gate-dynamic-graspfail/r3-2,25201,23547,32768,24576,3,2,1,1654,8192,D5,
zone-rgb-outcome-v2-20260925/dev-a2/track/zone-communication-20260925__gate-independent-graspfail,0,0,0,0,0,0,0,0,0,,
zone-rgb-outcome-v2-20260925/dev-a2/track/zone-communication-20260925__gate-independent-graspfail/frames,100390698,99330434,103653376,102567936,1644,16,1628,1060264,1085440,D1,first + >=1 SIM second since last sample + last per stream/episode/leg; unknown SIM timing: every 10th numeric-sorted frame + first/last (mandatory endpoints may exceed 10% for n<20)
zone-rgb-outcome-v2-20260925/dev-a2/track/zone-communication-20260925__gate-independent-graspfail/r1-1,17243,15573,24576,16384,3,2,1,1670,8192,D5,
zone-rgb-outcome-v2-20260925/dev-a2/track/zone-communication-20260925__gate-independent-graspfail/r1-10,5184,3388,12288,4096,3,2,1,1796,8192,D5,
zone-rgb-outcome-v2-20260925/dev-a2/track/zone-communication-20260925__gate-independent-graspfail/r1-11,5184,3388,12288,4096,3,2,1,1796,8192,D5,
zone-rgb-outcome-v2-20260925/dev-a2/track/zone-communication-20260925__gate-independent-graspfail/r1-12,45020,43343,53248,45056,3,2,1,1677,8192,D5,
zone-rgb-outcome-v2-20260925/dev-a2/track/zone-communication-20260925__gate-independent-graspfail/r1-13,23528,21848,32768,24576,3,2,1,1680,8192,D5,
zone-rgb-outcome-v2-20260925/dev-a2/track/zone-communication-20260925__gate-independent-graspfail/r1-2,5165,3377,12288,4096,3,2,1,1788,8192,D5,
zone-rgb-outcome-v2-20260925/dev-a2/track/zone-communication-20260925__gate-independent-graspfail/r1-3,5165,3377,12288,4096,3,2,1,1788,8192,D5,
zone-rgb-outcome-v2-20260925/dev-a2/track/zone-communication-20260925__gate-independent-graspfail/r1-4,5165,3377,12288,4096,3,2,1,1788,8192,D5,
zone-rgb-outcome-v2-20260925/dev-a2/track/zone-communication-20260925__gate-independent-graspfail/r1-5,5172,3382,12288,4096,3,2,1,1790,8192,D5,
zone-rgb-outcome-v2-20260925/dev-a2/track/zone-communication-20260925__gate-independent-graspfail/r1-6,5179,3388,12288,4096,3,2,1,1791,8192,D5,
zone-rgb-outcome-v2-20260925/dev-a2/track/zone-communication-20260925__gate-independent-graspfail/r1-7,5179,3388,12288,4096,3,2,1,1791,8192,D5,
zone-rgb-outcome-v2-20260925/dev-a2/track/zone-communication-20260925__gate-independent-graspfail/r1-8,5179,3388,12288,4096,3,2,1,1791,8192,D5,
zone-rgb-outcome-v2-20260925/dev-a2/track/zone-communication-20260925__gate-independent-graspfail/r1-9,5179,3388,12288,4096,3,2,1,1791,8192,D5,
zone-rgb-outcome-v2-20260925/dev-a2/track/zone-communication-20260925__gate-independent-graspfail/r2-1,15510,13723,24576,16384,3,2,1,1787,8192,D5,
zone-rgb-outcome-v2-20260925/dev-a2/track/zone-communication-20260925__gate-independent-graspfail/r2-2,46966,45176,57344,49152,3,2,1,1790,8192,D5,
zone-rgb-outcome-v2-20260925/dev-a2/track/zone-communication-20260925__gate-independent-graspfail/r2-3,57521,55746,65536,57344,3,2,1,1775,8192,D5,
zone-rgb-outcome-v2-20260925/dev-a2/track/zone-communication-20260925__gate-independent-graspfail/r3-1,20598,18925,28672,20480,3,2,1,1673,8192,D5,
zone-rgb-outcome-v2-20260925/dev-a2/track/zone-communication-20260925__gate-independent-graspfail/r3-2,26469,24795,36864,28672,3,2,1,1674,8192,D5,
zone-rgb-outcome-v2-20260925/dev-a2/track/zone-communication-20260925__gate-independent-graspfail/r3-3,22349,20670,32768,24576,3,2,1,1679,8192,D5,
zone-rgb-outcome-v2-20260925/dev-a2/track/zone-communication-20260925__gate-plan_first-graspfail,0,0,0,0,0,0,0,0,0,,
zone-rgb-outcome-v2-20260925/dev-a2/track/zone-communication-20260925__gate-plan_first-graspfail/frames,38012081,38012081,39350272,39350272,624,0,624,0,0,,first + >=1 SIM second since last sample + last per stream/episode/leg; unknown SIM timing: every 10th numeric-sorted frame + first/last (mandatory endpoints may exceed 10% for n<20)
zone-rgb-outcome-v2-20260925/dev-a2/track/zone-communication-20260925__gate-plan_first-graspfail/r1-1,17238,15573,24576,16384,3,2,1,1665,8192,D5,
zone-rgb-outcome-v2-20260925/dev-a2/track/zone-communication-20260925__gate-plan_first-graspfail/r1-2,25685,24016,32768,24576,3,2,1,1669,8192,D5,
zone-rgb-outcome-v2-20260925/dev-a2/track/zone-communication-20260925__gate-plan_first-graspfail/r2-1,12218,10676,20480,12288,3,2,1,1542,8192,D5,
zone-rgb-outcome-v2-20260925/dev-a2/track/zone-communication-20260925__gate-plan_first-graspfail/r2-2,20988,19319,28672,20480,3,2,1,1669,8192,D5,
zone-rgb-outcome-v2-20260925/dev-a2/track/zone-communication-20260925__gate-plan_first-graspfail/r3-1,20593,18925,28672,20480,3,2,1,1668,8192,D5,
zone-rgb-outcome-v2-20260925/dev-a2/track/zone-communication-20260925__gate-plan_first-graspfail/r3-2,24741,23068,32768,24576,3,2,1,1673,8192,D5,
zone-rgb-outcome-v2-20260925/dev-a2/track/zone-communication-20260925__gate2-dynamic-graspfail,0,0,0,0,0,0,0,0,0,,
zone-rgb-outcome-v2-20260925/dev-a2/track/zone-communication-20260925__gate2-dynamic-graspfail/frames,43261658,43261658,44904448,44904448,712,0,712,0,0,,first + >=1 SIM second since last sample + last per stream/episode/leg; unknown SIM timing: every 10th numeric-sorted frame + first/last (mandatory endpoints may exceed 10% for n<20)
zone-rgb-outcome-v2-20260925/dev-a2/track/zone-communication-20260925__gate2-dynamic-graspfail/r1-1,11516,9962,20480,12288,3,2,1,1554,8192,D5,
zone-rgb-outcome-v2-20260925/dev-a2/track/zone-communication-20260925__gate2-dynamic-graspfail/r1-2,19931,18275,28672,20480,3,2,1,1656,8192,D5,
zone-rgb-outcome-v2-20260925/dev-a2/track/zone-communication-20260925__gate2-dynamic-graspfail/r1-3,23881,22218,32768,24576,3,2,1,1663,8192,D5,
zone-rgb-outcome-v2-20260925/dev-a2/track/zone-communication-20260925__gate2-dynamic-graspfail/r2-1,15523,13869,24576,16384,3,2,1,1654,8192,D5,
zone-rgb-outcome-v2-20260925/dev-a2/track/zone-communication-20260925__gate2-dynamic-graspfail/r2-2,26416,24757,36864,28672,3,2,1,1659,8192,D5,
zone-rgb-outcome-v2-20260925/dev-a2/track/zone-communication-20260925__gate2-dynamic-graspfail/r3-1,20826,19168,28672,20480,3,2,1,1658,8192,D5,
zone-rgb-outcome-v2-20260925/dev-a2/track/zone-communication-20260925__gate2-dynamic-graspfail/r3-2,25206,23547,32768,24576,3,2,1,1659,8192,D5,
zone-rgb-outcome-v2-20260925/dev-a2/track/zone-communication-20260925__gate2-independent-graspfail,0,0,0,0,0,0,0,0,0,,
zone-rgb-outcome-v2-20260925/dev-a2/track/zone-communication-20260925__gate2-independent-graspfail/frames,54750431,54487558,56557568,56291328,900,4,896,262873,266240,D1,first + >=1 SIM second since last sample + last per stream/episode/leg; unknown SIM timing: every 10th numeric-sorted frame + first/last (mandatory endpoints may exceed 10% for n<20)
zone-rgb-outcome-v2-20260925/dev-a2/track/zone-communication-20260925__gate2-independent-graspfail/r1-1,17248,15573,24576,16384,3,2,1,1675,8192,D5,
zone-rgb-outcome-v2-20260925/dev-a2/track/zone-communication-20260925__gate2-independent-graspfail/r1-2,26696,25020,36864,28672,3,2,1,1676,8192,D5,
zone-rgb-outcome-v2-20260925/dev-a2/track/zone-communication-20260925__gate2-independent-graspfail/r1-3,22596,20916,32768,24576,3,2,1,1680,8192,D5,
zone-rgb-outcome-v2-20260925/dev-a2/track/zone-communication-20260925__gate2-independent-graspfail/r2-1,15515,13723,24576,16384,3,2,1,1792,8192,D5,
zone-rgb-outcome-v2-20260925/dev-a2/track/zone-communication-20260925__gate2-independent-graspfail/r2-2,15482,13807,24576,16384,3,2,1,1675,8192,D5,
zone-rgb-outcome-v2-20260925/dev-a2/track/zone-communication-20260925__gate2-independent-graspfail/r2-3,5181,3383,12288,4096,3,2,1,1798,8192,D5,
zone-rgb-outcome-v2-20260925/dev-a2/track/zone-communication-20260925__gate2-independent-graspfail/r2-4,5187,3388,12288,4096,3,2,1,1799,8192,D5,
zone-rgb-outcome-v2-20260925/dev-a2/track/zone-communication-20260925__gate2-independent-graspfail/r2-5,4713,3154,12288,4096,3,2,1,1559,8192,D5,
zone-rgb-outcome-v2-20260925/dev-a2/track/zone-communication-20260925__gate2-independent-graspfail/r2-6,23205,21521,32768,24576,3,2,1,1684,8192,D5,
zone-rgb-outcome-v2-20260925/dev-a2/track/zone-communication-20260925__gate2-independent-graspfail/r3-1,20603,18925,28672,20480,3,2,1,1678,8192,D5,
zone-rgb-outcome-v2-20260925/dev-a2/track/zone-communication-20260925__gate2-independent-graspfail/r3-2,24955,23276,32768,24576,3,2,1,1679,8192,D5,
zone-rgb-outcome-v2-20260925/dev-a2/track/zone-communication-20260925__gate2-plan_first-graspfail,0,0,0,0,0,0,0,0,0,,
zone-rgb-outcome-v2-20260925/dev-a2/track/zone-communication-20260925__gate2-plan_first-graspfail/frames,37763816,37763816,39092224,39092224,620,0,620,0,0,,first + >=1 SIM second since last sample + last per stream/episode/leg; unknown SIM timing: every 10th numeric-sorted frame + first/last (mandatory endpoints may exceed 10% for n<20)
zone-rgb-outcome-v2-20260925/dev-a2/track/zone-communication-20260925__gate2-plan_first-graspfail/r1-1,17243,15573,24576,16384,3,2,1,1670,8192,D5,
zone-rgb-outcome-v2-20260925/dev-a2/track/zone-communication-20260925__gate2-plan_first-graspfail/r1-2,25690,24016,32768,24576,3,2,1,1674,8192,D5,
zone-rgb-outcome-v2-20260925/dev-a2/track/zone-communication-20260925__gate2-plan_first-graspfail/r2-1,12223,10676,20480,12288,3,2,1,1547,8192,D5,
zone-rgb-outcome-v2-20260925/dev-a2/track/zone-communication-20260925__gate2-plan_first-graspfail/r2-2,20489,18815,28672,20480,3,2,1,1674,8192,D5,
zone-rgb-outcome-v2-20260925/dev-a2/track/zone-communication-20260925__gate2-plan_first-graspfail/r3-1,20598,18925,28672,20480,3,2,1,1673,8192,D5,
zone-rgb-outcome-v2-20260925/dev-a2/track/zone-communication-20260925__gate2-plan_first-graspfail/r3-2,24488,22810,32768,24576,3,2,1,1678,8192,D5,
zone-rgb-outcome-v2-20260925/dev-a2/track/zone-dispatch-20260925__dev-fixture-3,0,0,0,0,0,0,0,0,0,,
zone-rgb-outcome-v2-20260925/dev-a2/track/zone-dispatch-20260925__dev-fixture-3/frames,18588182,18588182,19173376,19173376,278,0,278,0,0,,first + >=1 SIM second since last sample + last per stream/episode/leg; unknown SIM timing: every 10th numeric-sorted frame + first/last (mandatory endpoints may exceed 10% for n<20)
zone-rgb-outcome-v2-20260925/dev-a2/track/zone-dispatch-20260925__dev-fixture-3/r1-1,12171,11847,20480,16384,3,1,2,324,4096,D5,
zone-rgb-outcome-v2-20260925/dev-a2/track/zone-dispatch-20260925__dev-fixture-3/r1-2,19530,19530,28672,28672,3,0,3,0,0,,
zone-rgb-outcome-v2-20260925/dev-a2/track/zone-dispatch-20260925__dev-fixture-3/r2-1,16938,16938,24576,24576,3,0,3,0,0,,
zone-rgb-outcome-v2-20260925/dev-a2/track/zone-dispatch-20260925__dev-fixture-3/r3-1,29648,29648,36864,36864,3,0,3,0,0,,
zone-rgb-outcome-v2-20260925/dev-a2/track/zone-dispatch-20260925__dev-fixture-5,0,0,0,0,0,0,0,0,0,,
zone-rgb-outcome-v2-20260925/dev-a2/track/zone-dispatch-20260925__dev-fixture-5/frames,22485913,22485913,23236608,23236608,336,0,336,0,0,,first + >=1 SIM second since last sample + last per stream/episode/leg; unknown SIM timing: every 10th numeric-sorted frame + first/last (mandatory endpoints may exceed 10% for n<20)
zone-rgb-outcome-v2-20260925/dev-a2/track/zone-dispatch-20260925__dev-fixture-5/r1-1,12279,11955,20480,16384,3,1,2,324,4096,D5,
zone-rgb-outcome-v2-20260925/dev-a2/track/zone-dispatch-20260925__dev-fixture-5/r1-2,19984,19984,28672,28672,3,0,3,0,0,,
zone-rgb-outcome-v2-20260925/dev-a2/track/zone-dispatch-20260925__dev-fixture-5/r2-1,16938,16614,24576,20480,3,1,2,324,4096,D5,
zone-rgb-outcome-v2-20260925/dev-a2/track/zone-dispatch-20260925__dev-fixture-5/r2-2,23596,23271,32768,28672,3,1,2,325,4096,D5,
zone-rgb-outcome-v2-20260925/dev-a2/track/zone-dispatch-20260925__dev-fixture-5/r3-1,16751,16427,24576,20480,3,1,2,324,4096,D5,
zone-rgb-outcome-v2-20260925/dev-a2/track/zone-dispatch-20260925__dev-fixture-7,0,0,0,0,0,0,0,0,0,,
zone-rgb-outcome-v2-20260925/dev-a2/track/zone-dispatch-20260925__dev-fixture-7/frames,24489125,24489125,25239552,25239552,365,0,365,0,0,,first + >=1 SIM second since last sample + last per stream/episode/leg; unknown SIM timing: every 10th numeric-sorted frame + first/last (mandatory endpoints may exceed 10% for n<20)
zone-rgb-outcome-v2-20260925/dev-b,0,0,0,0,0,0,0,0,0,,
zone-rgb-outcome-v2-20260925/dev-b/labels,0,0,0,0,0,0,0,0,0,,
zone-rgb-outcome-v2-20260925/dev-b/labels/zone-communication-20260925__gate-dynamic-nominal,0,0,0,0,0,0,0,0,0,,
zone-rgb-outcome-v2-20260925/dev-b/labels/zone-communication-20260925__gate-dynamic-nominal/r1-1,3780,3780,4096,4096,1,0,1,0,0,,
zone-rgb-outcome-v2-20260925/dev-b/labels/zone-communication-20260925__gate-dynamic-nominal/r1-2,5556,5556,8192,8192,1,0,1,0,0,,
zone-rgb-outcome-v2-20260925/dev-b/labels/zone-communication-20260925__gate-dynamic-nominal/r2-1,3385,3385,4096,4096,1,0,1,0,0,,
zone-rgb-outcome-v2-20260925/dev-b/labels/zone-communication-20260925__gate-dynamic-nominal/r2-2,5164,5164,8192,8192,1,0,1,0,0,,
zone-rgb-outcome-v2-20260925/dev-b/labels/zone-communication-20260925__gate-dynamic-nominal/r3-1,4500,4500,8192,8192,1,0,1,0,0,,
zone-rgb-outcome-v2-20260925/dev-b/labels/zone-communication-20260925__gate-dynamic-nominal/r3-2,5252,5252,8192,8192,1,0,1,0,0,,
zone-rgb-outcome-v2-20260925/dev-b/labels/zone-communication-20260925__gate-independent-nominal,0,0,0,0,0,0,0,0,0,,
zone-rgb-outcome-v2-20260925/dev-b/labels/zone-communication-20260925__gate-independent-nominal/r1-1,3780,0,4096,0,1,1,0,3780,4096,D5,
zone-rgb-outcome-v2-20260925/dev-b/labels/zone-communication-20260925__gate-independent-nominal/r1-2,1019,1019,4096,4096,1,0,1,0,0,,
zone-rgb-outcome-v2-20260925/dev-b/labels/zone-communication-20260925__gate-independent-nominal/r1-3,1019,1019,4096,4096,1,0,1,0,0,,
zone-rgb-outcome-v2-20260925/dev-b/labels/zone-communication-20260925__gate-independent-nominal/r1-4,1019,1019,4096,4096,1,0,1,0,0,,
zone-rgb-outcome-v2-20260925/dev-b/labels/zone-communication-20260925__gate-independent-nominal/r1-5,1000,1000,4096,4096,1,0,1,0,0,,
zone-rgb-outcome-v2-20260925/dev-b/labels/zone-communication-20260925__gate-independent-nominal/r1-6,5553,5553,8192,8192,1,0,1,0,0,,
zone-rgb-outcome-v2-20260925/dev-b/labels/zone-communication-20260925__gate-independent-nominal/r1-7,5344,5344,8192,8192,1,0,1,0,0,,
zone-rgb-outcome-v2-20260925/dev-b/labels/zone-communication-20260925__gate-independent-nominal/r2-1,3385,0,4096,0,1,1,0,3385,4096,D5,
zone-rgb-outcome-v2-20260925/dev-b/labels/zone-communication-20260925__gate-independent-nominal/r2-2,5098,5098,8192,8192,1,0,1,0,0,,
zone-rgb-outcome-v2-20260925/dev-b/labels/zone-communication-20260925__gate-independent-nominal/r3-1,4500,0,8192,0,1,1,0,4500,8192,D5,
zone-rgb-outcome-v2-20260925/dev-b/labels/zone-communication-20260925__gate-independent-nominal/r3-2,5563,5563,8192,8192,1,0,1,0,0,,
zone-rgb-outcome-v2-20260925/dev-b/labels/zone-communication-20260925__gate-plan_first-nominal,0,0,0,0,0,0,0,0,0,,
zone-rgb-outcome-v2-20260925/dev-b/labels/zone-communication-20260925__gate-plan_first-nominal/r1-1,3780,0,4096,0,1,1,0,3780,4096,D5,
zone-rgb-outcome-v2-20260925/dev-b/labels/zone-communication-20260925__gate-plan_first-nominal/r1-2,4970,4970,8192,8192,1,0,1,0,0,,
zone-rgb-outcome-v2-20260925/dev-b/labels/zone-communication-20260925__gate-plan_first-nominal/r2-1,3385,0,4096,0,1,1,0,3385,4096,D5,
zone-rgb-outcome-v2-20260925/dev-b/labels/zone-communication-20260925__gate-plan_first-nominal/r2-2,5349,5349,8192,8192,1,0,1,0,0,,
zone-rgb-outcome-v2-20260925/dev-b/labels/zone-communication-20260925__gate-plan_first-nominal/r3-1,4500,0,8192,0,1,1,0,4500,8192,D5,
zone-rgb-outcome-v2-20260925/dev-b/labels/zone-communication-20260925__gate-plan_first-nominal/r3-2,5381,5381,8192,8192,1,0,1,0,0,,
zone-rgb-outcome-v2-20260925/dev-b/labels/zone-communication-20260925__gate2-dynamic-nominal,0,0,0,0,0,0,0,0,0,,
zone-rgb-outcome-v2-20260925/dev-b/labels/zone-communication-20260925__gate2-dynamic-nominal/r1-1,3780,0,4096,0,1,1,0,3780,4096,D5,
zone-rgb-outcome-v2-20260925/dev-b/labels/zone-communication-20260925__gate2-dynamic-nominal/r1-2,5556,0,8192,0,1,1,0,5556,8192,D5,
zone-rgb-outcome-v2-20260925/dev-b/labels/zone-communication-20260925__gate2-dynamic-nominal/r2-1,3385,0,4096,0,1,1,0,3385,4096,D5,
zone-rgb-outcome-v2-20260925/dev-b/labels/zone-communication-20260925__gate2-dynamic-nominal/r2-2,5164,0,8192,0,1,1,0,5164,8192,D5,
zone-rgb-outcome-v2-20260925/dev-b/labels/zone-communication-20260925__gate2-dynamic-nominal/r3-1,4500,0,8192,0,1,1,0,4500,8192,D5,
zone-rgb-outcome-v2-20260925/dev-b/labels/zone-communication-20260925__gate2-dynamic-nominal/r3-2,5252,5252,8192,8192,1,0,1,0,0,,
zone-rgb-outcome-v2-20260925/dev-b/labels/zone-communication-20260925__gate2-independent-nominal,0,0,0,0,0,0,0,0,0,,
zone-rgb-outcome-v2-20260925/dev-b/labels/zone-communication-20260925__gate2-independent-nominal/r1-1,3780,0,4096,0,1,1,0,3780,4096,D5,
zone-rgb-outcome-v2-20260925/dev-b/labels/zone-communication-20260925__gate2-independent-nominal/r1-2,1019,0,4096,0,1,1,0,1019,4096,D5,
zone-rgb-outcome-v2-20260925/dev-b/labels/zone-communication-20260925__gate2-independent-nominal/r1-3,1019,0,4096,0,1,1,0,1019,4096,D5,
zone-rgb-outcome-v2-20260925/dev-b/labels/zone-communication-20260925__gate2-independent-nominal/r1-4,1019,0,4096,0,1,1,0,1019,4096,D5,
zone-rgb-outcome-v2-20260925/dev-b/labels/zone-communication-20260925__gate2-independent-nominal/r1-5,1000,0,4096,0,1,1,0,1000,4096,D5,
zone-rgb-outcome-v2-20260925/dev-b/labels/zone-communication-20260925__gate2-independent-nominal/r1-6,7257,7257,8192,8192,1,0,1,0,0,,
zone-rgb-outcome-v2-20260925/dev-b/labels/zone-communication-20260925__gate2-independent-nominal/r1-7,5418,5418,8192,8192,1,0,1,0,0,,
zone-rgb-outcome-v2-20260925/dev-b/labels/zone-communication-20260925__gate2-independent-nominal/r2-1,3385,0,4096,0,1,1,0,3385,4096,D5,
zone-rgb-outcome-v2-20260925/dev-b/labels/zone-communication-20260925__gate2-independent-nominal/r2-2,5098,0,8192,0,1,1,0,5098,8192,D5,
zone-rgb-outcome-v2-20260925/dev-b/labels/zone-communication-20260925__gate2-independent-nominal/r3-1,4500,0,8192,0,1,1,0,4500,8192,D5,
zone-rgb-outcome-v2-20260925/dev-b/labels/zone-communication-20260925__gate2-independent-nominal/r3-2,5805,5805,8192,8192,1,0,1,0,0,,
zone-rgb-outcome-v2-20260925/dev-b/labels/zone-communication-20260925__gate2-plan_first-nominal,0,0,0,0,0,0,0,0,0,,
zone-rgb-outcome-v2-20260925/dev-b/labels/zone-communication-20260925__gate2-plan_first-nominal/r1-1,3780,0,4096,0,1,1,0,3780,4096,D5,
zone-rgb-outcome-v2-20260925/dev-b/labels/zone-communication-20260925__gate2-plan_first-nominal/r1-2,4970,0,8192,0,1,1,0,4970,8192,D5,
zone-rgb-outcome-v2-20260925/dev-b/labels/zone-communication-20260925__gate2-plan_first-nominal/r2-1,3385,0,4096,0,1,1,0,3385,4096,D5,
zone-rgb-outcome-v2-20260925/dev-b/labels/zone-communication-20260925__gate2-plan_first-nominal/r2-2,5288,5288,8192,8192,1,0,1,0,0,,
zone-rgb-outcome-v2-20260925/dev-b/labels/zone-communication-20260925__gate2-plan_first-nominal/r3-1,4500,0,8192,0,1,1,0,4500,8192,D5,
zone-rgb-outcome-v2-20260925/dev-b/labels/zone-communication-20260925__gate2-plan_first-nominal/r3-2,5189,5189,8192,8192,1,0,1,0,0,,
zone-rgb-outcome-v2-20260925/dev-b/labels/zone-dispatch-20260925__dev-fixture-2,0,0,0,0,0,0,0,0,0,,
zone-rgb-outcome-v2-20260925/dev-b/labels/zone-dispatch-20260925__dev-fixture-2/r1-1,2009,2009,4096,4096,1,0,1,0,0,,
zone-rgb-outcome-v2-20260925/dev-b/labels/zone-dispatch-20260925__dev-fixture-2/r1-2,12360,12360,16384,16384,1,0,1,0,0,,
zone-rgb-outcome-v2-20260925/dev-b/labels/zone-dispatch-20260925__dev-fixture-2/r2-1,3921,3921,4096,4096,1,0,1,0,0,,
zone-rgb-outcome-v2-20260925/dev-b/labels/zone-dispatch-20260925__dev-fixture-2/r2-2,12391,12391,16384,16384,1,0,1,0,0,,
zone-rgb-outcome-v2-20260925/dev-b/labels/zone-dispatch-20260925__dev-fixture-2/r3-1,1947,1947,4096,4096,1,0,1,0,0,,
zone-rgb-outcome-v2-20260925/dev-b/labels/zone-dispatch-20260925__dev-fixture-2/r3-2,12240,12240,12288,12288,1,0,1,0,0,,
zone-rgb-outcome-v2-20260925/dev-b/labels/zone-dispatch-20260925__dev-fixture-4,0,0,0,0,0,0,0,0,0,,
zone-rgb-outcome-v2-20260925/dev-b/labels/zone-dispatch-20260925__dev-fixture-4/r1-1,3326,3326,4096,4096,1,0,1,0,0,,
zone-rgb-outcome-v2-20260925/dev-b/labels/zone-dispatch-20260925__dev-fixture-4/r1-2,8352,8352,12288,12288,1,0,1,0,0,,
zone-rgb-outcome-v2-20260925/dev-b/labels/zone-dispatch-20260925__dev-fixture-4/r2-1,4457,4457,8192,8192,1,0,1,0,0,,
zone-rgb-outcome-v2-20260925/dev-b/labels/zone-dispatch-20260925__dev-fixture-4/r2-2,5374,5374,8192,8192,1,0,1,0,0,,
zone-rgb-outcome-v2-20260925/dev-b/labels/zone-dispatch-20260925__dev-fixture-4/r3-1,4641,4641,8192,8192,1,0,1,0,0,,
zone-rgb-outcome-v2-20260925/dev-b/labels/zone-dispatch-20260925__dev-fixture-6-planfirst,0,0,0,0,0,0,0,0,0,,
zone-rgb-outcome-v2-20260925/dev-b/labels/zone-dispatch-20260925__dev-fixture-6-planfirst/r1-1,3326,0,4096,0,1,1,0,3326,4096,D5,
zone-rgb-outcome-v2-20260925/dev-b/labels/zone-dispatch-20260925__dev-fixture-6-planfirst/r1-2,5299,0,8192,0,1,1,0,5299,8192,D5,
zone-rgb-outcome-v2-20260925/dev-b/labels/zone-dispatch-20260925__dev-fixture-6-planfirst/r2-1,4396,0,8192,0,1,1,0,4396,8192,D5,
zone-rgb-outcome-v2-20260925/dev-b/labels/zone-dispatch-20260925__dev-fixture-6-planfirst/r2-2,6261,0,8192,0,1,1,0,6261,8192,D5,
zone-rgb-outcome-v2-20260925/dev-b/labels/zone-dispatch-20260925__dev-fixture-6-planfirst/r3-1,4641,0,8192,0,1,1,0,4641,8192,D5,
zone-rgb-outcome-v2-20260925/dev-b/labels/zone-dispatch-20260925__dev-fixture-8,0,0,0,0,0,0,0,0,0,,
zone-rgb-outcome-v2-20260925/dev-b/labels/zone-dispatch-20260925__dev-fixture-8/r1-1,5807,5807,8192,8192,1,0,1,0,0,,
zone-rgb-outcome-v2-20260925/dev-b/labels/zone-dispatch-20260925__dev-fixture-8/r1-2,6037,6037,8192,8192,1,0,1,0,0,,
zone-rgb-outcome-v2-20260925/dev-b/labels/zone-dispatch-20260925__dev-fixture-8/r2-1,3527,3527,4096,4096,1,0,1,0,0,,
zone-rgb-outcome-v2-20260925/dev-b/labels/zone-dispatch-20260925__dev-fixture-8/r2-2,5891,5891,8192,8192,1,0,1,0,0,,
zone-rgb-outcome-v2-20260925/dev-b/labels/zone-dispatch-20260925__dev-fixture-8/r3-1,3698,3698,4096,4096,1,0,1,0,0,,
zone-rgb-outcome-v2-20260925/dev-b/labels/zone-dispatch-20260925__dev-fixture-8/r3-2,6796,6796,8192,8192,1,0,1,0,0,,
zone-rgb-outcome-v2-20260925/dev-b/labels/zone-dispatch-20260925__diag-plan-replay,0,0,0,0,0,0,0,0,0,,
zone-rgb-outcome-v2-20260925/dev-b/labels/zone-dispatch-20260925__diag-plan-replay/r1-1,4457,4457,8192,8192,1,0,1,0,0,,
zone-rgb-outcome-v2-20260925/dev-b/labels/zone-dispatch-20260925__diag-plan-replay/r1-2,6656,6656,8192,8192,1,0,1,0,0,,
zone-rgb-outcome-v2-20260925/dev-b/labels/zone-dispatch-20260925__diag-plan-replay/r2-1,2741,2741,4096,4096,1,0,1,0,0,,
zone-rgb-outcome-v2-20260925/dev-b/labels/zone-dispatch-20260925__diag-plan-replay/r2-2,5670,5670,8192,8192,1,0,1,0,0,,
zone-rgb-outcome-v2-20260925/dev-b/labels/zone-dispatch-20260925__diag-plan-replay/r3-1,5075,5075,8192,8192,1,0,1,0,0,,
zone-rgb-outcome-v2-20260925/dev-b/labels/zone-dispatch-20260925__diag-plan-replay/r3-2,4578,4578,8192,8192,1,0,1,0,0,,
zone-rgb-outcome-v2-20260925/dev-b/labels/zone-rgb-outcome-runs-20260925__dev-o34-plan,0,0,0,0,0,0,0,0,0,,
zone-rgb-outcome-v2-20260925/dev-b/labels/zone-rgb-outcome-runs-20260925__dev-o34-plan/r1-1,4241,4241,8192,8192,1,0,1,0,0,,
zone-rgb-outcome-v2-20260925/dev-b/labels/zone-rgb-outcome-runs-20260925__dev-o34-plan/r1-2,5141,5141,8192,8192,1,0,1,0,0,,
zone-rgb-outcome-v2-20260925/dev-b/labels/zone-rgb-outcome-runs-20260925__dev-o34-plan/r2-1,2442,2442,4096,4096,1,0,1,0,0,,
zone-rgb-outcome-v2-20260925/dev-b/labels/zone-rgb-outcome-runs-20260925__dev-o34-plan/r2-2,2820,2820,4096,4096,1,0,1,0,0,,
zone-rgb-outcome-v2-20260925/dev-b/labels/zone-rgb-outcome-runs-20260925__dev-o34-plan/r3-1,2753,2753,4096,4096,1,0,1,0,0,,
zone-rgb-outcome-v2-20260925/dev-b/labels/zone-rgb-outcome-runs-20260925__dev-o34-plan/r3-2,5259,5259,8192,8192,1,0,1,0,0,,
zone-rgb-outcome-v2-20260925/dev-b/labels/zone-rgb-outcome-runs-20260925__dev-w31-ind,0,0,0,0,0,0,0,0,0,,
zone-rgb-outcome-v2-20260925/dev-b/labels/zone-rgb-outcome-runs-20260925__dev-w31-ind/r1-1,3822,3822,4096,4096,1,0,1,0,0,,
zone-rgb-outcome-v2-20260925/dev-b/labels/zone-rgb-outcome-runs-20260925__dev-w31-ind/r1-2,5471,5471,8192,8192,1,0,1,0,0,,
zone-rgb-outcome-v2-20260925/dev-b/labels/zone-rgb-outcome-runs-20260925__dev-w31-ind/r1-3,4504,4504,8192,8192,1,0,1,0,0,,
zone-rgb-outcome-v2-20260925/dev-b/labels/zone-rgb-outcome-runs-20260925__dev-w31-ind/r1-4,3189,3189,4096,4096,1,0,1,0,0,,
zone-rgb-outcome-v2-20260925/dev-b/labels/zone-rgb-outcome-runs-20260925__dev-w31-ind/r2-1,3209,3209,4096,4096,1,0,1,0,0,,
zone-rgb-outcome-v2-20260925/dev-b/labels/zone-rgb-outcome-runs-20260925__dev-w31-ind/r2-2,2509,2509,4096,4096,1,0,1,0,0,,
zone-rgb-outcome-v2-20260925/dev-b/labels/zone-rgb-outcome-runs-20260925__dev-w31-ind/r2-3,1019,1019,4096,4096,1,0,1,0,0,,
zone-rgb-outcome-v2-20260925/dev-b/labels/zone-rgb-outcome-runs-20260925__dev-w31-ind/r2-4,980,980,4096,4096,1,0,1,0,0,,
zone-rgb-outcome-v2-20260925/dev-b/labels/zone-rgb-outcome-runs-20260925__dev-w31-ind/r2-5,4632,4632,8192,8192,1,0,1,0,0,,
zone-rgb-outcome-v2-20260925/dev-b/labels/zone-rgb-outcome-runs-20260925__dev-w31-ind/r2-6,5272,5272,8192,8192,1,0,1,0,0,,
zone-rgb-outcome-v2-20260925/dev-b/labels/zone-rgb-outcome-runs-20260925__dev-w31-ind/r3-1,2989,2989,4096,4096,1,0,1,0,0,,
zone-rgb-outcome-v2-20260925/dev-b/labels/zone-rgb-outcome-runs-20260925__dev-w31-ind/r3-2,5652,5652,8192,8192,1,0,1,0,0,,
zone-rgb-outcome-v2-20260925/dev-b/labels/zone-rgb-outcome-runs-20260925__dev-w32-plan,0,0,0,0,0,0,0,0,0,,
zone-rgb-outcome-v2-20260925/dev-b/labels/zone-rgb-outcome-runs-20260925__dev-w32-plan/r1-1,4398,4398,8192,8192,1,0,1,0,0,,
zone-rgb-outcome-v2-20260925/dev-b/labels/zone-rgb-outcome-runs-20260925__dev-w32-plan/r1-2,4900,4900,8192,8192,1,0,1,0,0,,
zone-rgb-outcome-v2-20260925/dev-b/labels/zone-rgb-outcome-runs-20260925__dev-w32-plan/r2-1,2489,2489,4096,4096,1,0,1,0,0,,
zone-rgb-outcome-v2-20260925/dev-b/labels/zone-rgb-outcome-runs-20260925__dev-w32-plan/r2-2,7072,7072,8192,8192,1,0,1,0,0,,
zone-rgb-outcome-v2-20260925/dev-b/labels/zone-rgb-outcome-runs-20260925__dev-w32-plan/r3-1,3893,3893,4096,4096,1,0,1,0,0,,
zone-rgb-outcome-v2-20260925/dev-b/labels/zone-rgb-outcome-runs-20260925__dev-w32-plan/r3-2,4777,4777,8192,8192,1,0,1,0,0,,
zone-rgb-outcome-v2-20260925/dev-b/track,7096,7096,8192,8192,1,0,1,0,0,,
zone-rgb-outcome-v2-20260925/dev-b/track/zone-communication-20260925__gate-dynamic-nominal,0,0,0,0,0,0,0,0,0,,
zone-rgb-outcome-v2-20260925/dev-b/track/zone-communication-20260925__gate-dynamic-nominal/frames,37461712,37461712,38748160,38748160,616,0,616,0,0,,first + >=1 SIM second since last sample + last per stream/episode/leg; unknown SIM timing: every 10th numeric-sorted frame + first/last (mandatory endpoints may exceed 10% for n<20)
zone-rgb-outcome-v2-20260925/dev-b/track/zone-communication-20260925__gate-dynamic-nominal/r1-1,17647,17647,24576,24576,3,0,3,0,0,,
zone-rgb-outcome-v2-20260925/dev-b/track/zone-communication-20260925__gate-dynamic-nominal/r1-2,25548,25548,32768,32768,3,0,3,0,0,,
zone-rgb-outcome-v2-20260925/dev-b/track/zone-communication-20260925__gate-dynamic-nominal/r2-1,15508,15508,24576,24576,3,0,3,0,0,,
zone-rgb-outcome-v2-20260925/dev-b/track/zone-communication-20260925__gate-dynamic-nominal/r2-2,26439,26439,36864,36864,3,0,3,0,0,,
zone-rgb-outcome-v2-20260925/dev-b/track/zone-communication-20260925__gate-dynamic-nominal/r3-1,20568,20568,28672,28672,3,0,3,0,0,,
zone-rgb-outcome-v2-20260925/dev-b/track/zone-communication-20260925__gate-dynamic-nominal/r3-2,24123,24123,32768,32768,3,0,3,0,0,,
zone-rgb-outcome-v2-20260925/dev-b/track/zone-communication-20260925__gate-independent-nominal,0,0,0,0,0,0,0,0,0,,
zone-rgb-outcome-v2-20260925/dev-b/track/zone-communication-20260925__gate-independent-nominal/frames,66490310,66316056,68902912,68722688,1096,3,1093,174254,180224,D1,first + >=1 SIM second since last sample + last per stream/episode/leg; unknown SIM timing: every 10th numeric-sorted frame + first/last (mandatory endpoints may exceed 10% for n<20)
zone-rgb-outcome-v2-20260925/dev-b/track/zone-communication-20260925__gate-independent-nominal/r1-1,17667,17235,24576,20480,3,1,2,432,4096,D5,
zone-rgb-outcome-v2-20260925/dev-b/track/zone-communication-20260925__gate-independent-nominal/r1-2,5333,5333,12288,12288,3,0,3,0,0,,
zone-rgb-outcome-v2-20260925/dev-b/track/zone-communication-20260925__gate-independent-nominal/r1-3,5173,5173,12288,12288,3,0,3,0,0,,
zone-rgb-outcome-v2-20260925/dev-b/track/zone-communication-20260925__gate-independent-nominal/r1-4,5173,5173,12288,12288,3,0,3,0,0,,
zone-rgb-outcome-v2-20260925/dev-b/track/zone-communication-20260925__gate-independent-nominal/r1-5,4779,4779,12288,12288,3,0,3,0,0,,
zone-rgb-outcome-v2-20260925/dev-b/track/zone-communication-20260925__gate-independent-nominal/r1-6,27914,27914,36864,36864,3,0,3,0,0,,
zone-rgb-outcome-v2-20260925/dev-b/track/zone-communication-20260925__gate-independent-nominal/r1-7,24525,24525,32768,32768,3,0,3,0,0,,
zone-rgb-outcome-v2-20260925/dev-b/track/zone-communication-20260925__gate-independent-nominal/r2-1,15528,15096,24576,20480,3,1,2,432,4096,D5,
zone-rgb-outcome-v2-20260925/dev-b/track/zone-communication-20260925__gate-independent-nominal/r2-2,26130,26130,32768,32768,3,0,3,0,0,,
zone-rgb-outcome-v2-20260925/dev-b/track/zone-communication-20260925__gate-independent-nominal/r3-1,20588,20156,28672,24576,3,1,2,432,4096,D5,
zone-rgb-outcome-v2-20260925/dev-b/track/zone-communication-20260925__gate-independent-nominal/r3-2,25510,25510,32768,32768,3,0,3,0,0,,
zone-rgb-outcome-v2-20260925/dev-b/track/zone-communication-20260925__gate-plan_first-nominal,0,0,0,0,0,0,0,0,0,,
zone-rgb-outcome-v2-20260925/dev-b/track/zone-communication-20260925__gate-plan_first-nominal/frames,37950082,37950082,39247872,39247872,624,0,624,0,0,,first + >=1 SIM second since last sample + last per stream/episode/leg; unknown SIM timing: every 10th numeric-sorted frame + first/last (mandatory endpoints may exceed 10% for n<20)
zone-rgb-outcome-v2-20260925/dev-b/track/zone-communication-20260925__gate-plan_first-nominal/r1-1,17662,17230,24576,20480,3,1,2,432,4096,D5,
zone-rgb-outcome-v2-20260925/dev-b/track/zone-communication-20260925__gate-plan_first-nominal/r1-2,25675,25675,32768,32768,3,0,3,0,0,,
zone-rgb-outcome-v2-20260925/dev-b/track/zone-communication-20260925__gate-plan_first-nominal/r2-1,15523,15091,24576,20480,3,1,2,432,4096,D5,
zone-rgb-outcome-v2-20260925/dev-b/track/zone-communication-20260925__gate-plan_first-nominal/r2-2,24634,24201,32768,28672,3,1,2,433,4096,D5,
zone-rgb-outcome-v2-20260925/dev-b/track/zone-communication-20260925__gate-plan_first-nominal/r3-1,20583,20151,28672,24576,3,1,2,432,4096,D5,
zone-rgb-outcome-v2-20260925/dev-b/track/zone-communication-20260925__gate-plan_first-nominal/r3-2,24731,24731,32768,32768,3,0,3,0,0,,
zone-rgb-outcome-v2-20260925/dev-b/track/zone-communication-20260925__gate2-dynamic-nominal,0,0,0,0,0,0,0,0,0,,
zone-rgb-outcome-v2-20260925/dev-b/track/zone-communication-20260925__gate2-dynamic-nominal/frames,37455363,37455363,38735872,38735872,616,0,616,0,0,,first + >=1 SIM second since last sample + last per stream/episode/leg; unknown SIM timing: every 10th numeric-sorted frame + first/last (mandatory endpoints may exceed 10% for n<20)
zone-rgb-outcome-v2-20260925/dev-b/track/zone-communication-20260925__gate2-dynamic-nominal/r1-1,17652,17220,24576,20480,3,1,2,432,4096,D5,
zone-rgb-outcome-v2-20260925/dev-b/track/zone-communication-20260925__gate2-dynamic-nominal/r1-2,25553,25120,32768,28672,3,1,2,433,4096,D5,
zone-rgb-outcome-v2-20260925/dev-b/track/zone-communication-20260925__gate2-dynamic-nominal/r2-1,15513,15081,24576,20480,3,1,2,432,4096,D5,
zone-rgb-outcome-v2-20260925/dev-b/track/zone-communication-20260925__gate2-dynamic-nominal/r2-2,26444,26011,36864,32768,3,1,2,433,4096,D5,
zone-rgb-outcome-v2-20260925/dev-b/track/zone-communication-20260925__gate2-dynamic-nominal/r3-1,20573,20141,28672,24576,3,1,2,432,4096,D5,
zone-rgb-outcome-v2-20260925/dev-b/track/zone-communication-20260925__gate2-dynamic-nominal/r3-2,24128,23695,32768,28672,3,1,2,433,4096,D5,
zone-rgb-outcome-v2-20260925/dev-b/track/zone-communication-20260925__gate2-independent-nominal,0,0,0,0,0,0,0,0,0,,
zone-rgb-outcome-v2-20260925/dev-b/track/zone-communication-20260925__gate2-independent-nominal/frames,73421997,73193545,75898880,75661312,1212,4,1208,228452,237568,D1,first + >=1 SIM second since last sample + last per stream/episode/leg; unknown SIM timing: every 10th numeric-sorted frame + first/last (mandatory endpoints may exceed 10% for n<20)
zone-rgb-outcome-v2-20260925/dev-b/track/zone-communication-20260925__gate2-independent-nominal/r1-1,17672,17240,24576,20480,3,1,2,432,4096,D5,
zone-rgb-outcome-v2-20260925/dev-b/track/zone-communication-20260925__gate2-independent-nominal/r1-2,5338,4788,12288,8192,3,1,2,550,4096,D5,
zone-rgb-outcome-v2-20260925/dev-b/track/zone-communication-20260925__gate2-independent-nominal/r1-3,5178,4628,12288,8192,3,1,2,550,4096,D5,
zone-rgb-outcome-v2-20260925/dev-b/track/zone-communication-20260925__gate2-independent-nominal/r1-4,5178,4628,12288,8192,3,1,2,550,4096,D5,
zone-rgb-outcome-v2-20260925/dev-b/track/zone-communication-20260925__gate2-independent-nominal/r1-5,4784,4472,12288,8192,3,1,2,312,4096,D5,
zone-rgb-outcome-v2-20260925/dev-b/track/zone-communication-20260925__gate2-independent-nominal/r1-6,36523,36523,45056,45056,3,0,3,0,0,,
zone-rgb-outcome-v2-20260925/dev-b/track/zone-communication-20260925__gate2-independent-nominal/r1-7,24838,24838,32768,32768,3,0,3,0,0,,
zone-rgb-outcome-v2-20260925/dev-b/track/zone-communication-20260925__gate2-independent-nominal/r2-1,15533,15101,24576,20480,3,1,2,432,4096,D5,
zone-rgb-outcome-v2-20260925/dev-b/track/zone-communication-20260925__gate2-independent-nominal/r2-2,26135,25702,32768,28672,3,1,2,433,4096,D5,
zone-rgb-outcome-v2-20260925/dev-b/track/zone-communication-20260925__gate2-independent-nominal/r3-1,20593,20161,28672,24576,3,1,2,432,4096,D5,
zone-rgb-outcome-v2-20260925/dev-b/track/zone-communication-20260925__gate2-independent-nominal/r3-2,26546,26546,36864,36864,3,0,3,0,0,,
zone-rgb-outcome-v2-20260925/dev-b/track/zone-communication-20260925__gate2-plan_first-nominal,0,0,0,0,0,0,0,0,0,,
zone-rgb-outcome-v2-20260925/dev-b/track/zone-communication-20260925__gate2-plan_first-nominal/frames,37222691,37222691,38494208,38494208,612,0,612,0,0,,first + >=1 SIM second since last sample + last per stream/episode/leg; unknown SIM timing: every 10th numeric-sorted frame + first/last (mandatory endpoints may exceed 10% for n<20)
zone-rgb-outcome-v2-20260925/dev-b/track/zone-communication-20260925__gate2-plan_first-nominal/r1-1,17667,17235,24576,20480,3,1,2,432,4096,D5,
zone-rgb-outcome-v2-20260925/dev-b/track/zone-communication-20260925__gate2-plan_first-nominal/r1-2,25680,25247,32768,28672,3,1,2,433,4096,D5,
zone-rgb-outcome-v2-20260925/dev-b/track/zone-communication-20260925__gate2-plan_first-nominal/r2-1,15528,15096,24576,20480,3,1,2,432,4096,D5,
zone-rgb-outcome-v2-20260925/dev-b/track/zone-communication-20260925__gate2-plan_first-nominal/r2-2,24381,24381,32768,32768,3,0,3,0,0,,
zone-rgb-outcome-v2-20260925/dev-b/track/zone-communication-20260925__gate2-plan_first-nominal/r3-1,20588,20156,28672,24576,3,1,2,432,4096,D5,
zone-rgb-outcome-v2-20260925/dev-b/track/zone-communication-20260925__gate2-plan_first-nominal/r3-2,23862,23862,32768,32768,3,0,3,0,0,,
zone-rgb-outcome-v2-20260925/dev-b/track/zone-dispatch-20260925__dev-fixture-2,0,0,0,0,0,0,0,0,0,,
zone-rgb-outcome-v2-20260925/dev-b/track/zone-dispatch-20260925__dev-fixture-2/frames,32842455,32842455,34238464,34238464,492,0,492,0,0,,first + >=1 SIM second since last sample + last per stream/episode/leg; unknown SIM timing: every 10th numeric-sorted frame + first/last (mandatory endpoints may exceed 10% for n<20)
zone-rgb-outcome-v2-20260925/dev-b/track/zone-dispatch-20260925__dev-fixture-2/r1-1,7464,7464,16384,16384,3,0,3,0,0,,
zone-rgb-outcome-v2-20260925/dev-b/track/zone-dispatch-20260925__dev-fixture-2/r1-2,47807,47807,57344,57344,3,0,3,0,0,,
zone-rgb-outcome-v2-20260925/dev-b/track/zone-dispatch-20260925__dev-fixture-2/r2-1,14204,14204,24576,24576,3,0,3,0,0,,
zone-rgb-outcome-v2-20260925/dev-b/track/zone-dispatch-20260925__dev-fixture-2/r2-2,47840,47840,57344,57344,3,0,3,0,0,,
zone-rgb-outcome-v2-20260925/dev-b/track/zone-dispatch-20260925__dev-fixture-2/r3-1,7221,7221,16384,16384,3,0,3,0,0,,
zone-rgb-outcome-v2-20260925/dev-b/track/zone-dispatch-20260925__dev-fixture-2/r3-2,47763,47763,57344,57344,3,0,3,0,0,,
zone-rgb-outcome-v2-20260925/dev-b/track/zone-dispatch-20260925__dev-fixture-4,0,0,0,0,0,0,0,0,0,,
zone-rgb-outcome-v2-20260925/dev-b/track/zone-dispatch-20260925__dev-fixture-4/frames,23930514,23930514,24535040,24535040,358,0,358,0,0,,first + >=1 SIM second since last sample + last per stream/episode/leg; unknown SIM timing: every 10th numeric-sorted frame + first/last (mandatory endpoints may exceed 10% for n<20)
zone-rgb-outcome-v2-20260925/dev-b/track/zone-dispatch-20260925__dev-fixture-4/r1-1,12279,12279,20480,20480,3,0,3,0,0,,
zone-rgb-outcome-v2-20260925/dev-b/track/zone-dispatch-20260925__dev-fixture-4/r1-2,30505,30505,40960,40960,3,0,3,0,0,,
zone-rgb-outcome-v2-20260925/dev-b/track/zone-dispatch-20260925__dev-fixture-4/r2-1,17195,17195,24576,24576,3,0,3,0,0,,
zone-rgb-outcome-v2-20260925/dev-b/track/zone-dispatch-20260925__dev-fixture-4/r2-2,20021,20021,28672,28672,3,0,3,0,0,,
zone-rgb-outcome-v2-20260925/dev-b/track/zone-dispatch-20260925__dev-fixture-4/r3-1,16751,16751,24576,24576,3,0,3,0,0,,
zone-rgb-outcome-v2-20260925/dev-b/track/zone-dispatch-20260925__dev-fixture-6-planfirst,0,0,0,0,0,0,0,0,0,,
zone-rgb-outcome-v2-20260925/dev-b/track/zone-dispatch-20260925__dev-fixture-6-planfirst/frames,22485913,22485913,23236608,23236608,336,0,336,0,0,,first + >=1 SIM second since last sample + last per stream/episode/leg; unknown SIM timing: every 10th numeric-sorted frame + first/last (mandatory endpoints may exceed 10% for n<20)
zone-rgb-outcome-v2-20260925/dev-b/track/zone-dispatch-20260925__dev-fixture-6-planfirst/r1-1,12309,11985,20480,16384,3,1,2,324,4096,D5,
zone-rgb-outcome-v2-20260925/dev-b/track/zone-dispatch-20260925__dev-fixture-6-planfirst/r1-2,20014,19689,28672,24576,3,1,2,325,4096,D5,
zone-rgb-outcome-v2-20260925/dev-b/track/zone-dispatch-20260925__dev-fixture-6-planfirst/r2-1,16968,16644,24576,20480,3,1,2,324,4096,D5,
zone-rgb-outcome-v2-20260925/dev-b/track/zone-dispatch-20260925__dev-fixture-6-planfirst/r2-2,23626,23301,32768,28672,3,1,2,325,4096,D5,
zone-rgb-outcome-v2-20260925/dev-b/track/zone-dispatch-20260925__dev-fixture-6-planfirst/r3-1,16781,16457,24576,20480,3,1,2,324,4096,D5,
zone-rgb-outcome-v2-20260925/dev-b/track/zone-dispatch-20260925__dev-fixture-8,0,0,0,0,0,0,0,0,0,,
zone-rgb-outcome-v2-20260925/dev-b/track/zone-dispatch-20260925__dev-fixture-8/frames,25235722,25235722,26021888,26021888,376,0,376,0,0,,first + >=1 SIM second since last sample + last per stream/episode/leg; unknown SIM timing: every 10th numeric-sorted frame + first/last (mandatory endpoints may exceed 10% for n<20)
zone-rgb-outcome-v2-20260925/dev-b/track/zone-dispatch-20260925__dev-fixture-8/r1-1,23230,23230,32768,32768,3,0,3,0,0,,
zone-rgb-outcome-v2-20260925/dev-b/track/zone-dispatch-20260925__dev-fixture-8/r1-2,22350,22350,32768,32768,3,0,3,0,0,,
zone-rgb-outcome-v2-20260925/dev-b/track/zone-dispatch-20260925__dev-fixture-8/r2-1,13250,13250,20480,20480,3,0,3,0,0,,
zone-rgb-outcome-v2-20260925/dev-b/track/zone-dispatch-20260925__dev-fixture-8/r2-2,22237,22237,32768,32768,3,0,3,0,0,,
zone-rgb-outcome-v2-20260925/dev-b/track/zone-dispatch-20260925__dev-fixture-8/r3-1,13555,13555,24576,24576,3,0,3,0,0,,
zone-rgb-outcome-v2-20260925/dev-b/track/zone-dispatch-20260925__dev-fixture-8/r3-2,25221,25221,32768,32768,3,0,3,0,0,,
zone-rgb-outcome-v2-20260925/dev-b/track/zone-dispatch-20260925__diag-plan-replay,0,0,0,0,0,0,0,0,0,,
zone-rgb-outcome-v2-20260925/dev-b/track/zone-dispatch-20260925__diag-plan-replay/frames,23910549,23910549,24678400,24678400,356,0,356,0,0,,first + >=1 SIM second since last sample + last per stream/episode/leg; unknown SIM timing: every 10th numeric-sorted frame + first/last (mandatory endpoints may exceed 10% for n<20)
zone-rgb-outcome-v2-20260925/dev-b/track/zone-dispatch-20260925__diag-plan-replay/r1-1,16547,16223,24576,20480,3,1,2,324,4096,D5,
zone-rgb-outcome-v2-20260925/dev-b/track/zone-dispatch-20260925__diag-plan-replay/r1-2,25848,25848,36864,36864,3,0,3,0,0,,
zone-rgb-outcome-v2-20260925/dev-b/track/zone-dispatch-20260925__diag-plan-replay/r2-1,10126,10126,20480,20480,3,0,3,0,0,,
zone-rgb-outcome-v2-20260925/dev-b/track/zone-dispatch-20260925__diag-plan-replay/r2-2,24158,24158,32768,32768,3,0,3,0,0,,
zone-rgb-outcome-v2-20260925/dev-b/track/zone-dispatch-20260925__diag-plan-replay/r3-1,19018,19018,28672,28672,3,0,3,0,0,,
zone-rgb-outcome-v2-20260925/dev-b/track/zone-dispatch-20260925__diag-plan-replay/r3-2,17138,17138,24576,24576,3,0,3,0,0,,
zone-rgb-outcome-v2-20260925/dev-b/track/zone-rgb-outcome-runs-20260925__dev-o34-plan,0,0,0,0,0,0,0,0,0,,
zone-rgb-outcome-v2-20260925/dev-b/track/zone-rgb-outcome-runs-20260925__dev-o34-plan/frames,28951718,28951718,30330880,30330880,626,0,626,0,0,,first + >=1 SIM second since last sample + last per stream/episode/leg; unknown SIM timing: every 10th numeric-sorted frame + first/last (mandatory endpoints may exceed 10% for n<20)
zone-rgb-outcome-v2-20260925/dev-b/track/zone-rgb-outcome-runs-20260925__dev-o34-plan/r1-1,17448,17448,24576,24576,3,0,3,0,0,,
zone-rgb-outcome-v2-20260925/dev-b/track/zone-rgb-outcome-runs-20260925__dev-o34-plan/r1-2,21560,21560,28672,28672,3,0,3,0,0,,
zone-rgb-outcome-v2-20260925/dev-b/track/zone-rgb-outcome-runs-20260925__dev-o34-plan/r2-1,10317,10317,20480,20480,3,0,3,0,0,,
zone-rgb-outcome-v2-20260925/dev-b/track/zone-rgb-outcome-runs-20260925__dev-o34-plan/r2-2,11643,11643,20480,20480,3,0,3,0,0,,
zone-rgb-outcome-v2-20260925/dev-b/track/zone-rgb-outcome-runs-20260925__dev-o34-plan/r3-1,11285,11285,20480,20480,3,0,3,0,0,,
zone-rgb-outcome-v2-20260925/dev-b/track/zone-rgb-outcome-runs-20260925__dev-o34-plan/r3-2,21771,21771,32768,32768,3,0,3,0,0,,
zone-rgb-outcome-v2-20260925/dev-b/track/zone-rgb-outcome-runs-20260925__dev-w31-ind,0,0,0,0,0,0,0,0,0,,
zone-rgb-outcome-v2-20260925/dev-b/track/zone-rgb-outcome-runs-20260925__dev-w31-ind/frames,82883054,82540800,86421504,86069248,1712,5,1707,342254,352256,D1,first + >=1 SIM second since last sample + last per stream/episode/leg; unknown SIM timing: every 10th numeric-sorted frame + first/last (mandatory endpoints may exceed 10% for n<20)
zone-rgb-outcome-v2-20260925/dev-b/track/zone-rgb-outcome-runs-20260925__dev-w31-ind/r1-1,19081,19081,28672,28672,3,0,3,0,0,,
zone-rgb-outcome-v2-20260925/dev-b/track/zone-rgb-outcome-runs-20260925__dev-w31-ind/r1-2,27522,27522,36864,36864,3,0,3,0,0,,
zone-rgb-outcome-v2-20260925/dev-b/track/zone-rgb-outcome-runs-20260925__dev-w31-ind/r1-3,22477,22477,32768,32768,3,0,3,0,0,,
zone-rgb-outcome-v2-20260925/dev-b/track/zone-rgb-outcome-runs-20260925__dev-w31-ind/r1-4,15965,15965,24576,24576,3,0,3,0,0,,
zone-rgb-outcome-v2-20260925/dev-b/track/zone-rgb-outcome-runs-20260925__dev-w31-ind/r2-1,16110,16110,24576,24576,3,0,3,0,0,,
zone-rgb-outcome-v2-20260925/dev-b/track/zone-rgb-outcome-runs-20260925__dev-w31-ind/r2-2,13834,13834,20480,20480,3,0,3,0,0,,
zone-rgb-outcome-v2-20260925/dev-b/track/zone-rgb-outcome-runs-20260925__dev-w31-ind/r2-3,5503,5503,12288,12288,3,0,3,0,0,,
zone-rgb-outcome-v2-20260925/dev-b/track/zone-rgb-outcome-runs-20260925__dev-w31-ind/r2-4,4922,4922,12288,12288,3,0,3,0,0,,
zone-rgb-outcome-v2-20260925/dev-b/track/zone-rgb-outcome-runs-20260925__dev-w31-ind/r2-5,24763,24763,32768,32768,3,0,3,0,0,,
zone-rgb-outcome-v2-20260925/dev-b/track/zone-rgb-outcome-runs-20260925__dev-w31-ind/r2-6,26254,26254,36864,36864,3,0,3,0,0,,
zone-rgb-outcome-v2-20260925/dev-b/track/zone-rgb-outcome-runs-20260925__dev-w31-ind/r3-1,14941,14941,24576,24576,3,0,3,0,0,,
zone-rgb-outcome-v2-20260925/dev-b/track/zone-rgb-outcome-runs-20260925__dev-w31-ind/r3-2,28160,28160,36864,36864,3,0,3,0,0,,
zone-rgb-outcome-v2-20260925/dev-b/track/zone-rgb-outcome-runs-20260925__dev-w32-plan,0,0,0,0,0,0,0,0,0,,
zone-rgb-outcome-v2-20260925/dev-b/track/zone-rgb-outcome-runs-20260925__dev-w32-plan/frames,46960100,46960100,49225728,49225728,1005,0,1005,0,0,,first + >=1 SIM second since last sample + last per stream/episode/leg; unknown SIM timing: every 10th numeric-sorted frame + first/last (mandatory endpoints may exceed 10% for n<20)
zone-rgb-outcome-v2-20260925/dev-b/track/zone-rgb-outcome-runs-20260925__dev-w32-plan/r1-1,21978,21978,28672,28672,3,0,3,0,0,,
zone-rgb-outcome-v2-20260925/dev-b/track/zone-rgb-outcome-runs-20260925__dev-w32-plan/r1-2,24363,24363,32768,32768,3,0,3,0,0,,
zone-rgb-outcome-v2-20260925/dev-b/track/zone-rgb-outcome-runs-20260925__dev-w32-plan/r2-1,12165,12165,20480,20480,3,0,3,0,0,,
zone-rgb-outcome-v2-20260925/dev-b/track/zone-rgb-outcome-runs-20260925__dev-w32-plan/r2-2,35004,35004,45056,45056,3,0,3,0,0,,
zone-rgb-outcome-v2-20260925/dev-b/track/zone-rgb-outcome-runs-20260925__dev-w32-plan/r3-1,19531,19531,28672,28672,3,0,3,0,0,,
zone-rgb-outcome-v2-20260925/dev-b/track/zone-rgb-outcome-runs-20260925__dev-w32-plan/r3-2,23896,23436,32768,28672,3,1,2,460,4096,D5,
zone-rgb-outcome-v2-20260925/dev-final,0,0,0,0,0,0,0,0,0,,
zone-rgb-outcome-v2-20260925/dev-final/labels,0,0,0,0,0,0,0,0,0,,
zone-rgb-outcome-v2-20260925/dev-final/labels/zone-communication-20260925__gate-dynamic-graspfail,0,0,0,0,0,0,0,0,0,,
zone-rgb-outcome-v2-20260925/dev-final/labels/zone-communication-20260925__gate-dynamic-graspfail/r1-1,2813,2813,4096,4096,1,0,1,0,0,,
zone-rgb-outcome-v2-20260925/dev-final/labels/zone-communication-20260925__gate-dynamic-graspfail/r1-2,3930,3930,4096,4096,1,0,1,0,0,,
zone-rgb-outcome-v2-20260925/dev-final/labels/zone-communication-20260925__gate-dynamic-graspfail/r1-3,5208,5208,8192,8192,1,0,1,0,0,,
zone-rgb-outcome-v2-20260925/dev-final/labels/zone-communication-20260925__gate-dynamic-graspfail/r2-1,3385,0,4096,0,1,1,0,3385,4096,D5,
zone-rgb-outcome-v2-20260925/dev-final/labels/zone-communication-20260925__gate-dynamic-graspfail/r2-2,5159,5159,8192,8192,1,0,1,0,0,,
zone-rgb-outcome-v2-20260925/dev-final/labels/zone-communication-20260925__gate-dynamic-graspfail/r3-1,4560,4560,8192,8192,1,0,1,0,0,,
zone-rgb-outcome-v2-20260925/dev-final/labels/zone-communication-20260925__gate-dynamic-graspfail/r3-2,5495,5495,8192,8192,1,0,1,0,0,,
zone-rgb-outcome-v2-20260925/dev-final/labels/zone-communication-20260925__gate-dynamic-nominal,0,0,0,0,0,0,0,0,0,,
zone-rgb-outcome-v2-20260925/dev-final/labels/zone-communication-20260925__gate-dynamic-nominal/r1-1,3780,0,4096,0,1,1,0,3780,4096,D5,
zone-rgb-outcome-v2-20260925/dev-final/labels/zone-communication-20260925__gate-dynamic-nominal/r1-2,5556,0,8192,0,1,1,0,5556,8192,D5,
zone-rgb-outcome-v2-20260925/dev-final/labels/zone-communication-20260925__gate-dynamic-nominal/r2-1,3385,0,4096,0,1,1,0,3385,4096,D5,
zone-rgb-outcome-v2-20260925/dev-final/labels/zone-communication-20260925__gate-dynamic-nominal/r2-2,5164,0,8192,0,1,1,0,5164,8192,D5,
zone-rgb-outcome-v2-20260925/dev-final/labels/zone-communication-20260925__gate-dynamic-nominal/r3-1,4500,0,8192,0,1,1,0,4500,8192,D5,
zone-rgb-outcome-v2-20260925/dev-final/labels/zone-communication-20260925__gate-dynamic-nominal/r3-2,5252,0,8192,0,1,1,0,5252,8192,D5,
zone-rgb-outcome-v2-20260925/dev-final/labels/zone-communication-20260925__gate-independent-graspfail,0,0,0,0,0,0,0,0,0,,
zone-rgb-outcome-v2-20260925/dev-final/labels/zone-communication-20260925__gate-independent-graspfail/r1-1,3780,0,4096,0,1,1,0,3780,4096,D5,
zone-rgb-outcome-v2-20260925/dev-final/labels/zone-communication-20260925__gate-independent-graspfail/r1-10,1366,1366,4096,4096,1,0,1,0,0,,
zone-rgb-outcome-v2-20260925/dev-final/labels/zone-communication-20260925__gate-independent-graspfail/r1-11,1366,1366,4096,4096,1,0,1,0,0,,
zone-rgb-outcome-v2-20260925/dev-final/labels/zone-communication-20260925__gate-independent-graspfail/r1-12,9821,9821,12288,12288,1,0,1,0,0,,
zone-rgb-outcome-v2-20260925/dev-final/labels/zone-communication-20260925__gate-independent-graspfail/r1-13,5146,5146,8192,8192,1,0,1,0,0,,
zone-rgb-outcome-v2-20260925/dev-final/labels/zone-communication-20260925__gate-independent-graspfail/r1-2,1349,1349,4096,4096,1,0,1,0,0,,
zone-rgb-outcome-v2-20260925/dev-final/labels/zone-communication-20260925__gate-independent-graspfail/r1-3,1349,1349,4096,4096,1,0,1,0,0,,
zone-rgb-outcome-v2-20260925/dev-final/labels/zone-communication-20260925__gate-independent-graspfail/r1-4,1349,1349,4096,4096,1,0,1,0,0,,
zone-rgb-outcome-v2-20260925/dev-final/labels/zone-communication-20260925__gate-independent-graspfail/r1-5,1359,1359,4096,4096,1,0,1,0,0,,
zone-rgb-outcome-v2-20260925/dev-final/labels/zone-communication-20260925__gate-independent-graspfail/r1-6,1366,1366,4096,4096,1,0,1,0,0,,
zone-rgb-outcome-v2-20260925/dev-final/labels/zone-communication-20260925__gate-independent-graspfail/r1-7,1366,1366,4096,4096,1,0,1,0,0,,
zone-rgb-outcome-v2-20260925/dev-final/labels/zone-communication-20260925__gate-independent-graspfail/r1-8,1366,1366,4096,4096,1,0,1,0,0,,
zone-rgb-outcome-v2-20260925/dev-final/labels/zone-communication-20260925__gate-independent-graspfail/r1-9,1366,1366,4096,4096,1,0,1,0,0,,
zone-rgb-outcome-v2-20260925/dev-final/labels/zone-communication-20260925__gate-independent-graspfail/r2-1,3671,3671,4096,4096,1,0,1,0,0,,
zone-rgb-outcome-v2-20260925/dev-final/labels/zone-communication-20260925__gate-independent-graspfail/r2-2,9357,9357,12288,12288,1,0,1,0,0,,
zone-rgb-outcome-v2-20260925/dev-final/labels/zone-communication-20260925__gate-independent-graspfail/r2-3,12424,12424,16384,16384,1,0,1,0,0,,
zone-rgb-outcome-v2-20260925/dev-final/labels/zone-communication-20260925__gate-independent-graspfail/r3-1,4500,0,8192,0,1,1,0,4500,8192,D5,
zone-rgb-outcome-v2-20260925/dev-final/labels/zone-communication-20260925__gate-independent-graspfail/r3-2,5798,5798,8192,8192,1,0,1,0,0,,
zone-rgb-outcome-v2-20260925/dev-final/labels/zone-communication-20260925__gate-independent-graspfail/r3-3,4876,4876,8192,8192,1,0,1,0,0,,
zone-rgb-outcome-v2-20260925/dev-final/labels/zone-communication-20260925__gate-independent-nominal,0,0,0,0,0,0,0,0,0,,
zone-rgb-outcome-v2-20260925/dev-final/labels/zone-communication-20260925__gate-independent-nominal/r1-1,3780,0,4096,0,1,1,0,3780,4096,D5,
zone-rgb-outcome-v2-20260925/dev-final/labels/zone-communication-20260925__gate-independent-nominal/r1-2,1349,1349,4096,4096,1,0,1,0,0,,
zone-rgb-outcome-v2-20260925/dev-final/labels/zone-communication-20260925__gate-independent-nominal/r1-3,1349,1349,4096,4096,1,0,1,0,0,,
zone-rgb-outcome-v2-20260925/dev-final/labels/zone-communication-20260925__gate-independent-nominal/r1-4,1349,1349,4096,4096,1,0,1,0,0,,
zone-rgb-outcome-v2-20260925/dev-final/labels/zone-communication-20260925__gate-independent-nominal/r1-5,1302,1302,4096,4096,1,0,1,0,0,,
zone-rgb-outcome-v2-20260925/dev-final/labels/zone-communication-20260925__gate-independent-nominal/r1-6,5553,0,8192,0,1,1,0,5553,8192,D5,
zone-rgb-outcome-v2-20260925/dev-final/labels/zone-communication-20260925__gate-independent-nominal/r1-7,5344,0,8192,0,1,1,0,5344,8192,D5,
zone-rgb-outcome-v2-20260925/dev-final/labels/zone-communication-20260925__gate-independent-nominal/r2-1,3385,0,4096,0,1,1,0,3385,4096,D5,
zone-rgb-outcome-v2-20260925/dev-final/labels/zone-communication-20260925__gate-independent-nominal/r2-2,5098,0,8192,0,1,1,0,5098,8192,D5,
zone-rgb-outcome-v2-20260925/dev-final/labels/zone-communication-20260925__gate-independent-nominal/r3-1,4500,0,8192,0,1,1,0,4500,8192,D5,
zone-rgb-outcome-v2-20260925/dev-final/labels/zone-communication-20260925__gate-independent-nominal/r3-2,5563,0,8192,0,1,1,0,5563,8192,D5,
zone-rgb-outcome-v2-20260925/dev-final/labels/zone-communication-20260925__gate-plan_first-graspfail,0,0,0,0,0,0,0,0,0,,
zone-rgb-outcome-v2-20260925/dev-final/labels/zone-communication-20260925__gate-plan_first-graspfail/r1-1,3780,0,4096,0,1,1,0,3780,4096,D5,
zone-rgb-outcome-v2-20260925/dev-final/labels/zone-communication-20260925__gate-plan_first-graspfail/r1-2,4970,0,8192,0,1,1,0,4970,8192,D5,
zone-rgb-outcome-v2-20260925/dev-final/labels/zone-communication-20260925__gate-plan_first-graspfail/r2-1,3017,3017,4096,4096,1,0,1,0,0,,
zone-rgb-outcome-v2-20260925/dev-final/labels/zone-communication-20260925__gate-plan_first-graspfail/r2-2,4591,4591,8192,8192,1,0,1,0,0,,
zone-rgb-outcome-v2-20260925/dev-final/labels/zone-communication-20260925__gate-plan_first-graspfail/r3-1,4500,0,8192,0,1,1,0,4500,8192,D5,
zone-rgb-outcome-v2-20260925/dev-final/labels/zone-communication-20260925__gate-plan_first-graspfail/r3-2,5381,5381,8192,8192,1,0,1,0,0,,
zone-rgb-outcome-v2-20260925/dev-final/labels/zone-communication-20260925__gate-plan_first-nominal,0,0,0,0,0,0,0,0,0,,
zone-rgb-outcome-v2-20260925/dev-final/labels/zone-communication-20260925__gate-plan_first-nominal/r1-1,3780,0,4096,0,1,1,0,3780,4096,D5,
zone-rgb-outcome-v2-20260925/dev-final/labels/zone-communication-20260925__gate-plan_first-nominal/r1-2,4970,0,8192,0,1,1,0,4970,8192,D5,
zone-rgb-outcome-v2-20260925/dev-final/labels/zone-communication-20260925__gate-plan_first-nominal/r2-1,3385,0,4096,0,1,1,0,3385,4096,D5,
zone-rgb-outcome-v2-20260925/dev-final/labels/zone-communication-20260925__gate-plan_first-nominal/r2-2,5349,0,8192,0,1,1,0,5349,8192,D5,
zone-rgb-outcome-v2-20260925/dev-final/labels/zone-communication-20260925__gate-plan_first-nominal/r3-1,4500,0,8192,0,1,1,0,4500,8192,D5,
zone-rgb-outcome-v2-20260925/dev-final/labels/zone-communication-20260925__gate-plan_first-nominal/r3-2,5381,0,8192,0,1,1,0,5381,8192,D5,
zone-rgb-outcome-v2-20260925/dev-final/labels/zone-communication-20260925__gate2-dynamic-graspfail,0,0,0,0,0,0,0,0,0,,
zone-rgb-outcome-v2-20260925/dev-final/labels/zone-communication-20260925__gate2-dynamic-graspfail/r1-1,2813,0,4096,0,1,1,0,2813,4096,D5,
zone-rgb-outcome-v2-20260925/dev-final/labels/zone-communication-20260925__gate2-dynamic-graspfail/r1-2,3929,3929,4096,4096,1,0,1,0,0,,
zone-rgb-outcome-v2-20260925/dev-final/labels/zone-communication-20260925__gate2-dynamic-graspfail/r1-3,5208,0,8192,0,1,1,0,5208,8192,D5,
zone-rgb-outcome-v2-20260925/dev-final/labels/zone-communication-20260925__gate2-dynamic-graspfail/r2-1,3385,0,4096,0,1,1,0,3385,4096,D5,
zone-rgb-outcome-v2-20260925/dev-final/labels/zone-communication-20260925__gate2-dynamic-graspfail/r2-2,5159,0,8192,0,1,1,0,5159,8192,D5,
zone-rgb-outcome-v2-20260925/dev-final/labels/zone-communication-20260925__gate2-dynamic-graspfail/r3-1,4560,0,8192,0,1,1,0,4560,8192,D5,
zone-rgb-outcome-v2-20260925/dev-final/labels/zone-communication-20260925__gate2-dynamic-graspfail/r3-2,5495,0,8192,0,1,1,0,5495,8192,D5,
zone-rgb-outcome-v2-20260925/dev-final/labels/zone-communication-20260925__gate2-dynamic-nominal,0,0,0,0,0,0,0,0,0,,
zone-rgb-outcome-v2-20260925/dev-final/labels/zone-communication-20260925__gate2-dynamic-nominal/r1-1,3780,0,4096,0,1,1,0,3780,4096,D5,
zone-rgb-outcome-v2-20260925/dev-final/labels/zone-communication-20260925__gate2-dynamic-nominal/r1-2,5556,0,8192,0,1,1,0,5556,8192,D5,
zone-rgb-outcome-v2-20260925/dev-final/labels/zone-communication-20260925__gate2-dynamic-nominal/r2-1,3385,0,4096,0,1,1,0,3385,4096,D5,
zone-rgb-outcome-v2-20260925/dev-final/labels/zone-communication-20260925__gate2-dynamic-nominal/r2-2,5164,0,8192,0,1,1,0,5164,8192,D5,
zone-rgb-outcome-v2-20260925/dev-final/labels/zone-communication-20260925__gate2-dynamic-nominal/r3-1,4500,0,8192,0,1,1,0,4500,8192,D5,
zone-rgb-outcome-v2-20260925/dev-final/labels/zone-communication-20260925__gate2-dynamic-nominal/r3-2,5252,0,8192,0,1,1,0,5252,8192,D5,
zone-rgb-outcome-v2-20260925/dev-final/labels/zone-communication-20260925__gate2-independent-graspfail,0,0,0,0,0,0,0,0,0,,
zone-rgb-outcome-v2-20260925/dev-final/labels/zone-communication-20260925__gate2-independent-graspfail/r1-1,3780,0,4096,0,1,1,0,3780,4096,D5,
zone-rgb-outcome-v2-20260925/dev-final/labels/zone-communication-20260925__gate2-independent-graspfail/r1-2,5342,5342,8192,8192,1,0,1,0,0,,
zone-rgb-outcome-v2-20260925/dev-final/labels/zone-communication-20260925__gate2-independent-graspfail/r1-3,4941,4941,8192,8192,1,0,1,0,0,,
zone-rgb-outcome-v2-20260925/dev-final/labels/zone-communication-20260925__gate2-independent-graspfail/r2-1,3671,3671,4096,4096,1,0,1,0,0,,
zone-rgb-outcome-v2-20260925/dev-final/labels/zone-communication-20260925__gate2-independent-graspfail/r2-2,3014,3014,4096,4096,1,0,1,0,0,,
zone-rgb-outcome-v2-20260925/dev-final/labels/zone-communication-20260925__gate2-independent-graspfail/r2-3,1360,1360,4096,4096,1,0,1,0,0,,
zone-rgb-outcome-v2-20260925/dev-final/labels/zone-communication-20260925__gate2-independent-graspfail/r2-4,1366,1366,4096,4096,1,0,1,0,0,,
zone-rgb-outcome-v2-20260925/dev-final/labels/zone-communication-20260925__gate2-independent-graspfail/r2-5,1293,1293,4096,4096,1,0,1,0,0,,
zone-rgb-outcome-v2-20260925/dev-final/labels/zone-communication-20260925__gate2-independent-graspfail/r2-6,5070,5070,8192,8192,1,0,1,0,0,,
zone-rgb-outcome-v2-20260925/dev-final/labels/zone-communication-20260925__gate2-independent-graspfail/r3-1,4500,0,8192,0,1,1,0,4500,8192,D5,
zone-rgb-outcome-v2-20260925/dev-final/labels/zone-communication-20260925__gate2-independent-graspfail/r3-2,5431,5431,8192,8192,1,0,1,0,0,,
zone-rgb-outcome-v2-20260925/dev-final/labels/zone-communication-20260925__gate2-independent-nominal,0,0,0,0,0,0,0,0,0,,
zone-rgb-outcome-v2-20260925/dev-final/labels/zone-communication-20260925__gate2-independent-nominal/r1-1,3780,0,4096,0,1,1,0,3780,4096,D5,
zone-rgb-outcome-v2-20260925/dev-final/labels/zone-communication-20260925__gate2-independent-nominal/r1-2,1349,0,4096,0,1,1,0,1349,4096,D5,
zone-rgb-outcome-v2-20260925/dev-final/labels/zone-communication-20260925__gate2-independent-nominal/r1-3,1349,0,4096,0,1,1,0,1349,4096,D5,
zone-rgb-outcome-v2-20260925/dev-final/labels/zone-communication-20260925__gate2-independent-nominal/r1-4,1349,0,4096,0,1,1,0,1349,4096,D5,
zone-rgb-outcome-v2-20260925/dev-final/labels/zone-communication-20260925__gate2-independent-nominal/r1-5,1302,0,4096,0,1,1,0,1302,4096,D5,
zone-rgb-outcome-v2-20260925/dev-final/labels/zone-communication-20260925__gate2-independent-nominal/r1-6,7257,0,8192,0,1,1,0,7257,8192,D5,
zone-rgb-outcome-v2-20260925/dev-final/labels/zone-communication-20260925__gate2-independent-nominal/r1-7,5418,0,8192,0,1,1,0,5418,8192,D5,
zone-rgb-outcome-v2-20260925/dev-final/labels/zone-communication-20260925__gate2-independent-nominal/r2-1,3385,0,4096,0,1,1,0,3385,4096,D5,
zone-rgb-outcome-v2-20260925/dev-final/labels/zone-communication-20260925__gate2-independent-nominal/r2-2,5098,0,8192,0,1,1,0,5098,8192,D5,
zone-rgb-outcome-v2-20260925/dev-final/labels/zone-communication-20260925__gate2-independent-nominal/r3-1,4500,0,8192,0,1,1,0,4500,8192,D5,
zone-rgb-outcome-v2-20260925/dev-final/labels/zone-communication-20260925__gate2-independent-nominal/r3-2,5805,0,8192,0,1,1,0,5805,8192,D5,
zone-rgb-outcome-v2-20260925/dev-final/labels/zone-communication-20260925__gate2-plan_first-graspfail,0,0,0,0,0,0,0,0,0,,
zone-rgb-outcome-v2-20260925/dev-final/labels/zone-communication-20260925__gate2-plan_first-graspfail/r1-1,3780,0,4096,0,1,1,0,3780,4096,D5,
zone-rgb-outcome-v2-20260925/dev-final/labels/zone-communication-20260925__gate2-plan_first-graspfail/r1-2,4970,0,8192,0,1,1,0,4970,8192,D5,
zone-rgb-outcome-v2-20260925/dev-final/labels/zone-communication-20260925__gate2-plan_first-graspfail/r2-1,3017,0,4096,0,1,1,0,3017,4096,D5,
zone-rgb-outcome-v2-20260925/dev-final/labels/zone-communication-20260925__gate2-plan_first-graspfail/r2-2,4470,4470,8192,8192,1,0,1,0,0,,
zone-rgb-outcome-v2-20260925/dev-final/labels/zone-communication-20260925__gate2-plan_first-graspfail/r3-1,4500,0,8192,0,1,1,0,4500,8192,D5,
zone-rgb-outcome-v2-20260925/dev-final/labels/zone-communication-20260925__gate2-plan_first-graspfail/r3-2,5320,5320,8192,8192,1,0,1,0,0,,
zone-rgb-outcome-v2-20260925/dev-final/labels/zone-communication-20260925__gate2-plan_first-nominal,0,0,0,0,0,0,0,0,0,,
zone-rgb-outcome-v2-20260925/dev-final/labels/zone-communication-20260925__gate2-plan_first-nominal/r1-1,3780,0,4096,0,1,1,0,3780,4096,D5,
zone-rgb-outcome-v2-20260925/dev-final/labels/zone-communication-20260925__gate2-plan_first-nominal/r1-2,4970,0,8192,0,1,1,0,4970,8192,D5,
zone-rgb-outcome-v2-20260925/dev-final/labels/zone-communication-20260925__gate2-plan_first-nominal/r2-1,3385,0,4096,0,1,1,0,3385,4096,D5,
zone-rgb-outcome-v2-20260925/dev-final/labels/zone-communication-20260925__gate2-plan_first-nominal/r2-2,5288,0,8192,0,1,1,0,5288,8192,D5,
zone-rgb-outcome-v2-20260925/dev-final/labels/zone-communication-20260925__gate2-plan_first-nominal/r3-1,4500,0,8192,0,1,1,0,4500,8192,D5,
zone-rgb-outcome-v2-20260925/dev-final/labels/zone-communication-20260925__gate2-plan_first-nominal/r3-2,5189,0,8192,0,1,1,0,5189,8192,D5,
zone-rgb-outcome-v2-20260925/dev-final/labels/zone-dispatch-20260925__dev-fixture-2,0,0,0,0,0,0,0,0,0,,
zone-rgb-outcome-v2-20260925/dev-final/labels/zone-dispatch-20260925__dev-fixture-2/r1-1,2309,2309,4096,4096,1,0,1,0,0,,
zone-rgb-outcome-v2-20260925/dev-final/labels/zone-dispatch-20260925__dev-fixture-2/r1-2,12360,0,16384,0,1,1,0,12360,16384,D5,
zone-rgb-outcome-v2-20260925/dev-final/labels/zone-dispatch-20260925__dev-fixture-2/r2-1,4221,4221,8192,8192,1,0,1,0,0,,
zone-rgb-outcome-v2-20260925/dev-final/labels/zone-dispatch-20260925__dev-fixture-2/r2-2,12391,0,16384,0,1,1,0,12391,16384,D5,
zone-rgb-outcome-v2-20260925/dev-final/labels/zone-dispatch-20260925__dev-fixture-2/r3-1,2247,2247,4096,4096,1,0,1,0,0,,
zone-rgb-outcome-v2-20260925/dev-final/labels/zone-dispatch-20260925__dev-fixture-2/r3-2,12240,0,12288,0,1,1,0,12240,12288,D5,
zone-rgb-outcome-v2-20260925/dev-final/labels/zone-dispatch-20260925__dev-fixture-3,0,0,0,0,0,0,0,0,0,,
zone-rgb-outcome-v2-20260925/dev-final/labels/zone-dispatch-20260925__dev-fixture-3/r1-1,3326,0,4096,0,1,1,0,3326,4096,D5,
zone-rgb-outcome-v2-20260925/dev-final/labels/zone-dispatch-20260925__dev-fixture-3/r1-2,5158,5158,8192,8192,1,0,1,0,0,,
zone-rgb-outcome-v2-20260925/dev-final/labels/zone-dispatch-20260925__dev-fixture-3/r2-1,4396,4396,8192,8192,1,0,1,0,0,,
zone-rgb-outcome-v2-20260925/dev-final/labels/zone-dispatch-20260925__dev-fixture-3/r3-1,8449,8449,12288,12288,1,0,1,0,0,,
zone-rgb-outcome-v2-20260925/dev-final/labels/zone-dispatch-20260925__dev-fixture-4,0,0,0,0,0,0,0,0,0,,
zone-rgb-outcome-v2-20260925/dev-final/labels/zone-dispatch-20260925__dev-fixture-4/r1-1,3326,0,4096,0,1,1,0,3326,4096,D5,
zone-rgb-outcome-v2-20260925/dev-final/labels/zone-dispatch-20260925__dev-fixture-4/r1-2,8352,0,12288,0,1,1,0,8352,12288,D5,
zone-rgb-outcome-v2-20260925/dev-final/labels/zone-dispatch-20260925__dev-fixture-4/r2-1,4457,0,8192,0,1,1,0,4457,8192,D5,
zone-rgb-outcome-v2-20260925/dev-final/labels/zone-dispatch-20260925__dev-fixture-4/r2-2,5374,0,8192,0,1,1,0,5374,8192,D5,
zone-rgb-outcome-v2-20260925/dev-final/labels/zone-dispatch-20260925__dev-fixture-4/r3-1,4641,0,8192,0,1,1,0,4641,8192,D5,
zone-rgb-outcome-v2-20260925/dev-final/labels/zone-dispatch-20260925__dev-fixture-5,0,0,0,0,0,0,0,0,0,,
zone-rgb-outcome-v2-20260925/dev-final/labels/zone-dispatch-20260925__dev-fixture-5/r1-1,3326,0,4096,0,1,1,0,3326,4096,D5,
zone-rgb-outcome-v2-20260925/dev-final/labels/zone-dispatch-20260925__dev-fixture-5/r1-2,5299,5299,8192,8192,1,0,1,0,0,,
zone-rgb-outcome-v2-20260925/dev-final/labels/zone-dispatch-20260925__dev-fixture-5/r2-1,4396,4396,8192,8192,1,0,1,0,0,,
zone-rgb-outcome-v2-20260925/dev-final/labels/zone-dispatch-20260925__dev-fixture-5/r2-2,6261,6261,8192,8192,1,0,1,0,0,,
zone-rgb-outcome-v2-20260925/dev-final/labels/zone-dispatch-20260925__dev-fixture-5/r3-1,4641,0,8192,0,1,1,0,4641,8192,D5,
zone-rgb-outcome-v2-20260925/dev-final/labels/zone-dispatch-20260925__dev-fixture-6-planfirst,0,0,0,0,0,0,0,0,0,,
zone-rgb-outcome-v2-20260925/dev-final/labels/zone-dispatch-20260925__dev-fixture-6-planfirst/r1-1,3326,0,4096,0,1,1,0,3326,4096,D5,
zone-rgb-outcome-v2-20260925/dev-final/labels/zone-dispatch-20260925__dev-fixture-6-planfirst/r1-2,5299,0,8192,0,1,1,0,5299,8192,D5,
zone-rgb-outcome-v2-20260925/dev-final/labels/zone-dispatch-20260925__dev-fixture-6-planfirst/r2-1,4396,0,8192,0,1,1,0,4396,8192,D5,
zone-rgb-outcome-v2-20260925/dev-final/labels/zone-dispatch-20260925__dev-fixture-6-planfirst/r2-2,6261,0,8192,0,1,1,0,6261,8192,D5,
zone-rgb-outcome-v2-20260925/dev-final/labels/zone-dispatch-20260925__dev-fixture-6-planfirst/r3-1,4641,0,8192,0,1,1,0,4641,8192,D5,
zone-rgb-outcome-v2-20260925/dev-final/labels/zone-dispatch-20260925__dev-fixture-7,0,0,0,0,0,0,0,0,0,,
zone-rgb-outcome-v2-20260925/dev-final/labels/zone-dispatch-20260925__dev-fixture-7/r1-1,5807,0,8192,0,1,1,0,5807,8192,D5,
zone-rgb-outcome-v2-20260925/dev-final/labels/zone-dispatch-20260925__dev-fixture-7/r1-2,5886,5886,8192,8192,1,0,1,0,0,,
zone-rgb-outcome-v2-20260925/dev-final/labels/zone-dispatch-20260925__dev-fixture-7/r2-1,3527,0,4096,0,1,1,0,3527,4096,D5,
zone-rgb-outcome-v2-20260925/dev-final/labels/zone-dispatch-20260925__dev-fixture-7/r2-2,5891,0,8192,0,1,1,0,5891,8192,D5,
zone-rgb-outcome-v2-20260925/dev-final/labels/zone-dispatch-20260925__dev-fixture-7/r3-1,3698,0,4096,0,1,1,0,3698,4096,D5,
zone-rgb-outcome-v2-20260925/dev-final/labels/zone-dispatch-20260925__dev-fixture-7/r3-2,6039,6039,8192,8192,1,0,1,0,0,,
zone-rgb-outcome-v2-20260925/dev-final/labels/zone-dispatch-20260925__dev-fixture-8,0,0,0,0,0,0,0,0,0,,
zone-rgb-outcome-v2-20260925/dev-final/labels/zone-dispatch-20260925__dev-fixture-8/r1-1,5807,0,8192,0,1,1,0,5807,8192,D5,
zone-rgb-outcome-v2-20260925/dev-final/labels/zone-dispatch-20260925__dev-fixture-8/r1-2,6037,0,8192,0,1,1,0,6037,8192,D5,
zone-rgb-outcome-v2-20260925/dev-final/labels/zone-dispatch-20260925__dev-fixture-8/r2-1,3527,0,4096,0,1,1,0,3527,4096,D5,
zone-rgb-outcome-v2-20260925/dev-final/labels/zone-dispatch-20260925__dev-fixture-8/r2-2,5891,0,8192,0,1,1,0,5891,8192,D5,
zone-rgb-outcome-v2-20260925/dev-final/labels/zone-dispatch-20260925__dev-fixture-8/r3-1,3698,0,4096,0,1,1,0,3698,4096,D5,
zone-rgb-outcome-v2-20260925/dev-final/labels/zone-dispatch-20260925__dev-fixture-8/r3-2,6796,0,8192,0,1,1,0,6796,8192,D5,
zone-rgb-outcome-v2-20260925/dev-final/labels/zone-dispatch-20260925__dev-fixture-9,0,0,0,0,0,0,0,0,0,,
zone-rgb-outcome-v2-20260925/dev-final/labels/zone-dispatch-20260925__dev-fixture-9/r1-1,5848,5848,8192,8192,1,0,1,0,0,,
zone-rgb-outcome-v2-20260925/dev-final/labels/zone-dispatch-20260925__dev-fixture-9/r1-2,5755,5755,8192,8192,1,0,1,0,0,,
zone-rgb-outcome-v2-20260925/dev-final/labels/zone-dispatch-20260925__dev-fixture-9/r2-1,3528,3528,4096,4096,1,0,1,0,0,,
zone-rgb-outcome-v2-20260925/dev-final/labels/zone-dispatch-20260925__dev-fixture-9/r2-2,5633,5633,8192,8192,1,0,1,0,0,,
zone-rgb-outcome-v2-20260925/dev-final/labels/zone-dispatch-20260925__dev-fixture-9/r3-1,3878,3878,4096,4096,1,0,1,0,0,,
zone-rgb-outcome-v2-20260925/dev-final/labels/zone-dispatch-20260925__dev-fixture-9/r3-2,6026,6026,8192,8192,1,0,1,0,0,,
zone-rgb-outcome-v2-20260925/dev-final/labels/zone-dispatch-20260925__diag-plan-replay,0,0,0,0,0,0,0,0,0,,
zone-rgb-outcome-v2-20260925/dev-final/labels/zone-dispatch-20260925__diag-plan-replay/r1-1,4457,0,8192,0,1,1,0,4457,8192,D5,
zone-rgb-outcome-v2-20260925/dev-final/labels/zone-dispatch-20260925__diag-plan-replay/r1-2,6656,0,8192,0,1,1,0,6656,8192,D5,
zone-rgb-outcome-v2-20260925/dev-final/labels/zone-dispatch-20260925__diag-plan-replay/r2-1,2741,0,4096,0,1,1,0,2741,4096,D5,
zone-rgb-outcome-v2-20260925/dev-final/labels/zone-dispatch-20260925__diag-plan-replay/r2-2,5670,0,8192,0,1,1,0,5670,8192,D5,
zone-rgb-outcome-v2-20260925/dev-final/labels/zone-dispatch-20260925__diag-plan-replay/r3-1,5075,0,8192,0,1,1,0,5075,8192,D5,
zone-rgb-outcome-v2-20260925/dev-final/labels/zone-dispatch-20260925__diag-plan-replay/r3-2,4578,0,8192,0,1,1,0,4578,8192,D5,
zone-rgb-outcome-v2-20260925/dev-final/labels/zone-rgb-outcome-runs-20260925__dev-o33-dyn,0,0,0,0,0,0,0,0,0,,
zone-rgb-outcome-v2-20260925/dev-final/labels/zone-rgb-outcome-runs-20260925__dev-o33-dyn/r1-1,3539,3539,4096,4096,1,0,1,0,0,,
zone-rgb-outcome-v2-20260925/dev-final/labels/zone-rgb-outcome-runs-20260925__dev-o33-dyn/r1-2,1388,1388,4096,4096,1,0,1,0,0,,
zone-rgb-outcome-v2-20260925/dev-final/labels/zone-rgb-outcome-runs-20260925__dev-o33-dyn/r1-3,3085,3085,4096,4096,1,0,1,0,0,,
zone-rgb-outcome-v2-20260925/dev-final/labels/zone-rgb-outcome-runs-20260925__dev-o33-dyn/r1-4,5618,5618,8192,8192,1,0,1,0,0,,
zone-rgb-outcome-v2-20260925/dev-final/labels/zone-rgb-outcome-runs-20260925__dev-o33-dyn/r2-1,3917,3917,4096,4096,1,0,1,0,0,,
zone-rgb-outcome-v2-20260925/dev-final/labels/zone-rgb-outcome-runs-20260925__dev-o33-dyn/r2-2,5758,5758,8192,8192,1,0,1,0,0,,
zone-rgb-outcome-v2-20260925/dev-final/labels/zone-rgb-outcome-runs-20260925__dev-o33-dyn/r3-1,3626,3626,4096,4096,1,0,1,0,0,,
zone-rgb-outcome-v2-20260925/dev-final/labels/zone-rgb-outcome-runs-20260925__dev-o33-dyn/r3-2,6131,6131,8192,8192,1,0,1,0,0,,
zone-rgb-outcome-v2-20260925/dev-final/labels/zone-rgb-outcome-runs-20260925__dev-o34-plan,0,0,0,0,0,0,0,0,0,,
zone-rgb-outcome-v2-20260925/dev-final/labels/zone-rgb-outcome-runs-20260925__dev-o34-plan/r1-1,4241,0,8192,0,1,1,0,4241,8192,D5,
zone-rgb-outcome-v2-20260925/dev-final/labels/zone-rgb-outcome-runs-20260925__dev-o34-plan/r1-2,5141,0,8192,0,1,1,0,5141,8192,D5,
zone-rgb-outcome-v2-20260925/dev-final/labels/zone-rgb-outcome-runs-20260925__dev-o34-plan/r2-1,2778,2778,4096,4096,1,0,1,0,0,,
zone-rgb-outcome-v2-20260925/dev-final/labels/zone-rgb-outcome-runs-20260925__dev-o34-plan/r2-2,2820,0,4096,0,1,1,0,2820,4096,D5,
zone-rgb-outcome-v2-20260925/dev-final/labels/zone-rgb-outcome-runs-20260925__dev-o34-plan/r3-1,3083,3083,4096,4096,1,0,1,0,0,,
zone-rgb-outcome-v2-20260925/dev-final/labels/zone-rgb-outcome-runs-20260925__dev-o34-plan/r3-2,5259,0,8192,0,1,1,0,5259,8192,D5,
zone-rgb-outcome-v2-20260925/dev-final/labels/zone-rgb-outcome-runs-20260925__dev-w31-dyn,0,0,0,0,0,0,0,0,0,,
zone-rgb-outcome-v2-20260925/dev-final/labels/zone-rgb-outcome-runs-20260925__dev-w31-dyn/r1-1,3209,3209,4096,4096,1,0,1,0,0,,
zone-rgb-outcome-v2-20260925/dev-final/labels/zone-rgb-outcome-runs-20260925__dev-w31-dyn/r1-2,2803,2803,4096,4096,1,0,1,0,0,,
zone-rgb-outcome-v2-20260925/dev-final/labels/zone-rgb-outcome-runs-20260925__dev-w31-dyn/r1-3,4923,4923,8192,8192,1,0,1,0,0,,
zone-rgb-outcome-v2-20260925/dev-final/labels/zone-rgb-outcome-runs-20260925__dev-w31-dyn/r2-1,3312,3312,4096,4096,1,0,1,0,0,,
zone-rgb-outcome-v2-20260925/dev-final/labels/zone-rgb-outcome-runs-20260925__dev-w31-dyn/r2-2,4641,4641,8192,8192,1,0,1,0,0,,
zone-rgb-outcome-v2-20260925/dev-final/labels/zone-rgb-outcome-runs-20260925__dev-w31-dyn/r2-3,4674,4674,8192,8192,1,0,1,0,0,,
zone-rgb-outcome-v2-20260925/dev-final/labels/zone-rgb-outcome-runs-20260925__dev-w31-dyn/r3-1,2989,0,4096,0,1,1,0,2989,4096,D5,
zone-rgb-outcome-v2-20260925/dev-final/labels/zone-rgb-outcome-runs-20260925__dev-w31-dyn/r3-2,5590,5590,8192,8192,1,0,1,0,0,,
zone-rgb-outcome-v2-20260925/dev-final/labels/zone-rgb-outcome-runs-20260925__dev-w31-ind,0,0,0,0,0,0,0,0,0,,
zone-rgb-outcome-v2-20260925/dev-final/labels/zone-rgb-outcome-runs-20260925__dev-w31-ind/r1-1,3822,0,4096,0,1,1,0,3822,4096,D5,
zone-rgb-outcome-v2-20260925/dev-final/labels/zone-rgb-outcome-runs-20260925__dev-w31-ind/r1-2,5471,0,8192,0,1,1,0,5471,8192,D5,
zone-rgb-outcome-v2-20260925/dev-final/labels/zone-rgb-outcome-runs-20260925__dev-w31-ind/r1-3,4504,0,8192,0,1,1,0,4504,8192,D5,
zone-rgb-outcome-v2-20260925/dev-final/labels/zone-rgb-outcome-runs-20260925__dev-w31-ind/r1-4,3189,0,4096,0,1,1,0,3189,4096,D5,
zone-rgb-outcome-v2-20260925/dev-final/labels/zone-rgb-outcome-runs-20260925__dev-w31-ind/r2-1,3539,3539,4096,4096,1,0,1,0,0,,
zone-rgb-outcome-v2-20260925/dev-final/labels/zone-rgb-outcome-runs-20260925__dev-w31-ind/r2-2,2809,2809,4096,4096,1,0,1,0,0,,
zone-rgb-outcome-v2-20260925/dev-final/labels/zone-rgb-outcome-runs-20260925__dev-w31-ind/r2-3,1349,1349,4096,4096,1,0,1,0,0,,
zone-rgb-outcome-v2-20260925/dev-final/labels/zone-rgb-outcome-runs-20260925__dev-w31-ind/r2-4,1282,1282,4096,4096,1,0,1,0,0,,
zone-rgb-outcome-v2-20260925/dev-final/labels/zone-rgb-outcome-runs-20260925__dev-w31-ind/r2-5,4632,0,8192,0,1,1,0,4632,8192,D5,
zone-rgb-outcome-v2-20260925/dev-final/labels/zone-rgb-outcome-runs-20260925__dev-w31-ind/r2-6,5272,0,8192,0,1,1,0,5272,8192,D5,
zone-rgb-outcome-v2-20260925/dev-final/labels/zone-rgb-outcome-runs-20260925__dev-w31-ind/r3-1,2989,0,4096,0,1,1,0,2989,4096,D5,
zone-rgb-outcome-v2-20260925/dev-final/labels/zone-rgb-outcome-runs-20260925__dev-w31-ind/r3-2,5652,0,8192,0,1,1,0,5652,8192,D5,
zone-rgb-outcome-v2-20260925/dev-final/labels/zone-rgb-outcome-runs-20260925__dev-w32-dyn,0,0,0,0,0,0,0,0,0,,
zone-rgb-outcome-v2-20260925/dev-final/labels/zone-rgb-outcome-runs-20260925__dev-w32-dyn/r1-1,2705,2705,4096,4096,1,0,1,0,0,,
zone-rgb-outcome-v2-20260925/dev-final/labels/zone-rgb-outcome-runs-20260925__dev-w32-dyn/r1-2,4017,4017,4096,4096,1,0,1,0,0,,
zone-rgb-outcome-v2-20260925/dev-final/labels/zone-rgb-outcome-runs-20260925__dev-w32-dyn/r1-3,4322,4322,8192,8192,1,0,1,0,0,,
zone-rgb-outcome-v2-20260925/dev-final/labels/zone-rgb-outcome-runs-20260925__dev-w32-dyn/r2-1,2813,2813,4096,4096,1,0,1,0,0,,
zone-rgb-outcome-v2-20260925/dev-final/labels/zone-rgb-outcome-runs-20260925__dev-w32-dyn/r2-2,4602,4602,8192,8192,1,0,1,0,0,,
zone-rgb-outcome-v2-20260925/dev-final/labels/zone-rgb-outcome-runs-20260925__dev-w32-dyn/r2-3,4943,4943,8192,8192,1,0,1,0,0,,
zone-rgb-outcome-v2-20260925/dev-final/labels/zone-rgb-outcome-runs-20260925__dev-w32-dyn/r3-1,4013,4013,4096,4096,1,0,1,0,0,,
zone-rgb-outcome-v2-20260925/dev-final/labels/zone-rgb-outcome-runs-20260925__dev-w32-dyn/r3-2,5278,5278,8192,8192,1,0,1,0,0,,
zone-rgb-outcome-v2-20260925/dev-final/labels/zone-rgb-outcome-runs-20260925__dev-w32-plan,0,0,0,0,0,0,0,0,0,,
zone-rgb-outcome-v2-20260925/dev-final/labels/zone-rgb-outcome-runs-20260925__dev-w32-plan/r1-1,4398,0,8192,0,1,1,0,4398,8192,D5,
zone-rgb-outcome-v2-20260925/dev-final/labels/zone-rgb-outcome-runs-20260925__dev-w32-plan/r1-2,4900,0,8192,0,1,1,0,4900,8192,D5,
zone-rgb-outcome-v2-20260925/dev-final/labels/zone-rgb-outcome-runs-20260925__dev-w32-plan/r2-1,2819,2819,4096,4096,1,0,1,0,0,,
zone-rgb-outcome-v2-20260925/dev-final/labels/zone-rgb-outcome-runs-20260925__dev-w32-plan/r2-2,7072,0,8192,0,1,1,0,7072,8192,D5,
zone-rgb-outcome-v2-20260925/dev-final/labels/zone-rgb-outcome-runs-20260925__dev-w32-plan/r3-1,3893,0,4096,0,1,1,0,3893,4096,D5,
zone-rgb-outcome-v2-20260925/dev-final/labels/zone-rgb-outcome-runs-20260925__dev-w32-plan/r3-2,4777,0,8192,0,1,1,0,4777,8192,D5,
zone-rgb-outcome-v2-20260925/dev-final/score,109076,109076,110592,110592,1,0,1,0,0,,
zone-rgb-outcome-v2-20260925/dev-final/track,13538,13538,16384,16384,1,0,1,0,0,,
zone-rgb-outcome-v2-20260925/dev-final/track/zone-communication-20260925__gate-dynamic-graspfail,0,0,0,0,0,0,0,0,0,,
zone-rgb-outcome-v2-20260925/dev-final/track/zone-communication-20260925__gate-dynamic-graspfail/frames,43261699,43261699,44904448,44904448,712,0,712,0,0,,first + >=1 SIM second since last sample + last per stream/episode/leg; unknown SIM timing: every 10th numeric-sorted frame + first/last (mandatory endpoints may exceed 10% for n<20)
zone-rgb-outcome-v2-20260925/dev-final/track/zone-communication-20260925__gate-dynamic-graspfail/r1-1,13263,12045,20480,16384,3,1,2,1218,4096,D5,
zone-rgb-outcome-v2-20260925/dev-final/track/zone-communication-20260925__gate-dynamic-graspfail/r1-2,19949,18298,28672,20480,3,2,1,1651,8192,D5,
zone-rgb-outcome-v2-20260925/dev-final/track/zone-communication-20260925__gate-dynamic-graspfail/r1-3,23876,22218,32768,24576,3,2,1,1658,8192,D5,
zone-rgb-outcome-v2-20260925/dev-final/track/zone-communication-20260925__gate-dynamic-graspfail/r2-1,15518,13869,24576,16384,3,2,1,1649,8192,D5,
zone-rgb-outcome-v2-20260925/dev-final/track/zone-communication-20260925__gate-dynamic-graspfail/r2-2,26411,24757,36864,28672,3,2,1,1654,8192,D5,
zone-rgb-outcome-v2-20260925/dev-final/track/zone-communication-20260925__gate-dynamic-graspfail/r3-1,20821,19168,28672,20480,3,2,1,1653,8192,D5,
zone-rgb-outcome-v2-20260925/dev-final/track/zone-communication-20260925__gate-dynamic-graspfail/r3-2,25201,23547,32768,24576,3,2,1,1654,8192,D5,
zone-rgb-outcome-v2-20260925/dev-final/track/zone-communication-20260925__gate-dynamic-nominal,0,0,0,0,0,0,0,0,0,,
zone-rgb-outcome-v2-20260925/dev-final/track/zone-communication-20260925__gate-dynamic-nominal/frames,37461712,37461712,38748160,38748160,616,0,616,0,0,,first + >=1 SIM second since last sample + last per stream/episode/leg; unknown SIM timing: every 10th numeric-sorted frame + first/last (mandatory endpoints may exceed 10% for n<20)
zone-rgb-outcome-v2-20260925/dev-final/track/zone-communication-20260925__gate-dynamic-nominal/r1-1,17647,16007,24576,16384,3,2,1,1640,8192,D5,
zone-rgb-outcome-v2-20260925/dev-final/track/zone-communication-20260925__gate-dynamic-nominal/r1-2,25548,23904,32768,24576,3,2,1,1644,8192,D5,
zone-rgb-outcome-v2-20260925/dev-final/track/zone-communication-20260925__gate-dynamic-nominal/r2-1,15508,13869,24576,16384,3,2,1,1639,8192,D5,
zone-rgb-outcome-v2-20260925/dev-final/track/zone-communication-20260925__gate-dynamic-nominal/r2-2,26439,24795,36864,28672,3,2,1,1644,8192,D5,
zone-rgb-outcome-v2-20260925/dev-final/track/zone-communication-20260925__gate-dynamic-nominal/r3-1,20568,18925,28672,20480,3,2,1,1643,8192,D5,
zone-rgb-outcome-v2-20260925/dev-final/track/zone-communication-20260925__gate-dynamic-nominal/r3-2,24123,22475,32768,24576,3,2,1,1648,8192,D5,
zone-rgb-outcome-v2-20260925/dev-final/track/zone-communication-20260925__gate-independent-graspfail,0,0,0,0,0,0,0,0,0,,
zone-rgb-outcome-v2-20260925/dev-final/track/zone-communication-20260925__gate-independent-graspfail/frames,100390698,99330434,103653376,102567936,1644,16,1628,1060264,1085440,D1,first + >=1 SIM second since last sample + last per stream/episode/leg; unknown SIM timing: every 10th numeric-sorted frame + first/last (mandatory endpoints may exceed 10% for n<20)
zone-rgb-outcome-v2-20260925/dev-final/track/zone-communication-20260925__gate-independent-graspfail/r1-1,17243,15573,24576,16384,3,2,1,1670,8192,D5,
zone-rgb-outcome-v2-20260925/dev-final/track/zone-communication-20260925__gate-independent-graspfail/r1-10,6722,5478,16384,12288,3,1,2,1244,4096,D5,
zone-rgb-outcome-v2-20260925/dev-final/track/zone-communication-20260925__gate-independent-graspfail/r1-11,6722,5478,16384,12288,3,1,2,1244,4096,D5,
zone-rgb-outcome-v2-20260925/dev-final/track/zone-communication-20260925__gate-independent-graspfail/r1-12,45020,43343,53248,45056,3,2,1,1677,8192,D5,
zone-rgb-outcome-v2-20260925/dev-final/track/zone-communication-20260925__gate-independent-graspfail/r1-13,23528,21848,32768,24576,3,2,1,1680,8192,D5,
zone-rgb-outcome-v2-20260925/dev-final/track/zone-communication-20260925__gate-independent-graspfail/r1-2,6698,4910,16384,8192,3,2,1,1788,8192,D5,
zone-rgb-outcome-v2-20260925/dev-final/track/zone-communication-20260925__gate-independent-graspfail/r1-3,6698,4910,16384,8192,3,2,1,1788,8192,D5,
zone-rgb-outcome-v2-20260925/dev-final/track/zone-communication-20260925__gate-independent-graspfail/r1-4,6698,5460,16384,12288,3,1,2,1238,4096,D5,
zone-rgb-outcome-v2-20260925/dev-final/track/zone-communication-20260925__gate-independent-graspfail/r1-5,6710,5472,16384,12288,3,1,2,1238,4096,D5,
zone-rgb-outcome-v2-20260925/dev-final/track/zone-communication-20260925__gate-independent-graspfail/r1-6,6717,5478,16384,12288,3,1,2,1239,4096,D5,
zone-rgb-outcome-v2-20260925/dev-final/track/zone-communication-20260925__gate-independent-graspfail/r1-7,6717,5478,16384,12288,3,1,2,1239,4096,D5,
zone-rgb-outcome-v2-20260925/dev-final/track/zone-communication-20260925__gate-independent-graspfail/r1-8,6717,5478,16384,12288,3,1,2,1239,4096,D5,
zone-rgb-outcome-v2-20260925/dev-final/track/zone-communication-20260925__gate-independent-graspfail/r1-9,6717,5478,16384,12288,3,1,2,1239,4096,D5,
zone-rgb-outcome-v2-20260925/dev-final/track/zone-communication-20260925__gate-independent-graspfail/r2-1,16688,15451,24576,20480,3,1,2,1237,4096,D5,
zone-rgb-outcome-v2-20260925/dev-final/track/zone-communication-20260925__gate-independent-graspfail/r2-2,48704,47466,57344,53248,3,1,2,1238,4096,D5,
zone-rgb-outcome-v2-20260925/dev-final/track/zone-communication-20260925__gate-independent-graspfail/r2-3,57521,55746,65536,57344,3,2,1,1775,8192,D5,
zone-rgb-outcome-v2-20260925/dev-final/track/zone-communication-20260925__gate-independent-graspfail/r3-1,20598,18925,28672,20480,3,2,1,1673,8192,D5,
zone-rgb-outcome-v2-20260925/dev-final/track/zone-communication-20260925__gate-independent-graspfail/r3-2,26469,24795,36864,28672,3,2,1,1674,8192,D5,
zone-rgb-outcome-v2-20260925/dev-final/track/zone-communication-20260925__gate-independent-graspfail/r3-3,22349,20670,32768,24576,3,2,1,1679,8192,D5,
zone-rgb-outcome-v2-20260925/dev-final/track/zone-communication-20260925__gate-independent-nominal,0,0,0,0,0,0,0,0,0,,
zone-rgb-outcome-v2-20260925/dev-final/track/zone-communication-20260925__gate-independent-nominal/frames,66490310,66316056,68902912,68722688,1096,3,1093,174254,180224,D1,first + >=1 SIM second since last sample + last per stream/episode/leg; unknown SIM timing: every 10th numeric-sorted frame + first/last (mandatory endpoints may exceed 10% for n<20)
zone-rgb-outcome-v2-20260925/dev-final/track/zone-communication-20260925__gate-independent-nominal/r1-1,17667,16007,24576,16384,3,2,1,1660,8192,D5,
zone-rgb-outcome-v2-20260925/dev-final/track/zone-communication-20260925__gate-independent-nominal/r1-2,7066,5820,16384,12288,3,1,2,1246,4096,D5,
zone-rgb-outcome-v2-20260925/dev-final/track/zone-communication-20260925__gate-independent-nominal/r1-3,6706,5460,16384,12288,3,1,2,1246,4096,D5,
zone-rgb-outcome-v2-20260925/dev-final/track/zone-communication-20260925__gate-independent-nominal/r1-4,6464,5218,16384,12288,3,1,2,1246,4096,D5,
zone-rgb-outcome-v2-20260925/dev-final/track/zone-communication-20260925__gate-independent-nominal/r1-5,6067,4821,16384,12288,3,1,2,1246,4096,D5,
zone-rgb-outcome-v2-20260925/dev-final/track/zone-communication-20260925__gate-independent-nominal/r1-6,27914,26234,36864,28672,3,2,1,1680,8192,D5,
zone-rgb-outcome-v2-20260925/dev-final/track/zone-communication-20260925__gate-independent-nominal/r1-7,24525,22860,32768,24576,3,2,1,1665,8192,D5,
zone-rgb-outcome-v2-20260925/dev-final/track/zone-communication-20260925__gate-independent-nominal/r2-1,15528,13869,24576,16384,3,2,1,1659,8192,D5,
zone-rgb-outcome-v2-20260925/dev-final/track/zone-communication-20260925__gate-independent-nominal/r2-2,26130,24466,32768,24576,3,2,1,1664,8192,D5,
zone-rgb-outcome-v2-20260925/dev-final/track/zone-communication-20260925__gate-independent-nominal/r3-1,20588,18925,28672,20480,3,2,1,1663,8192,D5,
zone-rgb-outcome-v2-20260925/dev-final/track/zone-communication-20260925__gate-independent-nominal/r3-2,25510,23842,32768,24576,3,2,1,1668,8192,D5,
zone-rgb-outcome-v2-20260925/dev-final/track/zone-communication-20260925__gate-plan_first-graspfail,0,0,0,0,0,0,0,0,0,,
zone-rgb-outcome-v2-20260925/dev-final/track/zone-communication-20260925__gate-plan_first-graspfail/frames,38012081,38012081,39350272,39350272,624,0,624,0,0,,first + >=1 SIM second since last sample + last per stream/episode/leg; unknown SIM timing: every 10th numeric-sorted frame + first/last (mandatory endpoints may exceed 10% for n<20)
zone-rgb-outcome-v2-20260925/dev-final/track/zone-communication-20260925__gate-plan_first-graspfail/r1-1,17238,15573,24576,16384,3,2,1,1665,8192,D5,
zone-rgb-outcome-v2-20260925/dev-final/track/zone-communication-20260925__gate-plan_first-graspfail/r1-2,25685,24016,32768,24576,3,2,1,1669,8192,D5,
zone-rgb-outcome-v2-20260925/dev-final/track/zone-communication-20260925__gate-plan_first-graspfail/r2-1,13968,12736,20480,16384,3,1,2,1232,4096,D5,
zone-rgb-outcome-v2-20260925/dev-final/track/zone-communication-20260925__gate-plan_first-graspfail/r2-2,20988,19319,28672,20480,3,2,1,1669,8192,D5,
zone-rgb-outcome-v2-20260925/dev-final/track/zone-communication-20260925__gate-plan_first-graspfail/r3-1,20593,18925,28672,20480,3,2,1,1668,8192,D5,
zone-rgb-outcome-v2-20260925/dev-final/track/zone-communication-20260925__gate-plan_first-graspfail/r3-2,24741,23068,32768,24576,3,2,1,1673,8192,D5,
zone-rgb-outcome-v2-20260925/dev-final/track/zone-communication-20260925__gate-plan_first-nominal,0,0,0,0,0,0,0,0,0,,
zone-rgb-outcome-v2-20260925/dev-final/track/zone-communication-20260925__gate-plan_first-nominal/frames,37950082,37950082,39247872,39247872,624,0,624,0,0,,first + >=1 SIM second since last sample + last per stream/episode/leg; unknown SIM timing: every 10th numeric-sorted frame + first/last (mandatory endpoints may exceed 10% for n<20)
zone-rgb-outcome-v2-20260925/dev-final/track/zone-communication-20260925__gate-plan_first-nominal/r1-1,17662,16007,24576,16384,3,2,1,1655,8192,D5,
zone-rgb-outcome-v2-20260925/dev-final/track/zone-communication-20260925__gate-plan_first-nominal/r1-2,25675,24016,32768,24576,3,2,1,1659,8192,D5,
zone-rgb-outcome-v2-20260925/dev-final/track/zone-communication-20260925__gate-plan_first-nominal/r2-1,15523,13869,24576,16384,3,2,1,1654,8192,D5,
zone-rgb-outcome-v2-20260925/dev-final/track/zone-communication-20260925__gate-plan_first-nominal/r2-2,24634,22975,32768,24576,3,2,1,1659,8192,D5,
zone-rgb-outcome-v2-20260925/dev-final/track/zone-communication-20260925__gate-plan_first-nominal/r3-1,20583,18925,28672,20480,3,2,1,1658,8192,D5,
zone-rgb-outcome-v2-20260925/dev-final/track/zone-communication-20260925__gate-plan_first-nominal/r3-2,24731,23068,32768,24576,3,2,1,1663,8192,D5,
zone-rgb-outcome-v2-20260925/dev-final/track/zone-communication-20260925__gate2-dynamic-graspfail,0,0,0,0,0,0,0,0,0,,
zone-rgb-outcome-v2-20260925/dev-final/track/zone-communication-20260925__gate2-dynamic-graspfail/frames,43261658,43261658,44904448,44904448,712,0,712,0,0,,first + >=1 SIM second since last sample + last per stream/episode/leg; unknown SIM timing: every 10th numeric-sorted frame + first/last (mandatory endpoints may exceed 10% for n<20)
zone-rgb-outcome-v2-20260925/dev-final/track/zone-communication-20260925__gate2-dynamic-graspfail/r1-1,13268,11495,20480,12288,3,2,1,1773,8192,D5,
zone-rgb-outcome-v2-20260925/dev-final/track/zone-communication-20260925__gate2-dynamic-graspfail/r1-2,19931,18275,28672,20480,3,2,1,1656,8192,D5,
zone-rgb-outcome-v2-20260925/dev-final/track/zone-communication-20260925__gate2-dynamic-graspfail/r1-3,23881,22218,32768,24576,3,2,1,1663,8192,D5,
zone-rgb-outcome-v2-20260925/dev-final/track/zone-communication-20260925__gate2-dynamic-graspfail/r2-1,15523,13869,24576,16384,3,2,1,1654,8192,D5,
zone-rgb-outcome-v2-20260925/dev-final/track/zone-communication-20260925__gate2-dynamic-graspfail/r2-2,26416,24757,36864,28672,3,2,1,1659,8192,D5,
zone-rgb-outcome-v2-20260925/dev-final/track/zone-communication-20260925__gate2-dynamic-graspfail/r3-1,20826,19168,28672,20480,3,2,1,1658,8192,D5,
zone-rgb-outcome-v2-20260925/dev-final/track/zone-communication-20260925__gate2-dynamic-graspfail/r3-2,25206,23547,32768,24576,3,2,1,1659,8192,D5,
zone-rgb-outcome-v2-20260925/dev-final/track/zone-communication-20260925__gate2-dynamic-nominal,0,0,0,0,0,0,0,0,0,,
zone-rgb-outcome-v2-20260925/dev-final/track/zone-communication-20260925__gate2-dynamic-nominal/frames,37455363,37455363,38735872,38735872,616,0,616,0,0,,first + >=1 SIM second since last sample + last per stream/episode/leg; unknown SIM timing: every 10th numeric-sorted frame + first/last (mandatory endpoints may exceed 10% for n<20)
zone-rgb-outcome-v2-20260925/dev-final/track/zone-communication-20260925__gate2-dynamic-nominal/r1-1,17652,16007,24576,16384,3,2,1,1645,8192,D5,
zone-rgb-outcome-v2-20260925/dev-final/track/zone-communication-20260925__gate2-dynamic-nominal/r1-2,25553,23904,32768,24576,3,2,1,1649,8192,D5,
zone-rgb-outcome-v2-20260925/dev-final/track/zone-communication-20260925__gate2-dynamic-nominal/r2-1,15513,13869,24576,16384,3,2,1,1644,8192,D5,
zone-rgb-outcome-v2-20260925/dev-final/track/zone-communication-20260925__gate2-dynamic-nominal/r2-2,26444,24795,36864,28672,3,2,1,1649,8192,D5,
zone-rgb-outcome-v2-20260925/dev-final/track/zone-communication-20260925__gate2-dynamic-nominal/r3-1,20573,18925,28672,20480,3,2,1,1648,8192,D5,
zone-rgb-outcome-v2-20260925/dev-final/track/zone-communication-20260925__gate2-dynamic-nominal/r3-2,24128,22475,32768,24576,3,2,1,1653,8192,D5,
zone-rgb-outcome-v2-20260925/dev-final/track/zone-communication-20260925__gate2-independent-graspfail,0,0,0,0,0,0,0,0,0,,
zone-rgb-outcome-v2-20260925/dev-final/track/zone-communication-20260925__gate2-independent-graspfail/frames,54750431,54487558,56557568,56291328,900,4,896,262873,266240,D1,first + >=1 SIM second since last sample + last per stream/episode/leg; unknown SIM timing: every 10th numeric-sorted frame + first/last (mandatory endpoints may exceed 10% for n<20)
zone-rgb-outcome-v2-20260925/dev-final/track/zone-communication-20260925__gate2-independent-graspfail/r1-1,17248,15573,24576,16384,3,2,1,1675,8192,D5,
zone-rgb-outcome-v2-20260925/dev-final/track/zone-communication-20260925__gate2-independent-graspfail/r1-2,26696,25020,36864,28672,3,2,1,1676,8192,D5,
zone-rgb-outcome-v2-20260925/dev-final/track/zone-communication-20260925__gate2-independent-graspfail/r1-3,22596,20916,32768,24576,3,2,1,1680,8192,D5,
zone-rgb-outcome-v2-20260925/dev-final/track/zone-communication-20260925__gate2-independent-graspfail/r2-1,17048,15806,24576,20480,3,1,2,1242,4096,D5,
zone-rgb-outcome-v2-20260925/dev-final/track/zone-communication-20260925__gate2-independent-graspfail/r2-2,15482,13807,24576,16384,3,2,1,1675,8192,D5,
zone-rgb-outcome-v2-20260925/dev-final/track/zone-communication-20260925__gate2-independent-graspfail/r2-3,6719,5473,16384,12288,3,1,2,1246,4096,D5,
zone-rgb-outcome-v2-20260925/dev-final/track/zone-communication-20260925__gate2-independent-graspfail/r2-4,6416,5169,16384,12288,3,1,2,1247,4096,D5,
zone-rgb-outcome-v2-20260925/dev-final/track/zone-communication-20260925__gate2-independent-graspfail/r2-5,6001,4754,16384,12288,3,1,2,1247,4096,D5,
zone-rgb-outcome-v2-20260925/dev-final/track/zone-communication-20260925__gate2-independent-graspfail/r2-6,23205,21521,32768,24576,3,2,1,1684,8192,D5,
zone-rgb-outcome-v2-20260925/dev-final/track/zone-communication-20260925__gate2-independent-graspfail/r3-1,20603,18925,28672,20480,3,2,1,1678,8192,D5,
zone-rgb-outcome-v2-20260925/dev-final/track/zone-communication-20260925__gate2-independent-graspfail/r3-2,24955,23276,32768,24576,3,2,1,1679,8192,D5,
zone-rgb-outcome-v2-20260925/dev-final/track/zone-communication-20260925__gate2-independent-nominal,0,0,0,0,0,0,0,0,0,,
zone-rgb-outcome-v2-20260925/dev-final/track/zone-communication-20260925__gate2-independent-nominal/frames,73421997,73193545,75898880,75661312,1212,4,1208,228452,237568,D1,first + >=1 SIM second since last sample + last per stream/episode/leg; unknown SIM timing: every 10th numeric-sorted frame + first/last (mandatory endpoints may exceed 10% for n<20)
zone-rgb-outcome-v2-20260925/dev-final/track/zone-communication-20260925__gate2-independent-nominal/r1-1,17672,16007,24576,16384,3,2,1,1665,8192,D5,
zone-rgb-outcome-v2-20260925/dev-final/track/zone-communication-20260925__gate2-independent-nominal/r1-2,7071,5270,16384,8192,3,2,1,1801,8192,D5,
zone-rgb-outcome-v2-20260925/dev-final/track/zone-communication-20260925__gate2-independent-nominal/r1-3,6711,4910,16384,8192,3,2,1,1801,8192,D5,
zone-rgb-outcome-v2-20260925/dev-final/track/zone-communication-20260925__gate2-independent-nominal/r1-4,6469,4887,16384,8192,3,2,1,1582,8192,D5,
zone-rgb-outcome-v2-20260925/dev-final/track/zone-communication-20260925__gate2-independent-nominal/r1-5,6072,4509,16384,8192,3,2,1,1563,8192,D5,
zone-rgb-outcome-v2-20260925/dev-final/track/zone-communication-20260925__gate2-independent-nominal/r1-6,36523,34838,45056,36864,3,2,1,1685,8192,D5,
zone-rgb-outcome-v2-20260925/dev-final/track/zone-communication-20260925__gate2-independent-nominal/r1-7,24838,23168,32768,24576,3,2,1,1670,8192,D5,
zone-rgb-outcome-v2-20260925/dev-final/track/zone-communication-20260925__gate2-independent-nominal/r2-1,15533,13869,24576,16384,3,2,1,1664,8192,D5,
zone-rgb-outcome-v2-20260925/dev-final/track/zone-communication-20260925__gate2-independent-nominal/r2-2,26135,24466,32768,24576,3,2,1,1669,8192,D5,
zone-rgb-outcome-v2-20260925/dev-final/track/zone-communication-20260925__gate2-independent-nominal/r3-1,20593,18925,28672,20480,3,2,1,1668,8192,D5,
zone-rgb-outcome-v2-20260925/dev-final/track/zone-communication-20260925__gate2-independent-nominal/r3-2,26546,24873,36864,28672,3,2,1,1673,8192,D5,
zone-rgb-outcome-v2-20260925/dev-final/track/zone-communication-20260925__gate2-plan_first-graspfail,0,0,0,0,0,0,0,0,0,,
zone-rgb-outcome-v2-20260925/dev-final/track/zone-communication-20260925__gate2-plan_first-graspfail/frames,37763816,37763816,39092224,39092224,620,0,620,0,0,,first + >=1 SIM second since last sample + last per stream/episode/leg; unknown SIM timing: every 10th numeric-sorted frame + first/last (mandatory endpoints may exceed 10% for n<20)
zone-rgb-outcome-v2-20260925/dev-final/track/zone-communication-20260925__gate2-plan_first-graspfail/r1-1,17243,15573,24576,16384,3,2,1,1670,8192,D5,
zone-rgb-outcome-v2-20260925/dev-final/track/zone-communication-20260925__gate2-plan_first-graspfail/r1-2,25690,24016,32768,24576,3,2,1,1674,8192,D5,
zone-rgb-outcome-v2-20260925/dev-final/track/zone-communication-20260925__gate2-plan_first-graspfail/r2-1,13973,12186,20480,12288,3,2,1,1787,8192,D5,
zone-rgb-outcome-v2-20260925/dev-final/track/zone-communication-20260925__gate2-plan_first-graspfail/r2-2,20489,18815,28672,20480,3,2,1,1674,8192,D5,
zone-rgb-outcome-v2-20260925/dev-final/track/zone-communication-20260925__gate2-plan_first-graspfail/r3-1,20598,18925,28672,20480,3,2,1,1673,8192,D5,
zone-rgb-outcome-v2-20260925/dev-final/track/zone-communication-20260925__gate2-plan_first-graspfail/r3-2,24488,22810,32768,24576,3,2,1,1678,8192,D5,
zone-rgb-outcome-v2-20260925/dev-final/track/zone-communication-20260925__gate2-plan_first-nominal,0,0,0,0,0,0,0,0,0,,
zone-rgb-outcome-v2-20260925/dev-final/track/zone-communication-20260925__gate2-plan_first-nominal/frames,37222691,37222691,38494208,38494208,612,0,612,0,0,,first + >=1 SIM second since last sample + last per stream/episode/leg; unknown SIM timing: every 10th numeric-sorted frame + first/last (mandatory endpoints may exceed 10% for n<20)
zone-rgb-outcome-v2-20260925/dev-final/track/zone-communication-20260925__gate2-plan_first-nominal/r1-1,17667,16007,24576,16384,3,2,1,1660,8192,D5,
zone-rgb-outcome-v2-20260925/dev-final/track/zone-communication-20260925__gate2-plan_first-nominal/r1-2,25680,24016,32768,24576,3,2,1,1664,8192,D5,
zone-rgb-outcome-v2-20260925/dev-final/track/zone-communication-20260925__gate2-plan_first-nominal/r2-1,15528,13869,24576,16384,3,2,1,1659,8192,D5,
zone-rgb-outcome-v2-20260925/dev-final/track/zone-communication-20260925__gate2-plan_first-nominal/r2-2,24381,22717,32768,24576,3,2,1,1664,8192,D5,
zone-rgb-outcome-v2-20260925/dev-final/track/zone-communication-20260925__gate2-plan_first-nominal/r3-1,20588,18925,28672,20480,3,2,1,1663,8192,D5,
zone-rgb-outcome-v2-20260925/dev-final/track/zone-communication-20260925__gate2-plan_first-nominal/r3-2,23862,22194,32768,24576,3,2,1,1668,8192,D5,
zone-rgb-outcome-v2-20260925/dev-final/track/zone-dispatch-20260925__dev-fixture-2,0,0,0,0,0,0,0,0,0,,
zone-rgb-outcome-v2-20260925/dev-final/track/zone-dispatch-20260925__dev-fixture-2/frames,32842455,32842455,34238464,34238464,492,0,492,0,0,,first + >=1 SIM second since last sample + last per stream/episode/leg; unknown SIM timing: every 10th numeric-sorted frame + first/last (mandatory endpoints may exceed 10% for n<20)
zone-rgb-outcome-v2-20260925/dev-final/track/zone-dispatch-20260925__dev-fixture-2/r1-1,8533,7723,16384,12288,3,1,2,810,4096,D5,
zone-rgb-outcome-v2-20260925/dev-final/track/zone-dispatch-20260925__dev-fixture-2/r1-2,47807,46626,57344,49152,3,2,1,1181,8192,D5,
zone-rgb-outcome-v2-20260925/dev-final/track/zone-dispatch-20260925__dev-fixture-2/r2-1,15237,14428,24576,20480,3,1,2,809,4096,D5,
zone-rgb-outcome-v2-20260925/dev-final/track/zone-dispatch-20260925__dev-fixture-2/r2-2,47840,46657,57344,49152,3,2,1,1183,8192,D5,
zone-rgb-outcome-v2-20260925/dev-final/track/zone-dispatch-20260925__dev-fixture-2/r3-1,8411,7585,16384,12288,3,1,2,826,4096,D5,
zone-rgb-outcome-v2-20260925/dev-final/track/zone-dispatch-20260925__dev-fixture-2/r3-2,47763,46579,57344,49152,3,2,1,1184,8192,D5,
zone-rgb-outcome-v2-20260925/dev-final/track/zone-dispatch-20260925__dev-fixture-3,0,0,0,0,0,0,0,0,0,,
zone-rgb-outcome-v2-20260925/dev-final/track/zone-dispatch-20260925__dev-fixture-3/frames,18588182,18588182,19173376,19173376,278,0,278,0,0,,first + >=1 SIM second since last sample + last per stream/episode/leg; unknown SIM timing: every 10th numeric-sorted frame + first/last (mandatory endpoints may exceed 10% for n<20)
zone-rgb-outcome-v2-20260925/dev-final/track/zone-dispatch-20260925__dev-fixture-3/r1-1,12171,11037,20480,12288,3,2,1,1134,8192,D5,
zone-rgb-outcome-v2-20260925/dev-final/track/zone-dispatch-20260925__dev-fixture-3/r1-2,19530,18395,28672,20480,3,2,1,1135,8192,D5,
zone-rgb-outcome-v2-20260925/dev-final/track/zone-dispatch-20260925__dev-fixture-3/r2-1,16938,15805,24576,16384,3,2,1,1133,8192,D5,
zone-rgb-outcome-v2-20260925/dev-final/track/zone-dispatch-20260925__dev-fixture-3/r3-1,29648,28543,36864,28672,3,2,1,1105,8192,D5,
zone-rgb-outcome-v2-20260925/dev-final/track/zone-dispatch-20260925__dev-fixture-4,0,0,0,0,0,0,0,0,0,,
zone-rgb-outcome-v2-20260925/dev-final/track/zone-dispatch-20260925__dev-fixture-4/frames,23930514,23930514,24535040,24535040,358,0,358,0,0,,first + >=1 SIM second since last sample + last per stream/episode/leg; unknown SIM timing: every 10th numeric-sorted frame + first/last (mandatory endpoints may exceed 10% for n<20)
zone-rgb-outcome-v2-20260925/dev-final/track/zone-dispatch-20260925__dev-fixture-4/r1-1,12279,11145,20480,12288,3,2,1,1134,8192,D5,
zone-rgb-outcome-v2-20260925/dev-final/track/zone-dispatch-20260925__dev-fixture-4/r1-2,30505,29425,40960,32768,3,2,1,1080,8192,D5,
zone-rgb-outcome-v2-20260925/dev-final/track/zone-dispatch-20260925__dev-fixture-4/r2-1,17195,16062,24576,16384,3,2,1,1133,8192,D5,
zone-rgb-outcome-v2-20260925/dev-final/track/zone-dispatch-20260925__dev-fixture-4/r2-2,20021,18887,28672,20480,3,2,1,1134,8192,D5,
zone-rgb-outcome-v2-20260925/dev-final/track/zone-dispatch-20260925__dev-fixture-4/r3-1,16751,15601,24576,16384,3,2,1,1150,8192,D5,
zone-rgb-outcome-v2-20260925/dev-final/track/zone-dispatch-20260925__dev-fixture-5,0,0,0,0,0,0,0,0,0,,
zone-rgb-outcome-v2-20260925/dev-final/track/zone-dispatch-20260925__dev-fixture-5/frames,22485913,22485913,23236608,23236608,336,0,336,0,0,,first + >=1 SIM second since last sample + last per stream/episode/leg; unknown SIM timing: every 10th numeric-sorted frame + first/last (mandatory endpoints may exceed 10% for n<20)
zone-rgb-outcome-v2-20260925/dev-final/track/zone-dispatch-20260925__dev-fixture-5/r1-1,12279,11145,20480,12288,3,2,1,1134,8192,D5,
zone-rgb-outcome-v2-20260925/dev-final/track/zone-dispatch-20260925__dev-fixture-5/r1-2,19984,18846,28672,20480,3,2,1,1138,8192,D5,
zone-rgb-outcome-v2-20260925/dev-final/track/zone-dispatch-20260925__dev-fixture-5/r2-1,16938,15805,24576,16384,3,2,1,1133,8192,D5,
zone-rgb-outcome-v2-20260925/dev-final/track/zone-dispatch-20260925__dev-fixture-5/r2-2,23596,22462,32768,24576,3,2,1,1134,8192,D5,
zone-rgb-outcome-v2-20260925/dev-final/track/zone-dispatch-20260925__dev-fixture-5/r3-1,16751,15601,24576,16384,3,2,1,1150,8192,D5,
zone-rgb-outcome-v2-20260925/dev-final/track/zone-dispatch-20260925__dev-fixture-6-planfirst,0,0,0,0,0,0,0,0,0,,
zone-rgb-outcome-v2-20260925/dev-final/track/zone-dispatch-20260925__dev-fixture-6-planfirst/frames,22485913,22485913,23236608,23236608,336,0,336,0,0,,first + >=1 SIM second since last sample + last per stream/episode/leg; unknown SIM timing: every 10th numeric-sorted frame + first/last (mandatory endpoints may exceed 10% for n<20)
zone-rgb-outcome-v2-20260925/dev-final/track/zone-dispatch-20260925__dev-fixture-6-planfirst/r1-1,12309,11145,20480,12288,3,2,1,1164,8192,D5,
zone-rgb-outcome-v2-20260925/dev-final/track/zone-dispatch-20260925__dev-fixture-6-planfirst/r1-2,20014,18846,28672,20480,3,2,1,1168,8192,D5,
zone-rgb-outcome-v2-20260925/dev-final/track/zone-dispatch-20260925__dev-fixture-6-planfirst/r2-1,16968,15805,24576,16384,3,2,1,1163,8192,D5,
zone-rgb-outcome-v2-20260925/dev-final/track/zone-dispatch-20260925__dev-fixture-6-planfirst/r2-2,23626,22462,32768,24576,3,2,1,1164,8192,D5,
zone-rgb-outcome-v2-20260925/dev-final/track/zone-dispatch-20260925__dev-fixture-6-planfirst/r3-1,16781,15601,24576,16384,3,2,1,1180,8192,D5,
zone-rgb-outcome-v2-20260925/dev-final/track/zone-dispatch-20260925__dev-fixture-7,0,0,0,0,0,0,0,0,0,,
zone-rgb-outcome-v2-20260925/dev-final/track/zone-dispatch-20260925__dev-fixture-7/frames,24822584,24822584,25587712,25587712,370,0,370,0,0,,first + >=1 SIM second since last sample + last per stream/episode/leg; unknown SIM timing: every 10th numeric-sorted frame + first/last (mandatory endpoints may exceed 10% for n<20)
zone-rgb-outcome-v2-20260925/dev-final/track/zone-dispatch-20260925__dev-fixture-7/r1-1,23230,22906,32768,28672,3,1,2,324,4096,D5,
zone-rgb-outcome-v2-20260925/dev-final/track/zone-dispatch-20260925__dev-fixture-7/r1-2,21986,21986,32768,32768,3,0,3,0,0,,
zone-rgb-outcome-v2-20260925/dev-final/track/zone-dispatch-20260925__dev-fixture-7/r2-1,13250,12926,20480,16384,3,1,2,324,4096,D5,
zone-rgb-outcome-v2-20260925/dev-final/track/zone-dispatch-20260925__dev-fixture-7/r2-2,22237,21912,32768,28672,3,1,2,325,4096,D5,
zone-rgb-outcome-v2-20260925/dev-final/track/zone-dispatch-20260925__dev-fixture-7/r3-1,13555,13231,24576,20480,3,1,2,324,4096,D5,
zone-rgb-outcome-v2-20260925/dev-final/track/zone-dispatch-20260925__dev-fixture-7/r3-2,22427,22427,32768,32768,3,0,3,0,0,,
zone-rgb-outcome-v2-20260925/dev-final/track/zone-dispatch-20260925__dev-fixture-8,0,0,0,0,0,0,0,0,0,,
zone-rgb-outcome-v2-20260925/dev-final/track/zone-dispatch-20260925__dev-fixture-8/frames,25235722,25235722,26021888,26021888,376,0,376,0,0,,first + >=1 SIM second since last sample + last per stream/episode/leg; unknown SIM timing: every 10th numeric-sorted frame + first/last (mandatory endpoints may exceed 10% for n<20)
zone-rgb-outcome-v2-20260925/dev-final/track/zone-dispatch-20260925__dev-fixture-8/r1-1,23230,22097,32768,24576,3,2,1,1133,8192,D5,
zone-rgb-outcome-v2-20260925/dev-final/track/zone-dispatch-20260925__dev-fixture-8/r1-2,22350,21213,32768,24576,3,2,1,1137,8192,D5,
zone-rgb-outcome-v2-20260925/dev-final/track/zone-dispatch-20260925__dev-fixture-8/r2-1,13250,12119,20480,12288,3,2,1,1131,8192,D5,
zone-rgb-outcome-v2-20260925/dev-final/track/zone-dispatch-20260925__dev-fixture-8/r2-2,22237,21097,32768,24576,3,2,1,1140,8192,D5,
zone-rgb-outcome-v2-20260925/dev-final/track/zone-dispatch-20260925__dev-fixture-8/r3-1,13555,12406,24576,16384,3,2,1,1149,8192,D5,
zone-rgb-outcome-v2-20260925/dev-final/track/zone-dispatch-20260925__dev-fixture-8/r3-2,25221,24080,32768,24576,3,2,1,1141,8192,D5,
zone-rgb-outcome-v2-20260925/dev-final/track/zone-dispatch-20260925__dev-fixture-9,0,0,0,0,0,0,0,0,0,,
zone-rgb-outcome-v2-20260925/dev-final/track/zone-dispatch-20260925__dev-fixture-9/frames,24401590,24401590,25165824,25165824,364,0,364,0,0,,first + >=1 SIM second since last sample + last per stream/episode/leg; unknown SIM timing: every 10th numeric-sorted frame + first/last (mandatory endpoints may exceed 10% for n<20)
zone-rgb-outcome-v2-20260925/dev-final/track/zone-dispatch-20260925__dev-fixture-9/r1-1,23897,23573,32768,28672,3,1,2,324,4096,D5,
zone-rgb-outcome-v2-20260925/dev-final/track/zone-dispatch-20260925__dev-fixture-9/r1-2,21442,21442,28672,28672,3,0,3,0,0,,
zone-rgb-outcome-v2-20260925/dev-final/track/zone-dispatch-20260925__dev-fixture-9/r2-1,13199,12875,20480,16384,3,1,2,324,4096,D5,
zone-rgb-outcome-v2-20260925/dev-final/track/zone-dispatch-20260925__dev-fixture-9/r2-2,21189,21189,28672,28672,3,0,3,0,0,,
zone-rgb-outcome-v2-20260925/dev-final/track/zone-dispatch-20260925__dev-fixture-9/r3-1,14290,14290,24576,24576,3,0,3,0,0,,
zone-rgb-outcome-v2-20260925/dev-final/track/zone-dispatch-20260925__dev-fixture-9/r3-2,22409,22084,32768,28672,3,1,2,325,4096,D5,
zone-rgb-outcome-v2-20260925/dev-final/track/zone-dispatch-20260925__diag-plan-replay,0,0,0,0,0,0,0,0,0,,
zone-rgb-outcome-v2-20260925/dev-final/track/zone-dispatch-20260925__diag-plan-replay/frames,23910549,23910549,24678400,24678400,356,0,356,0,0,,first + >=1 SIM second since last sample + last per stream/episode/leg; unknown SIM timing: every 10th numeric-sorted frame + first/last (mandatory endpoints may exceed 10% for n<20)
zone-rgb-outcome-v2-20260925/dev-final/track/zone-dispatch-20260925__diag-plan-replay/r1-1,16547,15389,24576,16384,3,2,1,1158,8192,D5,
zone-rgb-outcome-v2-20260925/dev-final/track/zone-dispatch-20260925__diag-plan-replay/r1-2,25848,24704,36864,28672,3,2,1,1144,8192,D5,
zone-rgb-outcome-v2-20260925/dev-final/track/zone-dispatch-20260925__diag-plan-replay/r2-1,10126,8977,20480,12288,3,2,1,1149,8192,D5,
zone-rgb-outcome-v2-20260925/dev-final/track/zone-dispatch-20260925__diag-plan-replay/r2-2,24158,23012,32768,24576,3,2,1,1146,8192,D5,
zone-rgb-outcome-v2-20260925/dev-final/track/zone-dispatch-20260925__diag-plan-replay/r3-1,19018,17872,28672,20480,3,2,1,1146,8192,D5,
zone-rgb-outcome-v2-20260925/dev-final/track/zone-dispatch-20260925__diag-plan-replay/r3-2,17138,15996,24576,16384,3,2,1,1142,8192,D5,
zone-rgb-outcome-v2-20260925/dev-final/track/zone-rgb-outcome-runs-20260925__dev-o33-dyn,0,0,0,0,0,0,0,0,0,,
zone-rgb-outcome-v2-20260925/dev-final/track/zone-rgb-outcome-runs-20260925__dev-o33-dyn/frames,38886977,38684597,40681472,40468480,861,3,858,202380,212992,D1,first + >=1 SIM second since last sample + last per stream/episode/leg; unknown SIM timing: every 10th numeric-sorted frame + first/last (mandatory endpoints may exceed 10% for n<20)
zone-rgb-outcome-v2-20260925/dev-final/track/zone-rgb-outcome-runs-20260925__dev-o33-dyn/r1-1,15093,15093,24576,24576,3,0,3,0,0,,
zone-rgb-outcome-v2-20260925/dev-final/track/zone-rgb-outcome-runs-20260925__dev-o33-dyn/r1-2,5982,5982,16384,16384,3,0,3,0,0,,
zone-rgb-outcome-v2-20260925/dev-final/track/zone-rgb-outcome-runs-20260925__dev-o33-dyn/r1-3,14570,14570,24576,24576,3,0,3,0,0,,
zone-rgb-outcome-v2-20260925/dev-final/track/zone-rgb-outcome-runs-20260925__dev-o33-dyn/r1-4,23329,23329,32768,32768,3,0,3,0,0,,
zone-rgb-outcome-v2-20260925/dev-final/track/zone-rgb-outcome-runs-20260925__dev-o33-dyn/r2-1,16052,16052,24576,24576,3,0,3,0,0,,
zone-rgb-outcome-v2-20260925/dev-final/track/zone-rgb-outcome-runs-20260925__dev-o33-dyn/r2-2,24044,24044,32768,32768,3,0,3,0,0,,
zone-rgb-outcome-v2-20260925/dev-final/track/zone-rgb-outcome-runs-20260925__dev-o33-dyn/r3-1,15089,15089,24576,24576,3,0,3,0,0,,
zone-rgb-outcome-v2-20260925/dev-final/track/zone-rgb-outcome-runs-20260925__dev-o33-dyn/r3-2,25508,25508,32768,32768,3,0,3,0,0,,
zone-rgb-outcome-v2-20260925/dev-final/track/zone-rgb-outcome-runs-20260925__dev-o34-plan,0,0,0,0,0,0,0,0,0,,
zone-rgb-outcome-v2-20260925/dev-final/track/zone-rgb-outcome-runs-20260925__dev-o34-plan/frames,28951718,28951718,30330880,30330880,626,0,626,0,0,,first + >=1 SIM second since last sample + last per stream/episode/leg; unknown SIM timing: every 10th numeric-sorted frame + first/last (mandatory endpoints may exceed 10% for n<20)
zone-rgb-outcome-v2-20260925/dev-final/track/zone-rgb-outcome-runs-20260925__dev-o34-plan/r1-1,17448,16267,24576,16384,3,2,1,1181,8192,D5,
zone-rgb-outcome-v2-20260925/dev-final/track/zone-rgb-outcome-runs-20260925__dev-o34-plan/r1-2,21560,20363,28672,20480,3,2,1,1197,8192,D5,
zone-rgb-outcome-v2-20260925/dev-final/track/zone-rgb-outcome-runs-20260925__dev-o34-plan/r2-1,11848,11019,20480,16384,3,1,2,829,4096,D5,
zone-rgb-outcome-v2-20260925/dev-final/track/zone-rgb-outcome-runs-20260925__dev-o34-plan/r2-2,11643,10460,20480,12288,3,2,1,1183,8192,D5,
zone-rgb-outcome-v2-20260925/dev-final/track/zone-rgb-outcome-runs-20260925__dev-o34-plan/r3-1,12870,12025,20480,16384,3,1,2,845,4096,D5,
zone-rgb-outcome-v2-20260925/dev-final/track/zone-rgb-outcome-runs-20260925__dev-o34-plan/r3-2,21771,20584,32768,24576,3,2,1,1187,8192,D5,
zone-rgb-outcome-v2-20260925/dev-final/track/zone-rgb-outcome-runs-20260925__dev-w31-dyn,0,0,0,0,0,0,0,0,0,,
zone-rgb-outcome-v2-20260925/dev-final/track/zone-rgb-outcome-runs-20260925__dev-w31-dyn/frames,60956842,60956842,63709184,63709184,1262,0,1262,0,0,,first + >=1 SIM second since last sample + last per stream/episode/leg; unknown SIM timing: every 10th numeric-sorted frame + first/last (mandatory endpoints may exceed 10% for n<20)
zone-rgb-outcome-v2-20260925/dev-final/track/zone-rgb-outcome-runs-20260925__dev-w31-dyn/r1-1,16131,16131,24576,24576,3,0,3,0,0,,
zone-rgb-outcome-v2-20260925/dev-final/track/zone-rgb-outcome-runs-20260925__dev-w31-dyn/r1-2,15665,15665,24576,24576,3,0,3,0,0,,
zone-rgb-outcome-v2-20260925/dev-final/track/zone-rgb-outcome-runs-20260925__dev-w31-dyn/r1-3,24743,24743,32768,32768,3,0,3,0,0,,
zone-rgb-outcome-v2-20260925/dev-final/track/zone-rgb-outcome-runs-20260925__dev-w31-dyn/r2-1,16476,16017,24576,20480,3,1,2,459,4096,D5,
zone-rgb-outcome-v2-20260925/dev-final/track/zone-rgb-outcome-runs-20260925__dev-w31-dyn/r2-2,23238,23238,32768,32768,3,0,3,0,0,,
zone-rgb-outcome-v2-20260925/dev-final/track/zone-rgb-outcome-runs-20260925__dev-w31-dyn/r2-3,23262,23262,32768,32768,3,0,3,0,0,,
zone-rgb-outcome-v2-20260925/dev-final/track/zone-rgb-outcome-runs-20260925__dev-w31-dyn/r3-1,14941,14482,24576,20480,3,1,2,459,4096,D5,
zone-rgb-outcome-v2-20260925/dev-final/track/zone-rgb-outcome-runs-20260925__dev-w31-dyn/r3-2,27822,27822,36864,36864,3,0,3,0,0,,
zone-rgb-outcome-v2-20260925/dev-final/track/zone-rgb-outcome-runs-20260925__dev-w31-ind,0,0,0,0,0,0,0,0,0,,
zone-rgb-outcome-v2-20260925/dev-final/track/zone-rgb-outcome-runs-20260925__dev-w31-ind/frames,82883054,82540800,86421504,86069248,1712,5,1707,342254,352256,D1,first + >=1 SIM second since last sample + last per stream/episode/leg; unknown SIM timing: every 10th numeric-sorted frame + first/last (mandatory endpoints may exceed 10% for n<20)
zone-rgb-outcome-v2-20260925/dev-final/track/zone-rgb-outcome-runs-20260925__dev-w31-ind/r1-1,19081,17446,28672,20480,3,2,1,1635,8192,D5,
zone-rgb-outcome-v2-20260925/dev-final/track/zone-rgb-outcome-runs-20260925__dev-w31-ind/r1-2,27522,25885,36864,28672,3,2,1,1637,8192,D5,
zone-rgb-outcome-v2-20260925/dev-final/track/zone-rgb-outcome-runs-20260925__dev-w31-ind/r1-3,22477,20833,32768,24576,3,2,1,1644,8192,D5,
zone-rgb-outcome-v2-20260925/dev-final/track/zone-rgb-outcome-runs-20260925__dev-w31-ind/r1-4,15965,14488,24576,16384,3,2,1,1477,8192,D5,
zone-rgb-outcome-v2-20260925/dev-final/track/zone-rgb-outcome-runs-20260925__dev-w31-ind/r2-1,17778,16602,24576,20480,3,1,2,1176,4096,D5,
zone-rgb-outcome-v2-20260925/dev-final/track/zone-rgb-outcome-runs-20260925__dev-w31-ind/r2-2,15502,14326,24576,20480,3,1,2,1176,4096,D5,
zone-rgb-outcome-v2-20260925/dev-final/track/zone-rgb-outcome-runs-20260925__dev-w31-ind/r2-3,6804,5612,16384,12288,3,1,2,1192,4096,D5,
zone-rgb-outcome-v2-20260925/dev-final/track/zone-rgb-outcome-runs-20260925__dev-w31-ind/r2-4,6345,5153,16384,12288,3,1,2,1192,4096,D5,
zone-rgb-outcome-v2-20260925/dev-final/track/zone-rgb-outcome-runs-20260925__dev-w31-ind/r2-5,24763,23107,32768,24576,3,2,1,1656,8192,D5,
zone-rgb-outcome-v2-20260925/dev-final/track/zone-rgb-outcome-runs-20260925__dev-w31-ind/r2-6,26254,24611,36864,28672,3,2,1,1643,8192,D5,
zone-rgb-outcome-v2-20260925/dev-final/track/zone-rgb-outcome-runs-20260925__dev-w31-ind/r3-1,14941,13303,24576,16384,3,2,1,1638,8192,D5,
zone-rgb-outcome-v2-20260925/dev-final/track/zone-rgb-outcome-runs-20260925__dev-w31-ind/r3-2,28160,26523,36864,28672,3,2,1,1637,8192,D5,
zone-rgb-outcome-v2-20260925/dev-final/track/zone-rgb-outcome-runs-20260925__dev-w32-dyn,0,0,0,0,0,0,0,0,0,,
zone-rgb-outcome-v2-20260925/dev-final/track/zone-rgb-outcome-runs-20260925__dev-w32-dyn/frames,57383301,57383301,59850752,59850752,1200,0,1200,0,0,,first + >=1 SIM second since last sample + last per stream/episode/leg; unknown SIM timing: every 10th numeric-sorted frame + first/last (mandatory endpoints may exceed 10% for n<20)
zone-rgb-outcome-v2-20260925/dev-final/track/zone-rgb-outcome-runs-20260925__dev-w32-dyn/r1-1,13583,13583,20480,20480,3,0,3,0,0,,
zone-rgb-outcome-v2-20260925/dev-final/track/zone-rgb-outcome-runs-20260925__dev-w32-dyn/r1-2,20384,20384,28672,28672,3,0,3,0,0,,
zone-rgb-outcome-v2-20260925/dev-final/track/zone-rgb-outcome-runs-20260925__dev-w32-dyn/r1-3,21680,21680,28672,28672,3,0,3,0,0,,
zone-rgb-outcome-v2-20260925/dev-final/track/zone-rgb-outcome-runs-20260925__dev-w32-dyn/r2-1,14126,14126,24576,24576,3,0,3,0,0,,
zone-rgb-outcome-v2-20260925/dev-final/track/zone-rgb-outcome-runs-20260925__dev-w32-dyn/r2-2,25049,25049,32768,32768,3,0,3,0,0,,
zone-rgb-outcome-v2-20260925/dev-final/track/zone-rgb-outcome-runs-20260925__dev-w32-dyn/r2-3,24620,24620,32768,32768,3,0,3,0,0,,
zone-rgb-outcome-v2-20260925/dev-final/track/zone-rgb-outcome-runs-20260925__dev-w32-dyn/r3-1,20327,20327,28672,28672,3,0,3,0,0,,
zone-rgb-outcome-v2-20260925/dev-final/track/zone-rgb-outcome-runs-20260925__dev-w32-dyn/r3-2,28446,28446,36864,36864,3,0,3,0,0,,
zone-rgb-outcome-v2-20260925/dev-final/track/zone-rgb-outcome-runs-20260925__dev-w32-plan,0,0,0,0,0,0,0,0,0,,
zone-rgb-outcome-v2-20260925/dev-final/track/zone-rgb-outcome-runs-20260925__dev-w32-plan/frames,46960100,46960100,49225728,49225728,1005,0,1005,0,0,,first + >=1 SIM second since last sample + last per stream/episode/leg; unknown SIM timing: every 10th numeric-sorted frame + first/last (mandatory endpoints may exceed 10% for n<20)
zone-rgb-outcome-v2-20260925/dev-final/track/zone-rgb-outcome-runs-20260925__dev-w32-plan/r1-1,21978,20338,28672,20480,3,2,1,1640,8192,D5,
zone-rgb-outcome-v2-20260925/dev-final/track/zone-rgb-outcome-runs-20260925__dev-w32-plan/r1-2,24363,22718,32768,24576,3,2,1,1645,8192,D5,
zone-rgb-outcome-v2-20260925/dev-final/track/zone-rgb-outcome-runs-20260925__dev-w32-plan/r2-1,14131,12314,24576,16384,3,2,1,1817,8192,D5,
zone-rgb-outcome-v2-20260925/dev-final/track/zone-rgb-outcome-runs-20260925__dev-w32-plan/r2-2,35004,33537,45056,36864,3,2,1,1467,8192,D5,
zone-rgb-outcome-v2-20260925/dev-final/track/zone-rgb-outcome-runs-20260925__dev-w32-plan/r3-1,19531,17888,28672,20480,3,2,1,1643,8192,D5,
zone-rgb-outcome-v2-20260925/dev-final/track/zone-rgb-outcome-runs-20260925__dev-w32-plan/r3-2,23896,22247,32768,24576,3,2,1,1649,8192,D5,
zone-rgb-outcome-v2-20260925/synth-dev,15486,15486,16384,16384,1,0,1,0,0,,
zone-rgb-outcome-v2-20260925/synth-dev/zone-communication-20260925__gate-dynamic-nominal__r1-1,0,0,0,0,0,0,0,0,0,,
zone-rgb-outcome-v2-20260925/synth-dev/zone-communication-20260925__gate-dynamic-nominal__r1-1/drop_mid_route_visible,878,878,4096,4096,1,0,1,0,0,,
zone-rgb-outcome-v2-20260925/synth-dev/zone-communication-20260925__gate-dynamic-nominal__r1-1/drop_mid_route_visible/frames,741212,741212,774144,774144,12,0,12,0,0,,
zone-rgb-outcome-v2-20260925/synth-dev/zone-communication-20260925__gate-dynamic-nominal__r1-1/drop_under_robot,872,872,4096,4096,1,0,1,0,0,,
zone-rgb-outcome-v2-20260925/synth-dev/zone-communication-20260925__gate-dynamic-nominal__r1-1/drop_under_robot/frames,742050,742050,774144,774144,12,0,12,0,0,,
zone-rgb-outcome-v2-20260925/synth-dev/zone-communication-20260925__gate-dynamic-nominal__r1-1/grasp_fail_robot_at_pregrasp,948,948,4096,4096,1,0,1,0,0,,
zone-rgb-outcome-v2-20260925/synth-dev/zone-communication-20260925__gate-dynamic-nominal__r1-1/grasp_fail_robot_at_pregrasp/frames,735827,735827,770048,770048,12,0,12,0,0,,
zone-rgb-outcome-v2-20260925/synth-dev/zone-communication-20260925__gate-dynamic-nominal__r1-1/grasp_fail_robot_over_source,952,952,4096,4096,1,0,1,0,0,,
zone-rgb-outcome-v2-20260925/synth-dev/zone-communication-20260925__gate-dynamic-nominal__r1-1/grasp_fail_robot_over_source/frames,735909,735909,770048,770048,12,0,12,0,0,,
zone-rgb-outcome-v2-20260925/synth-dev/zone-communication-20260925__gate-dynamic-nominal__r1-1/identity_swap_source_empty_peer_in_target,901,901,4096,4096,1,0,1,0,0,,
zone-rgb-outcome-v2-20260925/synth-dev/zone-communication-20260925__gate-dynamic-nominal__r1-1/identity_swap_source_empty_peer_in_target/frames,735485,735485,765952,765952,12,0,12,0,0,,
zone-rgb-outcome-v2-20260925/synth-dev/zone-communication-20260925__gate-dynamic-nominal__r1-1/peer_same_kind_own_slot_source_occluded,958,958,4096,4096,1,0,1,0,0,,
zone-rgb-outcome-v2-20260925/synth-dev/zone-communication-20260925__gate-dynamic-nominal__r1-1/peer_same_kind_own_slot_source_occluded/frames,735903,735903,770048,770048,12,0,12,0,0,,
zone-rgb-outcome-v2-20260925/synth-dev/zone-communication-20260925__gate-dynamic-nominal__r1-1/placed_arm_over_target,882,882,4096,4096,1,0,1,0,0,,
zone-rgb-outcome-v2-20260925/synth-dev/zone-communication-20260925__gate-dynamic-nominal__r1-1/placed_arm_over_target/frames,735600,735600,765952,765952,12,0,12,0,0,,
zone-rgb-outcome-v2-20260925/synth-dev/zone-communication-20260925__gate-dynamic-nominal__r1-1/placed_clear,873,873,4096,4096,1,0,1,0,0,,
zone-rgb-outcome-v2-20260925/synth-dev/zone-communication-20260925__gate-dynamic-nominal__r1-1/placed_clear/frames,735733,735733,765952,765952,12,0,12,0,0,,
zone-rgb-outcome-v2-20260925/synth-dev/zone-communication-20260925__gate-dynamic-nominal__r1-1/placed_robot_over_target,894,894,4096,4096,1,0,1,0,0,,
zone-rgb-outcome-v2-20260925/synth-dev/zone-communication-20260925__gate-dynamic-nominal__r1-1/placed_robot_over_target/frames,735343,735343,765952,765952,12,0,12,0,0,,
zone-rgb-outcome-v2-20260925/synth-dev/zone-communication-20260925__gate-dynamic-nominal__r1-1/static_occluder_from_assignment_box_gone_peer_in_target,956,956,4096,4096,1,0,1,0,0,,
zone-rgb-outcome-v2-20260925/synth-dev/zone-communication-20260925__gate-dynamic-nominal__r1-1/static_occluder_from_assignment_box_gone_peer_in_target/frames,735962,735962,770048,770048,12,0,12,0,0,,
zone-rgb-outcome-v2-20260925/synth-dev/zone-communication-20260925__gate-dynamic-nominal__r1-1/static_occluder_from_assignment_box_stays_peer_in_target,975,975,4096,4096,1,0,1,0,0,,
zone-rgb-outcome-v2-20260925/synth-dev/zone-communication-20260925__gate-dynamic-nominal__r1-1/static_occluder_from_assignment_box_stays_peer_in_target/frames,736111,736111,770048,770048,12,0,12,0,0,,
zone-rgb-outcome-v2-20260925/synth-dev/zone-communication-20260925__gate-dynamic-nominal__r1-1/static_occluder_from_reference_peer_in_target,944,944,4096,4096,1,0,1,0,0,,
zone-rgb-outcome-v2-20260925/synth-dev/zone-communication-20260925__gate-dynamic-nominal__r1-1/static_occluder_from_reference_peer_in_target/frames,736170,736170,770048,770048,12,0,12,0,0,,
zone-rgb-outcome-v2-20260925/synth-dev/zone-communication-20260925__gate-dynamic-nominal__r1-1/wrong_kind_in_target_source_occluded,960,960,4096,4096,1,0,1,0,0,,
zone-rgb-outcome-v2-20260925/synth-dev/zone-communication-20260925__gate-dynamic-nominal__r1-1/wrong_kind_in_target_source_occluded/frames,736144,736144,770048,770048,12,0,12,0,0,,
zone-rgb-outcome-v2-20260925/synth-dev/zone-communication-20260925__gate-dynamic-nominal__r1-1/wrong_zone,866,866,4096,4096,1,0,1,0,0,,
zone-rgb-outcome-v2-20260925/synth-dev/zone-communication-20260925__gate-dynamic-nominal__r1-1/wrong_zone/frames,735575,735575,765952,765952,12,0,12,0,0,,
zone-rgb-outcome-v2-20260925/synth-dev/zone-communication-20260925__gate-dynamic-nominal__r1-2,0,0,0,0,0,0,0,0,0,,
zone-rgb-outcome-v2-20260925/synth-dev/zone-communication-20260925__gate-dynamic-nominal__r1-2/drop_mid_route_visible,839,839,4096,4096,1,0,1,0,0,,
zone-rgb-outcome-v2-20260925/synth-dev/zone-communication-20260925__gate-dynamic-nominal__r1-2/drop_mid_route_visible/frames,732503,732503,757760,757760,12,0,12,0,0,,
zone-rgb-outcome-v2-20260925/synth-dev/zone-communication-20260925__gate-dynamic-nominal__r1-2/drop_under_robot,833,833,4096,4096,1,0,1,0,0,,
zone-rgb-outcome-v2-20260925/synth-dev/zone-communication-20260925__gate-dynamic-nominal__r1-2/drop_under_robot/frames,732350,732350,757760,757760,12,0,12,0,0,,
zone-rgb-outcome-v2-20260925/synth-dev/zone-communication-20260925__gate-dynamic-nominal__r1-2/grasp_fail_robot_at_pregrasp,911,911,4096,4096,1,0,1,0,0,,
zone-rgb-outcome-v2-20260925/synth-dev/zone-communication-20260925__gate-dynamic-nominal__r1-2/grasp_fail_robot_at_pregrasp/frames,732572,732572,757760,757760,12,0,12,0,0,,
zone-rgb-outcome-v2-20260925/synth-dev/zone-communication-20260925__gate-dynamic-nominal__r1-2/grasp_fail_robot_over_source,880,880,4096,4096,1,0,1,0,0,,
zone-rgb-outcome-v2-20260925/synth-dev/zone-communication-20260925__gate-dynamic-nominal__r1-2/grasp_fail_robot_over_source/frames,732158,732158,757760,757760,12,0,12,0,0,,
zone-rgb-outcome-v2-20260925/synth-dev/zone-communication-20260925__gate-dynamic-nominal__r1-2/placed_arm_over_target,843,843,4096,4096,1,0,1,0,0,,
zone-rgb-outcome-v2-20260925/synth-dev/zone-communication-20260925__gate-dynamic-nominal__r1-2/placed_arm_over_target/frames,731626,731626,761856,761856,12,0,12,0,0,,
zone-rgb-outcome-v2-20260925/synth-dev/zone-communication-20260925__gate-dynamic-nominal__r1-2/placed_clear,834,834,4096,4096,1,0,1,0,0,,
zone-rgb-outcome-v2-20260925/synth-dev/zone-communication-20260925__gate-dynamic-nominal__r1-2/placed_clear/frames,731815,731815,761856,761856,12,0,12,0,0,,
zone-rgb-outcome-v2-20260925/synth-dev/zone-communication-20260925__gate-dynamic-nominal__r1-2/placed_robot_over_target,845,845,4096,4096,1,0,1,0,0,,
zone-rgb-outcome-v2-20260925/synth-dev/zone-communication-20260925__gate-dynamic-nominal__r1-2/placed_robot_over_target/frames,731439,731439,761856,761856,12,0,12,0,0,,
zone-rgb-outcome-v2-20260925/synth-dev/zone-communication-20260925__gate-dynamic-nominal__r1-2/wrong_kind_in_target_source_occluded,888,888,4096,4096,1,0,1,0,0,,
zone-rgb-outcome-v2-20260925/synth-dev/zone-communication-20260925__gate-dynamic-nominal__r1-2/wrong_kind_in_target_source_occluded/frames,732208,732208,757760,757760,12,0,12,0,0,,
zone-rgb-outcome-v2-20260925/synth-dev/zone-communication-20260925__gate-dynamic-nominal__r1-2/wrong_zone,827,827,4096,4096,1,0,1,0,0,,
zone-rgb-outcome-v2-20260925/synth-dev/zone-communication-20260925__gate-dynamic-nominal__r1-2/wrong_zone/frames,731072,731072,761856,761856,12,0,12,0,0,,
zone-rgb-outcome-v2-20260925/synth-dev/zone-dispatch-20260925__dev-fixture-7__r1-1,0,0,0,0,0,0,0,0,0,,
zone-rgb-outcome-v2-20260925/synth-dev/zone-dispatch-20260925__dev-fixture-7__r1-1/drop_mid_route_visible,864,864,4096,4096,1,0,1,0,0,,
zone-rgb-outcome-v2-20260925/synth-dev/zone-dispatch-20260925__dev-fixture-7__r1-1/drop_mid_route_visible/frames,402342,402342,417792,417792,6,0,6,0,0,,
zone-rgb-outcome-v2-20260925/synth-dev/zone-dispatch-20260925__dev-fixture-7__r1-1/drop_under_robot,858,858,4096,4096,1,0,1,0,0,,
zone-rgb-outcome-v2-20260925/synth-dev/zone-dispatch-20260925__dev-fixture-7__r1-1/drop_under_robot/frames,401147,401147,413696,413696,6,0,6,0,0,,
zone-rgb-outcome-v2-20260925/synth-dev/zone-dispatch-20260925__dev-fixture-7__r1-1/grasp_fail_robot_at_pregrasp,933,933,4096,4096,1,0,1,0,0,,
zone-rgb-outcome-v2-20260925/synth-dev/zone-dispatch-20260925__dev-fixture-7__r1-1/grasp_fail_robot_at_pregrasp/frames,401349,401349,417792,417792,6,0,6,0,0,,
zone-rgb-outcome-v2-20260925/synth-dev/zone-dispatch-20260925__dev-fixture-7__r1-1/grasp_fail_robot_over_source,903,903,4096,4096,1,0,1,0,0,,
zone-rgb-outcome-v2-20260925/synth-dev/zone-dispatch-20260925__dev-fixture-7__r1-1/grasp_fail_robot_over_source/frames,401188,401188,417792,417792,6,0,6,0,0,,
zone-rgb-outcome-v2-20260925/synth-dev/zone-dispatch-20260925__dev-fixture-7__r1-1/identity_swap_source_empty_peer_in_target,887,887,4096,4096,1,0,1,0,0,,
zone-rgb-outcome-v2-20260925/synth-dev/zone-dispatch-20260925__dev-fixture-7__r1-1/identity_swap_source_empty_peer_in_target/frames,400498,400498,413696,413696,6,0,6,0,0,,
zone-rgb-outcome-v2-20260925/synth-dev/zone-dispatch-20260925__dev-fixture-7__r1-1/peer_same_kind_own_slot_source_occluded,933,933,4096,4096,1,0,1,0,0,,
zone-rgb-outcome-v2-20260925/synth-dev/zone-dispatch-20260925__dev-fixture-7__r1-1/peer_same_kind_own_slot_source_occluded/frames,401115,401115,417792,417792,6,0,6,0,0,,
zone-rgb-outcome-v2-20260925/synth-dev/zone-dispatch-20260925__dev-fixture-7__r1-1/placed_arm_over_target,868,868,4096,4096,1,0,1,0,0,,
zone-rgb-outcome-v2-20260925/synth-dev/zone-dispatch-20260925__dev-fixture-7__r1-1/placed_arm_over_target/frames,400420,400420,413696,413696,6,0,6,0,0,,
zone-rgb-outcome-v2-20260925/synth-dev/zone-dispatch-20260925__dev-fixture-7__r1-1/placed_clear,859,859,4096,4096,1,0,1,0,0,,
zone-rgb-outcome-v2-20260925/synth-dev/zone-dispatch-20260925__dev-fixture-7__r1-1/placed_clear/frames,400766,400766,413696,413696,6,0,6,0,0,,
zone-rgb-outcome-v2-20260925/synth-dev/zone-dispatch-20260925__dev-fixture-7__r1-1/placed_robot_over_target,880,880,4096,4096,1,0,1,0,0,,
zone-rgb-outcome-v2-20260925/synth-dev/zone-dispatch-20260925__dev-fixture-7__r1-1/placed_robot_over_target/frames,400101,400101,413696,413696,6,0,6,0,0,,
zone-rgb-outcome-v2-20260925/synth-dev/zone-dispatch-20260925__dev-fixture-7__r1-1/static_occluder_from_assignment_box_gone_peer_in_target,943,943,4096,4096,1,0,1,0,0,,
zone-rgb-outcome-v2-20260925/synth-dev/zone-dispatch-20260925__dev-fixture-7__r1-1/static_occluder_from_assignment_box_gone_peer_in_target/frames,401710,401710,417792,417792,6,0,6,0,0,,
zone-rgb-outcome-v2-20260925/synth-dev/zone-dispatch-20260925__dev-fixture-7__r1-1/static_occluder_from_assignment_box_stays_peer_in_target,950,950,4096,4096,1,0,1,0,0,,
zone-rgb-outcome-v2-20260925/synth-dev/zone-dispatch-20260925__dev-fixture-7__r1-1/static_occluder_from_assignment_box_stays_peer_in_target/frames,401726,401726,417792,417792,6,0,6,0,0,,
zone-rgb-outcome-v2-20260925/synth-dev/zone-dispatch-20260925__dev-fixture-7__r1-1/static_occluder_from_reference_peer_in_target,933,933,4096,4096,1,0,1,0,0,,
zone-rgb-outcome-v2-20260925/synth-dev/zone-dispatch-20260925__dev-fixture-7__r1-1/static_occluder_from_reference_peer_in_target/frames,402321,402321,417792,417792,6,0,6,0,0,,
zone-rgb-outcome-v2-20260925/synth-dev/zone-dispatch-20260925__dev-fixture-7__r1-1/wrong_kind_in_target_source_occluded,911,911,4096,4096,1,0,1,0,0,,
zone-rgb-outcome-v2-20260925/synth-dev/zone-dispatch-20260925__dev-fixture-7__r1-1/wrong_kind_in_target_source_occluded/frames,401195,401195,417792,417792,6,0,6,0,0,,
zone-rgb-outcome-v2-20260925/synth-dev/zone-dispatch-20260925__dev-fixture-7__r1-1/wrong_zone,852,852,4096,4096,1,0,1,0,0,,
zone-rgb-outcome-v2-20260925/synth-dev/zone-dispatch-20260925__dev-fixture-7__r1-1/wrong_zone/frames,400729,400729,413696,413696,6,0,6,0,0,,
zone-rgb-outcome-v2-20260925/synth-dev/zone-dispatch-20260925__dev-fixture-7__r1-2,0,0,0,0,0,0,0,0,0,,
zone-rgb-outcome-v2-20260925/synth-dev/zone-dispatch-20260925__dev-fixture-7__r1-2/drop_mid_route_visible,822,822,4096,4096,1,0,1,0,0,,
zone-rgb-outcome-v2-20260925/synth-dev/zone-dispatch-20260925__dev-fixture-7__r1-2/drop_mid_route_visible/frames,400935,400935,409600,409600,6,0,6,0,0,,
zone-rgb-outcome-v2-20260925/synth-dev/zone-dispatch-20260925__dev-fixture-7__r1-2/drop_under_robot,803,803,4096,4096,1,0,1,0,0,,
zone-rgb-outcome-v2-20260925/synth-dev/zone-dispatch-20260925__dev-fixture-7__r1-2/drop_under_robot/frames,400782,400782,409600,409600,6,0,6,0,0,,
zone-rgb-outcome-v2-20260925/synth-dev/zone-dispatch-20260925__dev-fixture-7__r1-2/grasp_fail_robot_at_pregrasp,894,894,4096,4096,1,0,1,0,0,,
zone-rgb-outcome-v2-20260925/synth-dev/zone-dispatch-20260925__dev-fixture-7__r1-2/grasp_fail_robot_at_pregrasp/frames,400457,400457,409600,409600,6,0,6,0,0,,
zone-rgb-outcome-v2-20260925/synth-dev/zone-dispatch-20260925__dev-fixture-7__r1-2/grasp_fail_robot_over_source,898,898,4096,4096,1,0,1,0,0,,
zone-rgb-outcome-v2-20260925/synth-dev/zone-dispatch-20260925__dev-fixture-7__r1-2/grasp_fail_robot_over_source/frames,400449,400449,409600,409600,6,0,6,0,0,,
zone-rgb-outcome-v2-20260925/synth-dev/zone-dispatch-20260925__dev-fixture-7__r1-2/placed_arm_over_target,826,826,4096,4096,1,0,1,0,0,,
zone-rgb-outcome-v2-20260925/synth-dev/zone-dispatch-20260925__dev-fixture-7__r1-2/placed_arm_over_target/frames,400470,400470,413696,413696,6,0,6,0,0,,
zone-rgb-outcome-v2-20260925/synth-dev/zone-dispatch-20260925__dev-fixture-7__r1-2/placed_clear,817,817,4096,4096,1,0,1,0,0,,
zone-rgb-outcome-v2-20260925/synth-dev/zone-dispatch-20260925__dev-fixture-7__r1-2/placed_clear/frames,400851,400851,413696,413696,6,0,6,0,0,,
zone-rgb-outcome-v2-20260925/synth-dev/zone-dispatch-20260925__dev-fixture-7__r1-2/placed_robot_over_target,828,828,4096,4096,1,0,1,0,0,,
zone-rgb-outcome-v2-20260925/synth-dev/zone-dispatch-20260925__dev-fixture-7__r1-2/placed_robot_over_target/frames,400122,400122,413696,413696,6,0,6,0,0,,
zone-rgb-outcome-v2-20260925/synth-dev/zone-dispatch-20260925__dev-fixture-7__r1-2/wrong_kind_in_target_source_occluded,906,906,4096,4096,1,0,1,0,0,,
zone-rgb-outcome-v2-20260925/synth-dev/zone-dispatch-20260925__dev-fixture-7__r1-2/wrong_kind_in_target_source_occluded/frames,400273,400273,409600,409600,6,0,6,0,0,,
zone-rgb-outcome-v2-20260925/synth-dev/zone-dispatch-20260925__dev-fixture-7__r1-2/wrong_zone,810,810,4096,4096,1,0,1,0,0,,
zone-rgb-outcome-v2-20260925/synth-dev/zone-dispatch-20260925__dev-fixture-7__r1-2/wrong_zone/frames,400456,400456,413696,413696,6,0,6,0,0,,
zone-rgb-outcome-v2-20260925/synth-test,15590,15590,16384,16384,1,0,1,0,0,,
zone-rgb-outcome-v2-20260925/synth-test/zone-rgb-outcome-runs-20260925__test-o44-dyn__r1-3,0,0,0,0,0,0,0,0,0,,
zone-rgb-outcome-v2-20260925/synth-test/zone-rgb-outcome-runs-20260925__test-o44-dyn__r1-3/drop_mid_route_visible,871,871,4096,4096,1,0,1,0,0,,
zone-rgb-outcome-v2-20260925/synth-test/zone-rgb-outcome-runs-20260925__test-o44-dyn__r1-3/drop_mid_route_visible/frames,401507,401507,417792,417792,6,0,6,0,0,,
zone-rgb-outcome-v2-20260925/synth-test/zone-rgb-outcome-runs-20260925__test-o44-dyn__r1-3/drop_under_robot,865,865,4096,4096,1,0,1,0,0,,
zone-rgb-outcome-v2-20260925/synth-test/zone-rgb-outcome-runs-20260925__test-o44-dyn__r1-3/drop_under_robot/frames,400616,400616,413696,413696,6,0,6,0,0,,
zone-rgb-outcome-v2-20260925/synth-test/zone-rgb-outcome-runs-20260925__test-o44-dyn__r1-3/grasp_fail_robot_at_pregrasp,941,941,4096,4096,1,0,1,0,0,,
zone-rgb-outcome-v2-20260925/synth-test/zone-rgb-outcome-runs-20260925__test-o44-dyn__r1-3/grasp_fail_robot_at_pregrasp/frames,399968,399968,417792,417792,6,0,6,0,0,,
zone-rgb-outcome-v2-20260925/synth-test/zone-rgb-outcome-runs-20260925__test-o44-dyn__r1-3/grasp_fail_robot_over_source,943,943,4096,4096,1,0,1,0,0,,
zone-rgb-outcome-v2-20260925/synth-test/zone-rgb-outcome-runs-20260925__test-o44-dyn__r1-3/grasp_fail_robot_over_source/frames,399810,399810,417792,417792,6,0,6,0,0,,
zone-rgb-outcome-v2-20260925/synth-test/zone-rgb-outcome-runs-20260925__test-o44-dyn__r1-3/identity_swap_source_empty_peer_in_target,849,849,4096,4096,1,0,1,0,0,,
zone-rgb-outcome-v2-20260925/synth-test/zone-rgb-outcome-runs-20260925__test-o44-dyn__r1-3/identity_swap_source_empty_peer_in_target/frames,399882,399882,413696,413696,6,0,6,0,0,,
zone-rgb-outcome-v2-20260925/synth-test/zone-rgb-outcome-runs-20260925__test-o44-dyn__r1-3/peer_same_kind_own_slot_source_occluded,906,906,4096,4096,1,0,1,0,0,,
zone-rgb-outcome-v2-20260925/synth-test/zone-rgb-outcome-runs-20260925__test-o44-dyn__r1-3/peer_same_kind_own_slot_source_occluded/frames,399767,399767,417792,417792,6,0,6,0,0,,
zone-rgb-outcome-v2-20260925/synth-test/zone-rgb-outcome-runs-20260925__test-o44-dyn__r1-3/placed_arm_over_target,875,875,4096,4096,1,0,1,0,0,,
zone-rgb-outcome-v2-20260925/synth-test/zone-rgb-outcome-runs-20260925__test-o44-dyn__r1-3/placed_arm_over_target/frames,399922,399922,413696,413696,6,0,6,0,0,,
zone-rgb-outcome-v2-20260925/synth-test/zone-rgb-outcome-runs-20260925__test-o44-dyn__r1-3/placed_clear,866,866,4096,4096,1,0,1,0,0,,
zone-rgb-outcome-v2-20260925/synth-test/zone-rgb-outcome-runs-20260925__test-o44-dyn__r1-3/placed_clear/frames,400191,400191,413696,413696,6,0,6,0,0,,
zone-rgb-outcome-v2-20260925/synth-test/zone-rgb-outcome-runs-20260925__test-o44-dyn__r1-3/placed_robot_over_target,887,887,4096,4096,1,0,1,0,0,,
zone-rgb-outcome-v2-20260925/synth-test/zone-rgb-outcome-runs-20260925__test-o44-dyn__r1-3/placed_robot_over_target/frames,399574,399574,413696,413696,6,0,6,0,0,,
zone-rgb-outcome-v2-20260925/synth-test/zone-rgb-outcome-runs-20260925__test-o44-dyn__r1-3/static_occluder_from_assignment_box_gone_peer_in_target,867,867,4096,4096,1,0,1,0,0,,
zone-rgb-outcome-v2-20260925/synth-test/zone-rgb-outcome-runs-20260925__test-o44-dyn__r1-3/static_occluder_from_assignment_box_gone_peer_in_target/frames,399769,399769,417792,417792,6,0,6,0,0,,
zone-rgb-outcome-v2-20260925/synth-test/zone-rgb-outcome-runs-20260925__test-o44-dyn__r1-3/static_occluder_from_assignment_box_stays_peer_in_target,923,923,4096,4096,1,0,1,0,0,,
zone-rgb-outcome-v2-20260925/synth-test/zone-rgb-outcome-runs-20260925__test-o44-dyn__r1-3/static_occluder_from_assignment_box_stays_peer_in_target/frames,399828,399828,417792,417792,6,0,6,0,0,,
zone-rgb-outcome-v2-20260925/synth-test/zone-rgb-outcome-runs-20260925__test-o44-dyn__r1-3/static_occluder_from_reference_peer_in_target,859,859,4096,4096,1,0,1,0,0,,
zone-rgb-outcome-v2-20260925/synth-test/zone-rgb-outcome-runs-20260925__test-o44-dyn__r1-3/static_occluder_from_reference_peer_in_target/frames,398681,398681,417792,417792,6,0,6,0,0,,
zone-rgb-outcome-v2-20260925/synth-test/zone-rgb-outcome-runs-20260925__test-o44-dyn__r1-3/wrong_kind_in_target_source_occluded,951,951,4096,4096,1,0,1,0,0,,
zone-rgb-outcome-v2-20260925/synth-test/zone-rgb-outcome-runs-20260925__test-o44-dyn__r1-3/wrong_kind_in_target_source_occluded/frames,399746,399746,417792,417792,6,0,6,0,0,,
zone-rgb-outcome-v2-20260925/synth-test/zone-rgb-outcome-runs-20260925__test-o44-dyn__r1-3/wrong_zone,859,859,4096,4096,1,0,1,0,0,,
zone-rgb-outcome-v2-20260925/synth-test/zone-rgb-outcome-runs-20260925__test-o44-dyn__r1-3/wrong_zone/frames,400134,400134,413696,413696,6,0,6,0,0,,
zone-rgb-outcome-v2-20260925/synth-test/zone-rgb-outcome-runs-20260925__test-o44-dyn__r1-4,0,0,0,0,0,0,0,0,0,,
zone-rgb-outcome-v2-20260925/synth-test/zone-rgb-outcome-runs-20260925__test-o44-dyn__r1-4/drop_mid_route_visible,829,829,4096,4096,1,0,1,0,0,,
zone-rgb-outcome-v2-20260925/synth-test/zone-rgb-outcome-runs-20260925__test-o44-dyn__r1-4/drop_mid_route_visible/frames,401203,401203,413696,413696,6,0,6,0,0,,
zone-rgb-outcome-v2-20260925/synth-test/zone-rgb-outcome-runs-20260925__test-o44-dyn__r1-4/drop_under_robot,810,810,4096,4096,1,0,1,0,0,,
zone-rgb-outcome-v2-20260925/synth-test/zone-rgb-outcome-runs-20260925__test-o44-dyn__r1-4/drop_under_robot/frames,400947,400947,409600,409600,6,0,6,0,0,,
zone-rgb-outcome-v2-20260925/synth-test/zone-rgb-outcome-runs-20260925__test-o44-dyn__r1-4/grasp_fail_robot_at_pregrasp,900,900,4096,4096,1,0,1,0,0,,
zone-rgb-outcome-v2-20260925/synth-test/zone-rgb-outcome-runs-20260925__test-o44-dyn__r1-4/grasp_fail_robot_at_pregrasp/frames,401323,401323,413696,413696,6,0,6,0,0,,
zone-rgb-outcome-v2-20260925/synth-test/zone-rgb-outcome-runs-20260925__test-o44-dyn__r1-4/grasp_fail_robot_over_source,904,904,4096,4096,1,0,1,0,0,,
zone-rgb-outcome-v2-20260925/synth-test/zone-rgb-outcome-runs-20260925__test-o44-dyn__r1-4/grasp_fail_robot_over_source/frames,401080,401080,413696,413696,6,0,6,0,0,,
zone-rgb-outcome-v2-20260925/synth-test/zone-rgb-outcome-runs-20260925__test-o44-dyn__r1-4/placed_arm_over_target,833,833,4096,4096,1,0,1,0,0,,
zone-rgb-outcome-v2-20260925/synth-test/zone-rgb-outcome-runs-20260925__test-o44-dyn__r1-4/placed_arm_over_target/frames,400513,400513,413696,413696,6,0,6,0,0,,
zone-rgb-outcome-v2-20260925/synth-test/zone-rgb-outcome-runs-20260925__test-o44-dyn__r1-4/placed_clear,824,824,4096,4096,1,0,1,0,0,,
zone-rgb-outcome-v2-20260925/synth-test/zone-rgb-outcome-runs-20260925__test-o44-dyn__r1-4/placed_clear/frames,400922,400922,413696,413696,6,0,6,0,0,,
zone-rgb-outcome-v2-20260925/synth-test/zone-rgb-outcome-runs-20260925__test-o44-dyn__r1-4/placed_robot_over_target,835,835,4096,4096,1,0,1,0,0,,
zone-rgb-outcome-v2-20260925/synth-test/zone-rgb-outcome-runs-20260925__test-o44-dyn__r1-4/placed_robot_over_target/frames,400229,400229,413696,413696,6,0,6,0,0,,
zone-rgb-outcome-v2-20260925/synth-test/zone-rgb-outcome-runs-20260925__test-o44-dyn__r1-4/wrong_kind_in_target_source_occluded,912,912,4096,4096,1,0,1,0,0,,
zone-rgb-outcome-v2-20260925/synth-test/zone-rgb-outcome-runs-20260925__test-o44-dyn__r1-4/wrong_kind_in_target_source_occluded/frames,401047,401047,413696,413696,6,0,6,0,0,,
zone-rgb-outcome-v2-20260925/synth-test/zone-rgb-outcome-runs-20260925__test-o44-dyn__r1-4/wrong_zone,817,817,4096,4096,1,0,1,0,0,,
zone-rgb-outcome-v2-20260925/synth-test/zone-rgb-outcome-runs-20260925__test-o44-dyn__r1-4/wrong_zone/frames,400486,400486,413696,413696,6,0,6,0,0,,
zone-rgb-outcome-v2-20260925/synth-test/zone-rgb-outcome-runs-20260925__test-w41-dyna__r1-2,0,0,0,0,0,0,0,0,0,,
zone-rgb-outcome-v2-20260925/synth-test/zone-rgb-outcome-runs-20260925__test-w41-dyna__r1-2/drop_mid_route_visible,833,833,4096,4096,1,0,1,0,0,,
zone-rgb-outcome-v2-20260925/synth-test/zone-rgb-outcome-runs-20260925__test-w41-dyna__r1-2/drop_mid_route_visible/frames,735235,735235,757760,757760,12,0,12,0,0,,
zone-rgb-outcome-v2-20260925/synth-test/zone-rgb-outcome-runs-20260925__test-w41-dyna__r1-2/drop_under_robot,827,827,4096,4096,1,0,1,0,0,,
zone-rgb-outcome-v2-20260925/synth-test/zone-rgb-outcome-runs-20260925__test-w41-dyna__r1-2/drop_under_robot/frames,734887,734887,757760,757760,12,0,12,0,0,,
zone-rgb-outcome-v2-20260925/synth-test/zone-rgb-outcome-runs-20260925__test-w41-dyna__r1-2/grasp_fail_robot_at_pregrasp,907,907,4096,4096,1,0,1,0,0,,
zone-rgb-outcome-v2-20260925/synth-test/zone-rgb-outcome-runs-20260925__test-w41-dyna__r1-2/grasp_fail_robot_at_pregrasp/frames,735532,735532,757760,757760,12,0,12,0,0,,
zone-rgb-outcome-v2-20260925/synth-test/zone-rgb-outcome-runs-20260925__test-w41-dyna__r1-2/grasp_fail_robot_over_source,873,873,4096,4096,1,0,1,0,0,,
zone-rgb-outcome-v2-20260925/synth-test/zone-rgb-outcome-runs-20260925__test-w41-dyna__r1-2/grasp_fail_robot_over_source/frames,735214,735214,757760,757760,12,0,12,0,0,,
zone-rgb-outcome-v2-20260925/synth-test/zone-rgb-outcome-runs-20260925__test-w41-dyna__r1-2/identity_swap_source_empty_peer_in_target,856,856,4096,4096,1,0,1,0,0,,
zone-rgb-outcome-v2-20260925/synth-test/zone-rgb-outcome-runs-20260925__test-w41-dyna__r1-2/identity_swap_source_empty_peer_in_target/frames,734524,734524,757760,757760,12,0,12,0,0,,
zone-rgb-outcome-v2-20260925/synth-test/zone-rgb-outcome-runs-20260925__test-w41-dyna__r1-2/peer_same_kind_own_slot_source_occluded,903,903,4096,4096,1,0,1,0,0,,
zone-rgb-outcome-v2-20260925/synth-test/zone-rgb-outcome-runs-20260925__test-w41-dyna__r1-2/peer_same_kind_own_slot_source_occluded/frames,735160,735160,757760,757760,12,0,12,0,0,,
zone-rgb-outcome-v2-20260925/synth-test/zone-rgb-outcome-runs-20260925__test-w41-dyna__r1-2/placed_arm_over_target,837,837,4096,4096,1,0,1,0,0,,
zone-rgb-outcome-v2-20260925/synth-test/zone-rgb-outcome-runs-20260925__test-w41-dyna__r1-2/placed_arm_over_target/frames,734614,734614,757760,757760,12,0,12,0,0,,
zone-rgb-outcome-v2-20260925/synth-test/zone-rgb-outcome-runs-20260925__test-w41-dyna__r1-2/placed_clear,828,828,4096,4096,1,0,1,0,0,,
zone-rgb-outcome-v2-20260925/synth-test/zone-rgb-outcome-runs-20260925__test-w41-dyna__r1-2/placed_clear/frames,734794,734794,757760,757760,12,0,12,0,0,,
zone-rgb-outcome-v2-20260925/synth-test/zone-rgb-outcome-runs-20260925__test-w41-dyna__r1-2/placed_robot_over_target,835,835,4096,4096,1,0,1,0,0,,
zone-rgb-outcome-v2-20260925/synth-test/zone-rgb-outcome-runs-20260925__test-w41-dyna__r1-2/placed_robot_over_target/frames,734381,734381,757760,757760,12,0,12,0,0,,
zone-rgb-outcome-v2-20260925/synth-test/zone-rgb-outcome-runs-20260925__test-w41-dyna__r1-2/static_occluder_from_assignment_box_gone_peer_in_target,914,914,4096,4096,1,0,1,0,0,,
zone-rgb-outcome-v2-20260925/synth-test/zone-rgb-outcome-runs-20260925__test-w41-dyna__r1-2/static_occluder_from_assignment_box_gone_peer_in_target/frames,734366,734366,753664,753664,12,0,12,0,0,,
zone-rgb-outcome-v2-20260925/synth-test/zone-rgb-outcome-runs-20260925__test-w41-dyna__r1-2/static_occluder_from_assignment_box_stays_peer_in_target,920,920,4096,4096,1,0,1,0,0,,
zone-rgb-outcome-v2-20260925/synth-test/zone-rgb-outcome-runs-20260925__test-w41-dyna__r1-2/static_occluder_from_assignment_box_stays_peer_in_target/frames,734384,734384,753664,753664,12,0,12,0,0,,
zone-rgb-outcome-v2-20260925/synth-test/zone-rgb-outcome-runs-20260925__test-w41-dyna__r1-2/static_occluder_from_reference_peer_in_target,905,905,4096,4096,1,0,1,0,0,,
zone-rgb-outcome-v2-20260925/synth-test/zone-rgb-outcome-runs-20260925__test-w41-dyna__r1-2/static_occluder_from_reference_peer_in_target/frames,734834,734834,753664,753664,12,0,12,0,0,,
zone-rgb-outcome-v2-20260925/synth-test/zone-rgb-outcome-runs-20260925__test-w41-dyna__r1-2/wrong_kind_in_target_source_occluded,881,881,4096,4096,1,0,1,0,0,,
zone-rgb-outcome-v2-20260925/synth-test/zone-rgb-outcome-runs-20260925__test-w41-dyna__r1-2/wrong_kind_in_target_source_occluded/frames,735000,735000,757760,757760,12,0,12,0,0,,
zone-rgb-outcome-v2-20260925/synth-test/zone-rgb-outcome-runs-20260925__test-w41-dyna__r1-2/wrong_zone,821,821,4096,4096,1,0,1,0,0,,
zone-rgb-outcome-v2-20260925/synth-test/zone-rgb-outcome-runs-20260925__test-w41-dyna__r1-2/wrong_zone/frames,734610,734610,757760,757760,12,0,12,0,0,,
zone-rgb-outcome-v2-20260925/synth-test/zone-rgb-outcome-runs-20260925__test-w41-dyna__r1-3,0,0,0,0,0,0,0,0,0,,
zone-rgb-outcome-v2-20260925/synth-test/zone-rgb-outcome-runs-20260925__test-w41-dyna__r1-3/drop_mid_route_visible,830,830,4096,4096,1,0,1,0,0,,
zone-rgb-outcome-v2-20260925/synth-test/zone-rgb-outcome-runs-20260925__test-w41-dyna__r1-3/drop_mid_route_visible/frames,740433,740433,761856,761856,12,0,12,0,0,,
zone-rgb-outcome-v2-20260925/synth-test/zone-rgb-outcome-runs-20260925__test-w41-dyna__r1-3/drop_under_robot,824,824,4096,4096,1,0,1,0,0,,
zone-rgb-outcome-v2-20260925/synth-test/zone-rgb-outcome-runs-20260925__test-w41-dyna__r1-3/drop_under_robot/frames,741331,741331,757760,757760,12,0,12,0,0,,
zone-rgb-outcome-v2-20260925/synth-test/zone-rgb-outcome-runs-20260925__test-w41-dyna__r1-3/grasp_fail_robot_at_pregrasp,904,904,4096,4096,1,0,1,0,0,,
zone-rgb-outcome-v2-20260925/synth-test/zone-rgb-outcome-runs-20260925__test-w41-dyna__r1-3/grasp_fail_robot_at_pregrasp/frames,739982,739982,761856,761856,12,0,12,0,0,,
zone-rgb-outcome-v2-20260925/synth-test/zone-rgb-outcome-runs-20260925__test-w41-dyna__r1-3/grasp_fail_robot_over_source,871,871,4096,4096,1,0,1,0,0,,
zone-rgb-outcome-v2-20260925/synth-test/zone-rgb-outcome-runs-20260925__test-w41-dyna__r1-3/grasp_fail_robot_over_source/frames,739862,739862,761856,761856,12,0,12,0,0,,
zone-rgb-outcome-v2-20260925/synth-test/zone-rgb-outcome-runs-20260925__test-w41-dyna__r1-3/placed_arm_over_target,834,834,4096,4096,1,0,1,0,0,,
zone-rgb-outcome-v2-20260925/synth-test/zone-rgb-outcome-runs-20260925__test-w41-dyna__r1-3/placed_arm_over_target/frames,743304,743304,765952,765952,12,0,12,0,0,,
zone-rgb-outcome-v2-20260925/synth-test/zone-rgb-outcome-runs-20260925__test-w41-dyna__r1-3/placed_clear,825,825,4096,4096,1,0,1,0,0,,
zone-rgb-outcome-v2-20260925/synth-test/zone-rgb-outcome-runs-20260925__test-w41-dyna__r1-3/placed_clear/frames,744050,744050,765952,765952,12,0,12,0,0,,
zone-rgb-outcome-v2-20260925/synth-test/zone-rgb-outcome-runs-20260925__test-w41-dyna__r1-3/placed_robot_over_target,836,836,4096,4096,1,0,1,0,0,,
zone-rgb-outcome-v2-20260925/synth-test/zone-rgb-outcome-runs-20260925__test-w41-dyna__r1-3/placed_robot_over_target/frames,742707,742707,765952,765952,12,0,12,0,0,,
zone-rgb-outcome-v2-20260925/synth-test/zone-rgb-outcome-runs-20260925__test-w41-dyna__r1-3/wrong_kind_in_target_source_occluded,879,879,4096,4096,1,0,1,0,0,,
zone-rgb-outcome-v2-20260925/synth-test/zone-rgb-outcome-runs-20260925__test-w41-dyna__r1-3/wrong_kind_in_target_source_occluded/frames,740201,740201,761856,761856,12,0,12,0,0,,
zone-rgb-outcome-v2-20260925/synth-test/zone-rgb-outcome-runs-20260925__test-w41-dyna__r1-3/wrong_zone,818,818,4096,4096,1,0,1,0,0,,
zone-rgb-outcome-v2-20260925/synth-test/zone-rgb-outcome-runs-20260925__test-w41-dyna__r1-3/wrong_zone/frames,739281,739281,761856,761856,12,0,12,0,0,,
zone-rgb-outcome-v2-20260925/test-a,0,0,0,0,0,0,0,0,0,,
zone-rgb-outcome-v2-20260925/test-a/labels,0,0,0,0,0,0,0,0,0,,
zone-rgb-outcome-v2-20260925/test-a/labels/zone-rgb-outcome-runs-20260925__test-o45-dyn,0,0,0,0,0,0,0,0,0,,
zone-rgb-outcome-v2-20260925/test-a/labels/zone-rgb-outcome-runs-20260925__test-o45-dyn/r1-1,2528,2528,4096,4096,1,0,1,0,0,,
zone-rgb-outcome-v2-20260925/test-a/labels/zone-rgb-outcome-runs-20260925__test-o45-dyn/r1-10,1308,1308,4096,4096,1,0,1,0,0,,
zone-rgb-outcome-v2-20260925/test-a/labels/zone-rgb-outcome-runs-20260925__test-o45-dyn/r1-11,1375,1375,4096,4096,1,0,1,0,0,,
zone-rgb-outcome-v2-20260925/test-a/labels/zone-rgb-outcome-runs-20260925__test-o45-dyn/r1-12,1308,1308,4096,4096,1,0,1,0,0,,
zone-rgb-outcome-v2-20260925/test-a/labels/zone-rgb-outcome-runs-20260925__test-o45-dyn/r1-13,1375,1375,4096,4096,1,0,1,0,0,,
zone-rgb-outcome-v2-20260925/test-a/labels/zone-rgb-outcome-runs-20260925__test-o45-dyn/r1-14,1308,1308,4096,4096,1,0,1,0,0,,
zone-rgb-outcome-v2-20260925/test-a/labels/zone-rgb-outcome-runs-20260925__test-o45-dyn/r1-15,1375,1375,4096,4096,1,0,1,0,0,,
zone-rgb-outcome-v2-20260925/test-a/labels/zone-rgb-outcome-runs-20260925__test-o45-dyn/r1-16,1308,1308,4096,4096,1,0,1,0,0,,
zone-rgb-outcome-v2-20260925/test-a/labels/zone-rgb-outcome-runs-20260925__test-o45-dyn/r1-17,1375,1375,4096,4096,1,0,1,0,0,,
zone-rgb-outcome-v2-20260925/test-a/labels/zone-rgb-outcome-runs-20260925__test-o45-dyn/r1-18,1308,1308,4096,4096,1,0,1,0,0,,
zone-rgb-outcome-v2-20260925/test-a/labels/zone-rgb-outcome-runs-20260925__test-o45-dyn/r1-19,1375,1375,4096,4096,1,0,1,0,0,,
zone-rgb-outcome-v2-20260925/test-a/labels/zone-rgb-outcome-runs-20260925__test-o45-dyn/r1-2,3106,3106,4096,4096,1,0,1,0,0,,
zone-rgb-outcome-v2-20260925/test-a/labels/zone-rgb-outcome-runs-20260925__test-o45-dyn/r1-20,1308,1308,4096,4096,1,0,1,0,0,,
zone-rgb-outcome-v2-20260925/test-a/labels/zone-rgb-outcome-runs-20260925__test-o45-dyn/r1-21,1375,1375,4096,4096,1,0,1,0,0,,
zone-rgb-outcome-v2-20260925/test-a/labels/zone-rgb-outcome-runs-20260925__test-o45-dyn/r1-22,1308,1308,4096,4096,1,0,1,0,0,,
zone-rgb-outcome-v2-20260925/test-a/labels/zone-rgb-outcome-runs-20260925__test-o45-dyn/r1-23,1375,1375,4096,4096,1,0,1,0,0,,
zone-rgb-outcome-v2-20260925/test-a/labels/zone-rgb-outcome-runs-20260925__test-o45-dyn/r1-24,1308,1308,4096,4096,1,0,1,0,0,,
zone-rgb-outcome-v2-20260925/test-a/labels/zone-rgb-outcome-runs-20260925__test-o45-dyn/r1-25,1375,1375,4096,4096,1,0,1,0,0,,
zone-rgb-outcome-v2-20260925/test-a/labels/zone-rgb-outcome-runs-20260925__test-o45-dyn/r1-26,1308,1308,4096,4096,1,0,1,0,0,,
zone-rgb-outcome-v2-20260925/test-a/labels/zone-rgb-outcome-runs-20260925__test-o45-dyn/r1-27,1375,1375,4096,4096,1,0,1,0,0,,
zone-rgb-outcome-v2-20260925/test-a/labels/zone-rgb-outcome-runs-20260925__test-o45-dyn/r1-28,1308,1308,4096,4096,1,0,1,0,0,,
zone-rgb-outcome-v2-20260925/test-a/labels/zone-rgb-outcome-runs-20260925__test-o45-dyn/r1-29,1375,1375,4096,4096,1,0,1,0,0,,
zone-rgb-outcome-v2-20260925/test-a/labels/zone-rgb-outcome-runs-20260925__test-o45-dyn/r1-3,5745,5745,8192,8192,1,0,1,0,0,,
zone-rgb-outcome-v2-20260925/test-a/labels/zone-rgb-outcome-runs-20260925__test-o45-dyn/r1-30,1308,1308,4096,4096,1,0,1,0,0,,
zone-rgb-outcome-v2-20260925/test-a/labels/zone-rgb-outcome-runs-20260925__test-o45-dyn/r1-31,1375,1375,4096,4096,1,0,1,0,0,,
zone-rgb-outcome-v2-20260925/test-a/labels/zone-rgb-outcome-runs-20260925__test-o45-dyn/r1-32,1308,1308,4096,4096,1,0,1,0,0,,
zone-rgb-outcome-v2-20260925/test-a/labels/zone-rgb-outcome-runs-20260925__test-o45-dyn/r1-33,1375,1375,4096,4096,1,0,1,0,0,,
zone-rgb-outcome-v2-20260925/test-a/labels/zone-rgb-outcome-runs-20260925__test-o45-dyn/r1-34,1308,1308,4096,4096,1,0,1,0,0,,
zone-rgb-outcome-v2-20260925/test-a/labels/zone-rgb-outcome-runs-20260925__test-o45-dyn/r1-35,1375,1375,4096,4096,1,0,1,0,0,,
zone-rgb-outcome-v2-20260925/test-a/labels/zone-rgb-outcome-runs-20260925__test-o45-dyn/r1-36,1308,1308,4096,4096,1,0,1,0,0,,
zone-rgb-outcome-v2-20260925/test-a/labels/zone-rgb-outcome-runs-20260925__test-o45-dyn/r1-37,1375,1375,4096,4096,1,0,1,0,0,,
zone-rgb-outcome-v2-20260925/test-a/labels/zone-rgb-outcome-runs-20260925__test-o45-dyn/r1-38,1308,1308,4096,4096,1,0,1,0,0,,
zone-rgb-outcome-v2-20260925/test-a/labels/zone-rgb-outcome-runs-20260925__test-o45-dyn/r1-39,1375,1375,4096,4096,1,0,1,0,0,,
zone-rgb-outcome-v2-20260925/test-a/labels/zone-rgb-outcome-runs-20260925__test-o45-dyn/r1-4,1308,1308,4096,4096,1,0,1,0,0,,
zone-rgb-outcome-v2-20260925/test-a/labels/zone-rgb-outcome-runs-20260925__test-o45-dyn/r1-40,1308,1308,4096,4096,1,0,1,0,0,,
zone-rgb-outcome-v2-20260925/test-a/labels/zone-rgb-outcome-runs-20260925__test-o45-dyn/r1-41,1375,1375,4096,4096,1,0,1,0,0,,
zone-rgb-outcome-v2-20260925/test-a/labels/zone-rgb-outcome-runs-20260925__test-o45-dyn/r1-42,1308,1308,4096,4096,1,0,1,0,0,,
zone-rgb-outcome-v2-20260925/test-a/labels/zone-rgb-outcome-runs-20260925__test-o45-dyn/r1-43,1375,1375,4096,4096,1,0,1,0,0,,
zone-rgb-outcome-v2-20260925/test-a/labels/zone-rgb-outcome-runs-20260925__test-o45-dyn/r1-44,1308,1308,4096,4096,1,0,1,0,0,,
zone-rgb-outcome-v2-20260925/test-a/labels/zone-rgb-outcome-runs-20260925__test-o45-dyn/r1-45,1375,1375,4096,4096,1,0,1,0,0,,
zone-rgb-outcome-v2-20260925/test-a/labels/zone-rgb-outcome-runs-20260925__test-o45-dyn/r1-46,1308,1308,4096,4096,1,0,1,0,0,,
zone-rgb-outcome-v2-20260925/test-a/labels/zone-rgb-outcome-runs-20260925__test-o45-dyn/r1-47,1375,1375,4096,4096,1,0,1,0,0,,
zone-rgb-outcome-v2-20260925/test-a/labels/zone-rgb-outcome-runs-20260925__test-o45-dyn/r1-48,1308,1308,4096,4096,1,0,1,0,0,,
zone-rgb-outcome-v2-20260925/test-a/labels/zone-rgb-outcome-runs-20260925__test-o45-dyn/r1-49,1375,1375,4096,4096,1,0,1,0,0,,
zone-rgb-outcome-v2-20260925/test-a/labels/zone-rgb-outcome-runs-20260925__test-o45-dyn/r1-5,1375,1375,4096,4096,1,0,1,0,0,,
zone-rgb-outcome-v2-20260925/test-a/labels/zone-rgb-outcome-runs-20260925__test-o45-dyn/r1-50,1308,1308,4096,4096,1,0,1,0,0,,
zone-rgb-outcome-v2-20260925/test-a/labels/zone-rgb-outcome-runs-20260925__test-o45-dyn/r1-51,1375,1375,4096,4096,1,0,1,0,0,,
zone-rgb-outcome-v2-20260925/test-a/labels/zone-rgb-outcome-runs-20260925__test-o45-dyn/r1-52,1308,1308,4096,4096,1,0,1,0,0,,
zone-rgb-outcome-v2-20260925/test-a/labels/zone-rgb-outcome-runs-20260925__test-o45-dyn/r1-53,1375,1375,4096,4096,1,0,1,0,0,,
zone-rgb-outcome-v2-20260925/test-a/labels/zone-rgb-outcome-runs-20260925__test-o45-dyn/r1-54,1308,1308,4096,4096,1,0,1,0,0,,
zone-rgb-outcome-v2-20260925/test-a/labels/zone-rgb-outcome-runs-20260925__test-o45-dyn/r1-55,1375,1375,4096,4096,1,0,1,0,0,,
zone-rgb-outcome-v2-20260925/test-a/labels/zone-rgb-outcome-runs-20260925__test-o45-dyn/r1-56,1308,1308,4096,4096,1,0,1,0,0,,
zone-rgb-outcome-v2-20260925/test-a/labels/zone-rgb-outcome-runs-20260925__test-o45-dyn/r1-57,1375,1375,4096,4096,1,0,1,0,0,,
zone-rgb-outcome-v2-20260925/test-a/labels/zone-rgb-outcome-runs-20260925__test-o45-dyn/r1-58,1308,1308,4096,4096,1,0,1,0,0,,
zone-rgb-outcome-v2-20260925/test-a/labels/zone-rgb-outcome-runs-20260925__test-o45-dyn/r1-59,1375,1375,4096,4096,1,0,1,0,0,,
zone-rgb-outcome-v2-20260925/test-a/labels/zone-rgb-outcome-runs-20260925__test-o45-dyn/r1-6,1308,1308,4096,4096,1,0,1,0,0,,
zone-rgb-outcome-v2-20260925/test-a/labels/zone-rgb-outcome-runs-20260925__test-o45-dyn/r1-60,1308,1308,4096,4096,1,0,1,0,0,,
zone-rgb-outcome-v2-20260925/test-a/labels/zone-rgb-outcome-runs-20260925__test-o45-dyn/r1-61,1375,1375,4096,4096,1,0,1,0,0,,
zone-rgb-outcome-v2-20260925/test-a/labels/zone-rgb-outcome-runs-20260925__test-o45-dyn/r1-62,1308,1308,4096,4096,1,0,1,0,0,,
zone-rgb-outcome-v2-20260925/test-a/labels/zone-rgb-outcome-runs-20260925__test-o45-dyn/r1-63,1375,1375,4096,4096,1,0,1,0,0,,
zone-rgb-outcome-v2-20260925/test-a/labels/zone-rgb-outcome-runs-20260925__test-o45-dyn/r1-64,1308,1308,4096,4096,1,0,1,0,0,,
zone-rgb-outcome-v2-20260925/test-a/labels/zone-rgb-outcome-runs-20260925__test-o45-dyn/r1-65,1375,1375,4096,4096,1,0,1,0,0,,
zone-rgb-outcome-v2-20260925/test-a/labels/zone-rgb-outcome-runs-20260925__test-o45-dyn/r1-66,1308,1308,4096,4096,1,0,1,0,0,,
zone-rgb-outcome-v2-20260925/test-a/labels/zone-rgb-outcome-runs-20260925__test-o45-dyn/r1-67,1375,1375,4096,4096,1,0,1,0,0,,
zone-rgb-outcome-v2-20260925/test-a/labels/zone-rgb-outcome-runs-20260925__test-o45-dyn/r1-68,1308,1308,4096,4096,1,0,1,0,0,,
zone-rgb-outcome-v2-20260925/test-a/labels/zone-rgb-outcome-runs-20260925__test-o45-dyn/r1-69,1375,1375,4096,4096,1,0,1,0,0,,
zone-rgb-outcome-v2-20260925/test-a/labels/zone-rgb-outcome-runs-20260925__test-o45-dyn/r1-7,1375,1375,4096,4096,1,0,1,0,0,,
zone-rgb-outcome-v2-20260925/test-a/labels/zone-rgb-outcome-runs-20260925__test-o45-dyn/r1-70,1308,1308,4096,4096,1,0,1,0,0,,
zone-rgb-outcome-v2-20260925/test-a/labels/zone-rgb-outcome-runs-20260925__test-o45-dyn/r1-71,1375,1375,4096,4096,1,0,1,0,0,,
zone-rgb-outcome-v2-20260925/test-a/labels/zone-rgb-outcome-runs-20260925__test-o45-dyn/r1-72,1308,1308,4096,4096,1,0,1,0,0,,
zone-rgb-outcome-v2-20260925/test-a/labels/zone-rgb-outcome-runs-20260925__test-o45-dyn/r1-73,759,759,4096,4096,1,0,1,0,0,,
zone-rgb-outcome-v2-20260925/test-a/labels/zone-rgb-outcome-runs-20260925__test-o45-dyn/r1-8,1308,1308,4096,4096,1,0,1,0,0,,
zone-rgb-outcome-v2-20260925/test-a/labels/zone-rgb-outcome-runs-20260925__test-o45-dyn/r1-9,1375,1375,4096,4096,1,0,1,0,0,,
zone-rgb-outcome-v2-20260925/test-a/labels/zone-rgb-outcome-runs-20260925__test-o45-dyn/r2-1,3143,3143,4096,4096,1,0,1,0,0,,
zone-rgb-outcome-v2-20260925/test-a/labels/zone-rgb-outcome-runs-20260925__test-o45-dyn/r2-2,5857,5857,8192,8192,1,0,1,0,0,,
zone-rgb-outcome-v2-20260925/test-a/labels/zone-rgb-outcome-runs-20260925__test-o45-dyn/r2-3,5020,5020,8192,8192,1,0,1,0,0,,
zone-rgb-outcome-v2-20260925/test-a/labels/zone-rgb-outcome-runs-20260925__test-o45-dyn/r3-1,5960,5960,8192,8192,1,0,1,0,0,,
zone-rgb-outcome-v2-20260925/test-a/labels/zone-rgb-outcome-runs-20260925__test-o45-dyn/r3-2,1373,1373,4096,4096,1,0,1,0,0,,
zone-rgb-outcome-v2-20260925/test-a/labels/zone-rgb-outcome-runs-20260925__test-o45-dyn/r3-3,1308,1308,4096,4096,1,0,1,0,0,,
zone-rgb-outcome-v2-20260925/test-a/labels/zone-rgb-outcome-runs-20260925__test-o45-dyn/r3-4,1375,1375,4096,4096,1,0,1,0,0,,
zone-rgb-outcome-v2-20260925/test-a/labels/zone-rgb-outcome-runs-20260925__test-o45-dyn/r3-5,1308,1308,4096,4096,1,0,1,0,0,,
zone-rgb-outcome-v2-20260925/test-a/labels/zone-rgb-outcome-runs-20260925__test-o45-dyn/r3-6,1375,1375,4096,4096,1,0,1,0,0,,
zone-rgb-outcome-v2-20260925/test-a/labels/zone-rgb-outcome-runs-20260925__test-o45-dyn/r3-7,1308,1308,4096,4096,1,0,1,0,0,,
zone-rgb-outcome-v2-20260925/test-a/labels/zone-rgb-outcome-runs-20260925__test-o45-dyn/r3-8,12430,12430,16384,16384,1,0,1,0,0,,
zone-rgb-outcome-v2-20260925/test-a/labels/zone-rgb-outcome-runs-20260925__test-w41-dyna,0,0,0,0,0,0,0,0,0,,
zone-rgb-outcome-v2-20260925/test-a/labels/zone-rgb-outcome-runs-20260925__test-w41-dyna/r1-1,4205,4205,8192,8192,1,0,1,0,0,,
zone-rgb-outcome-v2-20260925/test-a/labels/zone-rgb-outcome-runs-20260925__test-w41-dyna/r1-2,2837,2837,4096,4096,1,0,1,0,0,,
zone-rgb-outcome-v2-20260925/test-a/labels/zone-rgb-outcome-runs-20260925__test-w41-dyna/r1-3,4442,4442,8192,8192,1,0,1,0,0,,
zone-rgb-outcome-v2-20260925/test-a/labels/zone-rgb-outcome-runs-20260925__test-w41-dyna/r2-1,3465,3465,4096,4096,1,0,1,0,0,,
zone-rgb-outcome-v2-20260925/test-a/labels/zone-rgb-outcome-runs-20260925__test-w41-dyna/r2-2,7515,7515,8192,8192,1,0,1,0,0,,
zone-rgb-outcome-v2-20260925/test-a/labels/zone-rgb-outcome-runs-20260925__test-w41-dyna/r3-1,4303,4303,8192,8192,1,0,1,0,0,,
zone-rgb-outcome-v2-20260925/test-a/labels/zone-rgb-outcome-runs-20260925__test-w41-dyna/r3-2,5040,5040,8192,8192,1,0,1,0,0,,
zone-rgb-outcome-v2-20260925/test-a/labels/zone-rgb-outcome-runs-20260925__test-w41-plan,0,0,0,0,0,0,0,0,0,,
zone-rgb-outcome-v2-20260925/test-a/labels/zone-rgb-outcome-runs-20260925__test-w41-plan/r1-1,4633,4633,8192,8192,1,0,1,0,0,,
zone-rgb-outcome-v2-20260925/test-a/labels/zone-rgb-outcome-runs-20260925__test-w41-plan/r1-2,6358,6358,8192,8192,1,0,1,0,0,,
zone-rgb-outcome-v2-20260925/test-a/labels/zone-rgb-outcome-runs-20260925__test-w41-plan/r2-1,3281,3281,4096,4096,1,0,1,0,0,,
zone-rgb-outcome-v2-20260925/test-a/labels/zone-rgb-outcome-runs-20260925__test-w41-plan/r2-2,8844,8844,12288,12288,1,0,1,0,0,,
zone-rgb-outcome-v2-20260925/test-a/labels/zone-rgb-outcome-runs-20260925__test-w41-plan/r3-1,4303,0,8192,0,1,1,0,4303,8192,D5,
zone-rgb-outcome-v2-20260925/test-a/labels/zone-rgb-outcome-runs-20260925__test-w41-plan/r3-2,4474,4474,8192,8192,1,0,1,0,0,,
zone-rgb-outcome-v2-20260925/test-a/labels/zone-rgb-outcome-runs-20260925__test-w42-inde,0,0,0,0,0,0,0,0,0,,
zone-rgb-outcome-v2-20260925/test-a/labels/zone-rgb-outcome-runs-20260925__test-w42-inde/r1-1,4686,4686,8192,8192,1,0,1,0,0,,
zone-rgb-outcome-v2-20260925/test-a/labels/zone-rgb-outcome-runs-20260925__test-w42-inde/r1-10,2045,2045,4096,4096,1,0,1,0,0,,
zone-rgb-outcome-v2-20260925/test-a/labels/zone-rgb-outcome-runs-20260925__test-w42-inde/r1-11,2045,2045,4096,4096,1,0,1,0,0,,
zone-rgb-outcome-v2-20260925/test-a/labels/zone-rgb-outcome-runs-20260925__test-w42-inde/r1-12,2045,2045,4096,4096,1,0,1,0,0,,
zone-rgb-outcome-v2-20260925/test-a/labels/zone-rgb-outcome-runs-20260925__test-w42-inde/r1-13,2045,2045,4096,4096,1,0,1,0,0,,
zone-rgb-outcome-v2-20260925/test-a/labels/zone-rgb-outcome-runs-20260925__test-w42-inde/r1-14,2045,2045,4096,4096,1,0,1,0,0,,
zone-rgb-outcome-v2-20260925/test-a/labels/zone-rgb-outcome-runs-20260925__test-w42-inde/r1-15,2045,2045,4096,4096,1,0,1,0,0,,
zone-rgb-outcome-v2-20260925/test-a/labels/zone-rgb-outcome-runs-20260925__test-w42-inde/r1-16,2045,2045,4096,4096,1,0,1,0,0,,
zone-rgb-outcome-v2-20260925/test-a/labels/zone-rgb-outcome-runs-20260925__test-w42-inde/r1-17,1978,1978,4096,4096,1,0,1,0,0,,
zone-rgb-outcome-v2-20260925/test-a/labels/zone-rgb-outcome-runs-20260925__test-w42-inde/r1-18,2045,2045,4096,4096,1,0,1,0,0,,
zone-rgb-outcome-v2-20260925/test-a/labels/zone-rgb-outcome-runs-20260925__test-w42-inde/r1-19,1978,1978,4096,4096,1,0,1,0,0,,
zone-rgb-outcome-v2-20260925/test-a/labels/zone-rgb-outcome-runs-20260925__test-w42-inde/r1-2,5777,5777,8192,8192,1,0,1,0,0,,
zone-rgb-outcome-v2-20260925/test-a/labels/zone-rgb-outcome-runs-20260925__test-w42-inde/r1-20,2045,2045,4096,4096,1,0,1,0,0,,
zone-rgb-outcome-v2-20260925/test-a/labels/zone-rgb-outcome-runs-20260925__test-w42-inde/r1-21,1978,1978,4096,4096,1,0,1,0,0,,
zone-rgb-outcome-v2-20260925/test-a/labels/zone-rgb-outcome-runs-20260925__test-w42-inde/r1-22,2045,2045,4096,4096,1,0,1,0,0,,
zone-rgb-outcome-v2-20260925/test-a/labels/zone-rgb-outcome-runs-20260925__test-w42-inde/r1-23,1978,1978,4096,4096,1,0,1,0,0,,
zone-rgb-outcome-v2-20260925/test-a/labels/zone-rgb-outcome-runs-20260925__test-w42-inde/r1-24,2045,2045,4096,4096,1,0,1,0,0,,
zone-rgb-outcome-v2-20260925/test-a/labels/zone-rgb-outcome-runs-20260925__test-w42-inde/r1-25,1978,1978,4096,4096,1,0,1,0,0,,
zone-rgb-outcome-v2-20260925/test-a/labels/zone-rgb-outcome-runs-20260925__test-w42-inde/r1-26,2045,2045,4096,4096,1,0,1,0,0,,
zone-rgb-outcome-v2-20260925/test-a/labels/zone-rgb-outcome-runs-20260925__test-w42-inde/r1-27,1978,1978,4096,4096,1,0,1,0,0,,
zone-rgb-outcome-v2-20260925/test-a/labels/zone-rgb-outcome-runs-20260925__test-w42-inde/r1-28,2045,2045,4096,4096,1,0,1,0,0,,
zone-rgb-outcome-v2-20260925/test-a/labels/zone-rgb-outcome-runs-20260925__test-w42-inde/r1-29,1978,1978,4096,4096,1,0,1,0,0,,
zone-rgb-outcome-v2-20260925/test-a/labels/zone-rgb-outcome-runs-20260925__test-w42-inde/r1-3,5491,5491,8192,8192,1,0,1,0,0,,
zone-rgb-outcome-v2-20260925/test-a/labels/zone-rgb-outcome-runs-20260925__test-w42-inde/r1-30,2045,2045,4096,4096,1,0,1,0,0,,
zone-rgb-outcome-v2-20260925/test-a/labels/zone-rgb-outcome-runs-20260925__test-w42-inde/r1-31,1978,1978,4096,4096,1,0,1,0,0,,
zone-rgb-outcome-v2-20260925/test-a/labels/zone-rgb-outcome-runs-20260925__test-w42-inde/r1-32,2045,2045,4096,4096,1,0,1,0,0,,
zone-rgb-outcome-v2-20260925/test-a/labels/zone-rgb-outcome-runs-20260925__test-w42-inde/r1-33,1978,1978,4096,4096,1,0,1,0,0,,
zone-rgb-outcome-v2-20260925/test-a/labels/zone-rgb-outcome-runs-20260925__test-w42-inde/r1-34,2045,2045,4096,4096,1,0,1,0,0,,
zone-rgb-outcome-v2-20260925/test-a/labels/zone-rgb-outcome-runs-20260925__test-w42-inde/r1-35,1228,1228,4096,4096,1,0,1,0,0,,
zone-rgb-outcome-v2-20260925/test-a/labels/zone-rgb-outcome-runs-20260925__test-w42-inde/r1-4,2045,2045,4096,4096,1,0,1,0,0,,
zone-rgb-outcome-v2-20260925/test-a/labels/zone-rgb-outcome-runs-20260925__test-w42-inde/r1-5,2045,2045,4096,4096,1,0,1,0,0,,
zone-rgb-outcome-v2-20260925/test-a/labels/zone-rgb-outcome-runs-20260925__test-w42-inde/r1-6,2045,2045,4096,4096,1,0,1,0,0,,
zone-rgb-outcome-v2-20260925/test-a/labels/zone-rgb-outcome-runs-20260925__test-w42-inde/r1-7,2045,2045,4096,4096,1,0,1,0,0,,
zone-rgb-outcome-v2-20260925/test-a/labels/zone-rgb-outcome-runs-20260925__test-w42-inde/r1-8,2045,2045,4096,4096,1,0,1,0,0,,
zone-rgb-outcome-v2-20260925/test-a/labels/zone-rgb-outcome-runs-20260925__test-w42-inde/r1-9,2045,2045,4096,4096,1,0,1,0,0,,
zone-rgb-outcome-v2-20260925/test-a/labels/zone-rgb-outcome-runs-20260925__test-w42-inde/r2-1,2603,2603,4096,4096,1,0,1,0,0,,
zone-rgb-outcome-v2-20260925/test-a/labels/zone-rgb-outcome-runs-20260925__test-w42-inde/r2-2,4780,4780,8192,8192,1,0,1,0,0,,
zone-rgb-outcome-v2-20260925/test-a/labels/zone-rgb-outcome-runs-20260925__test-w42-inde/r2-3,5860,5860,8192,8192,1,0,1,0,0,,
zone-rgb-outcome-v2-20260925/test-a/labels/zone-rgb-outcome-runs-20260925__test-w42-inde/r3-1,4661,4661,8192,8192,1,0,1,0,0,,
zone-rgb-outcome-v2-20260925/test-a/labels/zone-rgb-outcome-runs-20260925__test-w42-inde/r3-2,2018,2018,4096,4096,1,0,1,0,0,,
zone-rgb-outcome-v2-20260925/test-a/labels/zone-rgb-outcome-runs-20260925__test-w42-inde/r3-3,2967,2967,4096,4096,1,0,1,0,0,,
zone-rgb-outcome-v2-20260925/test-a/labels/zone-rgb-outcome-runs-20260925__test-w42-inde/r3-4,2045,2045,4096,4096,1,0,1,0,0,,
zone-rgb-outcome-v2-20260925/test-a/labels/zone-rgb-outcome-runs-20260925__test-w42-inde/r3-5,2045,2045,4096,4096,1,0,1,0,0,,
zone-rgb-outcome-v2-20260925/test-a/labels/zone-rgb-outcome-runs-20260925__test-w42-inde/r3-6,4718,4718,8192,8192,1,0,1,0,0,,
zone-rgb-outcome-v2-20260925/test-a/labels/zone-rgb-outcome-runs-20260925__test-w43-dyna,0,0,0,0,0,0,0,0,0,,
zone-rgb-outcome-v2-20260925/test-a/labels/zone-rgb-outcome-runs-20260925__test-w43-dyna/r1-1,4205,4205,8192,8192,1,0,1,0,0,,
zone-rgb-outcome-v2-20260925/test-a/labels/zone-rgb-outcome-runs-20260925__test-w43-dyna/r1-2,1393,1393,4096,4096,1,0,1,0,0,,
zone-rgb-outcome-v2-20260925/test-a/labels/zone-rgb-outcome-runs-20260925__test-w43-dyna/r1-3,3897,3897,4096,4096,1,0,1,0,0,,
zone-rgb-outcome-v2-20260925/test-a/labels/zone-rgb-outcome-runs-20260925__test-w43-dyna/r2-1,4860,4860,8192,8192,1,0,1,0,0,,
zone-rgb-outcome-v2-20260925/test-a/labels/zone-rgb-outcome-runs-20260925__test-w43-dyna/r2-2,5384,5384,8192,8192,1,0,1,0,0,,
zone-rgb-outcome-v2-20260925/test-a/labels/zone-rgb-outcome-runs-20260925__test-w43-dyna/r3-1,3577,3577,4096,4096,1,0,1,0,0,,
zone-rgb-outcome-v2-20260925/test-a/labels/zone-rgb-outcome-runs-20260925__test-w43-dyna/r3-2,4784,4784,8192,8192,1,0,1,0,0,,
zone-rgb-outcome-v2-20260925/test-a/track,4331,4331,8192,8192,1,0,1,0,0,,
zone-rgb-outcome-v2-20260925/test-a/track/zone-rgb-outcome-runs-20260925__test-o45-dyn,0,0,0,0,0,0,0,0,0,,
zone-rgb-outcome-v2-20260925/test-a/track/zone-rgb-outcome-runs-20260925__test-o45-dyn/frames,171745442,170869860,180920320,180006912,3396,13,3383,875582,913408,D1,first + >=1 SIM second since last sample + last per stream/episode/leg; unknown SIM timing: every 10th numeric-sorted frame + first/last (mandatory endpoints may exceed 10% for n<20)
zone-rgb-outcome-v2-20260925/test-a/track/zone-rgb-outcome-runs-20260925__test-o45-dyn/r1-1,10857,10857,20480,20480,3,0,3,0,0,,
zone-rgb-outcome-v2-20260925/test-a/track/zone-rgb-outcome-runs-20260925__test-o45-dyn/r1-10,5587,5587,16384,16384,3,0,3,0,0,,
zone-rgb-outcome-v2-20260925/test-a/track/zone-rgb-outcome-runs-20260925__test-o45-dyn/r1-11,5872,5872,16384,16384,3,0,3,0,0,,
zone-rgb-outcome-v2-20260925/test-a/track/zone-rgb-outcome-runs-20260925__test-o45-dyn/r1-12,5587,5587,16384,16384,3,0,3,0,0,,
zone-rgb-outcome-v2-20260925/test-a/track/zone-rgb-outcome-runs-20260925__test-o45-dyn/r1-13,5872,5872,16384,16384,3,0,3,0,0,,
zone-rgb-outcome-v2-20260925/test-a/track/zone-rgb-outcome-runs-20260925__test-o45-dyn/r1-14,5587,5587,16384,16384,3,0,3,0,0,,
zone-rgb-outcome-v2-20260925/test-a/track/zone-rgb-outcome-runs-20260925__test-o45-dyn/r1-15,5872,5872,16384,16384,3,0,3,0,0,,
zone-rgb-outcome-v2-20260925/test-a/track/zone-rgb-outcome-runs-20260925__test-o45-dyn/r1-16,5587,5587,16384,16384,3,0,3,0,0,,
zone-rgb-outcome-v2-20260925/test-a/track/zone-rgb-outcome-runs-20260925__test-o45-dyn/r1-17,5872,5872,16384,16384,3,0,3,0,0,,
zone-rgb-outcome-v2-20260925/test-a/track/zone-rgb-outcome-runs-20260925__test-o45-dyn/r1-18,5587,5587,16384,16384,3,0,3,0,0,,
zone-rgb-outcome-v2-20260925/test-a/track/zone-rgb-outcome-runs-20260925__test-o45-dyn/r1-19,5872,5872,16384,16384,3,0,3,0,0,,
zone-rgb-outcome-v2-20260925/test-a/track/zone-rgb-outcome-runs-20260925__test-o45-dyn/r1-2,13140,13140,20480,20480,3,0,3,0,0,,
zone-rgb-outcome-v2-20260925/test-a/track/zone-rgb-outcome-runs-20260925__test-o45-dyn/r1-20,5587,5587,16384,16384,3,0,3,0,0,,
zone-rgb-outcome-v2-20260925/test-a/track/zone-rgb-outcome-runs-20260925__test-o45-dyn/r1-21,5872,5872,16384,16384,3,0,3,0,0,,
zone-rgb-outcome-v2-20260925/test-a/track/zone-rgb-outcome-runs-20260925__test-o45-dyn/r1-22,5587,5587,16384,16384,3,0,3,0,0,,
zone-rgb-outcome-v2-20260925/test-a/track/zone-rgb-outcome-runs-20260925__test-o45-dyn/r1-23,5872,5872,16384,16384,3,0,3,0,0,,
zone-rgb-outcome-v2-20260925/test-a/track/zone-rgb-outcome-runs-20260925__test-o45-dyn/r1-24,5587,5587,16384,16384,3,0,3,0,0,,
zone-rgb-outcome-v2-20260925/test-a/track/zone-rgb-outcome-runs-20260925__test-o45-dyn/r1-25,5872,5872,16384,16384,3,0,3,0,0,,
zone-rgb-outcome-v2-20260925/test-a/track/zone-rgb-outcome-runs-20260925__test-o45-dyn/r1-26,5587,5587,16384,16384,3,0,3,0,0,,
zone-rgb-outcome-v2-20260925/test-a/track/zone-rgb-outcome-runs-20260925__test-o45-dyn/r1-27,5872,5872,16384,16384,3,0,3,0,0,,
zone-rgb-outcome-v2-20260925/test-a/track/zone-rgb-outcome-runs-20260925__test-o45-dyn/r1-28,5587,5587,16384,16384,3,0,3,0,0,,
zone-rgb-outcome-v2-20260925/test-a/track/zone-rgb-outcome-runs-20260925__test-o45-dyn/r1-29,5872,5872,16384,16384,3,0,3,0,0,,
zone-rgb-outcome-v2-20260925/test-a/track/zone-rgb-outcome-runs-20260925__test-o45-dyn/r1-3,23889,23889,32768,32768,3,0,3,0,0,,
zone-rgb-outcome-v2-20260925/test-a/track/zone-rgb-outcome-runs-20260925__test-o45-dyn/r1-30,5587,5587,16384,16384,3,0,3,0,0,,
zone-rgb-outcome-v2-20260925/test-a/track/zone-rgb-outcome-runs-20260925__test-o45-dyn/r1-31,5872,5872,16384,16384,3,0,3,0,0,,
zone-rgb-outcome-v2-20260925/test-a/track/zone-rgb-outcome-runs-20260925__test-o45-dyn/r1-32,5587,5587,16384,16384,3,0,3,0,0,,
zone-rgb-outcome-v2-20260925/test-a/track/zone-rgb-outcome-runs-20260925__test-o45-dyn/r1-33,5872,5872,16384,16384,3,0,3,0,0,,
zone-rgb-outcome-v2-20260925/test-a/track/zone-rgb-outcome-runs-20260925__test-o45-dyn/r1-34,5587,5587,16384,16384,3,0,3,0,0,,
zone-rgb-outcome-v2-20260925/test-a/track/zone-rgb-outcome-runs-20260925__test-o45-dyn/r1-35,5872,5872,16384,16384,3,0,3,0,0,,
zone-rgb-outcome-v2-20260925/test-a/track/zone-rgb-outcome-runs-20260925__test-o45-dyn/r1-36,5587,5587,16384,16384,3,0,3,0,0,,
zone-rgb-outcome-v2-20260925/test-a/track/zone-rgb-outcome-runs-20260925__test-o45-dyn/r1-37,5872,5872,16384,16384,3,0,3,0,0,,
zone-rgb-outcome-v2-20260925/test-a/track/zone-rgb-outcome-runs-20260925__test-o45-dyn/r1-38,5587,5587,16384,16384,3,0,3,0,0,,
zone-rgb-outcome-v2-20260925/test-a/track/zone-rgb-outcome-runs-20260925__test-o45-dyn/r1-39,5872,5872,16384,16384,3,0,3,0,0,,
zone-rgb-outcome-v2-20260925/test-a/track/zone-rgb-outcome-runs-20260925__test-o45-dyn/r1-4,5584,5584,16384,16384,3,0,3,0,0,,
zone-rgb-outcome-v2-20260925/test-a/track/zone-rgb-outcome-runs-20260925__test-o45-dyn/r1-40,5587,5587,16384,16384,3,0,3,0,0,,
zone-rgb-outcome-v2-20260925/test-a/track/zone-rgb-outcome-runs-20260925__test-o45-dyn/r1-41,5872,5872,16384,16384,3,0,3,0,0,,
zone-rgb-outcome-v2-20260925/test-a/track/zone-rgb-outcome-runs-20260925__test-o45-dyn/r1-42,5587,5587,16384,16384,3,0,3,0,0,,
zone-rgb-outcome-v2-20260925/test-a/track/zone-rgb-outcome-runs-20260925__test-o45-dyn/r1-43,5872,5872,16384,16384,3,0,3,0,0,,
zone-rgb-outcome-v2-20260925/test-a/track/zone-rgb-outcome-runs-20260925__test-o45-dyn/r1-44,5587,5587,16384,16384,3,0,3,0,0,,
zone-rgb-outcome-v2-20260925/test-a/track/zone-rgb-outcome-runs-20260925__test-o45-dyn/r1-45,5872,5872,16384,16384,3,0,3,0,0,,
zone-rgb-outcome-v2-20260925/test-a/track/zone-rgb-outcome-runs-20260925__test-o45-dyn/r1-46,5587,5587,16384,16384,3,0,3,0,0,,
zone-rgb-outcome-v2-20260925/test-a/track/zone-rgb-outcome-runs-20260925__test-o45-dyn/r1-47,5872,5872,16384,16384,3,0,3,0,0,,
zone-rgb-outcome-v2-20260925/test-a/track/zone-rgb-outcome-runs-20260925__test-o45-dyn/r1-48,5587,5587,16384,16384,3,0,3,0,0,,
zone-rgb-outcome-v2-20260925/test-a/track/zone-rgb-outcome-runs-20260925__test-o45-dyn/r1-49,5872,5872,16384,16384,3,0,3,0,0,,
zone-rgb-outcome-v2-20260925/test-a/track/zone-rgb-outcome-runs-20260925__test-o45-dyn/r1-5,5869,5869,16384,16384,3,0,3,0,0,,
zone-rgb-outcome-v2-20260925/test-a/track/zone-rgb-outcome-runs-20260925__test-o45-dyn/r1-50,5587,5587,16384,16384,3,0,3,0,0,,
zone-rgb-outcome-v2-20260925/test-a/track/zone-rgb-outcome-runs-20260925__test-o45-dyn/r1-51,5872,5872,16384,16384,3,0,3,0,0,,
zone-rgb-outcome-v2-20260925/test-a/track/zone-rgb-outcome-runs-20260925__test-o45-dyn/r1-52,5587,5587,16384,16384,3,0,3,0,0,,
zone-rgb-outcome-v2-20260925/test-a/track/zone-rgb-outcome-runs-20260925__test-o45-dyn/r1-53,5872,5872,16384,16384,3,0,3,0,0,,
zone-rgb-outcome-v2-20260925/test-a/track/zone-rgb-outcome-runs-20260925__test-o45-dyn/r1-54,5587,5587,16384,16384,3,0,3,0,0,,
zone-rgb-outcome-v2-20260925/test-a/track/zone-rgb-outcome-runs-20260925__test-o45-dyn/r1-55,5872,5872,16384,16384,3,0,3,0,0,,
zone-rgb-outcome-v2-20260925/test-a/track/zone-rgb-outcome-runs-20260925__test-o45-dyn/r1-56,5587,5587,16384,16384,3,0,3,0,0,,
zone-rgb-outcome-v2-20260925/test-a/track/zone-rgb-outcome-runs-20260925__test-o45-dyn/r1-57,5872,5872,16384,16384,3,0,3,0,0,,
zone-rgb-outcome-v2-20260925/test-a/track/zone-rgb-outcome-runs-20260925__test-o45-dyn/r1-58,5587,5587,16384,16384,3,0,3,0,0,,
zone-rgb-outcome-v2-20260925/test-a/track/zone-rgb-outcome-runs-20260925__test-o45-dyn/r1-59,5872,5872,16384,16384,3,0,3,0,0,,
zone-rgb-outcome-v2-20260925/test-a/track/zone-rgb-outcome-runs-20260925__test-o45-dyn/r1-6,5584,5584,16384,16384,3,0,3,0,0,,
zone-rgb-outcome-v2-20260925/test-a/track/zone-rgb-outcome-runs-20260925__test-o45-dyn/r1-60,5587,5587,16384,16384,3,0,3,0,0,,
zone-rgb-outcome-v2-20260925/test-a/track/zone-rgb-outcome-runs-20260925__test-o45-dyn/r1-61,5872,5872,16384,16384,3,0,3,0,0,,
zone-rgb-outcome-v2-20260925/test-a/track/zone-rgb-outcome-runs-20260925__test-o45-dyn/r1-62,5587,5587,16384,16384,3,0,3,0,0,,
zone-rgb-outcome-v2-20260925/test-a/track/zone-rgb-outcome-runs-20260925__test-o45-dyn/r1-63,5872,5872,16384,16384,3,0,3,0,0,,
zone-rgb-outcome-v2-20260925/test-a/track/zone-rgb-outcome-runs-20260925__test-o45-dyn/r1-64,5587,5587,16384,16384,3,0,3,0,0,,
zone-rgb-outcome-v2-20260925/test-a/track/zone-rgb-outcome-runs-20260925__test-o45-dyn/r1-65,5872,5872,16384,16384,3,0,3,0,0,,
zone-rgb-outcome-v2-20260925/test-a/track/zone-rgb-outcome-runs-20260925__test-o45-dyn/r1-66,5587,5587,16384,16384,3,0,3,0,0,,
zone-rgb-outcome-v2-20260925/test-a/track/zone-rgb-outcome-runs-20260925__test-o45-dyn/r1-67,5872,5872,16384,16384,3,0,3,0,0,,
zone-rgb-outcome-v2-20260925/test-a/track/zone-rgb-outcome-runs-20260925__test-o45-dyn/r1-68,5587,5587,16384,16384,3,0,3,0,0,,
zone-rgb-outcome-v2-20260925/test-a/track/zone-rgb-outcome-runs-20260925__test-o45-dyn/r1-69,5872,5872,16384,16384,3,0,3,0,0,,
zone-rgb-outcome-v2-20260925/test-a/track/zone-rgb-outcome-runs-20260925__test-o45-dyn/r1-7,5869,5869,16384,16384,3,0,3,0,0,,
zone-rgb-outcome-v2-20260925/test-a/track/zone-rgb-outcome-runs-20260925__test-o45-dyn/r1-70,5587,5587,16384,16384,3,0,3,0,0,,
zone-rgb-outcome-v2-20260925/test-a/track/zone-rgb-outcome-runs-20260925__test-o45-dyn/r1-71,5872,5872,16384,16384,3,0,3,0,0,,
zone-rgb-outcome-v2-20260925/test-a/track/zone-rgb-outcome-runs-20260925__test-o45-dyn/r1-72,5587,5587,16384,16384,3,0,3,0,0,,
zone-rgb-outcome-v2-20260925/test-a/track/zone-rgb-outcome-runs-20260925__test-o45-dyn/r1-73,3122,3122,12288,12288,3,0,3,0,0,,
zone-rgb-outcome-v2-20260925/test-a/track/zone-rgb-outcome-runs-20260925__test-o45-dyn/r1-8,5584,5584,16384,16384,3,0,3,0,0,,
zone-rgb-outcome-v2-20260925/test-a/track/zone-rgb-outcome-runs-20260925__test-o45-dyn/r1-9,5869,5869,16384,16384,3,0,3,0,0,,
zone-rgb-outcome-v2-20260925/test-a/track/zone-rgb-outcome-runs-20260925__test-o45-dyn/r2-1,13184,13184,20480,20480,3,0,3,0,0,,
zone-rgb-outcome-v2-20260925/test-a/track/zone-rgb-outcome-runs-20260925__test-o45-dyn/r2-2,25806,25806,36864,36864,3,0,3,0,0,,
zone-rgb-outcome-v2-20260925/test-a/track/zone-rgb-outcome-runs-20260925__test-o45-dyn/r2-3,20867,20867,28672,28672,3,0,3,0,0,,
zone-rgb-outcome-v2-20260925/test-a/track/zone-rgb-outcome-runs-20260925__test-o45-dyn/r3-1,24600,24600,32768,32768,3,0,3,0,0,,
zone-rgb-outcome-v2-20260925/test-a/track/zone-rgb-outcome-runs-20260925__test-o45-dyn/r3-2,5866,5866,16384,16384,3,0,3,0,0,,
zone-rgb-outcome-v2-20260925/test-a/track/zone-rgb-outcome-runs-20260925__test-o45-dyn/r3-3,5584,5584,16384,16384,3,0,3,0,0,,
zone-rgb-outcome-v2-20260925/test-a/track/zone-rgb-outcome-runs-20260925__test-o45-dyn/r3-4,5869,5869,16384,16384,3,0,3,0,0,,
zone-rgb-outcome-v2-20260925/test-a/track/zone-rgb-outcome-runs-20260925__test-o45-dyn/r3-5,5584,5584,16384,16384,3,0,3,0,0,,
zone-rgb-outcome-v2-20260925/test-a/track/zone-rgb-outcome-runs-20260925__test-o45-dyn/r3-6,5869,5869,16384,16384,3,0,3,0,0,,
zone-rgb-outcome-v2-20260925/test-a/track/zone-rgb-outcome-runs-20260925__test-o45-dyn/r3-7,5584,5584,16384,16384,3,0,3,0,0,,
zone-rgb-outcome-v2-20260925/test-a/track/zone-rgb-outcome-runs-20260925__test-o45-dyn/r3-8,52875,52875,61440,61440,3,0,3,0,0,,
zone-rgb-outcome-v2-20260925/test-a/track/zone-rgb-outcome-runs-20260925__test-w41-dyna,0,0,0,0,0,0,0,0,0,,
zone-rgb-outcome-v2-20260925/test-a/track/zone-rgb-outcome-runs-20260925__test-w41-dyna/frames,55718958,55718958,58253312,58253312,1163,0,1163,0,0,,first + >=1 SIM second since last sample + last per stream/episode/leg; unknown SIM timing: every 10th numeric-sorted frame + first/last (mandatory endpoints may exceed 10% for n<20)
zone-rgb-outcome-v2-20260925/test-a/track/zone-rgb-outcome-runs-20260925__test-w41-dyna/r1-1,21550,21550,28672,28672,3,0,3,0,0,,
zone-rgb-outcome-v2-20260925/test-a/track/zone-rgb-outcome-runs-20260925__test-w41-dyna/r1-2,14412,14412,24576,24576,3,0,3,0,0,,
zone-rgb-outcome-v2-20260925/test-a/track/zone-rgb-outcome-runs-20260925__test-w41-dyna/r1-3,22201,22201,32768,32768,3,0,3,0,0,,
zone-rgb-outcome-v2-20260925/test-a/track/zone-rgb-outcome-runs-20260925__test-w41-dyna/r2-1,17433,17433,24576,24576,3,0,3,0,0,,
zone-rgb-outcome-v2-20260925/test-a/track/zone-rgb-outcome-runs-20260925__test-w41-dyna/r2-2,41415,41415,49152,49152,3,0,3,0,0,,
zone-rgb-outcome-v2-20260925/test-a/track/zone-rgb-outcome-runs-20260925__test-w41-dyna/r3-1,21507,21507,28672,28672,3,0,3,0,0,,
zone-rgb-outcome-v2-20260925/test-a/track/zone-rgb-outcome-runs-20260925__test-w41-dyna/r3-2,25184,25184,32768,32768,3,0,3,0,0,,
zone-rgb-outcome-v2-20260925/test-a/track/zone-rgb-outcome-runs-20260925__test-w41-plan,0,0,0,0,0,0,0,0,0,,
zone-rgb-outcome-v2-20260925/test-a/track/zone-rgb-outcome-runs-20260925__test-w41-plan/frames,55608322,55608322,57745408,57745408,1163,0,1163,0,0,,first + >=1 SIM second since last sample + last per stream/episode/leg; unknown SIM timing: every 10th numeric-sorted frame + first/last (mandatory endpoints may exceed 10% for n<20)
zone-rgb-outcome-v2-20260925/test-a/track/zone-rgb-outcome-runs-20260925__test-w41-plan/r1-1,23161,23161,32768,32768,3,0,3,0,0,,
zone-rgb-outcome-v2-20260925/test-a/track/zone-rgb-outcome-runs-20260925__test-w41-plan/r1-2,31456,31456,40960,40960,3,0,3,0,0,,
zone-rgb-outcome-v2-20260925/test-a/track/zone-rgb-outcome-runs-20260925__test-w41-plan/r2-1,16774,16774,24576,24576,3,0,3,0,0,,
zone-rgb-outcome-v2-20260925/test-a/track/zone-rgb-outcome-runs-20260925__test-w41-plan/r2-2,42293,42293,49152,49152,3,0,3,0,0,,
zone-rgb-outcome-v2-20260925/test-a/track/zone-rgb-outcome-runs-20260925__test-w41-plan/r3-1,21507,21048,28672,24576,3,1,2,459,4096,D5,
zone-rgb-outcome-v2-20260925/test-a/track/zone-rgb-outcome-runs-20260925__test-w41-plan/r3-2,22471,22471,32768,32768,3,0,3,0,0,,
zone-rgb-outcome-v2-20260925/test-a/track/zone-rgb-outcome-runs-20260925__test-w42-inde,0,0,0,0,0,0,0,0,0,,
zone-rgb-outcome-v2-20260925/test-a/track/zone-rgb-outcome-runs-20260925__test-w42-inde/frames,262168764,261994433,273289216,273108992,5083,3,5080,174331,180224,D1,first + >=1 SIM second since last sample + last per stream/episode/leg; unknown SIM timing: every 10th numeric-sorted frame + first/last (mandatory endpoints may exceed 10% for n<20)
zone-rgb-outcome-v2-20260925/test-a/track/zone-rgb-outcome-runs-20260925__test-w42-inde/r1-1,23752,23752,32768,32768,3,0,3,0,0,,
zone-rgb-outcome-v2-20260925/test-a/track/zone-rgb-outcome-runs-20260925__test-w42-inde/r1-10,10546,10546,20480,20480,3,0,3,0,0,,
zone-rgb-outcome-v2-20260925/test-a/track/zone-rgb-outcome-runs-20260925__test-w42-inde/r1-11,10546,10546,20480,20480,3,0,3,0,0,,
zone-rgb-outcome-v2-20260925/test-a/track/zone-rgb-outcome-runs-20260925__test-w42-inde/r1-12,10546,10546,20480,20480,3,0,3,0,0,,
zone-rgb-outcome-v2-20260925/test-a/track/zone-rgb-outcome-runs-20260925__test-w42-inde/r1-13,10546,10546,20480,20480,3,0,3,0,0,,
zone-rgb-outcome-v2-20260925/test-a/track/zone-rgb-outcome-runs-20260925__test-w42-inde/r1-14,10546,10546,20480,20480,3,0,3,0,0,,
zone-rgb-outcome-v2-20260925/test-a/track/zone-rgb-outcome-runs-20260925__test-w42-inde/r1-15,10546,10546,20480,20480,3,0,3,0,0,,
zone-rgb-outcome-v2-20260925/test-a/track/zone-rgb-outcome-runs-20260925__test-w42-inde/r1-16,10546,10546,20480,20480,3,0,3,0,0,,
zone-rgb-outcome-v2-20260925/test-a/track/zone-rgb-outcome-runs-20260925__test-w42-inde/r1-17,10211,10211,20480,20480,3,0,3,0,0,,
zone-rgb-outcome-v2-20260925/test-a/track/zone-rgb-outcome-runs-20260925__test-w42-inde/r1-18,10546,10546,20480,20480,3,0,3,0,0,,
zone-rgb-outcome-v2-20260925/test-a/track/zone-rgb-outcome-runs-20260925__test-w42-inde/r1-19,10211,10211,20480,20480,3,0,3,0,0,,
zone-rgb-outcome-v2-20260925/test-a/track/zone-rgb-outcome-runs-20260925__test-w42-inde/r1-2,28805,28805,36864,36864,3,0,3,0,0,,
zone-rgb-outcome-v2-20260925/test-a/track/zone-rgb-outcome-runs-20260925__test-w42-inde/r1-20,10546,10546,20480,20480,3,0,3,0,0,,
zone-rgb-outcome-v2-20260925/test-a/track/zone-rgb-outcome-runs-20260925__test-w42-inde/r1-21,10211,10211,20480,20480,3,0,3,0,0,,
zone-rgb-outcome-v2-20260925/test-a/track/zone-rgb-outcome-runs-20260925__test-w42-inde/r1-22,10546,10546,20480,20480,3,0,3,0,0,,
zone-rgb-outcome-v2-20260925/test-a/track/zone-rgb-outcome-runs-20260925__test-w42-inde/r1-23,10211,10211,20480,20480,3,0,3,0,0,,
zone-rgb-outcome-v2-20260925/test-a/track/zone-rgb-outcome-runs-20260925__test-w42-inde/r1-24,10546,10546,20480,20480,3,0,3,0,0,,
zone-rgb-outcome-v2-20260925/test-a/track/zone-rgb-outcome-runs-20260925__test-w42-inde/r1-25,10211,10211,20480,20480,3,0,3,0,0,,
zone-rgb-outcome-v2-20260925/test-a/track/zone-rgb-outcome-runs-20260925__test-w42-inde/r1-26,10546,10546,20480,20480,3,0,3,0,0,,
zone-rgb-outcome-v2-20260925/test-a/track/zone-rgb-outcome-runs-20260925__test-w42-inde/r1-27,10211,10211,20480,20480,3,0,3,0,0,,
zone-rgb-outcome-v2-20260925/test-a/track/zone-rgb-outcome-runs-20260925__test-w42-inde/r1-28,10546,10546,20480,20480,3,0,3,0,0,,
zone-rgb-outcome-v2-20260925/test-a/track/zone-rgb-outcome-runs-20260925__test-w42-inde/r1-29,10211,10211,20480,20480,3,0,3,0,0,,
zone-rgb-outcome-v2-20260925/test-a/track/zone-rgb-outcome-runs-20260925__test-w42-inde/r1-3,29472,29472,36864,36864,3,0,3,0,0,,
zone-rgb-outcome-v2-20260925/test-a/track/zone-rgb-outcome-runs-20260925__test-w42-inde/r1-30,10546,10546,20480,20480,3,0,3,0,0,,
zone-rgb-outcome-v2-20260925/test-a/track/zone-rgb-outcome-runs-20260925__test-w42-inde/r1-31,10211,10211,20480,20480,3,0,3,0,0,,
zone-rgb-outcome-v2-20260925/test-a/track/zone-rgb-outcome-runs-20260925__test-w42-inde/r1-32,10546,10546,20480,20480,3,0,3,0,0,,
zone-rgb-outcome-v2-20260925/test-a/track/zone-rgb-outcome-runs-20260925__test-w42-inde/r1-33,10211,10211,20480,20480,3,0,3,0,0,,
zone-rgb-outcome-v2-20260925/test-a/track/zone-rgb-outcome-runs-20260925__test-w42-inde/r1-34,10546,10546,20480,20480,3,0,3,0,0,,
zone-rgb-outcome-v2-20260925/test-a/track/zone-rgb-outcome-runs-20260925__test-w42-inde/r1-35,6179,5889,16384,12288,3,1,2,290,4096,D5,
zone-rgb-outcome-v2-20260925/test-a/track/zone-rgb-outcome-runs-20260925__test-w42-inde/r1-4,10541,10541,20480,20480,3,0,3,0,0,,
zone-rgb-outcome-v2-20260925/test-a/track/zone-rgb-outcome-runs-20260925__test-w42-inde/r1-5,10541,10541,20480,20480,3,0,3,0,0,,
zone-rgb-outcome-v2-20260925/test-a/track/zone-rgb-outcome-runs-20260925__test-w42-inde/r1-6,10541,10541,20480,20480,3,0,3,0,0,,
zone-rgb-outcome-v2-20260925/test-a/track/zone-rgb-outcome-runs-20260925__test-w42-inde/r1-7,10541,10541,20480,20480,3,0,3,0,0,,
