scope	path	sha256	bytes
raw	plan.json	2a8e434355a1823bfadb2a232dda7829cf7efb1de211a69aad6c925060652aa2	822
raw	result.json	5741d8796bfae7615d97305df3084ecdbac57115ba2940f27494510e9bed7835	2108
raw	zone_wide_corridor_final_v3/artifacts.sha256.json	d72529494b8ebd019c1484e80adc28dc62d05781bb83308db87ece23772bc68a	176515
raw	zone_wide_corridor_final_v3/bundle.json	b28e1c81e16cd29ef6541199a34112b99e97f645e7ca0d3c1333c82164eb2aa4	21736
raw	zone_wide_corridor_final_v3/eval_only/applied.json	6e28c4760d0c6152cacb3d910a7d26d4c3efad43a5a1299134b50a335211d206	2880
raw	zone_wide_corridor_final_v3/eval_only/contacts.jsonl	770567353e005dae06f084904b1dc6b632a4df07fb84c84155ef955ca623c5ad	8817540
raw	zone_wide_corridor_final_v3/eval_only/r1/camera_labels.jsonl	8ded49d1af76e5d65cc286c34d2effa2ab7e599f5f2a70f72e39259a77d9e948	438839
raw	zone_wide_corridor_final_v3/eval_only/r2/camera_labels.jsonl	f3bbe715fb3a30b33f051de6e3070647b63871946dada121d44d202dce95ddbc	439942
raw	zone_wide_corridor_final_v3/eval_only/r3/camera_labels.jsonl	c15fb241e6ccb392f20316e7f58ebf9c7bf117e76e280a309cf319c274700669	439355
raw	zone_wide_corridor_final_v3/eval_only/setup.json	1a612a7ca31f38ac49e6ccfe9585c84beea5cb570daf0a58d688d5461cfe5b34	1677
raw	zone_wide_corridor_final_v3/inputs/static_map.json	6973f0a74dc4339c5a3981af9bf58eefde7c878f891808c1baefa818a0f472f2	7313
raw	zone_wide_corridor_final_v3/result.json	6f69ed0fa9738e2cd4f52adb6d3da427f7783945883acd874bd1ae6d8275ec05	551
raw	zone_wide_corridor_final_v3/robots/r1/commands.jsonl	31436c6402b72de34a1465eb89c9a32c65e02b515e238f94c7e174f0e69584ae	10880
raw	zone_wide_corridor_final_v3/robots/r1/frames.jsonl	fb3de9c03dfd4e5b2a5a2f3bd8340be277b1beb242570aa9d38235835f189afb	152130
raw	zone_wide_corridor_final_v3/robots/r1/rgb/00000.png	d4a7153731dcfbc7d85438ca22c0003872a78a51adf81f2b6ef07ecd6db39132	24524
raw	zone_wide_corridor_final_v3/robots/r1/rgb/00001.png	d4a7153731dcfbc7d85438ca22c0003872a78a51adf81f2b6ef07ecd6db39132	24524
raw	zone_wide_corridor_final_v3/robots/r1/rgb/00002.png	d4a7153731dcfbc7d85438ca22c0003872a78a51adf81f2b6ef07ecd6db39132	24524
raw	zone_wide_corridor_final_v3/robots/r1/rgb/00003.png	d4a7153731dcfbc7d85438ca22c0003872a78a51adf81f2b6ef07ecd6db39132	24524
raw	zone_wide_corridor_final_v3/robots/r1/rgb/00004.png	d4a7153731dcfbc7d85438ca22c0003872a78a51adf81f2b6ef07ecd6db39132	24524
raw	zone_wide_corridor_final_v3/robots/r1/rgb/00005.png	d4a7153731dcfbc7d85438ca22c0003872a78a51adf81f2b6ef07ecd6db39132	24524
raw	zone_wide_corridor_final_v3/robots/r1/rgb/00006.png	d4a7153731dcfbc7d85438ca22c0003872a78a51adf81f2b6ef07ecd6db39132	24524
raw	zone_wide_corridor_final_v3/robots/r1/rgb/00007.png	d4a7153731dcfbc7d85438ca22c0003872a78a51adf81f2b6ef07ecd6db39132	24524
raw	zone_wide_corridor_final_v3/robots/r1/rgb/00008.png	d4a7153731dcfbc7d85438ca22c0003872a78a51adf81f2b6ef07ecd6db39132	24524
raw	zone_wide_corridor_final_v3/robots/r1/rgb/00009.png	d4a7153731dcfbc7d85438ca22c0003872a78a51adf81f2b6ef07ecd6db39132	24524
raw	zone_wide_corridor_final_v3/robots/r1/rgb/00010.png	d4a7153731dcfbc7d85438ca22c0003872a78a51adf81f2b6ef07ecd6db39132	24524
raw	zone_wide_corridor_final_v3/robots/r1/rgb/00011.png	d4a7153731dcfbc7d85438ca22c0003872a78a51adf81f2b6ef07ecd6db39132	24524
raw	zone_wide_corridor_final_v3/robots/r1/rgb/00012.png	d4a7153731dcfbc7d85438ca22c0003872a78a51adf81f2b6ef07ecd6db39132	24524
raw	zone_wide_corridor_final_v3/robots/r1/rgb/00013.png	d4a7153731dcfbc7d85438ca22c0003872a78a51adf81f2b6ef07ecd6db39132	24524
raw	zone_wide_corridor_final_v3/robots/r1/rgb/00014.png	d4a7153731dcfbc7d85438ca22c0003872a78a51adf81f2b6ef07ecd6db39132	24524
raw	zone_wide_corridor_final_v3/robots/r1/rgb/00015.png	d4a7153731dcfbc7d85438ca22c0003872a78a51adf81f2b6ef07ecd6db39132	24524
raw	zone_wide_corridor_final_v3/robots/r1/rgb/00016.png	2b9c8a694458dacb90a07bb8e53b8e5634a965c01aa879cb03425c2b73142ee4	30763
raw	zone_wide_corridor_final_v3/robots/r1/rgb/00017.png	75631d55a373ad34027537fe166d1e9060c6e6c637ce180a61ce456f6d8df0d5	30816
raw	zone_wide_corridor_final_v3/robots/r1/rgb/00018.png	9bfd98911387a91e0763306712d47eccb50c05c9bf2ae2e62d965f16f54dc040	30804
raw	zone_wide_corridor_final_v3/robots/r1/rgb/00019.png	6d894114307c69634cc59f62d1f2361cf7e78b7f0dcd2efab4807b8e896fcb92	30773
raw	zone_wide_corridor_final_v3/robots/r1/rgb/00020.png	d7e58349ff80d583413de2c094a43bc18228c7c68decf36eae83ee7dc6fa4e33	30782
raw	zone_wide_corridor_final_v3/robots/r1/rgb/00021.png	d7e58349ff80d583413de2c094a43bc18228c7c68decf36eae83ee7dc6fa4e33	30782
raw	zone_wide_corridor_final_v3/robots/r1/rgb/00022.png	d7e58349ff80d583413de2c094a43bc18228c7c68decf36eae83ee7dc6fa4e33	30782
raw	zone_wide_corridor_final_v3/robots/r1/rgb/00023.png	d7e58349ff80d583413de2c094a43bc18228c7c68decf36eae83ee7dc6fa4e33	30782
raw	zone_wide_corridor_final_v3/robots/r1/rgb/00024.png	d7e58349ff80d583413de2c094a43bc18228c7c68decf36eae83ee7dc6fa4e33	30782
raw	zone_wide_corridor_final_v3/robots/r1/rgb/00025.png	d7e58349ff80d583413de2c094a43bc18228c7c68decf36eae83ee7dc6fa4e33	30782
raw	zone_wide_corridor_final_v3/robots/r1/rgb/00026.png	d7e58349ff80d583413de2c094a43bc18228c7c68decf36eae83ee7dc6fa4e33	30782
raw	zone_wide_corridor_final_v3/robots/r1/rgb/00027.png	d7e58349ff80d583413de2c094a43bc18228c7c68decf36eae83ee7dc6fa4e33	30782
raw	zone_wide_corridor_final_v3/robots/r1/rgb/00028.png	d7e58349ff80d583413de2c094a43bc18228c7c68decf36eae83ee7dc6fa4e33	30782
raw	zone_wide_corridor_final_v3/robots/r1/rgb/00029.png	d7e58349ff80d583413de2c094a43bc18228c7c68decf36eae83ee7dc6fa4e33	30782
raw	zone_wide_corridor_final_v3/robots/r1/rgb/00030.png	d7e58349ff80d583413de2c094a43bc18228c7c68decf36eae83ee7dc6fa4e33	30782
raw	zone_wide_corridor_final_v3/robots/r1/rgb/00031.png	555d9b2ce563bce152197195af83bdc4a6cd4f72850003a3f2ea1ae37603954e	36985
raw	zone_wide_corridor_final_v3/robots/r1/rgb/00032.png	e751854537dc6c2d36b2232b4f9ffc599093a3643aa5d9b3bb53d4fd51b43e58	36895
raw	zone_wide_corridor_final_v3/robots/r1/rgb/00033.png	c4ca2c4be8794e8f41bbc10cddac3d3adb5c8fed47a3c5a37adeb003f903307f	37000
raw	zone_wide_corridor_final_v3/robots/r1/rgb/00034.png	ceba53c9bf9ba481ce106ea01d3f2c1a47966972e29cc9913178cf90cd089ba3	36974
raw	zone_wide_corridor_final_v3/robots/r1/rgb/00035.png	344ffe44192396b5ab87921a985bc0c57f82370b290b5da2046c6e4b7864cda8	36999
raw	zone_wide_corridor_final_v3/robots/r1/rgb/00036.png	344ffe44192396b5ab87921a985bc0c57f82370b290b5da2046c6e4b7864cda8	36999
raw	zone_wide_corridor_final_v3/robots/r1/rgb/00037.png	344ffe44192396b5ab87921a985bc0c57f82370b290b5da2046c6e4b7864cda8	36999
raw	zone_wide_corridor_final_v3/robots/r1/rgb/00038.png	89115c5eb5fc5396dfe296c0b70102ad7b78f30192e65c472d3b7e64c9a0b53f	36996
raw	zone_wide_corridor_final_v3/robots/r1/rgb/00039.png	344ffe44192396b5ab87921a985bc0c57f82370b290b5da2046c6e4b7864cda8	36999
raw	zone_wide_corridor_final_v3/robots/r1/rgb/00040.png	312815db78582497a9845b8079ba5460cb5d8d08ca76f33e1fab7aaab853a890	36978
raw	zone_wide_corridor_final_v3/robots/r1/rgb/00041.png	312815db78582497a9845b8079ba5460cb5d8d08ca76f33e1fab7aaab853a890	36978
raw	zone_wide_corridor_final_v3/robots/r1/rgb/00042.png	344ffe44192396b5ab87921a985bc0c57f82370b290b5da2046c6e4b7864cda8	36999
raw	zone_wide_corridor_final_v3/robots/r1/rgb/00043.png	303034403a1c0ed904a92077f7822809108cacf4e1be400f1f9653c3285d0305	37002
raw	zone_wide_corridor_final_v3/robots/r1/rgb/00044.png	344ffe44192396b5ab87921a985bc0c57f82370b290b5da2046c6e4b7864cda8	36999
raw	zone_wide_corridor_final_v3/robots/r1/rgb/00045.png	344ffe44192396b5ab87921a985bc0c57f82370b290b5da2046c6e4b7864cda8	36999
raw	zone_wide_corridor_final_v3/robots/r1/rgb/00046.png	df3676c806f69b822c0a57b3aa2b69b43accadf8efa86063e2d1142ee5ad2cff	40591
raw	zone_wide_corridor_final_v3/robots/r1/rgb/00047.png	d2563b3c3c5aad9ad05926d89852aebc1b1de95cd20673fd2442538ea0c33607	40544
raw	zone_wide_corridor_final_v3/robots/r1/rgb/00048.png	30ba30c3dc5e2951dc441d4fdeb4f3badccb6254fd7a189aecb03996e94971f4	40581
raw	zone_wide_corridor_final_v3/robots/r1/rgb/00049.png	973e78aa60cca44a667662e2f8da5a1e2c9995a87ba2c937a0ef010fdbb4e7bc	40552
raw	zone_wide_corridor_final_v3/robots/r1/rgb/00050.png	7ef28e39203dcceccfb89da032726594b90901fbe46c4d1aa8522a0fe6f53ad2	40575
raw	zone_wide_corridor_final_v3/robots/r1/rgb/00051.png	c2c4184fd0100dc7dc447487cb1b6282e337002417df6e51c73e11871cb10084	40564
raw	zone_wide_corridor_final_v3/robots/r1/rgb/00052.png	425ed05ffec836d63f31ccbf4c6b4d26b37486eb5a310d642c4ce41542e781c6	40571
raw	zone_wide_corridor_final_v3/robots/r1/rgb/00053.png	c3ca722c930685d561769dca06bcf111cf9df3725710de07ad0cb904ac017d10	40583
raw	zone_wide_corridor_final_v3/robots/r1/rgb/00054.png	5844bf87322ddaecb3cf05aa75826000e9bfafb3346416ce9d69439336235519	40576
raw	zone_wide_corridor_final_v3/robots/r1/rgb/00055.png	cdea65ce073dcb895ad9c6ac9ae417306e1c2e7c1874436f196990bc61603f60	40570
raw	zone_wide_corridor_final_v3/robots/r1/rgb/00056.png	5844bf87322ddaecb3cf05aa75826000e9bfafb3346416ce9d69439336235519	40576
raw	zone_wide_corridor_final_v3/robots/r1/rgb/00057.png	79f4e270af4a488323a61741d8dbf3c75d4d8c56816a99d908fd59cd1dd48b16	40573
raw	zone_wide_corridor_final_v3/robots/r1/rgb/00058.png	5844bf87322ddaecb3cf05aa75826000e9bfafb3346416ce9d69439336235519	40576
raw	zone_wide_corridor_final_v3/robots/r1/rgb/00059.png	79f4e270af4a488323a61741d8dbf3c75d4d8c56816a99d908fd59cd1dd48b16	40573
raw	zone_wide_corridor_final_v3/robots/r1/rgb/00060.png	425ed05ffec836d63f31ccbf4c6b4d26b37486eb5a310d642c4ce41542e781c6	40571
raw	zone_wide_corridor_final_v3/robots/r1/rgb/00061.png	89a4d05979739632615e036efaae19181a6d5557447095d26bcc1c621ad90d46	34945
raw	zone_wide_corridor_final_v3/robots/r1/rgb/00062.png	1771a3b62ace9164bd4d46ae79977f68d2853785db49ae5de872937a9aa8daed	25804
raw	zone_wide_corridor_final_v3/robots/r1/rgb/00063.png	964b5432d0d6c1e1564de651617c0799e03006a6675f2b2a6b4e429bb8c71989	32804
raw	zone_wide_corridor_final_v3/robots/r1/rgb/00064.png	adbaa3fa2b6e4c5e2f01bf33fcd89385d0b556d62a3fb0c6a7afb8ef847ec987	32842
raw	zone_wide_corridor_final_v3/robots/r1/rgb/00065.png	33b92efcf3fece0a1da08cff1cb854b5380b05eebcd46f0643384b2958103b0f	32739
raw	zone_wide_corridor_final_v3/robots/r1/rgb/00066.png	b36cd0a27c08df33337cd48414ae42041880de1ca5386e29cfe5e42303b3da27	32786
raw	zone_wide_corridor_final_v3/robots/r1/rgb/00067.png	f7d2e866c541148d99f199a8439151887e318dd04f55aecc23a95df6012c1bd1	32782
raw	zone_wide_corridor_final_v3/robots/r1/rgb/00068.png	ae186bba81a861e142179e125f60ec49c4bce1bf82428d5222acc0da5b81a0ff	32779
raw	zone_wide_corridor_final_v3/robots/r1/rgb/00069.png	f7d2e866c541148d99f199a8439151887e318dd04f55aecc23a95df6012c1bd1	32782
raw	zone_wide_corridor_final_v3/robots/r1/rgb/00070.png	206506b91979d4ff7958d7886671d5265e9e0d40c8bb0c51aeb03d0c4d9b401d	32765
raw	zone_wide_corridor_final_v3/robots/r1/rgb/00071.png	f7d2e866c541148d99f199a8439151887e318dd04f55aecc23a95df6012c1bd1	32782
raw	zone_wide_corridor_final_v3/robots/r1/rgb/00072.png	206506b91979d4ff7958d7886671d5265e9e0d40c8bb0c51aeb03d0c4d9b401d	32765
raw	zone_wide_corridor_final_v3/robots/r1/rgb/00073.png	206506b91979d4ff7958d7886671d5265e9e0d40c8bb0c51aeb03d0c4d9b401d	32765
raw	zone_wide_corridor_final_v3/robots/r1/rgb/00074.png	206506b91979d4ff7958d7886671d5265e9e0d40c8bb0c51aeb03d0c4d9b401d	32765
raw	zone_wide_corridor_final_v3/robots/r1/rgb/00075.png	9bdfdc65ecd5496430289f455fa4ed56850522661768d707679fcd99bb66f710	32783
raw	zone_wide_corridor_final_v3/robots/r1/rgb/00076.png	bfa7c27c7afe1ed43dfd30ffae582490bfaabe4eb3c7ff526cd1d3dfa1e398b8	25379
raw	zone_wide_corridor_final_v3/robots/r1/rgb/00077.png	cf5100d312ef5ddaec8156e213ba98a15244dc3babf235fcfd00736824443c14	25348
raw	zone_wide_corridor_final_v3/robots/r1/rgb/00078.png	9e2d41144e6781f0022fbfb46c45a6972f0b5dc860abc977bea1eaeaecebd957	25466
raw	zone_wide_corridor_final_v3/robots/r1/rgb/00079.png	09e699bb4f6c726bbdbbde5bb5a6348596a1b1fe7e7eb629eafa7892add84116	25460
raw	zone_wide_corridor_final_v3/robots/r1/rgb/00080.png	22077b5aff3491277e5ce0dd5bae9f10a9ffc8dd4de3666339fa6bd29b26e88e	25481
raw	zone_wide_corridor_final_v3/robots/r1/rgb/00081.png	3817df13d416a0dec5a697fb9feee5fdbb9466dcdb5553a41de44502b86a140f	25462
raw	zone_wide_corridor_final_v3/robots/r1/rgb/00082.png	4e8a2049f7d6d6ade326890d6965b733d405e56f173e233097110f1209084833	25488
raw	zone_wide_corridor_final_v3/robots/r1/rgb/00083.png	a474ba1b0744dc211c82353ea1419bd0bc2155a688be963af33839b01675f522	25483
raw	zone_wide_corridor_final_v3/robots/r1/rgb/00084.png	54d292bbca666638e345c98fcb9468d93842e0628aa20e3396fb4826d9aff547	25496
raw	zone_wide_corridor_final_v3/robots/r1/rgb/00085.png	a474ba1b0744dc211c82353ea1419bd0bc2155a688be963af33839b01675f522	25483
raw	zone_wide_corridor_final_v3/robots/r1/rgb/00086.png	53462bc55c079de13c0d974c9dd281e78146cb355860143e05cdc955701c5438	25480
raw	zone_wide_corridor_final_v3/robots/r1/rgb/00087.png	54d292bbca666638e345c98fcb9468d93842e0628aa20e3396fb4826d9aff547	25496
raw	zone_wide_corridor_final_v3/robots/r1/rgb/00088.png	a474ba1b0744dc211c82353ea1419bd0bc2155a688be963af33839b01675f522	25483
raw	zone_wide_corridor_final_v3/robots/r1/rgb/00089.png	4e8a2049f7d6d6ade326890d6965b733d405e56f173e233097110f1209084833	25488
raw	zone_wide_corridor_final_v3/robots/r1/rgb/00090.png	4e8a2049f7d6d6ade326890d6965b733d405e56f173e233097110f1209084833	25488
raw	zone_wide_corridor_final_v3/robots/r1/rgb/00091.png	197cd0833e20949b8c7da800356265642fc8951baed55404f3689587a9611015	19592
raw	zone_wide_corridor_final_v3/robots/r1/rgb/00092.png	7c605c3c400b2d6be66a01b9662a99b9a475c56bd3ab1d8cd52052c18c1fb89c	19577
raw	zone_wide_corridor_final_v3/robots/r1/rgb/00093.png	1eceb07e9647c1cb1d857d680abb6e35bdee2e5c0793e67aa33499beeb99be7c	19575
raw	zone_wide_corridor_final_v3/robots/r1/rgb/00094.png	a2ee89349bd019de131ecac5161f662ef86cd71752ec9e5de576913ad6667eec	19607
raw	zone_wide_corridor_final_v3/robots/r1/rgb/00095.png	8c9ae632868d2f667224d1133313edd399808552176d008a11fbfb591dbd4f63	19598
raw	zone_wide_corridor_final_v3/robots/r1/rgb/00096.png	2b75685102ec10868ea12b84da7a06a1333db5dff7fcc4073cd01bc8b791b44f	19599
raw	zone_wide_corridor_final_v3/robots/r1/rgb/00097.png	7be215dce15bed4b4ae237f3915599d4ab7643b740e1d9324756d30a04c59558	19599
raw	zone_wide_corridor_final_v3/robots/r1/rgb/00098.png	9e8d1904809aec7269ee2175c92f587018c55ffb1d4bf7d17ab486cb6f2e3b87	19587
raw	zone_wide_corridor_final_v3/robots/r1/rgb/00099.png	7be215dce15bed4b4ae237f3915599d4ab7643b740e1d9324756d30a04c59558	19599
raw	zone_wide_corridor_final_v3/robots/r1/rgb/00100.png	e11ed2a0bd001a88cca1d1aa79b56fa1df900b5fbb6772519c6efcfa82f52135	19595
raw	zone_wide_corridor_final_v3/robots/r1/rgb/00101.png	8c9ae632868d2f667224d1133313edd399808552176d008a11fbfb591dbd4f63	19598
raw	zone_wide_corridor_final_v3/robots/r1/rgb/00102.png	2b75685102ec10868ea12b84da7a06a1333db5dff7fcc4073cd01bc8b791b44f	19599
raw	zone_wide_corridor_final_v3/robots/r1/rgb/00103.png	8c9ae632868d2f667224d1133313edd399808552176d008a11fbfb591dbd4f63	19598
raw	zone_wide_corridor_final_v3/robots/r1/rgb/00104.png	77f29fb4e03bd3d4d427b69d448017a9e534830516c3ff86a01e84d52145d3e6	19601
raw	zone_wide_corridor_final_v3/robots/r1/rgb/00105.png	2b75685102ec10868ea12b84da7a06a1333db5dff7fcc4073cd01bc8b791b44f	19599
raw	zone_wide_corridor_final_v3/robots/r1/rgb/00106.png	8cff97bf0e8c0417c904d15b2f3d42512ef357de7c85a07328612d83a988b0ae	28811
raw	zone_wide_corridor_final_v3/robots/r1/rgb/00107.png	d1f3c47a780d459dfa2da0ccf9fbbb4eb7180506bd05877447d3314aeb30007c	25965
raw	zone_wide_corridor_final_v3/robots/r1/rgb/00108.png	910e45dfc2fd1675783664e8893bdef345283d710f5c8e76c8bb693c1849dc14	24687
raw	zone_wide_corridor_final_v3/robots/r1/rgb/00109.png	7d6430a8b7e0d1229c5abf3623957d851f475f9b34facc71d2be1c9072c04511	24716
raw	zone_wide_corridor_final_v3/robots/r1/rgb/00110.png	6fa8d1e5600ba80acd775902588c80e2a891e06fa4b3749cdd59b09a14284fa4	24713
raw	zone_wide_corridor_final_v3/robots/r1/rgb/00111.png	afed420bed1261870ffc055b42e7e4c29e257d4be9f6fe17f4bc44c2460f759d	24713
raw	zone_wide_corridor_final_v3/robots/r1/rgb/00112.png	afed420bed1261870ffc055b42e7e4c29e257d4be9f6fe17f4bc44c2460f759d	24713
raw	zone_wide_corridor_final_v3/robots/r1/rgb/00113.png	afed420bed1261870ffc055b42e7e4c29e257d4be9f6fe17f4bc44c2460f759d	24713
raw	zone_wide_corridor_final_v3/robots/r1/rgb/00114.png	afed420bed1261870ffc055b42e7e4c29e257d4be9f6fe17f4bc44c2460f759d	24713
raw	zone_wide_corridor_final_v3/robots/r1/rgb/00115.png	afed420bed1261870ffc055b42e7e4c29e257d4be9f6fe17f4bc44c2460f759d	24713
raw	zone_wide_corridor_final_v3/robots/r1/rgb/00116.png	afed420bed1261870ffc055b42e7e4c29e257d4be9f6fe17f4bc44c2460f759d	24713
raw	zone_wide_corridor_final_v3/robots/r1/rgb/00117.png	afed420bed1261870ffc055b42e7e4c29e257d4be9f6fe17f4bc44c2460f759d	24713
raw	zone_wide_corridor_final_v3/robots/r1/rgb/00118.png	afed420bed1261870ffc055b42e7e4c29e257d4be9f6fe17f4bc44c2460f759d	24713
raw	zone_wide_corridor_final_v3/robots/r1/rgb/00119.png	afed420bed1261870ffc055b42e7e4c29e257d4be9f6fe17f4bc44c2460f759d	24713
raw	zone_wide_corridor_final_v3/robots/r1/rgb/00120.png	afed420bed1261870ffc055b42e7e4c29e257d4be9f6fe17f4bc44c2460f759d	24713
raw	zone_wide_corridor_final_v3/robots/r1/rgb/00121.png	48aab43ed3e48ac12f710e40b678fb7c85898f71c644fabdb7c847bd823fdaa0	31635
raw	zone_wide_corridor_final_v3/robots/r1/rgb/00122.png	944c95bbb06d9400d8c3136a49c658182bc8f42b8cac62604494750377f942da	31876
raw	zone_wide_corridor_final_v3/robots/r1/rgb/00123.png	18562a831812f2313aefadcb98aa00333f8bfacd0184ff9baed13fee2d983c74	31848
raw	zone_wide_corridor_final_v3/robots/r1/rgb/00124.png	064cb87fef25e001b4e9962471ae326fd2a0471c46042174238064e2fda0c49a	31667
raw	zone_wide_corridor_final_v3/robots/r1/rgb/00125.png	c69ac3b4ba41626033d1d2f84dbbd0538111fa63cb50b8e76eb585eb263b3772	31625
raw	zone_wide_corridor_final_v3/robots/r1/rgb/00126.png	ec5d6eedc2874c14a34a6ac660f5a9a4b2a8348bf9a245f6e87b9f89ac168781	31585
raw	zone_wide_corridor_final_v3/robots/r1/rgb/00127.png	ef5c319206c788ce4f39242eed117f899c64abcc10eeb1375b6943ab2e527de2	31427
raw	zone_wide_corridor_final_v3/robots/r1/rgb/00128.png	e81f8076974ce46a73ece582a29190810f70100e9631384247887fc27305d99d	31427
raw	zone_wide_corridor_final_v3/robots/r1/rgb/00129.png	e81f8076974ce46a73ece582a29190810f70100e9631384247887fc27305d99d	31427
raw	zone_wide_corridor_final_v3/robots/r1/rgb/00130.png	e81f8076974ce46a73ece582a29190810f70100e9631384247887fc27305d99d	31427
raw	zone_wide_corridor_final_v3/robots/r1/rgb/00131.png	e81f8076974ce46a73ece582a29190810f70100e9631384247887fc27305d99d	31427
raw	zone_wide_corridor_final_v3/robots/r1/rgb/00132.png	e81f8076974ce46a73ece582a29190810f70100e9631384247887fc27305d99d	31427
raw	zone_wide_corridor_final_v3/robots/r1/rgb/00133.png	e81f8076974ce46a73ece582a29190810f70100e9631384247887fc27305d99d	31427
raw	zone_wide_corridor_final_v3/robots/r1/rgb/00134.png	e81f8076974ce46a73ece582a29190810f70100e9631384247887fc27305d99d	31427
raw	zone_wide_corridor_final_v3/robots/r1/rgb/00135.png	e81f8076974ce46a73ece582a29190810f70100e9631384247887fc27305d99d	31427
raw	zone_wide_corridor_final_v3/robots/r1/rgb/00136.png	3e7c280d3d49a7466cf4e8a3038c3bad081dd786b23a86137e2b8e91daa89766	32869
raw	zone_wide_corridor_final_v3/robots/r1/rgb/00137.png	ea06c8a230a9fd46a6bd0f271a5d20041b71942fedc628a06ef2d1417000bf5d	32854
raw	zone_wide_corridor_final_v3/robots/r1/rgb/00138.png	0d653c020e9b6a31feba7d628e9bb9e7e672f7b9d043b501c94020221314935a	32833
raw	zone_wide_corridor_final_v3/robots/r1/rgb/00139.png	735ee5381f4d4f6f157b5c5d3beecc1b13bd8c5688fb04358449f3711ad58109	32842
raw	zone_wide_corridor_final_v3/robots/r1/rgb/00140.png	dd4a6a97f19a4ab396672a2ad6d6896591b2cb7ab00e06b15af5ebec8615e198	32846
raw	zone_wide_corridor_final_v3/robots/r1/rgb/00141.png	2f3e15d5bb30680a661d7f2fda02f7523254bbe2345dba5d3762cb124cb7797f	32838
raw	zone_wide_corridor_final_v3/robots/r1/rgb/00142.png	d120adc030e83852aae42232119b788f01911658c3c5f398ebdbf8d0cc35badf	32841
raw	zone_wide_corridor_final_v3/robots/r1/rgb/00143.png	a214b339b26650ee081aab09302e30ea71a858da25a29059e1767a6ee6234fdb	32850
raw	zone_wide_corridor_final_v3/robots/r1/rgb/00144.png	a4b55387db535b2e6f2bafe5dbc8d2d975c81d13ea5e4d0c11bf3591e67febc1	32846
raw	zone_wide_corridor_final_v3/robots/r1/rgb/00145.png	e71220dee4fcec57bf97a48888b54f4ec071fe20906befdfc4dbd521b95c05b8	32842
raw	zone_wide_corridor_final_v3/robots/r1/rgb/00146.png	e71220dee4fcec57bf97a48888b54f4ec071fe20906befdfc4dbd521b95c05b8	32842
raw	zone_wide_corridor_final_v3/robots/r1/rgb/00147.png	735ee5381f4d4f6f157b5c5d3beecc1b13bd8c5688fb04358449f3711ad58109	32842
raw	zone_wide_corridor_final_v3/robots/r1/rgb/00148.png	a1b154332cd39913cbad4d64e27e8869b10919e2324f28ae057581509ec966e8	32848
raw	zone_wide_corridor_final_v3/robots/r1/rgb/00149.png	e71220dee4fcec57bf97a48888b54f4ec071fe20906befdfc4dbd521b95c05b8	32842
raw	zone_wide_corridor_final_v3/robots/r1/rgb/00150.png	e71220dee4fcec57bf97a48888b54f4ec071fe20906befdfc4dbd521b95c05b8	32842
raw	zone_wide_corridor_final_v3/robots/r1/rgb/00151.png	8258b63fe42eb46d68020533ca59020c977341b04d7b80bbf5e4d0bb0d9391b7	40122
raw	zone_wide_corridor_final_v3/robots/r1/rgb/00152.png	013c7878b925b6134864ca4a09febcdce2c1be8c9562229316429ac399b0fcc3	39950
raw	zone_wide_corridor_final_v3/robots/r1/rgb/00153.png	4ec7fcee0271546b9193e88854833cf9420dc6b3206392912208fc4cb539f2f7	40046
raw	zone_wide_corridor_final_v3/robots/r1/rgb/00154.png	740c9130c9181fbf6460c3be4f611d5b2f2246787828803cf800bf703da50618	40066
raw	zone_wide_corridor_final_v3/robots/r1/rgb/00155.png	b2c638acf3f70b00a8d164989c4cd2e4ab0dd8034133e64bb5930211d2b69c5e	40040
raw	zone_wide_corridor_final_v3/robots/r1/rgb/00156.png	e62c56fd44ce0410af31944dfb8a91e98f17db09090e3826ad21d57295859f7c	40035
raw	zone_wide_corridor_final_v3/robots/r1/rgb/00157.png	307097875a437ee85f8a802967284c1a68efa37c3075da764430aa2f69194485	40043
raw	zone_wide_corridor_final_v3/robots/r1/rgb/00158.png	1e93bbe56fa0c5e89da62b61b340d8fe23efdce0b3a582589956fa6317958d21	40019
raw	zone_wide_corridor_final_v3/robots/r1/rgb/00159.png	35fc3db486f953216a9e007792e60f7e540266d8eea1f2424aafd75eafbdbd61	40012
raw	zone_wide_corridor_final_v3/robots/r1/rgb/00160.png	f5b4f52799faf92bb6eaee56584c5f540b27e09187f26d8e5d2e12968caf5e45	40030
raw	zone_wide_corridor_final_v3/robots/r1/rgb/00161.png	307097875a437ee85f8a802967284c1a68efa37c3075da764430aa2f69194485	40043
raw	zone_wide_corridor_final_v3/robots/r1/rgb/00162.png	307097875a437ee85f8a802967284c1a68efa37c3075da764430aa2f69194485	40043
raw	zone_wide_corridor_final_v3/robots/r1/rgb/00163.png	f5975b264dc8a103a07455bf163c5dc858ea74863c499a7941ecb344f974d28a	40043
raw	zone_wide_corridor_final_v3/robots/r1/rgb/00164.png	2f0cefbc24299ddc6e89baa098cc6e339ca5c72b480e284562a116d08b5434cc	40040
raw	zone_wide_corridor_final_v3/robots/r1/rgb/00165.png	d5d8115c166195d72f84fcc0cbde2fe919110043e66f1203b28246b18150bc4c	40043
raw	zone_wide_corridor_final_v3/robots/r1/rgb/00166.png	217761d2ab25450918121f27e63906466e85ee91b243b45bcdbcb3a20fd92ae7	51791
raw	zone_wide_corridor_final_v3/robots/r1/rgb/00167.png	a2a7c852064cbcbe86778b5b315a0454f1e7d2567eed20d7ff796af49c6883bf	51482
raw	zone_wide_corridor_final_v3/robots/r1/rgb/00168.png	f93dd8268402d278a0dac60c3ffe569da87c1803dd29916ea1c6c6bb124416d0	51542
raw	zone_wide_corridor_final_v3/robots/r1/rgb/00169.png	89c17cf8cd386f102d9873e8c45cb8e52f96c159ac4e46376cf016a2949c0faf	51509
raw	zone_wide_corridor_final_v3/robots/r1/rgb/00170.png	808e9c3817cd2f88868eba3ed8037f6968bbc6e2193cc658dda1bfbc5e5f0947	51490
raw	zone_wide_corridor_final_v3/robots/r1/rgb/00171.png	8848143fc7ae5c0d2e62353556e56ab4f0609544c916d4620de979b86680a1c0	51452
raw	zone_wide_corridor_final_v3/robots/r1/rgb/00172.png	b13a7487f2ad3eae45ad6c608339b2125b5973b73c613d2a89f523cbae71c2dc	51427
raw	zone_wide_corridor_final_v3/robots/r1/rgb/00173.png	e330c35077fe61076d2b63bdc11bd627017d5baeda84bf5f00bfd28896b73bd1	51424
raw	zone_wide_corridor_final_v3/robots/r1/rgb/00174.png	e09e7efb5d5247b6f310b14f59b677b54eabde3f8633ef23033267ad75249ce4	51433
raw	zone_wide_corridor_final_v3/robots/r1/rgb/00175.png	b13a7487f2ad3eae45ad6c608339b2125b5973b73c613d2a89f523cbae71c2dc	51427
raw	zone_wide_corridor_final_v3/robots/r1/rgb/00176.png	555452f3d29450038811e9dbe6c8580dcc2a937dc9a5a13e6546e6e5afba9b14	51420
raw	zone_wide_corridor_final_v3/robots/r1/rgb/00177.png	555452f3d29450038811e9dbe6c8580dcc2a937dc9a5a13e6546e6e5afba9b14	51420
raw	zone_wide_corridor_final_v3/robots/r1/rgb/00178.png	555452f3d29450038811e9dbe6c8580dcc2a937dc9a5a13e6546e6e5afba9b14	51420
raw	zone_wide_corridor_final_v3/robots/r1/rgb/00179.png	555452f3d29450038811e9dbe6c8580dcc2a937dc9a5a13e6546e6e5afba9b14	51420
raw	zone_wide_corridor_final_v3/robots/r1/rgb/00180.png	555452f3d29450038811e9dbe6c8580dcc2a937dc9a5a13e6546e6e5afba9b14	51420
raw	zone_wide_corridor_final_v3/robots/r1/rgb/00181.png	26c1eaacaa1f6ea19b43eb97b81d77e7351123cff799eddfb181c5696be02baa	37756
raw	zone_wide_corridor_final_v3/robots/r1/rgb/00182.png	f216bf3f014c73816382d4d4978fb321833915a41d7449c6e81cb2e0180ea29d	33516
raw	zone_wide_corridor_final_v3/robots/r1/rgb/00183.png	574186d130f0d0cdbbd34c2029039f3339bdf26d631da4c45f6dc9ce049f38e9	34639
raw	zone_wide_corridor_final_v3/robots/r1/rgb/00184.png	d80d565cafcadd4c4279b93925e09715ae1cfc8e075e07a60f32c9a9c5712320	34747
raw	zone_wide_corridor_final_v3/robots/r1/rgb/00185.png	b19bd8c5d52bffb474415a7e8625b22988c8f966e705c66c6b0aed7fc2d8b97f	34730
raw	zone_wide_corridor_final_v3/robots/r1/rgb/00186.png	9a1409e76cac1ef62ac1d5bfe9ff778d71068b313af877d150bc0002ba2a2930	34636
raw	zone_wide_corridor_final_v3/robots/r1/rgb/00187.png	9ff2e0533ae42b47c411411df628757351af235ff8827056e5819a9c16a60890	34652
raw	zone_wide_corridor_final_v3/robots/r1/rgb/00188.png	9ff2e0533ae42b47c411411df628757351af235ff8827056e5819a9c16a60890	34652
raw	zone_wide_corridor_final_v3/robots/r1/rgb/00189.png	33a9fbd84c900d89b44b255b461c59a044031bbe16418307a730314d768de2d9	34606
raw	zone_wide_corridor_final_v3/robots/r1/rgb/00190.png	a0d51113451a0697808866e787307bc8a63bce834df624735f4916fce68a28f2	34595
raw	zone_wide_corridor_final_v3/robots/r1/rgb/00191.png	f5b7dd0bcf1c0ca6a0959fb5b7ea2d21182bde7c2a88cfc91dc14d46c7c6b7d4	34643
raw	zone_wide_corridor_final_v3/robots/r1/rgb/00192.png	3cc56971f5a70c70dd78ac3285f241049e56c8817161aa68d210f0e76e4bc767	34604
raw	zone_wide_corridor_final_v3/robots/r1/rgb/00193.png	8aab2767bd2d5dbfcea74142d84675f930ca5f1deb8db02a8204bc7b9b285472	34621
raw	zone_wide_corridor_final_v3/robots/r1/rgb/00194.png	f5b7dd0bcf1c0ca6a0959fb5b7ea2d21182bde7c2a88cfc91dc14d46c7c6b7d4	34643
raw	zone_wide_corridor_final_v3/robots/r1/rgb/00195.png	f116b21a5456014cf0b320ff5b1340b8c354a631cf109cb09f8fbcde68a7773a	34609
raw	zone_wide_corridor_final_v3/robots/r1/rgb/00196.png	0004077cb47cc9e21f37a0e1df236a2d5668a2a5985f8110c6b39a584ff1154d	27385
raw	zone_wide_corridor_final_v3/robots/r1/rgb/00197.png	0ac0e41fe798fb410d9a79844e4ca991c16688fb7b0f7362b21fa45bc63445d5	27588
raw	zone_wide_corridor_final_v3/robots/r1/rgb/00198.png	d9e18965ab0e1769865acb473403d64cf3d96d59921a16d6b2aa2f7fff214a42	27421
raw	zone_wide_corridor_final_v3/robots/r1/rgb/00199.png	a1a8207bead62fbe9c1609905c37d75c3c5a26af31541009096e45583d8f8be9	27461
raw	zone_wide_corridor_final_v3/robots/r1/rgb/00200.png	93dae3d1fa7fe26ae5cd9435e3bcd40f6f209a543e58674b697cb74748edd6c4	27471
raw	zone_wide_corridor_final_v3/robots/r1/rgb/00201.png	69676f81ae3d2c75894b93681d9256991e6f2f1187647f5db5f1b374dd18dba5	27459
raw	zone_wide_corridor_final_v3/robots/r1/rgb/00202.png	2895bec127448e0884e04f7f577b9eaa20382b55b01bd622e97491ad98c6c90c	27457
raw	zone_wide_corridor_final_v3/robots/r1/rgb/00203.png	a76d5f1f6458252ae0934de9a668c384cfb6d2b2c352163fb8d4115f5f15e729	27470
raw	zone_wide_corridor_final_v3/robots/r1/rgb/00204.png	6b6b5f990baf830ee94d3dd75f5801bd0b4c8e3fe7d90e9ebbb9dc589bec8bfa	27457
raw	zone_wide_corridor_final_v3/robots/r1/rgb/00205.png	c9659ac73f7197129582bd4b84dea6b3a3b52a46693a8d83a57a7a29163f3b27	27477
raw	zone_wide_corridor_final_v3/robots/r1/rgb/00206.png	b853ce4c27cb7dc0d2b1ee029ff284d92569345247168165a240a9ae2d577b54	27462
raw	zone_wide_corridor_final_v3/robots/r1/rgb/00207.png	789c780ea630a54a8503e9b8e30dfbe8725447d11c9a4b1a32131e5676bfc737	27474
raw	zone_wide_corridor_final_v3/robots/r1/rgb/00208.png	66d7fdc8350359fc05842e54b2ce1871fbe03da9cc619ebddf4a08ba1f3dd74b	27438
raw	zone_wide_corridor_final_v3/robots/r1/rgb/00209.png	66d7fdc8350359fc05842e54b2ce1871fbe03da9cc619ebddf4a08ba1f3dd74b	27438
raw	zone_wide_corridor_final_v3/robots/r1/rgb/00210.png	66d7fdc8350359fc05842e54b2ce1871fbe03da9cc619ebddf4a08ba1f3dd74b	27438
raw	zone_wide_corridor_final_v3/robots/r1/rgb/00211.png	87bd4b013ee27b3bf03fda43b0f513f09f51fdb564ee2e4211e3ab774066e41a	26202
raw	zone_wide_corridor_final_v3/robots/r1/rgb/00212.png	ada8988fcc61ca99dbf1ec91942cc38649337245fe7bf5802e0bd99f2defee4a	25944
raw	zone_wide_corridor_final_v3/robots/r1/rgb/00213.png	98d539a7caf63bd3e6d20a3fb2cc885815980cdeb385749c5f97b19470e92ea1	26047
raw	zone_wide_corridor_final_v3/robots/r1/rgb/00214.png	e1bb919cc6f5aa5bbf33793dabe124f1be4c8291e39f9ff1a5f06f2851256e5a	26066
raw	zone_wide_corridor_final_v3/robots/r1/rgb/00215.png	0479335674e4b08650091e2763836f9c2c3d7923cefcc6c4d756f6ff263fd8bb	26065
raw	zone_wide_corridor_final_v3/robots/r1/rgb/00216.png	e8ac080e3891762c4c120d0271c98c50975974682a797a29985e3d3d65305a14	26053
raw	zone_wide_corridor_final_v3/robots/r1/rgb/00217.png	c5544d588a32b1cc167a7a62f9a2a0bce86c814dee0920c17f9fd57032c9c8f2	26052
raw	zone_wide_corridor_final_v3/robots/r1/rgb/00218.png	e8ac080e3891762c4c120d0271c98c50975974682a797a29985e3d3d65305a14	26053
raw	zone_wide_corridor_final_v3/robots/r1/rgb/00219.png	e8ac080e3891762c4c120d0271c98c50975974682a797a29985e3d3d65305a14	26053
raw	zone_wide_corridor_final_v3/robots/r1/rgb/00220.png	e8ac080e3891762c4c120d0271c98c50975974682a797a29985e3d3d65305a14	26053
raw	zone_wide_corridor_final_v3/robots/r1/rgb/00221.png	e8ac080e3891762c4c120d0271c98c50975974682a797a29985e3d3d65305a14	26053
raw	zone_wide_corridor_final_v3/robots/r1/rgb/00222.png	e8ac080e3891762c4c120d0271c98c50975974682a797a29985e3d3d65305a14	26053
raw	zone_wide_corridor_final_v3/robots/r1/rgb/00223.png	e8ac080e3891762c4c120d0271c98c50975974682a797a29985e3d3d65305a14	26053
raw	zone_wide_corridor_final_v3/robots/r1/rgb/00224.png	e8ac080e3891762c4c120d0271c98c50975974682a797a29985e3d3d65305a14	26053
raw	zone_wide_corridor_final_v3/robots/r1/rgb/00225.png	e8ac080e3891762c4c120d0271c98c50975974682a797a29985e3d3d65305a14	26053
raw	zone_wide_corridor_final_v3/robots/r1/rgb/00226.png	ba756d8aa7d184c282e38cfe991b69fe7a5ea514cef07f17df1315215c4ee4af	28862
raw	zone_wide_corridor_final_v3/robots/r1/rgb/00227.png	61224c23fe2b577cd3703ab4b2c9d47f1374947a12b0181a557bb64f1e0e3103	33170
raw	zone_wide_corridor_final_v3/robots/r1/rgb/00228.png	e6c09a824afd0d16261051edb38215a6cccbb1d1c935369c2f6e3cd26d90559b	31619
raw	zone_wide_corridor_final_v3/robots/r1/rgb/00229.png	7566353add7b9fc1582a5d788de8337b8810bbbe7e5b0fb34e74436c2784b3b8	31590
raw	zone_wide_corridor_final_v3/robots/r1/rgb/00230.png	d8c080d5c88efc9864731ad8f7b654f1be2a5b3d978adbc1a33b214ce177094e	31570
raw	zone_wide_corridor_final_v3/robots/r1/rgb/00231.png	c1bb6e200066d6907792a40cbaf95c82413746f3fe96670038ce1701ba5b6060	31792
raw	zone_wide_corridor_final_v3/robots/r1/rgb/00232.png	8f14b815bf5b708f17961b1ca0dbdba740206d6fc3744255ebe39da7f90422ec	31750
raw	zone_wide_corridor_final_v3/robots/r1/rgb/00233.png	8f14b815bf5b708f17961b1ca0dbdba740206d6fc3744255ebe39da7f90422ec	31750
raw	zone_wide_corridor_final_v3/robots/r1/rgb/00234.png	8f14b815bf5b708f17961b1ca0dbdba740206d6fc3744255ebe39da7f90422ec	31750
raw	zone_wide_corridor_final_v3/robots/r1/rgb/00235.png	8f14b815bf5b708f17961b1ca0dbdba740206d6fc3744255ebe39da7f90422ec	31750
raw	zone_wide_corridor_final_v3/robots/r1/rgb/00236.png	8f14b815bf5b708f17961b1ca0dbdba740206d6fc3744255ebe39da7f90422ec	31750
raw	zone_wide_corridor_final_v3/robots/r1/rgb/00237.png	8f14b815bf5b708f17961b1ca0dbdba740206d6fc3744255ebe39da7f90422ec	31750
raw	zone_wide_corridor_final_v3/robots/r1/rgb/00238.png	8f14b815bf5b708f17961b1ca0dbdba740206d6fc3744255ebe39da7f90422ec	31750
raw	zone_wide_corridor_final_v3/robots/r1/rgb/00239.png	8f14b815bf5b708f17961b1ca0dbdba740206d6fc3744255ebe39da7f90422ec	31750
raw	zone_wide_corridor_final_v3/robots/r1/rgb/00240.png	8f14b815bf5b708f17961b1ca0dbdba740206d6fc3744255ebe39da7f90422ec	31750
raw	zone_wide_corridor_final_v3/robots/r1/rgb/00241.png	2b968206046f956a2b78a340a5eca23a2be64b7c4c64a4524b1b812c778da50c	24078
raw	zone_wide_corridor_final_v3/robots/r1/rgb/00242.png	d6e1630ba689129ff7b12135d78a69361ab330444a383dfd69a6d37d58bb6d35	22134
raw	zone_wide_corridor_final_v3/robots/r1/rgb/00243.png	62bffad3f2e6f6b8a70a612644b2e9b4dbf96558c6f9b0c940db0c6b54cb71a0	21897
raw	zone_wide_corridor_final_v3/robots/r1/rgb/00244.png	16e084dca077ac5352d79a40ec7369784dcd478977df047d3dc7972e098b8aa0	22122
raw	zone_wide_corridor_final_v3/robots/r1/rgb/00245.png	6870895881063698f880f74e12d7d8edfaa7312fa7e676b002bf2d40c32aceaa	21986
raw	zone_wide_corridor_final_v3/robots/r1/rgb/00246.png	61b959080d70e182434a23c01df0ab6b28ba0165d496fb51c0e6dc102e679933	21998
raw	zone_wide_corridor_final_v3/robots/r1/rgb/00247.png	2dc763b8620899f26319971ffb702c96d8222da8a712a0cc4632f3c14b45a1c7	21992
raw	zone_wide_corridor_final_v3/robots/r1/rgb/00248.png	2dc763b8620899f26319971ffb702c96d8222da8a712a0cc4632f3c14b45a1c7	21992
raw	zone_wide_corridor_final_v3/robots/r1/rgb/00249.png	72010f3131213aac5d22f34682eb305f9be09481bfd598ae0c7878f7873f9b77	22007
raw	zone_wide_corridor_final_v3/robots/r1/rgb/00250.png	72010f3131213aac5d22f34682eb305f9be09481bfd598ae0c7878f7873f9b77	22007
raw	zone_wide_corridor_final_v3/robots/r1/rgb/00251.png	72010f3131213aac5d22f34682eb305f9be09481bfd598ae0c7878f7873f9b77	22007
raw	zone_wide_corridor_final_v3/robots/r1/rgb/00252.png	72010f3131213aac5d22f34682eb305f9be09481bfd598ae0c7878f7873f9b77	22007
raw	zone_wide_corridor_final_v3/robots/r1/rgb/00253.png	72010f3131213aac5d22f34682eb305f9be09481bfd598ae0c7878f7873f9b77	22007
raw	zone_wide_corridor_final_v3/robots/r1/rgb/00254.png	72010f3131213aac5d22f34682eb305f9be09481bfd598ae0c7878f7873f9b77	22007
raw	zone_wide_corridor_final_v3/robots/r1/rgb/00255.png	72010f3131213aac5d22f34682eb305f9be09481bfd598ae0c7878f7873f9b77	22007
raw	zone_wide_corridor_final_v3/robots/r1/rgb/00256.png	6da2786b6d200eba7065d62558a932ecccc0adbbe6c15a7fd4acc9d240dee79e	25034
raw	zone_wide_corridor_final_v3/robots/r1/rgb/00257.png	78ebdcaf3c465c8bc1d46094c10f7cfb0946eb5eb73b7a02e59cf481353a9a4a	25058
raw	zone_wide_corridor_final_v3/robots/r1/rgb/00258.png	93fd3a48c87d23784fbbf88ff3171f67a9c2848cbca6889b70718737ee184672	24981
raw	zone_wide_corridor_final_v3/robots/r1/rgb/00259.png	302430aebb9d186d1eaaee26d6a5539bd6c6ee3ad4b6b5431f364fdb6bd84398	25030
raw	zone_wide_corridor_final_v3/robots/r1/rgb/00260.png	4b10c560b00131807b5932a8a0ee511bcc08c454c9ee95fc59fc52f28d8766c6	25002
raw	zone_wide_corridor_final_v3/robots/r1/rgb/00261.png	b5a456ba3ebd95e1cb38c2e9bca2933c60c289a91924b4f27799323d4c6b6a4b	25010
raw	zone_wide_corridor_final_v3/robots/r1/rgb/00262.png	5111aa1dcb28b7ac769939f7a24e5e928d8965f075cf25e9f7d812fb4eb55cc9	24997
raw	zone_wide_corridor_final_v3/robots/r1/rgb/00263.png	b5a456ba3ebd95e1cb38c2e9bca2933c60c289a91924b4f27799323d4c6b6a4b	25010
raw	zone_wide_corridor_final_v3/robots/r1/rgb/00264.png	fb919060b2c8151befb542fea9e816e73ed9ba97c4095b60dc77a03e99ed0509	25012
raw	zone_wide_corridor_final_v3/robots/r1/rgb/00265.png	fb919060b2c8151befb542fea9e816e73ed9ba97c4095b60dc77a03e99ed0509	25012
raw	zone_wide_corridor_final_v3/robots/r1/rgb/00266.png	b5a456ba3ebd95e1cb38c2e9bca2933c60c289a91924b4f27799323d4c6b6a4b	25010
raw	zone_wide_corridor_final_v3/robots/r1/rgb/00267.png	b5a456ba3ebd95e1cb38c2e9bca2933c60c289a91924b4f27799323d4c6b6a4b	25010
raw	zone_wide_corridor_final_v3/robots/r1/rgb/00268.png	b5a456ba3ebd95e1cb38c2e9bca2933c60c289a91924b4f27799323d4c6b6a4b	25010
raw	zone_wide_corridor_final_v3/robots/r1/rgb/00269.png	2209d8a94396094adccb6c4e7255486a4f12e2230de33b72ca06ab0b95a6ea52	25000
raw	zone_wide_corridor_final_v3/robots/r1/rgb/00270.png	2209d8a94396094adccb6c4e7255486a4f12e2230de33b72ca06ab0b95a6ea52	25000
raw	zone_wide_corridor_final_v3/robots/r1/rgb/00271.png	feb0234015fe9ef951e2872d2f1598b5e6f4772afa32ea4cb8a77079cad6e57e	29667
raw	zone_wide_corridor_final_v3/robots/r1/rgb/00272.png	3ef94dc7eec238d993336acf4f4801e3f2e374126dfbb02be977147a3f255b19	29721
raw	zone_wide_corridor_final_v3/robots/r1/rgb/00273.png	82e1503d151b8a9587da75b69d9829ee7bc6e260b3799daa91cfbe8225af5582	29809
raw	zone_wide_corridor_final_v3/robots/r1/rgb/00274.png	bd0dd2669fa6b9aa9344eeb6946a56638780df0aafec8a08aabbdf8a6d714ed4	29814
raw	zone_wide_corridor_final_v3/robots/r1/rgb/00275.png	6813934ee28bd50829b8b58261eaca50a8af5888d3c40b3eb8dca9c12c71a194	29796
raw	zone_wide_corridor_final_v3/robots/r1/rgb/00276.png	85232a63f86842cdec833b0bde07148ae78760f2d92efa11ff4f2fbbe55a9919	29794
raw	zone_wide_corridor_final_v3/robots/r1/rgb/00277.png	df4eef51ed2190c7fd3c53618ac76f819e2f3092b33687f8b55fabb0c1dcd1f3	29797
raw	zone_wide_corridor_final_v3/robots/r1/rgb/00278.png	df4eef51ed2190c7fd3c53618ac76f819e2f3092b33687f8b55fabb0c1dcd1f3	29797
raw	zone_wide_corridor_final_v3/robots/r1/rgb/00279.png	df4eef51ed2190c7fd3c53618ac76f819e2f3092b33687f8b55fabb0c1dcd1f3	29797
raw	zone_wide_corridor_final_v3/robots/r1/rgb/00280.png	df4eef51ed2190c7fd3c53618ac76f819e2f3092b33687f8b55fabb0c1dcd1f3	29797
raw	zone_wide_corridor_final_v3/robots/r1/rgb/00281.png	df4eef51ed2190c7fd3c53618ac76f819e2f3092b33687f8b55fabb0c1dcd1f3	29797
raw	zone_wide_corridor_final_v3/robots/r1/rgb/00282.png	df4eef51ed2190c7fd3c53618ac76f819e2f3092b33687f8b55fabb0c1dcd1f3	29797
raw	zone_wide_corridor_final_v3/robots/r1/rgb/00283.png	df4eef51ed2190c7fd3c53618ac76f819e2f3092b33687f8b55fabb0c1dcd1f3	29797
raw	zone_wide_corridor_final_v3/robots/r1/rgb/00284.png	df4eef51ed2190c7fd3c53618ac76f819e2f3092b33687f8b55fabb0c1dcd1f3	29797
raw	zone_wide_corridor_final_v3/robots/r1/rgb/00285.png	df4eef51ed2190c7fd3c53618ac76f819e2f3092b33687f8b55fabb0c1dcd1f3	29797
raw	zone_wide_corridor_final_v3/robots/r1/rgb/00286.png	ec75f6a7f4e06f6dfadb29e1aa0643196e4c9f0ad9ec1cee250e7205d1061968	33196
raw	zone_wide_corridor_final_v3/robots/r1/rgb/00287.png	0f448317d26b3e45615818b80f95e554fc1913e58ce49f085137754c9e2f3ff8	33097
raw	zone_wide_corridor_final_v3/robots/r1/rgb/00288.png	6b59440d73e4c7fcd24c78bb8817f5db545d6259ef9039644ee0541ba61be9d5	33164
raw	zone_wide_corridor_final_v3/robots/r1/rgb/00289.png	5120d58b55195eeee2b74bdfebff2e1eda2aad3d103a7ca274ce8ce1ec70404d	33160
raw	zone_wide_corridor_final_v3/robots/r1/rgb/00290.png	42ec10b5fb3c985557c4eeb2bdfab221caad741f280ca14a7b91e319dfe99602	33176
raw	zone_wide_corridor_final_v3/robots/r1/rgb/00291.png	b55cc8a04ab620707a30ba2c44810171cb7779cafba9fb6215e07a311fd8dfe0	33180
raw	zone_wide_corridor_final_v3/robots/r1/rgb/00292.png	e646a8fa6461ea8674a1747d9a2eac99ad71b4f4860a7ee020e7ed756c776a37	33171
raw	zone_wide_corridor_final_v3/robots/r1/rgb/00293.png	e646a8fa6461ea8674a1747d9a2eac99ad71b4f4860a7ee020e7ed756c776a37	33171
raw	zone_wide_corridor_final_v3/robots/r1/rgb/00294.png	41cdc96481e23a841c362198388325fb90c86edb24401b15664eb04d89b121a3	33170
raw	zone_wide_corridor_final_v3/robots/r1/rgb/00295.png	b55cc8a04ab620707a30ba2c44810171cb7779cafba9fb6215e07a311fd8dfe0	33180
raw	zone_wide_corridor_final_v3/robots/r1/rgb/00296.png	166d96e9d7f2bb1c781c0b65adc21c2498bdd4427ce465487ded3f53c883e60e	33148
raw	zone_wide_corridor_final_v3/robots/r1/rgb/00297.png	bba4e4d75aa585868d2bae7022712001c6026ff998f3a8d6503ccb468821bc1b	33160
raw	zone_wide_corridor_final_v3/robots/r1/rgb/00298.png	bba4e4d75aa585868d2bae7022712001c6026ff998f3a8d6503ccb468821bc1b	33160
raw	zone_wide_corridor_final_v3/robots/r1/rgb/00299.png	cf91ecf32c98932002dfe0f991b633b9951bbc17d87b5f9dca8fd20f52e615c1	33180
raw	zone_wide_corridor_final_v3/robots/r1/rgb/00300.png	166d96e9d7f2bb1c781c0b65adc21c2498bdd4427ce465487ded3f53c883e60e	33148
raw	zone_wide_corridor_final_v3/robots/r1/rgb/00301.png	0ce2e9b8ea433fb0d245a426b63fc8ced6ad49aa401f4ea13e1ef8bfde355e46	28255
raw	zone_wide_corridor_final_v3/robots/r1/rgb/00302.png	4e556557cfe081aa08ec65a934b2b52dfeafe2a2897ab7e1055b32b6f1d8d539	22929
raw	zone_wide_corridor_final_v3/robots/r1/rgb/00303.png	c8280f8b691fb8fa876aae71eeab9cb4823895eeefea9ca0d7c8a550e68b349a	31013
raw	zone_wide_corridor_final_v3/robots/r1/rgb/00304.png	f459fd3c6feb69058ca99133e27da5c1c09ba49ba2db4be3d80976b53aa3c6ca	30951
raw	zone_wide_corridor_final_v3/robots/r1/rgb/00305.png	2875ec37305b47ce9ceb86a0e2bda5b6c70f2bebb16933144647753f17064097	30803
raw	zone_wide_corridor_final_v3/robots/r1/rgb/00306.png	4a3c9c16505a3df5c0698a2a0729490c49253f5e9509fbcc8e82a610b145a722	30808
raw	zone_wide_corridor_final_v3/robots/r1/rgb/00307.png	3b23a683d80925f76a34504029109f7e4bffaa5955c0b49c3720107f7540f8d0	30794
raw	zone_wide_corridor_final_v3/robots/r1/rgb/00308.png	3b23a683d80925f76a34504029109f7e4bffaa5955c0b49c3720107f7540f8d0	30794
raw	zone_wide_corridor_final_v3/robots/r1/rgb/00309.png	3b23a683d80925f76a34504029109f7e4bffaa5955c0b49c3720107f7540f8d0	30794
raw	zone_wide_corridor_final_v3/robots/r1/rgb/00310.png	3b23a683d80925f76a34504029109f7e4bffaa5955c0b49c3720107f7540f8d0	30794
raw	zone_wide_corridor_final_v3/robots/r1/rgb/00311.png	3b23a683d80925f76a34504029109f7e4bffaa5955c0b49c3720107f7540f8d0	30794
raw	zone_wide_corridor_final_v3/robots/r1/rgb/00312.png	3b23a683d80925f76a34504029109f7e4bffaa5955c0b49c3720107f7540f8d0	30794
raw	zone_wide_corridor_final_v3/robots/r1/rgb/00313.png	3b23a683d80925f76a34504029109f7e4bffaa5955c0b49c3720107f7540f8d0	30794
raw	zone_wide_corridor_final_v3/robots/r1/rgb/00314.png	3b23a683d80925f76a34504029109f7e4bffaa5955c0b49c3720107f7540f8d0	30794
raw	zone_wide_corridor_final_v3/robots/r1/rgb/00315.png	3b23a683d80925f76a34504029109f7e4bffaa5955c0b49c3720107f7540f8d0	30794
raw	zone_wide_corridor_final_v3/robots/r1/rgb/00316.png	59680121517aad45867f6f6aa1f7f2c6d6de8b39937059a4ee6d18de7ca527c7	25684
raw	zone_wide_corridor_final_v3/robots/r1/rgb/00317.png	f0232cdba0092fee780e223dc74d34530850a53f0d9d706744a6d02516d15efa	25785
raw	zone_wide_corridor_final_v3/robots/r1/rgb/00318.png	b4eddf7cdb2bd2b472382ffd7f8ee3d1ef25046efdd926932192124d1c3768ed	25734
raw	zone_wide_corridor_final_v3/robots/r1/rgb/00319.png	fc9db6b4d57a049e628e0ff81927c6c7f2d62277a5b1954d3d364620963bc8db	25705
raw	zone_wide_corridor_final_v3/robots/r1/rgb/00320.png	decc293c3215d009ab813784185e54fbbde51413ed6bf9c67014e2f1f6002f46	25692
raw	zone_wide_corridor_final_v3/robots/r1/rgb/00321.png	c64b3d4800b9277b3e3b8e04cdf11121a06db06ab307411a1326889a9e0fafe6	25703
raw	zone_wide_corridor_final_v3/robots/r1/rgb/00322.png	c64b3d4800b9277b3e3b8e04cdf11121a06db06ab307411a1326889a9e0fafe6	25703
raw	zone_wide_corridor_final_v3/robots/r1/rgb/00323.png	c64b3d4800b9277b3e3b8e04cdf11121a06db06ab307411a1326889a9e0fafe6	25703
raw	zone_wide_corridor_final_v3/robots/r1/rgb/00324.png	c64b3d4800b9277b3e3b8e04cdf11121a06db06ab307411a1326889a9e0fafe6	25703
raw	zone_wide_corridor_final_v3/robots/r1/rgb/00325.png	c64b3d4800b9277b3e3b8e04cdf11121a06db06ab307411a1326889a9e0fafe6	25703
raw	zone_wide_corridor_final_v3/robots/r1/rgb/00326.png	c64b3d4800b9277b3e3b8e04cdf11121a06db06ab307411a1326889a9e0fafe6	25703
raw	zone_wide_corridor_final_v3/robots/r1/rgb/00327.png	c64b3d4800b9277b3e3b8e04cdf11121a06db06ab307411a1326889a9e0fafe6	25703
raw	zone_wide_corridor_final_v3/robots/r1/rgb/00328.png	c64b3d4800b9277b3e3b8e04cdf11121a06db06ab307411a1326889a9e0fafe6	25703
raw	zone_wide_corridor_final_v3/robots/r1/rgb/00329.png	c64b3d4800b9277b3e3b8e04cdf11121a06db06ab307411a1326889a9e0fafe6	25703
raw	zone_wide_corridor_final_v3/robots/r1/rgb/00330.png	c64b3d4800b9277b3e3b8e04cdf11121a06db06ab307411a1326889a9e0fafe6	25703
raw	zone_wide_corridor_final_v3/robots/r1/rgb/00331.png	82852a143fabf03ecb18e2a42898a82ef7c04f4597f68ff50f80a98fd50e2a98	18053
raw	zone_wide_corridor_final_v3/robots/r1/rgb/00332.png	144438db349537ddb3ad4a9572588b4a8de00d8118d94f0369da4da3614f70a0	17683
raw	zone_wide_corridor_final_v3/robots/r1/rgb/00333.png	d15b7db71c06f80ed8b50fceb6cf8930e6730fe99a11741da84516e0d72b04cd	17702
raw	zone_wide_corridor_final_v3/robots/r1/rgb/00334.png	160bfb6a0ef954c7a553d201571916f9f7c72afb17f50b415c8a2b68cf020218	17744
raw	zone_wide_corridor_final_v3/robots/r1/rgb/00335.png	1e7635f34611ba148655cce7730c161bdaab40f1d3b8338edc8bfcf1e4f0a0e5	17763
raw	zone_wide_corridor_final_v3/robots/r1/rgb/00336.png	508d67b93746935c8b57f3cd87a3bbf18cd3961e66a08be38c62a56130038619	17769
raw	zone_wide_corridor_final_v3/robots/r1/rgb/00337.png	a5819a085688a81d3788f0de69dcd1ba85b0043a2282b94764f8773bff875550	17755
raw	zone_wide_corridor_final_v3/robots/r1/rgb/00338.png	04bccbdbb95dbf6ce5d44da0108b0928b7bdecdd048aeacd97bce0bb6642a0c4	17756
raw	zone_wide_corridor_final_v3/robots/r1/rgb/00339.png	f20d852743a1954f7b4c819a3a939cbf2990d4a41514806ecefd43f464ee0a48	17810
raw	zone_wide_corridor_final_v3/robots/r1/rgb/00340.png	61199938c1be1afbc58d5173151f6d1f54c7250f11a8b23f149632765175aa5c	17764
raw	zone_wide_corridor_final_v3/robots/r1/rgb/00341.png	508d67b93746935c8b57f3cd87a3bbf18cd3961e66a08be38c62a56130038619	17769
raw	zone_wide_corridor_final_v3/robots/r1/rgb/00342.png	04bccbdbb95dbf6ce5d44da0108b0928b7bdecdd048aeacd97bce0bb6642a0c4	17756
raw	zone_wide_corridor_final_v3/robots/r1/rgb/00343.png	04bccbdbb95dbf6ce5d44da0108b0928b7bdecdd048aeacd97bce0bb6642a0c4	17756
raw	zone_wide_corridor_final_v3/robots/r1/rgb/00344.png	04bccbdbb95dbf6ce5d44da0108b0928b7bdecdd048aeacd97bce0bb6642a0c4	17756
raw	zone_wide_corridor_final_v3/robots/r1/rgb/00345.png	04bccbdbb95dbf6ce5d44da0108b0928b7bdecdd048aeacd97bce0bb6642a0c4	17756
raw	zone_wide_corridor_final_v3/robots/r1/rgb/00346.png	dc3b6e2aac789e3a9464fd225b3914e596783f48185e7547b8906c438593416a	28363
raw	zone_wide_corridor_final_v3/robots/r1/rgb/00347.png	e03376baf9020b27a7a50f7f5138de3fbc61f2e8460135932ed781b6ae8d7c5c	23345
raw	zone_wide_corridor_final_v3/robots/r1/rgb/00348.png	cfdf6019ee93143497fd059f9eaab89e4aad228a6daea05876b2e332d595eb0b	22227
raw	zone_wide_corridor_final_v3/robots/r1/rgb/00349.png	e096e31fb46e47d60d3650a773e45fd9ade00d0e427a6a4259997aae9eb2b149	22288
raw	zone_wide_corridor_final_v3/robots/r1/rgb/00350.png	d3f2592a30d732085e43c6de8dcd60ea883a1c10bc41782e88517519917003cc	22248
raw	zone_wide_corridor_final_v3/robots/r1/rgb/00351.png	41db0b85702a94dd037ae3356b587864424f466fa4065d998312c493909ba5f6	22249
raw	zone_wide_corridor_final_v3/robots/r1/rgb/00352.png	0dca553fc9130c129db50b463ba8089e467d26505c68db8ee6cf32558973bf0c	22270
raw	zone_wide_corridor_final_v3/robots/r1/rgb/00353.png	0dca553fc9130c129db50b463ba8089e467d26505c68db8ee6cf32558973bf0c	22270
raw	zone_wide_corridor_final_v3/robots/r1/rgb/00354.png	0dca553fc9130c129db50b463ba8089e467d26505c68db8ee6cf32558973bf0c	22270
raw	zone_wide_corridor_final_v3/robots/r1/rgb/00355.png	0dca553fc9130c129db50b463ba8089e467d26505c68db8ee6cf32558973bf0c	22270
raw	zone_wide_corridor_final_v3/robots/r1/rgb/00356.png	0dca553fc9130c129db50b463ba8089e467d26505c68db8ee6cf32558973bf0c	22270
raw	zone_wide_corridor_final_v3/robots/r1/rgb/00357.png	0dca553fc9130c129db50b463ba8089e467d26505c68db8ee6cf32558973bf0c	22270
raw	zone_wide_corridor_final_v3/robots/r1/rgb/00358.png	0dca553fc9130c129db50b463ba8089e467d26505c68db8ee6cf32558973bf0c	22270
raw	zone_wide_corridor_final_v3/robots/r1/rgb/00359.png	0dca553fc9130c129db50b463ba8089e467d26505c68db8ee6cf32558973bf0c	22270
raw	zone_wide_corridor_final_v3/robots/r1/rgb/00360.png	0dca553fc9130c129db50b463ba8089e467d26505c68db8ee6cf32558973bf0c	22270
raw	zone_wide_corridor_final_v3/robots/r1/rgb/00361.png	c569c5091c8af7179df2f4efc8cf88531f7abc3ba58ac6b00e5941c6c0ccef10	22195
raw	zone_wide_corridor_final_v3/robots/r1/rgb/00362.png	81995b8568f1726a3ae2fb5cbc0a1dab8d9170d8118a10767900b47c4dac34a4	21986
raw	zone_wide_corridor_final_v3/robots/r1/rgb/00363.png	eced7bce809eebf0c8bf0ab008c9f8f7da8515d77fd50d7047b5faddd0104c14	21898
raw	zone_wide_corridor_final_v3/robots/r1/rgb/00364.png	e4e5eb33e7c12a8d5c6f53f0fb42e1609998412c8d3991715ca0cb172be70ac8	22102
raw	zone_wide_corridor_final_v3/robots/r1/rgb/00365.png	126ad77c5ed3b00510bdd066dc62bf2850c80208a8eabbb242e52c53accc517c	22124
raw	zone_wide_corridor_final_v3/robots/r1/rgb/00366.png	4d5f6b114ff0dacd610b128993b906c77f77a1c447303ef5db1f2e6a573d7e8a	22260
raw	zone_wide_corridor_final_v3/robots/r1/rgb/00367.png	43cfe2b1b4d6ab15aca8ab313452aefab5df090041ed2b8f7d6858b440699625	22159
raw	zone_wide_corridor_final_v3/robots/r1/rgb/00368.png	e427252ff40e8e1bab53e73e135fb0bcccc1e98f0d86ab5cce02fd52516457a4	22078
raw	zone_wide_corridor_final_v3/robots/r1/rgb/00369.png	ff4c91f0f4a01f97ac334ab449e65aa2604b124134387307ac17ed8fb4307241	22072
raw	zone_wide_corridor_final_v3/robots/r1/rgb/00370.png	07918b3609631cd3f7a19709600603b69e46769f33ec3713a5b7a45502cf922f	22056
raw	zone_wide_corridor_final_v3/robots/r1/rgb/00371.png	ab78d0d735995daad085083f4ee37e3829bdc2a708392e7feb9d45921b57d77a	22087
raw	zone_wide_corridor_final_v3/robots/r1/rgb/00372.png	ab78d0d735995daad085083f4ee37e3829bdc2a708392e7feb9d45921b57d77a	22087
raw	zone_wide_corridor_final_v3/robots/r1/rgb/00373.png	ab78d0d735995daad085083f4ee37e3829bdc2a708392e7feb9d45921b57d77a	22087
raw	zone_wide_corridor_final_v3/robots/r1/rgb/00374.png	ab78d0d735995daad085083f4ee37e3829bdc2a708392e7feb9d45921b57d77a	22087
raw	zone_wide_corridor_final_v3/robots/r1/rgb/00375.png	ab78d0d735995daad085083f4ee37e3829bdc2a708392e7feb9d45921b57d77a	22087
raw	zone_wide_corridor_final_v3/robots/r1/rgb/00376.png	ab78d0d735995daad085083f4ee37e3829bdc2a708392e7feb9d45921b57d77a	22087
raw	zone_wide_corridor_final_v3/robots/r1/rgb/00377.png	ab78d0d735995daad085083f4ee37e3829bdc2a708392e7feb9d45921b57d77a	22087
raw	zone_wide_corridor_final_v3/robots/r1/rgb/00378.png	ab78d0d735995daad085083f4ee37e3829bdc2a708392e7feb9d45921b57d77a	22087
raw	zone_wide_corridor_final_v3/robots/r1/rgb/00379.png	ab78d0d735995daad085083f4ee37e3829bdc2a708392e7feb9d45921b57d77a	22087
raw	zone_wide_corridor_final_v3/robots/r1/rgb/00380.png	ab78d0d735995daad085083f4ee37e3829bdc2a708392e7feb9d45921b57d77a	22087
raw	zone_wide_corridor_final_v3/robots/r1/rgb/00381.png	ab78d0d735995daad085083f4ee37e3829bdc2a708392e7feb9d45921b57d77a	22087
raw	zone_wide_corridor_final_v3/robots/r1/rgb/00382.png	ab78d0d735995daad085083f4ee37e3829bdc2a708392e7feb9d45921b57d77a	22087
raw	zone_wide_corridor_final_v3/robots/r1/rgb/00383.png	ab78d0d735995daad085083f4ee37e3829bdc2a708392e7feb9d45921b57d77a	22087
raw	zone_wide_corridor_final_v3/robots/r1/rgb/00384.png	ab78d0d735995daad085083f4ee37e3829bdc2a708392e7feb9d45921b57d77a	22087
raw	zone_wide_corridor_final_v3/robots/r1/rgb/00385.png	ab78d0d735995daad085083f4ee37e3829bdc2a708392e7feb9d45921b57d77a	22087
raw	zone_wide_corridor_final_v3/robots/r1/rgb/00386.png	b8f387c738441ed888e8069da4b81485f3a4953bccebcae875db07dd60899e96	22156
raw	zone_wide_corridor_final_v3/robots/r1/rgb/00387.png	488d70622fadacd84a141d9f7f3ab0eb0e49909e71e5ec52de8dd5c298d0d2ee	21984
raw	zone_wide_corridor_final_v3/robots/r1/rgb/00388.png	25522c05ea268907a6a622970f5d74b868f760a2b9dda3df4d16e0bec876ec8b	21928
raw	zone_wide_corridor_final_v3/robots/r1/rgb/00389.png	f6edd2aaefdb2c00a0f52c291bd75d39d09b894d19085d2bb1d2dd89d65721fe	21851
raw	zone_wide_corridor_final_v3/robots/r1/rgb/00390.png	d6866f22945c53221306b6885122a25c3d4cf2401f598febcbeec05038426f93	22180
raw	zone_wide_corridor_final_v3/robots/r1/rgb/00391.png	a144cfd8ac9509131784755e6682051d3fad46e6ac707de79f611b6f34760260	22201
raw	zone_wide_corridor_final_v3/robots/r1/rgb/00392.png	1f2674cc4a8e1d804266e401983767f36a19ddfb8b3e8ca8f59db0e3b9672c9e	22276
raw	zone_wide_corridor_final_v3/robots/r1/rgb/00393.png	33e891663a218404851f00c279f4ce360e0e7e103ddae7507f8e66cf029a5ba0	22252
raw	zone_wide_corridor_final_v3/robots/r1/rgb/00394.png	ab0e48939bf89134fce122a54498eff96de388c153de0d5c4c162d99a38689e3	22243
raw	zone_wide_corridor_final_v3/robots/r1/rgb/00395.png	0dca553fc9130c129db50b463ba8089e467d26505c68db8ee6cf32558973bf0c	22270
raw	zone_wide_corridor_final_v3/robots/r1/rgb/00396.png	0dca553fc9130c129db50b463ba8089e467d26505c68db8ee6cf32558973bf0c	22270
raw	zone_wide_corridor_final_v3/robots/r1/rgb/00397.png	0dca553fc9130c129db50b463ba8089e467d26505c68db8ee6cf32558973bf0c	22270
raw	zone_wide_corridor_final_v3/robots/r1/rgb/00398.png	0dca553fc9130c129db50b463ba8089e467d26505c68db8ee6cf32558973bf0c	22270
raw	zone_wide_corridor_final_v3/robots/r1/rgb/00399.png	0dca553fc9130c129db50b463ba8089e467d26505c68db8ee6cf32558973bf0c	22270
raw	zone_wide_corridor_final_v3/robots/r1/rgb/00400.png	0dca553fc9130c129db50b463ba8089e467d26505c68db8ee6cf32558973bf0c	22270
raw	zone_wide_corridor_final_v3/robots/r1/rgb/00401.png	0dca553fc9130c129db50b463ba8089e467d26505c68db8ee6cf32558973bf0c	22270
raw	zone_wide_corridor_final_v3/robots/r1/rgb/00402.png	0dca553fc9130c129db50b463ba8089e467d26505c68db8ee6cf32558973bf0c	22270
raw	zone_wide_corridor_final_v3/robots/r1/rgb/00403.png	0dca553fc9130c129db50b463ba8089e467d26505c68db8ee6cf32558973bf0c	22270
raw	zone_wide_corridor_final_v3/robots/r1/rgb/00404.png	0dca553fc9130c129db50b463ba8089e467d26505c68db8ee6cf32558973bf0c	22270
raw	zone_wide_corridor_final_v3/robots/r1/rgb/00405.png	0dca553fc9130c129db50b463ba8089e467d26505c68db8ee6cf32558973bf0c	22270
raw	zone_wide_corridor_final_v3/robots/r1/rgb/00406.png	0dca553fc9130c129db50b463ba8089e467d26505c68db8ee6cf32558973bf0c	22270
raw	zone_wide_corridor_final_v3/robots/r1/rgb/00407.png	0dca553fc9130c129db50b463ba8089e467d26505c68db8ee6cf32558973bf0c	22270
raw	zone_wide_corridor_final_v3/robots/r1/rgb/00408.png	0dca553fc9130c129db50b463ba8089e467d26505c68db8ee6cf32558973bf0c	22270
raw	zone_wide_corridor_final_v3/robots/r1/rgb/00409.png	0dca553fc9130c129db50b463ba8089e467d26505c68db8ee6cf32558973bf0c	22270
raw	zone_wide_corridor_final_v3/robots/r1/rgb/00410.png	0dca553fc9130c129db50b463ba8089e467d26505c68db8ee6cf32558973bf0c	22270
raw	zone_wide_corridor_final_v3/robots/r1/rgb/00411.png	e9f878236998ecb74724c7910b6d672aa36d43f68c5b2a926a6200d8114e8eab	22175
raw	zone_wide_corridor_final_v3/robots/r1/rgb/00412.png	7e3c51d16be3c5f612b8f2098b9a5b1e60e6b69aee225a776c2c91eaaa24daff	22056
raw	zone_wide_corridor_final_v3/robots/r1/rgb/00413.png	237c69068a73c5bc1713f0b727574ec305138eb10c40e146d5dd38ed56c8c43b	22132
raw	zone_wide_corridor_final_v3/robots/r1/rgb/00414.png	ba3d4cd44a722f84355ed84d29f0652b1673df16d73580845997816602d0c226	22093
raw	zone_wide_corridor_final_v3/robots/r1/rgb/00415.png	669d57f2cb02cccb8a70220d3f78b134d4582bbf641260c6ac2331f975c486e3	22115
raw	zone_wide_corridor_final_v3/robots/r1/rgb/00416.png	341e571c4d38ff845f287c991d93999db3a65fad31479e16194fd94fc483ac96	21900
raw	zone_wide_corridor_final_v3/robots/r1/rgb/00417.png	20ea81149df52f1f82c6c49e67f4b8de835fe91ddd45203f7294eb6a8ed7c87c	21910
raw	zone_wide_corridor_final_v3/robots/r1/rgb/00418.png	25aea4a96498f013445c6db871434509e9b32b30db35e4dc0fcf5af0bf3e2e64	21891
raw	zone_wide_corridor_final_v3/robots/r1/rgb/00419.png	409b3ec5252c6d4e7a97f49a6e329bf3364f7576fa86e97dbd97f3630caafe6e	21885
raw	zone_wide_corridor_final_v3/robots/r1/rgb/00420.png	85100322b232e82ba487782d8eb486fdcca3930244ac364838fff6850b1bffae	21887
raw	zone_wide_corridor_final_v3/robots/r1/rgb/00421.png	0b06a37fb27d0a4c3d1829e0e0b0cb3995e317b44e497aa7c7965878146b7ff8	21899
raw	zone_wide_corridor_final_v3/robots/r1/rgb/00422.png	1238e0cc094fad3cbc35178a6ab3f7344005783d3b7a2197a557bf5b31c47459	21905
raw	zone_wide_corridor_final_v3/robots/r1/rgb/00423.png	1238e0cc094fad3cbc35178a6ab3f7344005783d3b7a2197a557bf5b31c47459	21905
raw	zone_wide_corridor_final_v3/robots/r1/rgb/00424.png	1238e0cc094fad3cbc35178a6ab3f7344005783d3b7a2197a557bf5b31c47459	21905
raw	zone_wide_corridor_final_v3/robots/r1/rgb/00425.png	1238e0cc094fad3cbc35178a6ab3f7344005783d3b7a2197a557bf5b31c47459	21905
raw	zone_wide_corridor_final_v3/robots/r1/rgb/00426.png	1238e0cc094fad3cbc35178a6ab3f7344005783d3b7a2197a557bf5b31c47459	21905
raw	zone_wide_corridor_final_v3/robots/r1/rgb/00427.png	1238e0cc094fad3cbc35178a6ab3f7344005783d3b7a2197a557bf5b31c47459	21905
raw	zone_wide_corridor_final_v3/robots/r1/rgb/00428.png	1238e0cc094fad3cbc35178a6ab3f7344005783d3b7a2197a557bf5b31c47459	21905
raw	zone_wide_corridor_final_v3/robots/r1/rgb/00429.png	1238e0cc094fad3cbc35178a6ab3f7344005783d3b7a2197a557bf5b31c47459	21905
raw	zone_wide_corridor_final_v3/robots/r1/rgb/00430.png	1238e0cc094fad3cbc35178a6ab3f7344005783d3b7a2197a557bf5b31c47459	21905
raw	zone_wide_corridor_final_v3/robots/r1/rgb/00431.png	1238e0cc094fad3cbc35178a6ab3f7344005783d3b7a2197a557bf5b31c47459	21905
raw	zone_wide_corridor_final_v3/robots/r1/rgb/00432.png	1238e0cc094fad3cbc35178a6ab3f7344005783d3b7a2197a557bf5b31c47459	21905
raw	zone_wide_corridor_final_v3/robots/r1/rgb/00433.png	1238e0cc094fad3cbc35178a6ab3f7344005783d3b7a2197a557bf5b31c47459	21905
raw	zone_wide_corridor_final_v3/robots/r1/rgb/00434.png	1238e0cc094fad3cbc35178a6ab3f7344005783d3b7a2197a557bf5b31c47459	21905
raw	zone_wide_corridor_final_v3/robots/r1/rgb/00435.png	1238e0cc094fad3cbc35178a6ab3f7344005783d3b7a2197a557bf5b31c47459	21905
raw	zone_wide_corridor_final_v3/robots/r1/rgb/00436.png	1fd11f54dc1b1b49e38809b12ca0753e6021b724df76333fcc873d85bdf2d2f7	21899
raw	zone_wide_corridor_final_v3/robots/r1/rgb/00437.png	11c2e9ff772d7685b98a2cb36046d07092a83537ee8036dcdf4f0aa140f9696d	21860
raw	zone_wide_corridor_final_v3/robots/r1/rgb/00438.png	22f454428dd09a9ffb453e539a811c9181d9a9bd32e2c272630579105512ba6f	21896
raw	zone_wide_corridor_final_v3/robots/r1/rgb/00439.png	aeb9673ab956338d48958a4b9b4b27fe654a4e4206bbec5eded1241a152ac17c	22058
raw	zone_wide_corridor_final_v3/robots/r1/rgb/00440.png	18cb6bf3904cc6656159d8ad02930b76473c601dc849c8f80efd9ac8613f960e	22236
raw	zone_wide_corridor_final_v3/robots/r1/rgb/00441.png	5b91f4e44987e1bc2f49cf2f83cbad0cd97fc97aafde3251f715f3dcf2ac885c	22261
raw	zone_wide_corridor_final_v3/robots/r1/rgb/00442.png	31e2b750fff75c4515d0ad09fe8b7e1195358bbdbffb9ea11e3d2ad9474f09bf	22237
raw	zone_wide_corridor_final_v3/robots/r1/rgb/00443.png	e7fd7ab1e598c394bdd9f91fef7fdd1698fd4cbfce7cb6102446bcd17f45f236	22256
raw	zone_wide_corridor_final_v3/robots/r1/rgb/00444.png	fbb8bc8bd4ead3930c362602276ed3efb7aa47e28736d942258c6cefa48d4bd4	22228
raw	zone_wide_corridor_final_v3/robots/r1/rgb/00445.png	82c488fb58d25ac321558b95ea7d0c46ec6f34af39325befdcaf04e9f80eff4e	22236
raw	zone_wide_corridor_final_v3/robots/r1/rgb/00446.png	d62e7d460a41e793f32d3b3e3c77ec1edf7a7597348b4fe107f9db16d9da601c	22247
raw	zone_wide_corridor_final_v3/robots/r1/rgb/00447.png	e7fd7ab1e598c394bdd9f91fef7fdd1698fd4cbfce7cb6102446bcd17f45f236	22256
raw	zone_wide_corridor_final_v3/robots/r1/rgb/00448.png	e7fd7ab1e598c394bdd9f91fef7fdd1698fd4cbfce7cb6102446bcd17f45f236	22256
raw	zone_wide_corridor_final_v3/robots/r1/rgb/00449.png	e7fd7ab1e598c394bdd9f91fef7fdd1698fd4cbfce7cb6102446bcd17f45f236	22256
raw	zone_wide_corridor_final_v3/robots/r1/rgb/00450.png	e7fd7ab1e598c394bdd9f91fef7fdd1698fd4cbfce7cb6102446bcd17f45f236	22256
raw	zone_wide_corridor_final_v3/robots/r1/rgb/00451.png	e7fd7ab1e598c394bdd9f91fef7fdd1698fd4cbfce7cb6102446bcd17f45f236	22256
raw	zone_wide_corridor_final_v3/robots/r1/rgb/00452.png	e7fd7ab1e598c394bdd9f91fef7fdd1698fd4cbfce7cb6102446bcd17f45f236	22256
raw	zone_wide_corridor_final_v3/robots/r1/rgb/00453.png	e7fd7ab1e598c394bdd9f91fef7fdd1698fd4cbfce7cb6102446bcd17f45f236	22256
raw	zone_wide_corridor_final_v3/robots/r1/rgb/00454.png	e7fd7ab1e598c394bdd9f91fef7fdd1698fd4cbfce7cb6102446bcd17f45f236	22256
raw	zone_wide_corridor_final_v3/robots/r1/rgb/00455.png	e7fd7ab1e598c394bdd9f91fef7fdd1698fd4cbfce7cb6102446bcd17f45f236	22256
raw	zone_wide_corridor_final_v3/robots/r1/rgb/00456.png	e7fd7ab1e598c394bdd9f91fef7fdd1698fd4cbfce7cb6102446bcd17f45f236	22256
raw	zone_wide_corridor_final_v3/robots/r1/rgb/00457.png	e7fd7ab1e598c394bdd9f91fef7fdd1698fd4cbfce7cb6102446bcd17f45f236	22256
raw	zone_wide_corridor_final_v3/robots/r1/rgb/00458.png	e7fd7ab1e598c394bdd9f91fef7fdd1698fd4cbfce7cb6102446bcd17f45f236	22256
raw	zone_wide_corridor_final_v3/robots/r1/rgb/00459.png	e7fd7ab1e598c394bdd9f91fef7fdd1698fd4cbfce7cb6102446bcd17f45f236	22256
raw	zone_wide_corridor_final_v3/robots/r1/rgb/00460.png	e7fd7ab1e598c394bdd9f91fef7fdd1698fd4cbfce7cb6102446bcd17f45f236	22256
raw	zone_wide_corridor_final_v3/robots/r1/rgb/00461.png	d096d10e1f5d7d4f7d9c2aa4c10c7ea2e41b595f16402bf3b59f5c2501f353d7	22246
raw	zone_wide_corridor_final_v3/robots/r1/rgb/00462.png	9cc217f3b9566eedfe6b3b05f3ec6036d8b4f5a18ea849cc0969f049b90fc9e9	22639
raw	zone_wide_corridor_final_v3/robots/r1/rgb/00463.png	a652ace0e878b38dfa198d9916bc4e0c580f198e6c27cfc08ef7d7162f4c43f9	22957
raw	zone_wide_corridor_final_v3/robots/r1/rgb/00464.png	24a984f2d18d59b8868acfbb7543b6fdc8232b64162ce133c8fb4e87c6936bde	23309
raw	zone_wide_corridor_final_v3/robots/r1/rgb/00465.png	495e8d4d4f0d36bf3aa249bd9d8b82536293f24a8b38bbb8b353a1435816335e	23495
raw	zone_wide_corridor_final_v3/robots/r1/rgb/00466.png	d7960aeb6099398be1caf188d332d9f223977e065d2a239c1657c504dc8e5103	23545
raw	zone_wide_corridor_final_v3/robots/r1/rgb/00467.png	5518e61b66ace4626c2afb0b5b5e31c2822bd06588b1fe7670fa1e27895569c0	23537
raw	zone_wide_corridor_final_v3/robots/r1/rgb/00468.png	a9411010d23006c435993f03c5bd148febbea3c4546905b0fa0a89044d7781ed	23533
raw	zone_wide_corridor_final_v3/robots/r1/rgb/00469.png	f5fbae064ac437d24fa416d94ab52dd1b1b30a99c035b10eb2aacc22f8724206	23513
raw	zone_wide_corridor_final_v3/robots/r1/rgb/00470.png	69364c43b6426e461ddae4f720ca04e073d74f7e16247adf49215e68934c8985	23530
raw	zone_wide_corridor_final_v3/robots/r1/rgb/00471.png	b1c07873ebc5b261787addfa1761497a0f272fe865a5cf3331e60832a0fc45f0	23525
raw	zone_wide_corridor_final_v3/robots/r1/rgb/00472.png	b1c07873ebc5b261787addfa1761497a0f272fe865a5cf3331e60832a0fc45f0	23525
raw	zone_wide_corridor_final_v3/robots/r1/rgb/00473.png	b1c07873ebc5b261787addfa1761497a0f272fe865a5cf3331e60832a0fc45f0	23525
raw	zone_wide_corridor_final_v3/robots/r1/rgb/00474.png	b1c07873ebc5b261787addfa1761497a0f272fe865a5cf3331e60832a0fc45f0	23525
raw	zone_wide_corridor_final_v3/robots/r1/rgb/00475.png	b1c07873ebc5b261787addfa1761497a0f272fe865a5cf3331e60832a0fc45f0	23525
raw	zone_wide_corridor_final_v3/robots/r1/rgb/00476.png	b1c07873ebc5b261787addfa1761497a0f272fe865a5cf3331e60832a0fc45f0	23525
raw	zone_wide_corridor_final_v3/robots/r1/rgb/00477.png	b1c07873ebc5b261787addfa1761497a0f272fe865a5cf3331e60832a0fc45f0	23525
raw	zone_wide_corridor_final_v3/robots/r1/rgb/00478.png	b1c07873ebc5b261787addfa1761497a0f272fe865a5cf3331e60832a0fc45f0	23525
raw	zone_wide_corridor_final_v3/robots/r1/rgb/00479.png	b1c07873ebc5b261787addfa1761497a0f272fe865a5cf3331e60832a0fc45f0	23525
raw	zone_wide_corridor_final_v3/robots/r1/rgb/00480.png	b1c07873ebc5b261787addfa1761497a0f272fe865a5cf3331e60832a0fc45f0	23525
raw	zone_wide_corridor_final_v3/robots/r1/rgb/00481.png	b1c07873ebc5b261787addfa1761497a0f272fe865a5cf3331e60832a0fc45f0	23525
raw	zone_wide_corridor_final_v3/robots/r1/rgb/00482.png	b1c07873ebc5b261787addfa1761497a0f272fe865a5cf3331e60832a0fc45f0	23525
raw	zone_wide_corridor_final_v3/robots/r1/rgb/00483.png	b1c07873ebc5b261787addfa1761497a0f272fe865a5cf3331e60832a0fc45f0	23525
raw	zone_wide_corridor_final_v3/robots/r1/rgb/00484.png	b1c07873ebc5b261787addfa1761497a0f272fe865a5cf3331e60832a0fc45f0	23525
raw	zone_wide_corridor_final_v3/robots/r1/rgb/00485.png	b1c07873ebc5b261787addfa1761497a0f272fe865a5cf3331e60832a0fc45f0	23525
raw	zone_wide_corridor_final_v3/robots/r1/rgb/00486.png	a7dd16958547661e538fcaf4162d892eace0ef16b2dd0c17f3f0335a87f50dfe	23457
raw	zone_wide_corridor_final_v3/robots/r1/rgb/00487.png	4f9b0a1af4ec4d694d057632d73cd3a591fd71dea4b8b5c50c8f6ffe4025aff4	23305
raw	zone_wide_corridor_final_v3/robots/r1/rgb/00488.png	93a11814546c8ecc0e8ba66a4bb4dd8ba5c170be8fd1129a3b6c239c27395677	22848
raw	zone_wide_corridor_final_v3/robots/r1/rgb/00489.png	ad5f090b26a324bdbb3bb429339d1b7b958f0c31c8b824ed192327ed958f38b0	22515
raw	zone_wide_corridor_final_v3/robots/r1/rgb/00490.png	2ac3a4655ff0231b98d5a8a9fc66974f3966313e15dc11b32d51f1f0b572d1f0	22344
raw	zone_wide_corridor_final_v3/robots/r1/rgb/00491.png	ee9982e4bf0010c2d435d6a5bb9c0a9bc9221e9d071116428efa7747f749cc0a	22266
raw	zone_wide_corridor_final_v3/robots/r1/rgb/00492.png	e8c099b936621cdaae11a912e228d6ac2db5383896ddd8c39e9a3ace4e4bb567	22225
raw	zone_wide_corridor_final_v3/robots/r1/rgb/00493.png	aeca330653c50ccf65b75ab83efc7df5a3a40f725f45ce2be86ae8e6e3ee3304	22223
raw	zone_wide_corridor_final_v3/robots/r1/rgb/00494.png	d5ecc3ca31ccaa6f36aebba69a44b4755ff45ad5727156baf22927e5c456f2f3	22230
raw	zone_wide_corridor_final_v3/robots/r1/rgb/00495.png	553c9da93f756c09160e03e8800ca5af7819e63530278d91b4e2bd3701bae8f6	22228
raw	zone_wide_corridor_final_v3/robots/r1/rgb/00496.png	553c9da93f756c09160e03e8800ca5af7819e63530278d91b4e2bd3701bae8f6	22228
raw	zone_wide_corridor_final_v3/robots/r1/rgb/00497.png	553c9da93f756c09160e03e8800ca5af7819e63530278d91b4e2bd3701bae8f6	22228
raw	zone_wide_corridor_final_v3/robots/r1/rgb/00498.png	553c9da93f756c09160e03e8800ca5af7819e63530278d91b4e2bd3701bae8f6	22228
raw	zone_wide_corridor_final_v3/robots/r1/rgb/00499.png	553c9da93f756c09160e03e8800ca5af7819e63530278d91b4e2bd3701bae8f6	22228
raw	zone_wide_corridor_final_v3/robots/r1/rgb/00500.png	553c9da93f756c09160e03e8800ca5af7819e63530278d91b4e2bd3701bae8f6	22228
raw	zone_wide_corridor_final_v3/robots/r1/rgb/00501.png	553c9da93f756c09160e03e8800ca5af7819e63530278d91b4e2bd3701bae8f6	22228
raw	zone_wide_corridor_final_v3/robots/r1/rgb/00502.png	553c9da93f756c09160e03e8800ca5af7819e63530278d91b4e2bd3701bae8f6	22228
raw	zone_wide_corridor_final_v3/robots/r1/rgb/00503.png	553c9da93f756c09160e03e8800ca5af7819e63530278d91b4e2bd3701bae8f6	22228
raw	zone_wide_corridor_final_v3/robots/r1/rgb/00504.png	553c9da93f756c09160e03e8800ca5af7819e63530278d91b4e2bd3701bae8f6	22228
raw	zone_wide_corridor_final_v3/robots/r1/rgb/00505.png	553c9da93f756c09160e03e8800ca5af7819e63530278d91b4e2bd3701bae8f6	22228
raw	zone_wide_corridor_final_v3/robots/r1/rgb/00506.png	553c9da93f756c09160e03e8800ca5af7819e63530278d91b4e2bd3701bae8f6	22228
raw	zone_wide_corridor_final_v3/robots/r1/rgb/00507.png	553c9da93f756c09160e03e8800ca5af7819e63530278d91b4e2bd3701bae8f6	22228
raw	zone_wide_corridor_final_v3/robots/r1/rgb/00508.png	553c9da93f756c09160e03e8800ca5af7819e63530278d91b4e2bd3701bae8f6	22228
raw	zone_wide_corridor_final_v3/robots/r1/rgb/00509.png	553c9da93f756c09160e03e8800ca5af7819e63530278d91b4e2bd3701bae8f6	22228
raw	zone_wide_corridor_final_v3/robots/r1/rgb/00510.png	553c9da93f756c09160e03e8800ca5af7819e63530278d91b4e2bd3701bae8f6	22228
raw	zone_wide_corridor_final_v3/robots/r1/rgb/00511.png	553c9da93f756c09160e03e8800ca5af7819e63530278d91b4e2bd3701bae8f6	22228
raw	zone_wide_corridor_final_v3/robots/r1/rgb/00512.png	553c9da93f756c09160e03e8800ca5af7819e63530278d91b4e2bd3701bae8f6	22228
raw	zone_wide_corridor_final_v3/robots/r1/rgb/00513.png	553c9da93f756c09160e03e8800ca5af7819e63530278d91b4e2bd3701bae8f6	22228
raw	zone_wide_corridor_final_v3/robots/r1/rgb/00514.png	553c9da93f756c09160e03e8800ca5af7819e63530278d91b4e2bd3701bae8f6	22228
raw	zone_wide_corridor_final_v3/robots/r1/rgb/00515.png	553c9da93f756c09160e03e8800ca5af7819e63530278d91b4e2bd3701bae8f6	22228
raw	zone_wide_corridor_final_v3/robots/r1/rgb/00516.png	553c9da93f756c09160e03e8800ca5af7819e63530278d91b4e2bd3701bae8f6	22228
raw	zone_wide_corridor_final_v3/robots/r1/rgb/00517.png	553c9da93f756c09160e03e8800ca5af7819e63530278d91b4e2bd3701bae8f6	22228
raw	zone_wide_corridor_final_v3/robots/r1/rgb/00518.png	553c9da93f756c09160e03e8800ca5af7819e63530278d91b4e2bd3701bae8f6	22228
raw	zone_wide_corridor_final_v3/robots/r1/rgb/00519.png	553c9da93f756c09160e03e8800ca5af7819e63530278d91b4e2bd3701bae8f6	22228
raw	zone_wide_corridor_final_v3/robots/r1/rgb/00520.png	553c9da93f756c09160e03e8800ca5af7819e63530278d91b4e2bd3701bae8f6	22228
raw	zone_wide_corridor_final_v3/robots/r1/rgb/00521.png	553c9da93f756c09160e03e8800ca5af7819e63530278d91b4e2bd3701bae8f6	22228
raw	zone_wide_corridor_final_v3/robots/r1/rgb/00522.png	553c9da93f756c09160e03e8800ca5af7819e63530278d91b4e2bd3701bae8f6	22228
raw	zone_wide_corridor_final_v3/robots/r1/rgb/00523.png	553c9da93f756c09160e03e8800ca5af7819e63530278d91b4e2bd3701bae8f6	22228
raw	zone_wide_corridor_final_v3/robots/r1/rgb/00524.png	553c9da93f756c09160e03e8800ca5af7819e63530278d91b4e2bd3701bae8f6	22228
raw	zone_wide_corridor_final_v3/robots/r1/rgb/00525.png	553c9da93f756c09160e03e8800ca5af7819e63530278d91b4e2bd3701bae8f6	22228
raw	zone_wide_corridor_final_v3/robots/r1/rgb/00526.png	553c9da93f756c09160e03e8800ca5af7819e63530278d91b4e2bd3701bae8f6	22228
raw	zone_wide_corridor_final_v3/robots/r1/rgb/00527.png	553c9da93f756c09160e03e8800ca5af7819e63530278d91b4e2bd3701bae8f6	22228
raw	zone_wide_corridor_final_v3/robots/r1/rgb/00528.png	553c9da93f756c09160e03e8800ca5af7819e63530278d91b4e2bd3701bae8f6	22228
raw	zone_wide_corridor_final_v3/robots/r1/rgb/00529.png	553c9da93f756c09160e03e8800ca5af7819e63530278d91b4e2bd3701bae8f6	22228
raw	zone_wide_corridor_final_v3/robots/r1/rgb/00530.png	553c9da93f756c09160e03e8800ca5af7819e63530278d91b4e2bd3701bae8f6	22228
raw	zone_wide_corridor_final_v3/robots/r1/rgb/00531.png	553c9da93f756c09160e03e8800ca5af7819e63530278d91b4e2bd3701bae8f6	22228
raw	zone_wide_corridor_final_v3/robots/r1/rgb/00532.png	553c9da93f756c09160e03e8800ca5af7819e63530278d91b4e2bd3701bae8f6	22228
raw	zone_wide_corridor_final_v3/robots/r1/rgb/00533.png	553c9da93f756c09160e03e8800ca5af7819e63530278d91b4e2bd3701bae8f6	22228
raw	zone_wide_corridor_final_v3/robots/r1/rgb/00534.png	553c9da93f756c09160e03e8800ca5af7819e63530278d91b4e2bd3701bae8f6	22228
raw	zone_wide_corridor_final_v3/robots/r1/rgb/00535.png	553c9da93f756c09160e03e8800ca5af7819e63530278d91b4e2bd3701bae8f6	22228
raw	zone_wide_corridor_final_v3/robots/r1/rgb/00536.png	553c9da93f756c09160e03e8800ca5af7819e63530278d91b4e2bd3701bae8f6	22228
raw	zone_wide_corridor_final_v3/robots/r1/rgb/00537.png	553c9da93f756c09160e03e8800ca5af7819e63530278d91b4e2bd3701bae8f6	22228
raw	zone_wide_corridor_final_v3/robots/r1/rgb/00538.png	553c9da93f756c09160e03e8800ca5af7819e63530278d91b4e2bd3701bae8f6	22228
raw	zone_wide_corridor_final_v3/robots/r1/rgb/00539.png	553c9da93f756c09160e03e8800ca5af7819e63530278d91b4e2bd3701bae8f6	22228
raw	zone_wide_corridor_final_v3/robots/r1/rgb/00540.png	553c9da93f756c09160e03e8800ca5af7819e63530278d91b4e2bd3701bae8f6	22228
raw	zone_wide_corridor_final_v3/robots/r1/rgb/00541.png	553c9da93f756c09160e03e8800ca5af7819e63530278d91b4e2bd3701bae8f6	22228
raw	zone_wide_corridor_final_v3/robots/r1/rgb/00542.png	553c9da93f756c09160e03e8800ca5af7819e63530278d91b4e2bd3701bae8f6	22228
raw	zone_wide_corridor_final_v3/robots/r1/rgb/00543.png	553c9da93f756c09160e03e8800ca5af7819e63530278d91b4e2bd3701bae8f6	22228
raw	zone_wide_corridor_final_v3/robots/r1/rgb/00544.png	553c9da93f756c09160e03e8800ca5af7819e63530278d91b4e2bd3701bae8f6	22228
raw	zone_wide_corridor_final_v3/robots/r1/rgb/00545.png	553c9da93f756c09160e03e8800ca5af7819e63530278d91b4e2bd3701bae8f6	22228
raw	zone_wide_corridor_final_v3/robots/r1/rgb/00546.png	553c9da93f756c09160e03e8800ca5af7819e63530278d91b4e2bd3701bae8f6	22228
raw	zone_wide_corridor_final_v3/robots/r1/rgb/00547.png	553c9da93f756c09160e03e8800ca5af7819e63530278d91b4e2bd3701bae8f6	22228
raw	zone_wide_corridor_final_v3/robots/r1/rgb/00548.png	553c9da93f756c09160e03e8800ca5af7819e63530278d91b4e2bd3701bae8f6	22228
raw	zone_wide_corridor_final_v3/robots/r1/rgb/00549.png	553c9da93f756c09160e03e8800ca5af7819e63530278d91b4e2bd3701bae8f6	22228
raw	zone_wide_corridor_final_v3/robots/r1/rgb/00550.png	553c9da93f756c09160e03e8800ca5af7819e63530278d91b4e2bd3701bae8f6	22228
raw	zone_wide_corridor_final_v3/robots/r1/rgb/00551.png	553c9da93f756c09160e03e8800ca5af7819e63530278d91b4e2bd3701bae8f6	22228
raw	zone_wide_corridor_final_v3/robots/r1/rgb/00552.png	553c9da93f756c09160e03e8800ca5af7819e63530278d91b4e2bd3701bae8f6	22228
raw	zone_wide_corridor_final_v3/robots/r1/rgb/00553.png	553c9da93f756c09160e03e8800ca5af7819e63530278d91b4e2bd3701bae8f6	22228
raw	zone_wide_corridor_final_v3/robots/r1/rgb/00554.png	553c9da93f756c09160e03e8800ca5af7819e63530278d91b4e2bd3701bae8f6	22228
raw	zone_wide_corridor_final_v3/robots/r1/rgb/00555.png	553c9da93f756c09160e03e8800ca5af7819e63530278d91b4e2bd3701bae8f6	22228
raw	zone_wide_corridor_final_v3/robots/r1/rgb/00556.png	553c9da93f756c09160e03e8800ca5af7819e63530278d91b4e2bd3701bae8f6	22228
raw	zone_wide_corridor_final_v3/robots/r1/rgb/00557.png	553c9da93f756c09160e03e8800ca5af7819e63530278d91b4e2bd3701bae8f6	22228
raw	zone_wide_corridor_final_v3/robots/r1/rgb/00558.png	553c9da93f756c09160e03e8800ca5af7819e63530278d91b4e2bd3701bae8f6	22228
raw	zone_wide_corridor_final_v3/robots/r1/rgb/00559.png	553c9da93f756c09160e03e8800ca5af7819e63530278d91b4e2bd3701bae8f6	22228
raw	zone_wide_corridor_final_v3/robots/r1/rgb/00560.png	553c9da93f756c09160e03e8800ca5af7819e63530278d91b4e2bd3701bae8f6	22228
raw	zone_wide_corridor_final_v3/robots/r1/rgb/00561.png	553c9da93f756c09160e03e8800ca5af7819e63530278d91b4e2bd3701bae8f6	22228
raw	zone_wide_corridor_final_v3/robots/r1/rgb/00562.png	553c9da93f756c09160e03e8800ca5af7819e63530278d91b4e2bd3701bae8f6	22228
raw	zone_wide_corridor_final_v3/robots/r1/rgb/00563.png	553c9da93f756c09160e03e8800ca5af7819e63530278d91b4e2bd3701bae8f6	22228
raw	zone_wide_corridor_final_v3/robots/r1/rgb/00564.png	553c9da93f756c09160e03e8800ca5af7819e63530278d91b4e2bd3701bae8f6	22228
raw	zone_wide_corridor_final_v3/robots/r1/rgb/00565.png	553c9da93f756c09160e03e8800ca5af7819e63530278d91b4e2bd3701bae8f6	22228
raw	zone_wide_corridor_final_v3/robots/r1/rgb/00566.png	553c9da93f756c09160e03e8800ca5af7819e63530278d91b4e2bd3701bae8f6	22228
raw	zone_wide_corridor_final_v3/robots/r1/rgb/00567.png	553c9da93f756c09160e03e8800ca5af7819e63530278d91b4e2bd3701bae8f6	22228
raw	zone_wide_corridor_final_v3/robots/r1/rgb/00568.png	553c9da93f756c09160e03e8800ca5af7819e63530278d91b4e2bd3701bae8f6	22228
raw	zone_wide_corridor_final_v3/robots/r1/rgb/00569.png	553c9da93f756c09160e03e8800ca5af7819e63530278d91b4e2bd3701bae8f6	22228
raw	zone_wide_corridor_final_v3/robots/r1/rgb/00570.png	553c9da93f756c09160e03e8800ca5af7819e63530278d91b4e2bd3701bae8f6	22228
raw	zone_wide_corridor_final_v3/robots/r1/rgb/00571.png	553c9da93f756c09160e03e8800ca5af7819e63530278d91b4e2bd3701bae8f6	22228
raw	zone_wide_corridor_final_v3/robots/r1/rgb/00572.png	553c9da93f756c09160e03e8800ca5af7819e63530278d91b4e2bd3701bae8f6	22228
raw	zone_wide_corridor_final_v3/robots/r1/rgb/00573.png	553c9da93f756c09160e03e8800ca5af7819e63530278d91b4e2bd3701bae8f6	22228
raw	zone_wide_corridor_final_v3/robots/r1/rgb/00574.png	553c9da93f756c09160e03e8800ca5af7819e63530278d91b4e2bd3701bae8f6	22228
raw	zone_wide_corridor_final_v3/robots/r1/rgb/00575.png	553c9da93f756c09160e03e8800ca5af7819e63530278d91b4e2bd3701bae8f6	22228
raw	zone_wide_corridor_final_v3/robots/r1/rgb/00576.png	553c9da93f756c09160e03e8800ca5af7819e63530278d91b4e2bd3701bae8f6	22228
raw	zone_wide_corridor_final_v3/robots/r1/rgb/00577.png	553c9da93f756c09160e03e8800ca5af7819e63530278d91b4e2bd3701bae8f6	22228
raw	zone_wide_corridor_final_v3/robots/r1/rgb/00578.png	553c9da93f756c09160e03e8800ca5af7819e63530278d91b4e2bd3701bae8f6	22228
raw	zone_wide_corridor_final_v3/robots/r1/rgb/00579.png	553c9da93f756c09160e03e8800ca5af7819e63530278d91b4e2bd3701bae8f6	22228
raw	zone_wide_corridor_final_v3/robots/r1/rgb/00580.png	553c9da93f756c09160e03e8800ca5af7819e63530278d91b4e2bd3701bae8f6	22228
raw	zone_wide_corridor_final_v3/robots/r1/rgb/00581.png	553c9da93f756c09160e03e8800ca5af7819e63530278d91b4e2bd3701bae8f6	22228
raw	zone_wide_corridor_final_v3/robots/r1/rgb/00582.png	553c9da93f756c09160e03e8800ca5af7819e63530278d91b4e2bd3701bae8f6	22228
raw	zone_wide_corridor_final_v3/robots/r1/rgb/00583.png	553c9da93f756c09160e03e8800ca5af7819e63530278d91b4e2bd3701bae8f6	22228
raw	zone_wide_corridor_final_v3/robots/r1/rgb/00584.png	553c9da93f756c09160e03e8800ca5af7819e63530278d91b4e2bd3701bae8f6	22228
raw	zone_wide_corridor_final_v3/robots/r1/rgb/00585.png	553c9da93f756c09160e03e8800ca5af7819e63530278d91b4e2bd3701bae8f6	22228
raw	zone_wide_corridor_final_v3/robots/r1/rgb/00586.png	553c9da93f756c09160e03e8800ca5af7819e63530278d91b4e2bd3701bae8f6	22228
raw	zone_wide_corridor_final_v3/robots/r1/rgb/00587.png	553c9da93f756c09160e03e8800ca5af7819e63530278d91b4e2bd3701bae8f6	22228
raw	zone_wide_corridor_final_v3/robots/r1/rgb/00588.png	553c9da93f756c09160e03e8800ca5af7819e63530278d91b4e2bd3701bae8f6	22228
raw	zone_wide_corridor_final_v3/robots/r1/rgb/00589.png	553c9da93f756c09160e03e8800ca5af7819e63530278d91b4e2bd3701bae8f6	22228
raw	zone_wide_corridor_final_v3/robots/r1/rgb/00590.png	553c9da93f756c09160e03e8800ca5af7819e63530278d91b4e2bd3701bae8f6	22228
raw	zone_wide_corridor_final_v3/robots/r1/rgb/00591.png	553c9da93f756c09160e03e8800ca5af7819e63530278d91b4e2bd3701bae8f6	22228
raw	zone_wide_corridor_final_v3/robots/r1/rgb/00592.png	553c9da93f756c09160e03e8800ca5af7819e63530278d91b4e2bd3701bae8f6	22228
raw	zone_wide_corridor_final_v3/robots/r1/rgb/00593.png	553c9da93f756c09160e03e8800ca5af7819e63530278d91b4e2bd3701bae8f6	22228
raw	zone_wide_corridor_final_v3/robots/r1/rgb/00594.png	553c9da93f756c09160e03e8800ca5af7819e63530278d91b4e2bd3701bae8f6	22228
raw	zone_wide_corridor_final_v3/robots/r1/rgb/00595.png	553c9da93f756c09160e03e8800ca5af7819e63530278d91b4e2bd3701bae8f6	22228
raw	zone_wide_corridor_final_v3/robots/r1/rgb/00596.png	553c9da93f756c09160e03e8800ca5af7819e63530278d91b4e2bd3701bae8f6	22228
raw	zone_wide_corridor_final_v3/robots/r1/rgb/00597.png	553c9da93f756c09160e03e8800ca5af7819e63530278d91b4e2bd3701bae8f6	22228
raw	zone_wide_corridor_final_v3/robots/r1/rgb/00598.png	553c9da93f756c09160e03e8800ca5af7819e63530278d91b4e2bd3701bae8f6	22228
raw	zone_wide_corridor_final_v3/robots/r1/rgb/00599.png	553c9da93f756c09160e03e8800ca5af7819e63530278d91b4e2bd3701bae8f6	22228
raw	zone_wide_corridor_final_v3/robots/r1/rgb/00600.png	553c9da93f756c09160e03e8800ca5af7819e63530278d91b4e2bd3701bae8f6	22228
raw	zone_wide_corridor_final_v3/robots/r2/commands.jsonl	59ef962b8289ac4164dd6eb6aa75514b8235ca1e2a8e6b6ecfdda043c7970f23	125
raw	zone_wide_corridor_final_v3/robots/r2/frames.jsonl	7be57e5db32fb54f163d08d38e79ee2e26aafd20cdb2fd1b6f4d63e9a56b5c5c	152100
raw	zone_wide_corridor_final_v3/robots/r2/rgb/00000.png	8203340d5adf1d27e38af4a021c5a8b8fb4c1c95ebce1b4ab6ad3ed7e35d5dab	24095
raw	zone_wide_corridor_final_v3/robots/r2/rgb/00001.png	8203340d5adf1d27e38af4a021c5a8b8fb4c1c95ebce1b4ab6ad3ed7e35d5dab	24095
raw	zone_wide_corridor_final_v3/robots/r2/rgb/00002.png	8203340d5adf1d27e38af4a021c5a8b8fb4c1c95ebce1b4ab6ad3ed7e35d5dab	24095
raw	zone_wide_corridor_final_v3/robots/r2/rgb/00003.png	8203340d5adf1d27e38af4a021c5a8b8fb4c1c95ebce1b4ab6ad3ed7e35d5dab	24095
raw	zone_wide_corridor_final_v3/robots/r2/rgb/00004.png	8203340d5adf1d27e38af4a021c5a8b8fb4c1c95ebce1b4ab6ad3ed7e35d5dab	24095
raw	zone_wide_corridor_final_v3/robots/r2/rgb/00005.png	8203340d5adf1d27e38af4a021c5a8b8fb4c1c95ebce1b4ab6ad3ed7e35d5dab	24095
raw	zone_wide_corridor_final_v3/robots/r2/rgb/00006.png	8203340d5adf1d27e38af4a021c5a8b8fb4c1c95ebce1b4ab6ad3ed7e35d5dab	24095
raw	zone_wide_corridor_final_v3/robots/r2/rgb/00007.png	8203340d5adf1d27e38af4a021c5a8b8fb4c1c95ebce1b4ab6ad3ed7e35d5dab	24095
raw	zone_wide_corridor_final_v3/robots/r2/rgb/00008.png	8203340d5adf1d27e38af4a021c5a8b8fb4c1c95ebce1b4ab6ad3ed7e35d5dab	24095
raw	zone_wide_corridor_final_v3/robots/r2/rgb/00009.png	8203340d5adf1d27e38af4a021c5a8b8fb4c1c95ebce1b4ab6ad3ed7e35d5dab	24095
raw	zone_wide_corridor_final_v3/robots/r2/rgb/00010.png	8203340d5adf1d27e38af4a021c5a8b8fb4c1c95ebce1b4ab6ad3ed7e35d5dab	24095
raw	zone_wide_corridor_final_v3/robots/r2/rgb/00011.png	8203340d5adf1d27e38af4a021c5a8b8fb4c1c95ebce1b4ab6ad3ed7e35d5dab	24095
raw	zone_wide_corridor_final_v3/robots/r2/rgb/00012.png	8203340d5adf1d27e38af4a021c5a8b8fb4c1c95ebce1b4ab6ad3ed7e35d5dab	24095
raw	zone_wide_corridor_final_v3/robots/r2/rgb/00013.png	8203340d5adf1d27e38af4a021c5a8b8fb4c1c95ebce1b4ab6ad3ed7e35d5dab	24095
raw	zone_wide_corridor_final_v3/robots/r2/rgb/00014.png	8203340d5adf1d27e38af4a021c5a8b8fb4c1c95ebce1b4ab6ad3ed7e35d5dab	24095
raw	zone_wide_corridor_final_v3/robots/r2/rgb/00015.png	8203340d5adf1d27e38af4a021c5a8b8fb4c1c95ebce1b4ab6ad3ed7e35d5dab	24095
raw	zone_wide_corridor_final_v3/robots/r2/rgb/00016.png	8203340d5adf1d27e38af4a021c5a8b8fb4c1c95ebce1b4ab6ad3ed7e35d5dab	24095
raw	zone_wide_corridor_final_v3/robots/r2/rgb/00017.png	8203340d5adf1d27e38af4a021c5a8b8fb4c1c95ebce1b4ab6ad3ed7e35d5dab	24095
raw	zone_wide_corridor_final_v3/robots/r2/rgb/00018.png	8203340d5adf1d27e38af4a021c5a8b8fb4c1c95ebce1b4ab6ad3ed7e35d5dab	24095
raw	zone_wide_corridor_final_v3/robots/r2/rgb/00019.png	8203340d5adf1d27e38af4a021c5a8b8fb4c1c95ebce1b4ab6ad3ed7e35d5dab	24095
raw	zone_wide_corridor_final_v3/robots/r2/rgb/00020.png	8203340d5adf1d27e38af4a021c5a8b8fb4c1c95ebce1b4ab6ad3ed7e35d5dab	24095
raw	zone_wide_corridor_final_v3/robots/r2/rgb/00021.png	8203340d5adf1d27e38af4a021c5a8b8fb4c1c95ebce1b4ab6ad3ed7e35d5dab	24095
raw	zone_wide_corridor_final_v3/robots/r2/rgb/00022.png	8203340d5adf1d27e38af4a021c5a8b8fb4c1c95ebce1b4ab6ad3ed7e35d5dab	24095
raw	zone_wide_corridor_final_v3/robots/r2/rgb/00023.png	8203340d5adf1d27e38af4a021c5a8b8fb4c1c95ebce1b4ab6ad3ed7e35d5dab	24095
raw	zone_wide_corridor_final_v3/robots/r2/rgb/00024.png	8203340d5adf1d27e38af4a021c5a8b8fb4c1c95ebce1b4ab6ad3ed7e35d5dab	24095
raw	zone_wide_corridor_final_v3/robots/r2/rgb/00025.png	8203340d5adf1d27e38af4a021c5a8b8fb4c1c95ebce1b4ab6ad3ed7e35d5dab	24095
raw	zone_wide_corridor_final_v3/robots/r2/rgb/00026.png	8203340d5adf1d27e38af4a021c5a8b8fb4c1c95ebce1b4ab6ad3ed7e35d5dab	24095
raw	zone_wide_corridor_final_v3/robots/r2/rgb/00027.png	8203340d5adf1d27e38af4a021c5a8b8fb4c1c95ebce1b4ab6ad3ed7e35d5dab	24095
raw	zone_wide_corridor_final_v3/robots/r2/rgb/00028.png	8203340d5adf1d27e38af4a021c5a8b8fb4c1c95ebce1b4ab6ad3ed7e35d5dab	24095
raw	zone_wide_corridor_final_v3/robots/r2/rgb/00029.png	8203340d5adf1d27e38af4a021c5a8b8fb4c1c95ebce1b4ab6ad3ed7e35d5dab	24095
raw	zone_wide_corridor_final_v3/robots/r2/rgb/00030.png	8203340d5adf1d27e38af4a021c5a8b8fb4c1c95ebce1b4ab6ad3ed7e35d5dab	24095
raw	zone_wide_corridor_final_v3/robots/r2/rgb/00031.png	8203340d5adf1d27e38af4a021c5a8b8fb4c1c95ebce1b4ab6ad3ed7e35d5dab	24095
raw	zone_wide_corridor_final_v3/robots/r2/rgb/00032.png	8203340d5adf1d27e38af4a021c5a8b8fb4c1c95ebce1b4ab6ad3ed7e35d5dab	24095
raw	zone_wide_corridor_final_v3/robots/r2/rgb/00033.png	8203340d5adf1d27e38af4a021c5a8b8fb4c1c95ebce1b4ab6ad3ed7e35d5dab	24095
raw	zone_wide_corridor_final_v3/robots/r2/rgb/00034.png	8203340d5adf1d27e38af4a021c5a8b8fb4c1c95ebce1b4ab6ad3ed7e35d5dab	24095
raw	zone_wide_corridor_final_v3/robots/r2/rgb/00035.png	8203340d5adf1d27e38af4a021c5a8b8fb4c1c95ebce1b4ab6ad3ed7e35d5dab	24095
raw	zone_wide_corridor_final_v3/robots/r2/rgb/00036.png	8203340d5adf1d27e38af4a021c5a8b8fb4c1c95ebce1b4ab6ad3ed7e35d5dab	24095
raw	zone_wide_corridor_final_v3/robots/r2/rgb/00037.png	8203340d5adf1d27e38af4a021c5a8b8fb4c1c95ebce1b4ab6ad3ed7e35d5dab	24095
raw	zone_wide_corridor_final_v3/robots/r2/rgb/00038.png	8203340d5adf1d27e38af4a021c5a8b8fb4c1c95ebce1b4ab6ad3ed7e35d5dab	24095
raw	zone_wide_corridor_final_v3/robots/r2/rgb/00039.png	8203340d5adf1d27e38af4a021c5a8b8fb4c1c95ebce1b4ab6ad3ed7e35d5dab	24095
raw	zone_wide_corridor_final_v3/robots/r2/rgb/00040.png	8203340d5adf1d27e38af4a021c5a8b8fb4c1c95ebce1b4ab6ad3ed7e35d5dab	24095
raw	zone_wide_corridor_final_v3/robots/r2/rgb/00041.png	8203340d5adf1d27e38af4a021c5a8b8fb4c1c95ebce1b4ab6ad3ed7e35d5dab	24095
raw	zone_wide_corridor_final_v3/robots/r2/rgb/00042.png	8203340d5adf1d27e38af4a021c5a8b8fb4c1c95ebce1b4ab6ad3ed7e35d5dab	24095
raw	zone_wide_corridor_final_v3/robots/r2/rgb/00043.png	8203340d5adf1d27e38af4a021c5a8b8fb4c1c95ebce1b4ab6ad3ed7e35d5dab	24095
raw	zone_wide_corridor_final_v3/robots/r2/rgb/00044.png	8203340d5adf1d27e38af4a021c5a8b8fb4c1c95ebce1b4ab6ad3ed7e35d5dab	24095
raw	zone_wide_corridor_final_v3/robots/r2/rgb/00045.png	8203340d5adf1d27e38af4a021c5a8b8fb4c1c95ebce1b4ab6ad3ed7e35d5dab	24095
raw	zone_wide_corridor_final_v3/robots/r2/rgb/00046.png	8203340d5adf1d27e38af4a021c5a8b8fb4c1c95ebce1b4ab6ad3ed7e35d5dab	24095
raw	zone_wide_corridor_final_v3/robots/r2/rgb/00047.png	8203340d5adf1d27e38af4a021c5a8b8fb4c1c95ebce1b4ab6ad3ed7e35d5dab	24095
raw	zone_wide_corridor_final_v3/robots/r2/rgb/00048.png	8203340d5adf1d27e38af4a021c5a8b8fb4c1c95ebce1b4ab6ad3ed7e35d5dab	24095
raw	zone_wide_corridor_final_v3/robots/r2/rgb/00049.png	8203340d5adf1d27e38af4a021c5a8b8fb4c1c95ebce1b4ab6ad3ed7e35d5dab	24095
raw	zone_wide_corridor_final_v3/robots/r2/rgb/00050.png	8203340d5adf1d27e38af4a021c5a8b8fb4c1c95ebce1b4ab6ad3ed7e35d5dab	24095
raw	zone_wide_corridor_final_v3/robots/r2/rgb/00051.png	8203340d5adf1d27e38af4a021c5a8b8fb4c1c95ebce1b4ab6ad3ed7e35d5dab	24095
raw	zone_wide_corridor_final_v3/robots/r2/rgb/00052.png	8203340d5adf1d27e38af4a021c5a8b8fb4c1c95ebce1b4ab6ad3ed7e35d5dab	24095
raw	zone_wide_corridor_final_v3/robots/r2/rgb/00053.png	8203340d5adf1d27e38af4a021c5a8b8fb4c1c95ebce1b4ab6ad3ed7e35d5dab	24095
raw	zone_wide_corridor_final_v3/robots/r2/rgb/00054.png	8203340d5adf1d27e38af4a021c5a8b8fb4c1c95ebce1b4ab6ad3ed7e35d5dab	24095
raw	zone_wide_corridor_final_v3/robots/r2/rgb/00055.png	8203340d5adf1d27e38af4a021c5a8b8fb4c1c95ebce1b4ab6ad3ed7e35d5dab	24095
raw	zone_wide_corridor_final_v3/robots/r2/rgb/00056.png	8203340d5adf1d27e38af4a021c5a8b8fb4c1c95ebce1b4ab6ad3ed7e35d5dab	24095
raw	zone_wide_corridor_final_v3/robots/r2/rgb/00057.png	8203340d5adf1d27e38af4a021c5a8b8fb4c1c95ebce1b4ab6ad3ed7e35d5dab	24095
raw	zone_wide_corridor_final_v3/robots/r2/rgb/00058.png	8203340d5adf1d27e38af4a021c5a8b8fb4c1c95ebce1b4ab6ad3ed7e35d5dab	24095
raw	zone_wide_corridor_final_v3/robots/r2/rgb/00059.png	8203340d5adf1d27e38af4a021c5a8b8fb4c1c95ebce1b4ab6ad3ed7e35d5dab	24095
raw	zone_wide_corridor_final_v3/robots/r2/rgb/00060.png	8203340d5adf1d27e38af4a021c5a8b8fb4c1c95ebce1b4ab6ad3ed7e35d5dab	24095
raw	zone_wide_corridor_final_v3/robots/r2/rgb/00061.png	8203340d5adf1d27e38af4a021c5a8b8fb4c1c95ebce1b4ab6ad3ed7e35d5dab	24095
raw	zone_wide_corridor_final_v3/robots/r2/rgb/00062.png	8203340d5adf1d27e38af4a021c5a8b8fb4c1c95ebce1b4ab6ad3ed7e35d5dab	24095
raw	zone_wide_corridor_final_v3/robots/r2/rgb/00063.png	8203340d5adf1d27e38af4a021c5a8b8fb4c1c95ebce1b4ab6ad3ed7e35d5dab	24095
raw	zone_wide_corridor_final_v3/robots/r2/rgb/00064.png	8203340d5adf1d27e38af4a021c5a8b8fb4c1c95ebce1b4ab6ad3ed7e35d5dab	24095
raw	zone_wide_corridor_final_v3/robots/r2/rgb/00065.png	8203340d5adf1d27e38af4a021c5a8b8fb4c1c95ebce1b4ab6ad3ed7e35d5dab	24095
raw	zone_wide_corridor_final_v3/robots/r2/rgb/00066.png	8203340d5adf1d27e38af4a021c5a8b8fb4c1c95ebce1b4ab6ad3ed7e35d5dab	24095
raw	zone_wide_corridor_final_v3/robots/r2/rgb/00067.png	8203340d5adf1d27e38af4a021c5a8b8fb4c1c95ebce1b4ab6ad3ed7e35d5dab	24095
raw	zone_wide_corridor_final_v3/robots/r2/rgb/00068.png	8203340d5adf1d27e38af4a021c5a8b8fb4c1c95ebce1b4ab6ad3ed7e35d5dab	24095
raw	zone_wide_corridor_final_v3/robots/r2/rgb/00069.png	8203340d5adf1d27e38af4a021c5a8b8fb4c1c95ebce1b4ab6ad3ed7e35d5dab	24095
raw	zone_wide_corridor_final_v3/robots/r2/rgb/00070.png	8203340d5adf1d27e38af4a021c5a8b8fb4c1c95ebce1b4ab6ad3ed7e35d5dab	24095
raw	zone_wide_corridor_final_v3/robots/r2/rgb/00071.png	8203340d5adf1d27e38af4a021c5a8b8fb4c1c95ebce1b4ab6ad3ed7e35d5dab	24095
raw	zone_wide_corridor_final_v3/robots/r2/rgb/00072.png	8203340d5adf1d27e38af4a021c5a8b8fb4c1c95ebce1b4ab6ad3ed7e35d5dab	24095
raw	zone_wide_corridor_final_v3/robots/r2/rgb/00073.png	8203340d5adf1d27e38af4a021c5a8b8fb4c1c95ebce1b4ab6ad3ed7e35d5dab	24095
raw	zone_wide_corridor_final_v3/robots/r2/rgb/00074.png	8203340d5adf1d27e38af4a021c5a8b8fb4c1c95ebce1b4ab6ad3ed7e35d5dab	24095
raw	zone_wide_corridor_final_v3/robots/r2/rgb/00075.png	8203340d5adf1d27e38af4a021c5a8b8fb4c1c95ebce1b4ab6ad3ed7e35d5dab	24095
raw	zone_wide_corridor_final_v3/robots/r2/rgb/00076.png	8203340d5adf1d27e38af4a021c5a8b8fb4c1c95ebce1b4ab6ad3ed7e35d5dab	24095
raw	zone_wide_corridor_final_v3/robots/r2/rgb/00077.png	8203340d5adf1d27e38af4a021c5a8b8fb4c1c95ebce1b4ab6ad3ed7e35d5dab	24095
raw	zone_wide_corridor_final_v3/robots/r2/rgb/00078.png	8203340d5adf1d27e38af4a021c5a8b8fb4c1c95ebce1b4ab6ad3ed7e35d5dab	24095
raw	zone_wide_corridor_final_v3/robots/r2/rgb/00079.png	8203340d5adf1d27e38af4a021c5a8b8fb4c1c95ebce1b4ab6ad3ed7e35d5dab	24095
raw	zone_wide_corridor_final_v3/robots/r2/rgb/00080.png	8203340d5adf1d27e38af4a021c5a8b8fb4c1c95ebce1b4ab6ad3ed7e35d5dab	24095
raw	zone_wide_corridor_final_v3/robots/r2/rgb/00081.png	8203340d5adf1d27e38af4a021c5a8b8fb4c1c95ebce1b4ab6ad3ed7e35d5dab	24095
raw	zone_wide_corridor_final_v3/robots/r2/rgb/00082.png	8203340d5adf1d27e38af4a021c5a8b8fb4c1c95ebce1b4ab6ad3ed7e35d5dab	24095
raw	zone_wide_corridor_final_v3/robots/r2/rgb/00083.png	8203340d5adf1d27e38af4a021c5a8b8fb4c1c95ebce1b4ab6ad3ed7e35d5dab	24095
raw	zone_wide_corridor_final_v3/robots/r2/rgb/00084.png	8203340d5adf1d27e38af4a021c5a8b8fb4c1c95ebce1b4ab6ad3ed7e35d5dab	24095
raw	zone_wide_corridor_final_v3/robots/r2/rgb/00085.png	8203340d5adf1d27e38af4a021c5a8b8fb4c1c95ebce1b4ab6ad3ed7e35d5dab	24095
raw	zone_wide_corridor_final_v3/robots/r2/rgb/00086.png	8203340d5adf1d27e38af4a021c5a8b8fb4c1c95ebce1b4ab6ad3ed7e35d5dab	24095
raw	zone_wide_corridor_final_v3/robots/r2/rgb/00087.png	8203340d5adf1d27e38af4a021c5a8b8fb4c1c95ebce1b4ab6ad3ed7e35d5dab	24095
raw	zone_wide_corridor_final_v3/robots/r2/rgb/00088.png	8203340d5adf1d27e38af4a021c5a8b8fb4c1c95ebce1b4ab6ad3ed7e35d5dab	24095
raw	zone_wide_corridor_final_v3/robots/r2/rgb/00089.png	8203340d5adf1d27e38af4a021c5a8b8fb4c1c95ebce1b4ab6ad3ed7e35d5dab	24095
raw	zone_wide_corridor_final_v3/robots/r2/rgb/00090.png	8203340d5adf1d27e38af4a021c5a8b8fb4c1c95ebce1b4ab6ad3ed7e35d5dab	24095
raw	zone_wide_corridor_final_v3/robots/r2/rgb/00091.png	8203340d5adf1d27e38af4a021c5a8b8fb4c1c95ebce1b4ab6ad3ed7e35d5dab	24095
raw	zone_wide_corridor_final_v3/robots/r2/rgb/00092.png	8203340d5adf1d27e38af4a021c5a8b8fb4c1c95ebce1b4ab6ad3ed7e35d5dab	24095
raw	zone_wide_corridor_final_v3/robots/r2/rgb/00093.png	8203340d5adf1d27e38af4a021c5a8b8fb4c1c95ebce1b4ab6ad3ed7e35d5dab	24095
raw	zone_wide_corridor_final_v3/robots/r2/rgb/00094.png	8203340d5adf1d27e38af4a021c5a8b8fb4c1c95ebce1b4ab6ad3ed7e35d5dab	24095
raw	zone_wide_corridor_final_v3/robots/r2/rgb/00095.png	8203340d5adf1d27e38af4a021c5a8b8fb4c1c95ebce1b4ab6ad3ed7e35d5dab	24095
raw	zone_wide_corridor_final_v3/robots/r2/rgb/00096.png	8203340d5adf1d27e38af4a021c5a8b8fb4c1c95ebce1b4ab6ad3ed7e35d5dab	24095
raw	zone_wide_corridor_final_v3/robots/r2/rgb/00097.png	8203340d5adf1d27e38af4a021c5a8b8fb4c1c95ebce1b4ab6ad3ed7e35d5dab	24095
raw	zone_wide_corridor_final_v3/robots/r2/rgb/00098.png	8203340d5adf1d27e38af4a021c5a8b8fb4c1c95ebce1b4ab6ad3ed7e35d5dab	24095
raw	zone_wide_corridor_final_v3/robots/r2/rgb/00099.png	8203340d5adf1d27e38af4a021c5a8b8fb4c1c95ebce1b4ab6ad3ed7e35d5dab	24095
raw	zone_wide_corridor_final_v3/robots/r2/rgb/00100.png	8203340d5adf1d27e38af4a021c5a8b8fb4c1c95ebce1b4ab6ad3ed7e35d5dab	24095
raw	zone_wide_corridor_final_v3/robots/r2/rgb/00101.png	8203340d5adf1d27e38af4a021c5a8b8fb4c1c95ebce1b4ab6ad3ed7e35d5dab	24095
raw	zone_wide_corridor_final_v3/robots/r2/rgb/00102.png	8203340d5adf1d27e38af4a021c5a8b8fb4c1c95ebce1b4ab6ad3ed7e35d5dab	24095
raw	zone_wide_corridor_final_v3/robots/r2/rgb/00103.png	8203340d5adf1d27e38af4a021c5a8b8fb4c1c95ebce1b4ab6ad3ed7e35d5dab	24095
raw	zone_wide_corridor_final_v3/robots/r2/rgb/00104.png	8203340d5adf1d27e38af4a021c5a8b8fb4c1c95ebce1b4ab6ad3ed7e35d5dab	24095
raw	zone_wide_corridor_final_v3/robots/r2/rgb/00105.png	8203340d5adf1d27e38af4a021c5a8b8fb4c1c95ebce1b4ab6ad3ed7e35d5dab	24095
raw	zone_wide_corridor_final_v3/robots/r2/rgb/00106.png	8203340d5adf1d27e38af4a021c5a8b8fb4c1c95ebce1b4ab6ad3ed7e35d5dab	24095
raw	zone_wide_corridor_final_v3/robots/r2/rgb/00107.png	8203340d5adf1d27e38af4a021c5a8b8fb4c1c95ebce1b4ab6ad3ed7e35d5dab	24095
raw	zone_wide_corridor_final_v3/robots/r2/rgb/00108.png	8203340d5adf1d27e38af4a021c5a8b8fb4c1c95ebce1b4ab6ad3ed7e35d5dab	24095
raw	zone_wide_corridor_final_v3/robots/r2/rgb/00109.png	8203340d5adf1d27e38af4a021c5a8b8fb4c1c95ebce1b4ab6ad3ed7e35d5dab	24095
raw	zone_wide_corridor_final_v3/robots/r2/rgb/00110.png	8203340d5adf1d27e38af4a021c5a8b8fb4c1c95ebce1b4ab6ad3ed7e35d5dab	24095
raw	zone_wide_corridor_final_v3/robots/r2/rgb/00111.png	8203340d5adf1d27e38af4a021c5a8b8fb4c1c95ebce1b4ab6ad3ed7e35d5dab	24095
raw	zone_wide_corridor_final_v3/robots/r2/rgb/00112.png	8203340d5adf1d27e38af4a021c5a8b8fb4c1c95ebce1b4ab6ad3ed7e35d5dab	24095
raw	zone_wide_corridor_final_v3/robots/r2/rgb/00113.png	8203340d5adf1d27e38af4a021c5a8b8fb4c1c95ebce1b4ab6ad3ed7e35d5dab	24095
raw	zone_wide_corridor_final_v3/robots/r2/rgb/00114.png	8203340d5adf1d27e38af4a021c5a8b8fb4c1c95ebce1b4ab6ad3ed7e35d5dab	24095
raw	zone_wide_corridor_final_v3/robots/r2/rgb/00115.png	8203340d5adf1d27e38af4a021c5a8b8fb4c1c95ebce1b4ab6ad3ed7e35d5dab	24095
raw	zone_wide_corridor_final_v3/robots/r2/rgb/00116.png	8203340d5adf1d27e38af4a021c5a8b8fb4c1c95ebce1b4ab6ad3ed7e35d5dab	24095
raw	zone_wide_corridor_final_v3/robots/r2/rgb/00117.png	8203340d5adf1d27e38af4a021c5a8b8fb4c1c95ebce1b4ab6ad3ed7e35d5dab	24095
raw	zone_wide_corridor_final_v3/robots/r2/rgb/00118.png	8203340d5adf1d27e38af4a021c5a8b8fb4c1c95ebce1b4ab6ad3ed7e35d5dab	24095
raw	zone_wide_corridor_final_v3/robots/r2/rgb/00119.png	8203340d5adf1d27e38af4a021c5a8b8fb4c1c95ebce1b4ab6ad3ed7e35d5dab	24095
raw	zone_wide_corridor_final_v3/robots/r2/rgb/00120.png	8203340d5adf1d27e38af4a021c5a8b8fb4c1c95ebce1b4ab6ad3ed7e35d5dab	24095
raw	zone_wide_corridor_final_v3/robots/r2/rgb/00121.png	8203340d5adf1d27e38af4a021c5a8b8fb4c1c95ebce1b4ab6ad3ed7e35d5dab	24095
raw	zone_wide_corridor_final_v3/robots/r2/rgb/00122.png	8203340d5adf1d27e38af4a021c5a8b8fb4c1c95ebce1b4ab6ad3ed7e35d5dab	24095
raw	zone_wide_corridor_final_v3/robots/r2/rgb/00123.png	8203340d5adf1d27e38af4a021c5a8b8fb4c1c95ebce1b4ab6ad3ed7e35d5dab	24095
raw	zone_wide_corridor_final_v3/robots/r2/rgb/00124.png	8203340d5adf1d27e38af4a021c5a8b8fb4c1c95ebce1b4ab6ad3ed7e35d5dab	24095
raw	zone_wide_corridor_final_v3/robots/r2/rgb/00125.png	8203340d5adf1d27e38af4a021c5a8b8fb4c1c95ebce1b4ab6ad3ed7e35d5dab	24095
raw	zone_wide_corridor_final_v3/robots/r2/rgb/00126.png	8203340d5adf1d27e38af4a021c5a8b8fb4c1c95ebce1b4ab6ad3ed7e35d5dab	24095
raw	zone_wide_corridor_final_v3/robots/r2/rgb/00127.png	8203340d5adf1d27e38af4a021c5a8b8fb4c1c95ebce1b4ab6ad3ed7e35d5dab	24095
raw	zone_wide_corridor_final_v3/robots/r2/rgb/00128.png	8203340d5adf1d27e38af4a021c5a8b8fb4c1c95ebce1b4ab6ad3ed7e35d5dab	24095
raw	zone_wide_corridor_final_v3/robots/r2/rgb/00129.png	8203340d5adf1d27e38af4a021c5a8b8fb4c1c95ebce1b4ab6ad3ed7e35d5dab	24095
raw	zone_wide_corridor_final_v3/robots/r2/rgb/00130.png	8203340d5adf1d27e38af4a021c5a8b8fb4c1c95ebce1b4ab6ad3ed7e35d5dab	24095
raw	zone_wide_corridor_final_v3/robots/r2/rgb/00131.png	8203340d5adf1d27e38af4a021c5a8b8fb4c1c95ebce1b4ab6ad3ed7e35d5dab	24095
raw	zone_wide_corridor_final_v3/robots/r2/rgb/00132.png	8203340d5adf1d27e38af4a021c5a8b8fb4c1c95ebce1b4ab6ad3ed7e35d5dab	24095
raw	zone_wide_corridor_final_v3/robots/r2/rgb/00133.png	8203340d5adf1d27e38af4a021c5a8b8fb4c1c95ebce1b4ab6ad3ed7e35d5dab	24095
raw	zone_wide_corridor_final_v3/robots/r2/rgb/00134.png	8203340d5adf1d27e38af4a021c5a8b8fb4c1c95ebce1b4ab6ad3ed7e35d5dab	24095
raw	zone_wide_corridor_final_v3/robots/r2/rgb/00135.png	8203340d5adf1d27e38af4a021c5a8b8fb4c1c95ebce1b4ab6ad3ed7e35d5dab	24095
raw	zone_wide_corridor_final_v3/robots/r2/rgb/00136.png	8203340d5adf1d27e38af4a021c5a8b8fb4c1c95ebce1b4ab6ad3ed7e35d5dab	24095
raw	zone_wide_corridor_final_v3/robots/r2/rgb/00137.png	8203340d5adf1d27e38af4a021c5a8b8fb4c1c95ebce1b4ab6ad3ed7e35d5dab	24095
raw	zone_wide_corridor_final_v3/robots/r2/rgb/00138.png	8203340d5adf1d27e38af4a021c5a8b8fb4c1c95ebce1b4ab6ad3ed7e35d5dab	24095
raw	zone_wide_corridor_final_v3/robots/r2/rgb/00139.png	8203340d5adf1d27e38af4a021c5a8b8fb4c1c95ebce1b4ab6ad3ed7e35d5dab	24095
raw	zone_wide_corridor_final_v3/robots/r2/rgb/00140.png	8203340d5adf1d27e38af4a021c5a8b8fb4c1c95ebce1b4ab6ad3ed7e35d5dab	24095
raw	zone_wide_corridor_final_v3/robots/r2/rgb/00141.png	8203340d5adf1d27e38af4a021c5a8b8fb4c1c95ebce1b4ab6ad3ed7e35d5dab	24095
raw	zone_wide_corridor_final_v3/robots/r2/rgb/00142.png	8203340d5adf1d27e38af4a021c5a8b8fb4c1c95ebce1b4ab6ad3ed7e35d5dab	24095
raw	zone_wide_corridor_final_v3/robots/r2/rgb/00143.png	8203340d5adf1d27e38af4a021c5a8b8fb4c1c95ebce1b4ab6ad3ed7e35d5dab	24095
raw	zone_wide_corridor_final_v3/robots/r2/rgb/00144.png	8203340d5adf1d27e38af4a021c5a8b8fb4c1c95ebce1b4ab6ad3ed7e35d5dab	24095
raw	zone_wide_corridor_final_v3/robots/r2/rgb/00145.png	8203340d5adf1d27e38af4a021c5a8b8fb4c1c95ebce1b4ab6ad3ed7e35d5dab	24095
raw	zone_wide_corridor_final_v3/robots/r2/rgb/00146.png	8203340d5adf1d27e38af4a021c5a8b8fb4c1c95ebce1b4ab6ad3ed7e35d5dab	24095
raw	zone_wide_corridor_final_v3/robots/r2/rgb/00147.png	8203340d5adf1d27e38af4a021c5a8b8fb4c1c95ebce1b4ab6ad3ed7e35d5dab	24095
raw	zone_wide_corridor_final_v3/robots/r2/rgb/00148.png	8203340d5adf1d27e38af4a021c5a8b8fb4c1c95ebce1b4ab6ad3ed7e35d5dab	24095
raw	zone_wide_corridor_final_v3/robots/r2/rgb/00149.png	8203340d5adf1d27e38af4a021c5a8b8fb4c1c95ebce1b4ab6ad3ed7e35d5dab	24095
raw	zone_wide_corridor_final_v3/robots/r2/rgb/00150.png	8203340d5adf1d27e38af4a021c5a8b8fb4c1c95ebce1b4ab6ad3ed7e35d5dab	24095
raw	zone_wide_corridor_final_v3/robots/r2/rgb/00151.png	8203340d5adf1d27e38af4a021c5a8b8fb4c1c95ebce1b4ab6ad3ed7e35d5dab	24095
raw	zone_wide_corridor_final_v3/robots/r2/rgb/00152.png	8203340d5adf1d27e38af4a021c5a8b8fb4c1c95ebce1b4ab6ad3ed7e35d5dab	24095
raw	zone_wide_corridor_final_v3/robots/r2/rgb/00153.png	8203340d5adf1d27e38af4a021c5a8b8fb4c1c95ebce1b4ab6ad3ed7e35d5dab	24095
raw	zone_wide_corridor_final_v3/robots/r2/rgb/00154.png	8203340d5adf1d27e38af4a021c5a8b8fb4c1c95ebce1b4ab6ad3ed7e35d5dab	24095
raw	zone_wide_corridor_final_v3/robots/r2/rgb/00155.png	8203340d5adf1d27e38af4a021c5a8b8fb4c1c95ebce1b4ab6ad3ed7e35d5dab	24095
raw	zone_wide_corridor_final_v3/robots/r2/rgb/00156.png	8203340d5adf1d27e38af4a021c5a8b8fb4c1c95ebce1b4ab6ad3ed7e35d5dab	24095
raw	zone_wide_corridor_final_v3/robots/r2/rgb/00157.png	8203340d5adf1d27e38af4a021c5a8b8fb4c1c95ebce1b4ab6ad3ed7e35d5dab	24095
raw	zone_wide_corridor_final_v3/robots/r2/rgb/00158.png	8203340d5adf1d27e38af4a021c5a8b8fb4c1c95ebce1b4ab6ad3ed7e35d5dab	24095
raw	zone_wide_corridor_final_v3/robots/r2/rgb/00159.png	8203340d5adf1d27e38af4a021c5a8b8fb4c1c95ebce1b4ab6ad3ed7e35d5dab	24095
raw	zone_wide_corridor_final_v3/robots/r2/rgb/00160.png	8203340d5adf1d27e38af4a021c5a8b8fb4c1c95ebce1b4ab6ad3ed7e35d5dab	24095
raw	zone_wide_corridor_final_v3/robots/r2/rgb/00161.png	8203340d5adf1d27e38af4a021c5a8b8fb4c1c95ebce1b4ab6ad3ed7e35d5dab	24095
raw	zone_wide_corridor_final_v3/robots/r2/rgb/00162.png	8203340d5adf1d27e38af4a021c5a8b8fb4c1c95ebce1b4ab6ad3ed7e35d5dab	24095
raw	zone_wide_corridor_final_v3/robots/r2/rgb/00163.png	8203340d5adf1d27e38af4a021c5a8b8fb4c1c95ebce1b4ab6ad3ed7e35d5dab	24095
raw	zone_wide_corridor_final_v3/robots/r2/rgb/00164.png	8203340d5adf1d27e38af4a021c5a8b8fb4c1c95ebce1b4ab6ad3ed7e35d5dab	24095
raw	zone_wide_corridor_final_v3/robots/r2/rgb/00165.png	8203340d5adf1d27e38af4a021c5a8b8fb4c1c95ebce1b4ab6ad3ed7e35d5dab	24095
raw	zone_wide_corridor_final_v3/robots/r2/rgb/00166.png	8203340d5adf1d27e38af4a021c5a8b8fb4c1c95ebce1b4ab6ad3ed7e35d5dab	24095
raw	zone_wide_corridor_final_v3/robots/r2/rgb/00167.png	8203340d5adf1d27e38af4a021c5a8b8fb4c1c95ebce1b4ab6ad3ed7e35d5dab	24095
raw	zone_wide_corridor_final_v3/robots/r2/rgb/00168.png	8203340d5adf1d27e38af4a021c5a8b8fb4c1c95ebce1b4ab6ad3ed7e35d5dab	24095
raw	zone_wide_corridor_final_v3/robots/r2/rgb/00169.png	8203340d5adf1d27e38af4a021c5a8b8fb4c1c95ebce1b4ab6ad3ed7e35d5dab	24095
raw	zone_wide_corridor_final_v3/robots/r2/rgb/00170.png	8203340d5adf1d27e38af4a021c5a8b8fb4c1c95ebce1b4ab6ad3ed7e35d5dab	24095
raw	zone_wide_corridor_final_v3/robots/r2/rgb/00171.png	8203340d5adf1d27e38af4a021c5a8b8fb4c1c95ebce1b4ab6ad3ed7e35d5dab	24095
raw	zone_wide_corridor_final_v3/robots/r2/rgb/00172.png	8203340d5adf1d27e38af4a021c5a8b8fb4c1c95ebce1b4ab6ad3ed7e35d5dab	24095
raw	zone_wide_corridor_final_v3/robots/r2/rgb/00173.png	8203340d5adf1d27e38af4a021c5a8b8fb4c1c95ebce1b4ab6ad3ed7e35d5dab	24095
raw	zone_wide_corridor_final_v3/robots/r2/rgb/00174.png	8203340d5adf1d27e38af4a021c5a8b8fb4c1c95ebce1b4ab6ad3ed7e35d5dab	24095
raw	zone_wide_corridor_final_v3/robots/r2/rgb/00175.png	8203340d5adf1d27e38af4a021c5a8b8fb4c1c95ebce1b4ab6ad3ed7e35d5dab	24095
raw	zone_wide_corridor_final_v3/robots/r2/rgb/00176.png	8203340d5adf1d27e38af4a021c5a8b8fb4c1c95ebce1b4ab6ad3ed7e35d5dab	24095
raw	zone_wide_corridor_final_v3/robots/r2/rgb/00177.png	8203340d5adf1d27e38af4a021c5a8b8fb4c1c95ebce1b4ab6ad3ed7e35d5dab	24095
raw	zone_wide_corridor_final_v3/robots/r2/rgb/00178.png	8203340d5adf1d27e38af4a021c5a8b8fb4c1c95ebce1b4ab6ad3ed7e35d5dab	24095
raw	zone_wide_corridor_final_v3/robots/r2/rgb/00179.png	8203340d5adf1d27e38af4a021c5a8b8fb4c1c95ebce1b4ab6ad3ed7e35d5dab	24095
raw	zone_wide_corridor_final_v3/robots/r2/rgb/00180.png	8203340d5adf1d27e38af4a021c5a8b8fb4c1c95ebce1b4ab6ad3ed7e35d5dab	24095
raw	zone_wide_corridor_final_v3/robots/r2/rgb/00181.png	8203340d5adf1d27e38af4a021c5a8b8fb4c1c95ebce1b4ab6ad3ed7e35d5dab	24095
raw	zone_wide_corridor_final_v3/robots/r2/rgb/00182.png	8203340d5adf1d27e38af4a021c5a8b8fb4c1c95ebce1b4ab6ad3ed7e35d5dab	24095
raw	zone_wide_corridor_final_v3/robots/r2/rgb/00183.png	8203340d5adf1d27e38af4a021c5a8b8fb4c1c95ebce1b4ab6ad3ed7e35d5dab	24095
raw	zone_wide_corridor_final_v3/robots/r2/rgb/00184.png	8203340d5adf1d27e38af4a021c5a8b8fb4c1c95ebce1b4ab6ad3ed7e35d5dab	24095
raw	zone_wide_corridor_final_v3/robots/r2/rgb/00185.png	8203340d5adf1d27e38af4a021c5a8b8fb4c1c95ebce1b4ab6ad3ed7e35d5dab	24095
raw	zone_wide_corridor_final_v3/robots/r2/rgb/00186.png	8203340d5adf1d27e38af4a021c5a8b8fb4c1c95ebce1b4ab6ad3ed7e35d5dab	24095
raw	zone_wide_corridor_final_v3/robots/r2/rgb/00187.png	8203340d5adf1d27e38af4a021c5a8b8fb4c1c95ebce1b4ab6ad3ed7e35d5dab	24095
raw	zone_wide_corridor_final_v3/robots/r2/rgb/00188.png	8203340d5adf1d27e38af4a021c5a8b8fb4c1c95ebce1b4ab6ad3ed7e35d5dab	24095
raw	zone_wide_corridor_final_v3/robots/r2/rgb/00189.png	8203340d5adf1d27e38af4a021c5a8b8fb4c1c95ebce1b4ab6ad3ed7e35d5dab	24095
raw	zone_wide_corridor_final_v3/robots/r2/rgb/00190.png	8203340d5adf1d27e38af4a021c5a8b8fb4c1c95ebce1b4ab6ad3ed7e35d5dab	24095
raw	zone_wide_corridor_final_v3/robots/r2/rgb/00191.png	8203340d5adf1d27e38af4a021c5a8b8fb4c1c95ebce1b4ab6ad3ed7e35d5dab	24095
raw	zone_wide_corridor_final_v3/robots/r2/rgb/00192.png	8203340d5adf1d27e38af4a021c5a8b8fb4c1c95ebce1b4ab6ad3ed7e35d5dab	24095
raw	zone_wide_corridor_final_v3/robots/r2/rgb/00193.png	8203340d5adf1d27e38af4a021c5a8b8fb4c1c95ebce1b4ab6ad3ed7e35d5dab	24095
raw	zone_wide_corridor_final_v3/robots/r2/rgb/00194.png	8203340d5adf1d27e38af4a021c5a8b8fb4c1c95ebce1b4ab6ad3ed7e35d5dab	24095
raw	zone_wide_corridor_final_v3/robots/r2/rgb/00195.png	8203340d5adf1d27e38af4a021c5a8b8fb4c1c95ebce1b4ab6ad3ed7e35d5dab	24095
raw	zone_wide_corridor_final_v3/robots/r2/rgb/00196.png	8203340d5adf1d27e38af4a021c5a8b8fb4c1c95ebce1b4ab6ad3ed7e35d5dab	24095
raw	zone_wide_corridor_final_v3/robots/r2/rgb/00197.png	8203340d5adf1d27e38af4a021c5a8b8fb4c1c95ebce1b4ab6ad3ed7e35d5dab	24095
raw	zone_wide_corridor_final_v3/robots/r2/rgb/00198.png	8203340d5adf1d27e38af4a021c5a8b8fb4c1c95ebce1b4ab6ad3ed7e35d5dab	24095
raw	zone_wide_corridor_final_v3/robots/r2/rgb/00199.png	8203340d5adf1d27e38af4a021c5a8b8fb4c1c95ebce1b4ab6ad3ed7e35d5dab	24095
raw	zone_wide_corridor_final_v3/robots/r2/rgb/00200.png	8203340d5adf1d27e38af4a021c5a8b8fb4c1c95ebce1b4ab6ad3ed7e35d5dab	24095
raw	zone_wide_corridor_final_v3/robots/r2/rgb/00201.png	8203340d5adf1d27e38af4a021c5a8b8fb4c1c95ebce1b4ab6ad3ed7e35d5dab	24095
raw	zone_wide_corridor_final_v3/robots/r2/rgb/00202.png	8203340d5adf1d27e38af4a021c5a8b8fb4c1c95ebce1b4ab6ad3ed7e35d5dab	24095
raw	zone_wide_corridor_final_v3/robots/r2/rgb/00203.png	8203340d5adf1d27e38af4a021c5a8b8fb4c1c95ebce1b4ab6ad3ed7e35d5dab	24095
raw	zone_wide_corridor_final_v3/robots/r2/rgb/00204.png	8203340d5adf1d27e38af4a021c5a8b8fb4c1c95ebce1b4ab6ad3ed7e35d5dab	24095
raw	zone_wide_corridor_final_v3/robots/r2/rgb/00205.png	8203340d5adf1d27e38af4a021c5a8b8fb4c1c95ebce1b4ab6ad3ed7e35d5dab	24095
raw	zone_wide_corridor_final_v3/robots/r2/rgb/00206.png	8203340d5adf1d27e38af4a021c5a8b8fb4c1c95ebce1b4ab6ad3ed7e35d5dab	24095
raw	zone_wide_corridor_final_v3/robots/r2/rgb/00207.png	8203340d5adf1d27e38af4a021c5a8b8fb4c1c95ebce1b4ab6ad3ed7e35d5dab	24095
raw	zone_wide_corridor_final_v3/robots/r2/rgb/00208.png	8203340d5adf1d27e38af4a021c5a8b8fb4c1c95ebce1b4ab6ad3ed7e35d5dab	24095
raw	zone_wide_corridor_final_v3/robots/r2/rgb/00209.png	8203340d5adf1d27e38af4a021c5a8b8fb4c1c95ebce1b4ab6ad3ed7e35d5dab	24095
raw	zone_wide_corridor_final_v3/robots/r2/rgb/00210.png	8203340d5adf1d27e38af4a021c5a8b8fb4c1c95ebce1b4ab6ad3ed7e35d5dab	24095
raw	zone_wide_corridor_final_v3/robots/r2/rgb/00211.png	8203340d5adf1d27e38af4a021c5a8b8fb4c1c95ebce1b4ab6ad3ed7e35d5dab	24095
raw	zone_wide_corridor_final_v3/robots/r2/rgb/00212.png	8203340d5adf1d27e38af4a021c5a8b8fb4c1c95ebce1b4ab6ad3ed7e35d5dab	24095
raw	zone_wide_corridor_final_v3/robots/r2/rgb/00213.png	8203340d5adf1d27e38af4a021c5a8b8fb4c1c95ebce1b4ab6ad3ed7e35d5dab	24095
raw	zone_wide_corridor_final_v3/robots/r2/rgb/00214.png	8203340d5adf1d27e38af4a021c5a8b8fb4c1c95ebce1b4ab6ad3ed7e35d5dab	24095
raw	zone_wide_corridor_final_v3/robots/r2/rgb/00215.png	8203340d5adf1d27e38af4a021c5a8b8fb4c1c95ebce1b4ab6ad3ed7e35d5dab	24095
raw	zone_wide_corridor_final_v3/robots/r2/rgb/00216.png	8203340d5adf1d27e38af4a021c5a8b8fb4c1c95ebce1b4ab6ad3ed7e35d5dab	24095
raw	zone_wide_corridor_final_v3/robots/r2/rgb/00217.png	8203340d5adf1d27e38af4a021c5a8b8fb4c1c95ebce1b4ab6ad3ed7e35d5dab	24095
raw	zone_wide_corridor_final_v3/robots/r2/rgb/00218.png	8203340d5adf1d27e38af4a021c5a8b8fb4c1c95ebce1b4ab6ad3ed7e35d5dab	24095
raw	zone_wide_corridor_final_v3/robots/r2/rgb/00219.png	8203340d5adf1d27e38af4a021c5a8b8fb4c1c95ebce1b4ab6ad3ed7e35d5dab	24095
raw	zone_wide_corridor_final_v3/robots/r2/rgb/00220.png	8203340d5adf1d27e38af4a021c5a8b8fb4c1c95ebce1b4ab6ad3ed7e35d5dab	24095
raw	zone_wide_corridor_final_v3/robots/r2/rgb/00221.png	8203340d5adf1d27e38af4a021c5a8b8fb4c1c95ebce1b4ab6ad3ed7e35d5dab	24095
raw	zone_wide_corridor_final_v3/robots/r2/rgb/00222.png	8203340d5adf1d27e38af4a021c5a8b8fb4c1c95ebce1b4ab6ad3ed7e35d5dab	24095
raw	zone_wide_corridor_final_v3/robots/r2/rgb/00223.png	8203340d5adf1d27e38af4a021c5a8b8fb4c1c95ebce1b4ab6ad3ed7e35d5dab	24095
raw	zone_wide_corridor_final_v3/robots/r2/rgb/00224.png	8203340d5adf1d27e38af4a021c5a8b8fb4c1c95ebce1b4ab6ad3ed7e35d5dab	24095
raw	zone_wide_corridor_final_v3/robots/r2/rgb/00225.png	8203340d5adf1d27e38af4a021c5a8b8fb4c1c95ebce1b4ab6ad3ed7e35d5dab	24095
raw	zone_wide_corridor_final_v3/robots/r2/rgb/00226.png	8203340d5adf1d27e38af4a021c5a8b8fb4c1c95ebce1b4ab6ad3ed7e35d5dab	24095
raw	zone_wide_corridor_final_v3/robots/r2/rgb/00227.png	8203340d5adf1d27e38af4a021c5a8b8fb4c1c95ebce1b4ab6ad3ed7e35d5dab	24095
raw	zone_wide_corridor_final_v3/robots/r2/rgb/00228.png	8203340d5adf1d27e38af4a021c5a8b8fb4c1c95ebce1b4ab6ad3ed7e35d5dab	24095
raw	zone_wide_corridor_final_v3/robots/r2/rgb/00229.png	8203340d5adf1d27e38af4a021c5a8b8fb4c1c95ebce1b4ab6ad3ed7e35d5dab	24095
raw	zone_wide_corridor_final_v3/robots/r2/rgb/00230.png	8203340d5adf1d27e38af4a021c5a8b8fb4c1c95ebce1b4ab6ad3ed7e35d5dab	24095
raw	zone_wide_corridor_final_v3/robots/r2/rgb/00231.png	8203340d5adf1d27e38af4a021c5a8b8fb4c1c95ebce1b4ab6ad3ed7e35d5dab	24095
raw	zone_wide_corridor_final_v3/robots/r2/rgb/00232.png	8203340d5adf1d27e38af4a021c5a8b8fb4c1c95ebce1b4ab6ad3ed7e35d5dab	24095
raw	zone_wide_corridor_final_v3/robots/r2/rgb/00233.png	8203340d5adf1d27e38af4a021c5a8b8fb4c1c95ebce1b4ab6ad3ed7e35d5dab	24095
raw	zone_wide_corridor_final_v3/robots/r2/rgb/00234.png	8203340d5adf1d27e38af4a021c5a8b8fb4c1c95ebce1b4ab6ad3ed7e35d5dab	24095
raw	zone_wide_corridor_final_v3/robots/r2/rgb/00235.png	8203340d5adf1d27e38af4a021c5a8b8fb4c1c95ebce1b4ab6ad3ed7e35d5dab	24095
raw	zone_wide_corridor_final_v3/robots/r2/rgb/00236.png	8203340d5adf1d27e38af4a021c5a8b8fb4c1c95ebce1b4ab6ad3ed7e35d5dab	24095
raw	zone_wide_corridor_final_v3/robots/r2/rgb/00237.png	8203340d5adf1d27e38af4a021c5a8b8fb4c1c95ebce1b4ab6ad3ed7e35d5dab	24095
raw	zone_wide_corridor_final_v3/robots/r2/rgb/00238.png	8203340d5adf1d27e38af4a021c5a8b8fb4c1c95ebce1b4ab6ad3ed7e35d5dab	24095
raw	zone_wide_corridor_final_v3/robots/r2/rgb/00239.png	8203340d5adf1d27e38af4a021c5a8b8fb4c1c95ebce1b4ab6ad3ed7e35d5dab	24095
raw	zone_wide_corridor_final_v3/robots/r2/rgb/00240.png	8203340d5adf1d27e38af4a021c5a8b8fb4c1c95ebce1b4ab6ad3ed7e35d5dab	24095
raw	zone_wide_corridor_final_v3/robots/r2/rgb/00241.png	8203340d5adf1d27e38af4a021c5a8b8fb4c1c95ebce1b4ab6ad3ed7e35d5dab	24095
raw	zone_wide_corridor_final_v3/robots/r2/rgb/00242.png	8203340d5adf1d27e38af4a021c5a8b8fb4c1c95ebce1b4ab6ad3ed7e35d5dab	24095
raw	zone_wide_corridor_final_v3/robots/r2/rgb/00243.png	8203340d5adf1d27e38af4a021c5a8b8fb4c1c95ebce1b4ab6ad3ed7e35d5dab	24095
raw	zone_wide_corridor_final_v3/robots/r2/rgb/00244.png	8203340d5adf1d27e38af4a021c5a8b8fb4c1c95ebce1b4ab6ad3ed7e35d5dab	24095
raw	zone_wide_corridor_final_v3/robots/r2/rgb/00245.png	8203340d5adf1d27e38af4a021c5a8b8fb4c1c95ebce1b4ab6ad3ed7e35d5dab	24095
raw	zone_wide_corridor_final_v3/robots/r2/rgb/00246.png	8203340d5adf1d27e38af4a021c5a8b8fb4c1c95ebce1b4ab6ad3ed7e35d5dab	24095
raw	zone_wide_corridor_final_v3/robots/r2/rgb/00247.png	8203340d5adf1d27e38af4a021c5a8b8fb4c1c95ebce1b4ab6ad3ed7e35d5dab	24095
raw	zone_wide_corridor_final_v3/robots/r2/rgb/00248.png	8203340d5adf1d27e38af4a021c5a8b8fb4c1c95ebce1b4ab6ad3ed7e35d5dab	24095
raw	zone_wide_corridor_final_v3/robots/r2/rgb/00249.png	8203340d5adf1d27e38af4a021c5a8b8fb4c1c95ebce1b4ab6ad3ed7e35d5dab	24095
raw	zone_wide_corridor_final_v3/robots/r2/rgb/00250.png	8203340d5adf1d27e38af4a021c5a8b8fb4c1c95ebce1b4ab6ad3ed7e35d5dab	24095
raw	zone_wide_corridor_final_v3/robots/r2/rgb/00251.png	8203340d5adf1d27e38af4a021c5a8b8fb4c1c95ebce1b4ab6ad3ed7e35d5dab	24095
raw	zone_wide_corridor_final_v3/robots/r2/rgb/00252.png	8203340d5adf1d27e38af4a021c5a8b8fb4c1c95ebce1b4ab6ad3ed7e35d5dab	24095
raw	zone_wide_corridor_final_v3/robots/r2/rgb/00253.png	8203340d5adf1d27e38af4a021c5a8b8fb4c1c95ebce1b4ab6ad3ed7e35d5dab	24095
raw	zone_wide_corridor_final_v3/robots/r2/rgb/00254.png	8203340d5adf1d27e38af4a021c5a8b8fb4c1c95ebce1b4ab6ad3ed7e35d5dab	24095
raw	zone_wide_corridor_final_v3/robots/r2/rgb/00255.png	8203340d5adf1d27e38af4a021c5a8b8fb4c1c95ebce1b4ab6ad3ed7e35d5dab	24095
raw	zone_wide_corridor_final_v3/robots/r2/rgb/00256.png	8203340d5adf1d27e38af4a021c5a8b8fb4c1c95ebce1b4ab6ad3ed7e35d5dab	24095
raw	zone_wide_corridor_final_v3/robots/r2/rgb/00257.png	8203340d5adf1d27e38af4a021c5a8b8fb4c1c95ebce1b4ab6ad3ed7e35d5dab	24095
raw	zone_wide_corridor_final_v3/robots/r2/rgb/00258.png	8203340d5adf1d27e38af4a021c5a8b8fb4c1c95ebce1b4ab6ad3ed7e35d5dab	24095
raw	zone_wide_corridor_final_v3/robots/r2/rgb/00259.png	8203340d5adf1d27e38af4a021c5a8b8fb4c1c95ebce1b4ab6ad3ed7e35d5dab	24095
raw	zone_wide_corridor_final_v3/robots/r2/rgb/00260.png	8203340d5adf1d27e38af4a021c5a8b8fb4c1c95ebce1b4ab6ad3ed7e35d5dab	24095
raw	zone_wide_corridor_final_v3/robots/r2/rgb/00261.png	8203340d5adf1d27e38af4a021c5a8b8fb4c1c95ebce1b4ab6ad3ed7e35d5dab	24095
raw	zone_wide_corridor_final_v3/robots/r2/rgb/00262.png	8203340d5adf1d27e38af4a021c5a8b8fb4c1c95ebce1b4ab6ad3ed7e35d5dab	24095
raw	zone_wide_corridor_final_v3/robots/r2/rgb/00263.png	8203340d5adf1d27e38af4a021c5a8b8fb4c1c95ebce1b4ab6ad3ed7e35d5dab	24095
raw	zone_wide_corridor_final_v3/robots/r2/rgb/00264.png	8203340d5adf1d27e38af4a021c5a8b8fb4c1c95ebce1b4ab6ad3ed7e35d5dab	24095
raw	zone_wide_corridor_final_v3/robots/r2/rgb/00265.png	8203340d5adf1d27e38af4a021c5a8b8fb4c1c95ebce1b4ab6ad3ed7e35d5dab	24095
raw	zone_wide_corridor_final_v3/robots/r2/rgb/00266.png	8203340d5adf1d27e38af4a021c5a8b8fb4c1c95ebce1b4ab6ad3ed7e35d5dab	24095
raw	zone_wide_corridor_final_v3/robots/r2/rgb/00267.png	8203340d5adf1d27e38af4a021c5a8b8fb4c1c95ebce1b4ab6ad3ed7e35d5dab	24095
raw	zone_wide_corridor_final_v3/robots/r2/rgb/00268.png	8203340d5adf1d27e38af4a021c5a8b8fb4c1c95ebce1b4ab6ad3ed7e35d5dab	24095
raw	zone_wide_corridor_final_v3/robots/r2/rgb/00269.png	8203340d5adf1d27e38af4a021c5a8b8fb4c1c95ebce1b4ab6ad3ed7e35d5dab	24095
raw	zone_wide_corridor_final_v3/robots/r2/rgb/00270.png	8203340d5adf1d27e38af4a021c5a8b8fb4c1c95ebce1b4ab6ad3ed7e35d5dab	24095
raw	zone_wide_corridor_final_v3/robots/r2/rgb/00271.png	8203340d5adf1d27e38af4a021c5a8b8fb4c1c95ebce1b4ab6ad3ed7e35d5dab	24095
raw	zone_wide_corridor_final_v3/robots/r2/rgb/00272.png	8203340d5adf1d27e38af4a021c5a8b8fb4c1c95ebce1b4ab6ad3ed7e35d5dab	24095
raw	zone_wide_corridor_final_v3/robots/r2/rgb/00273.png	8203340d5adf1d27e38af4a021c5a8b8fb4c1c95ebce1b4ab6ad3ed7e35d5dab	24095
raw	zone_wide_corridor_final_v3/robots/r2/rgb/00274.png	8203340d5adf1d27e38af4a021c5a8b8fb4c1c95ebce1b4ab6ad3ed7e35d5dab	24095
raw	zone_wide_corridor_final_v3/robots/r2/rgb/00275.png	8203340d5adf1d27e38af4a021c5a8b8fb4c1c95ebce1b4ab6ad3ed7e35d5dab	24095
raw	zone_wide_corridor_final_v3/robots/r2/rgb/00276.png	8203340d5adf1d27e38af4a021c5a8b8fb4c1c95ebce1b4ab6ad3ed7e35d5dab	24095
raw	zone_wide_corridor_final_v3/robots/r2/rgb/00277.png	8203340d5adf1d27e38af4a021c5a8b8fb4c1c95ebce1b4ab6ad3ed7e35d5dab	24095
raw	zone_wide_corridor_final_v3/robots/r2/rgb/00278.png	8203340d5adf1d27e38af4a021c5a8b8fb4c1c95ebce1b4ab6ad3ed7e35d5dab	24095
raw	zone_wide_corridor_final_v3/robots/r2/rgb/00279.png	8203340d5adf1d27e38af4a021c5a8b8fb4c1c95ebce1b4ab6ad3ed7e35d5dab	24095
raw	zone_wide_corridor_final_v3/robots/r2/rgb/00280.png	8203340d5adf1d27e38af4a021c5a8b8fb4c1c95ebce1b4ab6ad3ed7e35d5dab	24095
raw	zone_wide_corridor_final_v3/robots/r2/rgb/00281.png	8203340d5adf1d27e38af4a021c5a8b8fb4c1c95ebce1b4ab6ad3ed7e35d5dab	24095
raw	zone_wide_corridor_final_v3/robots/r2/rgb/00282.png	8203340d5adf1d27e38af4a021c5a8b8fb4c1c95ebce1b4ab6ad3ed7e35d5dab	24095
raw	zone_wide_corridor_final_v3/robots/r2/rgb/00283.png	8203340d5adf1d27e38af4a021c5a8b8fb4c1c95ebce1b4ab6ad3ed7e35d5dab	24095
raw	zone_wide_corridor_final_v3/robots/r2/rgb/00284.png	8203340d5adf1d27e38af4a021c5a8b8fb4c1c95ebce1b4ab6ad3ed7e35d5dab	24095
raw	zone_wide_corridor_final_v3/robots/r2/rgb/00285.png	8203340d5adf1d27e38af4a021c5a8b8fb4c1c95ebce1b4ab6ad3ed7e35d5dab	24095
raw	zone_wide_corridor_final_v3/robots/r2/rgb/00286.png	8203340d5adf1d27e38af4a021c5a8b8fb4c1c95ebce1b4ab6ad3ed7e35d5dab	24095
raw	zone_wide_corridor_final_v3/robots/r2/rgb/00287.png	8203340d5adf1d27e38af4a021c5a8b8fb4c1c95ebce1b4ab6ad3ed7e35d5dab	24095
raw	zone_wide_corridor_final_v3/robots/r2/rgb/00288.png	8203340d5adf1d27e38af4a021c5a8b8fb4c1c95ebce1b4ab6ad3ed7e35d5dab	24095
raw	zone_wide_corridor_final_v3/robots/r2/rgb/00289.png	8203340d5adf1d27e38af4a021c5a8b8fb4c1c95ebce1b4ab6ad3ed7e35d5dab	24095
raw	zone_wide_corridor_final_v3/robots/r2/rgb/00290.png	8203340d5adf1d27e38af4a021c5a8b8fb4c1c95ebce1b4ab6ad3ed7e35d5dab	24095
raw	zone_wide_corridor_final_v3/robots/r2/rgb/00291.png	8203340d5adf1d27e38af4a021c5a8b8fb4c1c95ebce1b4ab6ad3ed7e35d5dab	24095
raw	zone_wide_corridor_final_v3/robots/r2/rgb/00292.png	8203340d5adf1d27e38af4a021c5a8b8fb4c1c95ebce1b4ab6ad3ed7e35d5dab	24095
raw	zone_wide_corridor_final_v3/robots/r2/rgb/00293.png	8203340d5adf1d27e38af4a021c5a8b8fb4c1c95ebce1b4ab6ad3ed7e35d5dab	24095
raw	zone_wide_corridor_final_v3/robots/r2/rgb/00294.png	8203340d5adf1d27e38af4a021c5a8b8fb4c1c95ebce1b4ab6ad3ed7e35d5dab	24095
raw	zone_wide_corridor_final_v3/robots/r2/rgb/00295.png	8203340d5adf1d27e38af4a021c5a8b8fb4c1c95ebce1b4ab6ad3ed7e35d5dab	24095
raw	zone_wide_corridor_final_v3/robots/r2/rgb/00296.png	8203340d5adf1d27e38af4a021c5a8b8fb4c1c95ebce1b4ab6ad3ed7e35d5dab	24095
raw	zone_wide_corridor_final_v3/robots/r2/rgb/00297.png	8203340d5adf1d27e38af4a021c5a8b8fb4c1c95ebce1b4ab6ad3ed7e35d5dab	24095
raw	zone_wide_corridor_final_v3/robots/r2/rgb/00298.png	8203340d5adf1d27e38af4a021c5a8b8fb4c1c95ebce1b4ab6ad3ed7e35d5dab	24095
raw	zone_wide_corridor_final_v3/robots/r2/rgb/00299.png	8203340d5adf1d27e38af4a021c5a8b8fb4c1c95ebce1b4ab6ad3ed7e35d5dab	24095
raw	zone_wide_corridor_final_v3/robots/r2/rgb/00300.png	8203340d5adf1d27e38af4a021c5a8b8fb4c1c95ebce1b4ab6ad3ed7e35d5dab	24095
raw	zone_wide_corridor_final_v3/robots/r2/rgb/00301.png	8203340d5adf1d27e38af4a021c5a8b8fb4c1c95ebce1b4ab6ad3ed7e35d5dab	24095
raw	zone_wide_corridor_final_v3/robots/r2/rgb/00302.png	8203340d5adf1d27e38af4a021c5a8b8fb4c1c95ebce1b4ab6ad3ed7e35d5dab	24095
raw	zone_wide_corridor_final_v3/robots/r2/rgb/00303.png	8203340d5adf1d27e38af4a021c5a8b8fb4c1c95ebce1b4ab6ad3ed7e35d5dab	24095
raw	zone_wide_corridor_final_v3/robots/r2/rgb/00304.png	8203340d5adf1d27e38af4a021c5a8b8fb4c1c95ebce1b4ab6ad3ed7e35d5dab	24095
raw	zone_wide_corridor_final_v3/robots/r2/rgb/00305.png	8203340d5adf1d27e38af4a021c5a8b8fb4c1c95ebce1b4ab6ad3ed7e35d5dab	24095
raw	zone_wide_corridor_final_v3/robots/r2/rgb/00306.png	8203340d5adf1d27e38af4a021c5a8b8fb4c1c95ebce1b4ab6ad3ed7e35d5dab	24095
raw	zone_wide_corridor_final_v3/robots/r2/rgb/00307.png	8203340d5adf1d27e38af4a021c5a8b8fb4c1c95ebce1b4ab6ad3ed7e35d5dab	24095
raw	zone_wide_corridor_final_v3/robots/r2/rgb/00308.png	8203340d5adf1d27e38af4a021c5a8b8fb4c1c95ebce1b4ab6ad3ed7e35d5dab	24095
raw	zone_wide_corridor_final_v3/robots/r2/rgb/00309.png	8203340d5adf1d27e38af4a021c5a8b8fb4c1c95ebce1b4ab6ad3ed7e35d5dab	24095
raw	zone_wide_corridor_final_v3/robots/r2/rgb/00310.png	8203340d5adf1d27e38af4a021c5a8b8fb4c1c95ebce1b4ab6ad3ed7e35d5dab	24095
raw	zone_wide_corridor_final_v3/robots/r2/rgb/00311.png	8203340d5adf1d27e38af4a021c5a8b8fb4c1c95ebce1b4ab6ad3ed7e35d5dab	24095
raw	zone_wide_corridor_final_v3/robots/r2/rgb/00312.png	8203340d5adf1d27e38af4a021c5a8b8fb4c1c95ebce1b4ab6ad3ed7e35d5dab	24095
raw	zone_wide_corridor_final_v3/robots/r2/rgb/00313.png	8203340d5adf1d27e38af4a021c5a8b8fb4c1c95ebce1b4ab6ad3ed7e35d5dab	24095
raw	zone_wide_corridor_final_v3/robots/r2/rgb/00314.png	8203340d5adf1d27e38af4a021c5a8b8fb4c1c95ebce1b4ab6ad3ed7e35d5dab	24095
raw	zone_wide_corridor_final_v3/robots/r2/rgb/00315.png	8203340d5adf1d27e38af4a021c5a8b8fb4c1c95ebce1b4ab6ad3ed7e35d5dab	24095
raw	zone_wide_corridor_final_v3/robots/r2/rgb/00316.png	8203340d5adf1d27e38af4a021c5a8b8fb4c1c95ebce1b4ab6ad3ed7e35d5dab	24095
raw	zone_wide_corridor_final_v3/robots/r2/rgb/00317.png	8203340d5adf1d27e38af4a021c5a8b8fb4c1c95ebce1b4ab6ad3ed7e35d5dab	24095
raw	zone_wide_corridor_final_v3/robots/r2/rgb/00318.png	8203340d5adf1d27e38af4a021c5a8b8fb4c1c95ebce1b4ab6ad3ed7e35d5dab	24095
raw	zone_wide_corridor_final_v3/robots/r2/rgb/00319.png	8203340d5adf1d27e38af4a021c5a8b8fb4c1c95ebce1b4ab6ad3ed7e35d5dab	24095
raw	zone_wide_corridor_final_v3/robots/r2/rgb/00320.png	8203340d5adf1d27e38af4a021c5a8b8fb4c1c95ebce1b4ab6ad3ed7e35d5dab	24095
raw	zone_wide_corridor_final_v3/robots/r2/rgb/00321.png	8203340d5adf1d27e38af4a021c5a8b8fb4c1c95ebce1b4ab6ad3ed7e35d5dab	24095
raw	zone_wide_corridor_final_v3/robots/r2/rgb/00322.png	8203340d5adf1d27e38af4a021c5a8b8fb4c1c95ebce1b4ab6ad3ed7e35d5dab	24095
raw	zone_wide_corridor_final_v3/robots/r2/rgb/00323.png	8203340d5adf1d27e38af4a021c5a8b8fb4c1c95ebce1b4ab6ad3ed7e35d5dab	24095
raw	zone_wide_corridor_final_v3/robots/r2/rgb/00324.png	8203340d5adf1d27e38af4a021c5a8b8fb4c1c95ebce1b4ab6ad3ed7e35d5dab	24095
raw	zone_wide_corridor_final_v3/robots/r2/rgb/00325.png	8203340d5adf1d27e38af4a021c5a8b8fb4c1c95ebce1b4ab6ad3ed7e35d5dab	24095
raw	zone_wide_corridor_final_v3/robots/r2/rgb/00326.png	8203340d5adf1d27e38af4a021c5a8b8fb4c1c95ebce1b4ab6ad3ed7e35d5dab	24095
raw	zone_wide_corridor_final_v3/robots/r2/rgb/00327.png	8203340d5adf1d27e38af4a021c5a8b8fb4c1c95ebce1b4ab6ad3ed7e35d5dab	24095
raw	zone_wide_corridor_final_v3/robots/r2/rgb/00328.png	8203340d5adf1d27e38af4a021c5a8b8fb4c1c95ebce1b4ab6ad3ed7e35d5dab	24095
raw	zone_wide_corridor_final_v3/robots/r2/rgb/00329.png	8203340d5adf1d27e38af4a021c5a8b8fb4c1c95ebce1b4ab6ad3ed7e35d5dab	24095
raw	zone_wide_corridor_final_v3/robots/r2/rgb/00330.png	8203340d5adf1d27e38af4a021c5a8b8fb4c1c95ebce1b4ab6ad3ed7e35d5dab	24095
raw	zone_wide_corridor_final_v3/robots/r2/rgb/00331.png	8203340d5adf1d27e38af4a021c5a8b8fb4c1c95ebce1b4ab6ad3ed7e35d5dab	24095
raw	zone_wide_corridor_final_v3/robots/r2/rgb/00332.png	8203340d5adf1d27e38af4a021c5a8b8fb4c1c95ebce1b4ab6ad3ed7e35d5dab	24095
raw	zone_wide_corridor_final_v3/robots/r2/rgb/00333.png	8203340d5adf1d27e38af4a021c5a8b8fb4c1c95ebce1b4ab6ad3ed7e35d5dab	24095
raw	zone_wide_corridor_final_v3/robots/r2/rgb/00334.png	8203340d5adf1d27e38af4a021c5a8b8fb4c1c95ebce1b4ab6ad3ed7e35d5dab	24095
raw	zone_wide_corridor_final_v3/robots/r2/rgb/00335.png	8203340d5adf1d27e38af4a021c5a8b8fb4c1c95ebce1b4ab6ad3ed7e35d5dab	24095
raw	zone_wide_corridor_final_v3/robots/r2/rgb/00336.png	8203340d5adf1d27e38af4a021c5a8b8fb4c1c95ebce1b4ab6ad3ed7e35d5dab	24095
raw	zone_wide_corridor_final_v3/robots/r2/rgb/00337.png	8203340d5adf1d27e38af4a021c5a8b8fb4c1c95ebce1b4ab6ad3ed7e35d5dab	24095
raw	zone_wide_corridor_final_v3/robots/r2/rgb/00338.png	8203340d5adf1d27e38af4a021c5a8b8fb4c1c95ebce1b4ab6ad3ed7e35d5dab	24095
raw	zone_wide_corridor_final_v3/robots/r2/rgb/00339.png	8203340d5adf1d27e38af4a021c5a8b8fb4c1c95ebce1b4ab6ad3ed7e35d5dab	24095
raw	zone_wide_corridor_final_v3/robots/r2/rgb/00340.png	8203340d5adf1d27e38af4a021c5a8b8fb4c1c95ebce1b4ab6ad3ed7e35d5dab	24095
raw	zone_wide_corridor_final_v3/robots/r2/rgb/00341.png	8203340d5adf1d27e38af4a021c5a8b8fb4c1c95ebce1b4ab6ad3ed7e35d5dab	24095
raw	zone_wide_corridor_final_v3/robots/r2/rgb/00342.png	8203340d5adf1d27e38af4a021c5a8b8fb4c1c95ebce1b4ab6ad3ed7e35d5dab	24095
raw	zone_wide_corridor_final_v3/robots/r2/rgb/00343.png	8203340d5adf1d27e38af4a021c5a8b8fb4c1c95ebce1b4ab6ad3ed7e35d5dab	24095
raw	zone_wide_corridor_final_v3/robots/r2/rgb/00344.png	8203340d5adf1d27e38af4a021c5a8b8fb4c1c95ebce1b4ab6ad3ed7e35d5dab	24095
raw	zone_wide_corridor_final_v3/robots/r2/rgb/00345.png	8203340d5adf1d27e38af4a021c5a8b8fb4c1c95ebce1b4ab6ad3ed7e35d5dab	24095
raw	zone_wide_corridor_final_v3/robots/r2/rgb/00346.png	8203340d5adf1d27e38af4a021c5a8b8fb4c1c95ebce1b4ab6ad3ed7e35d5dab	24095
raw	zone_wide_corridor_final_v3/robots/r2/rgb/00347.png	8203340d5adf1d27e38af4a021c5a8b8fb4c1c95ebce1b4ab6ad3ed7e35d5dab	24095
raw	zone_wide_corridor_final_v3/robots/r2/rgb/00348.png	8203340d5adf1d27e38af4a021c5a8b8fb4c1c95ebce1b4ab6ad3ed7e35d5dab	24095
raw	zone_wide_corridor_final_v3/robots/r2/rgb/00349.png	8203340d5adf1d27e38af4a021c5a8b8fb4c1c95ebce1b4ab6ad3ed7e35d5dab	24095
raw	zone_wide_corridor_final_v3/robots/r2/rgb/00350.png	8203340d5adf1d27e38af4a021c5a8b8fb4c1c95ebce1b4ab6ad3ed7e35d5dab	24095
raw	zone_wide_corridor_final_v3/robots/r2/rgb/00351.png	8203340d5adf1d27e38af4a021c5a8b8fb4c1c95ebce1b4ab6ad3ed7e35d5dab	24095
raw	zone_wide_corridor_final_v3/robots/r2/rgb/00352.png	8203340d5adf1d27e38af4a021c5a8b8fb4c1c95ebce1b4ab6ad3ed7e35d5dab	24095
raw	zone_wide_corridor_final_v3/robots/r2/rgb/00353.png	8203340d5adf1d27e38af4a021c5a8b8fb4c1c95ebce1b4ab6ad3ed7e35d5dab	24095
raw	zone_wide_corridor_final_v3/robots/r2/rgb/00354.png	8203340d5adf1d27e38af4a021c5a8b8fb4c1c95ebce1b4ab6ad3ed7e35d5dab	24095
raw	zone_wide_corridor_final_v3/robots/r2/rgb/00355.png	8203340d5adf1d27e38af4a021c5a8b8fb4c1c95ebce1b4ab6ad3ed7e35d5dab	24095
raw	zone_wide_corridor_final_v3/robots/r2/rgb/00356.png	8203340d5adf1d27e38af4a021c5a8b8fb4c1c95ebce1b4ab6ad3ed7e35d5dab	24095
raw	zone_wide_corridor_final_v3/robots/r2/rgb/00357.png	8203340d5adf1d27e38af4a021c5a8b8fb4c1c95ebce1b4ab6ad3ed7e35d5dab	24095
raw	zone_wide_corridor_final_v3/robots/r2/rgb/00358.png	8203340d5adf1d27e38af4a021c5a8b8fb4c1c95ebce1b4ab6ad3ed7e35d5dab	24095
raw	zone_wide_corridor_final_v3/robots/r2/rgb/00359.png	8203340d5adf1d27e38af4a021c5a8b8fb4c1c95ebce1b4ab6ad3ed7e35d5dab	24095
raw	zone_wide_corridor_final_v3/robots/r2/rgb/00360.png	8203340d5adf1d27e38af4a021c5a8b8fb4c1c95ebce1b4ab6ad3ed7e35d5dab	24095
raw	zone_wide_corridor_final_v3/robots/r2/rgb/00361.png	8203340d5adf1d27e38af4a021c5a8b8fb4c1c95ebce1b4ab6ad3ed7e35d5dab	24095
raw	zone_wide_corridor_final_v3/robots/r2/rgb/00362.png	8203340d5adf1d27e38af4a021c5a8b8fb4c1c95ebce1b4ab6ad3ed7e35d5dab	24095
raw	zone_wide_corridor_final_v3/robots/r2/rgb/00363.png	8203340d5adf1d27e38af4a021c5a8b8fb4c1c95ebce1b4ab6ad3ed7e35d5dab	24095
raw	zone_wide_corridor_final_v3/robots/r2/rgb/00364.png	8203340d5adf1d27e38af4a021c5a8b8fb4c1c95ebce1b4ab6ad3ed7e35d5dab	24095
raw	zone_wide_corridor_final_v3/robots/r2/rgb/00365.png	8203340d5adf1d27e38af4a021c5a8b8fb4c1c95ebce1b4ab6ad3ed7e35d5dab	24095
raw	zone_wide_corridor_final_v3/robots/r2/rgb/00366.png	8203340d5adf1d27e38af4a021c5a8b8fb4c1c95ebce1b4ab6ad3ed7e35d5dab	24095
raw	zone_wide_corridor_final_v3/robots/r2/rgb/00367.png	8203340d5adf1d27e38af4a021c5a8b8fb4c1c95ebce1b4ab6ad3ed7e35d5dab	24095
raw	zone_wide_corridor_final_v3/robots/r2/rgb/00368.png	8203340d5adf1d27e38af4a021c5a8b8fb4c1c95ebce1b4ab6ad3ed7e35d5dab	24095
raw	zone_wide_corridor_final_v3/robots/r2/rgb/00369.png	8203340d5adf1d27e38af4a021c5a8b8fb4c1c95ebce1b4ab6ad3ed7e35d5dab	24095
raw	zone_wide_corridor_final_v3/robots/r2/rgb/00370.png	8203340d5adf1d27e38af4a021c5a8b8fb4c1c95ebce1b4ab6ad3ed7e35d5dab	24095
raw	zone_wide_corridor_final_v3/robots/r2/rgb/00371.png	8203340d5adf1d27e38af4a021c5a8b8fb4c1c95ebce1b4ab6ad3ed7e35d5dab	24095
raw	zone_wide_corridor_final_v3/robots/r2/rgb/00372.png	8203340d5adf1d27e38af4a021c5a8b8fb4c1c95ebce1b4ab6ad3ed7e35d5dab	24095
raw	zone_wide_corridor_final_v3/robots/r2/rgb/00373.png	8203340d5adf1d27e38af4a021c5a8b8fb4c1c95ebce1b4ab6ad3ed7e35d5dab	24095
raw	zone_wide_corridor_final_v3/robots/r2/rgb/00374.png	8203340d5adf1d27e38af4a021c5a8b8fb4c1c95ebce1b4ab6ad3ed7e35d5dab	24095
raw	zone_wide_corridor_final_v3/robots/r2/rgb/00375.png	8203340d5adf1d27e38af4a021c5a8b8fb4c1c95ebce1b4ab6ad3ed7e35d5dab	24095
raw	zone_wide_corridor_final_v3/robots/r2/rgb/00376.png	8203340d5adf1d27e38af4a021c5a8b8fb4c1c95ebce1b4ab6ad3ed7e35d5dab	24095
raw	zone_wide_corridor_final_v3/robots/r2/rgb/00377.png	8203340d5adf1d27e38af4a021c5a8b8fb4c1c95ebce1b4ab6ad3ed7e35d5dab	24095
raw	zone_wide_corridor_final_v3/robots/r2/rgb/00378.png	8203340d5adf1d27e38af4a021c5a8b8fb4c1c95ebce1b4ab6ad3ed7e35d5dab	24095
raw	zone_wide_corridor_final_v3/robots/r2/rgb/00379.png	8203340d5adf1d27e38af4a021c5a8b8fb4c1c95ebce1b4ab6ad3ed7e35d5dab	24095
raw	zone_wide_corridor_final_v3/robots/r2/rgb/00380.png	8203340d5adf1d27e38af4a021c5a8b8fb4c1c95ebce1b4ab6ad3ed7e35d5dab	24095
raw	zone_wide_corridor_final_v3/robots/r2/rgb/00381.png	8203340d5adf1d27e38af4a021c5a8b8fb4c1c95ebce1b4ab6ad3ed7e35d5dab	24095
raw	zone_wide_corridor_final_v3/robots/r2/rgb/00382.png	8203340d5adf1d27e38af4a021c5a8b8fb4c1c95ebce1b4ab6ad3ed7e35d5dab	24095
raw	zone_wide_corridor_final_v3/robots/r2/rgb/00383.png	8203340d5adf1d27e38af4a021c5a8b8fb4c1c95ebce1b4ab6ad3ed7e35d5dab	24095
raw	zone_wide_corridor_final_v3/robots/r2/rgb/00384.png	8203340d5adf1d27e38af4a021c5a8b8fb4c1c95ebce1b4ab6ad3ed7e35d5dab	24095
raw	zone_wide_corridor_final_v3/robots/r2/rgb/00385.png	8203340d5adf1d27e38af4a021c5a8b8fb4c1c95ebce1b4ab6ad3ed7e35d5dab	24095
raw	zone_wide_corridor_final_v3/robots/r2/rgb/00386.png	8203340d5adf1d27e38af4a021c5a8b8fb4c1c95ebce1b4ab6ad3ed7e35d5dab	24095
raw	zone_wide_corridor_final_v3/robots/r2/rgb/00387.png	8203340d5adf1d27e38af4a021c5a8b8fb4c1c95ebce1b4ab6ad3ed7e35d5dab	24095
raw	zone_wide_corridor_final_v3/robots/r2/rgb/00388.png	8203340d5adf1d27e38af4a021c5a8b8fb4c1c95ebce1b4ab6ad3ed7e35d5dab	24095
raw	zone_wide_corridor_final_v3/robots/r2/rgb/00389.png	8203340d5adf1d27e38af4a021c5a8b8fb4c1c95ebce1b4ab6ad3ed7e35d5dab	24095
raw	zone_wide_corridor_final_v3/robots/r2/rgb/00390.png	8203340d5adf1d27e38af4a021c5a8b8fb4c1c95ebce1b4ab6ad3ed7e35d5dab	24095
raw	zone_wide_corridor_final_v3/robots/r2/rgb/00391.png	8203340d5adf1d27e38af4a021c5a8b8fb4c1c95ebce1b4ab6ad3ed7e35d5dab	24095
raw	zone_wide_corridor_final_v3/robots/r2/rgb/00392.png	8203340d5adf1d27e38af4a021c5a8b8fb4c1c95ebce1b4ab6ad3ed7e35d5dab	24095
raw	zone_wide_corridor_final_v3/robots/r2/rgb/00393.png	8203340d5adf1d27e38af4a021c5a8b8fb4c1c95ebce1b4ab6ad3ed7e35d5dab	24095
raw	zone_wide_corridor_final_v3/robots/r2/rgb/00394.png	8203340d5adf1d27e38af4a021c5a8b8fb4c1c95ebce1b4ab6ad3ed7e35d5dab	24095
raw	zone_wide_corridor_final_v3/robots/r2/rgb/00395.png	8203340d5adf1d27e38af4a021c5a8b8fb4c1c95ebce1b4ab6ad3ed7e35d5dab	24095
raw	zone_wide_corridor_final_v3/robots/r2/rgb/00396.png	8203340d5adf1d27e38af4a021c5a8b8fb4c1c95ebce1b4ab6ad3ed7e35d5dab	24095
raw	zone_wide_corridor_final_v3/robots/r2/rgb/00397.png	8203340d5adf1d27e38af4a021c5a8b8fb4c1c95ebce1b4ab6ad3ed7e35d5dab	24095
raw	zone_wide_corridor_final_v3/robots/r2/rgb/00398.png	8203340d5adf1d27e38af4a021c5a8b8fb4c1c95ebce1b4ab6ad3ed7e35d5dab	24095
raw	zone_wide_corridor_final_v3/robots/r2/rgb/00399.png	8203340d5adf1d27e38af4a021c5a8b8fb4c1c95ebce1b4ab6ad3ed7e35d5dab	24095
raw	zone_wide_corridor_final_v3/robots/r2/rgb/00400.png	8203340d5adf1d27e38af4a021c5a8b8fb4c1c95ebce1b4ab6ad3ed7e35d5dab	24095
raw	zone_wide_corridor_final_v3/robots/r2/rgb/00401.png	8203340d5adf1d27e38af4a021c5a8b8fb4c1c95ebce1b4ab6ad3ed7e35d5dab	24095
raw	zone_wide_corridor_final_v3/robots/r2/rgb/00402.png	8203340d5adf1d27e38af4a021c5a8b8fb4c1c95ebce1b4ab6ad3ed7e35d5dab	24095
raw	zone_wide_corridor_final_v3/robots/r2/rgb/00403.png	8203340d5adf1d27e38af4a021c5a8b8fb4c1c95ebce1b4ab6ad3ed7e35d5dab	24095
raw	zone_wide_corridor_final_v3/robots/r2/rgb/00404.png	8203340d5adf1d27e38af4a021c5a8b8fb4c1c95ebce1b4ab6ad3ed7e35d5dab	24095
raw	zone_wide_corridor_final_v3/robots/r2/rgb/00405.png	8203340d5adf1d27e38af4a021c5a8b8fb4c1c95ebce1b4ab6ad3ed7e35d5dab	24095
raw	zone_wide_corridor_final_v3/robots/r2/rgb/00406.png	8203340d5adf1d27e38af4a021c5a8b8fb4c1c95ebce1b4ab6ad3ed7e35d5dab	24095
raw	zone_wide_corridor_final_v3/robots/r2/rgb/00407.png	8203340d5adf1d27e38af4a021c5a8b8fb4c1c95ebce1b4ab6ad3ed7e35d5dab	24095
raw	zone_wide_corridor_final_v3/robots/r2/rgb/00408.png	8203340d5adf1d27e38af4a021c5a8b8fb4c1c95ebce1b4ab6ad3ed7e35d5dab	24095
raw	zone_wide_corridor_final_v3/robots/r2/rgb/00409.png	8203340d5adf1d27e38af4a021c5a8b8fb4c1c95ebce1b4ab6ad3ed7e35d5dab	24095
raw	zone_wide_corridor_final_v3/robots/r2/rgb/00410.png	8203340d5adf1d27e38af4a021c5a8b8fb4c1c95ebce1b4ab6ad3ed7e35d5dab	24095
raw	zone_wide_corridor_final_v3/robots/r2/rgb/00411.png	8203340d5adf1d27e38af4a021c5a8b8fb4c1c95ebce1b4ab6ad3ed7e35d5dab	24095
raw	zone_wide_corridor_final_v3/robots/r2/rgb/00412.png	8203340d5adf1d27e38af4a021c5a8b8fb4c1c95ebce1b4ab6ad3ed7e35d5dab	24095
raw	zone_wide_corridor_final_v3/robots/r2/rgb/00413.png	8203340d5adf1d27e38af4a021c5a8b8fb4c1c95ebce1b4ab6ad3ed7e35d5dab	24095
raw	zone_wide_corridor_final_v3/robots/r2/rgb/00414.png	8203340d5adf1d27e38af4a021c5a8b8fb4c1c95ebce1b4ab6ad3ed7e35d5dab	24095
raw	zone_wide_corridor_final_v3/robots/r2/rgb/00415.png	8203340d5adf1d27e38af4a021c5a8b8fb4c1c95ebce1b4ab6ad3ed7e35d5dab	24095
raw	zone_wide_corridor_final_v3/robots/r2/rgb/00416.png	8203340d5adf1d27e38af4a021c5a8b8fb4c1c95ebce1b4ab6ad3ed7e35d5dab	24095
raw	zone_wide_corridor_final_v3/robots/r2/rgb/00417.png	8203340d5adf1d27e38af4a021c5a8b8fb4c1c95ebce1b4ab6ad3ed7e35d5dab	24095
raw	zone_wide_corridor_final_v3/robots/r2/rgb/00418.png	8203340d5adf1d27e38af4a021c5a8b8fb4c1c95ebce1b4ab6ad3ed7e35d5dab	24095
raw	zone_wide_corridor_final_v3/robots/r2/rgb/00419.png	8203340d5adf1d27e38af4a021c5a8b8fb4c1c95ebce1b4ab6ad3ed7e35d5dab	24095
raw	zone_wide_corridor_final_v3/robots/r2/rgb/00420.png	8203340d5adf1d27e38af4a021c5a8b8fb4c1c95ebce1b4ab6ad3ed7e35d5dab	24095
raw	zone_wide_corridor_final_v3/robots/r2/rgb/00421.png	8203340d5adf1d27e38af4a021c5a8b8fb4c1c95ebce1b4ab6ad3ed7e35d5dab	24095
raw	zone_wide_corridor_final_v3/robots/r2/rgb/00422.png	8203340d5adf1d27e38af4a021c5a8b8fb4c1c95ebce1b4ab6ad3ed7e35d5dab	24095
raw	zone_wide_corridor_final_v3/robots/r2/rgb/00423.png	8203340d5adf1d27e38af4a021c5a8b8fb4c1c95ebce1b4ab6ad3ed7e35d5dab	24095
raw	zone_wide_corridor_final_v3/robots/r2/rgb/00424.png	8203340d5adf1d27e38af4a021c5a8b8fb4c1c95ebce1b4ab6ad3ed7e35d5dab	24095
raw	zone_wide_corridor_final_v3/robots/r2/rgb/00425.png	8203340d5adf1d27e38af4a021c5a8b8fb4c1c95ebce1b4ab6ad3ed7e35d5dab	24095
raw	zone_wide_corridor_final_v3/robots/r2/rgb/00426.png	8203340d5adf1d27e38af4a021c5a8b8fb4c1c95ebce1b4ab6ad3ed7e35d5dab	24095
raw	zone_wide_corridor_final_v3/robots/r2/rgb/00427.png	8203340d5adf1d27e38af4a021c5a8b8fb4c1c95ebce1b4ab6ad3ed7e35d5dab	24095
raw	zone_wide_corridor_final_v3/robots/r2/rgb/00428.png	8203340d5adf1d27e38af4a021c5a8b8fb4c1c95ebce1b4ab6ad3ed7e35d5dab	24095
raw	zone_wide_corridor_final_v3/robots/r2/rgb/00429.png	8203340d5adf1d27e38af4a021c5a8b8fb4c1c95ebce1b4ab6ad3ed7e35d5dab	24095
raw	zone_wide_corridor_final_v3/robots/r2/rgb/00430.png	8203340d5adf1d27e38af4a021c5a8b8fb4c1c95ebce1b4ab6ad3ed7e35d5dab	24095
raw	zone_wide_corridor_final_v3/robots/r2/rgb/00431.png	8203340d5adf1d27e38af4a021c5a8b8fb4c1c95ebce1b4ab6ad3ed7e35d5dab	24095
raw	zone_wide_corridor_final_v3/robots/r2/rgb/00432.png	8203340d5adf1d27e38af4a021c5a8b8fb4c1c95ebce1b4ab6ad3ed7e35d5dab	24095
raw	zone_wide_corridor_final_v3/robots/r2/rgb/00433.png	8203340d5adf1d27e38af4a021c5a8b8fb4c1c95ebce1b4ab6ad3ed7e35d5dab	24095
raw	zone_wide_corridor_final_v3/robots/r2/rgb/00434.png	8203340d5adf1d27e38af4a021c5a8b8fb4c1c95ebce1b4ab6ad3ed7e35d5dab	24095
raw	zone_wide_corridor_final_v3/robots/r2/rgb/00435.png	8203340d5adf1d27e38af4a021c5a8b8fb4c1c95ebce1b4ab6ad3ed7e35d5dab	24095
raw	zone_wide_corridor_final_v3/robots/r2/rgb/00436.png	8203340d5adf1d27e38af4a021c5a8b8fb4c1c95ebce1b4ab6ad3ed7e35d5dab	24095
raw	zone_wide_corridor_final_v3/robots/r2/rgb/00437.png	8203340d5adf1d27e38af4a021c5a8b8fb4c1c95ebce1b4ab6ad3ed7e35d5dab	24095
raw	zone_wide_corridor_final_v3/robots/r2/rgb/00438.png	8203340d5adf1d27e38af4a021c5a8b8fb4c1c95ebce1b4ab6ad3ed7e35d5dab	24095
raw	zone_wide_corridor_final_v3/robots/r2/rgb/00439.png	8203340d5adf1d27e38af4a021c5a8b8fb4c1c95ebce1b4ab6ad3ed7e35d5dab	24095
raw	zone_wide_corridor_final_v3/robots/r2/rgb/00440.png	8203340d5adf1d27e38af4a021c5a8b8fb4c1c95ebce1b4ab6ad3ed7e35d5dab	24095
raw	zone_wide_corridor_final_v3/robots/r2/rgb/00441.png	8203340d5adf1d27e38af4a021c5a8b8fb4c1c95ebce1b4ab6ad3ed7e35d5dab	24095
raw	zone_wide_corridor_final_v3/robots/r2/rgb/00442.png	8203340d5adf1d27e38af4a021c5a8b8fb4c1c95ebce1b4ab6ad3ed7e35d5dab	24095
raw	zone_wide_corridor_final_v3/robots/r2/rgb/00443.png	8203340d5adf1d27e38af4a021c5a8b8fb4c1c95ebce1b4ab6ad3ed7e35d5dab	24095
raw	zone_wide_corridor_final_v3/robots/r2/rgb/00444.png	8203340d5adf1d27e38af4a021c5a8b8fb4c1c95ebce1b4ab6ad3ed7e35d5dab	24095
raw	zone_wide_corridor_final_v3/robots/r2/rgb/00445.png	8203340d5adf1d27e38af4a021c5a8b8fb4c1c95ebce1b4ab6ad3ed7e35d5dab	24095
raw	zone_wide_corridor_final_v3/robots/r2/rgb/00446.png	8203340d5adf1d27e38af4a021c5a8b8fb4c1c95ebce1b4ab6ad3ed7e35d5dab	24095
raw	zone_wide_corridor_final_v3/robots/r2/rgb/00447.png	8203340d5adf1d27e38af4a021c5a8b8fb4c1c95ebce1b4ab6ad3ed7e35d5dab	24095
raw	zone_wide_corridor_final_v3/robots/r2/rgb/00448.png	8203340d5adf1d27e38af4a021c5a8b8fb4c1c95ebce1b4ab6ad3ed7e35d5dab	24095
raw	zone_wide_corridor_final_v3/robots/r2/rgb/00449.png	8203340d5adf1d27e38af4a021c5a8b8fb4c1c95ebce1b4ab6ad3ed7e35d5dab	24095
raw	zone_wide_corridor_final_v3/robots/r2/rgb/00450.png	8203340d5adf1d27e38af4a021c5a8b8fb4c1c95ebce1b4ab6ad3ed7e35d5dab	24095
raw	zone_wide_corridor_final_v3/robots/r2/rgb/00451.png	8203340d5adf1d27e38af4a021c5a8b8fb4c1c95ebce1b4ab6ad3ed7e35d5dab	24095
raw	zone_wide_corridor_final_v3/robots/r2/rgb/00452.png	8203340d5adf1d27e38af4a021c5a8b8fb4c1c95ebce1b4ab6ad3ed7e35d5dab	24095
raw	zone_wide_corridor_final_v3/robots/r2/rgb/00453.png	8203340d5adf1d27e38af4a021c5a8b8fb4c1c95ebce1b4ab6ad3ed7e35d5dab	24095
raw	zone_wide_corridor_final_v3/robots/r2/rgb/00454.png	8203340d5adf1d27e38af4a021c5a8b8fb4c1c95ebce1b4ab6ad3ed7e35d5dab	24095
raw	zone_wide_corridor_final_v3/robots/r2/rgb/00455.png	8203340d5adf1d27e38af4a021c5a8b8fb4c1c95ebce1b4ab6ad3ed7e35d5dab	24095
raw	zone_wide_corridor_final_v3/robots/r2/rgb/00456.png	8203340d5adf1d27e38af4a021c5a8b8fb4c1c95ebce1b4ab6ad3ed7e35d5dab	24095
raw	zone_wide_corridor_final_v3/robots/r2/rgb/00457.png	8203340d5adf1d27e38af4a021c5a8b8fb4c1c95ebce1b4ab6ad3ed7e35d5dab	24095
raw	zone_wide_corridor_final_v3/robots/r2/rgb/00458.png	8203340d5adf1d27e38af4a021c5a8b8fb4c1c95ebce1b4ab6ad3ed7e35d5dab	24095
raw	zone_wide_corridor_final_v3/robots/r2/rgb/00459.png	8203340d5adf1d27e38af4a021c5a8b8fb4c1c95ebce1b4ab6ad3ed7e35d5dab	24095
raw	zone_wide_corridor_final_v3/robots/r2/rgb/00460.png	8203340d5adf1d27e38af4a021c5a8b8fb4c1c95ebce1b4ab6ad3ed7e35d5dab	24095
raw	zone_wide_corridor_final_v3/robots/r2/rgb/00461.png	8203340d5adf1d27e38af4a021c5a8b8fb4c1c95ebce1b4ab6ad3ed7e35d5dab	24095
raw	zone_wide_corridor_final_v3/robots/r2/rgb/00462.png	8203340d5adf1d27e38af4a021c5a8b8fb4c1c95ebce1b4ab6ad3ed7e35d5dab	24095
raw	zone_wide_corridor_final_v3/robots/r2/rgb/00463.png	8203340d5adf1d27e38af4a021c5a8b8fb4c1c95ebce1b4ab6ad3ed7e35d5dab	24095
raw	zone_wide_corridor_final_v3/robots/r2/rgb/00464.png	8203340d5adf1d27e38af4a021c5a8b8fb4c1c95ebce1b4ab6ad3ed7e35d5dab	24095
raw	zone_wide_corridor_final_v3/robots/r2/rgb/00465.png	8203340d5adf1d27e38af4a021c5a8b8fb4c1c95ebce1b4ab6ad3ed7e35d5dab	24095
raw	zone_wide_corridor_final_v3/robots/r2/rgb/00466.png	8203340d5adf1d27e38af4a021c5a8b8fb4c1c95ebce1b4ab6ad3ed7e35d5dab	24095
raw	zone_wide_corridor_final_v3/robots/r2/rgb/00467.png	8203340d5adf1d27e38af4a021c5a8b8fb4c1c95ebce1b4ab6ad3ed7e35d5dab	24095
raw	zone_wide_corridor_final_v3/robots/r2/rgb/00468.png	8203340d5adf1d27e38af4a021c5a8b8fb4c1c95ebce1b4ab6ad3ed7e35d5dab	24095
raw	zone_wide_corridor_final_v3/robots/r2/rgb/00469.png	8203340d5adf1d27e38af4a021c5a8b8fb4c1c95ebce1b4ab6ad3ed7e35d5dab	24095
raw	zone_wide_corridor_final_v3/robots/r2/rgb/00470.png	8203340d5adf1d27e38af4a021c5a8b8fb4c1c95ebce1b4ab6ad3ed7e35d5dab	24095
raw	zone_wide_corridor_final_v3/robots/r2/rgb/00471.png	8203340d5adf1d27e38af4a021c5a8b8fb4c1c95ebce1b4ab6ad3ed7e35d5dab	24095
raw	zone_wide_corridor_final_v3/robots/r2/rgb/00472.png	8203340d5adf1d27e38af4a021c5a8b8fb4c1c95ebce1b4ab6ad3ed7e35d5dab	24095
raw	zone_wide_corridor_final_v3/robots/r2/rgb/00473.png	8203340d5adf1d27e38af4a021c5a8b8fb4c1c95ebce1b4ab6ad3ed7e35d5dab	24095
raw	zone_wide_corridor_final_v3/robots/r2/rgb/00474.png	8203340d5adf1d27e38af4a021c5a8b8fb4c1c95ebce1b4ab6ad3ed7e35d5dab	24095
raw	zone_wide_corridor_final_v3/robots/r2/rgb/00475.png	8203340d5adf1d27e38af4a021c5a8b8fb4c1c95ebce1b4ab6ad3ed7e35d5dab	24095
raw	zone_wide_corridor_final_v3/robots/r2/rgb/00476.png	8203340d5adf1d27e38af4a021c5a8b8fb4c1c95ebce1b4ab6ad3ed7e35d5dab	24095
raw	zone_wide_corridor_final_v3/robots/r2/rgb/00477.png	8203340d5adf1d27e38af4a021c5a8b8fb4c1c95ebce1b4ab6ad3ed7e35d5dab	24095
raw	zone_wide_corridor_final_v3/robots/r2/rgb/00478.png	8203340d5adf1d27e38af4a021c5a8b8fb4c1c95ebce1b4ab6ad3ed7e35d5dab	24095
raw	zone_wide_corridor_final_v3/robots/r2/rgb/00479.png	8203340d5adf1d27e38af4a021c5a8b8fb4c1c95ebce1b4ab6ad3ed7e35d5dab	24095
raw	zone_wide_corridor_final_v3/robots/r2/rgb/00480.png	8203340d5adf1d27e38af4a021c5a8b8fb4c1c95ebce1b4ab6ad3ed7e35d5dab	24095
raw	zone_wide_corridor_final_v3/robots/r2/rgb/00481.png	8203340d5adf1d27e38af4a021c5a8b8fb4c1c95ebce1b4ab6ad3ed7e35d5dab	24095
raw	zone_wide_corridor_final_v3/robots/r2/rgb/00482.png	8203340d5adf1d27e38af4a021c5a8b8fb4c1c95ebce1b4ab6ad3ed7e35d5dab	24095
raw	zone_wide_corridor_final_v3/robots/r2/rgb/00483.png	8203340d5adf1d27e38af4a021c5a8b8fb4c1c95ebce1b4ab6ad3ed7e35d5dab	24095
raw	zone_wide_corridor_final_v3/robots/r2/rgb/00484.png	8203340d5adf1d27e38af4a021c5a8b8fb4c1c95ebce1b4ab6ad3ed7e35d5dab	24095
raw	zone_wide_corridor_final_v3/robots/r2/rgb/00485.png	8203340d5adf1d27e38af4a021c5a8b8fb4c1c95ebce1b4ab6ad3ed7e35d5dab	24095
raw	zone_wide_corridor_final_v3/robots/r2/rgb/00486.png	8203340d5adf1d27e38af4a021c5a8b8fb4c1c95ebce1b4ab6ad3ed7e35d5dab	24095
raw	zone_wide_corridor_final_v3/robots/r2/rgb/00487.png	8203340d5adf1d27e38af4a021c5a8b8fb4c1c95ebce1b4ab6ad3ed7e35d5dab	24095
raw	zone_wide_corridor_final_v3/robots/r2/rgb/00488.png	8203340d5adf1d27e38af4a021c5a8b8fb4c1c95ebce1b4ab6ad3ed7e35d5dab	24095
raw	zone_wide_corridor_final_v3/robots/r2/rgb/00489.png	8203340d5adf1d27e38af4a021c5a8b8fb4c1c95ebce1b4ab6ad3ed7e35d5dab	24095
raw	zone_wide_corridor_final_v3/robots/r2/rgb/00490.png	8203340d5adf1d27e38af4a021c5a8b8fb4c1c95ebce1b4ab6ad3ed7e35d5dab	24095
raw	zone_wide_corridor_final_v3/robots/r2/rgb/00491.png	8203340d5adf1d27e38af4a021c5a8b8fb4c1c95ebce1b4ab6ad3ed7e35d5dab	24095
raw	zone_wide_corridor_final_v3/robots/r2/rgb/00492.png	8203340d5adf1d27e38af4a021c5a8b8fb4c1c95ebce1b4ab6ad3ed7e35d5dab	24095
raw	zone_wide_corridor_final_v3/robots/r2/rgb/00493.png	8203340d5adf1d27e38af4a021c5a8b8fb4c1c95ebce1b4ab6ad3ed7e35d5dab	24095
raw	zone_wide_corridor_final_v3/robots/r2/rgb/00494.png	8203340d5adf1d27e38af4a021c5a8b8fb4c1c95ebce1b4ab6ad3ed7e35d5dab	24095
raw	zone_wide_corridor_final_v3/robots/r2/rgb/00495.png	8203340d5adf1d27e38af4a021c5a8b8fb4c1c95ebce1b4ab6ad3ed7e35d5dab	24095
raw	zone_wide_corridor_final_v3/robots/r2/rgb/00496.png	8203340d5adf1d27e38af4a021c5a8b8fb4c1c95ebce1b4ab6ad3ed7e35d5dab	24095
raw	zone_wide_corridor_final_v3/robots/r2/rgb/00497.png	8203340d5adf1d27e38af4a021c5a8b8fb4c1c95ebce1b4ab6ad3ed7e35d5dab	24095
raw	zone_wide_corridor_final_v3/robots/r2/rgb/00498.png	8203340d5adf1d27e38af4a021c5a8b8fb4c1c95ebce1b4ab6ad3ed7e35d5dab	24095
raw	zone_wide_corridor_final_v3/robots/r2/rgb/00499.png	8203340d5adf1d27e38af4a021c5a8b8fb4c1c95ebce1b4ab6ad3ed7e35d5dab	24095
raw	zone_wide_corridor_final_v3/robots/r2/rgb/00500.png	8203340d5adf1d27e38af4a021c5a8b8fb4c1c95ebce1b4ab6ad3ed7e35d5dab	24095
raw	zone_wide_corridor_final_v3/robots/r2/rgb/00501.png	8203340d5adf1d27e38af4a021c5a8b8fb4c1c95ebce1b4ab6ad3ed7e35d5dab	24095
raw	zone_wide_corridor_final_v3/robots/r2/rgb/00502.png	8203340d5adf1d27e38af4a021c5a8b8fb4c1c95ebce1b4ab6ad3ed7e35d5dab	24095
raw	zone_wide_corridor_final_v3/robots/r2/rgb/00503.png	8203340d5adf1d27e38af4a021c5a8b8fb4c1c95ebce1b4ab6ad3ed7e35d5dab	24095
raw	zone_wide_corridor_final_v3/robots/r2/rgb/00504.png	8203340d5adf1d27e38af4a021c5a8b8fb4c1c95ebce1b4ab6ad3ed7e35d5dab	24095
raw	zone_wide_corridor_final_v3/robots/r2/rgb/00505.png	8203340d5adf1d27e38af4a021c5a8b8fb4c1c95ebce1b4ab6ad3ed7e35d5dab	24095
raw	zone_wide_corridor_final_v3/robots/r2/rgb/00506.png	8203340d5adf1d27e38af4a021c5a8b8fb4c1c95ebce1b4ab6ad3ed7e35d5dab	24095
raw	zone_wide_corridor_final_v3/robots/r2/rgb/00507.png	8203340d5adf1d27e38af4a021c5a8b8fb4c1c95ebce1b4ab6ad3ed7e35d5dab	24095
raw	zone_wide_corridor_final_v3/robots/r2/rgb/00508.png	8203340d5adf1d27e38af4a021c5a8b8fb4c1c95ebce1b4ab6ad3ed7e35d5dab	24095
raw	zone_wide_corridor_final_v3/robots/r2/rgb/00509.png	8203340d5adf1d27e38af4a021c5a8b8fb4c1c95ebce1b4ab6ad3ed7e35d5dab	24095
raw	zone_wide_corridor_final_v3/robots/r2/rgb/00510.png	8203340d5adf1d27e38af4a021c5a8b8fb4c1c95ebce1b4ab6ad3ed7e35d5dab	24095
raw	zone_wide_corridor_final_v3/robots/r2/rgb/00511.png	8203340d5adf1d27e38af4a021c5a8b8fb4c1c95ebce1b4ab6ad3ed7e35d5dab	24095
raw	zone_wide_corridor_final_v3/robots/r2/rgb/00512.png	8203340d5adf1d27e38af4a021c5a8b8fb4c1c95ebce1b4ab6ad3ed7e35d5dab	24095
raw	zone_wide_corridor_final_v3/robots/r2/rgb/00513.png	8203340d5adf1d27e38af4a021c5a8b8fb4c1c95ebce1b4ab6ad3ed7e35d5dab	24095
raw	zone_wide_corridor_final_v3/robots/r2/rgb/00514.png	8203340d5adf1d27e38af4a021c5a8b8fb4c1c95ebce1b4ab6ad3ed7e35d5dab	24095
raw	zone_wide_corridor_final_v3/robots/r2/rgb/00515.png	8203340d5adf1d27e38af4a021c5a8b8fb4c1c95ebce1b4ab6ad3ed7e35d5dab	24095
raw	zone_wide_corridor_final_v3/robots/r2/rgb/00516.png	8203340d5adf1d27e38af4a021c5a8b8fb4c1c95ebce1b4ab6ad3ed7e35d5dab	24095
raw	zone_wide_corridor_final_v3/robots/r2/rgb/00517.png	8203340d5adf1d27e38af4a021c5a8b8fb4c1c95ebce1b4ab6ad3ed7e35d5dab	24095
raw	zone_wide_corridor_final_v3/robots/r2/rgb/00518.png	8203340d5adf1d27e38af4a021c5a8b8fb4c1c95ebce1b4ab6ad3ed7e35d5dab	24095
raw	zone_wide_corridor_final_v3/robots/r2/rgb/00519.png	8203340d5adf1d27e38af4a021c5a8b8fb4c1c95ebce1b4ab6ad3ed7e35d5dab	24095
raw	zone_wide_corridor_final_v3/robots/r2/rgb/00520.png	8203340d5adf1d27e38af4a021c5a8b8fb4c1c95ebce1b4ab6ad3ed7e35d5dab	24095
raw	zone_wide_corridor_final_v3/robots/r2/rgb/00521.png	8203340d5adf1d27e38af4a021c5a8b8fb4c1c95ebce1b4ab6ad3ed7e35d5dab	24095
raw	zone_wide_corridor_final_v3/robots/r2/rgb/00522.png	8203340d5adf1d27e38af4a021c5a8b8fb4c1c95ebce1b4ab6ad3ed7e35d5dab	24095
raw	zone_wide_corridor_final_v3/robots/r2/rgb/00523.png	8203340d5adf1d27e38af4a021c5a8b8fb4c1c95ebce1b4ab6ad3ed7e35d5dab	24095
raw	zone_wide_corridor_final_v3/robots/r2/rgb/00524.png	8203340d5adf1d27e38af4a021c5a8b8fb4c1c95ebce1b4ab6ad3ed7e35d5dab	24095
raw	zone_wide_corridor_final_v3/robots/r2/rgb/00525.png	8203340d5adf1d27e38af4a021c5a8b8fb4c1c95ebce1b4ab6ad3ed7e35d5dab	24095
raw	zone_wide_corridor_final_v3/robots/r2/rgb/00526.png	8203340d5adf1d27e38af4a021c5a8b8fb4c1c95ebce1b4ab6ad3ed7e35d5dab	24095
raw	zone_wide_corridor_final_v3/robots/r2/rgb/00527.png	8203340d5adf1d27e38af4a021c5a8b8fb4c1c95ebce1b4ab6ad3ed7e35d5dab	24095
raw	zone_wide_corridor_final_v3/robots/r2/rgb/00528.png	8203340d5adf1d27e38af4a021c5a8b8fb4c1c95ebce1b4ab6ad3ed7e35d5dab	24095
raw	zone_wide_corridor_final_v3/robots/r2/rgb/00529.png	8203340d5adf1d27e38af4a021c5a8b8fb4c1c95ebce1b4ab6ad3ed7e35d5dab	24095
raw	zone_wide_corridor_final_v3/robots/r2/rgb/00530.png	8203340d5adf1d27e38af4a021c5a8b8fb4c1c95ebce1b4ab6ad3ed7e35d5dab	24095
raw	zone_wide_corridor_final_v3/robots/r2/rgb/00531.png	8203340d5adf1d27e38af4a021c5a8b8fb4c1c95ebce1b4ab6ad3ed7e35d5dab	24095
raw	zone_wide_corridor_final_v3/robots/r2/rgb/00532.png	8203340d5adf1d27e38af4a021c5a8b8fb4c1c95ebce1b4ab6ad3ed7e35d5dab	24095
raw	zone_wide_corridor_final_v3/robots/r2/rgb/00533.png	8203340d5adf1d27e38af4a021c5a8b8fb4c1c95ebce1b4ab6ad3ed7e35d5dab	24095
raw	zone_wide_corridor_final_v3/robots/r2/rgb/00534.png	8203340d5adf1d27e38af4a021c5a8b8fb4c1c95ebce1b4ab6ad3ed7e35d5dab	24095
raw	zone_wide_corridor_final_v3/robots/r2/rgb/00535.png	8203340d5adf1d27e38af4a021c5a8b8fb4c1c95ebce1b4ab6ad3ed7e35d5dab	24095
raw	zone_wide_corridor_final_v3/robots/r2/rgb/00536.png	8203340d5adf1d27e38af4a021c5a8b8fb4c1c95ebce1b4ab6ad3ed7e35d5dab	24095
raw	zone_wide_corridor_final_v3/robots/r2/rgb/00537.png	8203340d5adf1d27e38af4a021c5a8b8fb4c1c95ebce1b4ab6ad3ed7e35d5dab	24095
raw	zone_wide_corridor_final_v3/robots/r2/rgb/00538.png	8203340d5adf1d27e38af4a021c5a8b8fb4c1c95ebce1b4ab6ad3ed7e35d5dab	24095
raw	zone_wide_corridor_final_v3/robots/r2/rgb/00539.png	8203340d5adf1d27e38af4a021c5a8b8fb4c1c95ebce1b4ab6ad3ed7e35d5dab	24095
raw	zone_wide_corridor_final_v3/robots/r2/rgb/00540.png	8203340d5adf1d27e38af4a021c5a8b8fb4c1c95ebce1b4ab6ad3ed7e35d5dab	24095
raw	zone_wide_corridor_final_v3/robots/r2/rgb/00541.png	8203340d5adf1d27e38af4a021c5a8b8fb4c1c95ebce1b4ab6ad3ed7e35d5dab	24095
raw	zone_wide_corridor_final_v3/robots/r2/rgb/00542.png	8203340d5adf1d27e38af4a021c5a8b8fb4c1c95ebce1b4ab6ad3ed7e35d5dab	24095
raw	zone_wide_corridor_final_v3/robots/r2/rgb/00543.png	8203340d5adf1d27e38af4a021c5a8b8fb4c1c95ebce1b4ab6ad3ed7e35d5dab	24095
raw	zone_wide_corridor_final_v3/robots/r2/rgb/00544.png	8203340d5adf1d27e38af4a021c5a8b8fb4c1c95ebce1b4ab6ad3ed7e35d5dab	24095
raw	zone_wide_corridor_final_v3/robots/r2/rgb/00545.png	8203340d5adf1d27e38af4a021c5a8b8fb4c1c95ebce1b4ab6ad3ed7e35d5dab	24095
raw	zone_wide_corridor_final_v3/robots/r2/rgb/00546.png	8203340d5adf1d27e38af4a021c5a8b8fb4c1c95ebce1b4ab6ad3ed7e35d5dab	24095
raw	zone_wide_corridor_final_v3/robots/r2/rgb/00547.png	8203340d5adf1d27e38af4a021c5a8b8fb4c1c95ebce1b4ab6ad3ed7e35d5dab	24095
raw	zone_wide_corridor_final_v3/robots/r2/rgb/00548.png	8203340d5adf1d27e38af4a021c5a8b8fb4c1c95ebce1b4ab6ad3ed7e35d5dab	24095
raw	zone_wide_corridor_final_v3/robots/r2/rgb/00549.png	8203340d5adf1d27e38af4a021c5a8b8fb4c1c95ebce1b4ab6ad3ed7e35d5dab	24095
raw	zone_wide_corridor_final_v3/robots/r2/rgb/00550.png	8203340d5adf1d27e38af4a021c5a8b8fb4c1c95ebce1b4ab6ad3ed7e35d5dab	24095
raw	zone_wide_corridor_final_v3/robots/r2/rgb/00551.png	8203340d5adf1d27e38af4a021c5a8b8fb4c1c95ebce1b4ab6ad3ed7e35d5dab	24095
raw	zone_wide_corridor_final_v3/robots/r2/rgb/00552.png	8203340d5adf1d27e38af4a021c5a8b8fb4c1c95ebce1b4ab6ad3ed7e35d5dab	24095
raw	zone_wide_corridor_final_v3/robots/r2/rgb/00553.png	8203340d5adf1d27e38af4a021c5a8b8fb4c1c95ebce1b4ab6ad3ed7e35d5dab	24095
raw	zone_wide_corridor_final_v3/robots/r2/rgb/00554.png	8203340d5adf1d27e38af4a021c5a8b8fb4c1c95ebce1b4ab6ad3ed7e35d5dab	24095
raw	zone_wide_corridor_final_v3/robots/r2/rgb/00555.png	8203340d5adf1d27e38af4a021c5a8b8fb4c1c95ebce1b4ab6ad3ed7e35d5dab	24095
raw	zone_wide_corridor_final_v3/robots/r2/rgb/00556.png	8203340d5adf1d27e38af4a021c5a8b8fb4c1c95ebce1b4ab6ad3ed7e35d5dab	24095
raw	zone_wide_corridor_final_v3/robots/r2/rgb/00557.png	8203340d5adf1d27e38af4a021c5a8b8fb4c1c95ebce1b4ab6ad3ed7e35d5dab	24095
raw	zone_wide_corridor_final_v3/robots/r2/rgb/00558.png	8203340d5adf1d27e38af4a021c5a8b8fb4c1c95ebce1b4ab6ad3ed7e35d5dab	24095
raw	zone_wide_corridor_final_v3/robots/r2/rgb/00559.png	8203340d5adf1d27e38af4a021c5a8b8fb4c1c95ebce1b4ab6ad3ed7e35d5dab	24095
raw	zone_wide_corridor_final_v3/robots/r2/rgb/00560.png	8203340d5adf1d27e38af4a021c5a8b8fb4c1c95ebce1b4ab6ad3ed7e35d5dab	24095
raw	zone_wide_corridor_final_v3/robots/r2/rgb/00561.png	8203340d5adf1d27e38af4a021c5a8b8fb4c1c95ebce1b4ab6ad3ed7e35d5dab	24095
raw	zone_wide_corridor_final_v3/robots/r2/rgb/00562.png	8203340d5adf1d27e38af4a021c5a8b8fb4c1c95ebce1b4ab6ad3ed7e35d5dab	24095
raw	zone_wide_corridor_final_v3/robots/r2/rgb/00563.png	8203340d5adf1d27e38af4a021c5a8b8fb4c1c95ebce1b4ab6ad3ed7e35d5dab	24095
raw	zone_wide_corridor_final_v3/robots/r2/rgb/00564.png	8203340d5adf1d27e38af4a021c5a8b8fb4c1c95ebce1b4ab6ad3ed7e35d5dab	24095
raw	zone_wide_corridor_final_v3/robots/r2/rgb/00565.png	8203340d5adf1d27e38af4a021c5a8b8fb4c1c95ebce1b4ab6ad3ed7e35d5dab	24095
raw	zone_wide_corridor_final_v3/robots/r2/rgb/00566.png	8203340d5adf1d27e38af4a021c5a8b8fb4c1c95ebce1b4ab6ad3ed7e35d5dab	24095
raw	zone_wide_corridor_final_v3/robots/r2/rgb/00567.png	8203340d5adf1d27e38af4a021c5a8b8fb4c1c95ebce1b4ab6ad3ed7e35d5dab	24095
raw	zone_wide_corridor_final_v3/robots/r2/rgb/00568.png	8203340d5adf1d27e38af4a021c5a8b8fb4c1c95ebce1b4ab6ad3ed7e35d5dab	24095
raw	zone_wide_corridor_final_v3/robots/r2/rgb/00569.png	8203340d5adf1d27e38af4a021c5a8b8fb4c1c95ebce1b4ab6ad3ed7e35d5dab	24095
raw	zone_wide_corridor_final_v3/robots/r2/rgb/00570.png	8203340d5adf1d27e38af4a021c5a8b8fb4c1c95ebce1b4ab6ad3ed7e35d5dab	24095
raw	zone_wide_corridor_final_v3/robots/r2/rgb/00571.png	8203340d5adf1d27e38af4a021c5a8b8fb4c1c95ebce1b4ab6ad3ed7e35d5dab	24095
raw	zone_wide_corridor_final_v3/robots/r2/rgb/00572.png	8203340d5adf1d27e38af4a021c5a8b8fb4c1c95ebce1b4ab6ad3ed7e35d5dab	24095
raw	zone_wide_corridor_final_v3/robots/r2/rgb/00573.png	8203340d5adf1d27e38af4a021c5a8b8fb4c1c95ebce1b4ab6ad3ed7e35d5dab	24095
raw	zone_wide_corridor_final_v3/robots/r2/rgb/00574.png	8203340d5adf1d27e38af4a021c5a8b8fb4c1c95ebce1b4ab6ad3ed7e35d5dab	24095
raw	zone_wide_corridor_final_v3/robots/r2/rgb/00575.png	8203340d5adf1d27e38af4a021c5a8b8fb4c1c95ebce1b4ab6ad3ed7e35d5dab	24095
raw	zone_wide_corridor_final_v3/robots/r2/rgb/00576.png	8203340d5adf1d27e38af4a021c5a8b8fb4c1c95ebce1b4ab6ad3ed7e35d5dab	24095
raw	zone_wide_corridor_final_v3/robots/r2/rgb/00577.png	8203340d5adf1d27e38af4a021c5a8b8fb4c1c95ebce1b4ab6ad3ed7e35d5dab	24095
raw	zone_wide_corridor_final_v3/robots/r2/rgb/00578.png	8203340d5adf1d27e38af4a021c5a8b8fb4c1c95ebce1b4ab6ad3ed7e35d5dab	24095
raw	zone_wide_corridor_final_v3/robots/r2/rgb/00579.png	8203340d5adf1d27e38af4a021c5a8b8fb4c1c95ebce1b4ab6ad3ed7e35d5dab	24095
raw	zone_wide_corridor_final_v3/robots/r2/rgb/00580.png	8203340d5adf1d27e38af4a021c5a8b8fb4c1c95ebce1b4ab6ad3ed7e35d5dab	24095
raw	zone_wide_corridor_final_v3/robots/r2/rgb/00581.png	8203340d5adf1d27e38af4a021c5a8b8fb4c1c95ebce1b4ab6ad3ed7e35d5dab	24095
raw	zone_wide_corridor_final_v3/robots/r2/rgb/00582.png	8203340d5adf1d27e38af4a021c5a8b8fb4c1c95ebce1b4ab6ad3ed7e35d5dab	24095
raw	zone_wide_corridor_final_v3/robots/r2/rgb/00583.png	8203340d5adf1d27e38af4a021c5a8b8fb4c1c95ebce1b4ab6ad3ed7e35d5dab	24095
raw	zone_wide_corridor_final_v3/robots/r2/rgb/00584.png	8203340d5adf1d27e38af4a021c5a8b8fb4c1c95ebce1b4ab6ad3ed7e35d5dab	24095
raw	zone_wide_corridor_final_v3/robots/r2/rgb/00585.png	8203340d5adf1d27e38af4a021c5a8b8fb4c1c95ebce1b4ab6ad3ed7e35d5dab	24095
raw	zone_wide_corridor_final_v3/robots/r2/rgb/00586.png	8203340d5adf1d27e38af4a021c5a8b8fb4c1c95ebce1b4ab6ad3ed7e35d5dab	24095
raw	zone_wide_corridor_final_v3/robots/r2/rgb/00587.png	8203340d5adf1d27e38af4a021c5a8b8fb4c1c95ebce1b4ab6ad3ed7e35d5dab	24095
raw	zone_wide_corridor_final_v3/robots/r2/rgb/00588.png	8203340d5adf1d27e38af4a021c5a8b8fb4c1c95ebce1b4ab6ad3ed7e35d5dab	24095
raw	zone_wide_corridor_final_v3/robots/r2/rgb/00589.png	8203340d5adf1d27e38af4a021c5a8b8fb4c1c95ebce1b4ab6ad3ed7e35d5dab	24095
raw	zone_wide_corridor_final_v3/robots/r2/rgb/00590.png	8203340d5adf1d27e38af4a021c5a8b8fb4c1c95ebce1b4ab6ad3ed7e35d5dab	24095
raw	zone_wide_corridor_final_v3/robots/r2/rgb/00591.png	8203340d5adf1d27e38af4a021c5a8b8fb4c1c95ebce1b4ab6ad3ed7e35d5dab	24095
raw	zone_wide_corridor_final_v3/robots/r2/rgb/00592.png	8203340d5adf1d27e38af4a021c5a8b8fb4c1c95ebce1b4ab6ad3ed7e35d5dab	24095
raw	zone_wide_corridor_final_v3/robots/r2/rgb/00593.png	8203340d5adf1d27e38af4a021c5a8b8fb4c1c95ebce1b4ab6ad3ed7e35d5dab	24095
raw	zone_wide_corridor_final_v3/robots/r2/rgb/00594.png	8203340d5adf1d27e38af4a021c5a8b8fb4c1c95ebce1b4ab6ad3ed7e35d5dab	24095
raw	zone_wide_corridor_final_v3/robots/r2/rgb/00595.png	8203340d5adf1d27e38af4a021c5a8b8fb4c1c95ebce1b4ab6ad3ed7e35d5dab	24095
raw	zone_wide_corridor_final_v3/robots/r2/rgb/00596.png	8203340d5adf1d27e38af4a021c5a8b8fb4c1c95ebce1b4ab6ad3ed7e35d5dab	24095
raw	zone_wide_corridor_final_v3/robots/r2/rgb/00597.png	8203340d5adf1d27e38af4a021c5a8b8fb4c1c95ebce1b4ab6ad3ed7e35d5dab	24095
raw	zone_wide_corridor_final_v3/robots/r2/rgb/00598.png	8203340d5adf1d27e38af4a021c5a8b8fb4c1c95ebce1b4ab6ad3ed7e35d5dab	24095
raw	zone_wide_corridor_final_v3/robots/r2/rgb/00599.png	8203340d5adf1d27e38af4a021c5a8b8fb4c1c95ebce1b4ab6ad3ed7e35d5dab	24095
raw	zone_wide_corridor_final_v3/robots/r2/rgb/00600.png	8203340d5adf1d27e38af4a021c5a8b8fb4c1c95ebce1b4ab6ad3ed7e35d5dab	24095
raw	zone_wide_corridor_final_v3/robots/r3/commands.jsonl	59ef962b8289ac4164dd6eb6aa75514b8235ca1e2a8e6b6ecfdda043c7970f23	125
raw	zone_wide_corridor_final_v3/robots/r3/frames.jsonl	faf9f3e9f2c4513875343ceba3b148bb33746cf2ec6b003b4a1b3051ffcb972b	152100
raw	zone_wide_corridor_final_v3/robots/r3/rgb/00000.png	cbef9266533a66a6650e0f5eb22ddbda8dd5b5fb9d5471daf230a75bc2180c99	28102
raw	zone_wide_corridor_final_v3/robots/r3/rgb/00001.png	cbef9266533a66a6650e0f5eb22ddbda8dd5b5fb9d5471daf230a75bc2180c99	28102
raw	zone_wide_corridor_final_v3/robots/r3/rgb/00002.png	cbef9266533a66a6650e0f5eb22ddbda8dd5b5fb9d5471daf230a75bc2180c99	28102
raw	zone_wide_corridor_final_v3/robots/r3/rgb/00003.png	cbef9266533a66a6650e0f5eb22ddbda8dd5b5fb9d5471daf230a75bc2180c99	28102
raw	zone_wide_corridor_final_v3/robots/r3/rgb/00004.png	cbef9266533a66a6650e0f5eb22ddbda8dd5b5fb9d5471daf230a75bc2180c99	28102
raw	zone_wide_corridor_final_v3/robots/r3/rgb/00005.png	cbef9266533a66a6650e0f5eb22ddbda8dd5b5fb9d5471daf230a75bc2180c99	28102
raw	zone_wide_corridor_final_v3/robots/r3/rgb/00006.png	cbef9266533a66a6650e0f5eb22ddbda8dd5b5fb9d5471daf230a75bc2180c99	28102
raw	zone_wide_corridor_final_v3/robots/r3/rgb/00007.png	cbef9266533a66a6650e0f5eb22ddbda8dd5b5fb9d5471daf230a75bc2180c99	28102
raw	zone_wide_corridor_final_v3/robots/r3/rgb/00008.png	cbef9266533a66a6650e0f5eb22ddbda8dd5b5fb9d5471daf230a75bc2180c99	28102
raw	zone_wide_corridor_final_v3/robots/r3/rgb/00009.png	cbef9266533a66a6650e0f5eb22ddbda8dd5b5fb9d5471daf230a75bc2180c99	28102
raw	zone_wide_corridor_final_v3/robots/r3/rgb/00010.png	cbef9266533a66a6650e0f5eb22ddbda8dd5b5fb9d5471daf230a75bc2180c99	28102
raw	zone_wide_corridor_final_v3/robots/r3/rgb/00011.png	cbef9266533a66a6650e0f5eb22ddbda8dd5b5fb9d5471daf230a75bc2180c99	28102
raw	zone_wide_corridor_final_v3/robots/r3/rgb/00012.png	cbef9266533a66a6650e0f5eb22ddbda8dd5b5fb9d5471daf230a75bc2180c99	28102
raw	zone_wide_corridor_final_v3/robots/r3/rgb/00013.png	cbef9266533a66a6650e0f5eb22ddbda8dd5b5fb9d5471daf230a75bc2180c99	28102
raw	zone_wide_corridor_final_v3/robots/r3/rgb/00014.png	cbef9266533a66a6650e0f5eb22ddbda8dd5b5fb9d5471daf230a75bc2180c99	28102
raw	zone_wide_corridor_final_v3/robots/r3/rgb/00015.png	cbef9266533a66a6650e0f5eb22ddbda8dd5b5fb9d5471daf230a75bc2180c99	28102
raw	zone_wide_corridor_final_v3/robots/r3/rgb/00016.png	cbef9266533a66a6650e0f5eb22ddbda8dd5b5fb9d5471daf230a75bc2180c99	28102
raw	zone_wide_corridor_final_v3/robots/r3/rgb/00017.png	cbef9266533a66a6650e0f5eb22ddbda8dd5b5fb9d5471daf230a75bc2180c99	28102
raw	zone_wide_corridor_final_v3/robots/r3/rgb/00018.png	cbef9266533a66a6650e0f5eb22ddbda8dd5b5fb9d5471daf230a75bc2180c99	28102
raw	zone_wide_corridor_final_v3/robots/r3/rgb/00019.png	cbef9266533a66a6650e0f5eb22ddbda8dd5b5fb9d5471daf230a75bc2180c99	28102
raw	zone_wide_corridor_final_v3/robots/r3/rgb/00020.png	cbef9266533a66a6650e0f5eb22ddbda8dd5b5fb9d5471daf230a75bc2180c99	28102
raw	zone_wide_corridor_final_v3/robots/r3/rgb/00021.png	cbef9266533a66a6650e0f5eb22ddbda8dd5b5fb9d5471daf230a75bc2180c99	28102
raw	zone_wide_corridor_final_v3/robots/r3/rgb/00022.png	cbef9266533a66a6650e0f5eb22ddbda8dd5b5fb9d5471daf230a75bc2180c99	28102
raw	zone_wide_corridor_final_v3/robots/r3/rgb/00023.png	cbef9266533a66a6650e0f5eb22ddbda8dd5b5fb9d5471daf230a75bc2180c99	28102
raw	zone_wide_corridor_final_v3/robots/r3/rgb/00024.png	cbef9266533a66a6650e0f5eb22ddbda8dd5b5fb9d5471daf230a75bc2180c99	28102
raw	zone_wide_corridor_final_v3/robots/r3/rgb/00025.png	cbef9266533a66a6650e0f5eb22ddbda8dd5b5fb9d5471daf230a75bc2180c99	28102
raw	zone_wide_corridor_final_v3/robots/r3/rgb/00026.png	cbef9266533a66a6650e0f5eb22ddbda8dd5b5fb9d5471daf230a75bc2180c99	28102
raw	zone_wide_corridor_final_v3/robots/r3/rgb/00027.png	cbef9266533a66a6650e0f5eb22ddbda8dd5b5fb9d5471daf230a75bc2180c99	28102
raw	zone_wide_corridor_final_v3/robots/r3/rgb/00028.png	cbef9266533a66a6650e0f5eb22ddbda8dd5b5fb9d5471daf230a75bc2180c99	28102
raw	zone_wide_corridor_final_v3/robots/r3/rgb/00029.png	cbef9266533a66a6650e0f5eb22ddbda8dd5b5fb9d5471daf230a75bc2180c99	28102
raw	zone_wide_corridor_final_v3/robots/r3/rgb/00030.png	cbef9266533a66a6650e0f5eb22ddbda8dd5b5fb9d5471daf230a75bc2180c99	28102
raw	zone_wide_corridor_final_v3/robots/r3/rgb/00031.png	cbef9266533a66a6650e0f5eb22ddbda8dd5b5fb9d5471daf230a75bc2180c99	28102
raw	zone_wide_corridor_final_v3/robots/r3/rgb/00032.png	cbef9266533a66a6650e0f5eb22ddbda8dd5b5fb9d5471daf230a75bc2180c99	28102
raw	zone_wide_corridor_final_v3/robots/r3/rgb/00033.png	cbef9266533a66a6650e0f5eb22ddbda8dd5b5fb9d5471daf230a75bc2180c99	28102
raw	zone_wide_corridor_final_v3/robots/r3/rgb/00034.png	cbef9266533a66a6650e0f5eb22ddbda8dd5b5fb9d5471daf230a75bc2180c99	28102
raw	zone_wide_corridor_final_v3/robots/r3/rgb/00035.png	cbef9266533a66a6650e0f5eb22ddbda8dd5b5fb9d5471daf230a75bc2180c99	28102
raw	zone_wide_corridor_final_v3/robots/r3/rgb/00036.png	cbef9266533a66a6650e0f5eb22ddbda8dd5b5fb9d5471daf230a75bc2180c99	28102
raw	zone_wide_corridor_final_v3/robots/r3/rgb/00037.png	cbef9266533a66a6650e0f5eb22ddbda8dd5b5fb9d5471daf230a75bc2180c99	28102
raw	zone_wide_corridor_final_v3/robots/r3/rgb/00038.png	cbef9266533a66a6650e0f5eb22ddbda8dd5b5fb9d5471daf230a75bc2180c99	28102
raw	zone_wide_corridor_final_v3/robots/r3/rgb/00039.png	cbef9266533a66a6650e0f5eb22ddbda8dd5b5fb9d5471daf230a75bc2180c99	28102
raw	zone_wide_corridor_final_v3/robots/r3/rgb/00040.png	cbef9266533a66a6650e0f5eb22ddbda8dd5b5fb9d5471daf230a75bc2180c99	28102
raw	zone_wide_corridor_final_v3/robots/r3/rgb/00041.png	cbef9266533a66a6650e0f5eb22ddbda8dd5b5fb9d5471daf230a75bc2180c99	28102
raw	zone_wide_corridor_final_v3/robots/r3/rgb/00042.png	cbef9266533a66a6650e0f5eb22ddbda8dd5b5fb9d5471daf230a75bc2180c99	28102
raw	zone_wide_corridor_final_v3/robots/r3/rgb/00043.png	cbef9266533a66a6650e0f5eb22ddbda8dd5b5fb9d5471daf230a75bc2180c99	28102
raw	zone_wide_corridor_final_v3/robots/r3/rgb/00044.png	cbef9266533a66a6650e0f5eb22ddbda8dd5b5fb9d5471daf230a75bc2180c99	28102
raw	zone_wide_corridor_final_v3/robots/r3/rgb/00045.png	cbef9266533a66a6650e0f5eb22ddbda8dd5b5fb9d5471daf230a75bc2180c99	28102
raw	zone_wide_corridor_final_v3/robots/r3/rgb/00046.png	cbef9266533a66a6650e0f5eb22ddbda8dd5b5fb9d5471daf230a75bc2180c99	28102
raw	zone_wide_corridor_final_v3/robots/r3/rgb/00047.png	cbef9266533a66a6650e0f5eb22ddbda8dd5b5fb9d5471daf230a75bc2180c99	28102
raw	zone_wide_corridor_final_v3/robots/r3/rgb/00048.png	cbef9266533a66a6650e0f5eb22ddbda8dd5b5fb9d5471daf230a75bc2180c99	28102
raw	zone_wide_corridor_final_v3/robots/r3/rgb/00049.png	cbef9266533a66a6650e0f5eb22ddbda8dd5b5fb9d5471daf230a75bc2180c99	28102
raw	zone_wide_corridor_final_v3/robots/r3/rgb/00050.png	cbef9266533a66a6650e0f5eb22ddbda8dd5b5fb9d5471daf230a75bc2180c99	28102
raw	zone_wide_corridor_final_v3/robots/r3/rgb/00051.png	cbef9266533a66a6650e0f5eb22ddbda8dd5b5fb9d5471daf230a75bc2180c99	28102
raw	zone_wide_corridor_final_v3/robots/r3/rgb/00052.png	cbef9266533a66a6650e0f5eb22ddbda8dd5b5fb9d5471daf230a75bc2180c99	28102
raw	zone_wide_corridor_final_v3/robots/r3/rgb/00053.png	cbef9266533a66a6650e0f5eb22ddbda8dd5b5fb9d5471daf230a75bc2180c99	28102
raw	zone_wide_corridor_final_v3/robots/r3/rgb/00054.png	cbef9266533a66a6650e0f5eb22ddbda8dd5b5fb9d5471daf230a75bc2180c99	28102
raw	zone_wide_corridor_final_v3/robots/r3/rgb/00055.png	cbef9266533a66a6650e0f5eb22ddbda8dd5b5fb9d5471daf230a75bc2180c99	28102
raw	zone_wide_corridor_final_v3/robots/r3/rgb/00056.png	cbef9266533a66a6650e0f5eb22ddbda8dd5b5fb9d5471daf230a75bc2180c99	28102
raw	zone_wide_corridor_final_v3/robots/r3/rgb/00057.png	cbef9266533a66a6650e0f5eb22ddbda8dd5b5fb9d5471daf230a75bc2180c99	28102
raw	zone_wide_corridor_final_v3/robots/r3/rgb/00058.png	cbef9266533a66a6650e0f5eb22ddbda8dd5b5fb9d5471daf230a75bc2180c99	28102
raw	zone_wide_corridor_final_v3/robots/r3/rgb/00059.png	cbef9266533a66a6650e0f5eb22ddbda8dd5b5fb9d5471daf230a75bc2180c99	28102
raw	zone_wide_corridor_final_v3/robots/r3/rgb/00060.png	cbef9266533a66a6650e0f5eb22ddbda8dd5b5fb9d5471daf230a75bc2180c99	28102
raw	zone_wide_corridor_final_v3/robots/r3/rgb/00061.png	cbef9266533a66a6650e0f5eb22ddbda8dd5b5fb9d5471daf230a75bc2180c99	28102
raw	zone_wide_corridor_final_v3/robots/r3/rgb/00062.png	cbef9266533a66a6650e0f5eb22ddbda8dd5b5fb9d5471daf230a75bc2180c99	28102
raw	zone_wide_corridor_final_v3/robots/r3/rgb/00063.png	cbef9266533a66a6650e0f5eb22ddbda8dd5b5fb9d5471daf230a75bc2180c99	28102
raw	zone_wide_corridor_final_v3/robots/r3/rgb/00064.png	cbef9266533a66a6650e0f5eb22ddbda8dd5b5fb9d5471daf230a75bc2180c99	28102
raw	zone_wide_corridor_final_v3/robots/r3/rgb/00065.png	cbef9266533a66a6650e0f5eb22ddbda8dd5b5fb9d5471daf230a75bc2180c99	28102
raw	zone_wide_corridor_final_v3/robots/r3/rgb/00066.png	cbef9266533a66a6650e0f5eb22ddbda8dd5b5fb9d5471daf230a75bc2180c99	28102
raw	zone_wide_corridor_final_v3/robots/r3/rgb/00067.png	cbef9266533a66a6650e0f5eb22ddbda8dd5b5fb9d5471daf230a75bc2180c99	28102
raw	zone_wide_corridor_final_v3/robots/r3/rgb/00068.png	cbef9266533a66a6650e0f5eb22ddbda8dd5b5fb9d5471daf230a75bc2180c99	28102
raw	zone_wide_corridor_final_v3/robots/r3/rgb/00069.png	cbef9266533a66a6650e0f5eb22ddbda8dd5b5fb9d5471daf230a75bc2180c99	28102
raw	zone_wide_corridor_final_v3/robots/r3/rgb/00070.png	cbef9266533a66a6650e0f5eb22ddbda8dd5b5fb9d5471daf230a75bc2180c99	28102
raw	zone_wide_corridor_final_v3/robots/r3/rgb/00071.png	cbef9266533a66a6650e0f5eb22ddbda8dd5b5fb9d5471daf230a75bc2180c99	28102
raw	zone_wide_corridor_final_v3/robots/r3/rgb/00072.png	cbef9266533a66a6650e0f5eb22ddbda8dd5b5fb9d5471daf230a75bc2180c99	28102
raw	zone_wide_corridor_final_v3/robots/r3/rgb/00073.png	cbef9266533a66a6650e0f5eb22ddbda8dd5b5fb9d5471daf230a75bc2180c99	28102
raw	zone_wide_corridor_final_v3/robots/r3/rgb/00074.png	cbef9266533a66a6650e0f5eb22ddbda8dd5b5fb9d5471daf230a75bc2180c99	28102
raw	zone_wide_corridor_final_v3/robots/r3/rgb/00075.png	cbef9266533a66a6650e0f5eb22ddbda8dd5b5fb9d5471daf230a75bc2180c99	28102
raw	zone_wide_corridor_final_v3/robots/r3/rgb/00076.png	cbef9266533a66a6650e0f5eb22ddbda8dd5b5fb9d5471daf230a75bc2180c99	28102
raw	zone_wide_corridor_final_v3/robots/r3/rgb/00077.png	cbef9266533a66a6650e0f5eb22ddbda8dd5b5fb9d5471daf230a75bc2180c99	28102
raw	zone_wide_corridor_final_v3/robots/r3/rgb/00078.png	cbef9266533a66a6650e0f5eb22ddbda8dd5b5fb9d5471daf230a75bc2180c99	28102
raw	zone_wide_corridor_final_v3/robots/r3/rgb/00079.png	cbef9266533a66a6650e0f5eb22ddbda8dd5b5fb9d5471daf230a75bc2180c99	28102
raw	zone_wide_corridor_final_v3/robots/r3/rgb/00080.png	cbef9266533a66a6650e0f5eb22ddbda8dd5b5fb9d5471daf230a75bc2180c99	28102
raw	zone_wide_corridor_final_v3/robots/r3/rgb/00081.png	cbef9266533a66a6650e0f5eb22ddbda8dd5b5fb9d5471daf230a75bc2180c99	28102
raw	zone_wide_corridor_final_v3/robots/r3/rgb/00082.png	cbef9266533a66a6650e0f5eb22ddbda8dd5b5fb9d5471daf230a75bc2180c99	28102
raw	zone_wide_corridor_final_v3/robots/r3/rgb/00083.png	cbef9266533a66a6650e0f5eb22ddbda8dd5b5fb9d5471daf230a75bc2180c99	28102
raw	zone_wide_corridor_final_v3/robots/r3/rgb/00084.png	cbef9266533a66a6650e0f5eb22ddbda8dd5b5fb9d5471daf230a75bc2180c99	28102
raw	zone_wide_corridor_final_v3/robots/r3/rgb/00085.png	cbef9266533a66a6650e0f5eb22ddbda8dd5b5fb9d5471daf230a75bc2180c99	28102
raw	zone_wide_corridor_final_v3/robots/r3/rgb/00086.png	cbef9266533a66a6650e0f5eb22ddbda8dd5b5fb9d5471daf230a75bc2180c99	28102
raw	zone_wide_corridor_final_v3/robots/r3/rgb/00087.png	cbef9266533a66a6650e0f5eb22ddbda8dd5b5fb9d5471daf230a75bc2180c99	28102
raw	zone_wide_corridor_final_v3/robots/r3/rgb/00088.png	cbef9266533a66a6650e0f5eb22ddbda8dd5b5fb9d5471daf230a75bc2180c99	28102
raw	zone_wide_corridor_final_v3/robots/r3/rgb/00089.png	cbef9266533a66a6650e0f5eb22ddbda8dd5b5fb9d5471daf230a75bc2180c99	28102
raw	zone_wide_corridor_final_v3/robots/r3/rgb/00090.png	cbef9266533a66a6650e0f5eb22ddbda8dd5b5fb9d5471daf230a75bc2180c99	28102
raw	zone_wide_corridor_final_v3/robots/r3/rgb/00091.png	cbef9266533a66a6650e0f5eb22ddbda8dd5b5fb9d5471daf230a75bc2180c99	28102
raw	zone_wide_corridor_final_v3/robots/r3/rgb/00092.png	cbef9266533a66a6650e0f5eb22ddbda8dd5b5fb9d5471daf230a75bc2180c99	28102
raw	zone_wide_corridor_final_v3/robots/r3/rgb/00093.png	cbef9266533a66a6650e0f5eb22ddbda8dd5b5fb9d5471daf230a75bc2180c99	28102
raw	zone_wide_corridor_final_v3/robots/r3/rgb/00094.png	cbef9266533a66a6650e0f5eb22ddbda8dd5b5fb9d5471daf230a75bc2180c99	28102
raw	zone_wide_corridor_final_v3/robots/r3/rgb/00095.png	cbef9266533a66a6650e0f5eb22ddbda8dd5b5fb9d5471daf230a75bc2180c99	28102
raw	zone_wide_corridor_final_v3/robots/r3/rgb/00096.png	cbef9266533a66a6650e0f5eb22ddbda8dd5b5fb9d5471daf230a75bc2180c99	28102
raw	zone_wide_corridor_final_v3/robots/r3/rgb/00097.png	cbef9266533a66a6650e0f5eb22ddbda8dd5b5fb9d5471daf230a75bc2180c99	28102
raw	zone_wide_corridor_final_v3/robots/r3/rgb/00098.png	cbef9266533a66a6650e0f5eb22ddbda8dd5b5fb9d5471daf230a75bc2180c99	28102
raw	zone_wide_corridor_final_v3/robots/r3/rgb/00099.png	cbef9266533a66a6650e0f5eb22ddbda8dd5b5fb9d5471daf230a75bc2180c99	28102
raw	zone_wide_corridor_final_v3/robots/r3/rgb/00100.png	cbef9266533a66a6650e0f5eb22ddbda8dd5b5fb9d5471daf230a75bc2180c99	28102
raw	zone_wide_corridor_final_v3/robots/r3/rgb/00101.png	cbef9266533a66a6650e0f5eb22ddbda8dd5b5fb9d5471daf230a75bc2180c99	28102
raw	zone_wide_corridor_final_v3/robots/r3/rgb/00102.png	cbef9266533a66a6650e0f5eb22ddbda8dd5b5fb9d5471daf230a75bc2180c99	28102
raw	zone_wide_corridor_final_v3/robots/r3/rgb/00103.png	cbef9266533a66a6650e0f5eb22ddbda8dd5b5fb9d5471daf230a75bc2180c99	28102
raw	zone_wide_corridor_final_v3/robots/r3/rgb/00104.png	cbef9266533a66a6650e0f5eb22ddbda8dd5b5fb9d5471daf230a75bc2180c99	28102
raw	zone_wide_corridor_final_v3/robots/r3/rgb/00105.png	cbef9266533a66a6650e0f5eb22ddbda8dd5b5fb9d5471daf230a75bc2180c99	28102
raw	zone_wide_corridor_final_v3/robots/r3/rgb/00106.png	cbef9266533a66a6650e0f5eb22ddbda8dd5b5fb9d5471daf230a75bc2180c99	28102
raw	zone_wide_corridor_final_v3/robots/r3/rgb/00107.png	cbef9266533a66a6650e0f5eb22ddbda8dd5b5fb9d5471daf230a75bc2180c99	28102
raw	zone_wide_corridor_final_v3/robots/r3/rgb/00108.png	cbef9266533a66a6650e0f5eb22ddbda8dd5b5fb9d5471daf230a75bc2180c99	28102
raw	zone_wide_corridor_final_v3/robots/r3/rgb/00109.png	cbef9266533a66a6650e0f5eb22ddbda8dd5b5fb9d5471daf230a75bc2180c99	28102
raw	zone_wide_corridor_final_v3/robots/r3/rgb/00110.png	cbef9266533a66a6650e0f5eb22ddbda8dd5b5fb9d5471daf230a75bc2180c99	28102
raw	zone_wide_corridor_final_v3/robots/r3/rgb/00111.png	cbef9266533a66a6650e0f5eb22ddbda8dd5b5fb9d5471daf230a75bc2180c99	28102
raw	zone_wide_corridor_final_v3/robots/r3/rgb/00112.png	cbef9266533a66a6650e0f5eb22ddbda8dd5b5fb9d5471daf230a75bc2180c99	28102
raw	zone_wide_corridor_final_v3/robots/r3/rgb/00113.png	cbef9266533a66a6650e0f5eb22ddbda8dd5b5fb9d5471daf230a75bc2180c99	28102
raw	zone_wide_corridor_final_v3/robots/r3/rgb/00114.png	cbef9266533a66a6650e0f5eb22ddbda8dd5b5fb9d5471daf230a75bc2180c99	28102
raw	zone_wide_corridor_final_v3/robots/r3/rgb/00115.png	cbef9266533a66a6650e0f5eb22ddbda8dd5b5fb9d5471daf230a75bc2180c99	28102
raw	zone_wide_corridor_final_v3/robots/r3/rgb/00116.png	cbef9266533a66a6650e0f5eb22ddbda8dd5b5fb9d5471daf230a75bc2180c99	28102
raw	zone_wide_corridor_final_v3/robots/r3/rgb/00117.png	cbef9266533a66a6650e0f5eb22ddbda8dd5b5fb9d5471daf230a75bc2180c99	28102
raw	zone_wide_corridor_final_v3/robots/r3/rgb/00118.png	cbef9266533a66a6650e0f5eb22ddbda8dd5b5fb9d5471daf230a75bc2180c99	28102
raw	zone_wide_corridor_final_v3/robots/r3/rgb/00119.png	cbef9266533a66a6650e0f5eb22ddbda8dd5b5fb9d5471daf230a75bc2180c99	28102
raw	zone_wide_corridor_final_v3/robots/r3/rgb/00120.png	cbef9266533a66a6650e0f5eb22ddbda8dd5b5fb9d5471daf230a75bc2180c99	28102
raw	zone_wide_corridor_final_v3/robots/r3/rgb/00121.png	cbef9266533a66a6650e0f5eb22ddbda8dd5b5fb9d5471daf230a75bc2180c99	28102
raw	zone_wide_corridor_final_v3/robots/r3/rgb/00122.png	cbef9266533a66a6650e0f5eb22ddbda8dd5b5fb9d5471daf230a75bc2180c99	28102
raw	zone_wide_corridor_final_v3/robots/r3/rgb/00123.png	cbef9266533a66a6650e0f5eb22ddbda8dd5b5fb9d5471daf230a75bc2180c99	28102
raw	zone_wide_corridor_final_v3/robots/r3/rgb/00124.png	cbef9266533a66a6650e0f5eb22ddbda8dd5b5fb9d5471daf230a75bc2180c99	28102
raw	zone_wide_corridor_final_v3/robots/r3/rgb/00125.png	cbef9266533a66a6650e0f5eb22ddbda8dd5b5fb9d5471daf230a75bc2180c99	28102
raw	zone_wide_corridor_final_v3/robots/r3/rgb/00126.png	cbef9266533a66a6650e0f5eb22ddbda8dd5b5fb9d5471daf230a75bc2180c99	28102
raw	zone_wide_corridor_final_v3/robots/r3/rgb/00127.png	cbef9266533a66a6650e0f5eb22ddbda8dd5b5fb9d5471daf230a75bc2180c99	28102
raw	zone_wide_corridor_final_v3/robots/r3/rgb/00128.png	cbef9266533a66a6650e0f5eb22ddbda8dd5b5fb9d5471daf230a75bc2180c99	28102
raw	zone_wide_corridor_final_v3/robots/r3/rgb/00129.png	cbef9266533a66a6650e0f5eb22ddbda8dd5b5fb9d5471daf230a75bc2180c99	28102
raw	zone_wide_corridor_final_v3/robots/r3/rgb/00130.png	cbef9266533a66a6650e0f5eb22ddbda8dd5b5fb9d5471daf230a75bc2180c99	28102
raw	zone_wide_corridor_final_v3/robots/r3/rgb/00131.png	cbef9266533a66a6650e0f5eb22ddbda8dd5b5fb9d5471daf230a75bc2180c99	28102
raw	zone_wide_corridor_final_v3/robots/r3/rgb/00132.png	cbef9266533a66a6650e0f5eb22ddbda8dd5b5fb9d5471daf230a75bc2180c99	28102
raw	zone_wide_corridor_final_v3/robots/r3/rgb/00133.png	cbef9266533a66a6650e0f5eb22ddbda8dd5b5fb9d5471daf230a75bc2180c99	28102
raw	zone_wide_corridor_final_v3/robots/r3/rgb/00134.png	cbef9266533a66a6650e0f5eb22ddbda8dd5b5fb9d5471daf230a75bc2180c99	28102
raw	zone_wide_corridor_final_v3/robots/r3/rgb/00135.png	cbef9266533a66a6650e0f5eb22ddbda8dd5b5fb9d5471daf230a75bc2180c99	28102
raw	zone_wide_corridor_final_v3/robots/r3/rgb/00136.png	cbef9266533a66a6650e0f5eb22ddbda8dd5b5fb9d5471daf230a75bc2180c99	28102
raw	zone_wide_corridor_final_v3/robots/r3/rgb/00137.png	cbef9266533a66a6650e0f5eb22ddbda8dd5b5fb9d5471daf230a75bc2180c99	28102
raw	zone_wide_corridor_final_v3/robots/r3/rgb/00138.png	cbef9266533a66a6650e0f5eb22ddbda8dd5b5fb9d5471daf230a75bc2180c99	28102
raw	zone_wide_corridor_final_v3/robots/r3/rgb/00139.png	cbef9266533a66a6650e0f5eb22ddbda8dd5b5fb9d5471daf230a75bc2180c99	28102
raw	zone_wide_corridor_final_v3/robots/r3/rgb/00140.png	cbef9266533a66a6650e0f5eb22ddbda8dd5b5fb9d5471daf230a75bc2180c99	28102
raw	zone_wide_corridor_final_v3/robots/r3/rgb/00141.png	cbef9266533a66a6650e0f5eb22ddbda8dd5b5fb9d5471daf230a75bc2180c99	28102
raw	zone_wide_corridor_final_v3/robots/r3/rgb/00142.png	cbef9266533a66a6650e0f5eb22ddbda8dd5b5fb9d5471daf230a75bc2180c99	28102
raw	zone_wide_corridor_final_v3/robots/r3/rgb/00143.png	cbef9266533a66a6650e0f5eb22ddbda8dd5b5fb9d5471daf230a75bc2180c99	28102
raw	zone_wide_corridor_final_v3/robots/r3/rgb/00144.png	cbef9266533a66a6650e0f5eb22ddbda8dd5b5fb9d5471daf230a75bc2180c99	28102
raw	zone_wide_corridor_final_v3/robots/r3/rgb/00145.png	cbef9266533a66a6650e0f5eb22ddbda8dd5b5fb9d5471daf230a75bc2180c99	28102
raw	zone_wide_corridor_final_v3/robots/r3/rgb/00146.png	cbef9266533a66a6650e0f5eb22ddbda8dd5b5fb9d5471daf230a75bc2180c99	28102
raw	zone_wide_corridor_final_v3/robots/r3/rgb/00147.png	cbef9266533a66a6650e0f5eb22ddbda8dd5b5fb9d5471daf230a75bc2180c99	28102
raw	zone_wide_corridor_final_v3/robots/r3/rgb/00148.png	cbef9266533a66a6650e0f5eb22ddbda8dd5b5fb9d5471daf230a75bc2180c99	28102
raw	zone_wide_corridor_final_v3/robots/r3/rgb/00149.png	cbef9266533a66a6650e0f5eb22ddbda8dd5b5fb9d5471daf230a75bc2180c99	28102
raw	zone_wide_corridor_final_v3/robots/r3/rgb/00150.png	cbef9266533a66a6650e0f5eb22ddbda8dd5b5fb9d5471daf230a75bc2180c99	28102
raw	zone_wide_corridor_final_v3/robots/r3/rgb/00151.png	cbef9266533a66a6650e0f5eb22ddbda8dd5b5fb9d5471daf230a75bc2180c99	28102
raw	zone_wide_corridor_final_v3/robots/r3/rgb/00152.png	cbef9266533a66a6650e0f5eb22ddbda8dd5b5fb9d5471daf230a75bc2180c99	28102
raw	zone_wide_corridor_final_v3/robots/r3/rgb/00153.png	cbef9266533a66a6650e0f5eb22ddbda8dd5b5fb9d5471daf230a75bc2180c99	28102
raw	zone_wide_corridor_final_v3/robots/r3/rgb/00154.png	cbef9266533a66a6650e0f5eb22ddbda8dd5b5fb9d5471daf230a75bc2180c99	28102
raw	zone_wide_corridor_final_v3/robots/r3/rgb/00155.png	cbef9266533a66a6650e0f5eb22ddbda8dd5b5fb9d5471daf230a75bc2180c99	28102
raw	zone_wide_corridor_final_v3/robots/r3/rgb/00156.png	cbef9266533a66a6650e0f5eb22ddbda8dd5b5fb9d5471daf230a75bc2180c99	28102
raw	zone_wide_corridor_final_v3/robots/r3/rgb/00157.png	cbef9266533a66a6650e0f5eb22ddbda8dd5b5fb9d5471daf230a75bc2180c99	28102
raw	zone_wide_corridor_final_v3/robots/r3/rgb/00158.png	cbef9266533a66a6650e0f5eb22ddbda8dd5b5fb9d5471daf230a75bc2180c99	28102
raw	zone_wide_corridor_final_v3/robots/r3/rgb/00159.png	cbef9266533a66a6650e0f5eb22ddbda8dd5b5fb9d5471daf230a75bc2180c99	28102
raw	zone_wide_corridor_final_v3/robots/r3/rgb/00160.png	cbef9266533a66a6650e0f5eb22ddbda8dd5b5fb9d5471daf230a75bc2180c99	28102
raw	zone_wide_corridor_final_v3/robots/r3/rgb/00161.png	cbef9266533a66a6650e0f5eb22ddbda8dd5b5fb9d5471daf230a75bc2180c99	28102
raw	zone_wide_corridor_final_v3/robots/r3/rgb/00162.png	cbef9266533a66a6650e0f5eb22ddbda8dd5b5fb9d5471daf230a75bc2180c99	28102
raw	zone_wide_corridor_final_v3/robots/r3/rgb/00163.png	cbef9266533a66a6650e0f5eb22ddbda8dd5b5fb9d5471daf230a75bc2180c99	28102
raw	zone_wide_corridor_final_v3/robots/r3/rgb/00164.png	cbef9266533a66a6650e0f5eb22ddbda8dd5b5fb9d5471daf230a75bc2180c99	28102
raw	zone_wide_corridor_final_v3/robots/r3/rgb/00165.png	cbef9266533a66a6650e0f5eb22ddbda8dd5b5fb9d5471daf230a75bc2180c99	28102
raw	zone_wide_corridor_final_v3/robots/r3/rgb/00166.png	cbef9266533a66a6650e0f5eb22ddbda8dd5b5fb9d5471daf230a75bc2180c99	28102
raw	zone_wide_corridor_final_v3/robots/r3/rgb/00167.png	cbef9266533a66a6650e0f5eb22ddbda8dd5b5fb9d5471daf230a75bc2180c99	28102
raw	zone_wide_corridor_final_v3/robots/r3/rgb/00168.png	cbef9266533a66a6650e0f5eb22ddbda8dd5b5fb9d5471daf230a75bc2180c99	28102
raw	zone_wide_corridor_final_v3/robots/r3/rgb/00169.png	cbef9266533a66a6650e0f5eb22ddbda8dd5b5fb9d5471daf230a75bc2180c99	28102
raw	zone_wide_corridor_final_v3/robots/r3/rgb/00170.png	cbef9266533a66a6650e0f5eb22ddbda8dd5b5fb9d5471daf230a75bc2180c99	28102
raw	zone_wide_corridor_final_v3/robots/r3/rgb/00171.png	cbef9266533a66a6650e0f5eb22ddbda8dd5b5fb9d5471daf230a75bc2180c99	28102
raw	zone_wide_corridor_final_v3/robots/r3/rgb/00172.png	cbef9266533a66a6650e0f5eb22ddbda8dd5b5fb9d5471daf230a75bc2180c99	28102
raw	zone_wide_corridor_final_v3/robots/r3/rgb/00173.png	cbef9266533a66a6650e0f5eb22ddbda8dd5b5fb9d5471daf230a75bc2180c99	28102
raw	zone_wide_corridor_final_v3/robots/r3/rgb/00174.png	cbef9266533a66a6650e0f5eb22ddbda8dd5b5fb9d5471daf230a75bc2180c99	28102
raw	zone_wide_corridor_final_v3/robots/r3/rgb/00175.png	cbef9266533a66a6650e0f5eb22ddbda8dd5b5fb9d5471daf230a75bc2180c99	28102
raw	zone_wide_corridor_final_v3/robots/r3/rgb/00176.png	cbef9266533a66a6650e0f5eb22ddbda8dd5b5fb9d5471daf230a75bc2180c99	28102
raw	zone_wide_corridor_final_v3/robots/r3/rgb/00177.png	cbef9266533a66a6650e0f5eb22ddbda8dd5b5fb9d5471daf230a75bc2180c99	28102
raw	zone_wide_corridor_final_v3/robots/r3/rgb/00178.png	cbef9266533a66a6650e0f5eb22ddbda8dd5b5fb9d5471daf230a75bc2180c99	28102
raw	zone_wide_corridor_final_v3/robots/r3/rgb/00179.png	cbef9266533a66a6650e0f5eb22ddbda8dd5b5fb9d5471daf230a75bc2180c99	28102
raw	zone_wide_corridor_final_v3/robots/r3/rgb/00180.png	cbef9266533a66a6650e0f5eb22ddbda8dd5b5fb9d5471daf230a75bc2180c99	28102
raw	zone_wide_corridor_final_v3/robots/r3/rgb/00181.png	cbef9266533a66a6650e0f5eb22ddbda8dd5b5fb9d5471daf230a75bc2180c99	28102
raw	zone_wide_corridor_final_v3/robots/r3/rgb/00182.png	cbef9266533a66a6650e0f5eb22ddbda8dd5b5fb9d5471daf230a75bc2180c99	28102
raw	zone_wide_corridor_final_v3/robots/r3/rgb/00183.png	cbef9266533a66a6650e0f5eb22ddbda8dd5b5fb9d5471daf230a75bc2180c99	28102
raw	zone_wide_corridor_final_v3/robots/r3/rgb/00184.png	cbef9266533a66a6650e0f5eb22ddbda8dd5b5fb9d5471daf230a75bc2180c99	28102
raw	zone_wide_corridor_final_v3/robots/r3/rgb/00185.png	cbef9266533a66a6650e0f5eb22ddbda8dd5b5fb9d5471daf230a75bc2180c99	28102
raw	zone_wide_corridor_final_v3/robots/r3/rgb/00186.png	cbef9266533a66a6650e0f5eb22ddbda8dd5b5fb9d5471daf230a75bc2180c99	28102
raw	zone_wide_corridor_final_v3/robots/r3/rgb/00187.png	cbef9266533a66a6650e0f5eb22ddbda8dd5b5fb9d5471daf230a75bc2180c99	28102
raw	zone_wide_corridor_final_v3/robots/r3/rgb/00188.png	cbef9266533a66a6650e0f5eb22ddbda8dd5b5fb9d5471daf230a75bc2180c99	28102
raw	zone_wide_corridor_final_v3/robots/r3/rgb/00189.png	cbef9266533a66a6650e0f5eb22ddbda8dd5b5fb9d5471daf230a75bc2180c99	28102
raw	zone_wide_corridor_final_v3/robots/r3/rgb/00190.png	cbef9266533a66a6650e0f5eb22ddbda8dd5b5fb9d5471daf230a75bc2180c99	28102
raw	zone_wide_corridor_final_v3/robots/r3/rgb/00191.png	cbef9266533a66a6650e0f5eb22ddbda8dd5b5fb9d5471daf230a75bc2180c99	28102
raw	zone_wide_corridor_final_v3/robots/r3/rgb/00192.png	cbef9266533a66a6650e0f5eb22ddbda8dd5b5fb9d5471daf230a75bc2180c99	28102
raw	zone_wide_corridor_final_v3/robots/r3/rgb/00193.png	cbef9266533a66a6650e0f5eb22ddbda8dd5b5fb9d5471daf230a75bc2180c99	28102
raw	zone_wide_corridor_final_v3/robots/r3/rgb/00194.png	cbef9266533a66a6650e0f5eb22ddbda8dd5b5fb9d5471daf230a75bc2180c99	28102
raw	zone_wide_corridor_final_v3/robots/r3/rgb/00195.png	cbef9266533a66a6650e0f5eb22ddbda8dd5b5fb9d5471daf230a75bc2180c99	28102
raw	zone_wide_corridor_final_v3/robots/r3/rgb/00196.png	cbef9266533a66a6650e0f5eb22ddbda8dd5b5fb9d5471daf230a75bc2180c99	28102
raw	zone_wide_corridor_final_v3/robots/r3/rgb/00197.png	cbef9266533a66a6650e0f5eb22ddbda8dd5b5fb9d5471daf230a75bc2180c99	28102
raw	zone_wide_corridor_final_v3/robots/r3/rgb/00198.png	cbef9266533a66a6650e0f5eb22ddbda8dd5b5fb9d5471daf230a75bc2180c99	28102
raw	zone_wide_corridor_final_v3/robots/r3/rgb/00199.png	cbef9266533a66a6650e0f5eb22ddbda8dd5b5fb9d5471daf230a75bc2180c99	28102
raw	zone_wide_corridor_final_v3/robots/r3/rgb/00200.png	cbef9266533a66a6650e0f5eb22ddbda8dd5b5fb9d5471daf230a75bc2180c99	28102
raw	zone_wide_corridor_final_v3/robots/r3/rgb/00201.png	cbef9266533a66a6650e0f5eb22ddbda8dd5b5fb9d5471daf230a75bc2180c99	28102
raw	zone_wide_corridor_final_v3/robots/r3/rgb/00202.png	cbef9266533a66a6650e0f5eb22ddbda8dd5b5fb9d5471daf230a75bc2180c99	28102
raw	zone_wide_corridor_final_v3/robots/r3/rgb/00203.png	cbef9266533a66a6650e0f5eb22ddbda8dd5b5fb9d5471daf230a75bc2180c99	28102
raw	zone_wide_corridor_final_v3/robots/r3/rgb/00204.png	cbef9266533a66a6650e0f5eb22ddbda8dd5b5fb9d5471daf230a75bc2180c99	28102
raw	zone_wide_corridor_final_v3/robots/r3/rgb/00205.png	cbef9266533a66a6650e0f5eb22ddbda8dd5b5fb9d5471daf230a75bc2180c99	28102
raw	zone_wide_corridor_final_v3/robots/r3/rgb/00206.png	cbef9266533a66a6650e0f5eb22ddbda8dd5b5fb9d5471daf230a75bc2180c99	28102
raw	zone_wide_corridor_final_v3/robots/r3/rgb/00207.png	cbef9266533a66a6650e0f5eb22ddbda8dd5b5fb9d5471daf230a75bc2180c99	28102
raw	zone_wide_corridor_final_v3/robots/r3/rgb/00208.png	cbef9266533a66a6650e0f5eb22ddbda8dd5b5fb9d5471daf230a75bc2180c99	28102
raw	zone_wide_corridor_final_v3/robots/r3/rgb/00209.png	cbef9266533a66a6650e0f5eb22ddbda8dd5b5fb9d5471daf230a75bc2180c99	28102
raw	zone_wide_corridor_final_v3/robots/r3/rgb/00210.png	cbef9266533a66a6650e0f5eb22ddbda8dd5b5fb9d5471daf230a75bc2180c99	28102
raw	zone_wide_corridor_final_v3/robots/r3/rgb/00211.png	cbef9266533a66a6650e0f5eb22ddbda8dd5b5fb9d5471daf230a75bc2180c99	28102
raw	zone_wide_corridor_final_v3/robots/r3/rgb/00212.png	cbef9266533a66a6650e0f5eb22ddbda8dd5b5fb9d5471daf230a75bc2180c99	28102
raw	zone_wide_corridor_final_v3/robots/r3/rgb/00213.png	cbef9266533a66a6650e0f5eb22ddbda8dd5b5fb9d5471daf230a75bc2180c99	28102
raw	zone_wide_corridor_final_v3/robots/r3/rgb/00214.png	cbef9266533a66a6650e0f5eb22ddbda8dd5b5fb9d5471daf230a75bc2180c99	28102
raw	zone_wide_corridor_final_v3/robots/r3/rgb/00215.png	cbef9266533a66a6650e0f5eb22ddbda8dd5b5fb9d5471daf230a75bc2180c99	28102
raw	zone_wide_corridor_final_v3/robots/r3/rgb/00216.png	cbef9266533a66a6650e0f5eb22ddbda8dd5b5fb9d5471daf230a75bc2180c99	28102
raw	zone_wide_corridor_final_v3/robots/r3/rgb/00217.png	cbef9266533a66a6650e0f5eb22ddbda8dd5b5fb9d5471daf230a75bc2180c99	28102
raw	zone_wide_corridor_final_v3/robots/r3/rgb/00218.png	cbef9266533a66a6650e0f5eb22ddbda8dd5b5fb9d5471daf230a75bc2180c99	28102
raw	zone_wide_corridor_final_v3/robots/r3/rgb/00219.png	cbef9266533a66a6650e0f5eb22ddbda8dd5b5fb9d5471daf230a75bc2180c99	28102
raw	zone_wide_corridor_final_v3/robots/r3/rgb/00220.png	cbef9266533a66a6650e0f5eb22ddbda8dd5b5fb9d5471daf230a75bc2180c99	28102
raw	zone_wide_corridor_final_v3/robots/r3/rgb/00221.png	cbef9266533a66a6650e0f5eb22ddbda8dd5b5fb9d5471daf230a75bc2180c99	28102
raw	zone_wide_corridor_final_v3/robots/r3/rgb/00222.png	cbef9266533a66a6650e0f5eb22ddbda8dd5b5fb9d5471daf230a75bc2180c99	28102
raw	zone_wide_corridor_final_v3/robots/r3/rgb/00223.png	cbef9266533a66a6650e0f5eb22ddbda8dd5b5fb9d5471daf230a75bc2180c99	28102
raw	zone_wide_corridor_final_v3/robots/r3/rgb/00224.png	cbef9266533a66a6650e0f5eb22ddbda8dd5b5fb9d5471daf230a75bc2180c99	28102
raw	zone_wide_corridor_final_v3/robots/r3/rgb/00225.png	cbef9266533a66a6650e0f5eb22ddbda8dd5b5fb9d5471daf230a75bc2180c99	28102
raw	zone_wide_corridor_final_v3/robots/r3/rgb/00226.png	cbef9266533a66a6650e0f5eb22ddbda8dd5b5fb9d5471daf230a75bc2180c99	28102
raw	zone_wide_corridor_final_v3/robots/r3/rgb/00227.png	cbef9266533a66a6650e0f5eb22ddbda8dd5b5fb9d5471daf230a75bc2180c99	28102
raw	zone_wide_corridor_final_v3/robots/r3/rgb/00228.png	cbef9266533a66a6650e0f5eb22ddbda8dd5b5fb9d5471daf230a75bc2180c99	28102
raw	zone_wide_corridor_final_v3/robots/r3/rgb/00229.png	cbef9266533a66a6650e0f5eb22ddbda8dd5b5fb9d5471daf230a75bc2180c99	28102
raw	zone_wide_corridor_final_v3/robots/r3/rgb/00230.png	cbef9266533a66a6650e0f5eb22ddbda8dd5b5fb9d5471daf230a75bc2180c99	28102
raw	zone_wide_corridor_final_v3/robots/r3/rgb/00231.png	cbef9266533a66a6650e0f5eb22ddbda8dd5b5fb9d5471daf230a75bc2180c99	28102
raw	zone_wide_corridor_final_v3/robots/r3/rgb/00232.png	cbef9266533a66a6650e0f5eb22ddbda8dd5b5fb9d5471daf230a75bc2180c99	28102
raw	zone_wide_corridor_final_v3/robots/r3/rgb/00233.png	cbef9266533a66a6650e0f5eb22ddbda8dd5b5fb9d5471daf230a75bc2180c99	28102
raw	zone_wide_corridor_final_v3/robots/r3/rgb/00234.png	cbef9266533a66a6650e0f5eb22ddbda8dd5b5fb9d5471daf230a75bc2180c99	28102
raw	zone_wide_corridor_final_v3/robots/r3/rgb/00235.png	cbef9266533a66a6650e0f5eb22ddbda8dd5b5fb9d5471daf230a75bc2180c99	28102
raw	zone_wide_corridor_final_v3/robots/r3/rgb/00236.png	cbef9266533a66a6650e0f5eb22ddbda8dd5b5fb9d5471daf230a75bc2180c99	28102
raw	zone_wide_corridor_final_v3/robots/r3/rgb/00237.png	cbef9266533a66a6650e0f5eb22ddbda8dd5b5fb9d5471daf230a75bc2180c99	28102
raw	zone_wide_corridor_final_v3/robots/r3/rgb/00238.png	cbef9266533a66a6650e0f5eb22ddbda8dd5b5fb9d5471daf230a75bc2180c99	28102
raw	zone_wide_corridor_final_v3/robots/r3/rgb/00239.png	cbef9266533a66a6650e0f5eb22ddbda8dd5b5fb9d5471daf230a75bc2180c99	28102
raw	zone_wide_corridor_final_v3/robots/r3/rgb/00240.png	cbef9266533a66a6650e0f5eb22ddbda8dd5b5fb9d5471daf230a75bc2180c99	28102
raw	zone_wide_corridor_final_v3/robots/r3/rgb/00241.png	cbef9266533a66a6650e0f5eb22ddbda8dd5b5fb9d5471daf230a75bc2180c99	28102
raw	zone_wide_corridor_final_v3/robots/r3/rgb/00242.png	cbef9266533a66a6650e0f5eb22ddbda8dd5b5fb9d5471daf230a75bc2180c99	28102
raw	zone_wide_corridor_final_v3/robots/r3/rgb/00243.png	cbef9266533a66a6650e0f5eb22ddbda8dd5b5fb9d5471daf230a75bc2180c99	28102
raw	zone_wide_corridor_final_v3/robots/r3/rgb/00244.png	cbef9266533a66a6650e0f5eb22ddbda8dd5b5fb9d5471daf230a75bc2180c99	28102
raw	zone_wide_corridor_final_v3/robots/r3/rgb/00245.png	cbef9266533a66a6650e0f5eb22ddbda8dd5b5fb9d5471daf230a75bc2180c99	28102
raw	zone_wide_corridor_final_v3/robots/r3/rgb/00246.png	cbef9266533a66a6650e0f5eb22ddbda8dd5b5fb9d5471daf230a75bc2180c99	28102
raw	zone_wide_corridor_final_v3/robots/r3/rgb/00247.png	cbef9266533a66a6650e0f5eb22ddbda8dd5b5fb9d5471daf230a75bc2180c99	28102
raw	zone_wide_corridor_final_v3/robots/r3/rgb/00248.png	cbef9266533a66a6650e0f5eb22ddbda8dd5b5fb9d5471daf230a75bc2180c99	28102
raw	zone_wide_corridor_final_v3/robots/r3/rgb/00249.png	cbef9266533a66a6650e0f5eb22ddbda8dd5b5fb9d5471daf230a75bc2180c99	28102
raw	zone_wide_corridor_final_v3/robots/r3/rgb/00250.png	cbef9266533a66a6650e0f5eb22ddbda8dd5b5fb9d5471daf230a75bc2180c99	28102
raw	zone_wide_corridor_final_v3/robots/r3/rgb/00251.png	cbef9266533a66a6650e0f5eb22ddbda8dd5b5fb9d5471daf230a75bc2180c99	28102
raw	zone_wide_corridor_final_v3/robots/r3/rgb/00252.png	cbef9266533a66a6650e0f5eb22ddbda8dd5b5fb9d5471daf230a75bc2180c99	28102
raw	zone_wide_corridor_final_v3/robots/r3/rgb/00253.png	cbef9266533a66a6650e0f5eb22ddbda8dd5b5fb9d5471daf230a75bc2180c99	28102
raw	zone_wide_corridor_final_v3/robots/r3/rgb/00254.png	cbef9266533a66a6650e0f5eb22ddbda8dd5b5fb9d5471daf230a75bc2180c99	28102
raw	zone_wide_corridor_final_v3/robots/r3/rgb/00255.png	cbef9266533a66a6650e0f5eb22ddbda8dd5b5fb9d5471daf230a75bc2180c99	28102
raw	zone_wide_corridor_final_v3/robots/r3/rgb/00256.png	cbef9266533a66a6650e0f5eb22ddbda8dd5b5fb9d5471daf230a75bc2180c99	28102
raw	zone_wide_corridor_final_v3/robots/r3/rgb/00257.png	cbef9266533a66a6650e0f5eb22ddbda8dd5b5fb9d5471daf230a75bc2180c99	28102
raw	zone_wide_corridor_final_v3/robots/r3/rgb/00258.png	cbef9266533a66a6650e0f5eb22ddbda8dd5b5fb9d5471daf230a75bc2180c99	28102
raw	zone_wide_corridor_final_v3/robots/r3/rgb/00259.png	cbef9266533a66a6650e0f5eb22ddbda8dd5b5fb9d5471daf230a75bc2180c99	28102
raw	zone_wide_corridor_final_v3/robots/r3/rgb/00260.png	cbef9266533a66a6650e0f5eb22ddbda8dd5b5fb9d5471daf230a75bc2180c99	28102
raw	zone_wide_corridor_final_v3/robots/r3/rgb/00261.png	cbef9266533a66a6650e0f5eb22ddbda8dd5b5fb9d5471daf230a75bc2180c99	28102
raw	zone_wide_corridor_final_v3/robots/r3/rgb/00262.png	cbef9266533a66a6650e0f5eb22ddbda8dd5b5fb9d5471daf230a75bc2180c99	28102
raw	zone_wide_corridor_final_v3/robots/r3/rgb/00263.png	cbef9266533a66a6650e0f5eb22ddbda8dd5b5fb9d5471daf230a75bc2180c99	28102
raw	zone_wide_corridor_final_v3/robots/r3/rgb/00264.png	cbef9266533a66a6650e0f5eb22ddbda8dd5b5fb9d5471daf230a75bc2180c99	28102
raw	zone_wide_corridor_final_v3/robots/r3/rgb/00265.png	cbef9266533a66a6650e0f5eb22ddbda8dd5b5fb9d5471daf230a75bc2180c99	28102
raw	zone_wide_corridor_final_v3/robots/r3/rgb/00266.png	cbef9266533a66a6650e0f5eb22ddbda8dd5b5fb9d5471daf230a75bc2180c99	28102
raw	zone_wide_corridor_final_v3/robots/r3/rgb/00267.png	cbef9266533a66a6650e0f5eb22ddbda8dd5b5fb9d5471daf230a75bc2180c99	28102
raw	zone_wide_corridor_final_v3/robots/r3/rgb/00268.png	cbef9266533a66a6650e0f5eb22ddbda8dd5b5fb9d5471daf230a75bc2180c99	28102
raw	zone_wide_corridor_final_v3/robots/r3/rgb/00269.png	cbef9266533a66a6650e0f5eb22ddbda8dd5b5fb9d5471daf230a75bc2180c99	28102
raw	zone_wide_corridor_final_v3/robots/r3/rgb/00270.png	cbef9266533a66a6650e0f5eb22ddbda8dd5b5fb9d5471daf230a75bc2180c99	28102
raw	zone_wide_corridor_final_v3/robots/r3/rgb/00271.png	cbef9266533a66a6650e0f5eb22ddbda8dd5b5fb9d5471daf230a75bc2180c99	28102
raw	zone_wide_corridor_final_v3/robots/r3/rgb/00272.png	cbef9266533a66a6650e0f5eb22ddbda8dd5b5fb9d5471daf230a75bc2180c99	28102
raw	zone_wide_corridor_final_v3/robots/r3/rgb/00273.png	cbef9266533a66a6650e0f5eb22ddbda8dd5b5fb9d5471daf230a75bc2180c99	28102
raw	zone_wide_corridor_final_v3/robots/r3/rgb/00274.png	cbef9266533a66a6650e0f5eb22ddbda8dd5b5fb9d5471daf230a75bc2180c99	28102
raw	zone_wide_corridor_final_v3/robots/r3/rgb/00275.png	cbef9266533a66a6650e0f5eb22ddbda8dd5b5fb9d5471daf230a75bc2180c99	28102
raw	zone_wide_corridor_final_v3/robots/r3/rgb/00276.png	cbef9266533a66a6650e0f5eb22ddbda8dd5b5fb9d5471daf230a75bc2180c99	28102
raw	zone_wide_corridor_final_v3/robots/r3/rgb/00277.png	cbef9266533a66a6650e0f5eb22ddbda8dd5b5fb9d5471daf230a75bc2180c99	28102
raw	zone_wide_corridor_final_v3/robots/r3/rgb/00278.png	cbef9266533a66a6650e0f5eb22ddbda8dd5b5fb9d5471daf230a75bc2180c99	28102
raw	zone_wide_corridor_final_v3/robots/r3/rgb/00279.png	cbef9266533a66a6650e0f5eb22ddbda8dd5b5fb9d5471daf230a75bc2180c99	28102
raw	zone_wide_corridor_final_v3/robots/r3/rgb/00280.png	cbef9266533a66a6650e0f5eb22ddbda8dd5b5fb9d5471daf230a75bc2180c99	28102
raw	zone_wide_corridor_final_v3/robots/r3/rgb/00281.png	cbef9266533a66a6650e0f5eb22ddbda8dd5b5fb9d5471daf230a75bc2180c99	28102
raw	zone_wide_corridor_final_v3/robots/r3/rgb/00282.png	cbef9266533a66a6650e0f5eb22ddbda8dd5b5fb9d5471daf230a75bc2180c99	28102
raw	zone_wide_corridor_final_v3/robots/r3/rgb/00283.png	cbef9266533a66a6650e0f5eb22ddbda8dd5b5fb9d5471daf230a75bc2180c99	28102
raw	zone_wide_corridor_final_v3/robots/r3/rgb/00284.png	cbef9266533a66a6650e0f5eb22ddbda8dd5b5fb9d5471daf230a75bc2180c99	28102
raw	zone_wide_corridor_final_v3/robots/r3/rgb/00285.png	cbef9266533a66a6650e0f5eb22ddbda8dd5b5fb9d5471daf230a75bc2180c99	28102
raw	zone_wide_corridor_final_v3/robots/r3/rgb/00286.png	cbef9266533a66a6650e0f5eb22ddbda8dd5b5fb9d5471daf230a75bc2180c99	28102
raw	zone_wide_corridor_final_v3/robots/r3/rgb/00287.png	cbef9266533a66a6650e0f5eb22ddbda8dd5b5fb9d5471daf230a75bc2180c99	28102
raw	zone_wide_corridor_final_v3/robots/r3/rgb/00288.png	cbef9266533a66a6650e0f5eb22ddbda8dd5b5fb9d5471daf230a75bc2180c99	28102
raw	zone_wide_corridor_final_v3/robots/r3/rgb/00289.png	cbef9266533a66a6650e0f5eb22ddbda8dd5b5fb9d5471daf230a75bc2180c99	28102
raw	zone_wide_corridor_final_v3/robots/r3/rgb/00290.png	cbef9266533a66a6650e0f5eb22ddbda8dd5b5fb9d5471daf230a75bc2180c99	28102
raw	zone_wide_corridor_final_v3/robots/r3/rgb/00291.png	cbef9266533a66a6650e0f5eb22ddbda8dd5b5fb9d5471daf230a75bc2180c99	28102
raw	zone_wide_corridor_final_v3/robots/r3/rgb/00292.png	cbef9266533a66a6650e0f5eb22ddbda8dd5b5fb9d5471daf230a75bc2180c99	28102
raw	zone_wide_corridor_final_v3/robots/r3/rgb/00293.png	cbef9266533a66a6650e0f5eb22ddbda8dd5b5fb9d5471daf230a75bc2180c99	28102
raw	zone_wide_corridor_final_v3/robots/r3/rgb/00294.png	cbef9266533a66a6650e0f5eb22ddbda8dd5b5fb9d5471daf230a75bc2180c99	28102
raw	zone_wide_corridor_final_v3/robots/r3/rgb/00295.png	cbef9266533a66a6650e0f5eb22ddbda8dd5b5fb9d5471daf230a75bc2180c99	28102
raw	zone_wide_corridor_final_v3/robots/r3/rgb/00296.png	cbef9266533a66a6650e0f5eb22ddbda8dd5b5fb9d5471daf230a75bc2180c99	28102
raw	zone_wide_corridor_final_v3/robots/r3/rgb/00297.png	cbef9266533a66a6650e0f5eb22ddbda8dd5b5fb9d5471daf230a75bc2180c99	28102
raw	zone_wide_corridor_final_v3/robots/r3/rgb/00298.png	cbef9266533a66a6650e0f5eb22ddbda8dd5b5fb9d5471daf230a75bc2180c99	28102
raw	zone_wide_corridor_final_v3/robots/r3/rgb/00299.png	cbef9266533a66a6650e0f5eb22ddbda8dd5b5fb9d5471daf230a75bc2180c99	28102
raw	zone_wide_corridor_final_v3/robots/r3/rgb/00300.png	cbef9266533a66a6650e0f5eb22ddbda8dd5b5fb9d5471daf230a75bc2180c99	28102
raw	zone_wide_corridor_final_v3/robots/r3/rgb/00301.png	cbef9266533a66a6650e0f5eb22ddbda8dd5b5fb9d5471daf230a75bc2180c99	28102
raw	zone_wide_corridor_final_v3/robots/r3/rgb/00302.png	cbef9266533a66a6650e0f5eb22ddbda8dd5b5fb9d5471daf230a75bc2180c99	28102
raw	zone_wide_corridor_final_v3/robots/r3/rgb/00303.png	cbef9266533a66a6650e0f5eb22ddbda8dd5b5fb9d5471daf230a75bc2180c99	28102
raw	zone_wide_corridor_final_v3/robots/r3/rgb/00304.png	cbef9266533a66a6650e0f5eb22ddbda8dd5b5fb9d5471daf230a75bc2180c99	28102
raw	zone_wide_corridor_final_v3/robots/r3/rgb/00305.png	cbef9266533a66a6650e0f5eb22ddbda8dd5b5fb9d5471daf230a75bc2180c99	28102
raw	zone_wide_corridor_final_v3/robots/r3/rgb/00306.png	cbef9266533a66a6650e0f5eb22ddbda8dd5b5fb9d5471daf230a75bc2180c99	28102
raw	zone_wide_corridor_final_v3/robots/r3/rgb/00307.png	cbef9266533a66a6650e0f5eb22ddbda8dd5b5fb9d5471daf230a75bc2180c99	28102
raw	zone_wide_corridor_final_v3/robots/r3/rgb/00308.png	cbef9266533a66a6650e0f5eb22ddbda8dd5b5fb9d5471daf230a75bc2180c99	28102
raw	zone_wide_corridor_final_v3/robots/r3/rgb/00309.png	cbef9266533a66a6650e0f5eb22ddbda8dd5b5fb9d5471daf230a75bc2180c99	28102
raw	zone_wide_corridor_final_v3/robots/r3/rgb/00310.png	cbef9266533a66a6650e0f5eb22ddbda8dd5b5fb9d5471daf230a75bc2180c99	28102
raw	zone_wide_corridor_final_v3/robots/r3/rgb/00311.png	cbef9266533a66a6650e0f5eb22ddbda8dd5b5fb9d5471daf230a75bc2180c99	28102
raw	zone_wide_corridor_final_v3/robots/r3/rgb/00312.png	cbef9266533a66a6650e0f5eb22ddbda8dd5b5fb9d5471daf230a75bc2180c99	28102
raw	zone_wide_corridor_final_v3/robots/r3/rgb/00313.png	cbef9266533a66a6650e0f5eb22ddbda8dd5b5fb9d5471daf230a75bc2180c99	28102
raw	zone_wide_corridor_final_v3/robots/r3/rgb/00314.png	cbef9266533a66a6650e0f5eb22ddbda8dd5b5fb9d5471daf230a75bc2180c99	28102
raw	zone_wide_corridor_final_v3/robots/r3/rgb/00315.png	cbef9266533a66a6650e0f5eb22ddbda8dd5b5fb9d5471daf230a75bc2180c99	28102
raw	zone_wide_corridor_final_v3/robots/r3/rgb/00316.png	cbef9266533a66a6650e0f5eb22ddbda8dd5b5fb9d5471daf230a75bc2180c99	28102
raw	zone_wide_corridor_final_v3/robots/r3/rgb/00317.png	cbef9266533a66a6650e0f5eb22ddbda8dd5b5fb9d5471daf230a75bc2180c99	28102
raw	zone_wide_corridor_final_v3/robots/r3/rgb/00318.png	cbef9266533a66a6650e0f5eb22ddbda8dd5b5fb9d5471daf230a75bc2180c99	28102
raw	zone_wide_corridor_final_v3/robots/r3/rgb/00319.png	cbef9266533a66a6650e0f5eb22ddbda8dd5b5fb9d5471daf230a75bc2180c99	28102
raw	zone_wide_corridor_final_v3/robots/r3/rgb/00320.png	cbef9266533a66a6650e0f5eb22ddbda8dd5b5fb9d5471daf230a75bc2180c99	28102
raw	zone_wide_corridor_final_v3/robots/r3/rgb/00321.png	cbef9266533a66a6650e0f5eb22ddbda8dd5b5fb9d5471daf230a75bc2180c99	28102
raw	zone_wide_corridor_final_v3/robots/r3/rgb/00322.png	cbef9266533a66a6650e0f5eb22ddbda8dd5b5fb9d5471daf230a75bc2180c99	28102
raw	zone_wide_corridor_final_v3/robots/r3/rgb/00323.png	cbef9266533a66a6650e0f5eb22ddbda8dd5b5fb9d5471daf230a75bc2180c99	28102
raw	zone_wide_corridor_final_v3/robots/r3/rgb/00324.png	cbef9266533a66a6650e0f5eb22ddbda8dd5b5fb9d5471daf230a75bc2180c99	28102
raw	zone_wide_corridor_final_v3/robots/r3/rgb/00325.png	cbef9266533a66a6650e0f5eb22ddbda8dd5b5fb9d5471daf230a75bc2180c99	28102
raw	zone_wide_corridor_final_v3/robots/r3/rgb/00326.png	cbef9266533a66a6650e0f5eb22ddbda8dd5b5fb9d5471daf230a75bc2180c99	28102
raw	zone_wide_corridor_final_v3/robots/r3/rgb/00327.png	cbef9266533a66a6650e0f5eb22ddbda8dd5b5fb9d5471daf230a75bc2180c99	28102
raw	zone_wide_corridor_final_v3/robots/r3/rgb/00328.png	cbef9266533a66a6650e0f5eb22ddbda8dd5b5fb9d5471daf230a75bc2180c99	28102
raw	zone_wide_corridor_final_v3/robots/r3/rgb/00329.png	cbef9266533a66a6650e0f5eb22ddbda8dd5b5fb9d5471daf230a75bc2180c99	28102
raw	zone_wide_corridor_final_v3/robots/r3/rgb/00330.png	cbef9266533a66a6650e0f5eb22ddbda8dd5b5fb9d5471daf230a75bc2180c99	28102
raw	zone_wide_corridor_final_v3/robots/r3/rgb/00331.png	cbef9266533a66a6650e0f5eb22ddbda8dd5b5fb9d5471daf230a75bc2180c99	28102
raw	zone_wide_corridor_final_v3/robots/r3/rgb/00332.png	cbef9266533a66a6650e0f5eb22ddbda8dd5b5fb9d5471daf230a75bc2180c99	28102
raw	zone_wide_corridor_final_v3/robots/r3/rgb/00333.png	cbef9266533a66a6650e0f5eb22ddbda8dd5b5fb9d5471daf230a75bc2180c99	28102
raw	zone_wide_corridor_final_v3/robots/r3/rgb/00334.png	cbef9266533a66a6650e0f5eb22ddbda8dd5b5fb9d5471daf230a75bc2180c99	28102
raw	zone_wide_corridor_final_v3/robots/r3/rgb/00335.png	cbef9266533a66a6650e0f5eb22ddbda8dd5b5fb9d5471daf230a75bc2180c99	28102
raw	zone_wide_corridor_final_v3/robots/r3/rgb/00336.png	cbef9266533a66a6650e0f5eb22ddbda8dd5b5fb9d5471daf230a75bc2180c99	28102
raw	zone_wide_corridor_final_v3/robots/r3/rgb/00337.png	cbef9266533a66a6650e0f5eb22ddbda8dd5b5fb9d5471daf230a75bc2180c99	28102
raw	zone_wide_corridor_final_v3/robots/r3/rgb/00338.png	cbef9266533a66a6650e0f5eb22ddbda8dd5b5fb9d5471daf230a75bc2180c99	28102
raw	zone_wide_corridor_final_v3/robots/r3/rgb/00339.png	cbef9266533a66a6650e0f5eb22ddbda8dd5b5fb9d5471daf230a75bc2180c99	28102
raw	zone_wide_corridor_final_v3/robots/r3/rgb/00340.png	cbef9266533a66a6650e0f5eb22ddbda8dd5b5fb9d5471daf230a75bc2180c99	28102
raw	zone_wide_corridor_final_v3/robots/r3/rgb/00341.png	cbef9266533a66a6650e0f5eb22ddbda8dd5b5fb9d5471daf230a75bc2180c99	28102
raw	zone_wide_corridor_final_v3/robots/r3/rgb/00342.png	cbef9266533a66a6650e0f5eb22ddbda8dd5b5fb9d5471daf230a75bc2180c99	28102
raw	zone_wide_corridor_final_v3/robots/r3/rgb/00343.png	cbef9266533a66a6650e0f5eb22ddbda8dd5b5fb9d5471daf230a75bc2180c99	28102
raw	zone_wide_corridor_final_v3/robots/r3/rgb/00344.png	cbef9266533a66a6650e0f5eb22ddbda8dd5b5fb9d5471daf230a75bc2180c99	28102
raw	zone_wide_corridor_final_v3/robots/r3/rgb/00345.png	cbef9266533a66a6650e0f5eb22ddbda8dd5b5fb9d5471daf230a75bc2180c99	28102
raw	zone_wide_corridor_final_v3/robots/r3/rgb/00346.png	cbef9266533a66a6650e0f5eb22ddbda8dd5b5fb9d5471daf230a75bc2180c99	28102
raw	zone_wide_corridor_final_v3/robots/r3/rgb/00347.png	cbef9266533a66a6650e0f5eb22ddbda8dd5b5fb9d5471daf230a75bc2180c99	28102
raw	zone_wide_corridor_final_v3/robots/r3/rgb/00348.png	cbef9266533a66a6650e0f5eb22ddbda8dd5b5fb9d5471daf230a75bc2180c99	28102
raw	zone_wide_corridor_final_v3/robots/r3/rgb/00349.png	cbef9266533a66a6650e0f5eb22ddbda8dd5b5fb9d5471daf230a75bc2180c99	28102
raw	zone_wide_corridor_final_v3/robots/r3/rgb/00350.png	cbef9266533a66a6650e0f5eb22ddbda8dd5b5fb9d5471daf230a75bc2180c99	28102
raw	zone_wide_corridor_final_v3/robots/r3/rgb/00351.png	cbef9266533a66a6650e0f5eb22ddbda8dd5b5fb9d5471daf230a75bc2180c99	28102
raw	zone_wide_corridor_final_v3/robots/r3/rgb/00352.png	cbef9266533a66a6650e0f5eb22ddbda8dd5b5fb9d5471daf230a75bc2180c99	28102
raw	zone_wide_corridor_final_v3/robots/r3/rgb/00353.png	cbef9266533a66a6650e0f5eb22ddbda8dd5b5fb9d5471daf230a75bc2180c99	28102
raw	zone_wide_corridor_final_v3/robots/r3/rgb/00354.png	cbef9266533a66a6650e0f5eb22ddbda8dd5b5fb9d5471daf230a75bc2180c99	28102
raw	zone_wide_corridor_final_v3/robots/r3/rgb/00355.png	cbef9266533a66a6650e0f5eb22ddbda8dd5b5fb9d5471daf230a75bc2180c99	28102
raw	zone_wide_corridor_final_v3/robots/r3/rgb/00356.png	cbef9266533a66a6650e0f5eb22ddbda8dd5b5fb9d5471daf230a75bc2180c99	28102
raw	zone_wide_corridor_final_v3/robots/r3/rgb/00357.png	cbef9266533a66a6650e0f5eb22ddbda8dd5b5fb9d5471daf230a75bc2180c99	28102
raw	zone_wide_corridor_final_v3/robots/r3/rgb/00358.png	cbef9266533a66a6650e0f5eb22ddbda8dd5b5fb9d5471daf230a75bc2180c99	28102
raw	zone_wide_corridor_final_v3/robots/r3/rgb/00359.png	cbef9266533a66a6650e0f5eb22ddbda8dd5b5fb9d5471daf230a75bc2180c99	28102
raw	zone_wide_corridor_final_v3/robots/r3/rgb/00360.png	cbef9266533a66a6650e0f5eb22ddbda8dd5b5fb9d5471daf230a75bc2180c99	28102
raw	zone_wide_corridor_final_v3/robots/r3/rgb/00361.png	cbef9266533a66a6650e0f5eb22ddbda8dd5b5fb9d5471daf230a75bc2180c99	28102
raw	zone_wide_corridor_final_v3/robots/r3/rgb/00362.png	cbef9266533a66a6650e0f5eb22ddbda8dd5b5fb9d5471daf230a75bc2180c99	28102
raw	zone_wide_corridor_final_v3/robots/r3/rgb/00363.png	cbef9266533a66a6650e0f5eb22ddbda8dd5b5fb9d5471daf230a75bc2180c99	28102
raw	zone_wide_corridor_final_v3/robots/r3/rgb/00364.png	cbef9266533a66a6650e0f5eb22ddbda8dd5b5fb9d5471daf230a75bc2180c99	28102
raw	zone_wide_corridor_final_v3/robots/r3/rgb/00365.png	cbef9266533a66a6650e0f5eb22ddbda8dd5b5fb9d5471daf230a75bc2180c99	28102
raw	zone_wide_corridor_final_v3/robots/r3/rgb/00366.png	cbef9266533a66a6650e0f5eb22ddbda8dd5b5fb9d5471daf230a75bc2180c99	28102
raw	zone_wide_corridor_final_v3/robots/r3/rgb/00367.png	cbef9266533a66a6650e0f5eb22ddbda8dd5b5fb9d5471daf230a75bc2180c99	28102
raw	zone_wide_corridor_final_v3/robots/r3/rgb/00368.png	cbef9266533a66a6650e0f5eb22ddbda8dd5b5fb9d5471daf230a75bc2180c99	28102
raw	zone_wide_corridor_final_v3/robots/r3/rgb/00369.png	cbef9266533a66a6650e0f5eb22ddbda8dd5b5fb9d5471daf230a75bc2180c99	28102
raw	zone_wide_corridor_final_v3/robots/r3/rgb/00370.png	cbef9266533a66a6650e0f5eb22ddbda8dd5b5fb9d5471daf230a75bc2180c99	28102
raw	zone_wide_corridor_final_v3/robots/r3/rgb/00371.png	cbef9266533a66a6650e0f5eb22ddbda8dd5b5fb9d5471daf230a75bc2180c99	28102
raw	zone_wide_corridor_final_v3/robots/r3/rgb/00372.png	cbef9266533a66a6650e0f5eb22ddbda8dd5b5fb9d5471daf230a75bc2180c99	28102
raw	zone_wide_corridor_final_v3/robots/r3/rgb/00373.png	cbef9266533a66a6650e0f5eb22ddbda8dd5b5fb9d5471daf230a75bc2180c99	28102
raw	zone_wide_corridor_final_v3/robots/r3/rgb/00374.png	cbef9266533a66a6650e0f5eb22ddbda8dd5b5fb9d5471daf230a75bc2180c99	28102
raw	zone_wide_corridor_final_v3/robots/r3/rgb/00375.png	cbef9266533a66a6650e0f5eb22ddbda8dd5b5fb9d5471daf230a75bc2180c99	28102
raw	zone_wide_corridor_final_v3/robots/r3/rgb/00376.png	cbef9266533a66a6650e0f5eb22ddbda8dd5b5fb9d5471daf230a75bc2180c99	28102
raw	zone_wide_corridor_final_v3/robots/r3/rgb/00377.png	cbef9266533a66a6650e0f5eb22ddbda8dd5b5fb9d5471daf230a75bc2180c99	28102
raw	zone_wide_corridor_final_v3/robots/r3/rgb/00378.png	cbef9266533a66a6650e0f5eb22ddbda8dd5b5fb9d5471daf230a75bc2180c99	28102
raw	zone_wide_corridor_final_v3/robots/r3/rgb/00379.png	cbef9266533a66a6650e0f5eb22ddbda8dd5b5fb9d5471daf230a75bc2180c99	28102
raw	zone_wide_corridor_final_v3/robots/r3/rgb/00380.png	cbef9266533a66a6650e0f5eb22ddbda8dd5b5fb9d5471daf230a75bc2180c99	28102
raw	zone_wide_corridor_final_v3/robots/r3/rgb/00381.png	cbef9266533a66a6650e0f5eb22ddbda8dd5b5fb9d5471daf230a75bc2180c99	28102
raw	zone_wide_corridor_final_v3/robots/r3/rgb/00382.png	cbef9266533a66a6650e0f5eb22ddbda8dd5b5fb9d5471daf230a75bc2180c99	28102
raw	zone_wide_corridor_final_v3/robots/r3/rgb/00383.png	cbef9266533a66a6650e0f5eb22ddbda8dd5b5fb9d5471daf230a75bc2180c99	28102
raw	zone_wide_corridor_final_v3/robots/r3/rgb/00384.png	cbef9266533a66a6650e0f5eb22ddbda8dd5b5fb9d5471daf230a75bc2180c99	28102
raw	zone_wide_corridor_final_v3/robots/r3/rgb/00385.png	cbef9266533a66a6650e0f5eb22ddbda8dd5b5fb9d5471daf230a75bc2180c99	28102
raw	zone_wide_corridor_final_v3/robots/r3/rgb/00386.png	cbef9266533a66a6650e0f5eb22ddbda8dd5b5fb9d5471daf230a75bc2180c99	28102
raw	zone_wide_corridor_final_v3/robots/r3/rgb/00387.png	cbef9266533a66a6650e0f5eb22ddbda8dd5b5fb9d5471daf230a75bc2180c99	28102
raw	zone_wide_corridor_final_v3/robots/r3/rgb/00388.png	cbef9266533a66a6650e0f5eb22ddbda8dd5b5fb9d5471daf230a75bc2180c99	28102
raw	zone_wide_corridor_final_v3/robots/r3/rgb/00389.png	cbef9266533a66a6650e0f5eb22ddbda8dd5b5fb9d5471daf230a75bc2180c99	28102
raw	zone_wide_corridor_final_v3/robots/r3/rgb/00390.png	cbef9266533a66a6650e0f5eb22ddbda8dd5b5fb9d5471daf230a75bc2180c99	28102
raw	zone_wide_corridor_final_v3/robots/r3/rgb/00391.png	cbef9266533a66a6650e0f5eb22ddbda8dd5b5fb9d5471daf230a75bc2180c99	28102
raw	zone_wide_corridor_final_v3/robots/r3/rgb/00392.png	cbef9266533a66a6650e0f5eb22ddbda8dd5b5fb9d5471daf230a75bc2180c99	28102
raw	zone_wide_corridor_final_v3/robots/r3/rgb/00393.png	cbef9266533a66a6650e0f5eb22ddbda8dd5b5fb9d5471daf230a75bc2180c99	28102
raw	zone_wide_corridor_final_v3/robots/r3/rgb/00394.png	cbef9266533a66a6650e0f5eb22ddbda8dd5b5fb9d5471daf230a75bc2180c99	28102
raw	zone_wide_corridor_final_v3/robots/r3/rgb/00395.png	cbef9266533a66a6650e0f5eb22ddbda8dd5b5fb9d5471daf230a75bc2180c99	28102
raw	zone_wide_corridor_final_v3/robots/r3/rgb/00396.png	cbef9266533a66a6650e0f5eb22ddbda8dd5b5fb9d5471daf230a75bc2180c99	28102
raw	zone_wide_corridor_final_v3/robots/r3/rgb/00397.png	cbef9266533a66a6650e0f5eb22ddbda8dd5b5fb9d5471daf230a75bc2180c99	28102
raw	zone_wide_corridor_final_v3/robots/r3/rgb/00398.png	cbef9266533a66a6650e0f5eb22ddbda8dd5b5fb9d5471daf230a75bc2180c99	28102
raw	zone_wide_corridor_final_v3/robots/r3/rgb/00399.png	cbef9266533a66a6650e0f5eb22ddbda8dd5b5fb9d5471daf230a75bc2180c99	28102
raw	zone_wide_corridor_final_v3/robots/r3/rgb/00400.png	cbef9266533a66a6650e0f5eb22ddbda8dd5b5fb9d5471daf230a75bc2180c99	28102
raw	zone_wide_corridor_final_v3/robots/r3/rgb/00401.png	cbef9266533a66a6650e0f5eb22ddbda8dd5b5fb9d5471daf230a75bc2180c99	28102
raw	zone_wide_corridor_final_v3/robots/r3/rgb/00402.png	cbef9266533a66a6650e0f5eb22ddbda8dd5b5fb9d5471daf230a75bc2180c99	28102
raw	zone_wide_corridor_final_v3/robots/r3/rgb/00403.png	cbef9266533a66a6650e0f5eb22ddbda8dd5b5fb9d5471daf230a75bc2180c99	28102
raw	zone_wide_corridor_final_v3/robots/r3/rgb/00404.png	cbef9266533a66a6650e0f5eb22ddbda8dd5b5fb9d5471daf230a75bc2180c99	28102
raw	zone_wide_corridor_final_v3/robots/r3/rgb/00405.png	cbef9266533a66a6650e0f5eb22ddbda8dd5b5fb9d5471daf230a75bc2180c99	28102
raw	zone_wide_corridor_final_v3/robots/r3/rgb/00406.png	cbef9266533a66a6650e0f5eb22ddbda8dd5b5fb9d5471daf230a75bc2180c99	28102
raw	zone_wide_corridor_final_v3/robots/r3/rgb/00407.png	cbef9266533a66a6650e0f5eb22ddbda8dd5b5fb9d5471daf230a75bc2180c99	28102
raw	zone_wide_corridor_final_v3/robots/r3/rgb/00408.png	cbef9266533a66a6650e0f5eb22ddbda8dd5b5fb9d5471daf230a75bc2180c99	28102
raw	zone_wide_corridor_final_v3/robots/r3/rgb/00409.png	cbef9266533a66a6650e0f5eb22ddbda8dd5b5fb9d5471daf230a75bc2180c99	28102
raw	zone_wide_corridor_final_v3/robots/r3/rgb/00410.png	cbef9266533a66a6650e0f5eb22ddbda8dd5b5fb9d5471daf230a75bc2180c99	28102
raw	zone_wide_corridor_final_v3/robots/r3/rgb/00411.png	cbef9266533a66a6650e0f5eb22ddbda8dd5b5fb9d5471daf230a75bc2180c99	28102
raw	zone_wide_corridor_final_v3/robots/r3/rgb/00412.png	cbef9266533a66a6650e0f5eb22ddbda8dd5b5fb9d5471daf230a75bc2180c99	28102
raw	zone_wide_corridor_final_v3/robots/r3/rgb/00413.png	cbef9266533a66a6650e0f5eb22ddbda8dd5b5fb9d5471daf230a75bc2180c99	28102
raw	zone_wide_corridor_final_v3/robots/r3/rgb/00414.png	cbef9266533a66a6650e0f5eb22ddbda8dd5b5fb9d5471daf230a75bc2180c99	28102
raw	zone_wide_corridor_final_v3/robots/r3/rgb/00415.png	cbef9266533a66a6650e0f5eb22ddbda8dd5b5fb9d5471daf230a75bc2180c99	28102
raw	zone_wide_corridor_final_v3/robots/r3/rgb/00416.png	cbef9266533a66a6650e0f5eb22ddbda8dd5b5fb9d5471daf230a75bc2180c99	28102
raw	zone_wide_corridor_final_v3/robots/r3/rgb/00417.png	cbef9266533a66a6650e0f5eb22ddbda8dd5b5fb9d5471daf230a75bc2180c99	28102
raw	zone_wide_corridor_final_v3/robots/r3/rgb/00418.png	cbef9266533a66a6650e0f5eb22ddbda8dd5b5fb9d5471daf230a75bc2180c99	28102
raw	zone_wide_corridor_final_v3/robots/r3/rgb/00419.png	cbef9266533a66a6650e0f5eb22ddbda8dd5b5fb9d5471daf230a75bc2180c99	28102
raw	zone_wide_corridor_final_v3/robots/r3/rgb/00420.png	cbef9266533a66a6650e0f5eb22ddbda8dd5b5fb9d5471daf230a75bc2180c99	28102
raw	zone_wide_corridor_final_v3/robots/r3/rgb/00421.png	cbef9266533a66a6650e0f5eb22ddbda8dd5b5fb9d5471daf230a75bc2180c99	28102
raw	zone_wide_corridor_final_v3/robots/r3/rgb/00422.png	cbef9266533a66a6650e0f5eb22ddbda8dd5b5fb9d5471daf230a75bc2180c99	28102
raw	zone_wide_corridor_final_v3/robots/r3/rgb/00423.png	cbef9266533a66a6650e0f5eb22ddbda8dd5b5fb9d5471daf230a75bc2180c99	28102
raw	zone_wide_corridor_final_v3/robots/r3/rgb/00424.png	cbef9266533a66a6650e0f5eb22ddbda8dd5b5fb9d5471daf230a75bc2180c99	28102
raw	zone_wide_corridor_final_v3/robots/r3/rgb/00425.png	cbef9266533a66a6650e0f5eb22ddbda8dd5b5fb9d5471daf230a75bc2180c99	28102
raw	zone_wide_corridor_final_v3/robots/r3/rgb/00426.png	cbef9266533a66a6650e0f5eb22ddbda8dd5b5fb9d5471daf230a75bc2180c99	28102
raw	zone_wide_corridor_final_v3/robots/r3/rgb/00427.png	cbef9266533a66a6650e0f5eb22ddbda8dd5b5fb9d5471daf230a75bc2180c99	28102
raw	zone_wide_corridor_final_v3/robots/r3/rgb/00428.png	cbef9266533a66a6650e0f5eb22ddbda8dd5b5fb9d5471daf230a75bc2180c99	28102
raw	zone_wide_corridor_final_v3/robots/r3/rgb/00429.png	cbef9266533a66a6650e0f5eb22ddbda8dd5b5fb9d5471daf230a75bc2180c99	28102
raw	zone_wide_corridor_final_v3/robots/r3/rgb/00430.png	cbef9266533a66a6650e0f5eb22ddbda8dd5b5fb9d5471daf230a75bc2180c99	28102
raw	zone_wide_corridor_final_v3/robots/r3/rgb/00431.png	cbef9266533a66a6650e0f5eb22ddbda8dd5b5fb9d5471daf230a75bc2180c99	28102
raw	zone_wide_corridor_final_v3/robots/r3/rgb/00432.png	cbef9266533a66a6650e0f5eb22ddbda8dd5b5fb9d5471daf230a75bc2180c99	28102
raw	zone_wide_corridor_final_v3/robots/r3/rgb/00433.png	cbef9266533a66a6650e0f5eb22ddbda8dd5b5fb9d5471daf230a75bc2180c99	28102
raw	zone_wide_corridor_final_v3/robots/r3/rgb/00434.png	cbef9266533a66a6650e0f5eb22ddbda8dd5b5fb9d5471daf230a75bc2180c99	28102
raw	zone_wide_corridor_final_v3/robots/r3/rgb/00435.png	cbef9266533a66a6650e0f5eb22ddbda8dd5b5fb9d5471daf230a75bc2180c99	28102
raw	zone_wide_corridor_final_v3/robots/r3/rgb/00436.png	cbef9266533a66a6650e0f5eb22ddbda8dd5b5fb9d5471daf230a75bc2180c99	28102
raw	zone_wide_corridor_final_v3/robots/r3/rgb/00437.png	cbef9266533a66a6650e0f5eb22ddbda8dd5b5fb9d5471daf230a75bc2180c99	28102
raw	zone_wide_corridor_final_v3/robots/r3/rgb/00438.png	cbef9266533a66a6650e0f5eb22ddbda8dd5b5fb9d5471daf230a75bc2180c99	28102
raw	zone_wide_corridor_final_v3/robots/r3/rgb/00439.png	cbef9266533a66a6650e0f5eb22ddbda8dd5b5fb9d5471daf230a75bc2180c99	28102
raw	zone_wide_corridor_final_v3/robots/r3/rgb/00440.png	cbef9266533a66a6650e0f5eb22ddbda8dd5b5fb9d5471daf230a75bc2180c99	28102
raw	zone_wide_corridor_final_v3/robots/r3/rgb/00441.png	cbef9266533a66a6650e0f5eb22ddbda8dd5b5fb9d5471daf230a75bc2180c99	28102
raw	zone_wide_corridor_final_v3/robots/r3/rgb/00442.png	cbef9266533a66a6650e0f5eb22ddbda8dd5b5fb9d5471daf230a75bc2180c99	28102
raw	zone_wide_corridor_final_v3/robots/r3/rgb/00443.png	cbef9266533a66a6650e0f5eb22ddbda8dd5b5fb9d5471daf230a75bc2180c99	28102
raw	zone_wide_corridor_final_v3/robots/r3/rgb/00444.png	cbef9266533a66a6650e0f5eb22ddbda8dd5b5fb9d5471daf230a75bc2180c99	28102
raw	zone_wide_corridor_final_v3/robots/r3/rgb/00445.png	cbef9266533a66a6650e0f5eb22ddbda8dd5b5fb9d5471daf230a75bc2180c99	28102
raw	zone_wide_corridor_final_v3/robots/r3/rgb/00446.png	cbef9266533a66a6650e0f5eb22ddbda8dd5b5fb9d5471daf230a75bc2180c99	28102
raw	zone_wide_corridor_final_v3/robots/r3/rgb/00447.png	cbef9266533a66a6650e0f5eb22ddbda8dd5b5fb9d5471daf230a75bc2180c99	28102
raw	zone_wide_corridor_final_v3/robots/r3/rgb/00448.png	cbef9266533a66a6650e0f5eb22ddbda8dd5b5fb9d5471daf230a75bc2180c99	28102
raw	zone_wide_corridor_final_v3/robots/r3/rgb/00449.png	cbef9266533a66a6650e0f5eb22ddbda8dd5b5fb9d5471daf230a75bc2180c99	28102
raw	zone_wide_corridor_final_v3/robots/r3/rgb/00450.png	cbef9266533a66a6650e0f5eb22ddbda8dd5b5fb9d5471daf230a75bc2180c99	28102
raw	zone_wide_corridor_final_v3/robots/r3/rgb/00451.png	cbef9266533a66a6650e0f5eb22ddbda8dd5b5fb9d5471daf230a75bc2180c99	28102
raw	zone_wide_corridor_final_v3/robots/r3/rgb/00452.png	cbef9266533a66a6650e0f5eb22ddbda8dd5b5fb9d5471daf230a75bc2180c99	28102
raw	zone_wide_corridor_final_v3/robots/r3/rgb/00453.png	cbef9266533a66a6650e0f5eb22ddbda8dd5b5fb9d5471daf230a75bc2180c99	28102
raw	zone_wide_corridor_final_v3/robots/r3/rgb/00454.png	cbef9266533a66a6650e0f5eb22ddbda8dd5b5fb9d5471daf230a75bc2180c99	28102
raw	zone_wide_corridor_final_v3/robots/r3/rgb/00455.png	cbef9266533a66a6650e0f5eb22ddbda8dd5b5fb9d5471daf230a75bc2180c99	28102
raw	zone_wide_corridor_final_v3/robots/r3/rgb/00456.png	cbef9266533a66a6650e0f5eb22ddbda8dd5b5fb9d5471daf230a75bc2180c99	28102
raw	zone_wide_corridor_final_v3/robots/r3/rgb/00457.png	cbef9266533a66a6650e0f5eb22ddbda8dd5b5fb9d5471daf230a75bc2180c99	28102
raw	zone_wide_corridor_final_v3/robots/r3/rgb/00458.png	cbef9266533a66a6650e0f5eb22ddbda8dd5b5fb9d5471daf230a75bc2180c99	28102
raw	zone_wide_corridor_final_v3/robots/r3/rgb/00459.png	cbef9266533a66a6650e0f5eb22ddbda8dd5b5fb9d5471daf230a75bc2180c99	28102
raw	zone_wide_corridor_final_v3/robots/r3/rgb/00460.png	cbef9266533a66a6650e0f5eb22ddbda8dd5b5fb9d5471daf230a75bc2180c99	28102
raw	zone_wide_corridor_final_v3/robots/r3/rgb/00461.png	cbef9266533a66a6650e0f5eb22ddbda8dd5b5fb9d5471daf230a75bc2180c99	28102
raw	zone_wide_corridor_final_v3/robots/r3/rgb/00462.png	cbef9266533a66a6650e0f5eb22ddbda8dd5b5fb9d5471daf230a75bc2180c99	28102
raw	zone_wide_corridor_final_v3/robots/r3/rgb/00463.png	cbef9266533a66a6650e0f5eb22ddbda8dd5b5fb9d5471daf230a75bc2180c99	28102
raw	zone_wide_corridor_final_v3/robots/r3/rgb/00464.png	cbef9266533a66a6650e0f5eb22ddbda8dd5b5fb9d5471daf230a75bc2180c99	28102
raw	zone_wide_corridor_final_v3/robots/r3/rgb/00465.png	cbef9266533a66a6650e0f5eb22ddbda8dd5b5fb9d5471daf230a75bc2180c99	28102
raw	zone_wide_corridor_final_v3/robots/r3/rgb/00466.png	cbef9266533a66a6650e0f5eb22ddbda8dd5b5fb9d5471daf230a75bc2180c99	28102
raw	zone_wide_corridor_final_v3/robots/r3/rgb/00467.png	cbef9266533a66a6650e0f5eb22ddbda8dd5b5fb9d5471daf230a75bc2180c99	28102
raw	zone_wide_corridor_final_v3/robots/r3/rgb/00468.png	cbef9266533a66a6650e0f5eb22ddbda8dd5b5fb9d5471daf230a75bc2180c99	28102
raw	zone_wide_corridor_final_v3/robots/r3/rgb/00469.png	cbef9266533a66a6650e0f5eb22ddbda8dd5b5fb9d5471daf230a75bc2180c99	28102
raw	zone_wide_corridor_final_v3/robots/r3/rgb/00470.png	cbef9266533a66a6650e0f5eb22ddbda8dd5b5fb9d5471daf230a75bc2180c99	28102
raw	zone_wide_corridor_final_v3/robots/r3/rgb/00471.png	cbef9266533a66a6650e0f5eb22ddbda8dd5b5fb9d5471daf230a75bc2180c99	28102
raw	zone_wide_corridor_final_v3/robots/r3/rgb/00472.png	cbef9266533a66a6650e0f5eb22ddbda8dd5b5fb9d5471daf230a75bc2180c99	28102
raw	zone_wide_corridor_final_v3/robots/r3/rgb/00473.png	cbef9266533a66a6650e0f5eb22ddbda8dd5b5fb9d5471daf230a75bc2180c99	28102
raw	zone_wide_corridor_final_v3/robots/r3/rgb/00474.png	cbef9266533a66a6650e0f5eb22ddbda8dd5b5fb9d5471daf230a75bc2180c99	28102
raw	zone_wide_corridor_final_v3/robots/r3/rgb/00475.png	cbef9266533a66a6650e0f5eb22ddbda8dd5b5fb9d5471daf230a75bc2180c99	28102
raw	zone_wide_corridor_final_v3/robots/r3/rgb/00476.png	cbef9266533a66a6650e0f5eb22ddbda8dd5b5fb9d5471daf230a75bc2180c99	28102
raw	zone_wide_corridor_final_v3/robots/r3/rgb/00477.png	cbef9266533a66a6650e0f5eb22ddbda8dd5b5fb9d5471daf230a75bc2180c99	28102
raw	zone_wide_corridor_final_v3/robots/r3/rgb/00478.png	cbef9266533a66a6650e0f5eb22ddbda8dd5b5fb9d5471daf230a75bc2180c99	28102
raw	zone_wide_corridor_final_v3/robots/r3/rgb/00479.png	cbef9266533a66a6650e0f5eb22ddbda8dd5b5fb9d5471daf230a75bc2180c99	28102
raw	zone_wide_corridor_final_v3/robots/r3/rgb/00480.png	cbef9266533a66a6650e0f5eb22ddbda8dd5b5fb9d5471daf230a75bc2180c99	28102
raw	zone_wide_corridor_final_v3/robots/r3/rgb/00481.png	cbef9266533a66a6650e0f5eb22ddbda8dd5b5fb9d5471daf230a75bc2180c99	28102
raw	zone_wide_corridor_final_v3/robots/r3/rgb/00482.png	cbef9266533a66a6650e0f5eb22ddbda8dd5b5fb9d5471daf230a75bc2180c99	28102
raw	zone_wide_corridor_final_v3/robots/r3/rgb/00483.png	cbef9266533a66a6650e0f5eb22ddbda8dd5b5fb9d5471daf230a75bc2180c99	28102
raw	zone_wide_corridor_final_v3/robots/r3/rgb/00484.png	cbef9266533a66a6650e0f5eb22ddbda8dd5b5fb9d5471daf230a75bc2180c99	28102
raw	zone_wide_corridor_final_v3/robots/r3/rgb/00485.png	cbef9266533a66a6650e0f5eb22ddbda8dd5b5fb9d5471daf230a75bc2180c99	28102
raw	zone_wide_corridor_final_v3/robots/r3/rgb/00486.png	cbef9266533a66a6650e0f5eb22ddbda8dd5b5fb9d5471daf230a75bc2180c99	28102
raw	zone_wide_corridor_final_v3/robots/r3/rgb/00487.png	cbef9266533a66a6650e0f5eb22ddbda8dd5b5fb9d5471daf230a75bc2180c99	28102
raw	zone_wide_corridor_final_v3/robots/r3/rgb/00488.png	cbef9266533a66a6650e0f5eb22ddbda8dd5b5fb9d5471daf230a75bc2180c99	28102
raw	zone_wide_corridor_final_v3/robots/r3/rgb/00489.png	cbef9266533a66a6650e0f5eb22ddbda8dd5b5fb9d5471daf230a75bc2180c99	28102
raw	zone_wide_corridor_final_v3/robots/r3/rgb/00490.png	cbef9266533a66a6650e0f5eb22ddbda8dd5b5fb9d5471daf230a75bc2180c99	28102
raw	zone_wide_corridor_final_v3/robots/r3/rgb/00491.png	cbef9266533a66a6650e0f5eb22ddbda8dd5b5fb9d5471daf230a75bc2180c99	28102
raw	zone_wide_corridor_final_v3/robots/r3/rgb/00492.png	cbef9266533a66a6650e0f5eb22ddbda8dd5b5fb9d5471daf230a75bc2180c99	28102
raw	zone_wide_corridor_final_v3/robots/r3/rgb/00493.png	cbef9266533a66a6650e0f5eb22ddbda8dd5b5fb9d5471daf230a75bc2180c99	28102
raw	zone_wide_corridor_final_v3/robots/r3/rgb/00494.png	cbef9266533a66a6650e0f5eb22ddbda8dd5b5fb9d5471daf230a75bc2180c99	28102
raw	zone_wide_corridor_final_v3/robots/r3/rgb/00495.png	cbef9266533a66a6650e0f5eb22ddbda8dd5b5fb9d5471daf230a75bc2180c99	28102
raw	zone_wide_corridor_final_v3/robots/r3/rgb/00496.png	cbef9266533a66a6650e0f5eb22ddbda8dd5b5fb9d5471daf230a75bc2180c99	28102
raw	zone_wide_corridor_final_v3/robots/r3/rgb/00497.png	cbef9266533a66a6650e0f5eb22ddbda8dd5b5fb9d5471daf230a75bc2180c99	28102
raw	zone_wide_corridor_final_v3/robots/r3/rgb/00498.png	cbef9266533a66a6650e0f5eb22ddbda8dd5b5fb9d5471daf230a75bc2180c99	28102
raw	zone_wide_corridor_final_v3/robots/r3/rgb/00499.png	cbef9266533a66a6650e0f5eb22ddbda8dd5b5fb9d5471daf230a75bc2180c99	28102
raw	zone_wide_corridor_final_v3/robots/r3/rgb/00500.png	cbef9266533a66a6650e0f5eb22ddbda8dd5b5fb9d5471daf230a75bc2180c99	28102
raw	zone_wide_corridor_final_v3/robots/r3/rgb/00501.png	cbef9266533a66a6650e0f5eb22ddbda8dd5b5fb9d5471daf230a75bc2180c99	28102
raw	zone_wide_corridor_final_v3/robots/r3/rgb/00502.png	cbef9266533a66a6650e0f5eb22ddbda8dd5b5fb9d5471daf230a75bc2180c99	28102
raw	zone_wide_corridor_final_v3/robots/r3/rgb/00503.png	cbef9266533a66a6650e0f5eb22ddbda8dd5b5fb9d5471daf230a75bc2180c99	28102
raw	zone_wide_corridor_final_v3/robots/r3/rgb/00504.png	cbef9266533a66a6650e0f5eb22ddbda8dd5b5fb9d5471daf230a75bc2180c99	28102
raw	zone_wide_corridor_final_v3/robots/r3/rgb/00505.png	cbef9266533a66a6650e0f5eb22ddbda8dd5b5fb9d5471daf230a75bc2180c99	28102
raw	zone_wide_corridor_final_v3/robots/r3/rgb/00506.png	cbef9266533a66a6650e0f5eb22ddbda8dd5b5fb9d5471daf230a75bc2180c99	28102
raw	zone_wide_corridor_final_v3/robots/r3/rgb/00507.png	cbef9266533a66a6650e0f5eb22ddbda8dd5b5fb9d5471daf230a75bc2180c99	28102
raw	zone_wide_corridor_final_v3/robots/r3/rgb/00508.png	cbef9266533a66a6650e0f5eb22ddbda8dd5b5fb9d5471daf230a75bc2180c99	28102
raw	zone_wide_corridor_final_v3/robots/r3/rgb/00509.png	cbef9266533a66a6650e0f5eb22ddbda8dd5b5fb9d5471daf230a75bc2180c99	28102
raw	zone_wide_corridor_final_v3/robots/r3/rgb/00510.png	cbef9266533a66a6650e0f5eb22ddbda8dd5b5fb9d5471daf230a75bc2180c99	28102
raw	zone_wide_corridor_final_v3/robots/r3/rgb/00511.png	cbef9266533a66a6650e0f5eb22ddbda8dd5b5fb9d5471daf230a75bc2180c99	28102
raw	zone_wide_corridor_final_v3/robots/r3/rgb/00512.png	cbef9266533a66a6650e0f5eb22ddbda8dd5b5fb9d5471daf230a75bc2180c99	28102
raw	zone_wide_corridor_final_v3/robots/r3/rgb/00513.png	cbef9266533a66a6650e0f5eb22ddbda8dd5b5fb9d5471daf230a75bc2180c99	28102
raw	zone_wide_corridor_final_v3/robots/r3/rgb/00514.png	cbef9266533a66a6650e0f5eb22ddbda8dd5b5fb9d5471daf230a75bc2180c99	28102
raw	zone_wide_corridor_final_v3/robots/r3/rgb/00515.png	cbef9266533a66a6650e0f5eb22ddbda8dd5b5fb9d5471daf230a75bc2180c99	28102
raw	zone_wide_corridor_final_v3/robots/r3/rgb/00516.png	cbef9266533a66a6650e0f5eb22ddbda8dd5b5fb9d5471daf230a75bc2180c99	28102
raw	zone_wide_corridor_final_v3/robots/r3/rgb/00517.png	cbef9266533a66a6650e0f5eb22ddbda8dd5b5fb9d5471daf230a75bc2180c99	28102
raw	zone_wide_corridor_final_v3/robots/r3/rgb/00518.png	cbef9266533a66a6650e0f5eb22ddbda8dd5b5fb9d5471daf230a75bc2180c99	28102
raw	zone_wide_corridor_final_v3/robots/r3/rgb/00519.png	cbef9266533a66a6650e0f5eb22ddbda8dd5b5fb9d5471daf230a75bc2180c99	28102
raw	zone_wide_corridor_final_v3/robots/r3/rgb/00520.png	cbef9266533a66a6650e0f5eb22ddbda8dd5b5fb9d5471daf230a75bc2180c99	28102
raw	zone_wide_corridor_final_v3/robots/r3/rgb/00521.png	cbef9266533a66a6650e0f5eb22ddbda8dd5b5fb9d5471daf230a75bc2180c99	28102
raw	zone_wide_corridor_final_v3/robots/r3/rgb/00522.png	cbef9266533a66a6650e0f5eb22ddbda8dd5b5fb9d5471daf230a75bc2180c99	28102
raw	zone_wide_corridor_final_v3/robots/r3/rgb/00523.png	cbef9266533a66a6650e0f5eb22ddbda8dd5b5fb9d5471daf230a75bc2180c99	28102
raw	zone_wide_corridor_final_v3/robots/r3/rgb/00524.png	cbef9266533a66a6650e0f5eb22ddbda8dd5b5fb9d5471daf230a75bc2180c99	28102
raw	zone_wide_corridor_final_v3/robots/r3/rgb/00525.png	cbef9266533a66a6650e0f5eb22ddbda8dd5b5fb9d5471daf230a75bc2180c99	28102
raw	zone_wide_corridor_final_v3/robots/r3/rgb/00526.png	cbef9266533a66a6650e0f5eb22ddbda8dd5b5fb9d5471daf230a75bc2180c99	28102
raw	zone_wide_corridor_final_v3/robots/r3/rgb/00527.png	cbef9266533a66a6650e0f5eb22ddbda8dd5b5fb9d5471daf230a75bc2180c99	28102
raw	zone_wide_corridor_final_v3/robots/r3/rgb/00528.png	cbef9266533a66a6650e0f5eb22ddbda8dd5b5fb9d5471daf230a75bc2180c99	28102
raw	zone_wide_corridor_final_v3/robots/r3/rgb/00529.png	cbef9266533a66a6650e0f5eb22ddbda8dd5b5fb9d5471daf230a75bc2180c99	28102
raw	zone_wide_corridor_final_v3/robots/r3/rgb/00530.png	cbef9266533a66a6650e0f5eb22ddbda8dd5b5fb9d5471daf230a75bc2180c99	28102
raw	zone_wide_corridor_final_v3/robots/r3/rgb/00531.png	cbef9266533a66a6650e0f5eb22ddbda8dd5b5fb9d5471daf230a75bc2180c99	28102
raw	zone_wide_corridor_final_v3/robots/r3/rgb/00532.png	cbef9266533a66a6650e0f5eb22ddbda8dd5b5fb9d5471daf230a75bc2180c99	28102
raw	zone_wide_corridor_final_v3/robots/r3/rgb/00533.png	cbef9266533a66a6650e0f5eb22ddbda8dd5b5fb9d5471daf230a75bc2180c99	28102
raw	zone_wide_corridor_final_v3/robots/r3/rgb/00534.png	cbef9266533a66a6650e0f5eb22ddbda8dd5b5fb9d5471daf230a75bc2180c99	28102
raw	zone_wide_corridor_final_v3/robots/r3/rgb/00535.png	cbef9266533a66a6650e0f5eb22ddbda8dd5b5fb9d5471daf230a75bc2180c99	28102
raw	zone_wide_corridor_final_v3/robots/r3/rgb/00536.png	cbef9266533a66a6650e0f5eb22ddbda8dd5b5fb9d5471daf230a75bc2180c99	28102
raw	zone_wide_corridor_final_v3/robots/r3/rgb/00537.png	cbef9266533a66a6650e0f5eb22ddbda8dd5b5fb9d5471daf230a75bc2180c99	28102
raw	zone_wide_corridor_final_v3/robots/r3/rgb/00538.png	cbef9266533a66a6650e0f5eb22ddbda8dd5b5fb9d5471daf230a75bc2180c99	28102
raw	zone_wide_corridor_final_v3/robots/r3/rgb/00539.png	cbef9266533a66a6650e0f5eb22ddbda8dd5b5fb9d5471daf230a75bc2180c99	28102
raw	zone_wide_corridor_final_v3/robots/r3/rgb/00540.png	cbef9266533a66a6650e0f5eb22ddbda8dd5b5fb9d5471daf230a75bc2180c99	28102
raw	zone_wide_corridor_final_v3/robots/r3/rgb/00541.png	cbef9266533a66a6650e0f5eb22ddbda8dd5b5fb9d5471daf230a75bc2180c99	28102
raw	zone_wide_corridor_final_v3/robots/r3/rgb/00542.png	cbef9266533a66a6650e0f5eb22ddbda8dd5b5fb9d5471daf230a75bc2180c99	28102
raw	zone_wide_corridor_final_v3/robots/r3/rgb/00543.png	cbef9266533a66a6650e0f5eb22ddbda8dd5b5fb9d5471daf230a75bc2180c99	28102
raw	zone_wide_corridor_final_v3/robots/r3/rgb/00544.png	cbef9266533a66a6650e0f5eb22ddbda8dd5b5fb9d5471daf230a75bc2180c99	28102
raw	zone_wide_corridor_final_v3/robots/r3/rgb/00545.png	cbef9266533a66a6650e0f5eb22ddbda8dd5b5fb9d5471daf230a75bc2180c99	28102
raw	zone_wide_corridor_final_v3/robots/r3/rgb/00546.png	cbef9266533a66a6650e0f5eb22ddbda8dd5b5fb9d5471daf230a75bc2180c99	28102
raw	zone_wide_corridor_final_v3/robots/r3/rgb/00547.png	cbef9266533a66a6650e0f5eb22ddbda8dd5b5fb9d5471daf230a75bc2180c99	28102
raw	zone_wide_corridor_final_v3/robots/r3/rgb/00548.png	cbef9266533a66a6650e0f5eb22ddbda8dd5b5fb9d5471daf230a75bc2180c99	28102
raw	zone_wide_corridor_final_v3/robots/r3/rgb/00549.png	cbef9266533a66a6650e0f5eb22ddbda8dd5b5fb9d5471daf230a75bc2180c99	28102
raw	zone_wide_corridor_final_v3/robots/r3/rgb/00550.png	cbef9266533a66a6650e0f5eb22ddbda8dd5b5fb9d5471daf230a75bc2180c99	28102
raw	zone_wide_corridor_final_v3/robots/r3/rgb/00551.png	cbef9266533a66a6650e0f5eb22ddbda8dd5b5fb9d5471daf230a75bc2180c99	28102
raw	zone_wide_corridor_final_v3/robots/r3/rgb/00552.png	cbef9266533a66a6650e0f5eb22ddbda8dd5b5fb9d5471daf230a75bc2180c99	28102
raw	zone_wide_corridor_final_v3/robots/r3/rgb/00553.png	cbef9266533a66a6650e0f5eb22ddbda8dd5b5fb9d5471daf230a75bc2180c99	28102
raw	zone_wide_corridor_final_v3/robots/r3/rgb/00554.png	cbef9266533a66a6650e0f5eb22ddbda8dd5b5fb9d5471daf230a75bc2180c99	28102
raw	zone_wide_corridor_final_v3/robots/r3/rgb/00555.png	cbef9266533a66a6650e0f5eb22ddbda8dd5b5fb9d5471daf230a75bc2180c99	28102
raw	zone_wide_corridor_final_v3/robots/r3/rgb/00556.png	cbef9266533a66a6650e0f5eb22ddbda8dd5b5fb9d5471daf230a75bc2180c99	28102
raw	zone_wide_corridor_final_v3/robots/r3/rgb/00557.png	cbef9266533a66a6650e0f5eb22ddbda8dd5b5fb9d5471daf230a75bc2180c99	28102
raw	zone_wide_corridor_final_v3/robots/r3/rgb/00558.png	cbef9266533a66a6650e0f5eb22ddbda8dd5b5fb9d5471daf230a75bc2180c99	28102
raw	zone_wide_corridor_final_v3/robots/r3/rgb/00559.png	cbef9266533a66a6650e0f5eb22ddbda8dd5b5fb9d5471daf230a75bc2180c99	28102
raw	zone_wide_corridor_final_v3/robots/r3/rgb/00560.png	cbef9266533a66a6650e0f5eb22ddbda8dd5b5fb9d5471daf230a75bc2180c99	28102
raw	zone_wide_corridor_final_v3/robots/r3/rgb/00561.png	cbef9266533a66a6650e0f5eb22ddbda8dd5b5fb9d5471daf230a75bc2180c99	28102
raw	zone_wide_corridor_final_v3/robots/r3/rgb/00562.png	cbef9266533a66a6650e0f5eb22ddbda8dd5b5fb9d5471daf230a75bc2180c99	28102
raw	zone_wide_corridor_final_v3/robots/r3/rgb/00563.png	cbef9266533a66a6650e0f5eb22ddbda8dd5b5fb9d5471daf230a75bc2180c99	28102
raw	zone_wide_corridor_final_v3/robots/r3/rgb/00564.png	cbef9266533a66a6650e0f5eb22ddbda8dd5b5fb9d5471daf230a75bc2180c99	28102
raw	zone_wide_corridor_final_v3/robots/r3/rgb/00565.png	cbef9266533a66a6650e0f5eb22ddbda8dd5b5fb9d5471daf230a75bc2180c99	28102
raw	zone_wide_corridor_final_v3/robots/r3/rgb/00566.png	cbef9266533a66a6650e0f5eb22ddbda8dd5b5fb9d5471daf230a75bc2180c99	28102
raw	zone_wide_corridor_final_v3/robots/r3/rgb/00567.png	cbef9266533a66a6650e0f5eb22ddbda8dd5b5fb9d5471daf230a75bc2180c99	28102
raw	zone_wide_corridor_final_v3/robots/r3/rgb/00568.png	cbef9266533a66a6650e0f5eb22ddbda8dd5b5fb9d5471daf230a75bc2180c99	28102
raw	zone_wide_corridor_final_v3/robots/r3/rgb/00569.png	cbef9266533a66a6650e0f5eb22ddbda8dd5b5fb9d5471daf230a75bc2180c99	28102
raw	zone_wide_corridor_final_v3/robots/r3/rgb/00570.png	cbef9266533a66a6650e0f5eb22ddbda8dd5b5fb9d5471daf230a75bc2180c99	28102
raw	zone_wide_corridor_final_v3/robots/r3/rgb/00571.png	cbef9266533a66a6650e0f5eb22ddbda8dd5b5fb9d5471daf230a75bc2180c99	28102
raw	zone_wide_corridor_final_v3/robots/r3/rgb/00572.png	cbef9266533a66a6650e0f5eb22ddbda8dd5b5fb9d5471daf230a75bc2180c99	28102
raw	zone_wide_corridor_final_v3/robots/r3/rgb/00573.png	cbef9266533a66a6650e0f5eb22ddbda8dd5b5fb9d5471daf230a75bc2180c99	28102
raw	zone_wide_corridor_final_v3/robots/r3/rgb/00574.png	cbef9266533a66a6650e0f5eb22ddbda8dd5b5fb9d5471daf230a75bc2180c99	28102
raw	zone_wide_corridor_final_v3/robots/r3/rgb/00575.png	cbef9266533a66a6650e0f5eb22ddbda8dd5b5fb9d5471daf230a75bc2180c99	28102
raw	zone_wide_corridor_final_v3/robots/r3/rgb/00576.png	cbef9266533a66a6650e0f5eb22ddbda8dd5b5fb9d5471daf230a75bc2180c99	28102
raw	zone_wide_corridor_final_v3/robots/r3/rgb/00577.png	cbef9266533a66a6650e0f5eb22ddbda8dd5b5fb9d5471daf230a75bc2180c99	28102
raw	zone_wide_corridor_final_v3/robots/r3/rgb/00578.png	cbef9266533a66a6650e0f5eb22ddbda8dd5b5fb9d5471daf230a75bc2180c99	28102
raw	zone_wide_corridor_final_v3/robots/r3/rgb/00579.png	cbef9266533a66a6650e0f5eb22ddbda8dd5b5fb9d5471daf230a75bc2180c99	28102
raw	zone_wide_corridor_final_v3/robots/r3/rgb/00580.png	cbef9266533a66a6650e0f5eb22ddbda8dd5b5fb9d5471daf230a75bc2180c99	28102
raw	zone_wide_corridor_final_v3/robots/r3/rgb/00581.png	cbef9266533a66a6650e0f5eb22ddbda8dd5b5fb9d5471daf230a75bc2180c99	28102
raw	zone_wide_corridor_final_v3/robots/r3/rgb/00582.png	cbef9266533a66a6650e0f5eb22ddbda8dd5b5fb9d5471daf230a75bc2180c99	28102
raw	zone_wide_corridor_final_v3/robots/r3/rgb/00583.png	cbef9266533a66a6650e0f5eb22ddbda8dd5b5fb9d5471daf230a75bc2180c99	28102
raw	zone_wide_corridor_final_v3/robots/r3/rgb/00584.png	cbef9266533a66a6650e0f5eb22ddbda8dd5b5fb9d5471daf230a75bc2180c99	28102
raw	zone_wide_corridor_final_v3/robots/r3/rgb/00585.png	cbef9266533a66a6650e0f5eb22ddbda8dd5b5fb9d5471daf230a75bc2180c99	28102
raw	zone_wide_corridor_final_v3/robots/r3/rgb/00586.png	cbef9266533a66a6650e0f5eb22ddbda8dd5b5fb9d5471daf230a75bc2180c99	28102
raw	zone_wide_corridor_final_v3/robots/r3/rgb/00587.png	cbef9266533a66a6650e0f5eb22ddbda8dd5b5fb9d5471daf230a75bc2180c99	28102
raw	zone_wide_corridor_final_v3/robots/r3/rgb/00588.png	cbef9266533a66a6650e0f5eb22ddbda8dd5b5fb9d5471daf230a75bc2180c99	28102
raw	zone_wide_corridor_final_v3/robots/r3/rgb/00589.png	cbef9266533a66a6650e0f5eb22ddbda8dd5b5fb9d5471daf230a75bc2180c99	28102
raw	zone_wide_corridor_final_v3/robots/r3/rgb/00590.png	cbef9266533a66a6650e0f5eb22ddbda8dd5b5fb9d5471daf230a75bc2180c99	28102
raw	zone_wide_corridor_final_v3/robots/r3/rgb/00591.png	cbef9266533a66a6650e0f5eb22ddbda8dd5b5fb9d5471daf230a75bc2180c99	28102
raw	zone_wide_corridor_final_v3/robots/r3/rgb/00592.png	cbef9266533a66a6650e0f5eb22ddbda8dd5b5fb9d5471daf230a75bc2180c99	28102
raw	zone_wide_corridor_final_v3/robots/r3/rgb/00593.png	cbef9266533a66a6650e0f5eb22ddbda8dd5b5fb9d5471daf230a75bc2180c99	28102
raw	zone_wide_corridor_final_v3/robots/r3/rgb/00594.png	cbef9266533a66a6650e0f5eb22ddbda8dd5b5fb9d5471daf230a75bc2180c99	28102
raw	zone_wide_corridor_final_v3/robots/r3/rgb/00595.png	cbef9266533a66a6650e0f5eb22ddbda8dd5b5fb9d5471daf230a75bc2180c99	28102
raw	zone_wide_corridor_final_v3/robots/r3/rgb/00596.png	cbef9266533a66a6650e0f5eb22ddbda8dd5b5fb9d5471daf230a75bc2180c99	28102
raw	zone_wide_corridor_final_v3/robots/r3/rgb/00597.png	cbef9266533a66a6650e0f5eb22ddbda8dd5b5fb9d5471daf230a75bc2180c99	28102
raw	zone_wide_corridor_final_v3/robots/r3/rgb/00598.png	cbef9266533a66a6650e0f5eb22ddbda8dd5b5fb9d5471daf230a75bc2180c99	28102
raw	zone_wide_corridor_final_v3/robots/r3/rgb/00599.png	cbef9266533a66a6650e0f5eb22ddbda8dd5b5fb9d5471daf230a75bc2180c99	28102
raw	zone_wide_corridor_final_v3/robots/r3/rgb/00600.png	cbef9266533a66a6650e0f5eb22ddbda8dd5b5fb9d5471daf230a75bc2180c99	28102
raw	zone_wide_corridor_final_v3/scene.json	5a9010664a0f0fa8d5356c53d5b7e18118a9c8a57334a9f79f98ccdf39ea5a9e	3085
raw	zone_wide_corridor_final_v3/scene.xml	8e95e5b2e04bf7ac36b328ad530a4e4242e4a49d36c19ce9365b13c32e4ee79a	332662
raw	zone_wide_door_geometry_v3/artifacts.sha256.json	27b9bef01f4bb2d76ad8fd20803c65129960101e5fa0a200faedf24bdf96808b	176515
raw	zone_wide_door_geometry_v3/bundle.json	a52b3e342989995d5fc8f407a33a578cc6f586724b84315a188f5afe3bb8401b	21596
raw	zone_wide_door_geometry_v3/eval_only/applied.json	c61a9fa391d6b1f4a6bae25a0f8a8972b5dc162c1a3fa59666e5e507abc5e452	2879
raw	zone_wide_door_geometry_v3/eval_only/contacts.jsonl	770567353e005dae06f084904b1dc6b632a4df07fb84c84155ef955ca623c5ad	8817540
raw	zone_wide_door_geometry_v3/eval_only/r1/camera_labels.jsonl	8ded49d1af76e5d65cc286c34d2effa2ab7e599f5f2a70f72e39259a77d9e948	438839
raw	zone_wide_door_geometry_v3/eval_only/r2/camera_labels.jsonl	f3bbe715fb3a30b33f051de6e3070647b63871946dada121d44d202dce95ddbc	439942
raw	zone_wide_door_geometry_v3/eval_only/r3/camera_labels.jsonl	c15fb241e6ccb392f20316e7f58ebf9c7bf117e76e280a309cf319c274700669	439355
raw	zone_wide_door_geometry_v3/eval_only/setup.json	1a612a7ca31f38ac49e6ccfe9585c84beea5cb570daf0a58d688d5461cfe5b34	1677
raw	zone_wide_door_geometry_v3/inputs/static_map.json	be9a571beb90e8d49977dde5e2faf43b6f9b2a122a840dab961afee8ce3ddf17	6154
raw	zone_wide_door_geometry_v3/result.json	bc5241263721ce8ab9c0045f6de5403d8e2391dc3295729f5a94ef19b7258c9d	550
raw	zone_wide_door_geometry_v3/robots/r1/commands.jsonl	31436c6402b72de34a1465eb89c9a32c65e02b515e238f94c7e174f0e69584ae	10880
raw	zone_wide_door_geometry_v3/robots/r1/frames.jsonl	44a7e9b6632b1224b3dc60f7d50d08dd36d1f95d653f398dce60f3572ff6d3da	152130
raw	zone_wide_door_geometry_v3/robots/r1/rgb/00000.png	a73fd772103e91be83120f3786bd2b7d98e6a67c3c6a405139328634b6dfcac6	25676
raw	zone_wide_door_geometry_v3/robots/r1/rgb/00001.png	a73fd772103e91be83120f3786bd2b7d98e6a67c3c6a405139328634b6dfcac6	25676
raw	zone_wide_door_geometry_v3/robots/r1/rgb/00002.png	a73fd772103e91be83120f3786bd2b7d98e6a67c3c6a405139328634b6dfcac6	25676
raw	zone_wide_door_geometry_v3/robots/r1/rgb/00003.png	a73fd772103e91be83120f3786bd2b7d98e6a67c3c6a405139328634b6dfcac6	25676
raw	zone_wide_door_geometry_v3/robots/r1/rgb/00004.png	a73fd772103e91be83120f3786bd2b7d98e6a67c3c6a405139328634b6dfcac6	25676
raw	zone_wide_door_geometry_v3/robots/r1/rgb/00005.png	a73fd772103e91be83120f3786bd2b7d98e6a67c3c6a405139328634b6dfcac6	25676
raw	zone_wide_door_geometry_v3/robots/r1/rgb/00006.png	a73fd772103e91be83120f3786bd2b7d98e6a67c3c6a405139328634b6dfcac6	25676
raw	zone_wide_door_geometry_v3/robots/r1/rgb/00007.png	a73fd772103e91be83120f3786bd2b7d98e6a67c3c6a405139328634b6dfcac6	25676
raw	zone_wide_door_geometry_v3/robots/r1/rgb/00008.png	a73fd772103e91be83120f3786bd2b7d98e6a67c3c6a405139328634b6dfcac6	25676
raw	zone_wide_door_geometry_v3/robots/r1/rgb/00009.png	a73fd772103e91be83120f3786bd2b7d98e6a67c3c6a405139328634b6dfcac6	25676
raw	zone_wide_door_geometry_v3/robots/r1/rgb/00010.png	a73fd772103e91be83120f3786bd2b7d98e6a67c3c6a405139328634b6dfcac6	25676
raw	zone_wide_door_geometry_v3/robots/r1/rgb/00011.png	a73fd772103e91be83120f3786bd2b7d98e6a67c3c6a405139328634b6dfcac6	25676
raw	zone_wide_door_geometry_v3/robots/r1/rgb/00012.png	a73fd772103e91be83120f3786bd2b7d98e6a67c3c6a405139328634b6dfcac6	25676
raw	zone_wide_door_geometry_v3/robots/r1/rgb/00013.png	a73fd772103e91be83120f3786bd2b7d98e6a67c3c6a405139328634b6dfcac6	25676
raw	zone_wide_door_geometry_v3/robots/r1/rgb/00014.png	a73fd772103e91be83120f3786bd2b7d98e6a67c3c6a405139328634b6dfcac6	25676
raw	zone_wide_door_geometry_v3/robots/r1/rgb/00015.png	a73fd772103e91be83120f3786bd2b7d98e6a67c3c6a405139328634b6dfcac6	25676
raw	zone_wide_door_geometry_v3/robots/r1/rgb/00016.png	51d8c3d4331714736646e43143ed793021a839680a27448c8261af9291a60b16	32620
raw	zone_wide_door_geometry_v3/robots/r1/rgb/00017.png	f900dec489486cf6ffe7026ce08da73555d12bac78222553cc8de4f315dc020f	32809
raw	zone_wide_door_geometry_v3/robots/r1/rgb/00018.png	b74d373357e8ae0a6c8499e67b88838a481a9c48b2b65533d5c2051da9b63a59	32787
raw	zone_wide_door_geometry_v3/robots/r1/rgb/00019.png	d0fa28ebd15b76bbadad4f622f64d509ba5dcb9df42b5eab3afaa0b59ac880bc	32740
raw	zone_wide_door_geometry_v3/robots/r1/rgb/00020.png	056b12962096198f1eb86c380edc1de7f874e3f8b544dd8bc8c7c238d4e1eeeb	32751
raw	zone_wide_door_geometry_v3/robots/r1/rgb/00021.png	056b12962096198f1eb86c380edc1de7f874e3f8b544dd8bc8c7c238d4e1eeeb	32751
raw	zone_wide_door_geometry_v3/robots/r1/rgb/00022.png	056b12962096198f1eb86c380edc1de7f874e3f8b544dd8bc8c7c238d4e1eeeb	32751
raw	zone_wide_door_geometry_v3/robots/r1/rgb/00023.png	056b12962096198f1eb86c380edc1de7f874e3f8b544dd8bc8c7c238d4e1eeeb	32751
raw	zone_wide_door_geometry_v3/robots/r1/rgb/00024.png	056b12962096198f1eb86c380edc1de7f874e3f8b544dd8bc8c7c238d4e1eeeb	32751
raw	zone_wide_door_geometry_v3/robots/r1/rgb/00025.png	056b12962096198f1eb86c380edc1de7f874e3f8b544dd8bc8c7c238d4e1eeeb	32751
raw	zone_wide_door_geometry_v3/robots/r1/rgb/00026.png	056b12962096198f1eb86c380edc1de7f874e3f8b544dd8bc8c7c238d4e1eeeb	32751
raw	zone_wide_door_geometry_v3/robots/r1/rgb/00027.png	056b12962096198f1eb86c380edc1de7f874e3f8b544dd8bc8c7c238d4e1eeeb	32751
raw	zone_wide_door_geometry_v3/robots/r1/rgb/00028.png	056b12962096198f1eb86c380edc1de7f874e3f8b544dd8bc8c7c238d4e1eeeb	32751
raw	zone_wide_door_geometry_v3/robots/r1/rgb/00029.png	056b12962096198f1eb86c380edc1de7f874e3f8b544dd8bc8c7c238d4e1eeeb	32751
raw	zone_wide_door_geometry_v3/robots/r1/rgb/00030.png	056b12962096198f1eb86c380edc1de7f874e3f8b544dd8bc8c7c238d4e1eeeb	32751
raw	zone_wide_door_geometry_v3/robots/r1/rgb/00031.png	fcb01d1db7604b3d859cb41a11eb029a0e276eeff9372ddc71bd3eca8665dd3e	36981
raw	zone_wide_door_geometry_v3/robots/r1/rgb/00032.png	ed8d5851f8e7cca2c90967a77c786e3dbf7a578eb825157ee8ad8392f272b898	36893
raw	zone_wide_door_geometry_v3/robots/r1/rgb/00033.png	96e8475c5740e6ac0ccd5f3087aac943f1534d91af25f2b2a59a66b61894fb3e	37001
raw	zone_wide_door_geometry_v3/robots/r1/rgb/00034.png	af50226f94f2519759e26180c543367fc56e8cadceae0baa79cad74cef7d7a7f	36973
raw	zone_wide_door_geometry_v3/robots/r1/rgb/00035.png	7a3064920901f16dbb05c0c7ddc3460e8d989ab638e9054f7f31c64895989bff	37000
raw	zone_wide_door_geometry_v3/robots/r1/rgb/00036.png	7a3064920901f16dbb05c0c7ddc3460e8d989ab638e9054f7f31c64895989bff	37000
raw	zone_wide_door_geometry_v3/robots/r1/rgb/00037.png	7a3064920901f16dbb05c0c7ddc3460e8d989ab638e9054f7f31c64895989bff	37000
raw	zone_wide_door_geometry_v3/robots/r1/rgb/00038.png	3a4c250f8aad33f7bf2d2baef0146cc12a4d36a9f39e32a5934c0dcec6997b95	36994
raw	zone_wide_door_geometry_v3/robots/r1/rgb/00039.png	7a3064920901f16dbb05c0c7ddc3460e8d989ab638e9054f7f31c64895989bff	37000
raw	zone_wide_door_geometry_v3/robots/r1/rgb/00040.png	d9727b7774498559ef80edae3119e6e75b57913cbeb31d6246257961219e8869	36978
raw	zone_wide_door_geometry_v3/robots/r1/rgb/00041.png	d9727b7774498559ef80edae3119e6e75b57913cbeb31d6246257961219e8869	36978
raw	zone_wide_door_geometry_v3/robots/r1/rgb/00042.png	7a3064920901f16dbb05c0c7ddc3460e8d989ab638e9054f7f31c64895989bff	37000
raw	zone_wide_door_geometry_v3/robots/r1/rgb/00043.png	b63ce7d2ec7be47241e93d12cbccc5033df4803bf5f8d021a0ab0233c14a4344	37003
raw	zone_wide_door_geometry_v3/robots/r1/rgb/00044.png	7a3064920901f16dbb05c0c7ddc3460e8d989ab638e9054f7f31c64895989bff	37000
raw	zone_wide_door_geometry_v3/robots/r1/rgb/00045.png	7a3064920901f16dbb05c0c7ddc3460e8d989ab638e9054f7f31c64895989bff	37000
raw	zone_wide_door_geometry_v3/robots/r1/rgb/00046.png	9f3ace314564e1a4a741c039219475f0c0d8da4a82230f4c288a4331e255632d	40590
raw	zone_wide_door_geometry_v3/robots/r1/rgb/00047.png	04e6a78f9488a79bff425c3e20a1ba2901bed9681ee7df2e6773f617c234be47	40542
raw	zone_wide_door_geometry_v3/robots/r1/rgb/00048.png	130ec09bea5d38f2cc0719686b0ecbfe2b249860f55eb0a099c827d1a48f87ea	40576
raw	zone_wide_door_geometry_v3/robots/r1/rgb/00049.png	207c2b8727bca0cde12400d9e528eae68cd20184bea87f0a5e43d45c6bbfd824	40547
raw	zone_wide_door_geometry_v3/robots/r1/rgb/00050.png	e80f295edb56bec02ffb64916f6c417873413657f90d6a169e22496c0cfabe9f	40571
raw	zone_wide_door_geometry_v3/robots/r1/rgb/00051.png	740d040e3545cf8361e2afc98a0d0633e62ce2395b3db748131e16490f2fc35f	40560
raw	zone_wide_door_geometry_v3/robots/r1/rgb/00052.png	7021341bd7eb4a414bf0f5fa4d73c77a3a32ec59537511b573019add7d8b7db3	40567
raw	zone_wide_door_geometry_v3/robots/r1/rgb/00053.png	d32a09207f5868c7df0147619a46440ac57d907a991ac8660f2a808710c88a01	40579
raw	zone_wide_door_geometry_v3/robots/r1/rgb/00054.png	e87f3a414f5f05982d5011796ec7630ee5cb0ad7fe5641c72a45a0011b8d4db0	40572
raw	zone_wide_door_geometry_v3/robots/r1/rgb/00055.png	41e81245fc04b43037a84f28640c7c20449b2a6b40a992618a7e443bfd89d402	40566
raw	zone_wide_door_geometry_v3/robots/r1/rgb/00056.png	e87f3a414f5f05982d5011796ec7630ee5cb0ad7fe5641c72a45a0011b8d4db0	40572
raw	zone_wide_door_geometry_v3/robots/r1/rgb/00057.png	912bd7c8a19efec251f133460148961b23a4819a935fb335e356d596062bd8b3	40569
raw	zone_wide_door_geometry_v3/robots/r1/rgb/00058.png	e87f3a414f5f05982d5011796ec7630ee5cb0ad7fe5641c72a45a0011b8d4db0	40572
raw	zone_wide_door_geometry_v3/robots/r1/rgb/00059.png	912bd7c8a19efec251f133460148961b23a4819a935fb335e356d596062bd8b3	40569
raw	zone_wide_door_geometry_v3/robots/r1/rgb/00060.png	7021341bd7eb4a414bf0f5fa4d73c77a3a32ec59537511b573019add7d8b7db3	40567
raw	zone_wide_door_geometry_v3/robots/r1/rgb/00061.png	e3fc98b13efc60227f6500400551598618f6cb2700ca0e6394575c2ebfb58f9f	34936
raw	zone_wide_door_geometry_v3/robots/r1/rgb/00062.png	eab0c942c787bf034a2d366d8eb76d0da78bbb18026741e104241415bdf07eab	26753
raw	zone_wide_door_geometry_v3/robots/r1/rgb/00063.png	ed27ac708f2771a23c48842961b36f36bc76b6f3dfeeb51f2e4eb58c7fcaa1ef	31893
raw	zone_wide_door_geometry_v3/robots/r1/rgb/00064.png	5cf15e518cb74112d42a79c5243cd5428c1bb07753493a68c74a939374adb399	31892
raw	zone_wide_door_geometry_v3/robots/r1/rgb/00065.png	e118b4550a91021f00303a314d27e90f1dd8cd9f2c0ef6357d9639f56bd5f0ae	31829
raw	zone_wide_door_geometry_v3/robots/r1/rgb/00066.png	65dcc75c5308bcafcf8ef68180e1a49b9e06a0bd18fb2266b63988d97d8613dd	31851
raw	zone_wide_door_geometry_v3/robots/r1/rgb/00067.png	837b7721cca16c561c1dd4545743e683091bf352f01fbe71768bad263a53a17b	31850
raw	zone_wide_door_geometry_v3/robots/r1/rgb/00068.png	bd9de9bdc47b6626c836a0530cebf3ff748a099c52730d8f12f9e40d35a8490b	31854
raw	zone_wide_door_geometry_v3/robots/r1/rgb/00069.png	837b7721cca16c561c1dd4545743e683091bf352f01fbe71768bad263a53a17b	31850
raw	zone_wide_door_geometry_v3/robots/r1/rgb/00070.png	65dcc75c5308bcafcf8ef68180e1a49b9e06a0bd18fb2266b63988d97d8613dd	31851
raw	zone_wide_door_geometry_v3/robots/r1/rgb/00071.png	837b7721cca16c561c1dd4545743e683091bf352f01fbe71768bad263a53a17b	31850
raw	zone_wide_door_geometry_v3/robots/r1/rgb/00072.png	65dcc75c5308bcafcf8ef68180e1a49b9e06a0bd18fb2266b63988d97d8613dd	31851
raw	zone_wide_door_geometry_v3/robots/r1/rgb/00073.png	65dcc75c5308bcafcf8ef68180e1a49b9e06a0bd18fb2266b63988d97d8613dd	31851
raw	zone_wide_door_geometry_v3/robots/r1/rgb/00074.png	65dcc75c5308bcafcf8ef68180e1a49b9e06a0bd18fb2266b63988d97d8613dd	31851
raw	zone_wide_door_geometry_v3/robots/r1/rgb/00075.png	65dcc75c5308bcafcf8ef68180e1a49b9e06a0bd18fb2266b63988d97d8613dd	31851
raw	zone_wide_door_geometry_v3/robots/r1/rgb/00076.png	bfa7c27c7afe1ed43dfd30ffae582490bfaabe4eb3c7ff526cd1d3dfa1e398b8	25379
raw	zone_wide_door_geometry_v3/robots/r1/rgb/00077.png	cf5100d312ef5ddaec8156e213ba98a15244dc3babf235fcfd00736824443c14	25348
raw	zone_wide_door_geometry_v3/robots/r1/rgb/00078.png	9e2d41144e6781f0022fbfb46c45a6972f0b5dc860abc977bea1eaeaecebd957	25466
raw	zone_wide_door_geometry_v3/robots/r1/rgb/00079.png	09e699bb4f6c726bbdbbde5bb5a6348596a1b1fe7e7eb629eafa7892add84116	25460
raw	zone_wide_door_geometry_v3/robots/r1/rgb/00080.png	22077b5aff3491277e5ce0dd5bae9f10a9ffc8dd4de3666339fa6bd29b26e88e	25481
raw	zone_wide_door_geometry_v3/robots/r1/rgb/00081.png	3817df13d416a0dec5a697fb9feee5fdbb9466dcdb5553a41de44502b86a140f	25462
raw	zone_wide_door_geometry_v3/robots/r1/rgb/00082.png	4e8a2049f7d6d6ade326890d6965b733d405e56f173e233097110f1209084833	25488
raw	zone_wide_door_geometry_v3/robots/r1/rgb/00083.png	a474ba1b0744dc211c82353ea1419bd0bc2155a688be963af33839b01675f522	25483
raw	zone_wide_door_geometry_v3/robots/r1/rgb/00084.png	54d292bbca666638e345c98fcb9468d93842e0628aa20e3396fb4826d9aff547	25496
raw	zone_wide_door_geometry_v3/robots/r1/rgb/00085.png	a474ba1b0744dc211c82353ea1419bd0bc2155a688be963af33839b01675f522	25483
raw	zone_wide_door_geometry_v3/robots/r1/rgb/00086.png	53462bc55c079de13c0d974c9dd281e78146cb355860143e05cdc955701c5438	25480
raw	zone_wide_door_geometry_v3/robots/r1/rgb/00087.png	54d292bbca666638e345c98fcb9468d93842e0628aa20e3396fb4826d9aff547	25496
raw	zone_wide_door_geometry_v3/robots/r1/rgb/00088.png	a474ba1b0744dc211c82353ea1419bd0bc2155a688be963af33839b01675f522	25483
raw	zone_wide_door_geometry_v3/robots/r1/rgb/00089.png	4e8a2049f7d6d6ade326890d6965b733d405e56f173e233097110f1209084833	25488
raw	zone_wide_door_geometry_v3/robots/r1/rgb/00090.png	4e8a2049f7d6d6ade326890d6965b733d405e56f173e233097110f1209084833	25488
raw	zone_wide_door_geometry_v3/robots/r1/rgb/00091.png	197cd0833e20949b8c7da800356265642fc8951baed55404f3689587a9611015	19592
raw	zone_wide_door_geometry_v3/robots/r1/rgb/00092.png	7c605c3c400b2d6be66a01b9662a99b9a475c56bd3ab1d8cd52052c18c1fb89c	19577
raw	zone_wide_door_geometry_v3/robots/r1/rgb/00093.png	1eceb07e9647c1cb1d857d680abb6e35bdee2e5c0793e67aa33499beeb99be7c	19575
raw	zone_wide_door_geometry_v3/robots/r1/rgb/00094.png	a2ee89349bd019de131ecac5161f662ef86cd71752ec9e5de576913ad6667eec	19607
raw	zone_wide_door_geometry_v3/robots/r1/rgb/00095.png	8c9ae632868d2f667224d1133313edd399808552176d008a11fbfb591dbd4f63	19598
raw	zone_wide_door_geometry_v3/robots/r1/rgb/00096.png	2b75685102ec10868ea12b84da7a06a1333db5dff7fcc4073cd01bc8b791b44f	19599
raw	zone_wide_door_geometry_v3/robots/r1/rgb/00097.png	7be215dce15bed4b4ae237f3915599d4ab7643b740e1d9324756d30a04c59558	19599
raw	zone_wide_door_geometry_v3/robots/r1/rgb/00098.png	9e8d1904809aec7269ee2175c92f587018c55ffb1d4bf7d17ab486cb6f2e3b87	19587
raw	zone_wide_door_geometry_v3/robots/r1/rgb/00099.png	7be215dce15bed4b4ae237f3915599d4ab7643b740e1d9324756d30a04c59558	19599
raw	zone_wide_door_geometry_v3/robots/r1/rgb/00100.png	e11ed2a0bd001a88cca1d1aa79b56fa1df900b5fbb6772519c6efcfa82f52135	19595
raw	zone_wide_door_geometry_v3/robots/r1/rgb/00101.png	8c9ae632868d2f667224d1133313edd399808552176d008a11fbfb591dbd4f63	19598
raw	zone_wide_door_geometry_v3/robots/r1/rgb/00102.png	2b75685102ec10868ea12b84da7a06a1333db5dff7fcc4073cd01bc8b791b44f	19599
raw	zone_wide_door_geometry_v3/robots/r1/rgb/00103.png	8c9ae632868d2f667224d1133313edd399808552176d008a11fbfb591dbd4f63	19598
raw	zone_wide_door_geometry_v3/robots/r1/rgb/00104.png	77f29fb4e03bd3d4d427b69d448017a9e534830516c3ff86a01e84d52145d3e6	19601
raw	zone_wide_door_geometry_v3/robots/r1/rgb/00105.png	2b75685102ec10868ea12b84da7a06a1333db5dff7fcc4073cd01bc8b791b44f	19599
raw	zone_wide_door_geometry_v3/robots/r1/rgb/00106.png	cf6943a058db3e2b4e0fc1ecd36cfae858293200c2d98194957b7e7a5dfb30a1	28195
raw	zone_wide_door_geometry_v3/robots/r1/rgb/00107.png	8ceae165513f732761cab4b5667af08dcdc5619af4223829124604e21041fef6	27302
raw	zone_wide_door_geometry_v3/robots/r1/rgb/00108.png	6ce7a7ae584f40b4d71b932812dd7f2a435c40abfc001647627f6c69bd067a07	25801
raw	zone_wide_door_geometry_v3/robots/r1/rgb/00109.png	cd9e84d04627ce71aa1fbac63a01d57f137e97d4654646a21483efbbe23f9f1f	25844
raw	zone_wide_door_geometry_v3/robots/r1/rgb/00110.png	eb43efc293c14208cbf071289782d8972c802470c3445b77ee133f4e5130b648	25833
raw	zone_wide_door_geometry_v3/robots/r1/rgb/00111.png	07c73987b13eb4ae958ce5383028b21cd6b9c90efa9d9c246e2c0bd66fd6781a	25831
raw	zone_wide_door_geometry_v3/robots/r1/rgb/00112.png	07c73987b13eb4ae958ce5383028b21cd6b9c90efa9d9c246e2c0bd66fd6781a	25831
raw	zone_wide_door_geometry_v3/robots/r1/rgb/00113.png	07c73987b13eb4ae958ce5383028b21cd6b9c90efa9d9c246e2c0bd66fd6781a	25831
raw	zone_wide_door_geometry_v3/robots/r1/rgb/00114.png	07c73987b13eb4ae958ce5383028b21cd6b9c90efa9d9c246e2c0bd66fd6781a	25831
raw	zone_wide_door_geometry_v3/robots/r1/rgb/00115.png	07c73987b13eb4ae958ce5383028b21cd6b9c90efa9d9c246e2c0bd66fd6781a	25831
raw	zone_wide_door_geometry_v3/robots/r1/rgb/00116.png	07c73987b13eb4ae958ce5383028b21cd6b9c90efa9d9c246e2c0bd66fd6781a	25831
raw	zone_wide_door_geometry_v3/robots/r1/rgb/00117.png	07c73987b13eb4ae958ce5383028b21cd6b9c90efa9d9c246e2c0bd66fd6781a	25831
raw	zone_wide_door_geometry_v3/robots/r1/rgb/00118.png	07c73987b13eb4ae958ce5383028b21cd6b9c90efa9d9c246e2c0bd66fd6781a	25831
raw	zone_wide_door_geometry_v3/robots/r1/rgb/00119.png	07c73987b13eb4ae958ce5383028b21cd6b9c90efa9d9c246e2c0bd66fd6781a	25831
raw	zone_wide_door_geometry_v3/robots/r1/rgb/00120.png	07c73987b13eb4ae958ce5383028b21cd6b9c90efa9d9c246e2c0bd66fd6781a	25831
raw	zone_wide_door_geometry_v3/robots/r1/rgb/00121.png	8d1b4c3650bf8ea083c660295a998d3bb5761f5dffa7c4bbf390de3a96ee3214	35113
raw	zone_wide_door_geometry_v3/robots/r1/rgb/00122.png	1dedf9e738d6359f302c40a415119d682b74f098ec66540da9ae1d8b0c9a8ad5	35343
raw	zone_wide_door_geometry_v3/robots/r1/rgb/00123.png	35eab09103bb1e267098340fefb6027ea79996fb61bd43a3641c2a50540345f8	35421
raw	zone_wide_door_geometry_v3/robots/r1/rgb/00124.png	ccb5fad6c02d85559425798bf2dba06aaaac512b462caec4bd18dc8e7d792e15	35103
raw	zone_wide_door_geometry_v3/robots/r1/rgb/00125.png	ce8d5eb88be7b5cf745da3aafd75e48c56bbbee1eccc362d04ef4c63970a4346	35028
raw	zone_wide_door_geometry_v3/robots/r1/rgb/00126.png	7666f0428a849673e23a1891981c508febdb48c1edba5c1e1a8c316417eb2748	35010
raw	zone_wide_door_geometry_v3/robots/r1/rgb/00127.png	b410c26dddbb3e64193caace5af577e80fcfd74f1c837d52e2788cb79f17262a	35020
raw	zone_wide_door_geometry_v3/robots/r1/rgb/00128.png	16329213b3e838fda158bcc3beb86b819fa026cfc24766fed9dbd925bcb791a0	35023
raw	zone_wide_door_geometry_v3/robots/r1/rgb/00129.png	16329213b3e838fda158bcc3beb86b819fa026cfc24766fed9dbd925bcb791a0	35023
raw	zone_wide_door_geometry_v3/robots/r1/rgb/00130.png	16329213b3e838fda158bcc3beb86b819fa026cfc24766fed9dbd925bcb791a0	35023
raw	zone_wide_door_geometry_v3/robots/r1/rgb/00131.png	16329213b3e838fda158bcc3beb86b819fa026cfc24766fed9dbd925bcb791a0	35023
raw	zone_wide_door_geometry_v3/robots/r1/rgb/00132.png	16329213b3e838fda158bcc3beb86b819fa026cfc24766fed9dbd925bcb791a0	35023
raw	zone_wide_door_geometry_v3/robots/r1/rgb/00133.png	16329213b3e838fda158bcc3beb86b819fa026cfc24766fed9dbd925bcb791a0	35023
raw	zone_wide_door_geometry_v3/robots/r1/rgb/00134.png	16329213b3e838fda158bcc3beb86b819fa026cfc24766fed9dbd925bcb791a0	35023
raw	zone_wide_door_geometry_v3/robots/r1/rgb/00135.png	16329213b3e838fda158bcc3beb86b819fa026cfc24766fed9dbd925bcb791a0	35023
raw	zone_wide_door_geometry_v3/robots/r1/rgb/00136.png	883870d843adb528b02a8561c54eda1fea216d46c88c83768a9e608ab9cc2dc2	35204
raw	zone_wide_door_geometry_v3/robots/r1/rgb/00137.png	68c8c2f10c0bd01d58af1e0268fe3666456ae50b919136b189b4353ad1008e0c	35414
raw	zone_wide_door_geometry_v3/robots/r1/rgb/00138.png	6857431bc6a4d9019e6127fa5acbde86e004a4ff0b8037731a9e895ba4a4c219	35371
raw	zone_wide_door_geometry_v3/robots/r1/rgb/00139.png	0cae90fa1c2b6b5c5d442c1dcd39bada30df84e78c838653450620dc5c15602d	35360
raw	zone_wide_door_geometry_v3/robots/r1/rgb/00140.png	3960482ff8f0e74303f5aee87c26d8594400297a29f59ce4e090ef8315ccad34	35364
raw	zone_wide_door_geometry_v3/robots/r1/rgb/00141.png	944b1330ca1a3d6e9dd33c7f5da0bbf04b5a8fadf6118e5ce71283bb25c01727	35363
raw	zone_wide_door_geometry_v3/robots/r1/rgb/00142.png	66628c146e32c5e3ab9cec8a17fce80f608b458f5862633ad5033c8641ab4342	35360
raw	zone_wide_door_geometry_v3/robots/r1/rgb/00143.png	0a478d00747d1e88f45781248309eb72732ecb2e1d3161260c40db4cf85cdecd	35369
raw	zone_wide_door_geometry_v3/robots/r1/rgb/00144.png	451e8b24035130868da66f68a5ef56aee2fe13b4cfcbc40f10ee05b3433be2eb	35366
raw	zone_wide_door_geometry_v3/robots/r1/rgb/00145.png	15f2bc6c2a80363c3bcb0a51516383b9b7141d7bce8925fd3394d4d8e0061b1d	35365
raw	zone_wide_door_geometry_v3/robots/r1/rgb/00146.png	15f2bc6c2a80363c3bcb0a51516383b9b7141d7bce8925fd3394d4d8e0061b1d	35365
raw	zone_wide_door_geometry_v3/robots/r1/rgb/00147.png	59e73f32f735d7c0795005054d2d2441e7f8375b1da72541bd503716b9da08d7	35362
raw	zone_wide_door_geometry_v3/robots/r1/rgb/00148.png	321bb03a01b8d09f9f26ae539b042e34181ae8f114a2ffc829651909b0205d33	35371
raw	zone_wide_door_geometry_v3/robots/r1/rgb/00149.png	15f2bc6c2a80363c3bcb0a51516383b9b7141d7bce8925fd3394d4d8e0061b1d	35365
raw	zone_wide_door_geometry_v3/robots/r1/rgb/00150.png	15f2bc6c2a80363c3bcb0a51516383b9b7141d7bce8925fd3394d4d8e0061b1d	35365
raw	zone_wide_door_geometry_v3/robots/r1/rgb/00151.png	005c9c6fa3421d8f40ca64268060af43946a99a2836ddb641cfe9e52423f8f7b	40197
raw	zone_wide_door_geometry_v3/robots/r1/rgb/00152.png	247da13eaabeaba91539ca1252a33ecdd0f9b889c50d29eacc410a26ad5da7c5	39989
raw	zone_wide_door_geometry_v3/robots/r1/rgb/00153.png	c35478d7fd404d60ef6a594eb533b0fde03ceb9ededb0cd072e4b87d2eadb3ef	40092
raw	zone_wide_door_geometry_v3/robots/r1/rgb/00154.png	b42462eaf872d98ddf84207dc1b15c330fe92963185fd4f7e70ede319d14a280	40109
raw	zone_wide_door_geometry_v3/robots/r1/rgb/00155.png	6eed1bda992f3cf98f90dedfa07d1e301cb5719a40ece43dc0b694f2fe2f7808	40068
raw	zone_wide_door_geometry_v3/robots/r1/rgb/00156.png	c1dac572b4de63d0ecf3cab1393236ac98268d00968f5342d75ef94abfae4d84	40072
raw	zone_wide_door_geometry_v3/robots/r1/rgb/00157.png	995dc1ae2238327b3fa357b07afb961fc1c63ddd96234f66b5eceae39e742369	40080
raw	zone_wide_door_geometry_v3/robots/r1/rgb/00158.png	b09ae9e53f8e5fe6fe0f268875ee7b607212ba38053d251c46175235a7675161	40054
raw	zone_wide_door_geometry_v3/robots/r1/rgb/00159.png	871a264135f43f24ec9d44553abd264e78af795e629010782931a0552686ce59	40047
raw	zone_wide_door_geometry_v3/robots/r1/rgb/00160.png	183ce7c08795e7c4e8d71303dbc378d7843d5fafe4adfcafb160970ec7c5ace3	40066
raw	zone_wide_door_geometry_v3/robots/r1/rgb/00161.png	995dc1ae2238327b3fa357b07afb961fc1c63ddd96234f66b5eceae39e742369	40080
raw	zone_wide_door_geometry_v3/robots/r1/rgb/00162.png	995dc1ae2238327b3fa357b07afb961fc1c63ddd96234f66b5eceae39e742369	40080
raw	zone_wide_door_geometry_v3/robots/r1/rgb/00163.png	c9d251c7f41067e7e5fd20209c261897e3ea006f7e3110c44afab14cc6e4faa2	40068
raw	zone_wide_door_geometry_v3/robots/r1/rgb/00164.png	f136c33928ebf850d326e6ba6c66c67d127c90ed1d38228fbe44a6fa27c34ef4	40078
raw	zone_wide_door_geometry_v3/robots/r1/rgb/00165.png	5adf3bef8d777b99e8b1a79190308d582c696e31fdb8715b1a32d47bc25a199c	40068
raw	zone_wide_door_geometry_v3/robots/r1/rgb/00166.png	91e64b102271f09b42bd560f47bba0ce7ceb103e3bed9aef17f327931d068c55	51788
raw	zone_wide_door_geometry_v3/robots/r1/rgb/00167.png	99ebde6de706b2f5d9cb7b99afbdbb257fa55201c5d73141ba080ba46c1a4cc6	51480
raw	zone_wide_door_geometry_v3/robots/r1/rgb/00168.png	fb5f2648a67dedf24f32a31e83353214990c626035e319164ed8c2befc52d6ae	51526
raw	zone_wide_door_geometry_v3/robots/r1/rgb/00169.png	308a0496406ceff830e8e15e9dcc38bbc76aa8a9d606c3a9f3e7e58c983549da	51495
raw	zone_wide_door_geometry_v3/robots/r1/rgb/00170.png	b9e939cde47b6fa852f4dda56e8c28dbe78f10e98f2a70147e9cbf3ff2180945	51475
raw	zone_wide_door_geometry_v3/robots/r1/rgb/00171.png	238166a42b01cae091a79ef795f349fd775e71399a925e53c7e502c53c5d8f22	51440
raw	zone_wide_door_geometry_v3/robots/r1/rgb/00172.png	891630fe3e5e0ec1c906a8fbf5d967bf037fb8a03303aa7edffa064569247385	51408
raw	zone_wide_door_geometry_v3/robots/r1/rgb/00173.png	dadd6f08046ae14c6dcd5d1eaf5b4b2e47581e3fca85278b436d17c873a6adac	51403
raw	zone_wide_door_geometry_v3/robots/r1/rgb/00174.png	79bd3ec46641be187e5ef444d94bc4a20a3a71e843d22556e9b69996f0fa3626	51414
raw	zone_wide_door_geometry_v3/robots/r1/rgb/00175.png	891630fe3e5e0ec1c906a8fbf5d967bf037fb8a03303aa7edffa064569247385	51408
raw	zone_wide_door_geometry_v3/robots/r1/rgb/00176.png	109095fd0686366370e76e4efdf781eae5315847ed8774ebddcd9abd722a8966	51400
raw	zone_wide_door_geometry_v3/robots/r1/rgb/00177.png	109095fd0686366370e76e4efdf781eae5315847ed8774ebddcd9abd722a8966	51400
raw	zone_wide_door_geometry_v3/robots/r1/rgb/00178.png	109095fd0686366370e76e4efdf781eae5315847ed8774ebddcd9abd722a8966	51400
raw	zone_wide_door_geometry_v3/robots/r1/rgb/00179.png	109095fd0686366370e76e4efdf781eae5315847ed8774ebddcd9abd722a8966	51400
raw	zone_wide_door_geometry_v3/robots/r1/rgb/00180.png	109095fd0686366370e76e4efdf781eae5315847ed8774ebddcd9abd722a8966	51400
raw	zone_wide_door_geometry_v3/robots/r1/rgb/00181.png	a125f525cdf02a1bc849034d09d4540e9c46d53767fb5ee1361f90201eae3e40	38137
raw	zone_wide_door_geometry_v3/robots/r1/rgb/00182.png	b89bdbdbe5f330f37960a7e7046ee61df4377a2b65014e1b09a7f988bae409f2	36466
raw	zone_wide_door_geometry_v3/robots/r1/rgb/00183.png	4b952568148aafa09503342d1346b17c1f4de0b668bb245dd40a9d7ece74eb9d	32688
raw	zone_wide_door_geometry_v3/robots/r1/rgb/00184.png	e9c10dae511f81a91a3078c16af768a33369c0dd39ca9b526f764a74064e48a5	32854
raw	zone_wide_door_geometry_v3/robots/r1/rgb/00185.png	a03463356bceb314f80f15a08a8cdc95c77fd936ed2d9beeffefece12eac5bb2	32835
raw	zone_wide_door_geometry_v3/robots/r1/rgb/00186.png	3e5872f7fefb4c1e911823c3bdc7f4de9971d0b7a7d3dfbfd76ab432fa230327	32841
raw	zone_wide_door_geometry_v3/robots/r1/rgb/00187.png	ddd53889a27d700590802635aed24c03eef6902ea61c96b3990199953ee2d2de	32839
raw	zone_wide_door_geometry_v3/robots/r1/rgb/00188.png	ddd53889a27d700590802635aed24c03eef6902ea61c96b3990199953ee2d2de	32839
raw	zone_wide_door_geometry_v3/robots/r1/rgb/00189.png	72d3f8c25f624b85ebbb636341e489c305800baac06f33412e50a10583cd638d	32847
raw	zone_wide_door_geometry_v3/robots/r1/rgb/00190.png	ea3aa4e956a12a41e47256736fc7da4a970ba9dc6518ded71299f538f517acb2	32838
raw	zone_wide_door_geometry_v3/robots/r1/rgb/00191.png	f08500ff527367f96aff1f37be84b9e48a1cfcce2851381ab491cb5b31d9bf3f	32840
raw	zone_wide_door_geometry_v3/robots/r1/rgb/00192.png	e91d9d0c5affc08ce6c1802ab46ef95dbd7e6ff53393239ab459eb4952f42955	32826
raw	zone_wide_door_geometry_v3/robots/r1/rgb/00193.png	cc5fdde7ea5888616446c87892e2cea5143e8806c6ed459d98956afc504fe97b	32817
raw	zone_wide_door_geometry_v3/robots/r1/rgb/00194.png	f08500ff527367f96aff1f37be84b9e48a1cfcce2851381ab491cb5b31d9bf3f	32840
raw	zone_wide_door_geometry_v3/robots/r1/rgb/00195.png	16d28205483c3971ac1812a4e8583119e0003833267dbfd70527f43856318332	32832
raw	zone_wide_door_geometry_v3/robots/r1/rgb/00196.png	0004077cb47cc9e21f37a0e1df236a2d5668a2a5985f8110c6b39a584ff1154d	27385
raw	zone_wide_door_geometry_v3/robots/r1/rgb/00197.png	0ac0e41fe798fb410d9a79844e4ca991c16688fb7b0f7362b21fa45bc63445d5	27588
raw	zone_wide_door_geometry_v3/robots/r1/rgb/00198.png	d9e18965ab0e1769865acb473403d64cf3d96d59921a16d6b2aa2f7fff214a42	27421
raw	zone_wide_door_geometry_v3/robots/r1/rgb/00199.png	a1a8207bead62fbe9c1609905c37d75c3c5a26af31541009096e45583d8f8be9	27461
raw	zone_wide_door_geometry_v3/robots/r1/rgb/00200.png	93dae3d1fa7fe26ae5cd9435e3bcd40f6f209a543e58674b697cb74748edd6c4	27471
raw	zone_wide_door_geometry_v3/robots/r1/rgb/00201.png	69676f81ae3d2c75894b93681d9256991e6f2f1187647f5db5f1b374dd18dba5	27459
raw	zone_wide_door_geometry_v3/robots/r1/rgb/00202.png	2895bec127448e0884e04f7f577b9eaa20382b55b01bd622e97491ad98c6c90c	27457
raw	zone_wide_door_geometry_v3/robots/r1/rgb/00203.png	a76d5f1f6458252ae0934de9a668c384cfb6d2b2c352163fb8d4115f5f15e729	27470
raw	zone_wide_door_geometry_v3/robots/r1/rgb/00204.png	6b6b5f990baf830ee94d3dd75f5801bd0b4c8e3fe7d90e9ebbb9dc589bec8bfa	27457
raw	zone_wide_door_geometry_v3/robots/r1/rgb/00205.png	c9659ac73f7197129582bd4b84dea6b3a3b52a46693a8d83a57a7a29163f3b27	27477
raw	zone_wide_door_geometry_v3/robots/r1/rgb/00206.png	b853ce4c27cb7dc0d2b1ee029ff284d92569345247168165a240a9ae2d577b54	27462
raw	zone_wide_door_geometry_v3/robots/r1/rgb/00207.png	789c780ea630a54a8503e9b8e30dfbe8725447d11c9a4b1a32131e5676bfc737	27474
raw	zone_wide_door_geometry_v3/robots/r1/rgb/00208.png	66d7fdc8350359fc05842e54b2ce1871fbe03da9cc619ebddf4a08ba1f3dd74b	27438
raw	zone_wide_door_geometry_v3/robots/r1/rgb/00209.png	66d7fdc8350359fc05842e54b2ce1871fbe03da9cc619ebddf4a08ba1f3dd74b	27438
raw	zone_wide_door_geometry_v3/robots/r1/rgb/00210.png	66d7fdc8350359fc05842e54b2ce1871fbe03da9cc619ebddf4a08ba1f3dd74b	27438
raw	zone_wide_door_geometry_v3/robots/r1/rgb/00211.png	87bd4b013ee27b3bf03fda43b0f513f09f51fdb564ee2e4211e3ab774066e41a	26202
raw	zone_wide_door_geometry_v3/robots/r1/rgb/00212.png	ada8988fcc61ca99dbf1ec91942cc38649337245fe7bf5802e0bd99f2defee4a	25944
raw	zone_wide_door_geometry_v3/robots/r1/rgb/00213.png	98d539a7caf63bd3e6d20a3fb2cc885815980cdeb385749c5f97b19470e92ea1	26047
raw	zone_wide_door_geometry_v3/robots/r1/rgb/00214.png	e1bb919cc6f5aa5bbf33793dabe124f1be4c8291e39f9ff1a5f06f2851256e5a	26066
raw	zone_wide_door_geometry_v3/robots/r1/rgb/00215.png	0479335674e4b08650091e2763836f9c2c3d7923cefcc6c4d756f6ff263fd8bb	26065
raw	zone_wide_door_geometry_v3/robots/r1/rgb/00216.png	e8ac080e3891762c4c120d0271c98c50975974682a797a29985e3d3d65305a14	26053
raw	zone_wide_door_geometry_v3/robots/r1/rgb/00217.png	c5544d588a32b1cc167a7a62f9a2a0bce86c814dee0920c17f9fd57032c9c8f2	26052
raw	zone_wide_door_geometry_v3/robots/r1/rgb/00218.png	e8ac080e3891762c4c120d0271c98c50975974682a797a29985e3d3d65305a14	26053
raw	zone_wide_door_geometry_v3/robots/r1/rgb/00219.png	e8ac080e3891762c4c120d0271c98c50975974682a797a29985e3d3d65305a14	26053
raw	zone_wide_door_geometry_v3/robots/r1/rgb/00220.png	e8ac080e3891762c4c120d0271c98c50975974682a797a29985e3d3d65305a14	26053
raw	zone_wide_door_geometry_v3/robots/r1/rgb/00221.png	e8ac080e3891762c4c120d0271c98c50975974682a797a29985e3d3d65305a14	26053
raw	zone_wide_door_geometry_v3/robots/r1/rgb/00222.png	e8ac080e3891762c4c120d0271c98c50975974682a797a29985e3d3d65305a14	26053
raw	zone_wide_door_geometry_v3/robots/r1/rgb/00223.png	e8ac080e3891762c4c120d0271c98c50975974682a797a29985e3d3d65305a14	26053
raw	zone_wide_door_geometry_v3/robots/r1/rgb/00224.png	e8ac080e3891762c4c120d0271c98c50975974682a797a29985e3d3d65305a14	26053
raw	zone_wide_door_geometry_v3/robots/r1/rgb/00225.png	e8ac080e3891762c4c120d0271c98c50975974682a797a29985e3d3d65305a14	26053
raw	zone_wide_door_geometry_v3/robots/r1/rgb/00226.png	0566af3d324326280e17c1318c89c426a2045ab78fbba0224c1b6c665f8fa942	28162
raw	zone_wide_door_geometry_v3/robots/r1/rgb/00227.png	921653b07c59495420a34edb782767ec8ec80920d442c51bdcd3f269ec2c2d88	36912
raw	zone_wide_door_geometry_v3/robots/r1/rgb/00228.png	17e84a4164d9cb80353e89e86a8db3dc7618c67552478e77e058ba91eb75135f	35163
raw	zone_wide_door_geometry_v3/robots/r1/rgb/00229.png	c0a522780c65d02d7fd9fc3c8150411cccad1b61198e4e9be6fea0f9692a2c4f	35109
raw	zone_wide_door_geometry_v3/robots/r1/rgb/00230.png	18bef3bab70a42d6cafea2a0e16dd3f37bf3ed9eb49f16f972e33da876e0adf7	35095
raw	zone_wide_door_geometry_v3/robots/r1/rgb/00231.png	c2aadb5b2da9d2eb24701dd4831f1945f242747312cefad1a034fc296f02f5b9	35074
raw	zone_wide_door_geometry_v3/robots/r1/rgb/00232.png	efb7841b96485d1d42b1981379a7dfd898d0de600bfa69211b92abae4f97f3bf	35061
raw	zone_wide_door_geometry_v3/robots/r1/rgb/00233.png	efb7841b96485d1d42b1981379a7dfd898d0de600bfa69211b92abae4f97f3bf	35061
raw	zone_wide_door_geometry_v3/robots/r1/rgb/00234.png	efb7841b96485d1d42b1981379a7dfd898d0de600bfa69211b92abae4f97f3bf	35061
raw	zone_wide_door_geometry_v3/robots/r1/rgb/00235.png	efb7841b96485d1d42b1981379a7dfd898d0de600bfa69211b92abae4f97f3bf	35061
raw	zone_wide_door_geometry_v3/robots/r1/rgb/00236.png	efb7841b96485d1d42b1981379a7dfd898d0de600bfa69211b92abae4f97f3bf	35061
raw	zone_wide_door_geometry_v3/robots/r1/rgb/00237.png	efb7841b96485d1d42b1981379a7dfd898d0de600bfa69211b92abae4f97f3bf	35061
raw	zone_wide_door_geometry_v3/robots/r1/rgb/00238.png	efb7841b96485d1d42b1981379a7dfd898d0de600bfa69211b92abae4f97f3bf	35061
raw	zone_wide_door_geometry_v3/robots/r1/rgb/00239.png	efb7841b96485d1d42b1981379a7dfd898d0de600bfa69211b92abae4f97f3bf	35061
raw	zone_wide_door_geometry_v3/robots/r1/rgb/00240.png	efb7841b96485d1d42b1981379a7dfd898d0de600bfa69211b92abae4f97f3bf	35061
raw	zone_wide_door_geometry_v3/robots/r1/rgb/00241.png	e0e6820e4c727f34202cde0f09ad69aa1d2fa7a4e14fab7160b2dacb43bfd406	24272
raw	zone_wide_door_geometry_v3/robots/r1/rgb/00242.png	d6e1630ba689129ff7b12135d78a69361ab330444a383dfd69a6d37d58bb6d35	22134
raw	zone_wide_door_geometry_v3/robots/r1/rgb/00243.png	62bffad3f2e6f6b8a70a612644b2e9b4dbf96558c6f9b0c940db0c6b54cb71a0	21897
raw	zone_wide_door_geometry_v3/robots/r1/rgb/00244.png	16e084dca077ac5352d79a40ec7369784dcd478977df047d3dc7972e098b8aa0	22122
raw	zone_wide_door_geometry_v3/robots/r1/rgb/00245.png	6870895881063698f880f74e12d7d8edfaa7312fa7e676b002bf2d40c32aceaa	21986
raw	zone_wide_door_geometry_v3/robots/r1/rgb/00246.png	61b959080d70e182434a23c01df0ab6b28ba0165d496fb51c0e6dc102e679933	21998
raw	zone_wide_door_geometry_v3/robots/r1/rgb/00247.png	2dc763b8620899f26319971ffb702c96d8222da8a712a0cc4632f3c14b45a1c7	21992
raw	zone_wide_door_geometry_v3/robots/r1/rgb/00248.png	2dc763b8620899f26319971ffb702c96d8222da8a712a0cc4632f3c14b45a1c7	21992
raw	zone_wide_door_geometry_v3/robots/r1/rgb/00249.png	72010f3131213aac5d22f34682eb305f9be09481bfd598ae0c7878f7873f9b77	22007
raw	zone_wide_door_geometry_v3/robots/r1/rgb/00250.png	72010f3131213aac5d22f34682eb305f9be09481bfd598ae0c7878f7873f9b77	22007
raw	zone_wide_door_geometry_v3/robots/r1/rgb/00251.png	72010f3131213aac5d22f34682eb305f9be09481bfd598ae0c7878f7873f9b77	22007
raw	zone_wide_door_geometry_v3/robots/r1/rgb/00252.png	72010f3131213aac5d22f34682eb305f9be09481bfd598ae0c7878f7873f9b77	22007
raw	zone_wide_door_geometry_v3/robots/r1/rgb/00253.png	72010f3131213aac5d22f34682eb305f9be09481bfd598ae0c7878f7873f9b77	22007
raw	zone_wide_door_geometry_v3/robots/r1/rgb/00254.png	72010f3131213aac5d22f34682eb305f9be09481bfd598ae0c7878f7873f9b77	22007
raw	zone_wide_door_geometry_v3/robots/r1/rgb/00255.png	72010f3131213aac5d22f34682eb305f9be09481bfd598ae0c7878f7873f9b77	22007
raw	zone_wide_door_geometry_v3/robots/r1/rgb/00256.png	6da2786b6d200eba7065d62558a932ecccc0adbbe6c15a7fd4acc9d240dee79e	25034
raw	zone_wide_door_geometry_v3/robots/r1/rgb/00257.png	78ebdcaf3c465c8bc1d46094c10f7cfb0946eb5eb73b7a02e59cf481353a9a4a	25058
raw	zone_wide_door_geometry_v3/robots/r1/rgb/00258.png	93fd3a48c87d23784fbbf88ff3171f67a9c2848cbca6889b70718737ee184672	24981
raw	zone_wide_door_geometry_v3/robots/r1/rgb/00259.png	302430aebb9d186d1eaaee26d6a5539bd6c6ee3ad4b6b5431f364fdb6bd84398	25030
raw	zone_wide_door_geometry_v3/robots/r1/rgb/00260.png	4b10c560b00131807b5932a8a0ee511bcc08c454c9ee95fc59fc52f28d8766c6	25002
raw	zone_wide_door_geometry_v3/robots/r1/rgb/00261.png	b5a456ba3ebd95e1cb38c2e9bca2933c60c289a91924b4f27799323d4c6b6a4b	25010
raw	zone_wide_door_geometry_v3/robots/r1/rgb/00262.png	5111aa1dcb28b7ac769939f7a24e5e928d8965f075cf25e9f7d812fb4eb55cc9	24997
raw	zone_wide_door_geometry_v3/robots/r1/rgb/00263.png	b5a456ba3ebd95e1cb38c2e9bca2933c60c289a91924b4f27799323d4c6b6a4b	25010
raw	zone_wide_door_geometry_v3/robots/r1/rgb/00264.png	fb919060b2c8151befb542fea9e816e73ed9ba97c4095b60dc77a03e99ed0509	25012
raw	zone_wide_door_geometry_v3/robots/r1/rgb/00265.png	fb919060b2c8151befb542fea9e816e73ed9ba97c4095b60dc77a03e99ed0509	25012
raw	zone_wide_door_geometry_v3/robots/r1/rgb/00266.png	b5a456ba3ebd95e1cb38c2e9bca2933c60c289a91924b4f27799323d4c6b6a4b	25010
raw	zone_wide_door_geometry_v3/robots/r1/rgb/00267.png	b5a456ba3ebd95e1cb38c2e9bca2933c60c289a91924b4f27799323d4c6b6a4b	25010
raw	zone_wide_door_geometry_v3/robots/r1/rgb/00268.png	b5a456ba3ebd95e1cb38c2e9bca2933c60c289a91924b4f27799323d4c6b6a4b	25010
raw	zone_wide_door_geometry_v3/robots/r1/rgb/00269.png	2209d8a94396094adccb6c4e7255486a4f12e2230de33b72ca06ab0b95a6ea52	25000
raw	zone_wide_door_geometry_v3/robots/r1/rgb/00270.png	2209d8a94396094adccb6c4e7255486a4f12e2230de33b72ca06ab0b95a6ea52	25000
raw	zone_wide_door_geometry_v3/robots/r1/rgb/00271.png	feb0234015fe9ef951e2872d2f1598b5e6f4772afa32ea4cb8a77079cad6e57e	29667
raw	zone_wide_door_geometry_v3/robots/r1/rgb/00272.png	3ef94dc7eec238d993336acf4f4801e3f2e374126dfbb02be977147a3f255b19	29721
raw	zone_wide_door_geometry_v3/robots/r1/rgb/00273.png	82e1503d151b8a9587da75b69d9829ee7bc6e260b3799daa91cfbe8225af5582	29809
raw	zone_wide_door_geometry_v3/robots/r1/rgb/00274.png	bd0dd2669fa6b9aa9344eeb6946a56638780df0aafec8a08aabbdf8a6d714ed4	29814
raw	zone_wide_door_geometry_v3/robots/r1/rgb/00275.png	6813934ee28bd50829b8b58261eaca50a8af5888d3c40b3eb8dca9c12c71a194	29796
raw	zone_wide_door_geometry_v3/robots/r1/rgb/00276.png	85232a63f86842cdec833b0bde07148ae78760f2d92efa11ff4f2fbbe55a9919	29794
raw	zone_wide_door_geometry_v3/robots/r1/rgb/00277.png	df4eef51ed2190c7fd3c53618ac76f819e2f3092b33687f8b55fabb0c1dcd1f3	29797
raw	zone_wide_door_geometry_v3/robots/r1/rgb/00278.png	df4eef51ed2190c7fd3c53618ac76f819e2f3092b33687f8b55fabb0c1dcd1f3	29797
raw	zone_wide_door_geometry_v3/robots/r1/rgb/00279.png	df4eef51ed2190c7fd3c53618ac76f819e2f3092b33687f8b55fabb0c1dcd1f3	29797
raw	zone_wide_door_geometry_v3/robots/r1/rgb/00280.png	df4eef51ed2190c7fd3c53618ac76f819e2f3092b33687f8b55fabb0c1dcd1f3	29797
raw	zone_wide_door_geometry_v3/robots/r1/rgb/00281.png	df4eef51ed2190c7fd3c53618ac76f819e2f3092b33687f8b55fabb0c1dcd1f3	29797
raw	zone_wide_door_geometry_v3/robots/r1/rgb/00282.png	df4eef51ed2190c7fd3c53618ac76f819e2f3092b33687f8b55fabb0c1dcd1f3	29797
raw	zone_wide_door_geometry_v3/robots/r1/rgb/00283.png	df4eef51ed2190c7fd3c53618ac76f819e2f3092b33687f8b55fabb0c1dcd1f3	29797
raw	zone_wide_door_geometry_v3/robots/r1/rgb/00284.png	df4eef51ed2190c7fd3c53618ac76f819e2f3092b33687f8b55fabb0c1dcd1f3	29797
raw	zone_wide_door_geometry_v3/robots/r1/rgb/00285.png	df4eef51ed2190c7fd3c53618ac76f819e2f3092b33687f8b55fabb0c1dcd1f3	29797
raw	zone_wide_door_geometry_v3/robots/r1/rgb/00286.png	ec75f6a7f4e06f6dfadb29e1aa0643196e4c9f0ad9ec1cee250e7205d1061968	33196
raw	zone_wide_door_geometry_v3/robots/r1/rgb/00287.png	0f448317d26b3e45615818b80f95e554fc1913e58ce49f085137754c9e2f3ff8	33097
raw	zone_wide_door_geometry_v3/robots/r1/rgb/00288.png	6b59440d73e4c7fcd24c78bb8817f5db545d6259ef9039644ee0541ba61be9d5	33164
raw	zone_wide_door_geometry_v3/robots/r1/rgb/00289.png	5120d58b55195eeee2b74bdfebff2e1eda2aad3d103a7ca274ce8ce1ec70404d	33160
raw	zone_wide_door_geometry_v3/robots/r1/rgb/00290.png	42ec10b5fb3c985557c4eeb2bdfab221caad741f280ca14a7b91e319dfe99602	33176
raw	zone_wide_door_geometry_v3/robots/r1/rgb/00291.png	b55cc8a04ab620707a30ba2c44810171cb7779cafba9fb6215e07a311fd8dfe0	33180
raw	zone_wide_door_geometry_v3/robots/r1/rgb/00292.png	e646a8fa6461ea8674a1747d9a2eac99ad71b4f4860a7ee020e7ed756c776a37	33171
raw	zone_wide_door_geometry_v3/robots/r1/rgb/00293.png	e646a8fa6461ea8674a1747d9a2eac99ad71b4f4860a7ee020e7ed756c776a37	33171
raw	zone_wide_door_geometry_v3/robots/r1/rgb/00294.png	41cdc96481e23a841c362198388325fb90c86edb24401b15664eb04d89b121a3	33170
raw	zone_wide_door_geometry_v3/robots/r1/rgb/00295.png	b55cc8a04ab620707a30ba2c44810171cb7779cafba9fb6215e07a311fd8dfe0	33180
raw	zone_wide_door_geometry_v3/robots/r1/rgb/00296.png	166d96e9d7f2bb1c781c0b65adc21c2498bdd4427ce465487ded3f53c883e60e	33148
raw	zone_wide_door_geometry_v3/robots/r1/rgb/00297.png	bba4e4d75aa585868d2bae7022712001c6026ff998f3a8d6503ccb468821bc1b	33160
raw	zone_wide_door_geometry_v3/robots/r1/rgb/00298.png	bba4e4d75aa585868d2bae7022712001c6026ff998f3a8d6503ccb468821bc1b	33160
raw	zone_wide_door_geometry_v3/robots/r1/rgb/00299.png	cf91ecf32c98932002dfe0f991b633b9951bbc17d87b5f9dca8fd20f52e615c1	33180
raw	zone_wide_door_geometry_v3/robots/r1/rgb/00300.png	166d96e9d7f2bb1c781c0b65adc21c2498bdd4427ce465487ded3f53c883e60e	33148
raw	zone_wide_door_geometry_v3/robots/r1/rgb/00301.png	0ce2e9b8ea433fb0d245a426b63fc8ced6ad49aa401f4ea13e1ef8bfde355e46	28255
raw	zone_wide_door_geometry_v3/robots/r1/rgb/00302.png	4e556557cfe081aa08ec65a934b2b52dfeafe2a2897ab7e1055b32b6f1d8d539	22929
raw	zone_wide_door_geometry_v3/robots/r1/rgb/00303.png	6aad6cda043b9e56ceb10c28e82e29cf47695d9bb105310d03ce18b741c188fc	31020
raw	zone_wide_door_geometry_v3/robots/r1/rgb/00304.png	fcc076ce07fb7b71836b599cbd55c37f8ec5797aae432442a812c53f79fb0522	30952
raw	zone_wide_door_geometry_v3/robots/r1/rgb/00305.png	3711e963521aa7a430ed5fd33f18ec433fcf3864232c9c53087aa27eb30254c5	30804
raw	zone_wide_door_geometry_v3/robots/r1/rgb/00306.png	620a75be6d52b54dfb426405a1068504fd03265812889b706e1337e0e34739f4	30809
raw	zone_wide_door_geometry_v3/robots/r1/rgb/00307.png	e9aa5ee1f9f7440177f7432027d493a6583cf3dccc10e524c76a39faef132f93	30795
raw	zone_wide_door_geometry_v3/robots/r1/rgb/00308.png	e9aa5ee1f9f7440177f7432027d493a6583cf3dccc10e524c76a39faef132f93	30795
raw	zone_wide_door_geometry_v3/robots/r1/rgb/00309.png	e9aa5ee1f9f7440177f7432027d493a6583cf3dccc10e524c76a39faef132f93	30795
raw	zone_wide_door_geometry_v3/robots/r1/rgb/00310.png	e9aa5ee1f9f7440177f7432027d493a6583cf3dccc10e524c76a39faef132f93	30795
raw	zone_wide_door_geometry_v3/robots/r1/rgb/00311.png	e9aa5ee1f9f7440177f7432027d493a6583cf3dccc10e524c76a39faef132f93	30795
raw	zone_wide_door_geometry_v3/robots/r1/rgb/00312.png	e9aa5ee1f9f7440177f7432027d493a6583cf3dccc10e524c76a39faef132f93	30795
raw	zone_wide_door_geometry_v3/robots/r1/rgb/00313.png	e9aa5ee1f9f7440177f7432027d493a6583cf3dccc10e524c76a39faef132f93	30795
raw	zone_wide_door_geometry_v3/robots/r1/rgb/00314.png	e9aa5ee1f9f7440177f7432027d493a6583cf3dccc10e524c76a39faef132f93	30795
raw	zone_wide_door_geometry_v3/robots/r1/rgb/00315.png	e9aa5ee1f9f7440177f7432027d493a6583cf3dccc10e524c76a39faef132f93	30795
raw	zone_wide_door_geometry_v3/robots/r1/rgb/00316.png	59680121517aad45867f6f6aa1f7f2c6d6de8b39937059a4ee6d18de7ca527c7	25684
raw	zone_wide_door_geometry_v3/robots/r1/rgb/00317.png	f0232cdba0092fee780e223dc74d34530850a53f0d9d706744a6d02516d15efa	25785
raw	zone_wide_door_geometry_v3/robots/r1/rgb/00318.png	b4eddf7cdb2bd2b472382ffd7f8ee3d1ef25046efdd926932192124d1c3768ed	25734
raw	zone_wide_door_geometry_v3/robots/r1/rgb/00319.png	fc9db6b4d57a049e628e0ff81927c6c7f2d62277a5b1954d3d364620963bc8db	25705
raw	zone_wide_door_geometry_v3/robots/r1/rgb/00320.png	decc293c3215d009ab813784185e54fbbde51413ed6bf9c67014e2f1f6002f46	25692
raw	zone_wide_door_geometry_v3/robots/r1/rgb/00321.png	c64b3d4800b9277b3e3b8e04cdf11121a06db06ab307411a1326889a9e0fafe6	25703
raw	zone_wide_door_geometry_v3/robots/r1/rgb/00322.png	c64b3d4800b9277b3e3b8e04cdf11121a06db06ab307411a1326889a9e0fafe6	25703
raw	zone_wide_door_geometry_v3/robots/r1/rgb/00323.png	c64b3d4800b9277b3e3b8e04cdf11121a06db06ab307411a1326889a9e0fafe6	25703
raw	zone_wide_door_geometry_v3/robots/r1/rgb/00324.png	c64b3d4800b9277b3e3b8e04cdf11121a06db06ab307411a1326889a9e0fafe6	25703
raw	zone_wide_door_geometry_v3/robots/r1/rgb/00325.png	c64b3d4800b9277b3e3b8e04cdf11121a06db06ab307411a1326889a9e0fafe6	25703
raw	zone_wide_door_geometry_v3/robots/r1/rgb/00326.png	c64b3d4800b9277b3e3b8e04cdf11121a06db06ab307411a1326889a9e0fafe6	25703
raw	zone_wide_door_geometry_v3/robots/r1/rgb/00327.png	c64b3d4800b9277b3e3b8e04cdf11121a06db06ab307411a1326889a9e0fafe6	25703
raw	zone_wide_door_geometry_v3/robots/r1/rgb/00328.png	c64b3d4800b9277b3e3b8e04cdf11121a06db06ab307411a1326889a9e0fafe6	25703
raw	zone_wide_door_geometry_v3/robots/r1/rgb/00329.png	c64b3d4800b9277b3e3b8e04cdf11121a06db06ab307411a1326889a9e0fafe6	25703
raw	zone_wide_door_geometry_v3/robots/r1/rgb/00330.png	c64b3d4800b9277b3e3b8e04cdf11121a06db06ab307411a1326889a9e0fafe6	25703
raw	zone_wide_door_geometry_v3/robots/r1/rgb/00331.png	82852a143fabf03ecb18e2a42898a82ef7c04f4597f68ff50f80a98fd50e2a98	18053
raw	zone_wide_door_geometry_v3/robots/r1/rgb/00332.png	144438db349537ddb3ad4a9572588b4a8de00d8118d94f0369da4da3614f70a0	17683
raw	zone_wide_door_geometry_v3/robots/r1/rgb/00333.png	d15b7db71c06f80ed8b50fceb6cf8930e6730fe99a11741da84516e0d72b04cd	17702
raw	zone_wide_door_geometry_v3/robots/r1/rgb/00334.png	160bfb6a0ef954c7a553d201571916f9f7c72afb17f50b415c8a2b68cf020218	17744
raw	zone_wide_door_geometry_v3/robots/r1/rgb/00335.png	1e7635f34611ba148655cce7730c161bdaab40f1d3b8338edc8bfcf1e4f0a0e5	17763
raw	zone_wide_door_geometry_v3/robots/r1/rgb/00336.png	508d67b93746935c8b57f3cd87a3bbf18cd3961e66a08be38c62a56130038619	17769
raw	zone_wide_door_geometry_v3/robots/r1/rgb/00337.png	a5819a085688a81d3788f0de69dcd1ba85b0043a2282b94764f8773bff875550	17755
raw	zone_wide_door_geometry_v3/robots/r1/rgb/00338.png	04bccbdbb95dbf6ce5d44da0108b0928b7bdecdd048aeacd97bce0bb6642a0c4	17756
raw	zone_wide_door_geometry_v3/robots/r1/rgb/00339.png	f20d852743a1954f7b4c819a3a939cbf2990d4a41514806ecefd43f464ee0a48	17810
raw	zone_wide_door_geometry_v3/robots/r1/rgb/00340.png	61199938c1be1afbc58d5173151f6d1f54c7250f11a8b23f149632765175aa5c	17764
raw	zone_wide_door_geometry_v3/robots/r1/rgb/00341.png	508d67b93746935c8b57f3cd87a3bbf18cd3961e66a08be38c62a56130038619	17769
raw	zone_wide_door_geometry_v3/robots/r1/rgb/00342.png	04bccbdbb95dbf6ce5d44da0108b0928b7bdecdd048aeacd97bce0bb6642a0c4	17756
raw	zone_wide_door_geometry_v3/robots/r1/rgb/00343.png	04bccbdbb95dbf6ce5d44da0108b0928b7bdecdd048aeacd97bce0bb6642a0c4	17756
raw	zone_wide_door_geometry_v3/robots/r1/rgb/00344.png	04bccbdbb95dbf6ce5d44da0108b0928b7bdecdd048aeacd97bce0bb6642a0c4	17756
raw	zone_wide_door_geometry_v3/robots/r1/rgb/00345.png	04bccbdbb95dbf6ce5d44da0108b0928b7bdecdd048aeacd97bce0bb6642a0c4	17756
raw	zone_wide_door_geometry_v3/robots/r1/rgb/00346.png	7197728853fb7ee40f345bd8894de8c46a3813f43323345ba5aa0ccee968111d	28373
raw	zone_wide_door_geometry_v3/robots/r1/rgb/00347.png	e03376baf9020b27a7a50f7f5138de3fbc61f2e8460135932ed781b6ae8d7c5c	23345
raw	zone_wide_door_geometry_v3/robots/r1/rgb/00348.png	cfdf6019ee93143497fd059f9eaab89e4aad228a6daea05876b2e332d595eb0b	22227
raw	zone_wide_door_geometry_v3/robots/r1/rgb/00349.png	e096e31fb46e47d60d3650a773e45fd9ade00d0e427a6a4259997aae9eb2b149	22288
raw	zone_wide_door_geometry_v3/robots/r1/rgb/00350.png	d3f2592a30d732085e43c6de8dcd60ea883a1c10bc41782e88517519917003cc	22248
raw	zone_wide_door_geometry_v3/robots/r1/rgb/00351.png	41db0b85702a94dd037ae3356b587864424f466fa4065d998312c493909ba5f6	22249
raw	zone_wide_door_geometry_v3/robots/r1/rgb/00352.png	0dca553fc9130c129db50b463ba8089e467d26505c68db8ee6cf32558973bf0c	22270
raw	zone_wide_door_geometry_v3/robots/r1/rgb/00353.png	0dca553fc9130c129db50b463ba8089e467d26505c68db8ee6cf32558973bf0c	22270
raw	zone_wide_door_geometry_v3/robots/r1/rgb/00354.png	0dca553fc9130c129db50b463ba8089e467d26505c68db8ee6cf32558973bf0c	22270
raw	zone_wide_door_geometry_v3/robots/r1/rgb/00355.png	0dca553fc9130c129db50b463ba8089e467d26505c68db8ee6cf32558973bf0c	22270
raw	zone_wide_door_geometry_v3/robots/r1/rgb/00356.png	0dca553fc9130c129db50b463ba8089e467d26505c68db8ee6cf32558973bf0c	22270
raw	zone_wide_door_geometry_v3/robots/r1/rgb/00357.png	0dca553fc9130c129db50b463ba8089e467d26505c68db8ee6cf32558973bf0c	22270
raw	zone_wide_door_geometry_v3/robots/r1/rgb/00358.png	0dca553fc9130c129db50b463ba8089e467d26505c68db8ee6cf32558973bf0c	22270
raw	zone_wide_door_geometry_v3/robots/r1/rgb/00359.png	0dca553fc9130c129db50b463ba8089e467d26505c68db8ee6cf32558973bf0c	22270
raw	zone_wide_door_geometry_v3/robots/r1/rgb/00360.png	0dca553fc9130c129db50b463ba8089e467d26505c68db8ee6cf32558973bf0c	22270
raw	zone_wide_door_geometry_v3/robots/r1/rgb/00361.png	c569c5091c8af7179df2f4efc8cf88531f7abc3ba58ac6b00e5941c6c0ccef10	22195
raw	zone_wide_door_geometry_v3/robots/r1/rgb/00362.png	81995b8568f1726a3ae2fb5cbc0a1dab8d9170d8118a10767900b47c4dac34a4	21986
raw	zone_wide_door_geometry_v3/robots/r1/rgb/00363.png	eced7bce809eebf0c8bf0ab008c9f8f7da8515d77fd50d7047b5faddd0104c14	21898
raw	zone_wide_door_geometry_v3/robots/r1/rgb/00364.png	e4e5eb33e7c12a8d5c6f53f0fb42e1609998412c8d3991715ca0cb172be70ac8	22102
raw	zone_wide_door_geometry_v3/robots/r1/rgb/00365.png	126ad77c5ed3b00510bdd066dc62bf2850c80208a8eabbb242e52c53accc517c	22124
raw	zone_wide_door_geometry_v3/robots/r1/rgb/00366.png	4d5f6b114ff0dacd610b128993b906c77f77a1c447303ef5db1f2e6a573d7e8a	22260
raw	zone_wide_door_geometry_v3/robots/r1/rgb/00367.png	43cfe2b1b4d6ab15aca8ab313452aefab5df090041ed2b8f7d6858b440699625	22159
raw	zone_wide_door_geometry_v3/robots/r1/rgb/00368.png	e427252ff40e8e1bab53e73e135fb0bcccc1e98f0d86ab5cce02fd52516457a4	22078
raw	zone_wide_door_geometry_v3/robots/r1/rgb/00369.png	ff4c91f0f4a01f97ac334ab449e65aa2604b124134387307ac17ed8fb4307241	22072
raw	zone_wide_door_geometry_v3/robots/r1/rgb/00370.png	07918b3609631cd3f7a19709600603b69e46769f33ec3713a5b7a45502cf922f	22056
raw	zone_wide_door_geometry_v3/robots/r1/rgb/00371.png	ab78d0d735995daad085083f4ee37e3829bdc2a708392e7feb9d45921b57d77a	22087
raw	zone_wide_door_geometry_v3/robots/r1/rgb/00372.png	ab78d0d735995daad085083f4ee37e3829bdc2a708392e7feb9d45921b57d77a	22087
raw	zone_wide_door_geometry_v3/robots/r1/rgb/00373.png	ab78d0d735995daad085083f4ee37e3829bdc2a708392e7feb9d45921b57d77a	22087
raw	zone_wide_door_geometry_v3/robots/r1/rgb/00374.png	ab78d0d735995daad085083f4ee37e3829bdc2a708392e7feb9d45921b57d77a	22087
raw	zone_wide_door_geometry_v3/robots/r1/rgb/00375.png	ab78d0d735995daad085083f4ee37e3829bdc2a708392e7feb9d45921b57d77a	22087
raw	zone_wide_door_geometry_v3/robots/r1/rgb/00376.png	ab78d0d735995daad085083f4ee37e3829bdc2a708392e7feb9d45921b57d77a	22087
raw	zone_wide_door_geometry_v3/robots/r1/rgb/00377.png	ab78d0d735995daad085083f4ee37e3829bdc2a708392e7feb9d45921b57d77a	22087
raw	zone_wide_door_geometry_v3/robots/r1/rgb/00378.png	ab78d0d735995daad085083f4ee37e3829bdc2a708392e7feb9d45921b57d77a	22087
raw	zone_wide_door_geometry_v3/robots/r1/rgb/00379.png	ab78d0d735995daad085083f4ee37e3829bdc2a708392e7feb9d45921b57d77a	22087
raw	zone_wide_door_geometry_v3/robots/r1/rgb/00380.png	ab78d0d735995daad085083f4ee37e3829bdc2a708392e7feb9d45921b57d77a	22087
raw	zone_wide_door_geometry_v3/robots/r1/rgb/00381.png	ab78d0d735995daad085083f4ee37e3829bdc2a708392e7feb9d45921b57d77a	22087
raw	zone_wide_door_geometry_v3/robots/r1/rgb/00382.png	ab78d0d735995daad085083f4ee37e3829bdc2a708392e7feb9d45921b57d77a	22087
raw	zone_wide_door_geometry_v3/robots/r1/rgb/00383.png	ab78d0d735995daad085083f4ee37e3829bdc2a708392e7feb9d45921b57d77a	22087
raw	zone_wide_door_geometry_v3/robots/r1/rgb/00384.png	ab78d0d735995daad085083f4ee37e3829bdc2a708392e7feb9d45921b57d77a	22087
raw	zone_wide_door_geometry_v3/robots/r1/rgb/00385.png	ab78d0d735995daad085083f4ee37e3829bdc2a708392e7feb9d45921b57d77a	22087
raw	zone_wide_door_geometry_v3/robots/r1/rgb/00386.png	b8f387c738441ed888e8069da4b81485f3a4953bccebcae875db07dd60899e96	22156
raw	zone_wide_door_geometry_v3/robots/r1/rgb/00387.png	488d70622fadacd84a141d9f7f3ab0eb0e49909e71e5ec52de8dd5c298d0d2ee	21984
raw	zone_wide_door_geometry_v3/robots/r1/rgb/00388.png	25522c05ea268907a6a622970f5d74b868f760a2b9dda3df4d16e0bec876ec8b	21928
raw	zone_wide_door_geometry_v3/robots/r1/rgb/00389.png	f6edd2aaefdb2c00a0f52c291bd75d39d09b894d19085d2bb1d2dd89d65721fe	21851
raw	zone_wide_door_geometry_v3/robots/r1/rgb/00390.png	d6866f22945c53221306b6885122a25c3d4cf2401f598febcbeec05038426f93	22180
raw	zone_wide_door_geometry_v3/robots/r1/rgb/00391.png	a144cfd8ac9509131784755e6682051d3fad46e6ac707de79f611b6f34760260	22201
raw	zone_wide_door_geometry_v3/robots/r1/rgb/00392.png	1f2674cc4a8e1d804266e401983767f36a19ddfb8b3e8ca8f59db0e3b9672c9e	22276
raw	zone_wide_door_geometry_v3/robots/r1/rgb/00393.png	33e891663a218404851f00c279f4ce360e0e7e103ddae7507f8e66cf029a5ba0	22252
raw	zone_wide_door_geometry_v3/robots/r1/rgb/00394.png	ab0e48939bf89134fce122a54498eff96de388c153de0d5c4c162d99a38689e3	22243
raw	zone_wide_door_geometry_v3/robots/r1/rgb/00395.png	0dca553fc9130c129db50b463ba8089e467d26505c68db8ee6cf32558973bf0c	22270
raw	zone_wide_door_geometry_v3/robots/r1/rgb/00396.png	0dca553fc9130c129db50b463ba8089e467d26505c68db8ee6cf32558973bf0c	22270
raw	zone_wide_door_geometry_v3/robots/r1/rgb/00397.png	0dca553fc9130c129db50b463ba8089e467d26505c68db8ee6cf32558973bf0c	22270
raw	zone_wide_door_geometry_v3/robots/r1/rgb/00398.png	0dca553fc9130c129db50b463ba8089e467d26505c68db8ee6cf32558973bf0c	22270
raw	zone_wide_door_geometry_v3/robots/r1/rgb/00399.png	0dca553fc9130c129db50b463ba8089e467d26505c68db8ee6cf32558973bf0c	22270
raw	zone_wide_door_geometry_v3/robots/r1/rgb/00400.png	0dca553fc9130c129db50b463ba8089e467d26505c68db8ee6cf32558973bf0c	22270
raw	zone_wide_door_geometry_v3/robots/r1/rgb/00401.png	0dca553fc9130c129db50b463ba8089e467d26505c68db8ee6cf32558973bf0c	22270
raw	zone_wide_door_geometry_v3/robots/r1/rgb/00402.png	0dca553fc9130c129db50b463ba8089e467d26505c68db8ee6cf32558973bf0c	22270
raw	zone_wide_door_geometry_v3/robots/r1/rgb/00403.png	0dca553fc9130c129db50b463ba8089e467d26505c68db8ee6cf32558973bf0c	22270
raw	zone_wide_door_geometry_v3/robots/r1/rgb/00404.png	0dca553fc9130c129db50b463ba8089e467d26505c68db8ee6cf32558973bf0c	22270
raw	zone_wide_door_geometry_v3/robots/r1/rgb/00405.png	0dca553fc9130c129db50b463ba8089e467d26505c68db8ee6cf32558973bf0c	22270
raw	zone_wide_door_geometry_v3/robots/r1/rgb/00406.png	0dca553fc9130c129db50b463ba8089e467d26505c68db8ee6cf32558973bf0c	22270
raw	zone_wide_door_geometry_v3/robots/r1/rgb/00407.png	0dca553fc9130c129db50b463ba8089e467d26505c68db8ee6cf32558973bf0c	22270
raw	zone_wide_door_geometry_v3/robots/r1/rgb/00408.png	0dca553fc9130c129db50b463ba8089e467d26505c68db8ee6cf32558973bf0c	22270
raw	zone_wide_door_geometry_v3/robots/r1/rgb/00409.png	0dca553fc9130c129db50b463ba8089e467d26505c68db8ee6cf32558973bf0c	22270
raw	zone_wide_door_geometry_v3/robots/r1/rgb/00410.png	0dca553fc9130c129db50b463ba8089e467d26505c68db8ee6cf32558973bf0c	22270
raw	zone_wide_door_geometry_v3/robots/r1/rgb/00411.png	e9f878236998ecb74724c7910b6d672aa36d43f68c5b2a926a6200d8114e8eab	22175
raw	zone_wide_door_geometry_v3/robots/r1/rgb/00412.png	7e3c51d16be3c5f612b8f2098b9a5b1e60e6b69aee225a776c2c91eaaa24daff	22056
raw	zone_wide_door_geometry_v3/robots/r1/rgb/00413.png	237c69068a73c5bc1713f0b727574ec305138eb10c40e146d5dd38ed56c8c43b	22132
raw	zone_wide_door_geometry_v3/robots/r1/rgb/00414.png	ba3d4cd44a722f84355ed84d29f0652b1673df16d73580845997816602d0c226	22093
raw	zone_wide_door_geometry_v3/robots/r1/rgb/00415.png	669d57f2cb02cccb8a70220d3f78b134d4582bbf641260c6ac2331f975c486e3	22115
raw	zone_wide_door_geometry_v3/robots/r1/rgb/00416.png	341e571c4d38ff845f287c991d93999db3a65fad31479e16194fd94fc483ac96	21900
raw	zone_wide_door_geometry_v3/robots/r1/rgb/00417.png	20ea81149df52f1f82c6c49e67f4b8de835fe91ddd45203f7294eb6a8ed7c87c	21910
raw	zone_wide_door_geometry_v3/robots/r1/rgb/00418.png	25aea4a96498f013445c6db871434509e9b32b30db35e4dc0fcf5af0bf3e2e64	21891
raw	zone_wide_door_geometry_v3/robots/r1/rgb/00419.png	409b3ec5252c6d4e7a97f49a6e329bf3364f7576fa86e97dbd97f3630caafe6e	21885
raw	zone_wide_door_geometry_v3/robots/r1/rgb/00420.png	85100322b232e82ba487782d8eb486fdcca3930244ac364838fff6850b1bffae	21887
raw	zone_wide_door_geometry_v3/robots/r1/rgb/00421.png	0b06a37fb27d0a4c3d1829e0e0b0cb3995e317b44e497aa7c7965878146b7ff8	21899
raw	zone_wide_door_geometry_v3/robots/r1/rgb/00422.png	1238e0cc094fad3cbc35178a6ab3f7344005783d3b7a2197a557bf5b31c47459	21905
raw	zone_wide_door_geometry_v3/robots/r1/rgb/00423.png	1238e0cc094fad3cbc35178a6ab3f7344005783d3b7a2197a557bf5b31c47459	21905
raw	zone_wide_door_geometry_v3/robots/r1/rgb/00424.png	1238e0cc094fad3cbc35178a6ab3f7344005783d3b7a2197a557bf5b31c47459	21905
raw	zone_wide_door_geometry_v3/robots/r1/rgb/00425.png	1238e0cc094fad3cbc35178a6ab3f7344005783d3b7a2197a557bf5b31c47459	21905
raw	zone_wide_door_geometry_v3/robots/r1/rgb/00426.png	1238e0cc094fad3cbc35178a6ab3f7344005783d3b7a2197a557bf5b31c47459	21905
raw	zone_wide_door_geometry_v3/robots/r1/rgb/00427.png	1238e0cc094fad3cbc35178a6ab3f7344005783d3b7a2197a557bf5b31c47459	21905
raw	zone_wide_door_geometry_v3/robots/r1/rgb/00428.png	1238e0cc094fad3cbc35178a6ab3f7344005783d3b7a2197a557bf5b31c47459	21905
raw	zone_wide_door_geometry_v3/robots/r1/rgb/00429.png	1238e0cc094fad3cbc35178a6ab3f7344005783d3b7a2197a557bf5b31c47459	21905
raw	zone_wide_door_geometry_v3/robots/r1/rgb/00430.png	1238e0cc094fad3cbc35178a6ab3f7344005783d3b7a2197a557bf5b31c47459	21905
raw	zone_wide_door_geometry_v3/robots/r1/rgb/00431.png	1238e0cc094fad3cbc35178a6ab3f7344005783d3b7a2197a557bf5b31c47459	21905
raw	zone_wide_door_geometry_v3/robots/r1/rgb/00432.png	1238e0cc094fad3cbc35178a6ab3f7344005783d3b7a2197a557bf5b31c47459	21905
raw	zone_wide_door_geometry_v3/robots/r1/rgb/00433.png	1238e0cc094fad3cbc35178a6ab3f7344005783d3b7a2197a557bf5b31c47459	21905
raw	zone_wide_door_geometry_v3/robots/r1/rgb/00434.png	1238e0cc094fad3cbc35178a6ab3f7344005783d3b7a2197a557bf5b31c47459	21905
raw	zone_wide_door_geometry_v3/robots/r1/rgb/00435.png	1238e0cc094fad3cbc35178a6ab3f7344005783d3b7a2197a557bf5b31c47459	21905
raw	zone_wide_door_geometry_v3/robots/r1/rgb/00436.png	1fd11f54dc1b1b49e38809b12ca0753e6021b724df76333fcc873d85bdf2d2f7	21899
raw	zone_wide_door_geometry_v3/robots/r1/rgb/00437.png	11c2e9ff772d7685b98a2cb36046d07092a83537ee8036dcdf4f0aa140f9696d	21860
raw	zone_wide_door_geometry_v3/robots/r1/rgb/00438.png	22f454428dd09a9ffb453e539a811c9181d9a9bd32e2c272630579105512ba6f	21896
raw	zone_wide_door_geometry_v3/robots/r1/rgb/00439.png	aeb9673ab956338d48958a4b9b4b27fe654a4e4206bbec5eded1241a152ac17c	22058
raw	zone_wide_door_geometry_v3/robots/r1/rgb/00440.png	18cb6bf3904cc6656159d8ad02930b76473c601dc849c8f80efd9ac8613f960e	22236
raw	zone_wide_door_geometry_v3/robots/r1/rgb/00441.png	5b91f4e44987e1bc2f49cf2f83cbad0cd97fc97aafde3251f715f3dcf2ac885c	22261
raw	zone_wide_door_geometry_v3/robots/r1/rgb/00442.png	31e2b750fff75c4515d0ad09fe8b7e1195358bbdbffb9ea11e3d2ad9474f09bf	22237
raw	zone_wide_door_geometry_v3/robots/r1/rgb/00443.png	e7fd7ab1e598c394bdd9f91fef7fdd1698fd4cbfce7cb6102446bcd17f45f236	22256
raw	zone_wide_door_geometry_v3/robots/r1/rgb/00444.png	fbb8bc8bd4ead3930c362602276ed3efb7aa47e28736d942258c6cefa48d4bd4	22228
raw	zone_wide_door_geometry_v3/robots/r1/rgb/00445.png	82c488fb58d25ac321558b95ea7d0c46ec6f34af39325befdcaf04e9f80eff4e	22236
raw	zone_wide_door_geometry_v3/robots/r1/rgb/00446.png	d62e7d460a41e793f32d3b3e3c77ec1edf7a7597348b4fe107f9db16d9da601c	22247
raw	zone_wide_door_geometry_v3/robots/r1/rgb/00447.png	e7fd7ab1e598c394bdd9f91fef7fdd1698fd4cbfce7cb6102446bcd17f45f236	22256
raw	zone_wide_door_geometry_v3/robots/r1/rgb/00448.png	e7fd7ab1e598c394bdd9f91fef7fdd1698fd4cbfce7cb6102446bcd17f45f236	22256
raw	zone_wide_door_geometry_v3/robots/r1/rgb/00449.png	e7fd7ab1e598c394bdd9f91fef7fdd1698fd4cbfce7cb6102446bcd17f45f236	22256
raw	zone_wide_door_geometry_v3/robots/r1/rgb/00450.png	e7fd7ab1e598c394bdd9f91fef7fdd1698fd4cbfce7cb6102446bcd17f45f236	22256
raw	zone_wide_door_geometry_v3/robots/r1/rgb/00451.png	e7fd7ab1e598c394bdd9f91fef7fdd1698fd4cbfce7cb6102446bcd17f45f236	22256
raw	zone_wide_door_geometry_v3/robots/r1/rgb/00452.png	e7fd7ab1e598c394bdd9f91fef7fdd1698fd4cbfce7cb6102446bcd17f45f236	22256
raw	zone_wide_door_geometry_v3/robots/r1/rgb/00453.png	e7fd7ab1e598c394bdd9f91fef7fdd1698fd4cbfce7cb6102446bcd17f45f236	22256
raw	zone_wide_door_geometry_v3/robots/r1/rgb/00454.png	e7fd7ab1e598c394bdd9f91fef7fdd1698fd4cbfce7cb6102446bcd17f45f236	22256
raw	zone_wide_door_geometry_v3/robots/r1/rgb/00455.png	e7fd7ab1e598c394bdd9f91fef7fdd1698fd4cbfce7cb6102446bcd17f45f236	22256
raw	zone_wide_door_geometry_v3/robots/r1/rgb/00456.png	e7fd7ab1e598c394bdd9f91fef7fdd1698fd4cbfce7cb6102446bcd17f45f236	22256
raw	zone_wide_door_geometry_v3/robots/r1/rgb/00457.png	e7fd7ab1e598c394bdd9f91fef7fdd1698fd4cbfce7cb6102446bcd17f45f236	22256
raw	zone_wide_door_geometry_v3/robots/r1/rgb/00458.png	e7fd7ab1e598c394bdd9f91fef7fdd1698fd4cbfce7cb6102446bcd17f45f236	22256
raw	zone_wide_door_geometry_v3/robots/r1/rgb/00459.png	e7fd7ab1e598c394bdd9f91fef7fdd1698fd4cbfce7cb6102446bcd17f45f236	22256
raw	zone_wide_door_geometry_v3/robots/r1/rgb/00460.png	e7fd7ab1e598c394bdd9f91fef7fdd1698fd4cbfce7cb6102446bcd17f45f236	22256
raw	zone_wide_door_geometry_v3/robots/r1/rgb/00461.png	d096d10e1f5d7d4f7d9c2aa4c10c7ea2e41b595f16402bf3b59f5c2501f353d7	22246
raw	zone_wide_door_geometry_v3/robots/r1/rgb/00462.png	9cc217f3b9566eedfe6b3b05f3ec6036d8b4f5a18ea849cc0969f049b90fc9e9	22639
raw	zone_wide_door_geometry_v3/robots/r1/rgb/00463.png	a652ace0e878b38dfa198d9916bc4e0c580f198e6c27cfc08ef7d7162f4c43f9	22957
raw	zone_wide_door_geometry_v3/robots/r1/rgb/00464.png	24a984f2d18d59b8868acfbb7543b6fdc8232b64162ce133c8fb4e87c6936bde	23309
raw	zone_wide_door_geometry_v3/robots/r1/rgb/00465.png	495e8d4d4f0d36bf3aa249bd9d8b82536293f24a8b38bbb8b353a1435816335e	23495
raw	zone_wide_door_geometry_v3/robots/r1/rgb/00466.png	d7960aeb6099398be1caf188d332d9f223977e065d2a239c1657c504dc8e5103	23545
raw	zone_wide_door_geometry_v3/robots/r1/rgb/00467.png	5518e61b66ace4626c2afb0b5b5e31c2822bd06588b1fe7670fa1e27895569c0	23537
raw	zone_wide_door_geometry_v3/robots/r1/rgb/00468.png	a9411010d23006c435993f03c5bd148febbea3c4546905b0fa0a89044d7781ed	23533
raw	zone_wide_door_geometry_v3/robots/r1/rgb/00469.png	f5fbae064ac437d24fa416d94ab52dd1b1b30a99c035b10eb2aacc22f8724206	23513
raw	zone_wide_door_geometry_v3/robots/r1/rgb/00470.png	69364c43b6426e461ddae4f720ca04e073d74f7e16247adf49215e68934c8985	23530
raw	zone_wide_door_geometry_v3/robots/r1/rgb/00471.png	b1c07873ebc5b261787addfa1761497a0f272fe865a5cf3331e60832a0fc45f0	23525
raw	zone_wide_door_geometry_v3/robots/r1/rgb/00472.png	b1c07873ebc5b261787addfa1761497a0f272fe865a5cf3331e60832a0fc45f0	23525
raw	zone_wide_door_geometry_v3/robots/r1/rgb/00473.png	b1c07873ebc5b261787addfa1761497a0f272fe865a5cf3331e60832a0fc45f0	23525
raw	zone_wide_door_geometry_v3/robots/r1/rgb/00474.png	b1c07873ebc5b261787addfa1761497a0f272fe865a5cf3331e60832a0fc45f0	23525
raw	zone_wide_door_geometry_v3/robots/r1/rgb/00475.png	b1c07873ebc5b261787addfa1761497a0f272fe865a5cf3331e60832a0fc45f0	23525
raw	zone_wide_door_geometry_v3/robots/r1/rgb/00476.png	b1c07873ebc5b261787addfa1761497a0f272fe865a5cf3331e60832a0fc45f0	23525
raw	zone_wide_door_geometry_v3/robots/r1/rgb/00477.png	b1c07873ebc5b261787addfa1761497a0f272fe865a5cf3331e60832a0fc45f0	23525
raw	zone_wide_door_geometry_v3/robots/r1/rgb/00478.png	b1c07873ebc5b261787addfa1761497a0f272fe865a5cf3331e60832a0fc45f0	23525
raw	zone_wide_door_geometry_v3/robots/r1/rgb/00479.png	b1c07873ebc5b261787addfa1761497a0f272fe865a5cf3331e60832a0fc45f0	23525
raw	zone_wide_door_geometry_v3/robots/r1/rgb/00480.png	b1c07873ebc5b261787addfa1761497a0f272fe865a5cf3331e60832a0fc45f0	23525
raw	zone_wide_door_geometry_v3/robots/r1/rgb/00481.png	b1c07873ebc5b261787addfa1761497a0f272fe865a5cf3331e60832a0fc45f0	23525
raw	zone_wide_door_geometry_v3/robots/r1/rgb/00482.png	b1c07873ebc5b261787addfa1761497a0f272fe865a5cf3331e60832a0fc45f0	23525
raw	zone_wide_door_geometry_v3/robots/r1/rgb/00483.png	b1c07873ebc5b261787addfa1761497a0f272fe865a5cf3331e60832a0fc45f0	23525
raw	zone_wide_door_geometry_v3/robots/r1/rgb/00484.png	b1c07873ebc5b261787addfa1761497a0f272fe865a5cf3331e60832a0fc45f0	23525
raw	zone_wide_door_geometry_v3/robots/r1/rgb/00485.png	b1c07873ebc5b261787addfa1761497a0f272fe865a5cf3331e60832a0fc45f0	23525
raw	zone_wide_door_geometry_v3/robots/r1/rgb/00486.png	a7dd16958547661e538fcaf4162d892eace0ef16b2dd0c17f3f0335a87f50dfe	23457
raw	zone_wide_door_geometry_v3/robots/r1/rgb/00487.png	4f9b0a1af4ec4d694d057632d73cd3a591fd71dea4b8b5c50c8f6ffe4025aff4	23305
raw	zone_wide_door_geometry_v3/robots/r1/rgb/00488.png	93a11814546c8ecc0e8ba66a4bb4dd8ba5c170be8fd1129a3b6c239c27395677	22848
raw	zone_wide_door_geometry_v3/robots/r1/rgb/00489.png	ad5f090b26a324bdbb3bb429339d1b7b958f0c31c8b824ed192327ed958f38b0	22515
raw	zone_wide_door_geometry_v3/robots/r1/rgb/00490.png	2ac3a4655ff0231b98d5a8a9fc66974f3966313e15dc11b32d51f1f0b572d1f0	22344
raw	zone_wide_door_geometry_v3/robots/r1/rgb/00491.png	ee9982e4bf0010c2d435d6a5bb9c0a9bc9221e9d071116428efa7747f749cc0a	22266
raw	zone_wide_door_geometry_v3/robots/r1/rgb/00492.png	e8c099b936621cdaae11a912e228d6ac2db5383896ddd8c39e9a3ace4e4bb567	22225
raw	zone_wide_door_geometry_v3/robots/r1/rgb/00493.png	aeca330653c50ccf65b75ab83efc7df5a3a40f725f45ce2be86ae8e6e3ee3304	22223
raw	zone_wide_door_geometry_v3/robots/r1/rgb/00494.png	d5ecc3ca31ccaa6f36aebba69a44b4755ff45ad5727156baf22927e5c456f2f3	22230
raw	zone_wide_door_geometry_v3/robots/r1/rgb/00495.png	553c9da93f756c09160e03e8800ca5af7819e63530278d91b4e2bd3701bae8f6	22228
raw	zone_wide_door_geometry_v3/robots/r1/rgb/00496.png	553c9da93f756c09160e03e8800ca5af7819e63530278d91b4e2bd3701bae8f6	22228
raw	zone_wide_door_geometry_v3/robots/r1/rgb/00497.png	553c9da93f756c09160e03e8800ca5af7819e63530278d91b4e2bd3701bae8f6	22228
raw	zone_wide_door_geometry_v3/robots/r1/rgb/00498.png	553c9da93f756c09160e03e8800ca5af7819e63530278d91b4e2bd3701bae8f6	22228
raw	zone_wide_door_geometry_v3/robots/r1/rgb/00499.png	553c9da93f756c09160e03e8800ca5af7819e63530278d91b4e2bd3701bae8f6	22228
raw	zone_wide_door_geometry_v3/robots/r1/rgb/00500.png	553c9da93f756c09160e03e8800ca5af7819e63530278d91b4e2bd3701bae8f6	22228
raw	zone_wide_door_geometry_v3/robots/r1/rgb/00501.png	553c9da93f756c09160e03e8800ca5af7819e63530278d91b4e2bd3701bae8f6	22228
raw	zone_wide_door_geometry_v3/robots/r1/rgb/00502.png	553c9da93f756c09160e03e8800ca5af7819e63530278d91b4e2bd3701bae8f6	22228
raw	zone_wide_door_geometry_v3/robots/r1/rgb/00503.png	553c9da93f756c09160e03e8800ca5af7819e63530278d91b4e2bd3701bae8f6	22228
raw	zone_wide_door_geometry_v3/robots/r1/rgb/00504.png	553c9da93f756c09160e03e8800ca5af7819e63530278d91b4e2bd3701bae8f6	22228
raw	zone_wide_door_geometry_v3/robots/r1/rgb/00505.png	553c9da93f756c09160e03e8800ca5af7819e63530278d91b4e2bd3701bae8f6	22228
raw	zone_wide_door_geometry_v3/robots/r1/rgb/00506.png	553c9da93f756c09160e03e8800ca5af7819e63530278d91b4e2bd3701bae8f6	22228
raw	zone_wide_door_geometry_v3/robots/r1/rgb/00507.png	553c9da93f756c09160e03e8800ca5af7819e63530278d91b4e2bd3701bae8f6	22228
raw	zone_wide_door_geometry_v3/robots/r1/rgb/00508.png	553c9da93f756c09160e03e8800ca5af7819e63530278d91b4e2bd3701bae8f6	22228
raw	zone_wide_door_geometry_v3/robots/r1/rgb/00509.png	553c9da93f756c09160e03e8800ca5af7819e63530278d91b4e2bd3701bae8f6	22228
raw	zone_wide_door_geometry_v3/robots/r1/rgb/00510.png	553c9da93f756c09160e03e8800ca5af7819e63530278d91b4e2bd3701bae8f6	22228
raw	zone_wide_door_geometry_v3/robots/r1/rgb/00511.png	553c9da93f756c09160e03e8800ca5af7819e63530278d91b4e2bd3701bae8f6	22228
raw	zone_wide_door_geometry_v3/robots/r1/rgb/00512.png	553c9da93f756c09160e03e8800ca5af7819e63530278d91b4e2bd3701bae8f6	22228
raw	zone_wide_door_geometry_v3/robots/r1/rgb/00513.png	553c9da93f756c09160e03e8800ca5af7819e63530278d91b4e2bd3701bae8f6	22228
raw	zone_wide_door_geometry_v3/robots/r1/rgb/00514.png	553c9da93f756c09160e03e8800ca5af7819e63530278d91b4e2bd3701bae8f6	22228
raw	zone_wide_door_geometry_v3/robots/r1/rgb/00515.png	553c9da93f756c09160e03e8800ca5af7819e63530278d91b4e2bd3701bae8f6	22228
raw	zone_wide_door_geometry_v3/robots/r1/rgb/00516.png	553c9da93f756c09160e03e8800ca5af7819e63530278d91b4e2bd3701bae8f6	22228
raw	zone_wide_door_geometry_v3/robots/r1/rgb/00517.png	553c9da93f756c09160e03e8800ca5af7819e63530278d91b4e2bd3701bae8f6	22228
raw	zone_wide_door_geometry_v3/robots/r1/rgb/00518.png	553c9da93f756c09160e03e8800ca5af7819e63530278d91b4e2bd3701bae8f6	22228
raw	zone_wide_door_geometry_v3/robots/r1/rgb/00519.png	553c9da93f756c09160e03e8800ca5af7819e63530278d91b4e2bd3701bae8f6	22228
raw	zone_wide_door_geometry_v3/robots/r1/rgb/00520.png	553c9da93f756c09160e03e8800ca5af7819e63530278d91b4e2bd3701bae8f6	22228
raw	zone_wide_door_geometry_v3/robots/r1/rgb/00521.png	553c9da93f756c09160e03e8800ca5af7819e63530278d91b4e2bd3701bae8f6	22228
raw	zone_wide_door_geometry_v3/robots/r1/rgb/00522.png	553c9da93f756c09160e03e8800ca5af7819e63530278d91b4e2bd3701bae8f6	22228
raw	zone_wide_door_geometry_v3/robots/r1/rgb/00523.png	553c9da93f756c09160e03e8800ca5af7819e63530278d91b4e2bd3701bae8f6	22228
raw	zone_wide_door_geometry_v3/robots/r1/rgb/00524.png	553c9da93f756c09160e03e8800ca5af7819e63530278d91b4e2bd3701bae8f6	22228
raw	zone_wide_door_geometry_v3/robots/r1/rgb/00525.png	553c9da93f756c09160e03e8800ca5af7819e63530278d91b4e2bd3701bae8f6	22228
raw	zone_wide_door_geometry_v3/robots/r1/rgb/00526.png	553c9da93f756c09160e03e8800ca5af7819e63530278d91b4e2bd3701bae8f6	22228
raw	zone_wide_door_geometry_v3/robots/r1/rgb/00527.png	553c9da93f756c09160e03e8800ca5af7819e63530278d91b4e2bd3701bae8f6	22228
raw	zone_wide_door_geometry_v3/robots/r1/rgb/00528.png	553c9da93f756c09160e03e8800ca5af7819e63530278d91b4e2bd3701bae8f6	22228
raw	zone_wide_door_geometry_v3/robots/r1/rgb/00529.png	553c9da93f756c09160e03e8800ca5af7819e63530278d91b4e2bd3701bae8f6	22228
raw	zone_wide_door_geometry_v3/robots/r1/rgb/00530.png	553c9da93f756c09160e03e8800ca5af7819e63530278d91b4e2bd3701bae8f6	22228
raw	zone_wide_door_geometry_v3/robots/r1/rgb/00531.png	553c9da93f756c09160e03e8800ca5af7819e63530278d91b4e2bd3701bae8f6	22228
raw	zone_wide_door_geometry_v3/robots/r1/rgb/00532.png	553c9da93f756c09160e03e8800ca5af7819e63530278d91b4e2bd3701bae8f6	22228
raw	zone_wide_door_geometry_v3/robots/r1/rgb/00533.png	553c9da93f756c09160e03e8800ca5af7819e63530278d91b4e2bd3701bae8f6	22228
raw	zone_wide_door_geometry_v3/robots/r1/rgb/00534.png	553c9da93f756c09160e03e8800ca5af7819e63530278d91b4e2bd3701bae8f6	22228
raw	zone_wide_door_geometry_v3/robots/r1/rgb/00535.png	553c9da93f756c09160e03e8800ca5af7819e63530278d91b4e2bd3701bae8f6	22228
raw	zone_wide_door_geometry_v3/robots/r1/rgb/00536.png	553c9da93f756c09160e03e8800ca5af7819e63530278d91b4e2bd3701bae8f6	22228
raw	zone_wide_door_geometry_v3/robots/r1/rgb/00537.png	553c9da93f756c09160e03e8800ca5af7819e63530278d91b4e2bd3701bae8f6	22228
raw	zone_wide_door_geometry_v3/robots/r1/rgb/00538.png	553c9da93f756c09160e03e8800ca5af7819e63530278d91b4e2bd3701bae8f6	22228
raw	zone_wide_door_geometry_v3/robots/r1/rgb/00539.png	553c9da93f756c09160e03e8800ca5af7819e63530278d91b4e2bd3701bae8f6	22228
raw	zone_wide_door_geometry_v3/robots/r1/rgb/00540.png	553c9da93f756c09160e03e8800ca5af7819e63530278d91b4e2bd3701bae8f6	22228
raw	zone_wide_door_geometry_v3/robots/r1/rgb/00541.png	553c9da93f756c09160e03e8800ca5af7819e63530278d91b4e2bd3701bae8f6	22228
raw	zone_wide_door_geometry_v3/robots/r1/rgb/00542.png	553c9da93f756c09160e03e8800ca5af7819e63530278d91b4e2bd3701bae8f6	22228
raw	zone_wide_door_geometry_v3/robots/r1/rgb/00543.png	553c9da93f756c09160e03e8800ca5af7819e63530278d91b4e2bd3701bae8f6	22228
raw	zone_wide_door_geometry_v3/robots/r1/rgb/00544.png	553c9da93f756c09160e03e8800ca5af7819e63530278d91b4e2bd3701bae8f6	22228
raw	zone_wide_door_geometry_v3/robots/r1/rgb/00545.png	553c9da93f756c09160e03e8800ca5af7819e63530278d91b4e2bd3701bae8f6	22228
raw	zone_wide_door_geometry_v3/robots/r1/rgb/00546.png	553c9da93f756c09160e03e8800ca5af7819e63530278d91b4e2bd3701bae8f6	22228
raw	zone_wide_door_geometry_v3/robots/r1/rgb/00547.png	553c9da93f756c09160e03e8800ca5af7819e63530278d91b4e2bd3701bae8f6	22228
raw	zone_wide_door_geometry_v3/robots/r1/rgb/00548.png	553c9da93f756c09160e03e8800ca5af7819e63530278d91b4e2bd3701bae8f6	22228
raw	zone_wide_door_geometry_v3/robots/r1/rgb/00549.png	553c9da93f756c09160e03e8800ca5af7819e63530278d91b4e2bd3701bae8f6	22228
raw	zone_wide_door_geometry_v3/robots/r1/rgb/00550.png	553c9da93f756c09160e03e8800ca5af7819e63530278d91b4e2bd3701bae8f6	22228
raw	zone_wide_door_geometry_v3/robots/r1/rgb/00551.png	553c9da93f756c09160e03e8800ca5af7819e63530278d91b4e2bd3701bae8f6	22228
raw	zone_wide_door_geometry_v3/robots/r1/rgb/00552.png	553c9da93f756c09160e03e8800ca5af7819e63530278d91b4e2bd3701bae8f6	22228
raw	zone_wide_door_geometry_v3/robots/r1/rgb/00553.png	553c9da93f756c09160e03e8800ca5af7819e63530278d91b4e2bd3701bae8f6	22228
raw	zone_wide_door_geometry_v3/robots/r1/rgb/00554.png	553c9da93f756c09160e03e8800ca5af7819e63530278d91b4e2bd3701bae8f6	22228
raw	zone_wide_door_geometry_v3/robots/r1/rgb/00555.png	553c9da93f756c09160e03e8800ca5af7819e63530278d91b4e2bd3701bae8f6	22228
raw	zone_wide_door_geometry_v3/robots/r1/rgb/00556.png	553c9da93f756c09160e03e8800ca5af7819e63530278d91b4e2bd3701bae8f6	22228
raw	zone_wide_door_geometry_v3/robots/r1/rgb/00557.png	553c9da93f756c09160e03e8800ca5af7819e63530278d91b4e2bd3701bae8f6	22228
raw	zone_wide_door_geometry_v3/robots/r1/rgb/00558.png	553c9da93f756c09160e03e8800ca5af7819e63530278d91b4e2bd3701bae8f6	22228
raw	zone_wide_door_geometry_v3/robots/r1/rgb/00559.png	553c9da93f756c09160e03e8800ca5af7819e63530278d91b4e2bd3701bae8f6	22228
raw	zone_wide_door_geometry_v3/robots/r1/rgb/00560.png	553c9da93f756c09160e03e8800ca5af7819e63530278d91b4e2bd3701bae8f6	22228
raw	zone_wide_door_geometry_v3/robots/r1/rgb/00561.png	553c9da93f756c09160e03e8800ca5af7819e63530278d91b4e2bd3701bae8f6	22228
raw	zone_wide_door_geometry_v3/robots/r1/rgb/00562.png	553c9da93f756c09160e03e8800ca5af7819e63530278d91b4e2bd3701bae8f6	22228
raw	zone_wide_door_geometry_v3/robots/r1/rgb/00563.png	553c9da93f756c09160e03e8800ca5af7819e63530278d91b4e2bd3701bae8f6	22228
raw	zone_wide_door_geometry_v3/robots/r1/rgb/00564.png	553c9da93f756c09160e03e8800ca5af7819e63530278d91b4e2bd3701bae8f6	22228
raw	zone_wide_door_geometry_v3/robots/r1/rgb/00565.png	553c9da93f756c09160e03e8800ca5af7819e63530278d91b4e2bd3701bae8f6	22228
raw	zone_wide_door_geometry_v3/robots/r1/rgb/00566.png	553c9da93f756c09160e03e8800ca5af7819e63530278d91b4e2bd3701bae8f6	22228
raw	zone_wide_door_geometry_v3/robots/r1/rgb/00567.png	553c9da93f756c09160e03e8800ca5af7819e63530278d91b4e2bd3701bae8f6	22228
raw	zone_wide_door_geometry_v3/robots/r1/rgb/00568.png	553c9da93f756c09160e03e8800ca5af7819e63530278d91b4e2bd3701bae8f6	22228
raw	zone_wide_door_geometry_v3/robots/r1/rgb/00569.png	553c9da93f756c09160e03e8800ca5af7819e63530278d91b4e2bd3701bae8f6	22228
raw	zone_wide_door_geometry_v3/robots/r1/rgb/00570.png	553c9da93f756c09160e03e8800ca5af7819e63530278d91b4e2bd3701bae8f6	22228
raw	zone_wide_door_geometry_v3/robots/r1/rgb/00571.png	553c9da93f756c09160e03e8800ca5af7819e63530278d91b4e2bd3701bae8f6	22228
raw	zone_wide_door_geometry_v3/robots/r1/rgb/00572.png	553c9da93f756c09160e03e8800ca5af7819e63530278d91b4e2bd3701bae8f6	22228
raw	zone_wide_door_geometry_v3/robots/r1/rgb/00573.png	553c9da93f756c09160e03e8800ca5af7819e63530278d91b4e2bd3701bae8f6	22228
raw	zone_wide_door_geometry_v3/robots/r1/rgb/00574.png	553c9da93f756c09160e03e8800ca5af7819e63530278d91b4e2bd3701bae8f6	22228
raw	zone_wide_door_geometry_v3/robots/r1/rgb/00575.png	553c9da93f756c09160e03e8800ca5af7819e63530278d91b4e2bd3701bae8f6	22228
raw	zone_wide_door_geometry_v3/robots/r1/rgb/00576.png	553c9da93f756c09160e03e8800ca5af7819e63530278d91b4e2bd3701bae8f6	22228
raw	zone_wide_door_geometry_v3/robots/r1/rgb/00577.png	553c9da93f756c09160e03e8800ca5af7819e63530278d91b4e2bd3701bae8f6	22228
raw	zone_wide_door_geometry_v3/robots/r1/rgb/00578.png	553c9da93f756c09160e03e8800ca5af7819e63530278d91b4e2bd3701bae8f6	22228
raw	zone_wide_door_geometry_v3/robots/r1/rgb/00579.png	553c9da93f756c09160e03e8800ca5af7819e63530278d91b4e2bd3701bae8f6	22228
raw	zone_wide_door_geometry_v3/robots/r1/rgb/00580.png	553c9da93f756c09160e03e8800ca5af7819e63530278d91b4e2bd3701bae8f6	22228
raw	zone_wide_door_geometry_v3/robots/r1/rgb/00581.png	553c9da93f756c09160e03e8800ca5af7819e63530278d91b4e2bd3701bae8f6	22228
raw	zone_wide_door_geometry_v3/robots/r1/rgb/00582.png	553c9da93f756c09160e03e8800ca5af7819e63530278d91b4e2bd3701bae8f6	22228
raw	zone_wide_door_geometry_v3/robots/r1/rgb/00583.png	553c9da93f756c09160e03e8800ca5af7819e63530278d91b4e2bd3701bae8f6	22228
raw	zone_wide_door_geometry_v3/robots/r1/rgb/00584.png	553c9da93f756c09160e03e8800ca5af7819e63530278d91b4e2bd3701bae8f6	22228
raw	zone_wide_door_geometry_v3/robots/r1/rgb/00585.png	553c9da93f756c09160e03e8800ca5af7819e63530278d91b4e2bd3701bae8f6	22228
raw	zone_wide_door_geometry_v3/robots/r1/rgb/00586.png	553c9da93f756c09160e03e8800ca5af7819e63530278d91b4e2bd3701bae8f6	22228
raw	zone_wide_door_geometry_v3/robots/r1/rgb/00587.png	553c9da93f756c09160e03e8800ca5af7819e63530278d91b4e2bd3701bae8f6	22228
raw	zone_wide_door_geometry_v3/robots/r1/rgb/00588.png	553c9da93f756c09160e03e8800ca5af7819e63530278d91b4e2bd3701bae8f6	22228
raw	zone_wide_door_geometry_v3/robots/r1/rgb/00589.png	553c9da93f756c09160e03e8800ca5af7819e63530278d91b4e2bd3701bae8f6	22228
raw	zone_wide_door_geometry_v3/robots/r1/rgb/00590.png	553c9da93f756c09160e03e8800ca5af7819e63530278d91b4e2bd3701bae8f6	22228
raw	zone_wide_door_geometry_v3/robots/r1/rgb/00591.png	553c9da93f756c09160e03e8800ca5af7819e63530278d91b4e2bd3701bae8f6	22228
raw	zone_wide_door_geometry_v3/robots/r1/rgb/00592.png	553c9da93f756c09160e03e8800ca5af7819e63530278d91b4e2bd3701bae8f6	22228
raw	zone_wide_door_geometry_v3/robots/r1/rgb/00593.png	553c9da93f756c09160e03e8800ca5af7819e63530278d91b4e2bd3701bae8f6	22228
raw	zone_wide_door_geometry_v3/robots/r1/rgb/00594.png	553c9da93f756c09160e03e8800ca5af7819e63530278d91b4e2bd3701bae8f6	22228
raw	zone_wide_door_geometry_v3/robots/r1/rgb/00595.png	553c9da93f756c09160e03e8800ca5af7819e63530278d91b4e2bd3701bae8f6	22228
raw	zone_wide_door_geometry_v3/robots/r1/rgb/00596.png	553c9da93f756c09160e03e8800ca5af7819e63530278d91b4e2bd3701bae8f6	22228
raw	zone_wide_door_geometry_v3/robots/r1/rgb/00597.png	553c9da93f756c09160e03e8800ca5af7819e63530278d91b4e2bd3701bae8f6	22228
raw	zone_wide_door_geometry_v3/robots/r1/rgb/00598.png	553c9da93f756c09160e03e8800ca5af7819e63530278d91b4e2bd3701bae8f6	22228
raw	zone_wide_door_geometry_v3/robots/r1/rgb/00599.png	553c9da93f756c09160e03e8800ca5af7819e63530278d91b4e2bd3701bae8f6	22228
raw	zone_wide_door_geometry_v3/robots/r1/rgb/00600.png	553c9da93f756c09160e03e8800ca5af7819e63530278d91b4e2bd3701bae8f6	22228
raw	zone_wide_door_geometry_v3/robots/r2/commands.jsonl	59ef962b8289ac4164dd6eb6aa75514b8235ca1e2a8e6b6ecfdda043c7970f23	125
raw	zone_wide_door_geometry_v3/robots/r2/frames.jsonl	3a71323931872e9dec31bd4bc79c2611d712ec94da200c022be9a0a883c55085	152100
raw	zone_wide_door_geometry_v3/robots/r2/rgb/00000.png	ffe225def581b9119923ca73d280e22aca6056e36bfaa6ef5cfb6ce67716dd9b	25599
raw	zone_wide_door_geometry_v3/robots/r2/rgb/00001.png	ffe225def581b9119923ca73d280e22aca6056e36bfaa6ef5cfb6ce67716dd9b	25599
raw	zone_wide_door_geometry_v3/robots/r2/rgb/00002.png	ffe225def581b9119923ca73d280e22aca6056e36bfaa6ef5cfb6ce67716dd9b	25599
raw	zone_wide_door_geometry_v3/robots/r2/rgb/00003.png	ffe225def581b9119923ca73d280e22aca6056e36bfaa6ef5cfb6ce67716dd9b	25599
raw	zone_wide_door_geometry_v3/robots/r2/rgb/00004.png	ffe225def581b9119923ca73d280e22aca6056e36bfaa6ef5cfb6ce67716dd9b	25599
raw	zone_wide_door_geometry_v3/robots/r2/rgb/00005.png	ffe225def581b9119923ca73d280e22aca6056e36bfaa6ef5cfb6ce67716dd9b	25599
raw	zone_wide_door_geometry_v3/robots/r2/rgb/00006.png	ffe225def581b9119923ca73d280e22aca6056e36bfaa6ef5cfb6ce67716dd9b	25599
raw	zone_wide_door_geometry_v3/robots/r2/rgb/00007.png	ffe225def581b9119923ca73d280e22aca6056e36bfaa6ef5cfb6ce67716dd9b	25599
raw	zone_wide_door_geometry_v3/robots/r2/rgb/00008.png	ffe225def581b9119923ca73d280e22aca6056e36bfaa6ef5cfb6ce67716dd9b	25599
raw	zone_wide_door_geometry_v3/robots/r2/rgb/00009.png	ffe225def581b9119923ca73d280e22aca6056e36bfaa6ef5cfb6ce67716dd9b	25599
raw	zone_wide_door_geometry_v3/robots/r2/rgb/00010.png	ffe225def581b9119923ca73d280e22aca6056e36bfaa6ef5cfb6ce67716dd9b	25599
raw	zone_wide_door_geometry_v3/robots/r2/rgb/00011.png	ffe225def581b9119923ca73d280e22aca6056e36bfaa6ef5cfb6ce67716dd9b	25599
raw	zone_wide_door_geometry_v3/robots/r2/rgb/00012.png	ffe225def581b9119923ca73d280e22aca6056e36bfaa6ef5cfb6ce67716dd9b	25599
raw	zone_wide_door_geometry_v3/robots/r2/rgb/00013.png	ffe225def581b9119923ca73d280e22aca6056e36bfaa6ef5cfb6ce67716dd9b	25599
raw	zone_wide_door_geometry_v3/robots/r2/rgb/00014.png	ffe225def581b9119923ca73d280e22aca6056e36bfaa6ef5cfb6ce67716dd9b	25599
raw	zone_wide_door_geometry_v3/robots/r2/rgb/00015.png	ffe225def581b9119923ca73d280e22aca6056e36bfaa6ef5cfb6ce67716dd9b	25599
raw	zone_wide_door_geometry_v3/robots/r2/rgb/00016.png	ffe225def581b9119923ca73d280e22aca6056e36bfaa6ef5cfb6ce67716dd9b	25599
raw	zone_wide_door_geometry_v3/robots/r2/rgb/00017.png	ffe225def581b9119923ca73d280e22aca6056e36bfaa6ef5cfb6ce67716dd9b	25599
raw	zone_wide_door_geometry_v3/robots/r2/rgb/00018.png	ffe225def581b9119923ca73d280e22aca6056e36bfaa6ef5cfb6ce67716dd9b	25599
raw	zone_wide_door_geometry_v3/robots/r2/rgb/00019.png	ffe225def581b9119923ca73d280e22aca6056e36bfaa6ef5cfb6ce67716dd9b	25599
raw	zone_wide_door_geometry_v3/robots/r2/rgb/00020.png	ffe225def581b9119923ca73d280e22aca6056e36bfaa6ef5cfb6ce67716dd9b	25599
raw	zone_wide_door_geometry_v3/robots/r2/rgb/00021.png	ffe225def581b9119923ca73d280e22aca6056e36bfaa6ef5cfb6ce67716dd9b	25599
raw	zone_wide_door_geometry_v3/robots/r2/rgb/00022.png	ffe225def581b9119923ca73d280e22aca6056e36bfaa6ef5cfb6ce67716dd9b	25599
raw	zone_wide_door_geometry_v3/robots/r2/rgb/00023.png	ffe225def581b9119923ca73d280e22aca6056e36bfaa6ef5cfb6ce67716dd9b	25599
raw	zone_wide_door_geometry_v3/robots/r2/rgb/00024.png	ffe225def581b9119923ca73d280e22aca6056e36bfaa6ef5cfb6ce67716dd9b	25599
raw	zone_wide_door_geometry_v3/robots/r2/rgb/00025.png	ffe225def581b9119923ca73d280e22aca6056e36bfaa6ef5cfb6ce67716dd9b	25599
raw	zone_wide_door_geometry_v3/robots/r2/rgb/00026.png	ffe225def581b9119923ca73d280e22aca6056e36bfaa6ef5cfb6ce67716dd9b	25599
raw	zone_wide_door_geometry_v3/robots/r2/rgb/00027.png	ffe225def581b9119923ca73d280e22aca6056e36bfaa6ef5cfb6ce67716dd9b	25599
raw	zone_wide_door_geometry_v3/robots/r2/rgb/00028.png	ffe225def581b9119923ca73d280e22aca6056e36bfaa6ef5cfb6ce67716dd9b	25599
raw	zone_wide_door_geometry_v3/robots/r2/rgb/00029.png	ffe225def581b9119923ca73d280e22aca6056e36bfaa6ef5cfb6ce67716dd9b	25599
raw	zone_wide_door_geometry_v3/robots/r2/rgb/00030.png	ffe225def581b9119923ca73d280e22aca6056e36bfaa6ef5cfb6ce67716dd9b	25599
raw	zone_wide_door_geometry_v3/robots/r2/rgb/00031.png	ffe225def581b9119923ca73d280e22aca6056e36bfaa6ef5cfb6ce67716dd9b	25599
raw	zone_wide_door_geometry_v3/robots/r2/rgb/00032.png	ffe225def581b9119923ca73d280e22aca6056e36bfaa6ef5cfb6ce67716dd9b	25599
raw	zone_wide_door_geometry_v3/robots/r2/rgb/00033.png	ffe225def581b9119923ca73d280e22aca6056e36bfaa6ef5cfb6ce67716dd9b	25599
raw	zone_wide_door_geometry_v3/robots/r2/rgb/00034.png	ffe225def581b9119923ca73d280e22aca6056e36bfaa6ef5cfb6ce67716dd9b	25599
raw	zone_wide_door_geometry_v3/robots/r2/rgb/00035.png	ffe225def581b9119923ca73d280e22aca6056e36bfaa6ef5cfb6ce67716dd9b	25599
raw	zone_wide_door_geometry_v3/robots/r2/rgb/00036.png	ffe225def581b9119923ca73d280e22aca6056e36bfaa6ef5cfb6ce67716dd9b	25599
raw	zone_wide_door_geometry_v3/robots/r2/rgb/00037.png	ffe225def581b9119923ca73d280e22aca6056e36bfaa6ef5cfb6ce67716dd9b	25599
raw	zone_wide_door_geometry_v3/robots/r2/rgb/00038.png	ffe225def581b9119923ca73d280e22aca6056e36bfaa6ef5cfb6ce67716dd9b	25599
raw	zone_wide_door_geometry_v3/robots/r2/rgb/00039.png	ffe225def581b9119923ca73d280e22aca6056e36bfaa6ef5cfb6ce67716dd9b	25599
raw	zone_wide_door_geometry_v3/robots/r2/rgb/00040.png	ffe225def581b9119923ca73d280e22aca6056e36bfaa6ef5cfb6ce67716dd9b	25599
raw	zone_wide_door_geometry_v3/robots/r2/rgb/00041.png	ffe225def581b9119923ca73d280e22aca6056e36bfaa6ef5cfb6ce67716dd9b	25599
raw	zone_wide_door_geometry_v3/robots/r2/rgb/00042.png	ffe225def581b9119923ca73d280e22aca6056e36bfaa6ef5cfb6ce67716dd9b	25599
raw	zone_wide_door_geometry_v3/robots/r2/rgb/00043.png	ffe225def581b9119923ca73d280e22aca6056e36bfaa6ef5cfb6ce67716dd9b	25599
raw	zone_wide_door_geometry_v3/robots/r2/rgb/00044.png	ffe225def581b9119923ca73d280e22aca6056e36bfaa6ef5cfb6ce67716dd9b	25599
raw	zone_wide_door_geometry_v3/robots/r2/rgb/00045.png	ffe225def581b9119923ca73d280e22aca6056e36bfaa6ef5cfb6ce67716dd9b	25599
raw	zone_wide_door_geometry_v3/robots/r2/rgb/00046.png	ffe225def581b9119923ca73d280e22aca6056e36bfaa6ef5cfb6ce67716dd9b	25599
raw	zone_wide_door_geometry_v3/robots/r2/rgb/00047.png	ffe225def581b9119923ca73d280e22aca6056e36bfaa6ef5cfb6ce67716dd9b	25599
raw	zone_wide_door_geometry_v3/robots/r2/rgb/00048.png	ffe225def581b9119923ca73d280e22aca6056e36bfaa6ef5cfb6ce67716dd9b	25599
raw	zone_wide_door_geometry_v3/robots/r2/rgb/00049.png	ffe225def581b9119923ca73d280e22aca6056e36bfaa6ef5cfb6ce67716dd9b	25599
raw	zone_wide_door_geometry_v3/robots/r2/rgb/00050.png	ffe225def581b9119923ca73d280e22aca6056e36bfaa6ef5cfb6ce67716dd9b	25599
raw	zone_wide_door_geometry_v3/robots/r2/rgb/00051.png	ffe225def581b9119923ca73d280e22aca6056e36bfaa6ef5cfb6ce67716dd9b	25599
raw	zone_wide_door_geometry_v3/robots/r2/rgb/00052.png	ffe225def581b9119923ca73d280e22aca6056e36bfaa6ef5cfb6ce67716dd9b	25599
raw	zone_wide_door_geometry_v3/robots/r2/rgb/00053.png	ffe225def581b9119923ca73d280e22aca6056e36bfaa6ef5cfb6ce67716dd9b	25599
raw	zone_wide_door_geometry_v3/robots/r2/rgb/00054.png	ffe225def581b9119923ca73d280e22aca6056e36bfaa6ef5cfb6ce67716dd9b	25599
raw	zone_wide_door_geometry_v3/robots/r2/rgb/00055.png	ffe225def581b9119923ca73d280e22aca6056e36bfaa6ef5cfb6ce67716dd9b	25599
raw	zone_wide_door_geometry_v3/robots/r2/rgb/00056.png	ffe225def581b9119923ca73d280e22aca6056e36bfaa6ef5cfb6ce67716dd9b	25599
raw	zone_wide_door_geometry_v3/robots/r2/rgb/00057.png	ffe225def581b9119923ca73d280e22aca6056e36bfaa6ef5cfb6ce67716dd9b	25599
raw	zone_wide_door_geometry_v3/robots/r2/rgb/00058.png	ffe225def581b9119923ca73d280e22aca6056e36bfaa6ef5cfb6ce67716dd9b	25599
raw	zone_wide_door_geometry_v3/robots/r2/rgb/00059.png	ffe225def581b9119923ca73d280e22aca6056e36bfaa6ef5cfb6ce67716dd9b	25599
raw	zone_wide_door_geometry_v3/robots/r2/rgb/00060.png	ffe225def581b9119923ca73d280e22aca6056e36bfaa6ef5cfb6ce67716dd9b	25599
raw	zone_wide_door_geometry_v3/robots/r2/rgb/00061.png	ffe225def581b9119923ca73d280e22aca6056e36bfaa6ef5cfb6ce67716dd9b	25599
raw	zone_wide_door_geometry_v3/robots/r2/rgb/00062.png	ffe225def581b9119923ca73d280e22aca6056e36bfaa6ef5cfb6ce67716dd9b	25599
raw	zone_wide_door_geometry_v3/robots/r2/rgb/00063.png	ffe225def581b9119923ca73d280e22aca6056e36bfaa6ef5cfb6ce67716dd9b	25599
raw	zone_wide_door_geometry_v3/robots/r2/rgb/00064.png	ffe225def581b9119923ca73d280e22aca6056e36bfaa6ef5cfb6ce67716dd9b	25599
raw	zone_wide_door_geometry_v3/robots/r2/rgb/00065.png	ffe225def581b9119923ca73d280e22aca6056e36bfaa6ef5cfb6ce67716dd9b	25599
raw	zone_wide_door_geometry_v3/robots/r2/rgb/00066.png	ffe225def581b9119923ca73d280e22aca6056e36bfaa6ef5cfb6ce67716dd9b	25599
raw	zone_wide_door_geometry_v3/robots/r2/rgb/00067.png	ffe225def581b9119923ca73d280e22aca6056e36bfaa6ef5cfb6ce67716dd9b	25599
raw	zone_wide_door_geometry_v3/robots/r2/rgb/00068.png	ffe225def581b9119923ca73d280e22aca6056e36bfaa6ef5cfb6ce67716dd9b	25599
raw	zone_wide_door_geometry_v3/robots/r2/rgb/00069.png	ffe225def581b9119923ca73d280e22aca6056e36bfaa6ef5cfb6ce67716dd9b	25599
raw	zone_wide_door_geometry_v3/robots/r2/rgb/00070.png	ffe225def581b9119923ca73d280e22aca6056e36bfaa6ef5cfb6ce67716dd9b	25599
raw	zone_wide_door_geometry_v3/robots/r2/rgb/00071.png	ffe225def581b9119923ca73d280e22aca6056e36bfaa6ef5cfb6ce67716dd9b	25599
raw	zone_wide_door_geometry_v3/robots/r2/rgb/00072.png	ffe225def581b9119923ca73d280e22aca6056e36bfaa6ef5cfb6ce67716dd9b	25599
raw	zone_wide_door_geometry_v3/robots/r2/rgb/00073.png	ffe225def581b9119923ca73d280e22aca6056e36bfaa6ef5cfb6ce67716dd9b	25599
raw	zone_wide_door_geometry_v3/robots/r2/rgb/00074.png	ffe225def581b9119923ca73d280e22aca6056e36bfaa6ef5cfb6ce67716dd9b	25599
raw	zone_wide_door_geometry_v3/robots/r2/rgb/00075.png	ffe225def581b9119923ca73d280e22aca6056e36bfaa6ef5cfb6ce67716dd9b	25599
raw	zone_wide_door_geometry_v3/robots/r2/rgb/00076.png	ffe225def581b9119923ca73d280e22aca6056e36bfaa6ef5cfb6ce67716dd9b	25599
raw	zone_wide_door_geometry_v3/robots/r2/rgb/00077.png	ffe225def581b9119923ca73d280e22aca6056e36bfaa6ef5cfb6ce67716dd9b	25599
raw	zone_wide_door_geometry_v3/robots/r2/rgb/00078.png	ffe225def581b9119923ca73d280e22aca6056e36bfaa6ef5cfb6ce67716dd9b	25599
raw	zone_wide_door_geometry_v3/robots/r2/rgb/00079.png	ffe225def581b9119923ca73d280e22aca6056e36bfaa6ef5cfb6ce67716dd9b	25599
raw	zone_wide_door_geometry_v3/robots/r2/rgb/00080.png	ffe225def581b9119923ca73d280e22aca6056e36bfaa6ef5cfb6ce67716dd9b	25599
raw	zone_wide_door_geometry_v3/robots/r2/rgb/00081.png	ffe225def581b9119923ca73d280e22aca6056e36bfaa6ef5cfb6ce67716dd9b	25599
raw	zone_wide_door_geometry_v3/robots/r2/rgb/00082.png	ffe225def581b9119923ca73d280e22aca6056e36bfaa6ef5cfb6ce67716dd9b	25599
raw	zone_wide_door_geometry_v3/robots/r2/rgb/00083.png	ffe225def581b9119923ca73d280e22aca6056e36bfaa6ef5cfb6ce67716dd9b	25599
raw	zone_wide_door_geometry_v3/robots/r2/rgb/00084.png	ffe225def581b9119923ca73d280e22aca6056e36bfaa6ef5cfb6ce67716dd9b	25599
raw	zone_wide_door_geometry_v3/robots/r2/rgb/00085.png	ffe225def581b9119923ca73d280e22aca6056e36bfaa6ef5cfb6ce67716dd9b	25599
raw	zone_wide_door_geometry_v3/robots/r2/rgb/00086.png	ffe225def581b9119923ca73d280e22aca6056e36bfaa6ef5cfb6ce67716dd9b	25599
raw	zone_wide_door_geometry_v3/robots/r2/rgb/00087.png	ffe225def581b9119923ca73d280e22aca6056e36bfaa6ef5cfb6ce67716dd9b	25599
raw	zone_wide_door_geometry_v3/robots/r2/rgb/00088.png	ffe225def581b9119923ca73d280e22aca6056e36bfaa6ef5cfb6ce67716dd9b	25599
raw	zone_wide_door_geometry_v3/robots/r2/rgb/00089.png	ffe225def581b9119923ca73d280e22aca6056e36bfaa6ef5cfb6ce67716dd9b	25599
raw	zone_wide_door_geometry_v3/robots/r2/rgb/00090.png	ffe225def581b9119923ca73d280e22aca6056e36bfaa6ef5cfb6ce67716dd9b	25599
raw	zone_wide_door_geometry_v3/robots/r2/rgb/00091.png	ffe225def581b9119923ca73d280e22aca6056e36bfaa6ef5cfb6ce67716dd9b	25599
raw	zone_wide_door_geometry_v3/robots/r2/rgb/00092.png	ffe225def581b9119923ca73d280e22aca6056e36bfaa6ef5cfb6ce67716dd9b	25599
raw	zone_wide_door_geometry_v3/robots/r2/rgb/00093.png	ffe225def581b9119923ca73d280e22aca6056e36bfaa6ef5cfb6ce67716dd9b	25599
raw	zone_wide_door_geometry_v3/robots/r2/rgb/00094.png	ffe225def581b9119923ca73d280e22aca6056e36bfaa6ef5cfb6ce67716dd9b	25599
raw	zone_wide_door_geometry_v3/robots/r2/rgb/00095.png	ffe225def581b9119923ca73d280e22aca6056e36bfaa6ef5cfb6ce67716dd9b	25599
raw	zone_wide_door_geometry_v3/robots/r2/rgb/00096.png	ffe225def581b9119923ca73d280e22aca6056e36bfaa6ef5cfb6ce67716dd9b	25599
raw	zone_wide_door_geometry_v3/robots/r2/rgb/00097.png	ffe225def581b9119923ca73d280e22aca6056e36bfaa6ef5cfb6ce67716dd9b	25599
raw	zone_wide_door_geometry_v3/robots/r2/rgb/00098.png	ffe225def581b9119923ca73d280e22aca6056e36bfaa6ef5cfb6ce67716dd9b	25599
raw	zone_wide_door_geometry_v3/robots/r2/rgb/00099.png	ffe225def581b9119923ca73d280e22aca6056e36bfaa6ef5cfb6ce67716dd9b	25599
raw	zone_wide_door_geometry_v3/robots/r2/rgb/00100.png	ffe225def581b9119923ca73d280e22aca6056e36bfaa6ef5cfb6ce67716dd9b	25599
raw	zone_wide_door_geometry_v3/robots/r2/rgb/00101.png	ffe225def581b9119923ca73d280e22aca6056e36bfaa6ef5cfb6ce67716dd9b	25599
raw	zone_wide_door_geometry_v3/robots/r2/rgb/00102.png	ffe225def581b9119923ca73d280e22aca6056e36bfaa6ef5cfb6ce67716dd9b	25599
raw	zone_wide_door_geometry_v3/robots/r2/rgb/00103.png	ffe225def581b9119923ca73d280e22aca6056e36bfaa6ef5cfb6ce67716dd9b	25599
raw	zone_wide_door_geometry_v3/robots/r2/rgb/00104.png	ffe225def581b9119923ca73d280e22aca6056e36bfaa6ef5cfb6ce67716dd9b	25599
raw	zone_wide_door_geometry_v3/robots/r2/rgb/00105.png	ffe225def581b9119923ca73d280e22aca6056e36bfaa6ef5cfb6ce67716dd9b	25599
raw	zone_wide_door_geometry_v3/robots/r2/rgb/00106.png	ffe225def581b9119923ca73d280e22aca6056e36bfaa6ef5cfb6ce67716dd9b	25599
raw	zone_wide_door_geometry_v3/robots/r2/rgb/00107.png	ffe225def581b9119923ca73d280e22aca6056e36bfaa6ef5cfb6ce67716dd9b	25599
raw	zone_wide_door_geometry_v3/robots/r2/rgb/00108.png	ffe225def581b9119923ca73d280e22aca6056e36bfaa6ef5cfb6ce67716dd9b	25599
raw	zone_wide_door_geometry_v3/robots/r2/rgb/00109.png	ffe225def581b9119923ca73d280e22aca6056e36bfaa6ef5cfb6ce67716dd9b	25599
raw	zone_wide_door_geometry_v3/robots/r2/rgb/00110.png	ffe225def581b9119923ca73d280e22aca6056e36bfaa6ef5cfb6ce67716dd9b	25599
raw	zone_wide_door_geometry_v3/robots/r2/rgb/00111.png	ffe225def581b9119923ca73d280e22aca6056e36bfaa6ef5cfb6ce67716dd9b	25599
raw	zone_wide_door_geometry_v3/robots/r2/rgb/00112.png	ffe225def581b9119923ca73d280e22aca6056e36bfaa6ef5cfb6ce67716dd9b	25599
raw	zone_wide_door_geometry_v3/robots/r2/rgb/00113.png	ffe225def581b9119923ca73d280e22aca6056e36bfaa6ef5cfb6ce67716dd9b	25599
raw	zone_wide_door_geometry_v3/robots/r2/rgb/00114.png	ffe225def581b9119923ca73d280e22aca6056e36bfaa6ef5cfb6ce67716dd9b	25599
raw	zone_wide_door_geometry_v3/robots/r2/rgb/00115.png	ffe225def581b9119923ca73d280e22aca6056e36bfaa6ef5cfb6ce67716dd9b	25599
raw	zone_wide_door_geometry_v3/robots/r2/rgb/00116.png	ffe225def581b9119923ca73d280e22aca6056e36bfaa6ef5cfb6ce67716dd9b	25599
raw	zone_wide_door_geometry_v3/robots/r2/rgb/00117.png	ffe225def581b9119923ca73d280e22aca6056e36bfaa6ef5cfb6ce67716dd9b	25599
raw	zone_wide_door_geometry_v3/robots/r2/rgb/00118.png	ffe225def581b9119923ca73d280e22aca6056e36bfaa6ef5cfb6ce67716dd9b	25599
raw	zone_wide_door_geometry_v3/robots/r2/rgb/00119.png	ffe225def581b9119923ca73d280e22aca6056e36bfaa6ef5cfb6ce67716dd9b	25599
raw	zone_wide_door_geometry_v3/robots/r2/rgb/00120.png	ffe225def581b9119923ca73d280e22aca6056e36bfaa6ef5cfb6ce67716dd9b	25599
raw	zone_wide_door_geometry_v3/robots/r2/rgb/00121.png	ffe225def581b9119923ca73d280e22aca6056e36bfaa6ef5cfb6ce67716dd9b	25599
raw	zone_wide_door_geometry_v3/robots/r2/rgb/00122.png	ffe225def581b9119923ca73d280e22aca6056e36bfaa6ef5cfb6ce67716dd9b	25599
raw	zone_wide_door_geometry_v3/robots/r2/rgb/00123.png	ffe225def581b9119923ca73d280e22aca6056e36bfaa6ef5cfb6ce67716dd9b	25599
raw	zone_wide_door_geometry_v3/robots/r2/rgb/00124.png	ffe225def581b9119923ca73d280e22aca6056e36bfaa6ef5cfb6ce67716dd9b	25599
raw	zone_wide_door_geometry_v3/robots/r2/rgb/00125.png	ffe225def581b9119923ca73d280e22aca6056e36bfaa6ef5cfb6ce67716dd9b	25599
raw	zone_wide_door_geometry_v3/robots/r2/rgb/00126.png	ffe225def581b9119923ca73d280e22aca6056e36bfaa6ef5cfb6ce67716dd9b	25599
raw	zone_wide_door_geometry_v3/robots/r2/rgb/00127.png	ffe225def581b9119923ca73d280e22aca6056e36bfaa6ef5cfb6ce67716dd9b	25599
raw	zone_wide_door_geometry_v3/robots/r2/rgb/00128.png	ffe225def581b9119923ca73d280e22aca6056e36bfaa6ef5cfb6ce67716dd9b	25599
raw	zone_wide_door_geometry_v3/robots/r2/rgb/00129.png	ffe225def581b9119923ca73d280e22aca6056e36bfaa6ef5cfb6ce67716dd9b	25599
raw	zone_wide_door_geometry_v3/robots/r2/rgb/00130.png	ffe225def581b9119923ca73d280e22aca6056e36bfaa6ef5cfb6ce67716dd9b	25599
raw	zone_wide_door_geometry_v3/robots/r2/rgb/00131.png	ffe225def581b9119923ca73d280e22aca6056e36bfaa6ef5cfb6ce67716dd9b	25599
raw	zone_wide_door_geometry_v3/robots/r2/rgb/00132.png	ffe225def581b9119923ca73d280e22aca6056e36bfaa6ef5cfb6ce67716dd9b	25599
raw	zone_wide_door_geometry_v3/robots/r2/rgb/00133.png	ffe225def581b9119923ca73d280e22aca6056e36bfaa6ef5cfb6ce67716dd9b	25599
raw	zone_wide_door_geometry_v3/robots/r2/rgb/00134.png	ffe225def581b9119923ca73d280e22aca6056e36bfaa6ef5cfb6ce67716dd9b	25599
raw	zone_wide_door_geometry_v3/robots/r2/rgb/00135.png	ffe225def581b9119923ca73d280e22aca6056e36bfaa6ef5cfb6ce67716dd9b	25599
raw	zone_wide_door_geometry_v3/robots/r2/rgb/00136.png	ffe225def581b9119923ca73d280e22aca6056e36bfaa6ef5cfb6ce67716dd9b	25599
raw	zone_wide_door_geometry_v3/robots/r2/rgb/00137.png	ffe225def581b9119923ca73d280e22aca6056e36bfaa6ef5cfb6ce67716dd9b	25599
raw	zone_wide_door_geometry_v3/robots/r2/rgb/00138.png	ffe225def581b9119923ca73d280e22aca6056e36bfaa6ef5cfb6ce67716dd9b	25599
raw	zone_wide_door_geometry_v3/robots/r2/rgb/00139.png	ffe225def581b9119923ca73d280e22aca6056e36bfaa6ef5cfb6ce67716dd9b	25599
raw	zone_wide_door_geometry_v3/robots/r2/rgb/00140.png	ffe225def581b9119923ca73d280e22aca6056e36bfaa6ef5cfb6ce67716dd9b	25599
raw	zone_wide_door_geometry_v3/robots/r2/rgb/00141.png	ffe225def581b9119923ca73d280e22aca6056e36bfaa6ef5cfb6ce67716dd9b	25599
raw	zone_wide_door_geometry_v3/robots/r2/rgb/00142.png	ffe225def581b9119923ca73d280e22aca6056e36bfaa6ef5cfb6ce67716dd9b	25599
raw	zone_wide_door_geometry_v3/robots/r2/rgb/00143.png	ffe225def581b9119923ca73d280e22aca6056e36bfaa6ef5cfb6ce67716dd9b	25599
raw	zone_wide_door_geometry_v3/robots/r2/rgb/00144.png	ffe225def581b9119923ca73d280e22aca6056e36bfaa6ef5cfb6ce67716dd9b	25599
raw	zone_wide_door_geometry_v3/robots/r2/rgb/00145.png	ffe225def581b9119923ca73d280e22aca6056e36bfaa6ef5cfb6ce67716dd9b	25599
raw	zone_wide_door_geometry_v3/robots/r2/rgb/00146.png	ffe225def581b9119923ca73d280e22aca6056e36bfaa6ef5cfb6ce67716dd9b	25599
raw	zone_wide_door_geometry_v3/robots/r2/rgb/00147.png	ffe225def581b9119923ca73d280e22aca6056e36bfaa6ef5cfb6ce67716dd9b	25599
raw	zone_wide_door_geometry_v3/robots/r2/rgb/00148.png	ffe225def581b9119923ca73d280e22aca6056e36bfaa6ef5cfb6ce67716dd9b	25599
raw	zone_wide_door_geometry_v3/robots/r2/rgb/00149.png	ffe225def581b9119923ca73d280e22aca6056e36bfaa6ef5cfb6ce67716dd9b	25599
raw	zone_wide_door_geometry_v3/robots/r2/rgb/00150.png	ffe225def581b9119923ca73d280e22aca6056e36bfaa6ef5cfb6ce67716dd9b	25599
raw	zone_wide_door_geometry_v3/robots/r2/rgb/00151.png	ffe225def581b9119923ca73d280e22aca6056e36bfaa6ef5cfb6ce67716dd9b	25599
raw	zone_wide_door_geometry_v3/robots/r2/rgb/00152.png	ffe225def581b9119923ca73d280e22aca6056e36bfaa6ef5cfb6ce67716dd9b	25599
raw	zone_wide_door_geometry_v3/robots/r2/rgb/00153.png	ffe225def581b9119923ca73d280e22aca6056e36bfaa6ef5cfb6ce67716dd9b	25599
raw	zone_wide_door_geometry_v3/robots/r2/rgb/00154.png	ffe225def581b9119923ca73d280e22aca6056e36bfaa6ef5cfb6ce67716dd9b	25599
raw	zone_wide_door_geometry_v3/robots/r2/rgb/00155.png	ffe225def581b9119923ca73d280e22aca6056e36bfaa6ef5cfb6ce67716dd9b	25599
raw	zone_wide_door_geometry_v3/robots/r2/rgb/00156.png	ffe225def581b9119923ca73d280e22aca6056e36bfaa6ef5cfb6ce67716dd9b	25599
raw	zone_wide_door_geometry_v3/robots/r2/rgb/00157.png	ffe225def581b9119923ca73d280e22aca6056e36bfaa6ef5cfb6ce67716dd9b	25599
raw	zone_wide_door_geometry_v3/robots/r2/rgb/00158.png	ffe225def581b9119923ca73d280e22aca6056e36bfaa6ef5cfb6ce67716dd9b	25599
raw	zone_wide_door_geometry_v3/robots/r2/rgb/00159.png	ffe225def581b9119923ca73d280e22aca6056e36bfaa6ef5cfb6ce67716dd9b	25599
raw	zone_wide_door_geometry_v3/robots/r2/rgb/00160.png	ffe225def581b9119923ca73d280e22aca6056e36bfaa6ef5cfb6ce67716dd9b	25599
raw	zone_wide_door_geometry_v3/robots/r2/rgb/00161.png	ffe225def581b9119923ca73d280e22aca6056e36bfaa6ef5cfb6ce67716dd9b	25599
raw	zone_wide_door_geometry_v3/robots/r2/rgb/00162.png	ffe225def581b9119923ca73d280e22aca6056e36bfaa6ef5cfb6ce67716dd9b	25599
raw	zone_wide_door_geometry_v3/robots/r2/rgb/00163.png	ffe225def581b9119923ca73d280e22aca6056e36bfaa6ef5cfb6ce67716dd9b	25599
raw	zone_wide_door_geometry_v3/robots/r2/rgb/00164.png	ffe225def581b9119923ca73d280e22aca6056e36bfaa6ef5cfb6ce67716dd9b	25599
raw	zone_wide_door_geometry_v3/robots/r2/rgb/00165.png	ffe225def581b9119923ca73d280e22aca6056e36bfaa6ef5cfb6ce67716dd9b	25599
raw	zone_wide_door_geometry_v3/robots/r2/rgb/00166.png	ffe225def581b9119923ca73d280e22aca6056e36bfaa6ef5cfb6ce67716dd9b	25599
raw	zone_wide_door_geometry_v3/robots/r2/rgb/00167.png	ffe225def581b9119923ca73d280e22aca6056e36bfaa6ef5cfb6ce67716dd9b	25599
raw	zone_wide_door_geometry_v3/robots/r2/rgb/00168.png	ffe225def581b9119923ca73d280e22aca6056e36bfaa6ef5cfb6ce67716dd9b	25599
raw	zone_wide_door_geometry_v3/robots/r2/rgb/00169.png	ffe225def581b9119923ca73d280e22aca6056e36bfaa6ef5cfb6ce67716dd9b	25599
raw	zone_wide_door_geometry_v3/robots/r2/rgb/00170.png	ffe225def581b9119923ca73d280e22aca6056e36bfaa6ef5cfb6ce67716dd9b	25599
raw	zone_wide_door_geometry_v3/robots/r2/rgb/00171.png	ffe225def581b9119923ca73d280e22aca6056e36bfaa6ef5cfb6ce67716dd9b	25599
raw	zone_wide_door_geometry_v3/robots/r2/rgb/00172.png	ffe225def581b9119923ca73d280e22aca6056e36bfaa6ef5cfb6ce67716dd9b	25599
raw	zone_wide_door_geometry_v3/robots/r2/rgb/00173.png	ffe225def581b9119923ca73d280e22aca6056e36bfaa6ef5cfb6ce67716dd9b	25599
raw	zone_wide_door_geometry_v3/robots/r2/rgb/00174.png	ffe225def581b9119923ca73d280e22aca6056e36bfaa6ef5cfb6ce67716dd9b	25599
raw	zone_wide_door_geometry_v3/robots/r2/rgb/00175.png	ffe225def581b9119923ca73d280e22aca6056e36bfaa6ef5cfb6ce67716dd9b	25599
raw	zone_wide_door_geometry_v3/robots/r2/rgb/00176.png	ffe225def581b9119923ca73d280e22aca6056e36bfaa6ef5cfb6ce67716dd9b	25599
raw	zone_wide_door_geometry_v3/robots/r2/rgb/00177.png	ffe225def581b9119923ca73d280e22aca6056e36bfaa6ef5cfb6ce67716dd9b	25599
raw	zone_wide_door_geometry_v3/robots/r2/rgb/00178.png	ffe225def581b9119923ca73d280e22aca6056e36bfaa6ef5cfb6ce67716dd9b	25599
raw	zone_wide_door_geometry_v3/robots/r2/rgb/00179.png	ffe225def581b9119923ca73d280e22aca6056e36bfaa6ef5cfb6ce67716dd9b	25599
raw	zone_wide_door_geometry_v3/robots/r2/rgb/00180.png	ffe225def581b9119923ca73d280e22aca6056e36bfaa6ef5cfb6ce67716dd9b	25599
raw	zone_wide_door_geometry_v3/robots/r2/rgb/00181.png	ffe225def581b9119923ca73d280e22aca6056e36bfaa6ef5cfb6ce67716dd9b	25599
raw	zone_wide_door_geometry_v3/robots/r2/rgb/00182.png	ffe225def581b9119923ca73d280e22aca6056e36bfaa6ef5cfb6ce67716dd9b	25599
raw	zone_wide_door_geometry_v3/robots/r2/rgb/00183.png	ffe225def581b9119923ca73d280e22aca6056e36bfaa6ef5cfb6ce67716dd9b	25599
raw	zone_wide_door_geometry_v3/robots/r2/rgb/00184.png	ffe225def581b9119923ca73d280e22aca6056e36bfaa6ef5cfb6ce67716dd9b	25599
raw	zone_wide_door_geometry_v3/robots/r2/rgb/00185.png	ffe225def581b9119923ca73d280e22aca6056e36bfaa6ef5cfb6ce67716dd9b	25599
raw	zone_wide_door_geometry_v3/robots/r2/rgb/00186.png	ffe225def581b9119923ca73d280e22aca6056e36bfaa6ef5cfb6ce67716dd9b	25599
raw	zone_wide_door_geometry_v3/robots/r2/rgb/00187.png	ffe225def581b9119923ca73d280e22aca6056e36bfaa6ef5cfb6ce67716dd9b	25599
raw	zone_wide_door_geometry_v3/robots/r2/rgb/00188.png	ffe225def581b9119923ca73d280e22aca6056e36bfaa6ef5cfb6ce67716dd9b	25599
raw	zone_wide_door_geometry_v3/robots/r2/rgb/00189.png	ffe225def581b9119923ca73d280e22aca6056e36bfaa6ef5cfb6ce67716dd9b	25599
raw	zone_wide_door_geometry_v3/robots/r2/rgb/00190.png	ffe225def581b9119923ca73d280e22aca6056e36bfaa6ef5cfb6ce67716dd9b	25599
raw	zone_wide_door_geometry_v3/robots/r2/rgb/00191.png	ffe225def581b9119923ca73d280e22aca6056e36bfaa6ef5cfb6ce67716dd9b	25599
raw	zone_wide_door_geometry_v3/robots/r2/rgb/00192.png	ffe225def581b9119923ca73d280e22aca6056e36bfaa6ef5cfb6ce67716dd9b	25599
raw	zone_wide_door_geometry_v3/robots/r2/rgb/00193.png	ffe225def581b9119923ca73d280e22aca6056e36bfaa6ef5cfb6ce67716dd9b	25599
raw	zone_wide_door_geometry_v3/robots/r2/rgb/00194.png	ffe225def581b9119923ca73d280e22aca6056e36bfaa6ef5cfb6ce67716dd9b	25599
raw	zone_wide_door_geometry_v3/robots/r2/rgb/00195.png	ffe225def581b9119923ca73d280e22aca6056e36bfaa6ef5cfb6ce67716dd9b	25599
raw	zone_wide_door_geometry_v3/robots/r2/rgb/00196.png	ffe225def581b9119923ca73d280e22aca6056e36bfaa6ef5cfb6ce67716dd9b	25599
raw	zone_wide_door_geometry_v3/robots/r2/rgb/00197.png	ffe225def581b9119923ca73d280e22aca6056e36bfaa6ef5cfb6ce67716dd9b	25599
raw	zone_wide_door_geometry_v3/robots/r2/rgb/00198.png	ffe225def581b9119923ca73d280e22aca6056e36bfaa6ef5cfb6ce67716dd9b	25599
raw	zone_wide_door_geometry_v3/robots/r2/rgb/00199.png	ffe225def581b9119923ca73d280e22aca6056e36bfaa6ef5cfb6ce67716dd9b	25599
raw	zone_wide_door_geometry_v3/robots/r2/rgb/00200.png	ffe225def581b9119923ca73d280e22aca6056e36bfaa6ef5cfb6ce67716dd9b	25599
raw	zone_wide_door_geometry_v3/robots/r2/rgb/00201.png	ffe225def581b9119923ca73d280e22aca6056e36bfaa6ef5cfb6ce67716dd9b	25599
raw	zone_wide_door_geometry_v3/robots/r2/rgb/00202.png	ffe225def581b9119923ca73d280e22aca6056e36bfaa6ef5cfb6ce67716dd9b	25599
raw	zone_wide_door_geometry_v3/robots/r2/rgb/00203.png	ffe225def581b9119923ca73d280e22aca6056e36bfaa6ef5cfb6ce67716dd9b	25599
raw	zone_wide_door_geometry_v3/robots/r2/rgb/00204.png	ffe225def581b9119923ca73d280e22aca6056e36bfaa6ef5cfb6ce67716dd9b	25599
raw	zone_wide_door_geometry_v3/robots/r2/rgb/00205.png	ffe225def581b9119923ca73d280e22aca6056e36bfaa6ef5cfb6ce67716dd9b	25599
raw	zone_wide_door_geometry_v3/robots/r2/rgb/00206.png	ffe225def581b9119923ca73d280e22aca6056e36bfaa6ef5cfb6ce67716dd9b	25599
raw	zone_wide_door_geometry_v3/robots/r2/rgb/00207.png	ffe225def581b9119923ca73d280e22aca6056e36bfaa6ef5cfb6ce67716dd9b	25599
raw	zone_wide_door_geometry_v3/robots/r2/rgb/00208.png	ffe225def581b9119923ca73d280e22aca6056e36bfaa6ef5cfb6ce67716dd9b	25599
raw	zone_wide_door_geometry_v3/robots/r2/rgb/00209.png	ffe225def581b9119923ca73d280e22aca6056e36bfaa6ef5cfb6ce67716dd9b	25599
raw	zone_wide_door_geometry_v3/robots/r2/rgb/00210.png	ffe225def581b9119923ca73d280e22aca6056e36bfaa6ef5cfb6ce67716dd9b	25599
raw	zone_wide_door_geometry_v3/robots/r2/rgb/00211.png	ffe225def581b9119923ca73d280e22aca6056e36bfaa6ef5cfb6ce67716dd9b	25599
raw	zone_wide_door_geometry_v3/robots/r2/rgb/00212.png	ffe225def581b9119923ca73d280e22aca6056e36bfaa6ef5cfb6ce67716dd9b	25599
raw	zone_wide_door_geometry_v3/robots/r2/rgb/00213.png	ffe225def581b9119923ca73d280e22aca6056e36bfaa6ef5cfb6ce67716dd9b	25599
raw	zone_wide_door_geometry_v3/robots/r2/rgb/00214.png	ffe225def581b9119923ca73d280e22aca6056e36bfaa6ef5cfb6ce67716dd9b	25599
raw	zone_wide_door_geometry_v3/robots/r2/rgb/00215.png	ffe225def581b9119923ca73d280e22aca6056e36bfaa6ef5cfb6ce67716dd9b	25599
raw	zone_wide_door_geometry_v3/robots/r2/rgb/00216.png	ffe225def581b9119923ca73d280e22aca6056e36bfaa6ef5cfb6ce67716dd9b	25599
raw	zone_wide_door_geometry_v3/robots/r2/rgb/00217.png	ffe225def581b9119923ca73d280e22aca6056e36bfaa6ef5cfb6ce67716dd9b	25599
raw	zone_wide_door_geometry_v3/robots/r2/rgb/00218.png	ffe225def581b9119923ca73d280e22aca6056e36bfaa6ef5cfb6ce67716dd9b	25599
raw	zone_wide_door_geometry_v3/robots/r2/rgb/00219.png	ffe225def581b9119923ca73d280e22aca6056e36bfaa6ef5cfb6ce67716dd9b	25599
raw	zone_wide_door_geometry_v3/robots/r2/rgb/00220.png	ffe225def581b9119923ca73d280e22aca6056e36bfaa6ef5cfb6ce67716dd9b	25599
raw	zone_wide_door_geometry_v3/robots/r2/rgb/00221.png	ffe225def581b9119923ca73d280e22aca6056e36bfaa6ef5cfb6ce67716dd9b	25599
raw	zone_wide_door_geometry_v3/robots/r2/rgb/00222.png	ffe225def581b9119923ca73d280e22aca6056e36bfaa6ef5cfb6ce67716dd9b	25599
raw	zone_wide_door_geometry_v3/robots/r2/rgb/00223.png	ffe225def581b9119923ca73d280e22aca6056e36bfaa6ef5cfb6ce67716dd9b	25599
raw	zone_wide_door_geometry_v3/robots/r2/rgb/00224.png	ffe225def581b9119923ca73d280e22aca6056e36bfaa6ef5cfb6ce67716dd9b	25599
raw	zone_wide_door_geometry_v3/robots/r2/rgb/00225.png	ffe225def581b9119923ca73d280e22aca6056e36bfaa6ef5cfb6ce67716dd9b	25599
raw	zone_wide_door_geometry_v3/robots/r2/rgb/00226.png	ffe225def581b9119923ca73d280e22aca6056e36bfaa6ef5cfb6ce67716dd9b	25599
raw	zone_wide_door_geometry_v3/robots/r2/rgb/00227.png	ffe225def581b9119923ca73d280e22aca6056e36bfaa6ef5cfb6ce67716dd9b	25599
raw	zone_wide_door_geometry_v3/robots/r2/rgb/00228.png	ffe225def581b9119923ca73d280e22aca6056e36bfaa6ef5cfb6ce67716dd9b	25599
raw	zone_wide_door_geometry_v3/robots/r2/rgb/00229.png	ffe225def581b9119923ca73d280e22aca6056e36bfaa6ef5cfb6ce67716dd9b	25599
raw	zone_wide_door_geometry_v3/robots/r2/rgb/00230.png	ffe225def581b9119923ca73d280e22aca6056e36bfaa6ef5cfb6ce67716dd9b	25599
raw	zone_wide_door_geometry_v3/robots/r2/rgb/00231.png	ffe225def581b9119923ca73d280e22aca6056e36bfaa6ef5cfb6ce67716dd9b	25599
raw	zone_wide_door_geometry_v3/robots/r2/rgb/00232.png	ffe225def581b9119923ca73d280e22aca6056e36bfaa6ef5cfb6ce67716dd9b	25599
raw	zone_wide_door_geometry_v3/robots/r2/rgb/00233.png	ffe225def581b9119923ca73d280e22aca6056e36bfaa6ef5cfb6ce67716dd9b	25599
raw	zone_wide_door_geometry_v3/robots/r2/rgb/00234.png	ffe225def581b9119923ca73d280e22aca6056e36bfaa6ef5cfb6ce67716dd9b	25599
raw	zone_wide_door_geometry_v3/robots/r2/rgb/00235.png	ffe225def581b9119923ca73d280e22aca6056e36bfaa6ef5cfb6ce67716dd9b	25599
raw	zone_wide_door_geometry_v3/robots/r2/rgb/00236.png	ffe225def581b9119923ca73d280e22aca6056e36bfaa6ef5cfb6ce67716dd9b	25599
raw	zone_wide_door_geometry_v3/robots/r2/rgb/00237.png	ffe225def581b9119923ca73d280e22aca6056e36bfaa6ef5cfb6ce67716dd9b	25599
raw	zone_wide_door_geometry_v3/robots/r2/rgb/00238.png	ffe225def581b9119923ca73d280e22aca6056e36bfaa6ef5cfb6ce67716dd9b	25599
raw	zone_wide_door_geometry_v3/robots/r2/rgb/00239.png	ffe225def581b9119923ca73d280e22aca6056e36bfaa6ef5cfb6ce67716dd9b	25599
raw	zone_wide_door_geometry_v3/robots/r2/rgb/00240.png	ffe225def581b9119923ca73d280e22aca6056e36bfaa6ef5cfb6ce67716dd9b	25599
raw	zone_wide_door_geometry_v3/robots/r2/rgb/00241.png	ffe225def581b9119923ca73d280e22aca6056e36bfaa6ef5cfb6ce67716dd9b	25599
raw	zone_wide_door_geometry_v3/robots/r2/rgb/00242.png	ffe225def581b9119923ca73d280e22aca6056e36bfaa6ef5cfb6ce67716dd9b	25599
raw	zone_wide_door_geometry_v3/robots/r2/rgb/00243.png	ffe225def581b9119923ca73d280e22aca6056e36bfaa6ef5cfb6ce67716dd9b	25599
raw	zone_wide_door_geometry_v3/robots/r2/rgb/00244.png	ffe225def581b9119923ca73d280e22aca6056e36bfaa6ef5cfb6ce67716dd9b	25599
raw	zone_wide_door_geometry_v3/robots/r2/rgb/00245.png	ffe225def581b9119923ca73d280e22aca6056e36bfaa6ef5cfb6ce67716dd9b	25599
raw	zone_wide_door_geometry_v3/robots/r2/rgb/00246.png	ffe225def581b9119923ca73d280e22aca6056e36bfaa6ef5cfb6ce67716dd9b	25599
raw	zone_wide_door_geometry_v3/robots/r2/rgb/00247.png	ffe225def581b9119923ca73d280e22aca6056e36bfaa6ef5cfb6ce67716dd9b	25599
raw	zone_wide_door_geometry_v3/robots/r2/rgb/00248.png	ffe225def581b9119923ca73d280e22aca6056e36bfaa6ef5cfb6ce67716dd9b	25599
raw	zone_wide_door_geometry_v3/robots/r2/rgb/00249.png	ffe225def581b9119923ca73d280e22aca6056e36bfaa6ef5cfb6ce67716dd9b	25599
raw	zone_wide_door_geometry_v3/robots/r2/rgb/00250.png	ffe225def581b9119923ca73d280e22aca6056e36bfaa6ef5cfb6ce67716dd9b	25599
raw	zone_wide_door_geometry_v3/robots/r2/rgb/00251.png	ffe225def581b9119923ca73d280e22aca6056e36bfaa6ef5cfb6ce67716dd9b	25599
raw	zone_wide_door_geometry_v3/robots/r2/rgb/00252.png	ffe225def581b9119923ca73d280e22aca6056e36bfaa6ef5cfb6ce67716dd9b	25599
raw	zone_wide_door_geometry_v3/robots/r2/rgb/00253.png	ffe225def581b9119923ca73d280e22aca6056e36bfaa6ef5cfb6ce67716dd9b	25599
raw	zone_wide_door_geometry_v3/robots/r2/rgb/00254.png	ffe225def581b9119923ca73d280e22aca6056e36bfaa6ef5cfb6ce67716dd9b	25599
raw	zone_wide_door_geometry_v3/robots/r2/rgb/00255.png	ffe225def581b9119923ca73d280e22aca6056e36bfaa6ef5cfb6ce67716dd9b	25599
raw	zone_wide_door_geometry_v3/robots/r2/rgb/00256.png	ffe225def581b9119923ca73d280e22aca6056e36bfaa6ef5cfb6ce67716dd9b	25599
raw	zone_wide_door_geometry_v3/robots/r2/rgb/00257.png	ffe225def581b9119923ca73d280e22aca6056e36bfaa6ef5cfb6ce67716dd9b	25599
raw	zone_wide_door_geometry_v3/robots/r2/rgb/00258.png	ffe225def581b9119923ca73d280e22aca6056e36bfaa6ef5cfb6ce67716dd9b	25599
raw	zone_wide_door_geometry_v3/robots/r2/rgb/00259.png	ffe225def581b9119923ca73d280e22aca6056e36bfaa6ef5cfb6ce67716dd9b	25599
raw	zone_wide_door_geometry_v3/robots/r2/rgb/00260.png	ffe225def581b9119923ca73d280e22aca6056e36bfaa6ef5cfb6ce67716dd9b	25599
raw	zone_wide_door_geometry_v3/robots/r2/rgb/00261.png	ffe225def581b9119923ca73d280e22aca6056e36bfaa6ef5cfb6ce67716dd9b	25599
raw	zone_wide_door_geometry_v3/robots/r2/rgb/00262.png	ffe225def581b9119923ca73d280e22aca6056e36bfaa6ef5cfb6ce67716dd9b	25599
raw	zone_wide_door_geometry_v3/robots/r2/rgb/00263.png	ffe225def581b9119923ca73d280e22aca6056e36bfaa6ef5cfb6ce67716dd9b	25599
raw	zone_wide_door_geometry_v3/robots/r2/rgb/00264.png	ffe225def581b9119923ca73d280e22aca6056e36bfaa6ef5cfb6ce67716dd9b	25599
raw	zone_wide_door_geometry_v3/robots/r2/rgb/00265.png	ffe225def581b9119923ca73d280e22aca6056e36bfaa6ef5cfb6ce67716dd9b	25599
raw	zone_wide_door_geometry_v3/robots/r2/rgb/00266.png	ffe225def581b9119923ca73d280e22aca6056e36bfaa6ef5cfb6ce67716dd9b	25599
raw	zone_wide_door_geometry_v3/robots/r2/rgb/00267.png	ffe225def581b9119923ca73d280e22aca6056e36bfaa6ef5cfb6ce67716dd9b	25599
raw	zone_wide_door_geometry_v3/robots/r2/rgb/00268.png	ffe225def581b9119923ca73d280e22aca6056e36bfaa6ef5cfb6ce67716dd9b	25599
raw	zone_wide_door_geometry_v3/robots/r2/rgb/00269.png	ffe225def581b9119923ca73d280e22aca6056e36bfaa6ef5cfb6ce67716dd9b	25599
raw	zone_wide_door_geometry_v3/robots/r2/rgb/00270.png	ffe225def581b9119923ca73d280e22aca6056e36bfaa6ef5cfb6ce67716dd9b	25599
raw	zone_wide_door_geometry_v3/robots/r2/rgb/00271.png	ffe225def581b9119923ca73d280e22aca6056e36bfaa6ef5cfb6ce67716dd9b	25599
raw	zone_wide_door_geometry_v3/robots/r2/rgb/00272.png	ffe225def581b9119923ca73d280e22aca6056e36bfaa6ef5cfb6ce67716dd9b	25599
raw	zone_wide_door_geometry_v3/robots/r2/rgb/00273.png	ffe225def581b9119923ca73d280e22aca6056e36bfaa6ef5cfb6ce67716dd9b	25599
raw	zone_wide_door_geometry_v3/robots/r2/rgb/00274.png	ffe225def581b9119923ca73d280e22aca6056e36bfaa6ef5cfb6ce67716dd9b	25599
raw	zone_wide_door_geometry_v3/robots/r2/rgb/00275.png	ffe225def581b9119923ca73d280e22aca6056e36bfaa6ef5cfb6ce67716dd9b	25599
raw	zone_wide_door_geometry_v3/robots/r2/rgb/00276.png	ffe225def581b9119923ca73d280e22aca6056e36bfaa6ef5cfb6ce67716dd9b	25599
raw	zone_wide_door_geometry_v3/robots/r2/rgb/00277.png	ffe225def581b9119923ca73d280e22aca6056e36bfaa6ef5cfb6ce67716dd9b	25599
raw	zone_wide_door_geometry_v3/robots/r2/rgb/00278.png	ffe225def581b9119923ca73d280e22aca6056e36bfaa6ef5cfb6ce67716dd9b	25599
raw	zone_wide_door_geometry_v3/robots/r2/rgb/00279.png	ffe225def581b9119923ca73d280e22aca6056e36bfaa6ef5cfb6ce67716dd9b	25599
raw	zone_wide_door_geometry_v3/robots/r2/rgb/00280.png	ffe225def581b9119923ca73d280e22aca6056e36bfaa6ef5cfb6ce67716dd9b	25599
raw	zone_wide_door_geometry_v3/robots/r2/rgb/00281.png	ffe225def581b9119923ca73d280e22aca6056e36bfaa6ef5cfb6ce67716dd9b	25599
raw	zone_wide_door_geometry_v3/robots/r2/rgb/00282.png	ffe225def581b9119923ca73d280e22aca6056e36bfaa6ef5cfb6ce67716dd9b	25599
raw	zone_wide_door_geometry_v3/robots/r2/rgb/00283.png	ffe225def581b9119923ca73d280e22aca6056e36bfaa6ef5cfb6ce67716dd9b	25599
raw	zone_wide_door_geometry_v3/robots/r2/rgb/00284.png	ffe225def581b9119923ca73d280e22aca6056e36bfaa6ef5cfb6ce67716dd9b	25599
raw	zone_wide_door_geometry_v3/robots/r2/rgb/00285.png	ffe225def581b9119923ca73d280e22aca6056e36bfaa6ef5cfb6ce67716dd9b	25599
raw	zone_wide_door_geometry_v3/robots/r2/rgb/00286.png	ffe225def581b9119923ca73d280e22aca6056e36bfaa6ef5cfb6ce67716dd9b	25599
raw	zone_wide_door_geometry_v3/robots/r2/rgb/00287.png	ffe225def581b9119923ca73d280e22aca6056e36bfaa6ef5cfb6ce67716dd9b	25599
raw	zone_wide_door_geometry_v3/robots/r2/rgb/00288.png	ffe225def581b9119923ca73d280e22aca6056e36bfaa6ef5cfb6ce67716dd9b	25599
raw	zone_wide_door_geometry_v3/robots/r2/rgb/00289.png	ffe225def581b9119923ca73d280e22aca6056e36bfaa6ef5cfb6ce67716dd9b	25599
raw	zone_wide_door_geometry_v3/robots/r2/rgb/00290.png	ffe225def581b9119923ca73d280e22aca6056e36bfaa6ef5cfb6ce67716dd9b	25599
raw	zone_wide_door_geometry_v3/robots/r2/rgb/00291.png	ffe225def581b9119923ca73d280e22aca6056e36bfaa6ef5cfb6ce67716dd9b	25599
raw	zone_wide_door_geometry_v3/robots/r2/rgb/00292.png	ffe225def581b9119923ca73d280e22aca6056e36bfaa6ef5cfb6ce67716dd9b	25599
raw	zone_wide_door_geometry_v3/robots/r2/rgb/00293.png	ffe225def581b9119923ca73d280e22aca6056e36bfaa6ef5cfb6ce67716dd9b	25599
raw	zone_wide_door_geometry_v3/robots/r2/rgb/00294.png	ffe225def581b9119923ca73d280e22aca6056e36bfaa6ef5cfb6ce67716dd9b	25599
raw	zone_wide_door_geometry_v3/robots/r2/rgb/00295.png	ffe225def581b9119923ca73d280e22aca6056e36bfaa6ef5cfb6ce67716dd9b	25599
raw	zone_wide_door_geometry_v3/robots/r2/rgb/00296.png	ffe225def581b9119923ca73d280e22aca6056e36bfaa6ef5cfb6ce67716dd9b	25599
raw	zone_wide_door_geometry_v3/robots/r2/rgb/00297.png	ffe225def581b9119923ca73d280e22aca6056e36bfaa6ef5cfb6ce67716dd9b	25599
raw	zone_wide_door_geometry_v3/robots/r2/rgb/00298.png	ffe225def581b9119923ca73d280e22aca6056e36bfaa6ef5cfb6ce67716dd9b	25599
raw	zone_wide_door_geometry_v3/robots/r2/rgb/00299.png	ffe225def581b9119923ca73d280e22aca6056e36bfaa6ef5cfb6ce67716dd9b	25599
raw	zone_wide_door_geometry_v3/robots/r2/rgb/00300.png	ffe225def581b9119923ca73d280e22aca6056e36bfaa6ef5cfb6ce67716dd9b	25599
raw	zone_wide_door_geometry_v3/robots/r2/rgb/00301.png	ffe225def581b9119923ca73d280e22aca6056e36bfaa6ef5cfb6ce67716dd9b	25599
raw	zone_wide_door_geometry_v3/robots/r2/rgb/00302.png	ffe225def581b9119923ca73d280e22aca6056e36bfaa6ef5cfb6ce67716dd9b	25599
raw	zone_wide_door_geometry_v3/robots/r2/rgb/00303.png	ffe225def581b9119923ca73d280e22aca6056e36bfaa6ef5cfb6ce67716dd9b	25599
raw	zone_wide_door_geometry_v3/robots/r2/rgb/00304.png	ffe225def581b9119923ca73d280e22aca6056e36bfaa6ef5cfb6ce67716dd9b	25599
raw	zone_wide_door_geometry_v3/robots/r2/rgb/00305.png	ffe225def581b9119923ca73d280e22aca6056e36bfaa6ef5cfb6ce67716dd9b	25599
raw	zone_wide_door_geometry_v3/robots/r2/rgb/00306.png	ffe225def581b9119923ca73d280e22aca6056e36bfaa6ef5cfb6ce67716dd9b	25599
raw	zone_wide_door_geometry_v3/robots/r2/rgb/00307.png	ffe225def581b9119923ca73d280e22aca6056e36bfaa6ef5cfb6ce67716dd9b	25599
raw	zone_wide_door_geometry_v3/robots/r2/rgb/00308.png	ffe225def581b9119923ca73d280e22aca6056e36bfaa6ef5cfb6ce67716dd9b	25599
raw	zone_wide_door_geometry_v3/robots/r2/rgb/00309.png	ffe225def581b9119923ca73d280e22aca6056e36bfaa6ef5cfb6ce67716dd9b	25599
raw	zone_wide_door_geometry_v3/robots/r2/rgb/00310.png	ffe225def581b9119923ca73d280e22aca6056e36bfaa6ef5cfb6ce67716dd9b	25599
raw	zone_wide_door_geometry_v3/robots/r2/rgb/00311.png	ffe225def581b9119923ca73d280e22aca6056e36bfaa6ef5cfb6ce67716dd9b	25599
raw	zone_wide_door_geometry_v3/robots/r2/rgb/00312.png	ffe225def581b9119923ca73d280e22aca6056e36bfaa6ef5cfb6ce67716dd9b	25599
raw	zone_wide_door_geometry_v3/robots/r2/rgb/00313.png	ffe225def581b9119923ca73d280e22aca6056e36bfaa6ef5cfb6ce67716dd9b	25599
raw	zone_wide_door_geometry_v3/robots/r2/rgb/00314.png	ffe225def581b9119923ca73d280e22aca6056e36bfaa6ef5cfb6ce67716dd9b	25599
raw	zone_wide_door_geometry_v3/robots/r2/rgb/00315.png	ffe225def581b9119923ca73d280e22aca6056e36bfaa6ef5cfb6ce67716dd9b	25599
raw	zone_wide_door_geometry_v3/robots/r2/rgb/00316.png	ffe225def581b9119923ca73d280e22aca6056e36bfaa6ef5cfb6ce67716dd9b	25599
raw	zone_wide_door_geometry_v3/robots/r2/rgb/00317.png	ffe225def581b9119923ca73d280e22aca6056e36bfaa6ef5cfb6ce67716dd9b	25599
raw	zone_wide_door_geometry_v3/robots/r2/rgb/00318.png	ffe225def581b9119923ca73d280e22aca6056e36bfaa6ef5cfb6ce67716dd9b	25599
raw	zone_wide_door_geometry_v3/robots/r2/rgb/00319.png	ffe225def581b9119923ca73d280e22aca6056e36bfaa6ef5cfb6ce67716dd9b	25599
raw	zone_wide_door_geometry_v3/robots/r2/rgb/00320.png	ffe225def581b9119923ca73d280e22aca6056e36bfaa6ef5cfb6ce67716dd9b	25599
raw	zone_wide_door_geometry_v3/robots/r2/rgb/00321.png	ffe225def581b9119923ca73d280e22aca6056e36bfaa6ef5cfb6ce67716dd9b	25599
raw	zone_wide_door_geometry_v3/robots/r2/rgb/00322.png	ffe225def581b9119923ca73d280e22aca6056e36bfaa6ef5cfb6ce67716dd9b	25599
raw	zone_wide_door_geometry_v3/robots/r2/rgb/00323.png	ffe225def581b9119923ca73d280e22aca6056e36bfaa6ef5cfb6ce67716dd9b	25599
raw	zone_wide_door_geometry_v3/robots/r2/rgb/00324.png	ffe225def581b9119923ca73d280e22aca6056e36bfaa6ef5cfb6ce67716dd9b	25599
raw	zone_wide_door_geometry_v3/robots/r2/rgb/00325.png	ffe225def581b9119923ca73d280e22aca6056e36bfaa6ef5cfb6ce67716dd9b	25599
raw	zone_wide_door_geometry_v3/robots/r2/rgb/00326.png	ffe225def581b9119923ca73d280e22aca6056e36bfaa6ef5cfb6ce67716dd9b	25599
raw	zone_wide_door_geometry_v3/robots/r2/rgb/00327.png	ffe225def581b9119923ca73d280e22aca6056e36bfaa6ef5cfb6ce67716dd9b	25599
raw	zone_wide_door_geometry_v3/robots/r2/rgb/00328.png	ffe225def581b9119923ca73d280e22aca6056e36bfaa6ef5cfb6ce67716dd9b	25599
raw	zone_wide_door_geometry_v3/robots/r2/rgb/00329.png	ffe225def581b9119923ca73d280e22aca6056e36bfaa6ef5cfb6ce67716dd9b	25599
raw	zone_wide_door_geometry_v3/robots/r2/rgb/00330.png	ffe225def581b9119923ca73d280e22aca6056e36bfaa6ef5cfb6ce67716dd9b	25599
raw	zone_wide_door_geometry_v3/robots/r2/rgb/00331.png	ffe225def581b9119923ca73d280e22aca6056e36bfaa6ef5cfb6ce67716dd9b	25599
raw	zone_wide_door_geometry_v3/robots/r2/rgb/00332.png	ffe225def581b9119923ca73d280e22aca6056e36bfaa6ef5cfb6ce67716dd9b	25599
raw	zone_wide_door_geometry_v3/robots/r2/rgb/00333.png	ffe225def581b9119923ca73d280e22aca6056e36bfaa6ef5cfb6ce67716dd9b	25599
raw	zone_wide_door_geometry_v3/robots/r2/rgb/00334.png	ffe225def581b9119923ca73d280e22aca6056e36bfaa6ef5cfb6ce67716dd9b	25599
raw	zone_wide_door_geometry_v3/robots/r2/rgb/00335.png	ffe225def581b9119923ca73d280e22aca6056e36bfaa6ef5cfb6ce67716dd9b	25599
raw	zone_wide_door_geometry_v3/robots/r2/rgb/00336.png	ffe225def581b9119923ca73d280e22aca6056e36bfaa6ef5cfb6ce67716dd9b	25599
raw	zone_wide_door_geometry_v3/robots/r2/rgb/00337.png	ffe225def581b9119923ca73d280e22aca6056e36bfaa6ef5cfb6ce67716dd9b	25599
raw	zone_wide_door_geometry_v3/robots/r2/rgb/00338.png	ffe225def581b9119923ca73d280e22aca6056e36bfaa6ef5cfb6ce67716dd9b	25599
raw	zone_wide_door_geometry_v3/robots/r2/rgb/00339.png	ffe225def581b9119923ca73d280e22aca6056e36bfaa6ef5cfb6ce67716dd9b	25599
raw	zone_wide_door_geometry_v3/robots/r2/rgb/00340.png	ffe225def581b9119923ca73d280e22aca6056e36bfaa6ef5cfb6ce67716dd9b	25599
raw	zone_wide_door_geometry_v3/robots/r2/rgb/00341.png	ffe225def581b9119923ca73d280e22aca6056e36bfaa6ef5cfb6ce67716dd9b	25599
raw	zone_wide_door_geometry_v3/robots/r2/rgb/00342.png	ffe225def581b9119923ca73d280e22aca6056e36bfaa6ef5cfb6ce67716dd9b	25599
raw	zone_wide_door_geometry_v3/robots/r2/rgb/00343.png	ffe225def581b9119923ca73d280e22aca6056e36bfaa6ef5cfb6ce67716dd9b	25599
raw	zone_wide_door_geometry_v3/robots/r2/rgb/00344.png	ffe225def581b9119923ca73d280e22aca6056e36bfaa6ef5cfb6ce67716dd9b	25599
raw	zone_wide_door_geometry_v3/robots/r2/rgb/00345.png	ffe225def581b9119923ca73d280e22aca6056e36bfaa6ef5cfb6ce67716dd9b	25599
raw	zone_wide_door_geometry_v3/robots/r2/rgb/00346.png	ffe225def581b9119923ca73d280e22aca6056e36bfaa6ef5cfb6ce67716dd9b	25599
raw	zone_wide_door_geometry_v3/robots/r2/rgb/00347.png	ffe225def581b9119923ca73d280e22aca6056e36bfaa6ef5cfb6ce67716dd9b	25599
raw	zone_wide_door_geometry_v3/robots/r2/rgb/00348.png	ffe225def581b9119923ca73d280e22aca6056e36bfaa6ef5cfb6ce67716dd9b	25599
raw	zone_wide_door_geometry_v3/robots/r2/rgb/00349.png	ffe225def581b9119923ca73d280e22aca6056e36bfaa6ef5cfb6ce67716dd9b	25599
raw	zone_wide_door_geometry_v3/robots/r2/rgb/00350.png	ffe225def581b9119923ca73d280e22aca6056e36bfaa6ef5cfb6ce67716dd9b	25599
raw	zone_wide_door_geometry_v3/robots/r2/rgb/00351.png	ffe225def581b9119923ca73d280e22aca6056e36bfaa6ef5cfb6ce67716dd9b	25599
raw	zone_wide_door_geometry_v3/robots/r2/rgb/00352.png	ffe225def581b9119923ca73d280e22aca6056e36bfaa6ef5cfb6ce67716dd9b	25599
raw	zone_wide_door_geometry_v3/robots/r2/rgb/00353.png	ffe225def581b9119923ca73d280e22aca6056e36bfaa6ef5cfb6ce67716dd9b	25599
raw	zone_wide_door_geometry_v3/robots/r2/rgb/00354.png	ffe225def581b9119923ca73d280e22aca6056e36bfaa6ef5cfb6ce67716dd9b	25599
raw	zone_wide_door_geometry_v3/robots/r2/rgb/00355.png	ffe225def581b9119923ca73d280e22aca6056e36bfaa6ef5cfb6ce67716dd9b	25599
raw	zone_wide_door_geometry_v3/robots/r2/rgb/00356.png	ffe225def581b9119923ca73d280e22aca6056e36bfaa6ef5cfb6ce67716dd9b	25599
raw	zone_wide_door_geometry_v3/robots/r2/rgb/00357.png	ffe225def581b9119923ca73d280e22aca6056e36bfaa6ef5cfb6ce67716dd9b	25599
raw	zone_wide_door_geometry_v3/robots/r2/rgb/00358.png	ffe225def581b9119923ca73d280e22aca6056e36bfaa6ef5cfb6ce67716dd9b	25599
raw	zone_wide_door_geometry_v3/robots/r2/rgb/00359.png	ffe225def581b9119923ca73d280e22aca6056e36bfaa6ef5cfb6ce67716dd9b	25599
raw	zone_wide_door_geometry_v3/robots/r2/rgb/00360.png	ffe225def581b9119923ca73d280e22aca6056e36bfaa6ef5cfb6ce67716dd9b	25599
raw	zone_wide_door_geometry_v3/robots/r2/rgb/00361.png	ffe225def581b9119923ca73d280e22aca6056e36bfaa6ef5cfb6ce67716dd9b	25599
raw	zone_wide_door_geometry_v3/robots/r2/rgb/00362.png	ffe225def581b9119923ca73d280e22aca6056e36bfaa6ef5cfb6ce67716dd9b	25599
raw	zone_wide_door_geometry_v3/robots/r2/rgb/00363.png	ffe225def581b9119923ca73d280e22aca6056e36bfaa6ef5cfb6ce67716dd9b	25599
raw	zone_wide_door_geometry_v3/robots/r2/rgb/00364.png	ffe225def581b9119923ca73d280e22aca6056e36bfaa6ef5cfb6ce67716dd9b	25599
raw	zone_wide_door_geometry_v3/robots/r2/rgb/00365.png	ffe225def581b9119923ca73d280e22aca6056e36bfaa6ef5cfb6ce67716dd9b	25599
raw	zone_wide_door_geometry_v3/robots/r2/rgb/00366.png	ffe225def581b9119923ca73d280e22aca6056e36bfaa6ef5cfb6ce67716dd9b	25599
raw	zone_wide_door_geometry_v3/robots/r2/rgb/00367.png	ffe225def581b9119923ca73d280e22aca6056e36bfaa6ef5cfb6ce67716dd9b	25599
raw	zone_wide_door_geometry_v3/robots/r2/rgb/00368.png	ffe225def581b9119923ca73d280e22aca6056e36bfaa6ef5cfb6ce67716dd9b	25599
raw	zone_wide_door_geometry_v3/robots/r2/rgb/00369.png	ffe225def581b9119923ca73d280e22aca6056e36bfaa6ef5cfb6ce67716dd9b	25599
raw	zone_wide_door_geometry_v3/robots/r2/rgb/00370.png	ffe225def581b9119923ca73d280e22aca6056e36bfaa6ef5cfb6ce67716dd9b	25599
raw	zone_wide_door_geometry_v3/robots/r2/rgb/00371.png	ffe225def581b9119923ca73d280e22aca6056e36bfaa6ef5cfb6ce67716dd9b	25599
raw	zone_wide_door_geometry_v3/robots/r2/rgb/00372.png	ffe225def581b9119923ca73d280e22aca6056e36bfaa6ef5cfb6ce67716dd9b	25599
raw	zone_wide_door_geometry_v3/robots/r2/rgb/00373.png	ffe225def581b9119923ca73d280e22aca6056e36bfaa6ef5cfb6ce67716dd9b	25599
raw	zone_wide_door_geometry_v3/robots/r2/rgb/00374.png	ffe225def581b9119923ca73d280e22aca6056e36bfaa6ef5cfb6ce67716dd9b	25599
raw	zone_wide_door_geometry_v3/robots/r2/rgb/00375.png	ffe225def581b9119923ca73d280e22aca6056e36bfaa6ef5cfb6ce67716dd9b	25599
raw	zone_wide_door_geometry_v3/robots/r2/rgb/00376.png	ffe225def581b9119923ca73d280e22aca6056e36bfaa6ef5cfb6ce67716dd9b	25599
raw	zone_wide_door_geometry_v3/robots/r2/rgb/00377.png	ffe225def581b9119923ca73d280e22aca6056e36bfaa6ef5cfb6ce67716dd9b	25599
raw	zone_wide_door_geometry_v3/robots/r2/rgb/00378.png	ffe225def581b9119923ca73d280e22aca6056e36bfaa6ef5cfb6ce67716dd9b	25599
raw	zone_wide_door_geometry_v3/robots/r2/rgb/00379.png	ffe225def581b9119923ca73d280e22aca6056e36bfaa6ef5cfb6ce67716dd9b	25599
raw	zone_wide_door_geometry_v3/robots/r2/rgb/00380.png	ffe225def581b9119923ca73d280e22aca6056e36bfaa6ef5cfb6ce67716dd9b	25599
raw	zone_wide_door_geometry_v3/robots/r2/rgb/00381.png	ffe225def581b9119923ca73d280e22aca6056e36bfaa6ef5cfb6ce67716dd9b	25599
raw	zone_wide_door_geometry_v3/robots/r2/rgb/00382.png	ffe225def581b9119923ca73d280e22aca6056e36bfaa6ef5cfb6ce67716dd9b	25599
raw	zone_wide_door_geometry_v3/robots/r2/rgb/00383.png	ffe225def581b9119923ca73d280e22aca6056e36bfaa6ef5cfb6ce67716dd9b	25599
raw	zone_wide_door_geometry_v3/robots/r2/rgb/00384.png	ffe225def581b9119923ca73d280e22aca6056e36bfaa6ef5cfb6ce67716dd9b	25599
raw	zone_wide_door_geometry_v3/robots/r2/rgb/00385.png	ffe225def581b9119923ca73d280e22aca6056e36bfaa6ef5cfb6ce67716dd9b	25599
raw	zone_wide_door_geometry_v3/robots/r2/rgb/00386.png	ffe225def581b9119923ca73d280e22aca6056e36bfaa6ef5cfb6ce67716dd9b	25599
raw	zone_wide_door_geometry_v3/robots/r2/rgb/00387.png	ffe225def581b9119923ca73d280e22aca6056e36bfaa6ef5cfb6ce67716dd9b	25599
raw	zone_wide_door_geometry_v3/robots/r2/rgb/00388.png	ffe225def581b9119923ca73d280e22aca6056e36bfaa6ef5cfb6ce67716dd9b	25599
raw	zone_wide_door_geometry_v3/robots/r2/rgb/00389.png	ffe225def581b9119923ca73d280e22aca6056e36bfaa6ef5cfb6ce67716dd9b	25599
raw	zone_wide_door_geometry_v3/robots/r2/rgb/00390.png	ffe225def581b9119923ca73d280e22aca6056e36bfaa6ef5cfb6ce67716dd9b	25599
raw	zone_wide_door_geometry_v3/robots/r2/rgb/00391.png	ffe225def581b9119923ca73d280e22aca6056e36bfaa6ef5cfb6ce67716dd9b	25599
raw	zone_wide_door_geometry_v3/robots/r2/rgb/00392.png	ffe225def581b9119923ca73d280e22aca6056e36bfaa6ef5cfb6ce67716dd9b	25599
raw	zone_wide_door_geometry_v3/robots/r2/rgb/00393.png	ffe225def581b9119923ca73d280e22aca6056e36bfaa6ef5cfb6ce67716dd9b	25599
raw	zone_wide_door_geometry_v3/robots/r2/rgb/00394.png	ffe225def581b9119923ca73d280e22aca6056e36bfaa6ef5cfb6ce67716dd9b	25599
raw	zone_wide_door_geometry_v3/robots/r2/rgb/00395.png	ffe225def581b9119923ca73d280e22aca6056e36bfaa6ef5cfb6ce67716dd9b	25599
raw	zone_wide_door_geometry_v3/robots/r2/rgb/00396.png	ffe225def581b9119923ca73d280e22aca6056e36bfaa6ef5cfb6ce67716dd9b	25599
raw	zone_wide_door_geometry_v3/robots/r2/rgb/00397.png	ffe225def581b9119923ca73d280e22aca6056e36bfaa6ef5cfb6ce67716dd9b	25599
raw	zone_wide_door_geometry_v3/robots/r2/rgb/00398.png	ffe225def581b9119923ca73d280e22aca6056e36bfaa6ef5cfb6ce67716dd9b	25599
raw	zone_wide_door_geometry_v3/robots/r2/rgb/00399.png	ffe225def581b9119923ca73d280e22aca6056e36bfaa6ef5cfb6ce67716dd9b	25599
raw	zone_wide_door_geometry_v3/robots/r2/rgb/00400.png	ffe225def581b9119923ca73d280e22aca6056e36bfaa6ef5cfb6ce67716dd9b	25599
raw	zone_wide_door_geometry_v3/robots/r2/rgb/00401.png	ffe225def581b9119923ca73d280e22aca6056e36bfaa6ef5cfb6ce67716dd9b	25599
raw	zone_wide_door_geometry_v3/robots/r2/rgb/00402.png	ffe225def581b9119923ca73d280e22aca6056e36bfaa6ef5cfb6ce67716dd9b	25599
raw	zone_wide_door_geometry_v3/robots/r2/rgb/00403.png	ffe225def581b9119923ca73d280e22aca6056e36bfaa6ef5cfb6ce67716dd9b	25599
raw	zone_wide_door_geometry_v3/robots/r2/rgb/00404.png	ffe225def581b9119923ca73d280e22aca6056e36bfaa6ef5cfb6ce67716dd9b	25599
raw	zone_wide_door_geometry_v3/robots/r2/rgb/00405.png	ffe225def581b9119923ca73d280e22aca6056e36bfaa6ef5cfb6ce67716dd9b	25599
raw	zone_wide_door_geometry_v3/robots/r2/rgb/00406.png	ffe225def581b9119923ca73d280e22aca6056e36bfaa6ef5cfb6ce67716dd9b	25599
raw	zone_wide_door_geometry_v3/robots/r2/rgb/00407.png	ffe225def581b9119923ca73d280e22aca6056e36bfaa6ef5cfb6ce67716dd9b	25599
raw	zone_wide_door_geometry_v3/robots/r2/rgb/00408.png	ffe225def581b9119923ca73d280e22aca6056e36bfaa6ef5cfb6ce67716dd9b	25599
raw	zone_wide_door_geometry_v3/robots/r2/rgb/00409.png	ffe225def581b9119923ca73d280e22aca6056e36bfaa6ef5cfb6ce67716dd9b	25599
raw	zone_wide_door_geometry_v3/robots/r2/rgb/00410.png	ffe225def581b9119923ca73d280e22aca6056e36bfaa6ef5cfb6ce67716dd9b	25599
raw	zone_wide_door_geometry_v3/robots/r2/rgb/00411.png	ffe225def581b9119923ca73d280e22aca6056e36bfaa6ef5cfb6ce67716dd9b	25599
raw	zone_wide_door_geometry_v3/robots/r2/rgb/00412.png	ffe225def581b9119923ca73d280e22aca6056e36bfaa6ef5cfb6ce67716dd9b	25599
raw	zone_wide_door_geometry_v3/robots/r2/rgb/00413.png	ffe225def581b9119923ca73d280e22aca6056e36bfaa6ef5cfb6ce67716dd9b	25599
raw	zone_wide_door_geometry_v3/robots/r2/rgb/00414.png	ffe225def581b9119923ca73d280e22aca6056e36bfaa6ef5cfb6ce67716dd9b	25599
raw	zone_wide_door_geometry_v3/robots/r2/rgb/00415.png	ffe225def581b9119923ca73d280e22aca6056e36bfaa6ef5cfb6ce67716dd9b	25599
raw	zone_wide_door_geometry_v3/robots/r2/rgb/00416.png	ffe225def581b9119923ca73d280e22aca6056e36bfaa6ef5cfb6ce67716dd9b	25599
raw	zone_wide_door_geometry_v3/robots/r2/rgb/00417.png	ffe225def581b9119923ca73d280e22aca6056e36bfaa6ef5cfb6ce67716dd9b	25599
raw	zone_wide_door_geometry_v3/robots/r2/rgb/00418.png	ffe225def581b9119923ca73d280e22aca6056e36bfaa6ef5cfb6ce67716dd9b	25599
raw	zone_wide_door_geometry_v3/robots/r2/rgb/00419.png	ffe225def581b9119923ca73d280e22aca6056e36bfaa6ef5cfb6ce67716dd9b	25599
raw	zone_wide_door_geometry_v3/robots/r2/rgb/00420.png	ffe225def581b9119923ca73d280e22aca6056e36bfaa6ef5cfb6ce67716dd9b	25599
raw	zone_wide_door_geometry_v3/robots/r2/rgb/00421.png	ffe225def581b9119923ca73d280e22aca6056e36bfaa6ef5cfb6ce67716dd9b	25599
raw	zone_wide_door_geometry_v3/robots/r2/rgb/00422.png	ffe225def581b9119923ca73d280e22aca6056e36bfaa6ef5cfb6ce67716dd9b	25599
raw	zone_wide_door_geometry_v3/robots/r2/rgb/00423.png	ffe225def581b9119923ca73d280e22aca6056e36bfaa6ef5cfb6ce67716dd9b	25599
raw	zone_wide_door_geometry_v3/robots/r2/rgb/00424.png	ffe225def581b9119923ca73d280e22aca6056e36bfaa6ef5cfb6ce67716dd9b	25599
raw	zone_wide_door_geometry_v3/robots/r2/rgb/00425.png	ffe225def581b9119923ca73d280e22aca6056e36bfaa6ef5cfb6ce67716dd9b	25599
raw	zone_wide_door_geometry_v3/robots/r2/rgb/00426.png	ffe225def581b9119923ca73d280e22aca6056e36bfaa6ef5cfb6ce67716dd9b	25599
raw	zone_wide_door_geometry_v3/robots/r2/rgb/00427.png	ffe225def581b9119923ca73d280e22aca6056e36bfaa6ef5cfb6ce67716dd9b	25599
raw	zone_wide_door_geometry_v3/robots/r2/rgb/00428.png	ffe225def581b9119923ca73d280e22aca6056e36bfaa6ef5cfb6ce67716dd9b	25599
raw	zone_wide_door_geometry_v3/robots/r2/rgb/00429.png	ffe225def581b9119923ca73d280e22aca6056e36bfaa6ef5cfb6ce67716dd9b	25599
raw	zone_wide_door_geometry_v3/robots/r2/rgb/00430.png	ffe225def581b9119923ca73d280e22aca6056e36bfaa6ef5cfb6ce67716dd9b	25599
raw	zone_wide_door_geometry_v3/robots/r2/rgb/00431.png	ffe225def581b9119923ca73d280e22aca6056e36bfaa6ef5cfb6ce67716dd9b	25599
raw	zone_wide_door_geometry_v3/robots/r2/rgb/00432.png	ffe225def581b9119923ca73d280e22aca6056e36bfaa6ef5cfb6ce67716dd9b	25599
raw	zone_wide_door_geometry_v3/robots/r2/rgb/00433.png	ffe225def581b9119923ca73d280e22aca6056e36bfaa6ef5cfb6ce67716dd9b	25599
raw	zone_wide_door_geometry_v3/robots/r2/rgb/00434.png	ffe225def581b9119923ca73d280e22aca6056e36bfaa6ef5cfb6ce67716dd9b	25599
raw	zone_wide_door_geometry_v3/robots/r2/rgb/00435.png	ffe225def581b9119923ca73d280e22aca6056e36bfaa6ef5cfb6ce67716dd9b	25599
raw	zone_wide_door_geometry_v3/robots/r2/rgb/00436.png	ffe225def581b9119923ca73d280e22aca6056e36bfaa6ef5cfb6ce67716dd9b	25599
raw	zone_wide_door_geometry_v3/robots/r2/rgb/00437.png	ffe225def581b9119923ca73d280e22aca6056e36bfaa6ef5cfb6ce67716dd9b	25599
raw	zone_wide_door_geometry_v3/robots/r2/rgb/00438.png	ffe225def581b9119923ca73d280e22aca6056e36bfaa6ef5cfb6ce67716dd9b	25599
raw	zone_wide_door_geometry_v3/robots/r2/rgb/00439.png	ffe225def581b9119923ca73d280e22aca6056e36bfaa6ef5cfb6ce67716dd9b	25599
raw	zone_wide_door_geometry_v3/robots/r2/rgb/00440.png	ffe225def581b9119923ca73d280e22aca6056e36bfaa6ef5cfb6ce67716dd9b	25599
raw	zone_wide_door_geometry_v3/robots/r2/rgb/00441.png	ffe225def581b9119923ca73d280e22aca6056e36bfaa6ef5cfb6ce67716dd9b	25599
raw	zone_wide_door_geometry_v3/robots/r2/rgb/00442.png	ffe225def581b9119923ca73d280e22aca6056e36bfaa6ef5cfb6ce67716dd9b	25599
raw	zone_wide_door_geometry_v3/robots/r2/rgb/00443.png	ffe225def581b9119923ca73d280e22aca6056e36bfaa6ef5cfb6ce67716dd9b	25599
raw	zone_wide_door_geometry_v3/robots/r2/rgb/00444.png	ffe225def581b9119923ca73d280e22aca6056e36bfaa6ef5cfb6ce67716dd9b	25599
raw	zone_wide_door_geometry_v3/robots/r2/rgb/00445.png	ffe225def581b9119923ca73d280e22aca6056e36bfaa6ef5cfb6ce67716dd9b	25599
raw	zone_wide_door_geometry_v3/robots/r2/rgb/00446.png	ffe225def581b9119923ca73d280e22aca6056e36bfaa6ef5cfb6ce67716dd9b	25599
raw	zone_wide_door_geometry_v3/robots/r2/rgb/00447.png	ffe225def581b9119923ca73d280e22aca6056e36bfaa6ef5cfb6ce67716dd9b	25599
raw	zone_wide_door_geometry_v3/robots/r2/rgb/00448.png	ffe225def581b9119923ca73d280e22aca6056e36bfaa6ef5cfb6ce67716dd9b	25599
raw	zone_wide_door_geometry_v3/robots/r2/rgb/00449.png	ffe225def581b9119923ca73d280e22aca6056e36bfaa6ef5cfb6ce67716dd9b	25599
raw	zone_wide_door_geometry_v3/robots/r2/rgb/00450.png	ffe225def581b9119923ca73d280e22aca6056e36bfaa6ef5cfb6ce67716dd9b	25599
raw	zone_wide_door_geometry_v3/robots/r2/rgb/00451.png	ffe225def581b9119923ca73d280e22aca6056e36bfaa6ef5cfb6ce67716dd9b	25599
raw	zone_wide_door_geometry_v3/robots/r2/rgb/00452.png	ffe225def581b9119923ca73d280e22aca6056e36bfaa6ef5cfb6ce67716dd9b	25599
raw	zone_wide_door_geometry_v3/robots/r2/rgb/00453.png	ffe225def581b9119923ca73d280e22aca6056e36bfaa6ef5cfb6ce67716dd9b	25599
raw	zone_wide_door_geometry_v3/robots/r2/rgb/00454.png	ffe225def581b9119923ca73d280e22aca6056e36bfaa6ef5cfb6ce67716dd9b	25599
raw	zone_wide_door_geometry_v3/robots/r2/rgb/00455.png	ffe225def581b9119923ca73d280e22aca6056e36bfaa6ef5cfb6ce67716dd9b	25599
raw	zone_wide_door_geometry_v3/robots/r2/rgb/00456.png	ffe225def581b9119923ca73d280e22aca6056e36bfaa6ef5cfb6ce67716dd9b	25599
raw	zone_wide_door_geometry_v3/robots/r2/rgb/00457.png	ffe225def581b9119923ca73d280e22aca6056e36bfaa6ef5cfb6ce67716dd9b	25599
raw	zone_wide_door_geometry_v3/robots/r2/rgb/00458.png	ffe225def581b9119923ca73d280e22aca6056e36bfaa6ef5cfb6ce67716dd9b	25599
raw	zone_wide_door_geometry_v3/robots/r2/rgb/00459.png	ffe225def581b9119923ca73d280e22aca6056e36bfaa6ef5cfb6ce67716dd9b	25599
raw	zone_wide_door_geometry_v3/robots/r2/rgb/00460.png	ffe225def581b9119923ca73d280e22aca6056e36bfaa6ef5cfb6ce67716dd9b	25599
raw	zone_wide_door_geometry_v3/robots/r2/rgb/00461.png	ffe225def581b9119923ca73d280e22aca6056e36bfaa6ef5cfb6ce67716dd9b	25599
raw	zone_wide_door_geometry_v3/robots/r2/rgb/00462.png	ffe225def581b9119923ca73d280e22aca6056e36bfaa6ef5cfb6ce67716dd9b	25599
raw	zone_wide_door_geometry_v3/robots/r2/rgb/00463.png	ffe225def581b9119923ca73d280e22aca6056e36bfaa6ef5cfb6ce67716dd9b	25599
raw	zone_wide_door_geometry_v3/robots/r2/rgb/00464.png	ffe225def581b9119923ca73d280e22aca6056e36bfaa6ef5cfb6ce67716dd9b	25599
raw	zone_wide_door_geometry_v3/robots/r2/rgb/00465.png	ffe225def581b9119923ca73d280e22aca6056e36bfaa6ef5cfb6ce67716dd9b	25599
raw	zone_wide_door_geometry_v3/robots/r2/rgb/00466.png	ffe225def581b9119923ca73d280e22aca6056e36bfaa6ef5cfb6ce67716dd9b	25599
raw	zone_wide_door_geometry_v3/robots/r2/rgb/00467.png	ffe225def581b9119923ca73d280e22aca6056e36bfaa6ef5cfb6ce67716dd9b	25599
raw	zone_wide_door_geometry_v3/robots/r2/rgb/00468.png	ffe225def581b9119923ca73d280e22aca6056e36bfaa6ef5cfb6ce67716dd9b	25599
raw	zone_wide_door_geometry_v3/robots/r2/rgb/00469.png	ffe225def581b9119923ca73d280e22aca6056e36bfaa6ef5cfb6ce67716dd9b	25599
raw	zone_wide_door_geometry_v3/robots/r2/rgb/00470.png	ffe225def581b9119923ca73d280e22aca6056e36bfaa6ef5cfb6ce67716dd9b	25599
raw	zone_wide_door_geometry_v3/robots/r2/rgb/00471.png	ffe225def581b9119923ca73d280e22aca6056e36bfaa6ef5cfb6ce67716dd9b	25599
raw	zone_wide_door_geometry_v3/robots/r2/rgb/00472.png	ffe225def581b9119923ca73d280e22aca6056e36bfaa6ef5cfb6ce67716dd9b	25599
raw	zone_wide_door_geometry_v3/robots/r2/rgb/00473.png	ffe225def581b9119923ca73d280e22aca6056e36bfaa6ef5cfb6ce67716dd9b	25599
raw	zone_wide_door_geometry_v3/robots/r2/rgb/00474.png	ffe225def581b9119923ca73d280e22aca6056e36bfaa6ef5cfb6ce67716dd9b	25599
raw	zone_wide_door_geometry_v3/robots/r2/rgb/00475.png	ffe225def581b9119923ca73d280e22aca6056e36bfaa6ef5cfb6ce67716dd9b	25599
raw	zone_wide_door_geometry_v3/robots/r2/rgb/00476.png	ffe225def581b9119923ca73d280e22aca6056e36bfaa6ef5cfb6ce67716dd9b	25599
raw	zone_wide_door_geometry_v3/robots/r2/rgb/00477.png	ffe225def581b9119923ca73d280e22aca6056e36bfaa6ef5cfb6ce67716dd9b	25599
raw	zone_wide_door_geometry_v3/robots/r2/rgb/00478.png	ffe225def581b9119923ca73d280e22aca6056e36bfaa6ef5cfb6ce67716dd9b	25599
raw	zone_wide_door_geometry_v3/robots/r2/rgb/00479.png	ffe225def581b9119923ca73d280e22aca6056e36bfaa6ef5cfb6ce67716dd9b	25599
raw	zone_wide_door_geometry_v3/robots/r2/rgb/00480.png	ffe225def581b9119923ca73d280e22aca6056e36bfaa6ef5cfb6ce67716dd9b	25599
raw	zone_wide_door_geometry_v3/robots/r2/rgb/00481.png	ffe225def581b9119923ca73d280e22aca6056e36bfaa6ef5cfb6ce67716dd9b	25599
raw	zone_wide_door_geometry_v3/robots/r2/rgb/00482.png	ffe225def581b9119923ca73d280e22aca6056e36bfaa6ef5cfb6ce67716dd9b	25599
raw	zone_wide_door_geometry_v3/robots/r2/rgb/00483.png	ffe225def581b9119923ca73d280e22aca6056e36bfaa6ef5cfb6ce67716dd9b	25599
raw	zone_wide_door_geometry_v3/robots/r2/rgb/00484.png	ffe225def581b9119923ca73d280e22aca6056e36bfaa6ef5cfb6ce67716dd9b	25599
raw	zone_wide_door_geometry_v3/robots/r2/rgb/00485.png	ffe225def581b9119923ca73d280e22aca6056e36bfaa6ef5cfb6ce67716dd9b	25599
raw	zone_wide_door_geometry_v3/robots/r2/rgb/00486.png	ffe225def581b9119923ca73d280e22aca6056e36bfaa6ef5cfb6ce67716dd9b	25599
raw	zone_wide_door_geometry_v3/robots/r2/rgb/00487.png	ffe225def581b9119923ca73d280e22aca6056e36bfaa6ef5cfb6ce67716dd9b	25599
raw	zone_wide_door_geometry_v3/robots/r2/rgb/00488.png	ffe225def581b9119923ca73d280e22aca6056e36bfaa6ef5cfb6ce67716dd9b	25599
raw	zone_wide_door_geometry_v3/robots/r2/rgb/00489.png	ffe225def581b9119923ca73d280e22aca6056e36bfaa6ef5cfb6ce67716dd9b	25599
raw	zone_wide_door_geometry_v3/robots/r2/rgb/00490.png	ffe225def581b9119923ca73d280e22aca6056e36bfaa6ef5cfb6ce67716dd9b	25599
raw	zone_wide_door_geometry_v3/robots/r2/rgb/00491.png	ffe225def581b9119923ca73d280e22aca6056e36bfaa6ef5cfb6ce67716dd9b	25599
raw	zone_wide_door_geometry_v3/robots/r2/rgb/00492.png	ffe225def581b9119923ca73d280e22aca6056e36bfaa6ef5cfb6ce67716dd9b	25599
raw	zone_wide_door_geometry_v3/robots/r2/rgb/00493.png	ffe225def581b9119923ca73d280e22aca6056e36bfaa6ef5cfb6ce67716dd9b	25599
raw	zone_wide_door_geometry_v3/robots/r2/rgb/00494.png	ffe225def581b9119923ca73d280e22aca6056e36bfaa6ef5cfb6ce67716dd9b	25599
raw	zone_wide_door_geometry_v3/robots/r2/rgb/00495.png	ffe225def581b9119923ca73d280e22aca6056e36bfaa6ef5cfb6ce67716dd9b	25599
raw	zone_wide_door_geometry_v3/robots/r2/rgb/00496.png	ffe225def581b9119923ca73d280e22aca6056e36bfaa6ef5cfb6ce67716dd9b	25599
raw	zone_wide_door_geometry_v3/robots/r2/rgb/00497.png	ffe225def581b9119923ca73d280e22aca6056e36bfaa6ef5cfb6ce67716dd9b	25599
raw	zone_wide_door_geometry_v3/robots/r2/rgb/00498.png	ffe225def581b9119923ca73d280e22aca6056e36bfaa6ef5cfb6ce67716dd9b	25599
raw	zone_wide_door_geometry_v3/robots/r2/rgb/00499.png	ffe225def581b9119923ca73d280e22aca6056e36bfaa6ef5cfb6ce67716dd9b	25599
raw	zone_wide_door_geometry_v3/robots/r2/rgb/00500.png	ffe225def581b9119923ca73d280e22aca6056e36bfaa6ef5cfb6ce67716dd9b	25599
raw	zone_wide_door_geometry_v3/robots/r2/rgb/00501.png	ffe225def581b9119923ca73d280e22aca6056e36bfaa6ef5cfb6ce67716dd9b	25599
raw	zone_wide_door_geometry_v3/robots/r2/rgb/00502.png	ffe225def581b9119923ca73d280e22aca6056e36bfaa6ef5cfb6ce67716dd9b	25599
raw	zone_wide_door_geometry_v3/robots/r2/rgb/00503.png	ffe225def581b9119923ca73d280e22aca6056e36bfaa6ef5cfb6ce67716dd9b	25599
raw	zone_wide_door_geometry_v3/robots/r2/rgb/00504.png	ffe225def581b9119923ca73d280e22aca6056e36bfaa6ef5cfb6ce67716dd9b	25599
raw	zone_wide_door_geometry_v3/robots/r2/rgb/00505.png	ffe225def581b9119923ca73d280e22aca6056e36bfaa6ef5cfb6ce67716dd9b	25599
raw	zone_wide_door_geometry_v3/robots/r2/rgb/00506.png	ffe225def581b9119923ca73d280e22aca6056e36bfaa6ef5cfb6ce67716dd9b	25599
raw	zone_wide_door_geometry_v3/robots/r2/rgb/00507.png	ffe225def581b9119923ca73d280e22aca6056e36bfaa6ef5cfb6ce67716dd9b	25599
raw	zone_wide_door_geometry_v3/robots/r2/rgb/00508.png	ffe225def581b9119923ca73d280e22aca6056e36bfaa6ef5cfb6ce67716dd9b	25599
raw	zone_wide_door_geometry_v3/robots/r2/rgb/00509.png	ffe225def581b9119923ca73d280e22aca6056e36bfaa6ef5cfb6ce67716dd9b	25599
raw	zone_wide_door_geometry_v3/robots/r2/rgb/00510.png	ffe225def581b9119923ca73d280e22aca6056e36bfaa6ef5cfb6ce67716dd9b	25599
raw	zone_wide_door_geometry_v3/robots/r2/rgb/00511.png	ffe225def581b9119923ca73d280e22aca6056e36bfaa6ef5cfb6ce67716dd9b	25599
raw	zone_wide_door_geometry_v3/robots/r2/rgb/00512.png	ffe225def581b9119923ca73d280e22aca6056e36bfaa6ef5cfb6ce67716dd9b	25599
raw	zone_wide_door_geometry_v3/robots/r2/rgb/00513.png	ffe225def581b9119923ca73d280e22aca6056e36bfaa6ef5cfb6ce67716dd9b	25599
raw	zone_wide_door_geometry_v3/robots/r2/rgb/00514.png	ffe225def581b9119923ca73d280e22aca6056e36bfaa6ef5cfb6ce67716dd9b	25599
raw	zone_wide_door_geometry_v3/robots/r2/rgb/00515.png	ffe225def581b9119923ca73d280e22aca6056e36bfaa6ef5cfb6ce67716dd9b	25599
raw	zone_wide_door_geometry_v3/robots/r2/rgb/00516.png	ffe225def581b9119923ca73d280e22aca6056e36bfaa6ef5cfb6ce67716dd9b	25599
raw	zone_wide_door_geometry_v3/robots/r2/rgb/00517.png	ffe225def581b9119923ca73d280e22aca6056e36bfaa6ef5cfb6ce67716dd9b	25599
raw	zone_wide_door_geometry_v3/robots/r2/rgb/00518.png	ffe225def581b9119923ca73d280e22aca6056e36bfaa6ef5cfb6ce67716dd9b	25599
raw	zone_wide_door_geometry_v3/robots/r2/rgb/00519.png	ffe225def581b9119923ca73d280e22aca6056e36bfaa6ef5cfb6ce67716dd9b	25599
raw	zone_wide_door_geometry_v3/robots/r2/rgb/00520.png	ffe225def581b9119923ca73d280e22aca6056e36bfaa6ef5cfb6ce67716dd9b	25599
raw	zone_wide_door_geometry_v3/robots/r2/rgb/00521.png	ffe225def581b9119923ca73d280e22aca6056e36bfaa6ef5cfb6ce67716dd9b	25599
raw	zone_wide_door_geometry_v3/robots/r2/rgb/00522.png	ffe225def581b9119923ca73d280e22aca6056e36bfaa6ef5cfb6ce67716dd9b	25599
raw	zone_wide_door_geometry_v3/robots/r2/rgb/00523.png	ffe225def581b9119923ca73d280e22aca6056e36bfaa6ef5cfb6ce67716dd9b	25599
raw	zone_wide_door_geometry_v3/robots/r2/rgb/00524.png	ffe225def581b9119923ca73d280e22aca6056e36bfaa6ef5cfb6ce67716dd9b	25599
raw	zone_wide_door_geometry_v3/robots/r2/rgb/00525.png	ffe225def581b9119923ca73d280e22aca6056e36bfaa6ef5cfb6ce67716dd9b	25599
raw	zone_wide_door_geometry_v3/robots/r2/rgb/00526.png	ffe225def581b9119923ca73d280e22aca6056e36bfaa6ef5cfb6ce67716dd9b	25599
raw	zone_wide_door_geometry_v3/robots/r2/rgb/00527.png	ffe225def581b9119923ca73d280e22aca6056e36bfaa6ef5cfb6ce67716dd9b	25599
raw	zone_wide_door_geometry_v3/robots/r2/rgb/00528.png	ffe225def581b9119923ca73d280e22aca6056e36bfaa6ef5cfb6ce67716dd9b	25599
raw	zone_wide_door_geometry_v3/robots/r2/rgb/00529.png	ffe225def581b9119923ca73d280e22aca6056e36bfaa6ef5cfb6ce67716dd9b	25599
raw	zone_wide_door_geometry_v3/robots/r2/rgb/00530.png	ffe225def581b9119923ca73d280e22aca6056e36bfaa6ef5cfb6ce67716dd9b	25599
raw	zone_wide_door_geometry_v3/robots/r2/rgb/00531.png	ffe225def581b9119923ca73d280e22aca6056e36bfaa6ef5cfb6ce67716dd9b	25599
raw	zone_wide_door_geometry_v3/robots/r2/rgb/00532.png	ffe225def581b9119923ca73d280e22aca6056e36bfaa6ef5cfb6ce67716dd9b	25599
raw	zone_wide_door_geometry_v3/robots/r2/rgb/00533.png	ffe225def581b9119923ca73d280e22aca6056e36bfaa6ef5cfb6ce67716dd9b	25599
raw	zone_wide_door_geometry_v3/robots/r2/rgb/00534.png	ffe225def581b9119923ca73d280e22aca6056e36bfaa6ef5cfb6ce67716dd9b	25599
raw	zone_wide_door_geometry_v3/robots/r2/rgb/00535.png	ffe225def581b9119923ca73d280e22aca6056e36bfaa6ef5cfb6ce67716dd9b	25599
raw	zone_wide_door_geometry_v3/robots/r2/rgb/00536.png	ffe225def581b9119923ca73d280e22aca6056e36bfaa6ef5cfb6ce67716dd9b	25599
raw	zone_wide_door_geometry_v3/robots/r2/rgb/00537.png	ffe225def581b9119923ca73d280e22aca6056e36bfaa6ef5cfb6ce67716dd9b	25599
raw	zone_wide_door_geometry_v3/robots/r2/rgb/00538.png	ffe225def581b9119923ca73d280e22aca6056e36bfaa6ef5cfb6ce67716dd9b	25599
raw	zone_wide_door_geometry_v3/robots/r2/rgb/00539.png	ffe225def581b9119923ca73d280e22aca6056e36bfaa6ef5cfb6ce67716dd9b	25599
raw	zone_wide_door_geometry_v3/robots/r2/rgb/00540.png	ffe225def581b9119923ca73d280e22aca6056e36bfaa6ef5cfb6ce67716dd9b	25599
raw	zone_wide_door_geometry_v3/robots/r2/rgb/00541.png	ffe225def581b9119923ca73d280e22aca6056e36bfaa6ef5cfb6ce67716dd9b	25599
raw	zone_wide_door_geometry_v3/robots/r2/rgb/00542.png	ffe225def581b9119923ca73d280e22aca6056e36bfaa6ef5cfb6ce67716dd9b	25599
raw	zone_wide_door_geometry_v3/robots/r2/rgb/00543.png	ffe225def581b9119923ca73d280e22aca6056e36bfaa6ef5cfb6ce67716dd9b	25599
raw	zone_wide_door_geometry_v3/robots/r2/rgb/00544.png	ffe225def581b9119923ca73d280e22aca6056e36bfaa6ef5cfb6ce67716dd9b	25599
raw	zone_wide_door_geometry_v3/robots/r2/rgb/00545.png	ffe225def581b9119923ca73d280e22aca6056e36bfaa6ef5cfb6ce67716dd9b	25599
raw	zone_wide_door_geometry_v3/robots/r2/rgb/00546.png	ffe225def581b9119923ca73d280e22aca6056e36bfaa6ef5cfb6ce67716dd9b	25599
raw	zone_wide_door_geometry_v3/robots/r2/rgb/00547.png	ffe225def581b9119923ca73d280e22aca6056e36bfaa6ef5cfb6ce67716dd9b	25599
raw	zone_wide_door_geometry_v3/robots/r2/rgb/00548.png	ffe225def581b9119923ca73d280e22aca6056e36bfaa6ef5cfb6ce67716dd9b	25599
raw	zone_wide_door_geometry_v3/robots/r2/rgb/00549.png	ffe225def581b9119923ca73d280e22aca6056e36bfaa6ef5cfb6ce67716dd9b	25599
raw	zone_wide_door_geometry_v3/robots/r2/rgb/00550.png	ffe225def581b9119923ca73d280e22aca6056e36bfaa6ef5cfb6ce67716dd9b	25599
raw	zone_wide_door_geometry_v3/robots/r2/rgb/00551.png	ffe225def581b9119923ca73d280e22aca6056e36bfaa6ef5cfb6ce67716dd9b	25599
raw	zone_wide_door_geometry_v3/robots/r2/rgb/00552.png	ffe225def581b9119923ca73d280e22aca6056e36bfaa6ef5cfb6ce67716dd9b	25599
raw	zone_wide_door_geometry_v3/robots/r2/rgb/00553.png	ffe225def581b9119923ca73d280e22aca6056e36bfaa6ef5cfb6ce67716dd9b	25599
raw	zone_wide_door_geometry_v3/robots/r2/rgb/00554.png	ffe225def581b9119923ca73d280e22aca6056e36bfaa6ef5cfb6ce67716dd9b	25599
raw	zone_wide_door_geometry_v3/robots/r2/rgb/00555.png	ffe225def581b9119923ca73d280e22aca6056e36bfaa6ef5cfb6ce67716dd9b	25599
raw	zone_wide_door_geometry_v3/robots/r2/rgb/00556.png	ffe225def581b9119923ca73d280e22aca6056e36bfaa6ef5cfb6ce67716dd9b	25599
raw	zone_wide_door_geometry_v3/robots/r2/rgb/00557.png	ffe225def581b9119923ca73d280e22aca6056e36bfaa6ef5cfb6ce67716dd9b	25599
raw	zone_wide_door_geometry_v3/robots/r2/rgb/00558.png	ffe225def581b9119923ca73d280e22aca6056e36bfaa6ef5cfb6ce67716dd9b	25599
raw	zone_wide_door_geometry_v3/robots/r2/rgb/00559.png	ffe225def581b9119923ca73d280e22aca6056e36bfaa6ef5cfb6ce67716dd9b	25599
raw	zone_wide_door_geometry_v3/robots/r2/rgb/00560.png	ffe225def581b9119923ca73d280e22aca6056e36bfaa6ef5cfb6ce67716dd9b	25599
raw	zone_wide_door_geometry_v3/robots/r2/rgb/00561.png	ffe225def581b9119923ca73d280e22aca6056e36bfaa6ef5cfb6ce67716dd9b	25599
raw	zone_wide_door_geometry_v3/robots/r2/rgb/00562.png	ffe225def581b9119923ca73d280e22aca6056e36bfaa6ef5cfb6ce67716dd9b	25599
raw	zone_wide_door_geometry_v3/robots/r2/rgb/00563.png	ffe225def581b9119923ca73d280e22aca6056e36bfaa6ef5cfb6ce67716dd9b	25599
raw	zone_wide_door_geometry_v3/robots/r2/rgb/00564.png	ffe225def581b9119923ca73d280e22aca6056e36bfaa6ef5cfb6ce67716dd9b	25599
raw	zone_wide_door_geometry_v3/robots/r2/rgb/00565.png	ffe225def581b9119923ca73d280e22aca6056e36bfaa6ef5cfb6ce67716dd9b	25599
raw	zone_wide_door_geometry_v3/robots/r2/rgb/00566.png	ffe225def581b9119923ca73d280e22aca6056e36bfaa6ef5cfb6ce67716dd9b	25599
raw	zone_wide_door_geometry_v3/robots/r2/rgb/00567.png	ffe225def581b9119923ca73d280e22aca6056e36bfaa6ef5cfb6ce67716dd9b	25599
raw	zone_wide_door_geometry_v3/robots/r2/rgb/00568.png	ffe225def581b9119923ca73d280e22aca6056e36bfaa6ef5cfb6ce67716dd9b	25599
raw	zone_wide_door_geometry_v3/robots/r2/rgb/00569.png	ffe225def581b9119923ca73d280e22aca6056e36bfaa6ef5cfb6ce67716dd9b	25599
raw	zone_wide_door_geometry_v3/robots/r2/rgb/00570.png	ffe225def581b9119923ca73d280e22aca6056e36bfaa6ef5cfb6ce67716dd9b	25599
raw	zone_wide_door_geometry_v3/robots/r2/rgb/00571.png	ffe225def581b9119923ca73d280e22aca6056e36bfaa6ef5cfb6ce67716dd9b	25599
raw	zone_wide_door_geometry_v3/robots/r2/rgb/00572.png	ffe225def581b9119923ca73d280e22aca6056e36bfaa6ef5cfb6ce67716dd9b	25599
raw	zone_wide_door_geometry_v3/robots/r2/rgb/00573.png	ffe225def581b9119923ca73d280e22aca6056e36bfaa6ef5cfb6ce67716dd9b	25599
raw	zone_wide_door_geometry_v3/robots/r2/rgb/00574.png	ffe225def581b9119923ca73d280e22aca6056e36bfaa6ef5cfb6ce67716dd9b	25599
raw	zone_wide_door_geometry_v3/robots/r2/rgb/00575.png	ffe225def581b9119923ca73d280e22aca6056e36bfaa6ef5cfb6ce67716dd9b	25599
raw	zone_wide_door_geometry_v3/robots/r2/rgb/00576.png	ffe225def581b9119923ca73d280e22aca6056e36bfaa6ef5cfb6ce67716dd9b	25599
raw	zone_wide_door_geometry_v3/robots/r2/rgb/00577.png	ffe225def581b9119923ca73d280e22aca6056e36bfaa6ef5cfb6ce67716dd9b	25599
raw	zone_wide_door_geometry_v3/robots/r2/rgb/00578.png	ffe225def581b9119923ca73d280e22aca6056e36bfaa6ef5cfb6ce67716dd9b	25599
raw	zone_wide_door_geometry_v3/robots/r2/rgb/00579.png	ffe225def581b9119923ca73d280e22aca6056e36bfaa6ef5cfb6ce67716dd9b	25599
raw	zone_wide_door_geometry_v3/robots/r2/rgb/00580.png	ffe225def581b9119923ca73d280e22aca6056e36bfaa6ef5cfb6ce67716dd9b	25599
raw	zone_wide_door_geometry_v3/robots/r2/rgb/00581.png	ffe225def581b9119923ca73d280e22aca6056e36bfaa6ef5cfb6ce67716dd9b	25599
raw	zone_wide_door_geometry_v3/robots/r2/rgb/00582.png	ffe225def581b9119923ca73d280e22aca6056e36bfaa6ef5cfb6ce67716dd9b	25599
raw	zone_wide_door_geometry_v3/robots/r2/rgb/00583.png	ffe225def581b9119923ca73d280e22aca6056e36bfaa6ef5cfb6ce67716dd9b	25599
raw	zone_wide_door_geometry_v3/robots/r2/rgb/00584.png	ffe225def581b9119923ca73d280e22aca6056e36bfaa6ef5cfb6ce67716dd9b	25599
raw	zone_wide_door_geometry_v3/robots/r2/rgb/00585.png	ffe225def581b9119923ca73d280e22aca6056e36bfaa6ef5cfb6ce67716dd9b	25599
raw	zone_wide_door_geometry_v3/robots/r2/rgb/00586.png	ffe225def581b9119923ca73d280e22aca6056e36bfaa6ef5cfb6ce67716dd9b	25599
raw	zone_wide_door_geometry_v3/robots/r2/rgb/00587.png	ffe225def581b9119923ca73d280e22aca6056e36bfaa6ef5cfb6ce67716dd9b	25599
raw	zone_wide_door_geometry_v3/robots/r2/rgb/00588.png	ffe225def581b9119923ca73d280e22aca6056e36bfaa6ef5cfb6ce67716dd9b	25599
raw	zone_wide_door_geometry_v3/robots/r2/rgb/00589.png	ffe225def581b9119923ca73d280e22aca6056e36bfaa6ef5cfb6ce67716dd9b	25599
raw	zone_wide_door_geometry_v3/robots/r2/rgb/00590.png	ffe225def581b9119923ca73d280e22aca6056e36bfaa6ef5cfb6ce67716dd9b	25599
raw	zone_wide_door_geometry_v3/robots/r2/rgb/00591.png	ffe225def581b9119923ca73d280e22aca6056e36bfaa6ef5cfb6ce67716dd9b	25599
raw	zone_wide_door_geometry_v3/robots/r2/rgb/00592.png	ffe225def581b9119923ca73d280e22aca6056e36bfaa6ef5cfb6ce67716dd9b	25599
raw	zone_wide_door_geometry_v3/robots/r2/rgb/00593.png	ffe225def581b9119923ca73d280e22aca6056e36bfaa6ef5cfb6ce67716dd9b	25599
raw	zone_wide_door_geometry_v3/robots/r2/rgb/00594.png	ffe225def581b9119923ca73d280e22aca6056e36bfaa6ef5cfb6ce67716dd9b	25599
raw	zone_wide_door_geometry_v3/robots/r2/rgb/00595.png	ffe225def581b9119923ca73d280e22aca6056e36bfaa6ef5cfb6ce67716dd9b	25599
raw	zone_wide_door_geometry_v3/robots/r2/rgb/00596.png	ffe225def581b9119923ca73d280e22aca6056e36bfaa6ef5cfb6ce67716dd9b	25599
raw	zone_wide_door_geometry_v3/robots/r2/rgb/00597.png	ffe225def581b9119923ca73d280e22aca6056e36bfaa6ef5cfb6ce67716dd9b	25599
raw	zone_wide_door_geometry_v3/robots/r2/rgb/00598.png	ffe225def581b9119923ca73d280e22aca6056e36bfaa6ef5cfb6ce67716dd9b	25599
raw	zone_wide_door_geometry_v3/robots/r2/rgb/00599.png	ffe225def581b9119923ca73d280e22aca6056e36bfaa6ef5cfb6ce67716dd9b	25599
raw	zone_wide_door_geometry_v3/robots/r2/rgb/00600.png	ffe225def581b9119923ca73d280e22aca6056e36bfaa6ef5cfb6ce67716dd9b	25599
raw	zone_wide_door_geometry_v3/robots/r3/commands.jsonl	59ef962b8289ac4164dd6eb6aa75514b8235ca1e2a8e6b6ecfdda043c7970f23	125
raw	zone_wide_door_geometry_v3/robots/r3/frames.jsonl	d57250d547cda92e8060bd236dd5d875135adc4fe47a54e5e58b4b32bf5a3a11	152100
raw	zone_wide_door_geometry_v3/robots/r3/rgb/00000.png	c5d90b39bf2d69ded4556152d44a701c9c2baf73ec7b4b9a94ceeb26ae7b60e1	27950
raw	zone_wide_door_geometry_v3/robots/r3/rgb/00001.png	c5d90b39bf2d69ded4556152d44a701c9c2baf73ec7b4b9a94ceeb26ae7b60e1	27950
raw	zone_wide_door_geometry_v3/robots/r3/rgb/00002.png	c5d90b39bf2d69ded4556152d44a701c9c2baf73ec7b4b9a94ceeb26ae7b60e1	27950
raw	zone_wide_door_geometry_v3/robots/r3/rgb/00003.png	c5d90b39bf2d69ded4556152d44a701c9c2baf73ec7b4b9a94ceeb26ae7b60e1	27950
raw	zone_wide_door_geometry_v3/robots/r3/rgb/00004.png	c5d90b39bf2d69ded4556152d44a701c9c2baf73ec7b4b9a94ceeb26ae7b60e1	27950
raw	zone_wide_door_geometry_v3/robots/r3/rgb/00005.png	c5d90b39bf2d69ded4556152d44a701c9c2baf73ec7b4b9a94ceeb26ae7b60e1	27950
raw	zone_wide_door_geometry_v3/robots/r3/rgb/00006.png	c5d90b39bf2d69ded4556152d44a701c9c2baf73ec7b4b9a94ceeb26ae7b60e1	27950
raw	zone_wide_door_geometry_v3/robots/r3/rgb/00007.png	c5d90b39bf2d69ded4556152d44a701c9c2baf73ec7b4b9a94ceeb26ae7b60e1	27950
raw	zone_wide_door_geometry_v3/robots/r3/rgb/00008.png	c5d90b39bf2d69ded4556152d44a701c9c2baf73ec7b4b9a94ceeb26ae7b60e1	27950
raw	zone_wide_door_geometry_v3/robots/r3/rgb/00009.png	c5d90b39bf2d69ded4556152d44a701c9c2baf73ec7b4b9a94ceeb26ae7b60e1	27950
raw	zone_wide_door_geometry_v3/robots/r3/rgb/00010.png	c5d90b39bf2d69ded4556152d44a701c9c2baf73ec7b4b9a94ceeb26ae7b60e1	27950
raw	zone_wide_door_geometry_v3/robots/r3/rgb/00011.png	c5d90b39bf2d69ded4556152d44a701c9c2baf73ec7b4b9a94ceeb26ae7b60e1	27950
raw	zone_wide_door_geometry_v3/robots/r3/rgb/00012.png	c5d90b39bf2d69ded4556152d44a701c9c2baf73ec7b4b9a94ceeb26ae7b60e1	27950
raw	zone_wide_door_geometry_v3/robots/r3/rgb/00013.png	c5d90b39bf2d69ded4556152d44a701c9c2baf73ec7b4b9a94ceeb26ae7b60e1	27950
raw	zone_wide_door_geometry_v3/robots/r3/rgb/00014.png	c5d90b39bf2d69ded4556152d44a701c9c2baf73ec7b4b9a94ceeb26ae7b60e1	27950
raw	zone_wide_door_geometry_v3/robots/r3/rgb/00015.png	c5d90b39bf2d69ded4556152d44a701c9c2baf73ec7b4b9a94ceeb26ae7b60e1	27950
raw	zone_wide_door_geometry_v3/robots/r3/rgb/00016.png	c5d90b39bf2d69ded4556152d44a701c9c2baf73ec7b4b9a94ceeb26ae7b60e1	27950
raw	zone_wide_door_geometry_v3/robots/r3/rgb/00017.png	c5d90b39bf2d69ded4556152d44a701c9c2baf73ec7b4b9a94ceeb26ae7b60e1	27950
raw	zone_wide_door_geometry_v3/robots/r3/rgb/00018.png	c5d90b39bf2d69ded4556152d44a701c9c2baf73ec7b4b9a94ceeb26ae7b60e1	27950
raw	zone_wide_door_geometry_v3/robots/r3/rgb/00019.png	c5d90b39bf2d69ded4556152d44a701c9c2baf73ec7b4b9a94ceeb26ae7b60e1	27950
raw	zone_wide_door_geometry_v3/robots/r3/rgb/00020.png	c5d90b39bf2d69ded4556152d44a701c9c2baf73ec7b4b9a94ceeb26ae7b60e1	27950
raw	zone_wide_door_geometry_v3/robots/r3/rgb/00021.png	c5d90b39bf2d69ded4556152d44a701c9c2baf73ec7b4b9a94ceeb26ae7b60e1	27950
raw	zone_wide_door_geometry_v3/robots/r3/rgb/00022.png	c5d90b39bf2d69ded4556152d44a701c9c2baf73ec7b4b9a94ceeb26ae7b60e1	27950
raw	zone_wide_door_geometry_v3/robots/r3/rgb/00023.png	c5d90b39bf2d69ded4556152d44a701c9c2baf73ec7b4b9a94ceeb26ae7b60e1	27950
raw	zone_wide_door_geometry_v3/robots/r3/rgb/00024.png	c5d90b39bf2d69ded4556152d44a701c9c2baf73ec7b4b9a94ceeb26ae7b60e1	27950
raw	zone_wide_door_geometry_v3/robots/r3/rgb/00025.png	c5d90b39bf2d69ded4556152d44a701c9c2baf73ec7b4b9a94ceeb26ae7b60e1	27950
raw	zone_wide_door_geometry_v3/robots/r3/rgb/00026.png	c5d90b39bf2d69ded4556152d44a701c9c2baf73ec7b4b9a94ceeb26ae7b60e1	27950
raw	zone_wide_door_geometry_v3/robots/r3/rgb/00027.png	c5d90b39bf2d69ded4556152d44a701c9c2baf73ec7b4b9a94ceeb26ae7b60e1	27950
raw	zone_wide_door_geometry_v3/robots/r3/rgb/00028.png	c5d90b39bf2d69ded4556152d44a701c9c2baf73ec7b4b9a94ceeb26ae7b60e1	27950
raw	zone_wide_door_geometry_v3/robots/r3/rgb/00029.png	c5d90b39bf2d69ded4556152d44a701c9c2baf73ec7b4b9a94ceeb26ae7b60e1	27950
raw	zone_wide_door_geometry_v3/robots/r3/rgb/00030.png	c5d90b39bf2d69ded4556152d44a701c9c2baf73ec7b4b9a94ceeb26ae7b60e1	27950
raw	zone_wide_door_geometry_v3/robots/r3/rgb/00031.png	c5d90b39bf2d69ded4556152d44a701c9c2baf73ec7b4b9a94ceeb26ae7b60e1	27950
raw	zone_wide_door_geometry_v3/robots/r3/rgb/00032.png	c5d90b39bf2d69ded4556152d44a701c9c2baf73ec7b4b9a94ceeb26ae7b60e1	27950
raw	zone_wide_door_geometry_v3/robots/r3/rgb/00033.png	c5d90b39bf2d69ded4556152d44a701c9c2baf73ec7b4b9a94ceeb26ae7b60e1	27950
raw	zone_wide_door_geometry_v3/robots/r3/rgb/00034.png	c5d90b39bf2d69ded4556152d44a701c9c2baf73ec7b4b9a94ceeb26ae7b60e1	27950
raw	zone_wide_door_geometry_v3/robots/r3/rgb/00035.png	c5d90b39bf2d69ded4556152d44a701c9c2baf73ec7b4b9a94ceeb26ae7b60e1	27950
raw	zone_wide_door_geometry_v3/robots/r3/rgb/00036.png	c5d90b39bf2d69ded4556152d44a701c9c2baf73ec7b4b9a94ceeb26ae7b60e1	27950
raw	zone_wide_door_geometry_v3/robots/r3/rgb/00037.png	c5d90b39bf2d69ded4556152d44a701c9c2baf73ec7b4b9a94ceeb26ae7b60e1	27950
raw	zone_wide_door_geometry_v3/robots/r3/rgb/00038.png	c5d90b39bf2d69ded4556152d44a701c9c2baf73ec7b4b9a94ceeb26ae7b60e1	27950
raw	zone_wide_door_geometry_v3/robots/r3/rgb/00039.png	c5d90b39bf2d69ded4556152d44a701c9c2baf73ec7b4b9a94ceeb26ae7b60e1	27950
raw	zone_wide_door_geometry_v3/robots/r3/rgb/00040.png	c5d90b39bf2d69ded4556152d44a701c9c2baf73ec7b4b9a94ceeb26ae7b60e1	27950
raw	zone_wide_door_geometry_v3/robots/r3/rgb/00041.png	c5d90b39bf2d69ded4556152d44a701c9c2baf73ec7b4b9a94ceeb26ae7b60e1	27950
raw	zone_wide_door_geometry_v3/robots/r3/rgb/00042.png	c5d90b39bf2d69ded4556152d44a701c9c2baf73ec7b4b9a94ceeb26ae7b60e1	27950
raw	zone_wide_door_geometry_v3/robots/r3/rgb/00043.png	c5d90b39bf2d69ded4556152d44a701c9c2baf73ec7b4b9a94ceeb26ae7b60e1	27950
raw	zone_wide_door_geometry_v3/robots/r3/rgb/00044.png	c5d90b39bf2d69ded4556152d44a701c9c2baf73ec7b4b9a94ceeb26ae7b60e1	27950
raw	zone_wide_door_geometry_v3/robots/r3/rgb/00045.png	c5d90b39bf2d69ded4556152d44a701c9c2baf73ec7b4b9a94ceeb26ae7b60e1	27950
raw	zone_wide_door_geometry_v3/robots/r3/rgb/00046.png	c5d90b39bf2d69ded4556152d44a701c9c2baf73ec7b4b9a94ceeb26ae7b60e1	27950
raw	zone_wide_door_geometry_v3/robots/r3/rgb/00047.png	c5d90b39bf2d69ded4556152d44a701c9c2baf73ec7b4b9a94ceeb26ae7b60e1	27950
raw	zone_wide_door_geometry_v3/robots/r3/rgb/00048.png	c5d90b39bf2d69ded4556152d44a701c9c2baf73ec7b4b9a94ceeb26ae7b60e1	27950
raw	zone_wide_door_geometry_v3/robots/r3/rgb/00049.png	c5d90b39bf2d69ded4556152d44a701c9c2baf73ec7b4b9a94ceeb26ae7b60e1	27950
raw	zone_wide_door_geometry_v3/robots/r3/rgb/00050.png	c5d90b39bf2d69ded4556152d44a701c9c2baf73ec7b4b9a94ceeb26ae7b60e1	27950
raw	zone_wide_door_geometry_v3/robots/r3/rgb/00051.png	c5d90b39bf2d69ded4556152d44a701c9c2baf73ec7b4b9a94ceeb26ae7b60e1	27950
raw	zone_wide_door_geometry_v3/robots/r3/rgb/00052.png	c5d90b39bf2d69ded4556152d44a701c9c2baf73ec7b4b9a94ceeb26ae7b60e1	27950
raw	zone_wide_door_geometry_v3/robots/r3/rgb/00053.png	c5d90b39bf2d69ded4556152d44a701c9c2baf73ec7b4b9a94ceeb26ae7b60e1	27950
raw	zone_wide_door_geometry_v3/robots/r3/rgb/00054.png	c5d90b39bf2d69ded4556152d44a701c9c2baf73ec7b4b9a94ceeb26ae7b60e1	27950
raw	zone_wide_door_geometry_v3/robots/r3/rgb/00055.png	c5d90b39bf2d69ded4556152d44a701c9c2baf73ec7b4b9a94ceeb26ae7b60e1	27950
raw	zone_wide_door_geometry_v3/robots/r3/rgb/00056.png	c5d90b39bf2d69ded4556152d44a701c9c2baf73ec7b4b9a94ceeb26ae7b60e1	27950
raw	zone_wide_door_geometry_v3/robots/r3/rgb/00057.png	c5d90b39bf2d69ded4556152d44a701c9c2baf73ec7b4b9a94ceeb26ae7b60e1	27950
raw	zone_wide_door_geometry_v3/robots/r3/rgb/00058.png	c5d90b39bf2d69ded4556152d44a701c9c2baf73ec7b4b9a94ceeb26ae7b60e1	27950
raw	zone_wide_door_geometry_v3/robots/r3/rgb/00059.png	c5d90b39bf2d69ded4556152d44a701c9c2baf73ec7b4b9a94ceeb26ae7b60e1	27950
raw	zone_wide_door_geometry_v3/robots/r3/rgb/00060.png	c5d90b39bf2d69ded4556152d44a701c9c2baf73ec7b4b9a94ceeb26ae7b60e1	27950
raw	zone_wide_door_geometry_v3/robots/r3/rgb/00061.png	c5d90b39bf2d69ded4556152d44a701c9c2baf73ec7b4b9a94ceeb26ae7b60e1	27950
raw	zone_wide_door_geometry_v3/robots/r3/rgb/00062.png	c5d90b39bf2d69ded4556152d44a701c9c2baf73ec7b4b9a94ceeb26ae7b60e1	27950
raw	zone_wide_door_geometry_v3/robots/r3/rgb/00063.png	c5d90b39bf2d69ded4556152d44a701c9c2baf73ec7b4b9a94ceeb26ae7b60e1	27950
raw	zone_wide_door_geometry_v3/robots/r3/rgb/00064.png	c5d90b39bf2d69ded4556152d44a701c9c2baf73ec7b4b9a94ceeb26ae7b60e1	27950
raw	zone_wide_door_geometry_v3/robots/r3/rgb/00065.png	c5d90b39bf2d69ded4556152d44a701c9c2baf73ec7b4b9a94ceeb26ae7b60e1	27950
raw	zone_wide_door_geometry_v3/robots/r3/rgb/00066.png	c5d90b39bf2d69ded4556152d44a701c9c2baf73ec7b4b9a94ceeb26ae7b60e1	27950
raw	zone_wide_door_geometry_v3/robots/r3/rgb/00067.png	c5d90b39bf2d69ded4556152d44a701c9c2baf73ec7b4b9a94ceeb26ae7b60e1	27950
raw	zone_wide_door_geometry_v3/robots/r3/rgb/00068.png	c5d90b39bf2d69ded4556152d44a701c9c2baf73ec7b4b9a94ceeb26ae7b60e1	27950
raw	zone_wide_door_geometry_v3/robots/r3/rgb/00069.png	c5d90b39bf2d69ded4556152d44a701c9c2baf73ec7b4b9a94ceeb26ae7b60e1	27950
raw	zone_wide_door_geometry_v3/robots/r3/rgb/00070.png	c5d90b39bf2d69ded4556152d44a701c9c2baf73ec7b4b9a94ceeb26ae7b60e1	27950
raw	zone_wide_door_geometry_v3/robots/r3/rgb/00071.png	c5d90b39bf2d69ded4556152d44a701c9c2baf73ec7b4b9a94ceeb26ae7b60e1	27950
raw	zone_wide_door_geometry_v3/robots/r3/rgb/00072.png	c5d90b39bf2d69ded4556152d44a701c9c2baf73ec7b4b9a94ceeb26ae7b60e1	27950
raw	zone_wide_door_geometry_v3/robots/r3/rgb/00073.png	c5d90b39bf2d69ded4556152d44a701c9c2baf73ec7b4b9a94ceeb26ae7b60e1	27950
raw	zone_wide_door_geometry_v3/robots/r3/rgb/00074.png	c5d90b39bf2d69ded4556152d44a701c9c2baf73ec7b4b9a94ceeb26ae7b60e1	27950
raw	zone_wide_door_geometry_v3/robots/r3/rgb/00075.png	c5d90b39bf2d69ded4556152d44a701c9c2baf73ec7b4b9a94ceeb26ae7b60e1	27950
raw	zone_wide_door_geometry_v3/robots/r3/rgb/00076.png	c5d90b39bf2d69ded4556152d44a701c9c2baf73ec7b4b9a94ceeb26ae7b60e1	27950
raw	zone_wide_door_geometry_v3/robots/r3/rgb/00077.png	c5d90b39bf2d69ded4556152d44a701c9c2baf73ec7b4b9a94ceeb26ae7b60e1	27950
raw	zone_wide_door_geometry_v3/robots/r3/rgb/00078.png	c5d90b39bf2d69ded4556152d44a701c9c2baf73ec7b4b9a94ceeb26ae7b60e1	27950
raw	zone_wide_door_geometry_v3/robots/r3/rgb/00079.png	c5d90b39bf2d69ded4556152d44a701c9c2baf73ec7b4b9a94ceeb26ae7b60e1	27950
raw	zone_wide_door_geometry_v3/robots/r3/rgb/00080.png	c5d90b39bf2d69ded4556152d44a701c9c2baf73ec7b4b9a94ceeb26ae7b60e1	27950
raw	zone_wide_door_geometry_v3/robots/r3/rgb/00081.png	c5d90b39bf2d69ded4556152d44a701c9c2baf73ec7b4b9a94ceeb26ae7b60e1	27950
raw	zone_wide_door_geometry_v3/robots/r3/rgb/00082.png	c5d90b39bf2d69ded4556152d44a701c9c2baf73ec7b4b9a94ceeb26ae7b60e1	27950
raw	zone_wide_door_geometry_v3/robots/r3/rgb/00083.png	c5d90b39bf2d69ded4556152d44a701c9c2baf73ec7b4b9a94ceeb26ae7b60e1	27950
raw	zone_wide_door_geometry_v3/robots/r3/rgb/00084.png	c5d90b39bf2d69ded4556152d44a701c9c2baf73ec7b4b9a94ceeb26ae7b60e1	27950
raw	zone_wide_door_geometry_v3/robots/r3/rgb/00085.png	c5d90b39bf2d69ded4556152d44a701c9c2baf73ec7b4b9a94ceeb26ae7b60e1	27950
raw	zone_wide_door_geometry_v3/robots/r3/rgb/00086.png	c5d90b39bf2d69ded4556152d44a701c9c2baf73ec7b4b9a94ceeb26ae7b60e1	27950
raw	zone_wide_door_geometry_v3/robots/r3/rgb/00087.png	c5d90b39bf2d69ded4556152d44a701c9c2baf73ec7b4b9a94ceeb26ae7b60e1	27950
raw	zone_wide_door_geometry_v3/robots/r3/rgb/00088.png	c5d90b39bf2d69ded4556152d44a701c9c2baf73ec7b4b9a94ceeb26ae7b60e1	27950
raw	zone_wide_door_geometry_v3/robots/r3/rgb/00089.png	c5d90b39bf2d69ded4556152d44a701c9c2baf73ec7b4b9a94ceeb26ae7b60e1	27950
raw	zone_wide_door_geometry_v3/robots/r3/rgb/00090.png	c5d90b39bf2d69ded4556152d44a701c9c2baf73ec7b4b9a94ceeb26ae7b60e1	27950
raw	zone_wide_door_geometry_v3/robots/r3/rgb/00091.png	c5d90b39bf2d69ded4556152d44a701c9c2baf73ec7b4b9a94ceeb26ae7b60e1	27950
raw	zone_wide_door_geometry_v3/robots/r3/rgb/00092.png	c5d90b39bf2d69ded4556152d44a701c9c2baf73ec7b4b9a94ceeb26ae7b60e1	27950
raw	zone_wide_door_geometry_v3/robots/r3/rgb/00093.png	c5d90b39bf2d69ded4556152d44a701c9c2baf73ec7b4b9a94ceeb26ae7b60e1	27950
raw	zone_wide_door_geometry_v3/robots/r3/rgb/00094.png	c5d90b39bf2d69ded4556152d44a701c9c2baf73ec7b4b9a94ceeb26ae7b60e1	27950
raw	zone_wide_door_geometry_v3/robots/r3/rgb/00095.png	c5d90b39bf2d69ded4556152d44a701c9c2baf73ec7b4b9a94ceeb26ae7b60e1	27950
raw	zone_wide_door_geometry_v3/robots/r3/rgb/00096.png	c5d90b39bf2d69ded4556152d44a701c9c2baf73ec7b4b9a94ceeb26ae7b60e1	27950
raw	zone_wide_door_geometry_v3/robots/r3/rgb/00097.png	c5d90b39bf2d69ded4556152d44a701c9c2baf73ec7b4b9a94ceeb26ae7b60e1	27950
raw	zone_wide_door_geometry_v3/robots/r3/rgb/00098.png	c5d90b39bf2d69ded4556152d44a701c9c2baf73ec7b4b9a94ceeb26ae7b60e1	27950
raw	zone_wide_door_geometry_v3/robots/r3/rgb/00099.png	c5d90b39bf2d69ded4556152d44a701c9c2baf73ec7b4b9a94ceeb26ae7b60e1	27950
raw	zone_wide_door_geometry_v3/robots/r3/rgb/00100.png	c5d90b39bf2d69ded4556152d44a701c9c2baf73ec7b4b9a94ceeb26ae7b60e1	27950
raw	zone_wide_door_geometry_v3/robots/r3/rgb/00101.png	c5d90b39bf2d69ded4556152d44a701c9c2baf73ec7b4b9a94ceeb26ae7b60e1	27950
raw	zone_wide_door_geometry_v3/robots/r3/rgb/00102.png	c5d90b39bf2d69ded4556152d44a701c9c2baf73ec7b4b9a94ceeb26ae7b60e1	27950
raw	zone_wide_door_geometry_v3/robots/r3/rgb/00103.png	c5d90b39bf2d69ded4556152d44a701c9c2baf73ec7b4b9a94ceeb26ae7b60e1	27950
raw	zone_wide_door_geometry_v3/robots/r3/rgb/00104.png	c5d90b39bf2d69ded4556152d44a701c9c2baf73ec7b4b9a94ceeb26ae7b60e1	27950
raw	zone_wide_door_geometry_v3/robots/r3/rgb/00105.png	c5d90b39bf2d69ded4556152d44a701c9c2baf73ec7b4b9a94ceeb26ae7b60e1	27950
raw	zone_wide_door_geometry_v3/robots/r3/rgb/00106.png	c5d90b39bf2d69ded4556152d44a701c9c2baf73ec7b4b9a94ceeb26ae7b60e1	27950
raw	zone_wide_door_geometry_v3/robots/r3/rgb/00107.png	c5d90b39bf2d69ded4556152d44a701c9c2baf73ec7b4b9a94ceeb26ae7b60e1	27950
raw	zone_wide_door_geometry_v3/robots/r3/rgb/00108.png	c5d90b39bf2d69ded4556152d44a701c9c2baf73ec7b4b9a94ceeb26ae7b60e1	27950
raw	zone_wide_door_geometry_v3/robots/r3/rgb/00109.png	c5d90b39bf2d69ded4556152d44a701c9c2baf73ec7b4b9a94ceeb26ae7b60e1	27950
raw	zone_wide_door_geometry_v3/robots/r3/rgb/00110.png	c5d90b39bf2d69ded4556152d44a701c9c2baf73ec7b4b9a94ceeb26ae7b60e1	27950
raw	zone_wide_door_geometry_v3/robots/r3/rgb/00111.png	c5d90b39bf2d69ded4556152d44a701c9c2baf73ec7b4b9a94ceeb26ae7b60e1	27950
raw	zone_wide_door_geometry_v3/robots/r3/rgb/00112.png	c5d90b39bf2d69ded4556152d44a701c9c2baf73ec7b4b9a94ceeb26ae7b60e1	27950
raw	zone_wide_door_geometry_v3/robots/r3/rgb/00113.png	c5d90b39bf2d69ded4556152d44a701c9c2baf73ec7b4b9a94ceeb26ae7b60e1	27950
raw	zone_wide_door_geometry_v3/robots/r3/rgb/00114.png	c5d90b39bf2d69ded4556152d44a701c9c2baf73ec7b4b9a94ceeb26ae7b60e1	27950
raw	zone_wide_door_geometry_v3/robots/r3/rgb/00115.png	c5d90b39bf2d69ded4556152d44a701c9c2baf73ec7b4b9a94ceeb26ae7b60e1	27950
raw	zone_wide_door_geometry_v3/robots/r3/rgb/00116.png	c5d90b39bf2d69ded4556152d44a701c9c2baf73ec7b4b9a94ceeb26ae7b60e1	27950
raw	zone_wide_door_geometry_v3/robots/r3/rgb/00117.png	c5d90b39bf2d69ded4556152d44a701c9c2baf73ec7b4b9a94ceeb26ae7b60e1	27950
raw	zone_wide_door_geometry_v3/robots/r3/rgb/00118.png	c5d90b39bf2d69ded4556152d44a701c9c2baf73ec7b4b9a94ceeb26ae7b60e1	27950
raw	zone_wide_door_geometry_v3/robots/r3/rgb/00119.png	c5d90b39bf2d69ded4556152d44a701c9c2baf73ec7b4b9a94ceeb26ae7b60e1	27950
raw	zone_wide_door_geometry_v3/robots/r3/rgb/00120.png	c5d90b39bf2d69ded4556152d44a701c9c2baf73ec7b4b9a94ceeb26ae7b60e1	27950
raw	zone_wide_door_geometry_v3/robots/r3/rgb/00121.png	c5d90b39bf2d69ded4556152d44a701c9c2baf73ec7b4b9a94ceeb26ae7b60e1	27950
raw	zone_wide_door_geometry_v3/robots/r3/rgb/00122.png	c5d90b39bf2d69ded4556152d44a701c9c2baf73ec7b4b9a94ceeb26ae7b60e1	27950
raw	zone_wide_door_geometry_v3/robots/r3/rgb/00123.png	c5d90b39bf2d69ded4556152d44a701c9c2baf73ec7b4b9a94ceeb26ae7b60e1	27950
raw	zone_wide_door_geometry_v3/robots/r3/rgb/00124.png	c5d90b39bf2d69ded4556152d44a701c9c2baf73ec7b4b9a94ceeb26ae7b60e1	27950
raw	zone_wide_door_geometry_v3/robots/r3/rgb/00125.png	c5d90b39bf2d69ded4556152d44a701c9c2baf73ec7b4b9a94ceeb26ae7b60e1	27950
raw	zone_wide_door_geometry_v3/robots/r3/rgb/00126.png	c5d90b39bf2d69ded4556152d44a701c9c2baf73ec7b4b9a94ceeb26ae7b60e1	27950
raw	zone_wide_door_geometry_v3/robots/r3/rgb/00127.png	c5d90b39bf2d69ded4556152d44a701c9c2baf73ec7b4b9a94ceeb26ae7b60e1	27950
raw	zone_wide_door_geometry_v3/robots/r3/rgb/00128.png	c5d90b39bf2d69ded4556152d44a701c9c2baf73ec7b4b9a94ceeb26ae7b60e1	27950
raw	zone_wide_door_geometry_v3/robots/r3/rgb/00129.png	c5d90b39bf2d69ded4556152d44a701c9c2baf73ec7b4b9a94ceeb26ae7b60e1	27950
raw	zone_wide_door_geometry_v3/robots/r3/rgb/00130.png	c5d90b39bf2d69ded4556152d44a701c9c2baf73ec7b4b9a94ceeb26ae7b60e1	27950
raw	zone_wide_door_geometry_v3/robots/r3/rgb/00131.png	c5d90b39bf2d69ded4556152d44a701c9c2baf73ec7b4b9a94ceeb26ae7b60e1	27950
raw	zone_wide_door_geometry_v3/robots/r3/rgb/00132.png	c5d90b39bf2d69ded4556152d44a701c9c2baf73ec7b4b9a94ceeb26ae7b60e1	27950
raw	zone_wide_door_geometry_v3/robots/r3/rgb/00133.png	c5d90b39bf2d69ded4556152d44a701c9c2baf73ec7b4b9a94ceeb26ae7b60e1	27950
raw	zone_wide_door_geometry_v3/robots/r3/rgb/00134.png	c5d90b39bf2d69ded4556152d44a701c9c2baf73ec7b4b9a94ceeb26ae7b60e1	27950
raw	zone_wide_door_geometry_v3/robots/r3/rgb/00135.png	c5d90b39bf2d69ded4556152d44a701c9c2baf73ec7b4b9a94ceeb26ae7b60e1	27950
raw	zone_wide_door_geometry_v3/robots/r3/rgb/00136.png	c5d90b39bf2d69ded4556152d44a701c9c2baf73ec7b4b9a94ceeb26ae7b60e1	27950
raw	zone_wide_door_geometry_v3/robots/r3/rgb/00137.png	c5d90b39bf2d69ded4556152d44a701c9c2baf73ec7b4b9a94ceeb26ae7b60e1	27950
raw	zone_wide_door_geometry_v3/robots/r3/rgb/00138.png	c5d90b39bf2d69ded4556152d44a701c9c2baf73ec7b4b9a94ceeb26ae7b60e1	27950
raw	zone_wide_door_geometry_v3/robots/r3/rgb/00139.png	c5d90b39bf2d69ded4556152d44a701c9c2baf73ec7b4b9a94ceeb26ae7b60e1	27950
raw	zone_wide_door_geometry_v3/robots/r3/rgb/00140.png	c5d90b39bf2d69ded4556152d44a701c9c2baf73ec7b4b9a94ceeb26ae7b60e1	27950
raw	zone_wide_door_geometry_v3/robots/r3/rgb/00141.png	c5d90b39bf2d69ded4556152d44a701c9c2baf73ec7b4b9a94ceeb26ae7b60e1	27950
raw	zone_wide_door_geometry_v3/robots/r3/rgb/00142.png	c5d90b39bf2d69ded4556152d44a701c9c2baf73ec7b4b9a94ceeb26ae7b60e1	27950
raw	zone_wide_door_geometry_v3/robots/r3/rgb/00143.png	c5d90b39bf2d69ded4556152d44a701c9c2baf73ec7b4b9a94ceeb26ae7b60e1	27950
raw	zone_wide_door_geometry_v3/robots/r3/rgb/00144.png	c5d90b39bf2d69ded4556152d44a701c9c2baf73ec7b4b9a94ceeb26ae7b60e1	27950
raw	zone_wide_door_geometry_v3/robots/r3/rgb/00145.png	c5d90b39bf2d69ded4556152d44a701c9c2baf73ec7b4b9a94ceeb26ae7b60e1	27950
raw	zone_wide_door_geometry_v3/robots/r3/rgb/00146.png	c5d90b39bf2d69ded4556152d44a701c9c2baf73ec7b4b9a94ceeb26ae7b60e1	27950
raw	zone_wide_door_geometry_v3/robots/r3/rgb/00147.png	c5d90b39bf2d69ded4556152d44a701c9c2baf73ec7b4b9a94ceeb26ae7b60e1	27950
raw	zone_wide_door_geometry_v3/robots/r3/rgb/00148.png	c5d90b39bf2d69ded4556152d44a701c9c2baf73ec7b4b9a94ceeb26ae7b60e1	27950
raw	zone_wide_door_geometry_v3/robots/r3/rgb/00149.png	c5d90b39bf2d69ded4556152d44a701c9c2baf73ec7b4b9a94ceeb26ae7b60e1	27950
raw	zone_wide_door_geometry_v3/robots/r3/rgb/00150.png	c5d90b39bf2d69ded4556152d44a701c9c2baf73ec7b4b9a94ceeb26ae7b60e1	27950
raw	zone_wide_door_geometry_v3/robots/r3/rgb/00151.png	c5d90b39bf2d69ded4556152d44a701c9c2baf73ec7b4b9a94ceeb26ae7b60e1	27950
raw	zone_wide_door_geometry_v3/robots/r3/rgb/00152.png	c5d90b39bf2d69ded4556152d44a701c9c2baf73ec7b4b9a94ceeb26ae7b60e1	27950
raw	zone_wide_door_geometry_v3/robots/r3/rgb/00153.png	c5d90b39bf2d69ded4556152d44a701c9c2baf73ec7b4b9a94ceeb26ae7b60e1	27950
raw	zone_wide_door_geometry_v3/robots/r3/rgb/00154.png	c5d90b39bf2d69ded4556152d44a701c9c2baf73ec7b4b9a94ceeb26ae7b60e1	27950
raw	zone_wide_door_geometry_v3/robots/r3/rgb/00155.png	c5d90b39bf2d69ded4556152d44a701c9c2baf73ec7b4b9a94ceeb26ae7b60e1	27950
raw	zone_wide_door_geometry_v3/robots/r3/rgb/00156.png	c5d90b39bf2d69ded4556152d44a701c9c2baf73ec7b4b9a94ceeb26ae7b60e1	27950
raw	zone_wide_door_geometry_v3/robots/r3/rgb/00157.png	c5d90b39bf2d69ded4556152d44a701c9c2baf73ec7b4b9a94ceeb26ae7b60e1	27950
raw	zone_wide_door_geometry_v3/robots/r3/rgb/00158.png	c5d90b39bf2d69ded4556152d44a701c9c2baf73ec7b4b9a94ceeb26ae7b60e1	27950
raw	zone_wide_door_geometry_v3/robots/r3/rgb/00159.png	c5d90b39bf2d69ded4556152d44a701c9c2baf73ec7b4b9a94ceeb26ae7b60e1	27950
raw	zone_wide_door_geometry_v3/robots/r3/rgb/00160.png	c5d90b39bf2d69ded4556152d44a701c9c2baf73ec7b4b9a94ceeb26ae7b60e1	27950
raw	zone_wide_door_geometry_v3/robots/r3/rgb/00161.png	c5d90b39bf2d69ded4556152d44a701c9c2baf73ec7b4b9a94ceeb26ae7b60e1	27950
raw	zone_wide_door_geometry_v3/robots/r3/rgb/00162.png	c5d90b39bf2d69ded4556152d44a701c9c2baf73ec7b4b9a94ceeb26ae7b60e1	27950
raw	zone_wide_door_geometry_v3/robots/r3/rgb/00163.png	c5d90b39bf2d69ded4556152d44a701c9c2baf73ec7b4b9a94ceeb26ae7b60e1	27950
raw	zone_wide_door_geometry_v3/robots/r3/rgb/00164.png	c5d90b39bf2d69ded4556152d44a701c9c2baf73ec7b4b9a94ceeb26ae7b60e1	27950
raw	zone_wide_door_geometry_v3/robots/r3/rgb/00165.png	c5d90b39bf2d69ded4556152d44a701c9c2baf73ec7b4b9a94ceeb26ae7b60e1	27950
raw	zone_wide_door_geometry_v3/robots/r3/rgb/00166.png	c5d90b39bf2d69ded4556152d44a701c9c2baf73ec7b4b9a94ceeb26ae7b60e1	27950
raw	zone_wide_door_geometry_v3/robots/r3/rgb/00167.png	c5d90b39bf2d69ded4556152d44a701c9c2baf73ec7b4b9a94ceeb26ae7b60e1	27950
raw	zone_wide_door_geometry_v3/robots/r3/rgb/00168.png	c5d90b39bf2d69ded4556152d44a701c9c2baf73ec7b4b9a94ceeb26ae7b60e1	27950
raw	zone_wide_door_geometry_v3/robots/r3/rgb/00169.png	c5d90b39bf2d69ded4556152d44a701c9c2baf73ec7b4b9a94ceeb26ae7b60e1	27950
raw	zone_wide_door_geometry_v3/robots/r3/rgb/00170.png	c5d90b39bf2d69ded4556152d44a701c9c2baf73ec7b4b9a94ceeb26ae7b60e1	27950
raw	zone_wide_door_geometry_v3/robots/r3/rgb/00171.png	c5d90b39bf2d69ded4556152d44a701c9c2baf73ec7b4b9a94ceeb26ae7b60e1	27950
raw	zone_wide_door_geometry_v3/robots/r3/rgb/00172.png	c5d90b39bf2d69ded4556152d44a701c9c2baf73ec7b4b9a94ceeb26ae7b60e1	27950
raw	zone_wide_door_geometry_v3/robots/r3/rgb/00173.png	c5d90b39bf2d69ded4556152d44a701c9c2baf73ec7b4b9a94ceeb26ae7b60e1	27950
raw	zone_wide_door_geometry_v3/robots/r3/rgb/00174.png	c5d90b39bf2d69ded4556152d44a701c9c2baf73ec7b4b9a94ceeb26ae7b60e1	27950
raw	zone_wide_door_geometry_v3/robots/r3/rgb/00175.png	c5d90b39bf2d69ded4556152d44a701c9c2baf73ec7b4b9a94ceeb26ae7b60e1	27950
raw	zone_wide_door_geometry_v3/robots/r3/rgb/00176.png	c5d90b39bf2d69ded4556152d44a701c9c2baf73ec7b4b9a94ceeb26ae7b60e1	27950
raw	zone_wide_door_geometry_v3/robots/r3/rgb/00177.png	c5d90b39bf2d69ded4556152d44a701c9c2baf73ec7b4b9a94ceeb26ae7b60e1	27950
raw	zone_wide_door_geometry_v3/robots/r3/rgb/00178.png	c5d90b39bf2d69ded4556152d44a701c9c2baf73ec7b4b9a94ceeb26ae7b60e1	27950
raw	zone_wide_door_geometry_v3/robots/r3/rgb/00179.png	c5d90b39bf2d69ded4556152d44a701c9c2baf73ec7b4b9a94ceeb26ae7b60e1	27950
raw	zone_wide_door_geometry_v3/robots/r3/rgb/00180.png	c5d90b39bf2d69ded4556152d44a701c9c2baf73ec7b4b9a94ceeb26ae7b60e1	27950
raw	zone_wide_door_geometry_v3/robots/r3/rgb/00181.png	c5d90b39bf2d69ded4556152d44a701c9c2baf73ec7b4b9a94ceeb26ae7b60e1	27950
raw	zone_wide_door_geometry_v3/robots/r3/rgb/00182.png	c5d90b39bf2d69ded4556152d44a701c9c2baf73ec7b4b9a94ceeb26ae7b60e1	27950
raw	zone_wide_door_geometry_v3/robots/r3/rgb/00183.png	c5d90b39bf2d69ded4556152d44a701c9c2baf73ec7b4b9a94ceeb26ae7b60e1	27950
raw	zone_wide_door_geometry_v3/robots/r3/rgb/00184.png	c5d90b39bf2d69ded4556152d44a701c9c2baf73ec7b4b9a94ceeb26ae7b60e1	27950
raw	zone_wide_door_geometry_v3/robots/r3/rgb/00185.png	c5d90b39bf2d69ded4556152d44a701c9c2baf73ec7b4b9a94ceeb26ae7b60e1	27950
raw	zone_wide_door_geometry_v3/robots/r3/rgb/00186.png	c5d90b39bf2d69ded4556152d44a701c9c2baf73ec7b4b9a94ceeb26ae7b60e1	27950
raw	zone_wide_door_geometry_v3/robots/r3/rgb/00187.png	c5d90b39bf2d69ded4556152d44a701c9c2baf73ec7b4b9a94ceeb26ae7b60e1	27950
raw	zone_wide_door_geometry_v3/robots/r3/rgb/00188.png	c5d90b39bf2d69ded4556152d44a701c9c2baf73ec7b4b9a94ceeb26ae7b60e1	27950
raw	zone_wide_door_geometry_v3/robots/r3/rgb/00189.png	c5d90b39bf2d69ded4556152d44a701c9c2baf73ec7b4b9a94ceeb26ae7b60e1	27950
raw	zone_wide_door_geometry_v3/robots/r3/rgb/00190.png	c5d90b39bf2d69ded4556152d44a701c9c2baf73ec7b4b9a94ceeb26ae7b60e1	27950
raw	zone_wide_door_geometry_v3/robots/r3/rgb/00191.png	c5d90b39bf2d69ded4556152d44a701c9c2baf73ec7b4b9a94ceeb26ae7b60e1	27950
raw	zone_wide_door_geometry_v3/robots/r3/rgb/00192.png	c5d90b39bf2d69ded4556152d44a701c9c2baf73ec7b4b9a94ceeb26ae7b60e1	27950
raw	zone_wide_door_geometry_v3/robots/r3/rgb/00193.png	c5d90b39bf2d69ded4556152d44a701c9c2baf73ec7b4b9a94ceeb26ae7b60e1	27950
raw	zone_wide_door_geometry_v3/robots/r3/rgb/00194.png	c5d90b39bf2d69ded4556152d44a701c9c2baf73ec7b4b9a94ceeb26ae7b60e1	27950
raw	zone_wide_door_geometry_v3/robots/r3/rgb/00195.png	c5d90b39bf2d69ded4556152d44a701c9c2baf73ec7b4b9a94ceeb26ae7b60e1	27950
raw	zone_wide_door_geometry_v3/robots/r3/rgb/00196.png	c5d90b39bf2d69ded4556152d44a701c9c2baf73ec7b4b9a94ceeb26ae7b60e1	27950
raw	zone_wide_door_geometry_v3/robots/r3/rgb/00197.png	c5d90b39bf2d69ded4556152d44a701c9c2baf73ec7b4b9a94ceeb26ae7b60e1	27950
raw	zone_wide_door_geometry_v3/robots/r3/rgb/00198.png	c5d90b39bf2d69ded4556152d44a701c9c2baf73ec7b4b9a94ceeb26ae7b60e1	27950
raw	zone_wide_door_geometry_v3/robots/r3/rgb/00199.png	c5d90b39bf2d69ded4556152d44a701c9c2baf73ec7b4b9a94ceeb26ae7b60e1	27950
raw	zone_wide_door_geometry_v3/robots/r3/rgb/00200.png	c5d90b39bf2d69ded4556152d44a701c9c2baf73ec7b4b9a94ceeb26ae7b60e1	27950
raw	zone_wide_door_geometry_v3/robots/r3/rgb/00201.png	c5d90b39bf2d69ded4556152d44a701c9c2baf73ec7b4b9a94ceeb26ae7b60e1	27950
raw	zone_wide_door_geometry_v3/robots/r3/rgb/00202.png	c5d90b39bf2d69ded4556152d44a701c9c2baf73ec7b4b9a94ceeb26ae7b60e1	27950
raw	zone_wide_door_geometry_v3/robots/r3/rgb/00203.png	c5d90b39bf2d69ded4556152d44a701c9c2baf73ec7b4b9a94ceeb26ae7b60e1	27950
raw	zone_wide_door_geometry_v3/robots/r3/rgb/00204.png	c5d90b39bf2d69ded4556152d44a701c9c2baf73ec7b4b9a94ceeb26ae7b60e1	27950
raw	zone_wide_door_geometry_v3/robots/r3/rgb/00205.png	c5d90b39bf2d69ded4556152d44a701c9c2baf73ec7b4b9a94ceeb26ae7b60e1	27950
raw	zone_wide_door_geometry_v3/robots/r3/rgb/00206.png	c5d90b39bf2d69ded4556152d44a701c9c2baf73ec7b4b9a94ceeb26ae7b60e1	27950
raw	zone_wide_door_geometry_v3/robots/r3/rgb/00207.png	c5d90b39bf2d69ded4556152d44a701c9c2baf73ec7b4b9a94ceeb26ae7b60e1	27950
raw	zone_wide_door_geometry_v3/robots/r3/rgb/00208.png	c5d90b39bf2d69ded4556152d44a701c9c2baf73ec7b4b9a94ceeb26ae7b60e1	27950
raw	zone_wide_door_geometry_v3/robots/r3/rgb/00209.png	c5d90b39bf2d69ded4556152d44a701c9c2baf73ec7b4b9a94ceeb26ae7b60e1	27950
raw	zone_wide_door_geometry_v3/robots/r3/rgb/00210.png	c5d90b39bf2d69ded4556152d44a701c9c2baf73ec7b4b9a94ceeb26ae7b60e1	27950
raw	zone_wide_door_geometry_v3/robots/r3/rgb/00211.png	c5d90b39bf2d69ded4556152d44a701c9c2baf73ec7b4b9a94ceeb26ae7b60e1	27950
raw	zone_wide_door_geometry_v3/robots/r3/rgb/00212.png	c5d90b39bf2d69ded4556152d44a701c9c2baf73ec7b4b9a94ceeb26ae7b60e1	27950
raw	zone_wide_door_geometry_v3/robots/r3/rgb/00213.png	c5d90b39bf2d69ded4556152d44a701c9c2baf73ec7b4b9a94ceeb26ae7b60e1	27950
raw	zone_wide_door_geometry_v3/robots/r3/rgb/00214.png	c5d90b39bf2d69ded4556152d44a701c9c2baf73ec7b4b9a94ceeb26ae7b60e1	27950
raw	zone_wide_door_geometry_v3/robots/r3/rgb/00215.png	c5d90b39bf2d69ded4556152d44a701c9c2baf73ec7b4b9a94ceeb26ae7b60e1	27950
raw	zone_wide_door_geometry_v3/robots/r3/rgb/00216.png	c5d90b39bf2d69ded4556152d44a701c9c2baf73ec7b4b9a94ceeb26ae7b60e1	27950
raw	zone_wide_door_geometry_v3/robots/r3/rgb/00217.png	c5d90b39bf2d69ded4556152d44a701c9c2baf73ec7b4b9a94ceeb26ae7b60e1	27950
raw	zone_wide_door_geometry_v3/robots/r3/rgb/00218.png	c5d90b39bf2d69ded4556152d44a701c9c2baf73ec7b4b9a94ceeb26ae7b60e1	27950
raw	zone_wide_door_geometry_v3/robots/r3/rgb/00219.png	c5d90b39bf2d69ded4556152d44a701c9c2baf73ec7b4b9a94ceeb26ae7b60e1	27950
raw	zone_wide_door_geometry_v3/robots/r3/rgb/00220.png	c5d90b39bf2d69ded4556152d44a701c9c2baf73ec7b4b9a94ceeb26ae7b60e1	27950
raw	zone_wide_door_geometry_v3/robots/r3/rgb/00221.png	c5d90b39bf2d69ded4556152d44a701c9c2baf73ec7b4b9a94ceeb26ae7b60e1	27950
raw	zone_wide_door_geometry_v3/robots/r3/rgb/00222.png	c5d90b39bf2d69ded4556152d44a701c9c2baf73ec7b4b9a94ceeb26ae7b60e1	27950
raw	zone_wide_door_geometry_v3/robots/r3/rgb/00223.png	c5d90b39bf2d69ded4556152d44a701c9c2baf73ec7b4b9a94ceeb26ae7b60e1	27950
raw	zone_wide_door_geometry_v3/robots/r3/rgb/00224.png	c5d90b39bf2d69ded4556152d44a701c9c2baf73ec7b4b9a94ceeb26ae7b60e1	27950
raw	zone_wide_door_geometry_v3/robots/r3/rgb/00225.png	c5d90b39bf2d69ded4556152d44a701c9c2baf73ec7b4b9a94ceeb26ae7b60e1	27950
raw	zone_wide_door_geometry_v3/robots/r3/rgb/00226.png	c5d90b39bf2d69ded4556152d44a701c9c2baf73ec7b4b9a94ceeb26ae7b60e1	27950
raw	zone_wide_door_geometry_v3/robots/r3/rgb/00227.png	c5d90b39bf2d69ded4556152d44a701c9c2baf73ec7b4b9a94ceeb26ae7b60e1	27950
raw	zone_wide_door_geometry_v3/robots/r3/rgb/00228.png	c5d90b39bf2d69ded4556152d44a701c9c2baf73ec7b4b9a94ceeb26ae7b60e1	27950
raw	zone_wide_door_geometry_v3/robots/r3/rgb/00229.png	c5d90b39bf2d69ded4556152d44a701c9c2baf73ec7b4b9a94ceeb26ae7b60e1	27950
raw	zone_wide_door_geometry_v3/robots/r3/rgb/00230.png	c5d90b39bf2d69ded4556152d44a701c9c2baf73ec7b4b9a94ceeb26ae7b60e1	27950
raw	zone_wide_door_geometry_v3/robots/r3/rgb/00231.png	c5d90b39bf2d69ded4556152d44a701c9c2baf73ec7b4b9a94ceeb26ae7b60e1	27950
raw	zone_wide_door_geometry_v3/robots/r3/rgb/00232.png	c5d90b39bf2d69ded4556152d44a701c9c2baf73ec7b4b9a94ceeb26ae7b60e1	27950
raw	zone_wide_door_geometry_v3/robots/r3/rgb/00233.png	c5d90b39bf2d69ded4556152d44a701c9c2baf73ec7b4b9a94ceeb26ae7b60e1	27950
raw	zone_wide_door_geometry_v3/robots/r3/rgb/00234.png	c5d90b39bf2d69ded4556152d44a701c9c2baf73ec7b4b9a94ceeb26ae7b60e1	27950
raw	zone_wide_door_geometry_v3/robots/r3/rgb/00235.png	c5d90b39bf2d69ded4556152d44a701c9c2baf73ec7b4b9a94ceeb26ae7b60e1	27950
raw	zone_wide_door_geometry_v3/robots/r3/rgb/00236.png	c5d90b39bf2d69ded4556152d44a701c9c2baf73ec7b4b9a94ceeb26ae7b60e1	27950
raw	zone_wide_door_geometry_v3/robots/r3/rgb/00237.png	c5d90b39bf2d69ded4556152d44a701c9c2baf73ec7b4b9a94ceeb26ae7b60e1	27950
raw	zone_wide_door_geometry_v3/robots/r3/rgb/00238.png	c5d90b39bf2d69ded4556152d44a701c9c2baf73ec7b4b9a94ceeb26ae7b60e1	27950
raw	zone_wide_door_geometry_v3/robots/r3/rgb/00239.png	c5d90b39bf2d69ded4556152d44a701c9c2baf73ec7b4b9a94ceeb26ae7b60e1	27950
raw	zone_wide_door_geometry_v3/robots/r3/rgb/00240.png	c5d90b39bf2d69ded4556152d44a701c9c2baf73ec7b4b9a94ceeb26ae7b60e1	27950
raw	zone_wide_door_geometry_v3/robots/r3/rgb/00241.png	c5d90b39bf2d69ded4556152d44a701c9c2baf73ec7b4b9a94ceeb26ae7b60e1	27950
raw	zone_wide_door_geometry_v3/robots/r3/rgb/00242.png	c5d90b39bf2d69ded4556152d44a701c9c2baf73ec7b4b9a94ceeb26ae7b60e1	27950
raw	zone_wide_door_geometry_v3/robots/r3/rgb/00243.png	c5d90b39bf2d69ded4556152d44a701c9c2baf73ec7b4b9a94ceeb26ae7b60e1	27950
raw	zone_wide_door_geometry_v3/robots/r3/rgb/00244.png	c5d90b39bf2d69ded4556152d44a701c9c2baf73ec7b4b9a94ceeb26ae7b60e1	27950
raw	zone_wide_door_geometry_v3/robots/r3/rgb/00245.png	c5d90b39bf2d69ded4556152d44a701c9c2baf73ec7b4b9a94ceeb26ae7b60e1	27950
raw	zone_wide_door_geometry_v3/robots/r3/rgb/00246.png	c5d90b39bf2d69ded4556152d44a701c9c2baf73ec7b4b9a94ceeb26ae7b60e1	27950
raw	zone_wide_door_geometry_v3/robots/r3/rgb/00247.png	c5d90b39bf2d69ded4556152d44a701c9c2baf73ec7b4b9a94ceeb26ae7b60e1	27950
raw	zone_wide_door_geometry_v3/robots/r3/rgb/00248.png	c5d90b39bf2d69ded4556152d44a701c9c2baf73ec7b4b9a94ceeb26ae7b60e1	27950
raw	zone_wide_door_geometry_v3/robots/r3/rgb/00249.png	c5d90b39bf2d69ded4556152d44a701c9c2baf73ec7b4b9a94ceeb26ae7b60e1	27950
raw	zone_wide_door_geometry_v3/robots/r3/rgb/00250.png	c5d90b39bf2d69ded4556152d44a701c9c2baf73ec7b4b9a94ceeb26ae7b60e1	27950
raw	zone_wide_door_geometry_v3/robots/r3/rgb/00251.png	c5d90b39bf2d69ded4556152d44a701c9c2baf73ec7b4b9a94ceeb26ae7b60e1	27950
raw	zone_wide_door_geometry_v3/robots/r3/rgb/00252.png	c5d90b39bf2d69ded4556152d44a701c9c2baf73ec7b4b9a94ceeb26ae7b60e1	27950
raw	zone_wide_door_geometry_v3/robots/r3/rgb/00253.png	c5d90b39bf2d69ded4556152d44a701c9c2baf73ec7b4b9a94ceeb26ae7b60e1	27950
raw	zone_wide_door_geometry_v3/robots/r3/rgb/00254.png	c5d90b39bf2d69ded4556152d44a701c9c2baf73ec7b4b9a94ceeb26ae7b60e1	27950
raw	zone_wide_door_geometry_v3/robots/r3/rgb/00255.png	c5d90b39bf2d69ded4556152d44a701c9c2baf73ec7b4b9a94ceeb26ae7b60e1	27950
raw	zone_wide_door_geometry_v3/robots/r3/rgb/00256.png	c5d90b39bf2d69ded4556152d44a701c9c2baf73ec7b4b9a94ceeb26ae7b60e1	27950
raw	zone_wide_door_geometry_v3/robots/r3/rgb/00257.png	c5d90b39bf2d69ded4556152d44a701c9c2baf73ec7b4b9a94ceeb26ae7b60e1	27950
raw	zone_wide_door_geometry_v3/robots/r3/rgb/00258.png	c5d90b39bf2d69ded4556152d44a701c9c2baf73ec7b4b9a94ceeb26ae7b60e1	27950
raw	zone_wide_door_geometry_v3/robots/r3/rgb/00259.png	c5d90b39bf2d69ded4556152d44a701c9c2baf73ec7b4b9a94ceeb26ae7b60e1	27950
raw	zone_wide_door_geometry_v3/robots/r3/rgb/00260.png	c5d90b39bf2d69ded4556152d44a701c9c2baf73ec7b4b9a94ceeb26ae7b60e1	27950
raw	zone_wide_door_geometry_v3/robots/r3/rgb/00261.png	c5d90b39bf2d69ded4556152d44a701c9c2baf73ec7b4b9a94ceeb26ae7b60e1	27950
raw	zone_wide_door_geometry_v3/robots/r3/rgb/00262.png	c5d90b39bf2d69ded4556152d44a701c9c2baf73ec7b4b9a94ceeb26ae7b60e1	27950
raw	zone_wide_door_geometry_v3/robots/r3/rgb/00263.png	c5d90b39bf2d69ded4556152d44a701c9c2baf73ec7b4b9a94ceeb26ae7b60e1	27950
raw	zone_wide_door_geometry_v3/robots/r3/rgb/00264.png	c5d90b39bf2d69ded4556152d44a701c9c2baf73ec7b4b9a94ceeb26ae7b60e1	27950
raw	zone_wide_door_geometry_v3/robots/r3/rgb/00265.png	c5d90b39bf2d69ded4556152d44a701c9c2baf73ec7b4b9a94ceeb26ae7b60e1	27950
raw	zone_wide_door_geometry_v3/robots/r3/rgb/00266.png	c5d90b39bf2d69ded4556152d44a701c9c2baf73ec7b4b9a94ceeb26ae7b60e1	27950
raw	zone_wide_door_geometry_v3/robots/r3/rgb/00267.png	c5d90b39bf2d69ded4556152d44a701c9c2baf73ec7b4b9a94ceeb26ae7b60e1	27950
raw	zone_wide_door_geometry_v3/robots/r3/rgb/00268.png	c5d90b39bf2d69ded4556152d44a701c9c2baf73ec7b4b9a94ceeb26ae7b60e1	27950
raw	zone_wide_door_geometry_v3/robots/r3/rgb/00269.png	c5d90b39bf2d69ded4556152d44a701c9c2baf73ec7b4b9a94ceeb26ae7b60e1	27950
raw	zone_wide_door_geometry_v3/robots/r3/rgb/00270.png	c5d90b39bf2d69ded4556152d44a701c9c2baf73ec7b4b9a94ceeb26ae7b60e1	27950
raw	zone_wide_door_geometry_v3/robots/r3/rgb/00271.png	c5d90b39bf2d69ded4556152d44a701c9c2baf73ec7b4b9a94ceeb26ae7b60e1	27950
raw	zone_wide_door_geometry_v3/robots/r3/rgb/00272.png	c5d90b39bf2d69ded4556152d44a701c9c2baf73ec7b4b9a94ceeb26ae7b60e1	27950
raw	zone_wide_door_geometry_v3/robots/r3/rgb/00273.png	c5d90b39bf2d69ded4556152d44a701c9c2baf73ec7b4b9a94ceeb26ae7b60e1	27950
raw	zone_wide_door_geometry_v3/robots/r3/rgb/00274.png	c5d90b39bf2d69ded4556152d44a701c9c2baf73ec7b4b9a94ceeb26ae7b60e1	27950
raw	zone_wide_door_geometry_v3/robots/r3/rgb/00275.png	c5d90b39bf2d69ded4556152d44a701c9c2baf73ec7b4b9a94ceeb26ae7b60e1	27950
raw	zone_wide_door_geometry_v3/robots/r3/rgb/00276.png	c5d90b39bf2d69ded4556152d44a701c9c2baf73ec7b4b9a94ceeb26ae7b60e1	27950
raw	zone_wide_door_geometry_v3/robots/r3/rgb/00277.png	c5d90b39bf2d69ded4556152d44a701c9c2baf73ec7b4b9a94ceeb26ae7b60e1	27950
raw	zone_wide_door_geometry_v3/robots/r3/rgb/00278.png	c5d90b39bf2d69ded4556152d44a701c9c2baf73ec7b4b9a94ceeb26ae7b60e1	27950
raw	zone_wide_door_geometry_v3/robots/r3/rgb/00279.png	c5d90b39bf2d69ded4556152d44a701c9c2baf73ec7b4b9a94ceeb26ae7b60e1	27950
raw	zone_wide_door_geometry_v3/robots/r3/rgb/00280.png	c5d90b39bf2d69ded4556152d44a701c9c2baf73ec7b4b9a94ceeb26ae7b60e1	27950
raw	zone_wide_door_geometry_v3/robots/r3/rgb/00281.png	c5d90b39bf2d69ded4556152d44a701c9c2baf73ec7b4b9a94ceeb26ae7b60e1	27950
raw	zone_wide_door_geometry_v3/robots/r3/rgb/00282.png	c5d90b39bf2d69ded4556152d44a701c9c2baf73ec7b4b9a94ceeb26ae7b60e1	27950
raw	zone_wide_door_geometry_v3/robots/r3/rgb/00283.png	c5d90b39bf2d69ded4556152d44a701c9c2baf73ec7b4b9a94ceeb26ae7b60e1	27950
raw	zone_wide_door_geometry_v3/robots/r3/rgb/00284.png	c5d90b39bf2d69ded4556152d44a701c9c2baf73ec7b4b9a94ceeb26ae7b60e1	27950
raw	zone_wide_door_geometry_v3/robots/r3/rgb/00285.png	c5d90b39bf2d69ded4556152d44a701c9c2baf73ec7b4b9a94ceeb26ae7b60e1	27950
raw	zone_wide_door_geometry_v3/robots/r3/rgb/00286.png	c5d90b39bf2d69ded4556152d44a701c9c2baf73ec7b4b9a94ceeb26ae7b60e1	27950
raw	zone_wide_door_geometry_v3/robots/r3/rgb/00287.png	c5d90b39bf2d69ded4556152d44a701c9c2baf73ec7b4b9a94ceeb26ae7b60e1	27950
raw	zone_wide_door_geometry_v3/robots/r3/rgb/00288.png	c5d90b39bf2d69ded4556152d44a701c9c2baf73ec7b4b9a94ceeb26ae7b60e1	27950
raw	zone_wide_door_geometry_v3/robots/r3/rgb/00289.png	c5d90b39bf2d69ded4556152d44a701c9c2baf73ec7b4b9a94ceeb26ae7b60e1	27950
raw	zone_wide_door_geometry_v3/robots/r3/rgb/00290.png	c5d90b39bf2d69ded4556152d44a701c9c2baf73ec7b4b9a94ceeb26ae7b60e1	27950
raw	zone_wide_door_geometry_v3/robots/r3/rgb/00291.png	c5d90b39bf2d69ded4556152d44a701c9c2baf73ec7b4b9a94ceeb26ae7b60e1	27950
raw	zone_wide_door_geometry_v3/robots/r3/rgb/00292.png	c5d90b39bf2d69ded4556152d44a701c9c2baf73ec7b4b9a94ceeb26ae7b60e1	27950
raw	zone_wide_door_geometry_v3/robots/r3/rgb/00293.png	c5d90b39bf2d69ded4556152d44a701c9c2baf73ec7b4b9a94ceeb26ae7b60e1	27950
raw	zone_wide_door_geometry_v3/robots/r3/rgb/00294.png	c5d90b39bf2d69ded4556152d44a701c9c2baf73ec7b4b9a94ceeb26ae7b60e1	27950
raw	zone_wide_door_geometry_v3/robots/r3/rgb/00295.png	c5d90b39bf2d69ded4556152d44a701c9c2baf73ec7b4b9a94ceeb26ae7b60e1	27950
raw	zone_wide_door_geometry_v3/robots/r3/rgb/00296.png	c5d90b39bf2d69ded4556152d44a701c9c2baf73ec7b4b9a94ceeb26ae7b60e1	27950
raw	zone_wide_door_geometry_v3/robots/r3/rgb/00297.png	c5d90b39bf2d69ded4556152d44a701c9c2baf73ec7b4b9a94ceeb26ae7b60e1	27950
raw	zone_wide_door_geometry_v3/robots/r3/rgb/00298.png	c5d90b39bf2d69ded4556152d44a701c9c2baf73ec7b4b9a94ceeb26ae7b60e1	27950
raw	zone_wide_door_geometry_v3/robots/r3/rgb/00299.png	c5d90b39bf2d69ded4556152d44a701c9c2baf73ec7b4b9a94ceeb26ae7b60e1	27950
raw	zone_wide_door_geometry_v3/robots/r3/rgb/00300.png	c5d90b39bf2d69ded4556152d44a701c9c2baf73ec7b4b9a94ceeb26ae7b60e1	27950
raw	zone_wide_door_geometry_v3/robots/r3/rgb/00301.png	c5d90b39bf2d69ded4556152d44a701c9c2baf73ec7b4b9a94ceeb26ae7b60e1	27950
raw	zone_wide_door_geometry_v3/robots/r3/rgb/00302.png	c5d90b39bf2d69ded4556152d44a701c9c2baf73ec7b4b9a94ceeb26ae7b60e1	27950
raw	zone_wide_door_geometry_v3/robots/r3/rgb/00303.png	c5d90b39bf2d69ded4556152d44a701c9c2baf73ec7b4b9a94ceeb26ae7b60e1	27950
raw	zone_wide_door_geometry_v3/robots/r3/rgb/00304.png	c5d90b39bf2d69ded4556152d44a701c9c2baf73ec7b4b9a94ceeb26ae7b60e1	27950
raw	zone_wide_door_geometry_v3/robots/r3/rgb/00305.png	c5d90b39bf2d69ded4556152d44a701c9c2baf73ec7b4b9a94ceeb26ae7b60e1	27950
raw	zone_wide_door_geometry_v3/robots/r3/rgb/00306.png	c5d90b39bf2d69ded4556152d44a701c9c2baf73ec7b4b9a94ceeb26ae7b60e1	27950
raw	zone_wide_door_geometry_v3/robots/r3/rgb/00307.png	c5d90b39bf2d69ded4556152d44a701c9c2baf73ec7b4b9a94ceeb26ae7b60e1	27950
raw	zone_wide_door_geometry_v3/robots/r3/rgb/00308.png	c5d90b39bf2d69ded4556152d44a701c9c2baf73ec7b4b9a94ceeb26ae7b60e1	27950
raw	zone_wide_door_geometry_v3/robots/r3/rgb/00309.png	c5d90b39bf2d69ded4556152d44a701c9c2baf73ec7b4b9a94ceeb26ae7b60e1	27950
raw	zone_wide_door_geometry_v3/robots/r3/rgb/00310.png	c5d90b39bf2d69ded4556152d44a701c9c2baf73ec7b4b9a94ceeb26ae7b60e1	27950
raw	zone_wide_door_geometry_v3/robots/r3/rgb/00311.png	c5d90b39bf2d69ded4556152d44a701c9c2baf73ec7b4b9a94ceeb26ae7b60e1	27950
raw	zone_wide_door_geometry_v3/robots/r3/rgb/00312.png	c5d90b39bf2d69ded4556152d44a701c9c2baf73ec7b4b9a94ceeb26ae7b60e1	27950
raw	zone_wide_door_geometry_v3/robots/r3/rgb/00313.png	c5d90b39bf2d69ded4556152d44a701c9c2baf73ec7b4b9a94ceeb26ae7b60e1	27950
raw	zone_wide_door_geometry_v3/robots/r3/rgb/00314.png	c5d90b39bf2d69ded4556152d44a701c9c2baf73ec7b4b9a94ceeb26ae7b60e1	27950
raw	zone_wide_door_geometry_v3/robots/r3/rgb/00315.png	c5d90b39bf2d69ded4556152d44a701c9c2baf73ec7b4b9a94ceeb26ae7b60e1	27950
raw	zone_wide_door_geometry_v3/robots/r3/rgb/00316.png	c5d90b39bf2d69ded4556152d44a701c9c2baf73ec7b4b9a94ceeb26ae7b60e1	27950
raw	zone_wide_door_geometry_v3/robots/r3/rgb/00317.png	c5d90b39bf2d69ded4556152d44a701c9c2baf73ec7b4b9a94ceeb26ae7b60e1	27950
raw	zone_wide_door_geometry_v3/robots/r3/rgb/00318.png	c5d90b39bf2d69ded4556152d44a701c9c2baf73ec7b4b9a94ceeb26ae7b60e1	27950
raw	zone_wide_door_geometry_v3/robots/r3/rgb/00319.png	c5d90b39bf2d69ded4556152d44a701c9c2baf73ec7b4b9a94ceeb26ae7b60e1	27950
raw	zone_wide_door_geometry_v3/robots/r3/rgb/00320.png	c5d90b39bf2d69ded4556152d44a701c9c2baf73ec7b4b9a94ceeb26ae7b60e1	27950
raw	zone_wide_door_geometry_v3/robots/r3/rgb/00321.png	c5d90b39bf2d69ded4556152d44a701c9c2baf73ec7b4b9a94ceeb26ae7b60e1	27950
raw	zone_wide_door_geometry_v3/robots/r3/rgb/00322.png	c5d90b39bf2d69ded4556152d44a701c9c2baf73ec7b4b9a94ceeb26ae7b60e1	27950
raw	zone_wide_door_geometry_v3/robots/r3/rgb/00323.png	c5d90b39bf2d69ded4556152d44a701c9c2baf73ec7b4b9a94ceeb26ae7b60e1	27950
raw	zone_wide_door_geometry_v3/robots/r3/rgb/00324.png	c5d90b39bf2d69ded4556152d44a701c9c2baf73ec7b4b9a94ceeb26ae7b60e1	27950
raw	zone_wide_door_geometry_v3/robots/r3/rgb/00325.png	c5d90b39bf2d69ded4556152d44a701c9c2baf73ec7b4b9a94ceeb26ae7b60e1	27950
raw	zone_wide_door_geometry_v3/robots/r3/rgb/00326.png	c5d90b39bf2d69ded4556152d44a701c9c2baf73ec7b4b9a94ceeb26ae7b60e1	27950
raw	zone_wide_door_geometry_v3/robots/r3/rgb/00327.png	c5d90b39bf2d69ded4556152d44a701c9c2baf73ec7b4b9a94ceeb26ae7b60e1	27950
raw	zone_wide_door_geometry_v3/robots/r3/rgb/00328.png	c5d90b39bf2d69ded4556152d44a701c9c2baf73ec7b4b9a94ceeb26ae7b60e1	27950
raw	zone_wide_door_geometry_v3/robots/r3/rgb/00329.png	c5d90b39bf2d69ded4556152d44a701c9c2baf73ec7b4b9a94ceeb26ae7b60e1	27950
raw	zone_wide_door_geometry_v3/robots/r3/rgb/00330.png	c5d90b39bf2d69ded4556152d44a701c9c2baf73ec7b4b9a94ceeb26ae7b60e1	27950
raw	zone_wide_door_geometry_v3/robots/r3/rgb/00331.png	c5d90b39bf2d69ded4556152d44a701c9c2baf73ec7b4b9a94ceeb26ae7b60e1	27950
raw	zone_wide_door_geometry_v3/robots/r3/rgb/00332.png	c5d90b39bf2d69ded4556152d44a701c9c2baf73ec7b4b9a94ceeb26ae7b60e1	27950
raw	zone_wide_door_geometry_v3/robots/r3/rgb/00333.png	c5d90b39bf2d69ded4556152d44a701c9c2baf73ec7b4b9a94ceeb26ae7b60e1	27950
raw	zone_wide_door_geometry_v3/robots/r3/rgb/00334.png	c5d90b39bf2d69ded4556152d44a701c9c2baf73ec7b4b9a94ceeb26ae7b60e1	27950
raw	zone_wide_door_geometry_v3/robots/r3/rgb/00335.png	c5d90b39bf2d69ded4556152d44a701c9c2baf73ec7b4b9a94ceeb26ae7b60e1	27950
raw	zone_wide_door_geometry_v3/robots/r3/rgb/00336.png	c5d90b39bf2d69ded4556152d44a701c9c2baf73ec7b4b9a94ceeb26ae7b60e1	27950
raw	zone_wide_door_geometry_v3/robots/r3/rgb/00337.png	c5d90b39bf2d69ded4556152d44a701c9c2baf73ec7b4b9a94ceeb26ae7b60e1	27950
raw	zone_wide_door_geometry_v3/robots/r3/rgb/00338.png	c5d90b39bf2d69ded4556152d44a701c9c2baf73ec7b4b9a94ceeb26ae7b60e1	27950
raw	zone_wide_door_geometry_v3/robots/r3/rgb/00339.png	c5d90b39bf2d69ded4556152d44a701c9c2baf73ec7b4b9a94ceeb26ae7b60e1	27950
raw	zone_wide_door_geometry_v3/robots/r3/rgb/00340.png	c5d90b39bf2d69ded4556152d44a701c9c2baf73ec7b4b9a94ceeb26ae7b60e1	27950
raw	zone_wide_door_geometry_v3/robots/r3/rgb/00341.png	c5d90b39bf2d69ded4556152d44a701c9c2baf73ec7b4b9a94ceeb26ae7b60e1	27950
raw	zone_wide_door_geometry_v3/robots/r3/rgb/00342.png	c5d90b39bf2d69ded4556152d44a701c9c2baf73ec7b4b9a94ceeb26ae7b60e1	27950
raw	zone_wide_door_geometry_v3/robots/r3/rgb/00343.png	c5d90b39bf2d69ded4556152d44a701c9c2baf73ec7b4b9a94ceeb26ae7b60e1	27950
raw	zone_wide_door_geometry_v3/robots/r3/rgb/00344.png	c5d90b39bf2d69ded4556152d44a701c9c2baf73ec7b4b9a94ceeb26ae7b60e1	27950
raw	zone_wide_door_geometry_v3/robots/r3/rgb/00345.png	c5d90b39bf2d69ded4556152d44a701c9c2baf73ec7b4b9a94ceeb26ae7b60e1	27950
raw	zone_wide_door_geometry_v3/robots/r3/rgb/00346.png	c5d90b39bf2d69ded4556152d44a701c9c2baf73ec7b4b9a94ceeb26ae7b60e1	27950
raw	zone_wide_door_geometry_v3/robots/r3/rgb/00347.png	c5d90b39bf2d69ded4556152d44a701c9c2baf73ec7b4b9a94ceeb26ae7b60e1	27950
raw	zone_wide_door_geometry_v3/robots/r3/rgb/00348.png	c5d90b39bf2d69ded4556152d44a701c9c2baf73ec7b4b9a94ceeb26ae7b60e1	27950
raw	zone_wide_door_geometry_v3/robots/r3/rgb/00349.png	c5d90b39bf2d69ded4556152d44a701c9c2baf73ec7b4b9a94ceeb26ae7b60e1	27950
raw	zone_wide_door_geometry_v3/robots/r3/rgb/00350.png	c5d90b39bf2d69ded4556152d44a701c9c2baf73ec7b4b9a94ceeb26ae7b60e1	27950
raw	zone_wide_door_geometry_v3/robots/r3/rgb/00351.png	c5d90b39bf2d69ded4556152d44a701c9c2baf73ec7b4b9a94ceeb26ae7b60e1	27950
raw	zone_wide_door_geometry_v3/robots/r3/rgb/00352.png	c5d90b39bf2d69ded4556152d44a701c9c2baf73ec7b4b9a94ceeb26ae7b60e1	27950
raw	zone_wide_door_geometry_v3/robots/r3/rgb/00353.png	c5d90b39bf2d69ded4556152d44a701c9c2baf73ec7b4b9a94ceeb26ae7b60e1	27950
raw	zone_wide_door_geometry_v3/robots/r3/rgb/00354.png	c5d90b39bf2d69ded4556152d44a701c9c2baf73ec7b4b9a94ceeb26ae7b60e1	27950
raw	zone_wide_door_geometry_v3/robots/r3/rgb/00355.png	c5d90b39bf2d69ded4556152d44a701c9c2baf73ec7b4b9a94ceeb26ae7b60e1	27950
raw	zone_wide_door_geometry_v3/robots/r3/rgb/00356.png	c5d90b39bf2d69ded4556152d44a701c9c2baf73ec7b4b9a94ceeb26ae7b60e1	27950
raw	zone_wide_door_geometry_v3/robots/r3/rgb/00357.png	c5d90b39bf2d69ded4556152d44a701c9c2baf73ec7b4b9a94ceeb26ae7b60e1	27950
raw	zone_wide_door_geometry_v3/robots/r3/rgb/00358.png	c5d90b39bf2d69ded4556152d44a701c9c2baf73ec7b4b9a94ceeb26ae7b60e1	27950
raw	zone_wide_door_geometry_v3/robots/r3/rgb/00359.png	c5d90b39bf2d69ded4556152d44a701c9c2baf73ec7b4b9a94ceeb26ae7b60e1	27950
raw	zone_wide_door_geometry_v3/robots/r3/rgb/00360.png	c5d90b39bf2d69ded4556152d44a701c9c2baf73ec7b4b9a94ceeb26ae7b60e1	27950
raw	zone_wide_door_geometry_v3/robots/r3/rgb/00361.png	c5d90b39bf2d69ded4556152d44a701c9c2baf73ec7b4b9a94ceeb26ae7b60e1	27950
raw	zone_wide_door_geometry_v3/robots/r3/rgb/00362.png	c5d90b39bf2d69ded4556152d44a701c9c2baf73ec7b4b9a94ceeb26ae7b60e1	27950
raw	zone_wide_door_geometry_v3/robots/r3/rgb/00363.png	c5d90b39bf2d69ded4556152d44a701c9c2baf73ec7b4b9a94ceeb26ae7b60e1	27950
raw	zone_wide_door_geometry_v3/robots/r3/rgb/00364.png	c5d90b39bf2d69ded4556152d44a701c9c2baf73ec7b4b9a94ceeb26ae7b60e1	27950
raw	zone_wide_door_geometry_v3/robots/r3/rgb/00365.png	c5d90b39bf2d69ded4556152d44a701c9c2baf73ec7b4b9a94ceeb26ae7b60e1	27950
raw	zone_wide_door_geometry_v3/robots/r3/rgb/00366.png	c5d90b39bf2d69ded4556152d44a701c9c2baf73ec7b4b9a94ceeb26ae7b60e1	27950
raw	zone_wide_door_geometry_v3/robots/r3/rgb/00367.png	c5d90b39bf2d69ded4556152d44a701c9c2baf73ec7b4b9a94ceeb26ae7b60e1	27950
raw	zone_wide_door_geometry_v3/robots/r3/rgb/00368.png	c5d90b39bf2d69ded4556152d44a701c9c2baf73ec7b4b9a94ceeb26ae7b60e1	27950
raw	zone_wide_door_geometry_v3/robots/r3/rgb/00369.png	c5d90b39bf2d69ded4556152d44a701c9c2baf73ec7b4b9a94ceeb26ae7b60e1	27950
raw	zone_wide_door_geometry_v3/robots/r3/rgb/00370.png	c5d90b39bf2d69ded4556152d44a701c9c2baf73ec7b4b9a94ceeb26ae7b60e1	27950
raw	zone_wide_door_geometry_v3/robots/r3/rgb/00371.png	c5d90b39bf2d69ded4556152d44a701c9c2baf73ec7b4b9a94ceeb26ae7b60e1	27950
raw	zone_wide_door_geometry_v3/robots/r3/rgb/00372.png	c5d90b39bf2d69ded4556152d44a701c9c2baf73ec7b4b9a94ceeb26ae7b60e1	27950
raw	zone_wide_door_geometry_v3/robots/r3/rgb/00373.png	c5d90b39bf2d69ded4556152d44a701c9c2baf73ec7b4b9a94ceeb26ae7b60e1	27950
raw	zone_wide_door_geometry_v3/robots/r3/rgb/00374.png	c5d90b39bf2d69ded4556152d44a701c9c2baf73ec7b4b9a94ceeb26ae7b60e1	27950
raw	zone_wide_door_geometry_v3/robots/r3/rgb/00375.png	c5d90b39bf2d69ded4556152d44a701c9c2baf73ec7b4b9a94ceeb26ae7b60e1	27950
raw	zone_wide_door_geometry_v3/robots/r3/rgb/00376.png	c5d90b39bf2d69ded4556152d44a701c9c2baf73ec7b4b9a94ceeb26ae7b60e1	27950
raw	zone_wide_door_geometry_v3/robots/r3/rgb/00377.png	c5d90b39bf2d69ded4556152d44a701c9c2baf73ec7b4b9a94ceeb26ae7b60e1	27950
raw	zone_wide_door_geometry_v3/robots/r3/rgb/00378.png	c5d90b39bf2d69ded4556152d44a701c9c2baf73ec7b4b9a94ceeb26ae7b60e1	27950
raw	zone_wide_door_geometry_v3/robots/r3/rgb/00379.png	c5d90b39bf2d69ded4556152d44a701c9c2baf73ec7b4b9a94ceeb26ae7b60e1	27950
raw	zone_wide_door_geometry_v3/robots/r3/rgb/00380.png	c5d90b39bf2d69ded4556152d44a701c9c2baf73ec7b4b9a94ceeb26ae7b60e1	27950
raw	zone_wide_door_geometry_v3/robots/r3/rgb/00381.png	c5d90b39bf2d69ded4556152d44a701c9c2baf73ec7b4b9a94ceeb26ae7b60e1	27950
raw	zone_wide_door_geometry_v3/robots/r3/rgb/00382.png	c5d90b39bf2d69ded4556152d44a701c9c2baf73ec7b4b9a94ceeb26ae7b60e1	27950
raw	zone_wide_door_geometry_v3/robots/r3/rgb/00383.png	c5d90b39bf2d69ded4556152d44a701c9c2baf73ec7b4b9a94ceeb26ae7b60e1	27950
raw	zone_wide_door_geometry_v3/robots/r3/rgb/00384.png	c5d90b39bf2d69ded4556152d44a701c9c2baf73ec7b4b9a94ceeb26ae7b60e1	27950
raw	zone_wide_door_geometry_v3/robots/r3/rgb/00385.png	c5d90b39bf2d69ded4556152d44a701c9c2baf73ec7b4b9a94ceeb26ae7b60e1	27950
raw	zone_wide_door_geometry_v3/robots/r3/rgb/00386.png	c5d90b39bf2d69ded4556152d44a701c9c2baf73ec7b4b9a94ceeb26ae7b60e1	27950
raw	zone_wide_door_geometry_v3/robots/r3/rgb/00387.png	c5d90b39bf2d69ded4556152d44a701c9c2baf73ec7b4b9a94ceeb26ae7b60e1	27950
raw	zone_wide_door_geometry_v3/robots/r3/rgb/00388.png	c5d90b39bf2d69ded4556152d44a701c9c2baf73ec7b4b9a94ceeb26ae7b60e1	27950
raw	zone_wide_door_geometry_v3/robots/r3/rgb/00389.png	c5d90b39bf2d69ded4556152d44a701c9c2baf73ec7b4b9a94ceeb26ae7b60e1	27950
raw	zone_wide_door_geometry_v3/robots/r3/rgb/00390.png	c5d90b39bf2d69ded4556152d44a701c9c2baf73ec7b4b9a94ceeb26ae7b60e1	27950
raw	zone_wide_door_geometry_v3/robots/r3/rgb/00391.png	c5d90b39bf2d69ded4556152d44a701c9c2baf73ec7b4b9a94ceeb26ae7b60e1	27950
raw	zone_wide_door_geometry_v3/robots/r3/rgb/00392.png	c5d90b39bf2d69ded4556152d44a701c9c2baf73ec7b4b9a94ceeb26ae7b60e1	27950
raw	zone_wide_door_geometry_v3/robots/r3/rgb/00393.png	c5d90b39bf2d69ded4556152d44a701c9c2baf73ec7b4b9a94ceeb26ae7b60e1	27950
raw	zone_wide_door_geometry_v3/robots/r3/rgb/00394.png	c5d90b39bf2d69ded4556152d44a701c9c2baf73ec7b4b9a94ceeb26ae7b60e1	27950
raw	zone_wide_door_geometry_v3/robots/r3/rgb/00395.png	c5d90b39bf2d69ded4556152d44a701c9c2baf73ec7b4b9a94ceeb26ae7b60e1	27950
raw	zone_wide_door_geometry_v3/robots/r3/rgb/00396.png	c5d90b39bf2d69ded4556152d44a701c9c2baf73ec7b4b9a94ceeb26ae7b60e1	27950
raw	zone_wide_door_geometry_v3/robots/r3/rgb/00397.png	c5d90b39bf2d69ded4556152d44a701c9c2baf73ec7b4b9a94ceeb26ae7b60e1	27950
raw	zone_wide_door_geometry_v3/robots/r3/rgb/00398.png	c5d90b39bf2d69ded4556152d44a701c9c2baf73ec7b4b9a94ceeb26ae7b60e1	27950
raw	zone_wide_door_geometry_v3/robots/r3/rgb/00399.png	c5d90b39bf2d69ded4556152d44a701c9c2baf73ec7b4b9a94ceeb26ae7b60e1	27950
raw	zone_wide_door_geometry_v3/robots/r3/rgb/00400.png	c5d90b39bf2d69ded4556152d44a701c9c2baf73ec7b4b9a94ceeb26ae7b60e1	27950
raw	zone_wide_door_geometry_v3/robots/r3/rgb/00401.png	c5d90b39bf2d69ded4556152d44a701c9c2baf73ec7b4b9a94ceeb26ae7b60e1	27950
raw	zone_wide_door_geometry_v3/robots/r3/rgb/00402.png	c5d90b39bf2d69ded4556152d44a701c9c2baf73ec7b4b9a94ceeb26ae7b60e1	27950
raw	zone_wide_door_geometry_v3/robots/r3/rgb/00403.png	c5d90b39bf2d69ded4556152d44a701c9c2baf73ec7b4b9a94ceeb26ae7b60e1	27950
raw	zone_wide_door_geometry_v3/robots/r3/rgb/00404.png	c5d90b39bf2d69ded4556152d44a701c9c2baf73ec7b4b9a94ceeb26ae7b60e1	27950
raw	zone_wide_door_geometry_v3/robots/r3/rgb/00405.png	c5d90b39bf2d69ded4556152d44a701c9c2baf73ec7b4b9a94ceeb26ae7b60e1	27950
raw	zone_wide_door_geometry_v3/robots/r3/rgb/00406.png	c5d90b39bf2d69ded4556152d44a701c9c2baf73ec7b4b9a94ceeb26ae7b60e1	27950
raw	zone_wide_door_geometry_v3/robots/r3/rgb/00407.png	c5d90b39bf2d69ded4556152d44a701c9c2baf73ec7b4b9a94ceeb26ae7b60e1	27950
raw	zone_wide_door_geometry_v3/robots/r3/rgb/00408.png	c5d90b39bf2d69ded4556152d44a701c9c2baf73ec7b4b9a94ceeb26ae7b60e1	27950
raw	zone_wide_door_geometry_v3/robots/r3/rgb/00409.png	c5d90b39bf2d69ded4556152d44a701c9c2baf73ec7b4b9a94ceeb26ae7b60e1	27950
raw	zone_wide_door_geometry_v3/robots/r3/rgb/00410.png	c5d90b39bf2d69ded4556152d44a701c9c2baf73ec7b4b9a94ceeb26ae7b60e1	27950
raw	zone_wide_door_geometry_v3/robots/r3/rgb/00411.png	c5d90b39bf2d69ded4556152d44a701c9c2baf73ec7b4b9a94ceeb26ae7b60e1	27950
raw	zone_wide_door_geometry_v3/robots/r3/rgb/00412.png	c5d90b39bf2d69ded4556152d44a701c9c2baf73ec7b4b9a94ceeb26ae7b60e1	27950
raw	zone_wide_door_geometry_v3/robots/r3/rgb/00413.png	c5d90b39bf2d69ded4556152d44a701c9c2baf73ec7b4b9a94ceeb26ae7b60e1	27950
raw	zone_wide_door_geometry_v3/robots/r3/rgb/00414.png	c5d90b39bf2d69ded4556152d44a701c9c2baf73ec7b4b9a94ceeb26ae7b60e1	27950
raw	zone_wide_door_geometry_v3/robots/r3/rgb/00415.png	c5d90b39bf2d69ded4556152d44a701c9c2baf73ec7b4b9a94ceeb26ae7b60e1	27950
raw	zone_wide_door_geometry_v3/robots/r3/rgb/00416.png	c5d90b39bf2d69ded4556152d44a701c9c2baf73ec7b4b9a94ceeb26ae7b60e1	27950
raw	zone_wide_door_geometry_v3/robots/r3/rgb/00417.png	c5d90b39bf2d69ded4556152d44a701c9c2baf73ec7b4b9a94ceeb26ae7b60e1	27950
raw	zone_wide_door_geometry_v3/robots/r3/rgb/00418.png	c5d90b39bf2d69ded4556152d44a701c9c2baf73ec7b4b9a94ceeb26ae7b60e1	27950
raw	zone_wide_door_geometry_v3/robots/r3/rgb/00419.png	c5d90b39bf2d69ded4556152d44a701c9c2baf73ec7b4b9a94ceeb26ae7b60e1	27950
raw	zone_wide_door_geometry_v3/robots/r3/rgb/00420.png	c5d90b39bf2d69ded4556152d44a701c9c2baf73ec7b4b9a94ceeb26ae7b60e1	27950
raw	zone_wide_door_geometry_v3/robots/r3/rgb/00421.png	c5d90b39bf2d69ded4556152d44a701c9c2baf73ec7b4b9a94ceeb26ae7b60e1	27950
raw	zone_wide_door_geometry_v3/robots/r3/rgb/00422.png	c5d90b39bf2d69ded4556152d44a701c9c2baf73ec7b4b9a94ceeb26ae7b60e1	27950
raw	zone_wide_door_geometry_v3/robots/r3/rgb/00423.png	c5d90b39bf2d69ded4556152d44a701c9c2baf73ec7b4b9a94ceeb26ae7b60e1	27950
raw	zone_wide_door_geometry_v3/robots/r3/rgb/00424.png	c5d90b39bf2d69ded4556152d44a701c9c2baf73ec7b4b9a94ceeb26ae7b60e1	27950
raw	zone_wide_door_geometry_v3/robots/r3/rgb/00425.png	c5d90b39bf2d69ded4556152d44a701c9c2baf73ec7b4b9a94ceeb26ae7b60e1	27950
raw	zone_wide_door_geometry_v3/robots/r3/rgb/00426.png	c5d90b39bf2d69ded4556152d44a701c9c2baf73ec7b4b9a94ceeb26ae7b60e1	27950
raw	zone_wide_door_geometry_v3/robots/r3/rgb/00427.png	c5d90b39bf2d69ded4556152d44a701c9c2baf73ec7b4b9a94ceeb26ae7b60e1	27950
raw	zone_wide_door_geometry_v3/robots/r3/rgb/00428.png	c5d90b39bf2d69ded4556152d44a701c9c2baf73ec7b4b9a94ceeb26ae7b60e1	27950
raw	zone_wide_door_geometry_v3/robots/r3/rgb/00429.png	c5d90b39bf2d69ded4556152d44a701c9c2baf73ec7b4b9a94ceeb26ae7b60e1	27950
raw	zone_wide_door_geometry_v3/robots/r3/rgb/00430.png	c5d90b39bf2d69ded4556152d44a701c9c2baf73ec7b4b9a94ceeb26ae7b60e1	27950
raw	zone_wide_door_geometry_v3/robots/r3/rgb/00431.png	c5d90b39bf2d69ded4556152d44a701c9c2baf73ec7b4b9a94ceeb26ae7b60e1	27950
raw	zone_wide_door_geometry_v3/robots/r3/rgb/00432.png	c5d90b39bf2d69ded4556152d44a701c9c2baf73ec7b4b9a94ceeb26ae7b60e1	27950
raw	zone_wide_door_geometry_v3/robots/r3/rgb/00433.png	c5d90b39bf2d69ded4556152d44a701c9c2baf73ec7b4b9a94ceeb26ae7b60e1	27950
raw	zone_wide_door_geometry_v3/robots/r3/rgb/00434.png	c5d90b39bf2d69ded4556152d44a701c9c2baf73ec7b4b9a94ceeb26ae7b60e1	27950
raw	zone_wide_door_geometry_v3/robots/r3/rgb/00435.png	c5d90b39bf2d69ded4556152d44a701c9c2baf73ec7b4b9a94ceeb26ae7b60e1	27950
raw	zone_wide_door_geometry_v3/robots/r3/rgb/00436.png	c5d90b39bf2d69ded4556152d44a701c9c2baf73ec7b4b9a94ceeb26ae7b60e1	27950
raw	zone_wide_door_geometry_v3/robots/r3/rgb/00437.png	c5d90b39bf2d69ded4556152d44a701c9c2baf73ec7b4b9a94ceeb26ae7b60e1	27950
raw	zone_wide_door_geometry_v3/robots/r3/rgb/00438.png	c5d90b39bf2d69ded4556152d44a701c9c2baf73ec7b4b9a94ceeb26ae7b60e1	27950
raw	zone_wide_door_geometry_v3/robots/r3/rgb/00439.png	c5d90b39bf2d69ded4556152d44a701c9c2baf73ec7b4b9a94ceeb26ae7b60e1	27950
raw	zone_wide_door_geometry_v3/robots/r3/rgb/00440.png	c5d90b39bf2d69ded4556152d44a701c9c2baf73ec7b4b9a94ceeb26ae7b60e1	27950
raw	zone_wide_door_geometry_v3/robots/r3/rgb/00441.png	c5d90b39bf2d69ded4556152d44a701c9c2baf73ec7b4b9a94ceeb26ae7b60e1	27950
raw	zone_wide_door_geometry_v3/robots/r3/rgb/00442.png	c5d90b39bf2d69ded4556152d44a701c9c2baf73ec7b4b9a94ceeb26ae7b60e1	27950
raw	zone_wide_door_geometry_v3/robots/r3/rgb/00443.png	c5d90b39bf2d69ded4556152d44a701c9c2baf73ec7b4b9a94ceeb26ae7b60e1	27950
raw	zone_wide_door_geometry_v3/robots/r3/rgb/00444.png	c5d90b39bf2d69ded4556152d44a701c9c2baf73ec7b4b9a94ceeb26ae7b60e1	27950
raw	zone_wide_door_geometry_v3/robots/r3/rgb/00445.png	c5d90b39bf2d69ded4556152d44a701c9c2baf73ec7b4b9a94ceeb26ae7b60e1	27950
raw	zone_wide_door_geometry_v3/robots/r3/rgb/00446.png	c5d90b39bf2d69ded4556152d44a701c9c2baf73ec7b4b9a94ceeb26ae7b60e1	27950
raw	zone_wide_door_geometry_v3/robots/r3/rgb/00447.png	c5d90b39bf2d69ded4556152d44a701c9c2baf73ec7b4b9a94ceeb26ae7b60e1	27950
raw	zone_wide_door_geometry_v3/robots/r3/rgb/00448.png	c5d90b39bf2d69ded4556152d44a701c9c2baf73ec7b4b9a94ceeb26ae7b60e1	27950
raw	zone_wide_door_geometry_v3/robots/r3/rgb/00449.png	c5d90b39bf2d69ded4556152d44a701c9c2baf73ec7b4b9a94ceeb26ae7b60e1	27950
raw	zone_wide_door_geometry_v3/robots/r3/rgb/00450.png	c5d90b39bf2d69ded4556152d44a701c9c2baf73ec7b4b9a94ceeb26ae7b60e1	27950
raw	zone_wide_door_geometry_v3/robots/r3/rgb/00451.png	c5d90b39bf2d69ded4556152d44a701c9c2baf73ec7b4b9a94ceeb26ae7b60e1	27950
raw	zone_wide_door_geometry_v3/robots/r3/rgb/00452.png	c5d90b39bf2d69ded4556152d44a701c9c2baf73ec7b4b9a94ceeb26ae7b60e1	27950
raw	zone_wide_door_geometry_v3/robots/r3/rgb/00453.png	c5d90b39bf2d69ded4556152d44a701c9c2baf73ec7b4b9a94ceeb26ae7b60e1	27950
raw	zone_wide_door_geometry_v3/robots/r3/rgb/00454.png	c5d90b39bf2d69ded4556152d44a701c9c2baf73ec7b4b9a94ceeb26ae7b60e1	27950
raw	zone_wide_door_geometry_v3/robots/r3/rgb/00455.png	c5d90b39bf2d69ded4556152d44a701c9c2baf73ec7b4b9a94ceeb26ae7b60e1	27950
raw	zone_wide_door_geometry_v3/robots/r3/rgb/00456.png	c5d90b39bf2d69ded4556152d44a701c9c2baf73ec7b4b9a94ceeb26ae7b60e1	27950
raw	zone_wide_door_geometry_v3/robots/r3/rgb/00457.png	c5d90b39bf2d69ded4556152d44a701c9c2baf73ec7b4b9a94ceeb26ae7b60e1	27950
raw	zone_wide_door_geometry_v3/robots/r3/rgb/00458.png	c5d90b39bf2d69ded4556152d44a701c9c2baf73ec7b4b9a94ceeb26ae7b60e1	27950
raw	zone_wide_door_geometry_v3/robots/r3/rgb/00459.png	c5d90b39bf2d69ded4556152d44a701c9c2baf73ec7b4b9a94ceeb26ae7b60e1	27950
raw	zone_wide_door_geometry_v3/robots/r3/rgb/00460.png	c5d90b39bf2d69ded4556152d44a701c9c2baf73ec7b4b9a94ceeb26ae7b60e1	27950
raw	zone_wide_door_geometry_v3/robots/r3/rgb/00461.png	c5d90b39bf2d69ded4556152d44a701c9c2baf73ec7b4b9a94ceeb26ae7b60e1	27950
raw	zone_wide_door_geometry_v3/robots/r3/rgb/00462.png	c5d90b39bf2d69ded4556152d44a701c9c2baf73ec7b4b9a94ceeb26ae7b60e1	27950
raw	zone_wide_door_geometry_v3/robots/r3/rgb/00463.png	c5d90b39bf2d69ded4556152d44a701c9c2baf73ec7b4b9a94ceeb26ae7b60e1	27950
raw	zone_wide_door_geometry_v3/robots/r3/rgb/00464.png	c5d90b39bf2d69ded4556152d44a701c9c2baf73ec7b4b9a94ceeb26ae7b60e1	27950
raw	zone_wide_door_geometry_v3/robots/r3/rgb/00465.png	c5d90b39bf2d69ded4556152d44a701c9c2baf73ec7b4b9a94ceeb26ae7b60e1	27950
raw	zone_wide_door_geometry_v3/robots/r3/rgb/00466.png	c5d90b39bf2d69ded4556152d44a701c9c2baf73ec7b4b9a94ceeb26ae7b60e1	27950
raw	zone_wide_door_geometry_v3/robots/r3/rgb/00467.png	c5d90b39bf2d69ded4556152d44a701c9c2baf73ec7b4b9a94ceeb26ae7b60e1	27950
raw	zone_wide_door_geometry_v3/robots/r3/rgb/00468.png	c5d90b39bf2d69ded4556152d44a701c9c2baf73ec7b4b9a94ceeb26ae7b60e1	27950
raw	zone_wide_door_geometry_v3/robots/r3/rgb/00469.png	c5d90b39bf2d69ded4556152d44a701c9c2baf73ec7b4b9a94ceeb26ae7b60e1	27950
raw	zone_wide_door_geometry_v3/robots/r3/rgb/00470.png	c5d90b39bf2d69ded4556152d44a701c9c2baf73ec7b4b9a94ceeb26ae7b60e1	27950
raw	zone_wide_door_geometry_v3/robots/r3/rgb/00471.png	c5d90b39bf2d69ded4556152d44a701c9c2baf73ec7b4b9a94ceeb26ae7b60e1	27950
raw	zone_wide_door_geometry_v3/robots/r3/rgb/00472.png	c5d90b39bf2d69ded4556152d44a701c9c2baf73ec7b4b9a94ceeb26ae7b60e1	27950
raw	zone_wide_door_geometry_v3/robots/r3/rgb/00473.png	c5d90b39bf2d69ded4556152d44a701c9c2baf73ec7b4b9a94ceeb26ae7b60e1	27950
raw	zone_wide_door_geometry_v3/robots/r3/rgb/00474.png	c5d90b39bf2d69ded4556152d44a701c9c2baf73ec7b4b9a94ceeb26ae7b60e1	27950
raw	zone_wide_door_geometry_v3/robots/r3/rgb/00475.png	c5d90b39bf2d69ded4556152d44a701c9c2baf73ec7b4b9a94ceeb26ae7b60e1	27950
raw	zone_wide_door_geometry_v3/robots/r3/rgb/00476.png	c5d90b39bf2d69ded4556152d44a701c9c2baf73ec7b4b9a94ceeb26ae7b60e1	27950
raw	zone_wide_door_geometry_v3/robots/r3/rgb/00477.png	c5d90b39bf2d69ded4556152d44a701c9c2baf73ec7b4b9a94ceeb26ae7b60e1	27950
raw	zone_wide_door_geometry_v3/robots/r3/rgb/00478.png	c5d90b39bf2d69ded4556152d44a701c9c2baf73ec7b4b9a94ceeb26ae7b60e1	27950
raw	zone_wide_door_geometry_v3/robots/r3/rgb/00479.png	c5d90b39bf2d69ded4556152d44a701c9c2baf73ec7b4b9a94ceeb26ae7b60e1	27950
raw	zone_wide_door_geometry_v3/robots/r3/rgb/00480.png	c5d90b39bf2d69ded4556152d44a701c9c2baf73ec7b4b9a94ceeb26ae7b60e1	27950
raw	zone_wide_door_geometry_v3/robots/r3/rgb/00481.png	c5d90b39bf2d69ded4556152d44a701c9c2baf73ec7b4b9a94ceeb26ae7b60e1	27950
raw	zone_wide_door_geometry_v3/robots/r3/rgb/00482.png	c5d90b39bf2d69ded4556152d44a701c9c2baf73ec7b4b9a94ceeb26ae7b60e1	27950
raw	zone_wide_door_geometry_v3/robots/r3/rgb/00483.png	c5d90b39bf2d69ded4556152d44a701c9c2baf73ec7b4b9a94ceeb26ae7b60e1	27950
raw	zone_wide_door_geometry_v3/robots/r3/rgb/00484.png	c5d90b39bf2d69ded4556152d44a701c9c2baf73ec7b4b9a94ceeb26ae7b60e1	27950
raw	zone_wide_door_geometry_v3/robots/r3/rgb/00485.png	c5d90b39bf2d69ded4556152d44a701c9c2baf73ec7b4b9a94ceeb26ae7b60e1	27950
raw	zone_wide_door_geometry_v3/robots/r3/rgb/00486.png	c5d90b39bf2d69ded4556152d44a701c9c2baf73ec7b4b9a94ceeb26ae7b60e1	27950
raw	zone_wide_door_geometry_v3/robots/r3/rgb/00487.png	c5d90b39bf2d69ded4556152d44a701c9c2baf73ec7b4b9a94ceeb26ae7b60e1	27950
raw	zone_wide_door_geometry_v3/robots/r3/rgb/00488.png	c5d90b39bf2d69ded4556152d44a701c9c2baf73ec7b4b9a94ceeb26ae7b60e1	27950
raw	zone_wide_door_geometry_v3/robots/r3/rgb/00489.png	c5d90b39bf2d69ded4556152d44a701c9c2baf73ec7b4b9a94ceeb26ae7b60e1	27950
raw	zone_wide_door_geometry_v3/robots/r3/rgb/00490.png	c5d90b39bf2d69ded4556152d44a701c9c2baf73ec7b4b9a94ceeb26ae7b60e1	27950
raw	zone_wide_door_geometry_v3/robots/r3/rgb/00491.png	c5d90b39bf2d69ded4556152d44a701c9c2baf73ec7b4b9a94ceeb26ae7b60e1	27950
raw	zone_wide_door_geometry_v3/robots/r3/rgb/00492.png	c5d90b39bf2d69ded4556152d44a701c9c2baf73ec7b4b9a94ceeb26ae7b60e1	27950
raw	zone_wide_door_geometry_v3/robots/r3/rgb/00493.png	c5d90b39bf2d69ded4556152d44a701c9c2baf73ec7b4b9a94ceeb26ae7b60e1	27950
raw	zone_wide_door_geometry_v3/robots/r3/rgb/00494.png	c5d90b39bf2d69ded4556152d44a701c9c2baf73ec7b4b9a94ceeb26ae7b60e1	27950
raw	zone_wide_door_geometry_v3/robots/r3/rgb/00495.png	c5d90b39bf2d69ded4556152d44a701c9c2baf73ec7b4b9a94ceeb26ae7b60e1	27950
raw	zone_wide_door_geometry_v3/robots/r3/rgb/00496.png	c5d90b39bf2d69ded4556152d44a701c9c2baf73ec7b4b9a94ceeb26ae7b60e1	27950
raw	zone_wide_door_geometry_v3/robots/r3/rgb/00497.png	c5d90b39bf2d69ded4556152d44a701c9c2baf73ec7b4b9a94ceeb26ae7b60e1	27950
raw	zone_wide_door_geometry_v3/robots/r3/rgb/00498.png	c5d90b39bf2d69ded4556152d44a701c9c2baf73ec7b4b9a94ceeb26ae7b60e1	27950
raw	zone_wide_door_geometry_v3/robots/r3/rgb/00499.png	c5d90b39bf2d69ded4556152d44a701c9c2baf73ec7b4b9a94ceeb26ae7b60e1	27950
raw	zone_wide_door_geometry_v3/robots/r3/rgb/00500.png	c5d90b39bf2d69ded4556152d44a701c9c2baf73ec7b4b9a94ceeb26ae7b60e1	27950
raw	zone_wide_door_geometry_v3/robots/r3/rgb/00501.png	c5d90b39bf2d69ded4556152d44a701c9c2baf73ec7b4b9a94ceeb26ae7b60e1	27950
raw	zone_wide_door_geometry_v3/robots/r3/rgb/00502.png	c5d90b39bf2d69ded4556152d44a701c9c2baf73ec7b4b9a94ceeb26ae7b60e1	27950
raw	zone_wide_door_geometry_v3/robots/r3/rgb/00503.png	c5d90b39bf2d69ded4556152d44a701c9c2baf73ec7b4b9a94ceeb26ae7b60e1	27950
raw	zone_wide_door_geometry_v3/robots/r3/rgb/00504.png	c5d90b39bf2d69ded4556152d44a701c9c2baf73ec7b4b9a94ceeb26ae7b60e1	27950
raw	zone_wide_door_geometry_v3/robots/r3/rgb/00505.png	c5d90b39bf2d69ded4556152d44a701c9c2baf73ec7b4b9a94ceeb26ae7b60e1	27950
raw	zone_wide_door_geometry_v3/robots/r3/rgb/00506.png	c5d90b39bf2d69ded4556152d44a701c9c2baf73ec7b4b9a94ceeb26ae7b60e1	27950
raw	zone_wide_door_geometry_v3/robots/r3/rgb/00507.png	c5d90b39bf2d69ded4556152d44a701c9c2baf73ec7b4b9a94ceeb26ae7b60e1	27950
raw	zone_wide_door_geometry_v3/robots/r3/rgb/00508.png	c5d90b39bf2d69ded4556152d44a701c9c2baf73ec7b4b9a94ceeb26ae7b60e1	27950
raw	zone_wide_door_geometry_v3/robots/r3/rgb/00509.png	c5d90b39bf2d69ded4556152d44a701c9c2baf73ec7b4b9a94ceeb26ae7b60e1	27950
raw	zone_wide_door_geometry_v3/robots/r3/rgb/00510.png	c5d90b39bf2d69ded4556152d44a701c9c2baf73ec7b4b9a94ceeb26ae7b60e1	27950
raw	zone_wide_door_geometry_v3/robots/r3/rgb/00511.png	c5d90b39bf2d69ded4556152d44a701c9c2baf73ec7b4b9a94ceeb26ae7b60e1	27950
raw	zone_wide_door_geometry_v3/robots/r3/rgb/00512.png	c5d90b39bf2d69ded4556152d44a701c9c2baf73ec7b4b9a94ceeb26ae7b60e1	27950
raw	zone_wide_door_geometry_v3/robots/r3/rgb/00513.png	c5d90b39bf2d69ded4556152d44a701c9c2baf73ec7b4b9a94ceeb26ae7b60e1	27950
raw	zone_wide_door_geometry_v3/robots/r3/rgb/00514.png	c5d90b39bf2d69ded4556152d44a701c9c2baf73ec7b4b9a94ceeb26ae7b60e1	27950
raw	zone_wide_door_geometry_v3/robots/r3/rgb/00515.png	c5d90b39bf2d69ded4556152d44a701c9c2baf73ec7b4b9a94ceeb26ae7b60e1	27950
raw	zone_wide_door_geometry_v3/robots/r3/rgb/00516.png	c5d90b39bf2d69ded4556152d44a701c9c2baf73ec7b4b9a94ceeb26ae7b60e1	27950
raw	zone_wide_door_geometry_v3/robots/r3/rgb/00517.png	c5d90b39bf2d69ded4556152d44a701c9c2baf73ec7b4b9a94ceeb26ae7b60e1	27950
raw	zone_wide_door_geometry_v3/robots/r3/rgb/00518.png	c5d90b39bf2d69ded4556152d44a701c9c2baf73ec7b4b9a94ceeb26ae7b60e1	27950
raw	zone_wide_door_geometry_v3/robots/r3/rgb/00519.png	c5d90b39bf2d69ded4556152d44a701c9c2baf73ec7b4b9a94ceeb26ae7b60e1	27950
raw	zone_wide_door_geometry_v3/robots/r3/rgb/00520.png	c5d90b39bf2d69ded4556152d44a701c9c2baf73ec7b4b9a94ceeb26ae7b60e1	27950
raw	zone_wide_door_geometry_v3/robots/r3/rgb/00521.png	c5d90b39bf2d69ded4556152d44a701c9c2baf73ec7b4b9a94ceeb26ae7b60e1	27950
raw	zone_wide_door_geometry_v3/robots/r3/rgb/00522.png	c5d90b39bf2d69ded4556152d44a701c9c2baf73ec7b4b9a94ceeb26ae7b60e1	27950
raw	zone_wide_door_geometry_v3/robots/r3/rgb/00523.png	c5d90b39bf2d69ded4556152d44a701c9c2baf73ec7b4b9a94ceeb26ae7b60e1	27950
raw	zone_wide_door_geometry_v3/robots/r3/rgb/00524.png	c5d90b39bf2d69ded4556152d44a701c9c2baf73ec7b4b9a94ceeb26ae7b60e1	27950
raw	zone_wide_door_geometry_v3/robots/r3/rgb/00525.png	c5d90b39bf2d69ded4556152d44a701c9c2baf73ec7b4b9a94ceeb26ae7b60e1	27950
raw	zone_wide_door_geometry_v3/robots/r3/rgb/00526.png	c5d90b39bf2d69ded4556152d44a701c9c2baf73ec7b4b9a94ceeb26ae7b60e1	27950
raw	zone_wide_door_geometry_v3/robots/r3/rgb/00527.png	c5d90b39bf2d69ded4556152d44a701c9c2baf73ec7b4b9a94ceeb26ae7b60e1	27950
raw	zone_wide_door_geometry_v3/robots/r3/rgb/00528.png	c5d90b39bf2d69ded4556152d44a701c9c2baf73ec7b4b9a94ceeb26ae7b60e1	27950
raw	zone_wide_door_geometry_v3/robots/r3/rgb/00529.png	c5d90b39bf2d69ded4556152d44a701c9c2baf73ec7b4b9a94ceeb26ae7b60e1	27950
raw	zone_wide_door_geometry_v3/robots/r3/rgb/00530.png	c5d90b39bf2d69ded4556152d44a701c9c2baf73ec7b4b9a94ceeb26ae7b60e1	27950
raw	zone_wide_door_geometry_v3/robots/r3/rgb/00531.png	c5d90b39bf2d69ded4556152d44a701c9c2baf73ec7b4b9a94ceeb26ae7b60e1	27950
raw	zone_wide_door_geometry_v3/robots/r3/rgb/00532.png	c5d90b39bf2d69ded4556152d44a701c9c2baf73ec7b4b9a94ceeb26ae7b60e1	27950
raw	zone_wide_door_geometry_v3/robots/r3/rgb/00533.png	c5d90b39bf2d69ded4556152d44a701c9c2baf73ec7b4b9a94ceeb26ae7b60e1	27950
raw	zone_wide_door_geometry_v3/robots/r3/rgb/00534.png	c5d90b39bf2d69ded4556152d44a701c9c2baf73ec7b4b9a94ceeb26ae7b60e1	27950
raw	zone_wide_door_geometry_v3/robots/r3/rgb/00535.png	c5d90b39bf2d69ded4556152d44a701c9c2baf73ec7b4b9a94ceeb26ae7b60e1	27950
raw	zone_wide_door_geometry_v3/robots/r3/rgb/00536.png	c5d90b39bf2d69ded4556152d44a701c9c2baf73ec7b4b9a94ceeb26ae7b60e1	27950
raw	zone_wide_door_geometry_v3/robots/r3/rgb/00537.png	c5d90b39bf2d69ded4556152d44a701c9c2baf73ec7b4b9a94ceeb26ae7b60e1	27950
raw	zone_wide_door_geometry_v3/robots/r3/rgb/00538.png	c5d90b39bf2d69ded4556152d44a701c9c2baf73ec7b4b9a94ceeb26ae7b60e1	27950
raw	zone_wide_door_geometry_v3/robots/r3/rgb/00539.png	c5d90b39bf2d69ded4556152d44a701c9c2baf73ec7b4b9a94ceeb26ae7b60e1	27950
raw	zone_wide_door_geometry_v3/robots/r3/rgb/00540.png	c5d90b39bf2d69ded4556152d44a701c9c2baf73ec7b4b9a94ceeb26ae7b60e1	27950
raw	zone_wide_door_geometry_v3/robots/r3/rgb/00541.png	c5d90b39bf2d69ded4556152d44a701c9c2baf73ec7b4b9a94ceeb26ae7b60e1	27950
raw	zone_wide_door_geometry_v3/robots/r3/rgb/00542.png	c5d90b39bf2d69ded4556152d44a701c9c2baf73ec7b4b9a94ceeb26ae7b60e1	27950
raw	zone_wide_door_geometry_v3/robots/r3/rgb/00543.png	c5d90b39bf2d69ded4556152d44a701c9c2baf73ec7b4b9a94ceeb26ae7b60e1	27950
raw	zone_wide_door_geometry_v3/robots/r3/rgb/00544.png	c5d90b39bf2d69ded4556152d44a701c9c2baf73ec7b4b9a94ceeb26ae7b60e1	27950
raw	zone_wide_door_geometry_v3/robots/r3/rgb/00545.png	c5d90b39bf2d69ded4556152d44a701c9c2baf73ec7b4b9a94ceeb26ae7b60e1	27950
raw	zone_wide_door_geometry_v3/robots/r3/rgb/00546.png	c5d90b39bf2d69ded4556152d44a701c9c2baf73ec7b4b9a94ceeb26ae7b60e1	27950
raw	zone_wide_door_geometry_v3/robots/r3/rgb/00547.png	c5d90b39bf2d69ded4556152d44a701c9c2baf73ec7b4b9a94ceeb26ae7b60e1	27950
raw	zone_wide_door_geometry_v3/robots/r3/rgb/00548.png	c5d90b39bf2d69ded4556152d44a701c9c2baf73ec7b4b9a94ceeb26ae7b60e1	27950
raw	zone_wide_door_geometry_v3/robots/r3/rgb/00549.png	c5d90b39bf2d69ded4556152d44a701c9c2baf73ec7b4b9a94ceeb26ae7b60e1	27950
raw	zone_wide_door_geometry_v3/robots/r3/rgb/00550.png	c5d90b39bf2d69ded4556152d44a701c9c2baf73ec7b4b9a94ceeb26ae7b60e1	27950
raw	zone_wide_door_geometry_v3/robots/r3/rgb/00551.png	c5d90b39bf2d69ded4556152d44a701c9c2baf73ec7b4b9a94ceeb26ae7b60e1	27950
raw	zone_wide_door_geometry_v3/robots/r3/rgb/00552.png	c5d90b39bf2d69ded4556152d44a701c9c2baf73ec7b4b9a94ceeb26ae7b60e1	27950
raw	zone_wide_door_geometry_v3/robots/r3/rgb/00553.png	c5d90b39bf2d69ded4556152d44a701c9c2baf73ec7b4b9a94ceeb26ae7b60e1	27950
raw	zone_wide_door_geometry_v3/robots/r3/rgb/00554.png	c5d90b39bf2d69ded4556152d44a701c9c2baf73ec7b4b9a94ceeb26ae7b60e1	27950
raw	zone_wide_door_geometry_v3/robots/r3/rgb/00555.png	c5d90b39bf2d69ded4556152d44a701c9c2baf73ec7b4b9a94ceeb26ae7b60e1	27950
raw	zone_wide_door_geometry_v3/robots/r3/rgb/00556.png	c5d90b39bf2d69ded4556152d44a701c9c2baf73ec7b4b9a94ceeb26ae7b60e1	27950
raw	zone_wide_door_geometry_v3/robots/r3/rgb/00557.png	c5d90b39bf2d69ded4556152d44a701c9c2baf73ec7b4b9a94ceeb26ae7b60e1	27950
raw	zone_wide_door_geometry_v3/robots/r3/rgb/00558.png	c5d90b39bf2d69ded4556152d44a701c9c2baf73ec7b4b9a94ceeb26ae7b60e1	27950
raw	zone_wide_door_geometry_v3/robots/r3/rgb/00559.png	c5d90b39bf2d69ded4556152d44a701c9c2baf73ec7b4b9a94ceeb26ae7b60e1	27950
raw	zone_wide_door_geometry_v3/robots/r3/rgb/00560.png	c5d90b39bf2d69ded4556152d44a701c9c2baf73ec7b4b9a94ceeb26ae7b60e1	27950
raw	zone_wide_door_geometry_v3/robots/r3/rgb/00561.png	c5d90b39bf2d69ded4556152d44a701c9c2baf73ec7b4b9a94ceeb26ae7b60e1	27950
raw	zone_wide_door_geometry_v3/robots/r3/rgb/00562.png	c5d90b39bf2d69ded4556152d44a701c9c2baf73ec7b4b9a94ceeb26ae7b60e1	27950
raw	zone_wide_door_geometry_v3/robots/r3/rgb/00563.png	c5d90b39bf2d69ded4556152d44a701c9c2baf73ec7b4b9a94ceeb26ae7b60e1	27950
raw	zone_wide_door_geometry_v3/robots/r3/rgb/00564.png	c5d90b39bf2d69ded4556152d44a701c9c2baf73ec7b4b9a94ceeb26ae7b60e1	27950
raw	zone_wide_door_geometry_v3/robots/r3/rgb/00565.png	c5d90b39bf2d69ded4556152d44a701c9c2baf73ec7b4b9a94ceeb26ae7b60e1	27950
raw	zone_wide_door_geometry_v3/robots/r3/rgb/00566.png	c5d90b39bf2d69ded4556152d44a701c9c2baf73ec7b4b9a94ceeb26ae7b60e1	27950
raw	zone_wide_door_geometry_v3/robots/r3/rgb/00567.png	c5d90b39bf2d69ded4556152d44a701c9c2baf73ec7b4b9a94ceeb26ae7b60e1	27950
raw	zone_wide_door_geometry_v3/robots/r3/rgb/00568.png	c5d90b39bf2d69ded4556152d44a701c9c2baf73ec7b4b9a94ceeb26ae7b60e1	27950
raw	zone_wide_door_geometry_v3/robots/r3/rgb/00569.png	c5d90b39bf2d69ded4556152d44a701c9c2baf73ec7b4b9a94ceeb26ae7b60e1	27950
raw	zone_wide_door_geometry_v3/robots/r3/rgb/00570.png	c5d90b39bf2d69ded4556152d44a701c9c2baf73ec7b4b9a94ceeb26ae7b60e1	27950
raw	zone_wide_door_geometry_v3/robots/r3/rgb/00571.png	c5d90b39bf2d69ded4556152d44a701c9c2baf73ec7b4b9a94ceeb26ae7b60e1	27950
raw	zone_wide_door_geometry_v3/robots/r3/rgb/00572.png	c5d90b39bf2d69ded4556152d44a701c9c2baf73ec7b4b9a94ceeb26ae7b60e1	27950
raw	zone_wide_door_geometry_v3/robots/r3/rgb/00573.png	c5d90b39bf2d69ded4556152d44a701c9c2baf73ec7b4b9a94ceeb26ae7b60e1	27950
raw	zone_wide_door_geometry_v3/robots/r3/rgb/00574.png	c5d90b39bf2d69ded4556152d44a701c9c2baf73ec7b4b9a94ceeb26ae7b60e1	27950
raw	zone_wide_door_geometry_v3/robots/r3/rgb/00575.png	c5d90b39bf2d69ded4556152d44a701c9c2baf73ec7b4b9a94ceeb26ae7b60e1	27950
raw	zone_wide_door_geometry_v3/robots/r3/rgb/00576.png	c5d90b39bf2d69ded4556152d44a701c9c2baf73ec7b4b9a94ceeb26ae7b60e1	27950
raw	zone_wide_door_geometry_v3/robots/r3/rgb/00577.png	c5d90b39bf2d69ded4556152d44a701c9c2baf73ec7b4b9a94ceeb26ae7b60e1	27950
raw	zone_wide_door_geometry_v3/robots/r3/rgb/00578.png	c5d90b39bf2d69ded4556152d44a701c9c2baf73ec7b4b9a94ceeb26ae7b60e1	27950
raw	zone_wide_door_geometry_v3/robots/r3/rgb/00579.png	c5d90b39bf2d69ded4556152d44a701c9c2baf73ec7b4b9a94ceeb26ae7b60e1	27950
raw	zone_wide_door_geometry_v3/robots/r3/rgb/00580.png	c5d90b39bf2d69ded4556152d44a701c9c2baf73ec7b4b9a94ceeb26ae7b60e1	27950
raw	zone_wide_door_geometry_v3/robots/r3/rgb/00581.png	c5d90b39bf2d69ded4556152d44a701c9c2baf73ec7b4b9a94ceeb26ae7b60e1	27950
raw	zone_wide_door_geometry_v3/robots/r3/rgb/00582.png	c5d90b39bf2d69ded4556152d44a701c9c2baf73ec7b4b9a94ceeb26ae7b60e1	27950
raw	zone_wide_door_geometry_v3/robots/r3/rgb/00583.png	c5d90b39bf2d69ded4556152d44a701c9c2baf73ec7b4b9a94ceeb26ae7b60e1	27950
raw	zone_wide_door_geometry_v3/robots/r3/rgb/00584.png	c5d90b39bf2d69ded4556152d44a701c9c2baf73ec7b4b9a94ceeb26ae7b60e1	27950
raw	zone_wide_door_geometry_v3/robots/r3/rgb/00585.png	c5d90b39bf2d69ded4556152d44a701c9c2baf73ec7b4b9a94ceeb26ae7b60e1	27950
raw	zone_wide_door_geometry_v3/robots/r3/rgb/00586.png	c5d90b39bf2d69ded4556152d44a701c9c2baf73ec7b4b9a94ceeb26ae7b60e1	27950
raw	zone_wide_door_geometry_v3/robots/r3/rgb/00587.png	c5d90b39bf2d69ded4556152d44a701c9c2baf73ec7b4b9a94ceeb26ae7b60e1	27950
raw	zone_wide_door_geometry_v3/robots/r3/rgb/00588.png	c5d90b39bf2d69ded4556152d44a701c9c2baf73ec7b4b9a94ceeb26ae7b60e1	27950
raw	zone_wide_door_geometry_v3/robots/r3/rgb/00589.png	c5d90b39bf2d69ded4556152d44a701c9c2baf73ec7b4b9a94ceeb26ae7b60e1	27950
raw	zone_wide_door_geometry_v3/robots/r3/rgb/00590.png	c5d90b39bf2d69ded4556152d44a701c9c2baf73ec7b4b9a94ceeb26ae7b60e1	27950
raw	zone_wide_door_geometry_v3/robots/r3/rgb/00591.png	c5d90b39bf2d69ded4556152d44a701c9c2baf73ec7b4b9a94ceeb26ae7b60e1	27950
raw	zone_wide_door_geometry_v3/robots/r3/rgb/00592.png	c5d90b39bf2d69ded4556152d44a701c9c2baf73ec7b4b9a94ceeb26ae7b60e1	27950
raw	zone_wide_door_geometry_v3/robots/r3/rgb/00593.png	c5d90b39bf2d69ded4556152d44a701c9c2baf73ec7b4b9a94ceeb26ae7b60e1	27950
raw	zone_wide_door_geometry_v3/robots/r3/rgb/00594.png	c5d90b39bf2d69ded4556152d44a701c9c2baf73ec7b4b9a94ceeb26ae7b60e1	27950
raw	zone_wide_door_geometry_v3/robots/r3/rgb/00595.png	c5d90b39bf2d69ded4556152d44a701c9c2baf73ec7b4b9a94ceeb26ae7b60e1	27950
raw	zone_wide_door_geometry_v3/robots/r3/rgb/00596.png	c5d90b39bf2d69ded4556152d44a701c9c2baf73ec7b4b9a94ceeb26ae7b60e1	27950
raw	zone_wide_door_geometry_v3/robots/r3/rgb/00597.png	c5d90b39bf2d69ded4556152d44a701c9c2baf73ec7b4b9a94ceeb26ae7b60e1	27950
raw	zone_wide_door_geometry_v3/robots/r3/rgb/00598.png	c5d90b39bf2d69ded4556152d44a701c9c2baf73ec7b4b9a94ceeb26ae7b60e1	27950
raw	zone_wide_door_geometry_v3/robots/r3/rgb/00599.png	c5d90b39bf2d69ded4556152d44a701c9c2baf73ec7b4b9a94ceeb26ae7b60e1	27950
raw	zone_wide_door_geometry_v3/robots/r3/rgb/00600.png	c5d90b39bf2d69ded4556152d44a701c9c2baf73ec7b4b9a94ceeb26ae7b60e1	27950
raw	zone_wide_door_geometry_v3/scene.json	fc2c5e8d9d720ce1f45cbcd454029dce0e28b67cb86fbeb4308fd983b4adafc4	3083
raw	zone_wide_door_geometry_v3/scene.xml	77a0bb86c332c88fec1de67b4f56fe69b08f25628f5f3818c4806148b981c788	332032
raw	zone_wide_two_doors_final_v3/artifacts.sha256.json	ee668ee3b572fe4b2893c8b1b9d8bc9843f9437957ec540eb194939bf6ea5eef	176515
raw	zone_wide_two_doors_final_v3/bundle.json	3c43ddf032af9e8e2da515ab193d03b4268fdd8d346f79d57db6d09f6e779cfd	21740
raw	zone_wide_two_doors_final_v3/eval_only/applied.json	20ff637c60a0c48827e2d434c59d45d9adbecc4a76f343dea635d33ff96c4e21	2881
raw	zone_wide_two_doors_final_v3/eval_only/contacts.jsonl	770567353e005dae06f084904b1dc6b632a4df07fb84c84155ef955ca623c5ad	8817540
raw	zone_wide_two_doors_final_v3/eval_only/r1/camera_labels.jsonl	8ded49d1af76e5d65cc286c34d2effa2ab7e599f5f2a70f72e39259a77d9e948	438839
raw	zone_wide_two_doors_final_v3/eval_only/r2/camera_labels.jsonl	f3bbe715fb3a30b33f051de6e3070647b63871946dada121d44d202dce95ddbc	439942
raw	zone_wide_two_doors_final_v3/eval_only/r3/camera_labels.jsonl	c15fb241e6ccb392f20316e7f58ebf9c7bf117e76e280a309cf319c274700669	439355
raw	zone_wide_two_doors_final_v3/eval_only/setup.json	1a612a7ca31f38ac49e6ccfe9585c84beea5cb570daf0a58d688d5461cfe5b34	1677
raw	zone_wide_two_doors_final_v3/inputs/static_map.json	b6a61f7e748b995f13800aa0e4c3a0ec4a50dcd152fc75815225115d0354a41b	6493
raw	zone_wide_two_doors_final_v3/result.json	71e27361a8b0c8940dbece3c1ec75fda3e74a1866914ca3d05cd79ea8961f64d	550
raw	zone_wide_two_doors_final_v3/robots/r1/commands.jsonl	31436c6402b72de34a1465eb89c9a32c65e02b515e238f94c7e174f0e69584ae	10880
raw	zone_wide_two_doors_final_v3/robots/r1/frames.jsonl	5bc83f1d2fed8b5fe6bf9110acc6bf59dda48c6577aa4ddb8383790d5cd5c760	152130
raw	zone_wide_two_doors_final_v3/robots/r1/rgb/00000.png	491545e67689bdff9fa86d04f9ccf51c0b0c2a5a5f1c638964f1bdfded68ba1b	25704
raw	zone_wide_two_doors_final_v3/robots/r1/rgb/00001.png	491545e67689bdff9fa86d04f9ccf51c0b0c2a5a5f1c638964f1bdfded68ba1b	25704
raw	zone_wide_two_doors_final_v3/robots/r1/rgb/00002.png	491545e67689bdff9fa86d04f9ccf51c0b0c2a5a5f1c638964f1bdfded68ba1b	25704
raw	zone_wide_two_doors_final_v3/robots/r1/rgb/00003.png	491545e67689bdff9fa86d04f9ccf51c0b0c2a5a5f1c638964f1bdfded68ba1b	25704
raw	zone_wide_two_doors_final_v3/robots/r1/rgb/00004.png	491545e67689bdff9fa86d04f9ccf51c0b0c2a5a5f1c638964f1bdfded68ba1b	25704
raw	zone_wide_two_doors_final_v3/robots/r1/rgb/00005.png	491545e67689bdff9fa86d04f9ccf51c0b0c2a5a5f1c638964f1bdfded68ba1b	25704
raw	zone_wide_two_doors_final_v3/robots/r1/rgb/00006.png	491545e67689bdff9fa86d04f9ccf51c0b0c2a5a5f1c638964f1bdfded68ba1b	25704
raw	zone_wide_two_doors_final_v3/robots/r1/rgb/00007.png	491545e67689bdff9fa86d04f9ccf51c0b0c2a5a5f1c638964f1bdfded68ba1b	25704
raw	zone_wide_two_doors_final_v3/robots/r1/rgb/00008.png	491545e67689bdff9fa86d04f9ccf51c0b0c2a5a5f1c638964f1bdfded68ba1b	25704
raw	zone_wide_two_doors_final_v3/robots/r1/rgb/00009.png	491545e67689bdff9fa86d04f9ccf51c0b0c2a5a5f1c638964f1bdfded68ba1b	25704
raw	zone_wide_two_doors_final_v3/robots/r1/rgb/00010.png	491545e67689bdff9fa86d04f9ccf51c0b0c2a5a5f1c638964f1bdfded68ba1b	25704
raw	zone_wide_two_doors_final_v3/robots/r1/rgb/00011.png	491545e67689bdff9fa86d04f9ccf51c0b0c2a5a5f1c638964f1bdfded68ba1b	25704
raw	zone_wide_two_doors_final_v3/robots/r1/rgb/00012.png	491545e67689bdff9fa86d04f9ccf51c0b0c2a5a5f1c638964f1bdfded68ba1b	25704
raw	zone_wide_two_doors_final_v3/robots/r1/rgb/00013.png	491545e67689bdff9fa86d04f9ccf51c0b0c2a5a5f1c638964f1bdfded68ba1b	25704
raw	zone_wide_two_doors_final_v3/robots/r1/rgb/00014.png	491545e67689bdff9fa86d04f9ccf51c0b0c2a5a5f1c638964f1bdfded68ba1b	25704
raw	zone_wide_two_doors_final_v3/robots/r1/rgb/00015.png	491545e67689bdff9fa86d04f9ccf51c0b0c2a5a5f1c638964f1bdfded68ba1b	25704
raw	zone_wide_two_doors_final_v3/robots/r1/rgb/00016.png	c52a3885770385ba41726c47138641ecd3771473b2df87bdee1a91c1200b1d17	33165
raw	zone_wide_two_doors_final_v3/robots/r1/rgb/00017.png	b025bc0b6962ca5756043f802c2682a799837647ce411bdd4722c9b339471162	33302
raw	zone_wide_two_doors_final_v3/robots/r1/rgb/00018.png	e092bf97a77131697b2ce23316e82d351af28703ed0de78b3001700daf854996	33269
raw	zone_wide_two_doors_final_v3/robots/r1/rgb/00019.png	5c75e66cc3e6d9bf9304b993d6010724b5dd79726a2e8abd95c9678ba4afb917	33232
raw	zone_wide_two_doors_final_v3/robots/r1/rgb/00020.png	c1411d77a69342a9cf17fbc0961cf95a9087b6a3f8daa502c7d0cd96fca00662	33243
raw	zone_wide_two_doors_final_v3/robots/r1/rgb/00021.png	c1411d77a69342a9cf17fbc0961cf95a9087b6a3f8daa502c7d0cd96fca00662	33243
raw	zone_wide_two_doors_final_v3/robots/r1/rgb/00022.png	c1411d77a69342a9cf17fbc0961cf95a9087b6a3f8daa502c7d0cd96fca00662	33243
raw	zone_wide_two_doors_final_v3/robots/r1/rgb/00023.png	c1411d77a69342a9cf17fbc0961cf95a9087b6a3f8daa502c7d0cd96fca00662	33243
raw	zone_wide_two_doors_final_v3/robots/r1/rgb/00024.png	c1411d77a69342a9cf17fbc0961cf95a9087b6a3f8daa502c7d0cd96fca00662	33243
raw	zone_wide_two_doors_final_v3/robots/r1/rgb/00025.png	c1411d77a69342a9cf17fbc0961cf95a9087b6a3f8daa502c7d0cd96fca00662	33243
raw	zone_wide_two_doors_final_v3/robots/r1/rgb/00026.png	c1411d77a69342a9cf17fbc0961cf95a9087b6a3f8daa502c7d0cd96fca00662	33243
raw	zone_wide_two_doors_final_v3/robots/r1/rgb/00027.png	c1411d77a69342a9cf17fbc0961cf95a9087b6a3f8daa502c7d0cd96fca00662	33243
raw	zone_wide_two_doors_final_v3/robots/r1/rgb/00028.png	c1411d77a69342a9cf17fbc0961cf95a9087b6a3f8daa502c7d0cd96fca00662	33243
raw	zone_wide_two_doors_final_v3/robots/r1/rgb/00029.png	c1411d77a69342a9cf17fbc0961cf95a9087b6a3f8daa502c7d0cd96fca00662	33243
raw	zone_wide_two_doors_final_v3/robots/r1/rgb/00030.png	c1411d77a69342a9cf17fbc0961cf95a9087b6a3f8daa502c7d0cd96fca00662	33243
raw	zone_wide_two_doors_final_v3/robots/r1/rgb/00031.png	c0db2eeafef80138c7b0d58d13a249568a7507b8311c17246068a97fa2e125f4	37233
raw	zone_wide_two_doors_final_v3/robots/r1/rgb/00032.png	503af83723c7207e987e0affc5f782c3691bd3c4c6502e2ca6a367f28b9e8cfc	37107
raw	zone_wide_two_doors_final_v3/robots/r1/rgb/00033.png	dd051c42b3a14d424bd7bbb13e5b393f156d34ee96797272a19f3311ccae8cbe	37241
raw	zone_wide_two_doors_final_v3/robots/r1/rgb/00034.png	f33955a374a19bb83a4c05c2c4f4fc7b2b944e7f0b45d0a7fed0f4519cf27738	37222
raw	zone_wide_two_doors_final_v3/robots/r1/rgb/00035.png	30a991b3edbc93b54c77854a0383d17505efaabd999148f5bd6a4a826ff89ef8	37246
raw	zone_wide_two_doors_final_v3/robots/r1/rgb/00036.png	4ca2fc35dbd2c43a5d283bf1d476e5b2fad6acd65a8e8ccd9f0534edb8f85ffe	37244
raw	zone_wide_two_doors_final_v3/robots/r1/rgb/00037.png	30a991b3edbc93b54c77854a0383d17505efaabd999148f5bd6a4a826ff89ef8	37246
raw	zone_wide_two_doors_final_v3/robots/r1/rgb/00038.png	b7217e2453c12f11248f5cc0c2c72cdcd9b924527f93ca1b388723c54a3a0d0c	37230
raw	zone_wide_two_doors_final_v3/robots/r1/rgb/00039.png	4ca2fc35dbd2c43a5d283bf1d476e5b2fad6acd65a8e8ccd9f0534edb8f85ffe	37244
raw	zone_wide_two_doors_final_v3/robots/r1/rgb/00040.png	4ea564dc81f1bca09966088e07f6e6cba68fa913b9d37bfee713938a3d825e49	37224
raw	zone_wide_two_doors_final_v3/robots/r1/rgb/00041.png	4ea564dc81f1bca09966088e07f6e6cba68fa913b9d37bfee713938a3d825e49	37224
raw	zone_wide_two_doors_final_v3/robots/r1/rgb/00042.png	4ca2fc35dbd2c43a5d283bf1d476e5b2fad6acd65a8e8ccd9f0534edb8f85ffe	37244
raw	zone_wide_two_doors_final_v3/robots/r1/rgb/00043.png	7268be89ebc0b03d9ae9bf82fb9b63f9970927aac53cb46fb0df47c9268b1b9d	37249
raw	zone_wide_two_doors_final_v3/robots/r1/rgb/00044.png	4ca2fc35dbd2c43a5d283bf1d476e5b2fad6acd65a8e8ccd9f0534edb8f85ffe	37244
raw	zone_wide_two_doors_final_v3/robots/r1/rgb/00045.png	4ca2fc35dbd2c43a5d283bf1d476e5b2fad6acd65a8e8ccd9f0534edb8f85ffe	37244
raw	zone_wide_two_doors_final_v3/robots/r1/rgb/00046.png	09729dee45aa4236ec91e17d6d8ee575d2957221e37f16f7d9223b38daa225e6	40590
raw	zone_wide_two_doors_final_v3/robots/r1/rgb/00047.png	9fee5632e7bc0546126529f4355e6159a5bc5d502f6c82c1f695f4fff2c02a67	40531
raw	zone_wide_two_doors_final_v3/robots/r1/rgb/00048.png	96ee47a3da523f7a7a20ff5860654d079cd4d4150a846d9b0164782d78b47bd7	40579
raw	zone_wide_two_doors_final_v3/robots/r1/rgb/00049.png	10adccd532262596d5be14316d73f852e95bf453f8ad1a470e32190acb17c3ee	40556
raw	zone_wide_two_doors_final_v3/robots/r1/rgb/00050.png	e2a55654629d389aea02a9d2a90a008393c50eeb20c859d05daf980aad081755	40570
raw	zone_wide_two_doors_final_v3/robots/r1/rgb/00051.png	40d4108e7f1287958d190c6292bcf86c611e70dd15b3458aee9f5431867e828d	40560
raw	zone_wide_two_doors_final_v3/robots/r1/rgb/00052.png	03220f5739d5fdf69c449374fc007883a171bf358e89ad92ef3a851ed45212dd	40565
raw	zone_wide_two_doors_final_v3/robots/r1/rgb/00053.png	b86996d61554830cc03b13b798c9588b9388e9bae83d7bebf31fb5e9c630e4ae	40576
raw	zone_wide_two_doors_final_v3/robots/r1/rgb/00054.png	aa4783a9b5bf755a588668b72413e593db44f5745fa4e2b8d1c445f5da65e97c	40571
raw	zone_wide_two_doors_final_v3/robots/r1/rgb/00055.png	ce0792d0bbdb93b011ad0741a9d0ff43ed5adad04d19321c60e0fd27a4290158	40562
raw	zone_wide_two_doors_final_v3/robots/r1/rgb/00056.png	aa4783a9b5bf755a588668b72413e593db44f5745fa4e2b8d1c445f5da65e97c	40571
raw	zone_wide_two_doors_final_v3/robots/r1/rgb/00057.png	e5280355743b7f0fc46df7197b80fad4542e91eb157ff3253fd65b20c1954fb4	40564
raw	zone_wide_two_doors_final_v3/robots/r1/rgb/00058.png	aa4783a9b5bf755a588668b72413e593db44f5745fa4e2b8d1c445f5da65e97c	40571
raw	zone_wide_two_doors_final_v3/robots/r1/rgb/00059.png	e5280355743b7f0fc46df7197b80fad4542e91eb157ff3253fd65b20c1954fb4	40564
raw	zone_wide_two_doors_final_v3/robots/r1/rgb/00060.png	03220f5739d5fdf69c449374fc007883a171bf358e89ad92ef3a851ed45212dd	40565
raw	zone_wide_two_doors_final_v3/robots/r1/rgb/00061.png	3ced45d4f4ce5d9cef4fda910409a6d2cb653f575eafbe44c0a0d9139ccfdfa8	35265
raw	zone_wide_two_doors_final_v3/robots/r1/rgb/00062.png	520e4ada557a62461e3bab5555aa19c2644ec7caa2ff89f993009b90d13e00a2	26760
raw	zone_wide_two_doors_final_v3/robots/r1/rgb/00063.png	ed27ac708f2771a23c48842961b36f36bc76b6f3dfeeb51f2e4eb58c7fcaa1ef	31893
raw	zone_wide_two_doors_final_v3/robots/r1/rgb/00064.png	5cf15e518cb74112d42a79c5243cd5428c1bb07753493a68c74a939374adb399	31892
raw	zone_wide_two_doors_final_v3/robots/r1/rgb/00065.png	e118b4550a91021f00303a314d27e90f1dd8cd9f2c0ef6357d9639f56bd5f0ae	31829
raw	zone_wide_two_doors_final_v3/robots/r1/rgb/00066.png	65dcc75c5308bcafcf8ef68180e1a49b9e06a0bd18fb2266b63988d97d8613dd	31851
raw	zone_wide_two_doors_final_v3/robots/r1/rgb/00067.png	837b7721cca16c561c1dd4545743e683091bf352f01fbe71768bad263a53a17b	31850
raw	zone_wide_two_doors_final_v3/robots/r1/rgb/00068.png	bd9de9bdc47b6626c836a0530cebf3ff748a099c52730d8f12f9e40d35a8490b	31854
raw	zone_wide_two_doors_final_v3/robots/r1/rgb/00069.png	837b7721cca16c561c1dd4545743e683091bf352f01fbe71768bad263a53a17b	31850
raw	zone_wide_two_doors_final_v3/robots/r1/rgb/00070.png	65dcc75c5308bcafcf8ef68180e1a49b9e06a0bd18fb2266b63988d97d8613dd	31851
raw	zone_wide_two_doors_final_v3/robots/r1/rgb/00071.png	837b7721cca16c561c1dd4545743e683091bf352f01fbe71768bad263a53a17b	31850
raw	zone_wide_two_doors_final_v3/robots/r1/rgb/00072.png	65dcc75c5308bcafcf8ef68180e1a49b9e06a0bd18fb2266b63988d97d8613dd	31851
raw	zone_wide_two_doors_final_v3/robots/r1/rgb/00073.png	65dcc75c5308bcafcf8ef68180e1a49b9e06a0bd18fb2266b63988d97d8613dd	31851
raw	zone_wide_two_doors_final_v3/robots/r1/rgb/00074.png	65dcc75c5308bcafcf8ef68180e1a49b9e06a0bd18fb2266b63988d97d8613dd	31851
raw	zone_wide_two_doors_final_v3/robots/r1/rgb/00075.png	65dcc75c5308bcafcf8ef68180e1a49b9e06a0bd18fb2266b63988d97d8613dd	31851
raw	zone_wide_two_doors_final_v3/robots/r1/rgb/00076.png	bfa7c27c7afe1ed43dfd30ffae582490bfaabe4eb3c7ff526cd1d3dfa1e398b8	25379
raw	zone_wide_two_doors_final_v3/robots/r1/rgb/00077.png	cf5100d312ef5ddaec8156e213ba98a15244dc3babf235fcfd00736824443c14	25348
raw	zone_wide_two_doors_final_v3/robots/r1/rgb/00078.png	9e2d41144e6781f0022fbfb46c45a6972f0b5dc860abc977bea1eaeaecebd957	25466
raw	zone_wide_two_doors_final_v3/robots/r1/rgb/00079.png	09e699bb4f6c726bbdbbde5bb5a6348596a1b1fe7e7eb629eafa7892add84116	25460
raw	zone_wide_two_doors_final_v3/robots/r1/rgb/00080.png	22077b5aff3491277e5ce0dd5bae9f10a9ffc8dd4de3666339fa6bd29b26e88e	25481
raw	zone_wide_two_doors_final_v3/robots/r1/rgb/00081.png	3817df13d416a0dec5a697fb9feee5fdbb9466dcdb5553a41de44502b86a140f	25462
raw	zone_wide_two_doors_final_v3/robots/r1/rgb/00082.png	4e8a2049f7d6d6ade326890d6965b733d405e56f173e233097110f1209084833	25488
raw	zone_wide_two_doors_final_v3/robots/r1/rgb/00083.png	a474ba1b0744dc211c82353ea1419bd0bc2155a688be963af33839b01675f522	25483
raw	zone_wide_two_doors_final_v3/robots/r1/rgb/00084.png	54d292bbca666638e345c98fcb9468d93842e0628aa20e3396fb4826d9aff547	25496
raw	zone_wide_two_doors_final_v3/robots/r1/rgb/00085.png	a474ba1b0744dc211c82353ea1419bd0bc2155a688be963af33839b01675f522	25483
raw	zone_wide_two_doors_final_v3/robots/r1/rgb/00086.png	53462bc55c079de13c0d974c9dd281e78146cb355860143e05cdc955701c5438	25480
raw	zone_wide_two_doors_final_v3/robots/r1/rgb/00087.png	54d292bbca666638e345c98fcb9468d93842e0628aa20e3396fb4826d9aff547	25496
raw	zone_wide_two_doors_final_v3/robots/r1/rgb/00088.png	a474ba1b0744dc211c82353ea1419bd0bc2155a688be963af33839b01675f522	25483
raw	zone_wide_two_doors_final_v3/robots/r1/rgb/00089.png	4e8a2049f7d6d6ade326890d6965b733d405e56f173e233097110f1209084833	25488
raw	zone_wide_two_doors_final_v3/robots/r1/rgb/00090.png	4e8a2049f7d6d6ade326890d6965b733d405e56f173e233097110f1209084833	25488
raw	zone_wide_two_doors_final_v3/robots/r1/rgb/00091.png	197cd0833e20949b8c7da800356265642fc8951baed55404f3689587a9611015	19592
raw	zone_wide_two_doors_final_v3/robots/r1/rgb/00092.png	7c605c3c400b2d6be66a01b9662a99b9a475c56bd3ab1d8cd52052c18c1fb89c	19577
raw	zone_wide_two_doors_final_v3/robots/r1/rgb/00093.png	1eceb07e9647c1cb1d857d680abb6e35bdee2e5c0793e67aa33499beeb99be7c	19575
raw	zone_wide_two_doors_final_v3/robots/r1/rgb/00094.png	a2ee89349bd019de131ecac5161f662ef86cd71752ec9e5de576913ad6667eec	19607
raw	zone_wide_two_doors_final_v3/robots/r1/rgb/00095.png	8c9ae632868d2f667224d1133313edd399808552176d008a11fbfb591dbd4f63	19598
raw	zone_wide_two_doors_final_v3/robots/r1/rgb/00096.png	2b75685102ec10868ea12b84da7a06a1333db5dff7fcc4073cd01bc8b791b44f	19599
raw	zone_wide_two_doors_final_v3/robots/r1/rgb/00097.png	7be215dce15bed4b4ae237f3915599d4ab7643b740e1d9324756d30a04c59558	19599
raw	zone_wide_two_doors_final_v3/robots/r1/rgb/00098.png	9e8d1904809aec7269ee2175c92f587018c55ffb1d4bf7d17ab486cb6f2e3b87	19587
raw	zone_wide_two_doors_final_v3/robots/r1/rgb/00099.png	7be215dce15bed4b4ae237f3915599d4ab7643b740e1d9324756d30a04c59558	19599
raw	zone_wide_two_doors_final_v3/robots/r1/rgb/00100.png	e11ed2a0bd001a88cca1d1aa79b56fa1df900b5fbb6772519c6efcfa82f52135	19595
raw	zone_wide_two_doors_final_v3/robots/r1/rgb/00101.png	8c9ae632868d2f667224d1133313edd399808552176d008a11fbfb591dbd4f63	19598
raw	zone_wide_two_doors_final_v3/robots/r1/rgb/00102.png	2b75685102ec10868ea12b84da7a06a1333db5dff7fcc4073cd01bc8b791b44f	19599
raw	zone_wide_two_doors_final_v3/robots/r1/rgb/00103.png	8c9ae632868d2f667224d1133313edd399808552176d008a11fbfb591dbd4f63	19598
raw	zone_wide_two_doors_final_v3/robots/r1/rgb/00104.png	77f29fb4e03bd3d4d427b69d448017a9e534830516c3ff86a01e84d52145d3e6	19601
raw	zone_wide_two_doors_final_v3/robots/r1/rgb/00105.png	2b75685102ec10868ea12b84da7a06a1333db5dff7fcc4073cd01bc8b791b44f	19599
raw	zone_wide_two_doors_final_v3/robots/r1/rgb/00106.png	cf6943a058db3e2b4e0fc1ecd36cfae858293200c2d98194957b7e7a5dfb30a1	28195
raw	zone_wide_two_doors_final_v3/robots/r1/rgb/00107.png	bedecd3979c7f1110da6d43da8c23d8835769eab7a15b5b15c18fcb110e70621	27322
raw	zone_wide_two_doors_final_v3/robots/r1/rgb/00108.png	026decd9bab5c29a223da6966704c197b1ddeb0b85209d1c16c7deeb1d904107	25793
raw	zone_wide_two_doors_final_v3/robots/r1/rgb/00109.png	52b969155a36598cf58fd8acfaccde2832787fe4f90e267953f505da426b0716	25843
raw	zone_wide_two_doors_final_v3/robots/r1/rgb/00110.png	4d90c9ff5d1c5071dc147e45655dfcad98f9f626e5db6cc1edf7d71011a5fbe7	25829
raw	zone_wide_two_doors_final_v3/robots/r1/rgb/00111.png	31c90f373dd12995434e13443b1f2bfe64e16b9e3b0ccfe931c0b9ce7f3bb883	25830
raw	zone_wide_two_doors_final_v3/robots/r1/rgb/00112.png	31c90f373dd12995434e13443b1f2bfe64e16b9e3b0ccfe931c0b9ce7f3bb883	25830
raw	zone_wide_two_doors_final_v3/robots/r1/rgb/00113.png	31c90f373dd12995434e13443b1f2bfe64e16b9e3b0ccfe931c0b9ce7f3bb883	25830
raw	zone_wide_two_doors_final_v3/robots/r1/rgb/00114.png	31c90f373dd12995434e13443b1f2bfe64e16b9e3b0ccfe931c0b9ce7f3bb883	25830
raw	zone_wide_two_doors_final_v3/robots/r1/rgb/00115.png	31c90f373dd12995434e13443b1f2bfe64e16b9e3b0ccfe931c0b9ce7f3bb883	25830
raw	zone_wide_two_doors_final_v3/robots/r1/rgb/00116.png	31c90f373dd12995434e13443b1f2bfe64e16b9e3b0ccfe931c0b9ce7f3bb883	25830
raw	zone_wide_two_doors_final_v3/robots/r1/rgb/00117.png	31c90f373dd12995434e13443b1f2bfe64e16b9e3b0ccfe931c0b9ce7f3bb883	25830
raw	zone_wide_two_doors_final_v3/robots/r1/rgb/00118.png	31c90f373dd12995434e13443b1f2bfe64e16b9e3b0ccfe931c0b9ce7f3bb883	25830
raw	zone_wide_two_doors_final_v3/robots/r1/rgb/00119.png	31c90f373dd12995434e13443b1f2bfe64e16b9e3b0ccfe931c0b9ce7f3bb883	25830
raw	zone_wide_two_doors_final_v3/robots/r1/rgb/00120.png	31c90f373dd12995434e13443b1f2bfe64e16b9e3b0ccfe931c0b9ce7f3bb883	25830
raw	zone_wide_two_doors_final_v3/robots/r1/rgb/00121.png	f997c2403b1dee160fd7504f1762cb5eee1faba4b5455b166e2d814aaf474265	35085
raw	zone_wide_two_doors_final_v3/robots/r1/rgb/00122.png	4b5b127c9f425d725b396a4b16aa254ff0609d0aa3cb7ae6f8d825cdb5b0f4a9	35377
raw	zone_wide_two_doors_final_v3/robots/r1/rgb/00123.png	561c85c0615da7f27424bc14963e152a8d1dddc76819a8621d73d75e1c098961	35406
raw	zone_wide_two_doors_final_v3/robots/r1/rgb/00124.png	f9b6d120e1d80633a189738dbd7b712a27ace5a13190617d2a5e7846f8eeb4d9	35149
raw	zone_wide_two_doors_final_v3/robots/r1/rgb/00125.png	3d36d9999c0ed84f216bcbb4ea079da717b1582873e983fda9c7bedffabd5191	35077
raw	zone_wide_two_doors_final_v3/robots/r1/rgb/00126.png	de7abb253a211f4588459fc0758d6a6cba646d1a697a786e2c5e3a186e4df2ba	35046
raw	zone_wide_two_doors_final_v3/robots/r1/rgb/00127.png	998b49eef82364381e6a8d95a8375426285ad9b30ba43107e12b50da6a147f38	35059
raw	zone_wide_two_doors_final_v3/robots/r1/rgb/00128.png	3cf5ed2815124e05b69274f5987af10e99eb3e41adff24d61f7cb648063b03e2	35063
raw	zone_wide_two_doors_final_v3/robots/r1/rgb/00129.png	3cf5ed2815124e05b69274f5987af10e99eb3e41adff24d61f7cb648063b03e2	35063
raw	zone_wide_two_doors_final_v3/robots/r1/rgb/00130.png	3cf5ed2815124e05b69274f5987af10e99eb3e41adff24d61f7cb648063b03e2	35063
raw	zone_wide_two_doors_final_v3/robots/r1/rgb/00131.png	3cf5ed2815124e05b69274f5987af10e99eb3e41adff24d61f7cb648063b03e2	35063
raw	zone_wide_two_doors_final_v3/robots/r1/rgb/00132.png	3cf5ed2815124e05b69274f5987af10e99eb3e41adff24d61f7cb648063b03e2	35063
raw	zone_wide_two_doors_final_v3/robots/r1/rgb/00133.png	3cf5ed2815124e05b69274f5987af10e99eb3e41adff24d61f7cb648063b03e2	35063
raw	zone_wide_two_doors_final_v3/robots/r1/rgb/00134.png	3cf5ed2815124e05b69274f5987af10e99eb3e41adff24d61f7cb648063b03e2	35063
raw	zone_wide_two_doors_final_v3/robots/r1/rgb/00135.png	3cf5ed2815124e05b69274f5987af10e99eb3e41adff24d61f7cb648063b03e2	35063
raw	zone_wide_two_doors_final_v3/robots/r1/rgb/00136.png	c0160db3269dad6cbe1e1e633f3658bdacc6b82679c5ffa09403c221e7e11967	36029
raw	zone_wide_two_doors_final_v3/robots/r1/rgb/00137.png	b11fc11b660ca69093e9b91be6f163d31fdd2f1854fc3e292168465122e4d589	36169
raw	zone_wide_two_doors_final_v3/robots/r1/rgb/00138.png	f4521cd892adbfccf6deac0afe4652d188d8475457e33549c81da78dba473db7	36252
raw	zone_wide_two_doors_final_v3/robots/r1/rgb/00139.png	92a7774219f5f9c80c28324053d954d4b4bd3316ea7b8f30052eb2557c7bf13d	36244
raw	zone_wide_two_doors_final_v3/robots/r1/rgb/00140.png	ff5472b3a49330db7c57e56d13aff52345b0f1828657ca12d9e058ae1f3336f0	36250
raw	zone_wide_two_doors_final_v3/robots/r1/rgb/00141.png	f0204070a85d8bc6c912a2d48537fc93df062e04a66f1e84dae796b0653e165d	36243
raw	zone_wide_two_doors_final_v3/robots/r1/rgb/00142.png	cb5d80c29821e8840c0efb0ed5277fa70961578d85c1c0b5497d198f65f9720f	36241
raw	zone_wide_two_doors_final_v3/robots/r1/rgb/00143.png	244c0f5627fd67b14c684c0f9f2de1fd7bb7b65a3502d0b1869779566d103181	36250
raw	zone_wide_two_doors_final_v3/robots/r1/rgb/00144.png	d2f34753c656488f458e16cb3d55a013ffcd52cb3e3891f544aa2c8b7c511045	36246
raw	zone_wide_two_doors_final_v3/robots/r1/rgb/00145.png	b9b3c7b26fbeb3a6adf22cd7aae60af91ad74a2c94e7eb66e1b7dcc0595f2756	36242
raw	zone_wide_two_doors_final_v3/robots/r1/rgb/00146.png	b9b3c7b26fbeb3a6adf22cd7aae60af91ad74a2c94e7eb66e1b7dcc0595f2756	36242
raw	zone_wide_two_doors_final_v3/robots/r1/rgb/00147.png	399802adfcbea4de9fddf1b26054ed7f3653de7d5ca2d3151dba19928473659f	36243
raw	zone_wide_two_doors_final_v3/robots/r1/rgb/00148.png	2037305e8f4f5a7519e7e2acd8b9c842e4b29eac18226e28a8194219ef456883	36249
raw	zone_wide_two_doors_final_v3/robots/r1/rgb/00149.png	b9b3c7b26fbeb3a6adf22cd7aae60af91ad74a2c94e7eb66e1b7dcc0595f2756	36242
raw	zone_wide_two_doors_final_v3/robots/r1/rgb/00150.png	b9b3c7b26fbeb3a6adf22cd7aae60af91ad74a2c94e7eb66e1b7dcc0595f2756	36242
raw	zone_wide_two_doors_final_v3/robots/r1/rgb/00151.png	89303aa2df3452da362e83e2d937ac3eb0bca12e0289e9c6fbaaef17b7cac99c	40785
raw	zone_wide_two_doors_final_v3/robots/r1/rgb/00152.png	ed88fed0cd0346392b1dd66ff85ebb5c2579b157a771228cd4bc534e4f5f6e58	40540
raw	zone_wide_two_doors_final_v3/robots/r1/rgb/00153.png	d95ef6e15566425a75b1e037aee9768201ee39659c45df801a4612ed404393c3	40587
raw	zone_wide_two_doors_final_v3/robots/r1/rgb/00154.png	b1187f8649b9c02a5c0a36d9df7f02ac811cab2cde7c27c8ae5d696216c7f0b8	40652
raw	zone_wide_two_doors_final_v3/robots/r1/rgb/00155.png	518d2f2c0a0f8286d291fddc664d74b15d25a192beb96cc9f2c33902730a7bca	40608
raw	zone_wide_two_doors_final_v3/robots/r1/rgb/00156.png	878de2258d0a6f8b8656b2d986775a8211cb2257352d1b2b1d1450238cbed133	40604
raw	zone_wide_two_doors_final_v3/robots/r1/rgb/00157.png	e5a0e08736ea992b3b5ed661145d8b3d3106cce9b726c671a075d1cb700620fc	40616
raw	zone_wide_two_doors_final_v3/robots/r1/rgb/00158.png	10d45654513f607c6e3f9776f9210d4112894e048bd7b2773e75870f7e98ab7e	40592
raw	zone_wide_two_doors_final_v3/robots/r1/rgb/00159.png	1b9e72abbe0c554e5252a1a24294cd86deb1ecaf8e48217e3309aa6230b3ce90	40590
raw	zone_wide_two_doors_final_v3/robots/r1/rgb/00160.png	5a6cb41eaf96b1b37bb96e7bd4b1eb6a850001cb92eee9963f978f79e9b88b6d	40601
raw	zone_wide_two_doors_final_v3/robots/r1/rgb/00161.png	e5a0e08736ea992b3b5ed661145d8b3d3106cce9b726c671a075d1cb700620fc	40616
raw	zone_wide_two_doors_final_v3/robots/r1/rgb/00162.png	e5a0e08736ea992b3b5ed661145d8b3d3106cce9b726c671a075d1cb700620fc	40616
raw	zone_wide_two_doors_final_v3/robots/r1/rgb/00163.png	19eabc9f486dc39cdcc3fcb38fef60663ba8f7781993a13231c4902bc29ccadd	40609
raw	zone_wide_two_doors_final_v3/robots/r1/rgb/00164.png	002cd466f4b5a46f9f399158a37f49c0dbe771e48c279d5b04784e313aec4e57	40613
raw	zone_wide_two_doors_final_v3/robots/r1/rgb/00165.png	1575d560658db9d7eed8387dd354a9ce92f27e298696c61c0fe544ae69c85def	40609
raw	zone_wide_two_doors_final_v3/robots/r1/rgb/00166.png	9ec6bc14f94d2ba3b6bbecb2ec92d8f06caa5c87bc68133d924364a8817711fb	51588
raw	zone_wide_two_doors_final_v3/robots/r1/rgb/00167.png	bc5586d52e30c6c334c93cb86821856475329ded65b1364022797142b3cd37fc	51366
raw	zone_wide_two_doors_final_v3/robots/r1/rgb/00168.png	592c76633de508f27beda61fac3e92e3d1d354f98bc0d0cb22c9f5cd91b2eb14	51441
raw	zone_wide_two_doors_final_v3/robots/r1/rgb/00169.png	762ece642a20778ecc78bc51bb3746e1b898abb4ce3f41961446d2b9571e4ae4	51416
raw	zone_wide_two_doors_final_v3/robots/r1/rgb/00170.png	bdd1ea9c833d2ce7d2c9580701a0f2cacc9c38f836a3b7f00a084b07f294abac	51371
raw	zone_wide_two_doors_final_v3/robots/r1/rgb/00171.png	7e85b49c5c887bff5821c99679c7a88fafdcd2ffaca48bb032780a61d7ee619f	51335
raw	zone_wide_two_doors_final_v3/robots/r1/rgb/00172.png	9257745d36984ff76069ed3e0713ac526b959c36a9e29fdc8a3b1a8ffe02d391	51315
raw	zone_wide_two_doors_final_v3/robots/r1/rgb/00173.png	65cb3683f9ec31e9fda15a3d62139de9046491be09f57ee5bfa3908333a91969	51306
raw	zone_wide_two_doors_final_v3/robots/r1/rgb/00174.png	c1cf4c89ee125f0ee58ae2e9ca287283f4abcb9a1bb7209d9adfef69ff7a4358	51314
raw	zone_wide_two_doors_final_v3/robots/r1/rgb/00175.png	9257745d36984ff76069ed3e0713ac526b959c36a9e29fdc8a3b1a8ffe02d391	51315
raw	zone_wide_two_doors_final_v3/robots/r1/rgb/00176.png	6c51dc66af80d22ae4e4e8dd5ed1be61920c19967aa1723a9976b92e915a860c	51302
raw	zone_wide_two_doors_final_v3/robots/r1/rgb/00177.png	6c51dc66af80d22ae4e4e8dd5ed1be61920c19967aa1723a9976b92e915a860c	51302
raw	zone_wide_two_doors_final_v3/robots/r1/rgb/00178.png	6c51dc66af80d22ae4e4e8dd5ed1be61920c19967aa1723a9976b92e915a860c	51302
raw	zone_wide_two_doors_final_v3/robots/r1/rgb/00179.png	6c51dc66af80d22ae4e4e8dd5ed1be61920c19967aa1723a9976b92e915a860c	51302
raw	zone_wide_two_doors_final_v3/robots/r1/rgb/00180.png	6c51dc66af80d22ae4e4e8dd5ed1be61920c19967aa1723a9976b92e915a860c	51302
raw	zone_wide_two_doors_final_v3/robots/r1/rgb/00181.png	ec405d2faa3517da281ca36645382f782d27448d2137b684b18adf1494435026	38657
raw	zone_wide_two_doors_final_v3/robots/r1/rgb/00182.png	9b480c7aabc54eee496d344d460873caf9644431c7936e592c24a6efafce80f7	36672
raw	zone_wide_two_doors_final_v3/robots/r1/rgb/00183.png	4b952568148aafa09503342d1346b17c1f4de0b668bb245dd40a9d7ece74eb9d	32688
raw	zone_wide_two_doors_final_v3/robots/r1/rgb/00184.png	e9c10dae511f81a91a3078c16af768a33369c0dd39ca9b526f764a74064e48a5	32854
raw	zone_wide_two_doors_final_v3/robots/r1/rgb/00185.png	a03463356bceb314f80f15a08a8cdc95c77fd936ed2d9beeffefece12eac5bb2	32835
raw	zone_wide_two_doors_final_v3/robots/r1/rgb/00186.png	3e5872f7fefb4c1e911823c3bdc7f4de9971d0b7a7d3dfbfd76ab432fa230327	32841
raw	zone_wide_two_doors_final_v3/robots/r1/rgb/00187.png	ddd53889a27d700590802635aed24c03eef6902ea61c96b3990199953ee2d2de	32839
raw	zone_wide_two_doors_final_v3/robots/r1/rgb/00188.png	ddd53889a27d700590802635aed24c03eef6902ea61c96b3990199953ee2d2de	32839
raw	zone_wide_two_doors_final_v3/robots/r1/rgb/00189.png	72d3f8c25f624b85ebbb636341e489c305800baac06f33412e50a10583cd638d	32847
raw	zone_wide_two_doors_final_v3/robots/r1/rgb/00190.png	ea3aa4e956a12a41e47256736fc7da4a970ba9dc6518ded71299f538f517acb2	32838
raw	zone_wide_two_doors_final_v3/robots/r1/rgb/00191.png	f08500ff527367f96aff1f37be84b9e48a1cfcce2851381ab491cb5b31d9bf3f	32840
raw	zone_wide_two_doors_final_v3/robots/r1/rgb/00192.png	e91d9d0c5affc08ce6c1802ab46ef95dbd7e6ff53393239ab459eb4952f42955	32826
raw	zone_wide_two_doors_final_v3/robots/r1/rgb/00193.png	cc5fdde7ea5888616446c87892e2cea5143e8806c6ed459d98956afc504fe97b	32817
raw	zone_wide_two_doors_final_v3/robots/r1/rgb/00194.png	f08500ff527367f96aff1f37be84b9e48a1cfcce2851381ab491cb5b31d9bf3f	32840
raw	zone_wide_two_doors_final_v3/robots/r1/rgb/00195.png	16d28205483c3971ac1812a4e8583119e0003833267dbfd70527f43856318332	32832
raw	zone_wide_two_doors_final_v3/robots/r1/rgb/00196.png	0004077cb47cc9e21f37a0e1df236a2d5668a2a5985f8110c6b39a584ff1154d	27385
raw	zone_wide_two_doors_final_v3/robots/r1/rgb/00197.png	0ac0e41fe798fb410d9a79844e4ca991c16688fb7b0f7362b21fa45bc63445d5	27588
raw	zone_wide_two_doors_final_v3/robots/r1/rgb/00198.png	d9e18965ab0e1769865acb473403d64cf3d96d59921a16d6b2aa2f7fff214a42	27421
raw	zone_wide_two_doors_final_v3/robots/r1/rgb/00199.png	a1a8207bead62fbe9c1609905c37d75c3c5a26af31541009096e45583d8f8be9	27461
raw	zone_wide_two_doors_final_v3/robots/r1/rgb/00200.png	93dae3d1fa7fe26ae5cd9435e3bcd40f6f209a543e58674b697cb74748edd6c4	27471
raw	zone_wide_two_doors_final_v3/robots/r1/rgb/00201.png	69676f81ae3d2c75894b93681d9256991e6f2f1187647f5db5f1b374dd18dba5	27459
raw	zone_wide_two_doors_final_v3/robots/r1/rgb/00202.png	2895bec127448e0884e04f7f577b9eaa20382b55b01bd622e97491ad98c6c90c	27457
raw	zone_wide_two_doors_final_v3/robots/r1/rgb/00203.png	a76d5f1f6458252ae0934de9a668c384cfb6d2b2c352163fb8d4115f5f15e729	27470
raw	zone_wide_two_doors_final_v3/robots/r1/rgb/00204.png	6b6b5f990baf830ee94d3dd75f5801bd0b4c8e3fe7d90e9ebbb9dc589bec8bfa	27457
raw	zone_wide_two_doors_final_v3/robots/r1/rgb/00205.png	c9659ac73f7197129582bd4b84dea6b3a3b52a46693a8d83a57a7a29163f3b27	27477
raw	zone_wide_two_doors_final_v3/robots/r1/rgb/00206.png	b853ce4c27cb7dc0d2b1ee029ff284d92569345247168165a240a9ae2d577b54	27462
raw	zone_wide_two_doors_final_v3/robots/r1/rgb/00207.png	789c780ea630a54a8503e9b8e30dfbe8725447d11c9a4b1a32131e5676bfc737	27474
raw	zone_wide_two_doors_final_v3/robots/r1/rgb/00208.png	66d7fdc8350359fc05842e54b2ce1871fbe03da9cc619ebddf4a08ba1f3dd74b	27438
raw	zone_wide_two_doors_final_v3/robots/r1/rgb/00209.png	66d7fdc8350359fc05842e54b2ce1871fbe03da9cc619ebddf4a08ba1f3dd74b	27438
raw	zone_wide_two_doors_final_v3/robots/r1/rgb/00210.png	66d7fdc8350359fc05842e54b2ce1871fbe03da9cc619ebddf4a08ba1f3dd74b	27438
raw	zone_wide_two_doors_final_v3/robots/r1/rgb/00211.png	87bd4b013ee27b3bf03fda43b0f513f09f51fdb564ee2e4211e3ab774066e41a	26202
raw	zone_wide_two_doors_final_v3/robots/r1/rgb/00212.png	ada8988fcc61ca99dbf1ec91942cc38649337245fe7bf5802e0bd99f2defee4a	25944
raw	zone_wide_two_doors_final_v3/robots/r1/rgb/00213.png	98d539a7caf63bd3e6d20a3fb2cc885815980cdeb385749c5f97b19470e92ea1	26047
raw	zone_wide_two_doors_final_v3/robots/r1/rgb/00214.png	e1bb919cc6f5aa5bbf33793dabe124f1be4c8291e39f9ff1a5f06f2851256e5a	26066
raw	zone_wide_two_doors_final_v3/robots/r1/rgb/00215.png	0479335674e4b08650091e2763836f9c2c3d7923cefcc6c4d756f6ff263fd8bb	26065
raw	zone_wide_two_doors_final_v3/robots/r1/rgb/00216.png	e8ac080e3891762c4c120d0271c98c50975974682a797a29985e3d3d65305a14	26053
raw	zone_wide_two_doors_final_v3/robots/r1/rgb/00217.png	c5544d588a32b1cc167a7a62f9a2a0bce86c814dee0920c17f9fd57032c9c8f2	26052
raw	zone_wide_two_doors_final_v3/robots/r1/rgb/00218.png	e8ac080e3891762c4c120d0271c98c50975974682a797a29985e3d3d65305a14	26053
raw	zone_wide_two_doors_final_v3/robots/r1/rgb/00219.png	e8ac080e3891762c4c120d0271c98c50975974682a797a29985e3d3d65305a14	26053
raw	zone_wide_two_doors_final_v3/robots/r1/rgb/00220.png	e8ac080e3891762c4c120d0271c98c50975974682a797a29985e3d3d65305a14	26053
raw	zone_wide_two_doors_final_v3/robots/r1/rgb/00221.png	e8ac080e3891762c4c120d0271c98c50975974682a797a29985e3d3d65305a14	26053
raw	zone_wide_two_doors_final_v3/robots/r1/rgb/00222.png	e8ac080e3891762c4c120d0271c98c50975974682a797a29985e3d3d65305a14	26053
raw	zone_wide_two_doors_final_v3/robots/r1/rgb/00223.png	e8ac080e3891762c4c120d0271c98c50975974682a797a29985e3d3d65305a14	26053
raw	zone_wide_two_doors_final_v3/robots/r1/rgb/00224.png	e8ac080e3891762c4c120d0271c98c50975974682a797a29985e3d3d65305a14	26053
raw	zone_wide_two_doors_final_v3/robots/r1/rgb/00225.png	e8ac080e3891762c4c120d0271c98c50975974682a797a29985e3d3d65305a14	26053
raw	zone_wide_two_doors_final_v3/robots/r1/rgb/00226.png	0566af3d324326280e17c1318c89c426a2045ab78fbba0224c1b6c665f8fa942	28162
raw	zone_wide_two_doors_final_v3/robots/r1/rgb/00227.png	42a89c076654cba64e229cceb40a4217f883e27c6997c19be499cc86d38194d5	36985
raw	zone_wide_two_doors_final_v3/robots/r1/rgb/00228.png	2c38fd0329f901a0585d6c81586afd3caafe143c11ef8a667ffa751a4ce20ffb	35211
raw	zone_wide_two_doors_final_v3/robots/r1/rgb/00229.png	2a28d5d4ad9863459029b8c0160f499644fbc5151bfcc589380182a2ad9f0622	35161
raw	zone_wide_two_doors_final_v3/robots/r1/rgb/00230.png	4772f471c97840adedf42e6bfd045578d991df25539dfd8a83bf6bd498bd0fe5	35150
raw	zone_wide_two_doors_final_v3/robots/r1/rgb/00231.png	4eae7b715dc779575a71d9265b63b4d846b486525c1a1b8be23a7d046d49da3d	35125
raw	zone_wide_two_doors_final_v3/robots/r1/rgb/00232.png	c926a3f500ee4493270a83d22bbe16eda5be2163e390c66da2183c32e17f9303	35115
raw	zone_wide_two_doors_final_v3/robots/r1/rgb/00233.png	c926a3f500ee4493270a83d22bbe16eda5be2163e390c66da2183c32e17f9303	35115
raw	zone_wide_two_doors_final_v3/robots/r1/rgb/00234.png	c926a3f500ee4493270a83d22bbe16eda5be2163e390c66da2183c32e17f9303	35115
raw	zone_wide_two_doors_final_v3/robots/r1/rgb/00235.png	c926a3f500ee4493270a83d22bbe16eda5be2163e390c66da2183c32e17f9303	35115
raw	zone_wide_two_doors_final_v3/robots/r1/rgb/00236.png	c926a3f500ee4493270a83d22bbe16eda5be2163e390c66da2183c32e17f9303	35115
raw	zone_wide_two_doors_final_v3/robots/r1/rgb/00237.png	c926a3f500ee4493270a83d22bbe16eda5be2163e390c66da2183c32e17f9303	35115
raw	zone_wide_two_doors_final_v3/robots/r1/rgb/00238.png	c926a3f500ee4493270a83d22bbe16eda5be2163e390c66da2183c32e17f9303	35115
raw	zone_wide_two_doors_final_v3/robots/r1/rgb/00239.png	c926a3f500ee4493270a83d22bbe16eda5be2163e390c66da2183c32e17f9303	35115
raw	zone_wide_two_doors_final_v3/robots/r1/rgb/00240.png	c926a3f500ee4493270a83d22bbe16eda5be2163e390c66da2183c32e17f9303	35115
raw	zone_wide_two_doors_final_v3/robots/r1/rgb/00241.png	36dda820046deb44f01baf9c16083ba18cd3bb509180832c52958440fe155640	24309
raw	zone_wide_two_doors_final_v3/robots/r1/rgb/00242.png	d6e1630ba689129ff7b12135d78a69361ab330444a383dfd69a6d37d58bb6d35	22134
raw	zone_wide_two_doors_final_v3/robots/r1/rgb/00243.png	62bffad3f2e6f6b8a70a612644b2e9b4dbf96558c6f9b0c940db0c6b54cb71a0	21897
raw	zone_wide_two_doors_final_v3/robots/r1/rgb/00244.png	16e084dca077ac5352d79a40ec7369784dcd478977df047d3dc7972e098b8aa0	22122
raw	zone_wide_two_doors_final_v3/robots/r1/rgb/00245.png	6870895881063698f880f74e12d7d8edfaa7312fa7e676b002bf2d40c32aceaa	21986
raw	zone_wide_two_doors_final_v3/robots/r1/rgb/00246.png	61b959080d70e182434a23c01df0ab6b28ba0165d496fb51c0e6dc102e679933	21998
raw	zone_wide_two_doors_final_v3/robots/r1/rgb/00247.png	2dc763b8620899f26319971ffb702c96d8222da8a712a0cc4632f3c14b45a1c7	21992
raw	zone_wide_two_doors_final_v3/robots/r1/rgb/00248.png	2dc763b8620899f26319971ffb702c96d8222da8a712a0cc4632f3c14b45a1c7	21992
raw	zone_wide_two_doors_final_v3/robots/r1/rgb/00249.png	72010f3131213aac5d22f34682eb305f9be09481bfd598ae0c7878f7873f9b77	22007
raw	zone_wide_two_doors_final_v3/robots/r1/rgb/00250.png	72010f3131213aac5d22f34682eb305f9be09481bfd598ae0c7878f7873f9b77	22007
raw	zone_wide_two_doors_final_v3/robots/r1/rgb/00251.png	72010f3131213aac5d22f34682eb305f9be09481bfd598ae0c7878f7873f9b77	22007
raw	zone_wide_two_doors_final_v3/robots/r1/rgb/00252.png	72010f3131213aac5d22f34682eb305f9be09481bfd598ae0c7878f7873f9b77	22007
raw	zone_wide_two_doors_final_v3/robots/r1/rgb/00253.png	72010f3131213aac5d22f34682eb305f9be09481bfd598ae0c7878f7873f9b77	22007
raw	zone_wide_two_doors_final_v3/robots/r1/rgb/00254.png	72010f3131213aac5d22f34682eb305f9be09481bfd598ae0c7878f7873f9b77	22007
raw	zone_wide_two_doors_final_v3/robots/r1/rgb/00255.png	72010f3131213aac5d22f34682eb305f9be09481bfd598ae0c7878f7873f9b77	22007
raw	zone_wide_two_doors_final_v3/robots/r1/rgb/00256.png	6da2786b6d200eba7065d62558a932ecccc0adbbe6c15a7fd4acc9d240dee79e	25034
raw	zone_wide_two_doors_final_v3/robots/r1/rgb/00257.png	78ebdcaf3c465c8bc1d46094c10f7cfb0946eb5eb73b7a02e59cf481353a9a4a	25058
raw	zone_wide_two_doors_final_v3/robots/r1/rgb/00258.png	93fd3a48c87d23784fbbf88ff3171f67a9c2848cbca6889b70718737ee184672	24981
raw	zone_wide_two_doors_final_v3/robots/r1/rgb/00259.png	302430aebb9d186d1eaaee26d6a5539bd6c6ee3ad4b6b5431f364fdb6bd84398	25030
raw	zone_wide_two_doors_final_v3/robots/r1/rgb/00260.png	4b10c560b00131807b5932a8a0ee511bcc08c454c9ee95fc59fc52f28d8766c6	25002
raw	zone_wide_two_doors_final_v3/robots/r1/rgb/00261.png	b5a456ba3ebd95e1cb38c2e9bca2933c60c289a91924b4f27799323d4c6b6a4b	25010
raw	zone_wide_two_doors_final_v3/robots/r1/rgb/00262.png	5111aa1dcb28b7ac769939f7a24e5e928d8965f075cf25e9f7d812fb4eb55cc9	24997
raw	zone_wide_two_doors_final_v3/robots/r1/rgb/00263.png	b5a456ba3ebd95e1cb38c2e9bca2933c60c289a91924b4f27799323d4c6b6a4b	25010
raw	zone_wide_two_doors_final_v3/robots/r1/rgb/00264.png	fb919060b2c8151befb542fea9e816e73ed9ba97c4095b60dc77a03e99ed0509	25012
raw	zone_wide_two_doors_final_v3/robots/r1/rgb/00265.png	fb919060b2c8151befb542fea9e816e73ed9ba97c4095b60dc77a03e99ed0509	25012
raw	zone_wide_two_doors_final_v3/robots/r1/rgb/00266.png	b5a456ba3ebd95e1cb38c2e9bca2933c60c289a91924b4f27799323d4c6b6a4b	25010
raw	zone_wide_two_doors_final_v3/robots/r1/rgb/00267.png	b5a456ba3ebd95e1cb38c2e9bca2933c60c289a91924b4f27799323d4c6b6a4b	25010
raw	zone_wide_two_doors_final_v3/robots/r1/rgb/00268.png	b5a456ba3ebd95e1cb38c2e9bca2933c60c289a91924b4f27799323d4c6b6a4b	25010
raw	zone_wide_two_doors_final_v3/robots/r1/rgb/00269.png	2209d8a94396094adccb6c4e7255486a4f12e2230de33b72ca06ab0b95a6ea52	25000
raw	zone_wide_two_doors_final_v3/robots/r1/rgb/00270.png	2209d8a94396094adccb6c4e7255486a4f12e2230de33b72ca06ab0b95a6ea52	25000
raw	zone_wide_two_doors_final_v3/robots/r1/rgb/00271.png	feb0234015fe9ef951e2872d2f1598b5e6f4772afa32ea4cb8a77079cad6e57e	29667
raw	zone_wide_two_doors_final_v3/robots/r1/rgb/00272.png	3ef94dc7eec238d993336acf4f4801e3f2e374126dfbb02be977147a3f255b19	29721
raw	zone_wide_two_doors_final_v3/robots/r1/rgb/00273.png	82e1503d151b8a9587da75b69d9829ee7bc6e260b3799daa91cfbe8225af5582	29809
raw	zone_wide_two_doors_final_v3/robots/r1/rgb/00274.png	bd0dd2669fa6b9aa9344eeb6946a56638780df0aafec8a08aabbdf8a6d714ed4	29814
raw	zone_wide_two_doors_final_v3/robots/r1/rgb/00275.png	6813934ee28bd50829b8b58261eaca50a8af5888d3c40b3eb8dca9c12c71a194	29796
raw	zone_wide_two_doors_final_v3/robots/r1/rgb/00276.png	85232a63f86842cdec833b0bde07148ae78760f2d92efa11ff4f2fbbe55a9919	29794
raw	zone_wide_two_doors_final_v3/robots/r1/rgb/00277.png	df4eef51ed2190c7fd3c53618ac76f819e2f3092b33687f8b55fabb0c1dcd1f3	29797
raw	zone_wide_two_doors_final_v3/robots/r1/rgb/00278.png	df4eef51ed2190c7fd3c53618ac76f819e2f3092b33687f8b55fabb0c1dcd1f3	29797
raw	zone_wide_two_doors_final_v3/robots/r1/rgb/00279.png	df4eef51ed2190c7fd3c53618ac76f819e2f3092b33687f8b55fabb0c1dcd1f3	29797
raw	zone_wide_two_doors_final_v3/robots/r1/rgb/00280.png	df4eef51ed2190c7fd3c53618ac76f819e2f3092b33687f8b55fabb0c1dcd1f3	29797
raw	zone_wide_two_doors_final_v3/robots/r1/rgb/00281.png	df4eef51ed2190c7fd3c53618ac76f819e2f3092b33687f8b55fabb0c1dcd1f3	29797
raw	zone_wide_two_doors_final_v3/robots/r1/rgb/00282.png	df4eef51ed2190c7fd3c53618ac76f819e2f3092b33687f8b55fabb0c1dcd1f3	29797
raw	zone_wide_two_doors_final_v3/robots/r1/rgb/00283.png	df4eef51ed2190c7fd3c53618ac76f819e2f3092b33687f8b55fabb0c1dcd1f3	29797
raw	zone_wide_two_doors_final_v3/robots/r1/rgb/00284.png	df4eef51ed2190c7fd3c53618ac76f819e2f3092b33687f8b55fabb0c1dcd1f3	29797
raw	zone_wide_two_doors_final_v3/robots/r1/rgb/00285.png	df4eef51ed2190c7fd3c53618ac76f819e2f3092b33687f8b55fabb0c1dcd1f3	29797
raw	zone_wide_two_doors_final_v3/robots/r1/rgb/00286.png	ec75f6a7f4e06f6dfadb29e1aa0643196e4c9f0ad9ec1cee250e7205d1061968	33196
raw	zone_wide_two_doors_final_v3/robots/r1/rgb/00287.png	0f448317d26b3e45615818b80f95e554fc1913e58ce49f085137754c9e2f3ff8	33097
raw	zone_wide_two_doors_final_v3/robots/r1/rgb/00288.png	6b59440d73e4c7fcd24c78bb8817f5db545d6259ef9039644ee0541ba61be9d5	33164
raw	zone_wide_two_doors_final_v3/robots/r1/rgb/00289.png	5120d58b55195eeee2b74bdfebff2e1eda2aad3d103a7ca274ce8ce1ec70404d	33160
raw	zone_wide_two_doors_final_v3/robots/r1/rgb/00290.png	42ec10b5fb3c985557c4eeb2bdfab221caad741f280ca14a7b91e319dfe99602	33176
raw	zone_wide_two_doors_final_v3/robots/r1/rgb/00291.png	b55cc8a04ab620707a30ba2c44810171cb7779cafba9fb6215e07a311fd8dfe0	33180
raw	zone_wide_two_doors_final_v3/robots/r1/rgb/00292.png	e646a8fa6461ea8674a1747d9a2eac99ad71b4f4860a7ee020e7ed756c776a37	33171
raw	zone_wide_two_doors_final_v3/robots/r1/rgb/00293.png	e646a8fa6461ea8674a1747d9a2eac99ad71b4f4860a7ee020e7ed756c776a37	33171
raw	zone_wide_two_doors_final_v3/robots/r1/rgb/00294.png	41cdc96481e23a841c362198388325fb90c86edb24401b15664eb04d89b121a3	33170
raw	zone_wide_two_doors_final_v3/robots/r1/rgb/00295.png	b55cc8a04ab620707a30ba2c44810171cb7779cafba9fb6215e07a311fd8dfe0	33180
raw	zone_wide_two_doors_final_v3/robots/r1/rgb/00296.png	166d96e9d7f2bb1c781c0b65adc21c2498bdd4427ce465487ded3f53c883e60e	33148
raw	zone_wide_two_doors_final_v3/robots/r1/rgb/00297.png	bba4e4d75aa585868d2bae7022712001c6026ff998f3a8d6503ccb468821bc1b	33160
raw	zone_wide_two_doors_final_v3/robots/r1/rgb/00298.png	bba4e4d75aa585868d2bae7022712001c6026ff998f3a8d6503ccb468821bc1b	33160
raw	zone_wide_two_doors_final_v3/robots/r1/rgb/00299.png	cf91ecf32c98932002dfe0f991b633b9951bbc17d87b5f9dca8fd20f52e615c1	33180
raw	zone_wide_two_doors_final_v3/robots/r1/rgb/00300.png	166d96e9d7f2bb1c781c0b65adc21c2498bdd4427ce465487ded3f53c883e60e	33148
raw	zone_wide_two_doors_final_v3/robots/r1/rgb/00301.png	0ce2e9b8ea433fb0d245a426b63fc8ced6ad49aa401f4ea13e1ef8bfde355e46	28255
raw	zone_wide_two_doors_final_v3/robots/r1/rgb/00302.png	4e556557cfe081aa08ec65a934b2b52dfeafe2a2897ab7e1055b32b6f1d8d539	22929
raw	zone_wide_two_doors_final_v3/robots/r1/rgb/00303.png	6aad6cda043b9e56ceb10c28e82e29cf47695d9bb105310d03ce18b741c188fc	31020
raw	zone_wide_two_doors_final_v3/robots/r1/rgb/00304.png	fcc076ce07fb7b71836b599cbd55c37f8ec5797aae432442a812c53f79fb0522	30952
raw	zone_wide_two_doors_final_v3/robots/r1/rgb/00305.png	3711e963521aa7a430ed5fd33f18ec433fcf3864232c9c53087aa27eb30254c5	30804
raw	zone_wide_two_doors_final_v3/robots/r1/rgb/00306.png	620a75be6d52b54dfb426405a1068504fd03265812889b706e1337e0e34739f4	30809
raw	zone_wide_two_doors_final_v3/robots/r1/rgb/00307.png	e9aa5ee1f9f7440177f7432027d493a6583cf3dccc10e524c76a39faef132f93	30795
raw	zone_wide_two_doors_final_v3/robots/r1/rgb/00308.png	e9aa5ee1f9f7440177f7432027d493a6583cf3dccc10e524c76a39faef132f93	30795
raw	zone_wide_two_doors_final_v3/robots/r1/rgb/00309.png	e9aa5ee1f9f7440177f7432027d493a6583cf3dccc10e524c76a39faef132f93	30795
raw	zone_wide_two_doors_final_v3/robots/r1/rgb/00310.png	e9aa5ee1f9f7440177f7432027d493a6583cf3dccc10e524c76a39faef132f93	30795
raw	zone_wide_two_doors_final_v3/robots/r1/rgb/00311.png	e9aa5ee1f9f7440177f7432027d493a6583cf3dccc10e524c76a39faef132f93	30795
raw	zone_wide_two_doors_final_v3/robots/r1/rgb/00312.png	e9aa5ee1f9f7440177f7432027d493a6583cf3dccc10e524c76a39faef132f93	30795
raw	zone_wide_two_doors_final_v3/robots/r1/rgb/00313.png	e9aa5ee1f9f7440177f7432027d493a6583cf3dccc10e524c76a39faef132f93	30795
raw	zone_wide_two_doors_final_v3/robots/r1/rgb/00314.png	e9aa5ee1f9f7440177f7432027d493a6583cf3dccc10e524c76a39faef132f93	30795
raw	zone_wide_two_doors_final_v3/robots/r1/rgb/00315.png	e9aa5ee1f9f7440177f7432027d493a6583cf3dccc10e524c76a39faef132f93	30795
raw	zone_wide_two_doors_final_v3/robots/r1/rgb/00316.png	59680121517aad45867f6f6aa1f7f2c6d6de8b39937059a4ee6d18de7ca527c7	25684
raw	zone_wide_two_doors_final_v3/robots/r1/rgb/00317.png	f0232cdba0092fee780e223dc74d34530850a53f0d9d706744a6d02516d15efa	25785
raw	zone_wide_two_doors_final_v3/robots/r1/rgb/00318.png	b4eddf7cdb2bd2b472382ffd7f8ee3d1ef25046efdd926932192124d1c3768ed	25734
raw	zone_wide_two_doors_final_v3/robots/r1/rgb/00319.png	fc9db6b4d57a049e628e0ff81927c6c7f2d62277a5b1954d3d364620963bc8db	25705
raw	zone_wide_two_doors_final_v3/robots/r1/rgb/00320.png	decc293c3215d009ab813784185e54fbbde51413ed6bf9c67014e2f1f6002f46	25692
raw	zone_wide_two_doors_final_v3/robots/r1/rgb/00321.png	c64b3d4800b9277b3e3b8e04cdf11121a06db06ab307411a1326889a9e0fafe6	25703
raw	zone_wide_two_doors_final_v3/robots/r1/rgb/00322.png	c64b3d4800b9277b3e3b8e04cdf11121a06db06ab307411a1326889a9e0fafe6	25703
raw	zone_wide_two_doors_final_v3/robots/r1/rgb/00323.png	c64b3d4800b9277b3e3b8e04cdf11121a06db06ab307411a1326889a9e0fafe6	25703
raw	zone_wide_two_doors_final_v3/robots/r1/rgb/00324.png	c64b3d4800b9277b3e3b8e04cdf11121a06db06ab307411a1326889a9e0fafe6	25703
raw	zone_wide_two_doors_final_v3/robots/r1/rgb/00325.png	c64b3d4800b9277b3e3b8e04cdf11121a06db06ab307411a1326889a9e0fafe6	25703
raw	zone_wide_two_doors_final_v3/robots/r1/rgb/00326.png	c64b3d4800b9277b3e3b8e04cdf11121a06db06ab307411a1326889a9e0fafe6	25703
raw	zone_wide_two_doors_final_v3/robots/r1/rgb/00327.png	c64b3d4800b9277b3e3b8e04cdf11121a06db06ab307411a1326889a9e0fafe6	25703
raw	zone_wide_two_doors_final_v3/robots/r1/rgb/00328.png	c64b3d4800b9277b3e3b8e04cdf11121a06db06ab307411a1326889a9e0fafe6	25703
raw	zone_wide_two_doors_final_v3/robots/r1/rgb/00329.png	c64b3d4800b9277b3e3b8e04cdf11121a06db06ab307411a1326889a9e0fafe6	25703
raw	zone_wide_two_doors_final_v3/robots/r1/rgb/00330.png	c64b3d4800b9277b3e3b8e04cdf11121a06db06ab307411a1326889a9e0fafe6	25703
raw	zone_wide_two_doors_final_v3/robots/r1/rgb/00331.png	82852a143fabf03ecb18e2a42898a82ef7c04f4597f68ff50f80a98fd50e2a98	18053
raw	zone_wide_two_doors_final_v3/robots/r1/rgb/00332.png	144438db349537ddb3ad4a9572588b4a8de00d8118d94f0369da4da3614f70a0	17683
raw	zone_wide_two_doors_final_v3/robots/r1/rgb/00333.png	d15b7db71c06f80ed8b50fceb6cf8930e6730fe99a11741da84516e0d72b04cd	17702
raw	zone_wide_two_doors_final_v3/robots/r1/rgb/00334.png	160bfb6a0ef954c7a553d201571916f9f7c72afb17f50b415c8a2b68cf020218	17744
raw	zone_wide_two_doors_final_v3/robots/r1/rgb/00335.png	1e7635f34611ba148655cce7730c161bdaab40f1d3b8338edc8bfcf1e4f0a0e5	17763
raw	zone_wide_two_doors_final_v3/robots/r1/rgb/00336.png	508d67b93746935c8b57f3cd87a3bbf18cd3961e66a08be38c62a56130038619	17769
raw	zone_wide_two_doors_final_v3/robots/r1/rgb/00337.png	a5819a085688a81d3788f0de69dcd1ba85b0043a2282b94764f8773bff875550	17755
raw	zone_wide_two_doors_final_v3/robots/r1/rgb/00338.png	04bccbdbb95dbf6ce5d44da0108b0928b7bdecdd048aeacd97bce0bb6642a0c4	17756
raw	zone_wide_two_doors_final_v3/robots/r1/rgb/00339.png	f20d852743a1954f7b4c819a3a939cbf2990d4a41514806ecefd43f464ee0a48	17810
raw	zone_wide_two_doors_final_v3/robots/r1/rgb/00340.png	61199938c1be1afbc58d5173151f6d1f54c7250f11a8b23f149632765175aa5c	17764
raw	zone_wide_two_doors_final_v3/robots/r1/rgb/00341.png	508d67b93746935c8b57f3cd87a3bbf18cd3961e66a08be38c62a56130038619	17769
raw	zone_wide_two_doors_final_v3/robots/r1/rgb/00342.png	04bccbdbb95dbf6ce5d44da0108b0928b7bdecdd048aeacd97bce0bb6642a0c4	17756
raw	zone_wide_two_doors_final_v3/robots/r1/rgb/00343.png	04bccbdbb95dbf6ce5d44da0108b0928b7bdecdd048aeacd97bce0bb6642a0c4	17756
raw	zone_wide_two_doors_final_v3/robots/r1/rgb/00344.png	04bccbdbb95dbf6ce5d44da0108b0928b7bdecdd048aeacd97bce0bb6642a0c4	17756
raw	zone_wide_two_doors_final_v3/robots/r1/rgb/00345.png	04bccbdbb95dbf6ce5d44da0108b0928b7bdecdd048aeacd97bce0bb6642a0c4	17756
raw	zone_wide_two_doors_final_v3/robots/r1/rgb/00346.png	7197728853fb7ee40f345bd8894de8c46a3813f43323345ba5aa0ccee968111d	28373
raw	zone_wide_two_doors_final_v3/robots/r1/rgb/00347.png	e03376baf9020b27a7a50f7f5138de3fbc61f2e8460135932ed781b6ae8d7c5c	23345
raw	zone_wide_two_doors_final_v3/robots/r1/rgb/00348.png	cfdf6019ee93143497fd059f9eaab89e4aad228a6daea05876b2e332d595eb0b	22227
raw	zone_wide_two_doors_final_v3/robots/r1/rgb/00349.png	e096e31fb46e47d60d3650a773e45fd9ade00d0e427a6a4259997aae9eb2b149	22288
raw	zone_wide_two_doors_final_v3/robots/r1/rgb/00350.png	d3f2592a30d732085e43c6de8dcd60ea883a1c10bc41782e88517519917003cc	22248
raw	zone_wide_two_doors_final_v3/robots/r1/rgb/00351.png	41db0b85702a94dd037ae3356b587864424f466fa4065d998312c493909ba5f6	22249
raw	zone_wide_two_doors_final_v3/robots/r1/rgb/00352.png	0dca553fc9130c129db50b463ba8089e467d26505c68db8ee6cf32558973bf0c	22270
raw	zone_wide_two_doors_final_v3/robots/r1/rgb/00353.png	0dca553fc9130c129db50b463ba8089e467d26505c68db8ee6cf32558973bf0c	22270
raw	zone_wide_two_doors_final_v3/robots/r1/rgb/00354.png	0dca553fc9130c129db50b463ba8089e467d26505c68db8ee6cf32558973bf0c	22270
raw	zone_wide_two_doors_final_v3/robots/r1/rgb/00355.png	0dca553fc9130c129db50b463ba8089e467d26505c68db8ee6cf32558973bf0c	22270
raw	zone_wide_two_doors_final_v3/robots/r1/rgb/00356.png	0dca553fc9130c129db50b463ba8089e467d26505c68db8ee6cf32558973bf0c	22270
raw	zone_wide_two_doors_final_v3/robots/r1/rgb/00357.png	0dca553fc9130c129db50b463ba8089e467d26505c68db8ee6cf32558973bf0c	22270
raw	zone_wide_two_doors_final_v3/robots/r1/rgb/00358.png	0dca553fc9130c129db50b463ba8089e467d26505c68db8ee6cf32558973bf0c	22270
raw	zone_wide_two_doors_final_v3/robots/r1/rgb/00359.png	0dca553fc9130c129db50b463ba8089e467d26505c68db8ee6cf32558973bf0c	22270
raw	zone_wide_two_doors_final_v3/robots/r1/rgb/00360.png	0dca553fc9130c129db50b463ba8089e467d26505c68db8ee6cf32558973bf0c	22270
raw	zone_wide_two_doors_final_v3/robots/r1/rgb/00361.png	c569c5091c8af7179df2f4efc8cf88531f7abc3ba58ac6b00e5941c6c0ccef10	22195
raw	zone_wide_two_doors_final_v3/robots/r1/rgb/00362.png	81995b8568f1726a3ae2fb5cbc0a1dab8d9170d8118a10767900b47c4dac34a4	21986
raw	zone_wide_two_doors_final_v3/robots/r1/rgb/00363.png	eced7bce809eebf0c8bf0ab008c9f8f7da8515d77fd50d7047b5faddd0104c14	21898
raw	zone_wide_two_doors_final_v3/robots/r1/rgb/00364.png	e4e5eb33e7c12a8d5c6f53f0fb42e1609998412c8d3991715ca0cb172be70ac8	22102
raw	zone_wide_two_doors_final_v3/robots/r1/rgb/00365.png	126ad77c5ed3b00510bdd066dc62bf2850c80208a8eabbb242e52c53accc517c	22124
raw	zone_wide_two_doors_final_v3/robots/r1/rgb/00366.png	4d5f6b114ff0dacd610b128993b906c77f77a1c447303ef5db1f2e6a573d7e8a	22260
raw	zone_wide_two_doors_final_v3/robots/r1/rgb/00367.png	43cfe2b1b4d6ab15aca8ab313452aefab5df090041ed2b8f7d6858b440699625	22159
raw	zone_wide_two_doors_final_v3/robots/r1/rgb/00368.png	e427252ff40e8e1bab53e73e135fb0bcccc1e98f0d86ab5cce02fd52516457a4	22078
raw	zone_wide_two_doors_final_v3/robots/r1/rgb/00369.png	ff4c91f0f4a01f97ac334ab449e65aa2604b124134387307ac17ed8fb4307241	22072
raw	zone_wide_two_doors_final_v3/robots/r1/rgb/00370.png	07918b3609631cd3f7a19709600603b69e46769f33ec3713a5b7a45502cf922f	22056
raw	zone_wide_two_doors_final_v3/robots/r1/rgb/00371.png	ab78d0d735995daad085083f4ee37e3829bdc2a708392e7feb9d45921b57d77a	22087
raw	zone_wide_two_doors_final_v3/robots/r1/rgb/00372.png	ab78d0d735995daad085083f4ee37e3829bdc2a708392e7feb9d45921b57d77a	22087
raw	zone_wide_two_doors_final_v3/robots/r1/rgb/00373.png	ab78d0d735995daad085083f4ee37e3829bdc2a708392e7feb9d45921b57d77a	22087
raw	zone_wide_two_doors_final_v3/robots/r1/rgb/00374.png	ab78d0d735995daad085083f4ee37e3829bdc2a708392e7feb9d45921b57d77a	22087
raw	zone_wide_two_doors_final_v3/robots/r1/rgb/00375.png	ab78d0d735995daad085083f4ee37e3829bdc2a708392e7feb9d45921b57d77a	22087
raw	zone_wide_two_doors_final_v3/robots/r1/rgb/00376.png	ab78d0d735995daad085083f4ee37e3829bdc2a708392e7feb9d45921b57d77a	22087
raw	zone_wide_two_doors_final_v3/robots/r1/rgb/00377.png	ab78d0d735995daad085083f4ee37e3829bdc2a708392e7feb9d45921b57d77a	22087
raw	zone_wide_two_doors_final_v3/robots/r1/rgb/00378.png	ab78d0d735995daad085083f4ee37e3829bdc2a708392e7feb9d45921b57d77a	22087
raw	zone_wide_two_doors_final_v3/robots/r1/rgb/00379.png	ab78d0d735995daad085083f4ee37e3829bdc2a708392e7feb9d45921b57d77a	22087
raw	zone_wide_two_doors_final_v3/robots/r1/rgb/00380.png	ab78d0d735995daad085083f4ee37e3829bdc2a708392e7feb9d45921b57d77a	22087
raw	zone_wide_two_doors_final_v3/robots/r1/rgb/00381.png	ab78d0d735995daad085083f4ee37e3829bdc2a708392e7feb9d45921b57d77a	22087
raw	zone_wide_two_doors_final_v3/robots/r1/rgb/00382.png	ab78d0d735995daad085083f4ee37e3829bdc2a708392e7feb9d45921b57d77a	22087
raw	zone_wide_two_doors_final_v3/robots/r1/rgb/00383.png	ab78d0d735995daad085083f4ee37e3829bdc2a708392e7feb9d45921b57d77a	22087
raw	zone_wide_two_doors_final_v3/robots/r1/rgb/00384.png	ab78d0d735995daad085083f4ee37e3829bdc2a708392e7feb9d45921b57d77a	22087
raw	zone_wide_two_doors_final_v3/robots/r1/rgb/00385.png	ab78d0d735995daad085083f4ee37e3829bdc2a708392e7feb9d45921b57d77a	22087
raw	zone_wide_two_doors_final_v3/robots/r1/rgb/00386.png	b8f387c738441ed888e8069da4b81485f3a4953bccebcae875db07dd60899e96	22156
raw	zone_wide_two_doors_final_v3/robots/r1/rgb/00387.png	488d70622fadacd84a141d9f7f3ab0eb0e49909e71e5ec52de8dd5c298d0d2ee	21984
raw	zone_wide_two_doors_final_v3/robots/r1/rgb/00388.png	25522c05ea268907a6a622970f5d74b868f760a2b9dda3df4d16e0bec876ec8b	21928
raw	zone_wide_two_doors_final_v3/robots/r1/rgb/00389.png	f6edd2aaefdb2c00a0f52c291bd75d39d09b894d19085d2bb1d2dd89d65721fe	21851
raw	zone_wide_two_doors_final_v3/robots/r1/rgb/00390.png	d6866f22945c53221306b6885122a25c3d4cf2401f598febcbeec05038426f93	22180
raw	zone_wide_two_doors_final_v3/robots/r1/rgb/00391.png	a144cfd8ac9509131784755e6682051d3fad46e6ac707de79f611b6f34760260	22201
raw	zone_wide_two_doors_final_v3/robots/r1/rgb/00392.png	1f2674cc4a8e1d804266e401983767f36a19ddfb8b3e8ca8f59db0e3b9672c9e	22276
raw	zone_wide_two_doors_final_v3/robots/r1/rgb/00393.png	33e891663a218404851f00c279f4ce360e0e7e103ddae7507f8e66cf029a5ba0	22252
raw	zone_wide_two_doors_final_v3/robots/r1/rgb/00394.png	ab0e48939bf89134fce122a54498eff96de388c153de0d5c4c162d99a38689e3	22243
raw	zone_wide_two_doors_final_v3/robots/r1/rgb/00395.png	0dca553fc9130c129db50b463ba8089e467d26505c68db8ee6cf32558973bf0c	22270
raw	zone_wide_two_doors_final_v3/robots/r1/rgb/00396.png	0dca553fc9130c129db50b463ba8089e467d26505c68db8ee6cf32558973bf0c	22270
raw	zone_wide_two_doors_final_v3/robots/r1/rgb/00397.png	0dca553fc9130c129db50b463ba8089e467d26505c68db8ee6cf32558973bf0c	22270
raw	zone_wide_two_doors_final_v3/robots/r1/rgb/00398.png	0dca553fc9130c129db50b463ba8089e467d26505c68db8ee6cf32558973bf0c	22270
raw	zone_wide_two_doors_final_v3/robots/r1/rgb/00399.png	0dca553fc9130c129db50b463ba8089e467d26505c68db8ee6cf32558973bf0c	22270
raw	zone_wide_two_doors_final_v3/robots/r1/rgb/00400.png	0dca553fc9130c129db50b463ba8089e467d26505c68db8ee6cf32558973bf0c	22270
raw	zone_wide_two_doors_final_v3/robots/r1/rgb/00401.png	0dca553fc9130c129db50b463ba8089e467d26505c68db8ee6cf32558973bf0c	22270
raw	zone_wide_two_doors_final_v3/robots/r1/rgb/00402.png	0dca553fc9130c129db50b463ba8089e467d26505c68db8ee6cf32558973bf0c	22270
raw	zone_wide_two_doors_final_v3/robots/r1/rgb/00403.png	0dca553fc9130c129db50b463ba8089e467d26505c68db8ee6cf32558973bf0c	22270
raw	zone_wide_two_doors_final_v3/robots/r1/rgb/00404.png	0dca553fc9130c129db50b463ba8089e467d26505c68db8ee6cf32558973bf0c	22270
raw	zone_wide_two_doors_final_v3/robots/r1/rgb/00405.png	0dca553fc9130c129db50b463ba8089e467d26505c68db8ee6cf32558973bf0c	22270
raw	zone_wide_two_doors_final_v3/robots/r1/rgb/00406.png	0dca553fc9130c129db50b463ba8089e467d26505c68db8ee6cf32558973bf0c	22270
raw	zone_wide_two_doors_final_v3/robots/r1/rgb/00407.png	0dca553fc9130c129db50b463ba8089e467d26505c68db8ee6cf32558973bf0c	22270
raw	zone_wide_two_doors_final_v3/robots/r1/rgb/00408.png	0dca553fc9130c129db50b463ba8089e467d26505c68db8ee6cf32558973bf0c	22270
raw	zone_wide_two_doors_final_v3/robots/r1/rgb/00409.png	0dca553fc9130c129db50b463ba8089e467d26505c68db8ee6cf32558973bf0c	22270
raw	zone_wide_two_doors_final_v3/robots/r1/rgb/00410.png	0dca553fc9130c129db50b463ba8089e467d26505c68db8ee6cf32558973bf0c	22270
raw	zone_wide_two_doors_final_v3/robots/r1/rgb/00411.png	e9f878236998ecb74724c7910b6d672aa36d43f68c5b2a926a6200d8114e8eab	22175
raw	zone_wide_two_doors_final_v3/robots/r1/rgb/00412.png	7e3c51d16be3c5f612b8f2098b9a5b1e60e6b69aee225a776c2c91eaaa24daff	22056
raw	zone_wide_two_doors_final_v3/robots/r1/rgb/00413.png	237c69068a73c5bc1713f0b727574ec305138eb10c40e146d5dd38ed56c8c43b	22132
raw	zone_wide_two_doors_final_v3/robots/r1/rgb/00414.png	ba3d4cd44a722f84355ed84d29f0652b1673df16d73580845997816602d0c226	22093
raw	zone_wide_two_doors_final_v3/robots/r1/rgb/00415.png	669d57f2cb02cccb8a70220d3f78b134d4582bbf641260c6ac2331f975c486e3	22115
raw	zone_wide_two_doors_final_v3/robots/r1/rgb/00416.png	341e571c4d38ff845f287c991d93999db3a65fad31479e16194fd94fc483ac96	21900
raw	zone_wide_two_doors_final_v3/robots/r1/rgb/00417.png	20ea81149df52f1f82c6c49e67f4b8de835fe91ddd45203f7294eb6a8ed7c87c	21910
raw	zone_wide_two_doors_final_v3/robots/r1/rgb/00418.png	25aea4a96498f013445c6db871434509e9b32b30db35e4dc0fcf5af0bf3e2e64	21891
raw	zone_wide_two_doors_final_v3/robots/r1/rgb/00419.png	409b3ec5252c6d4e7a97f49a6e329bf3364f7576fa86e97dbd97f3630caafe6e	21885
raw	zone_wide_two_doors_final_v3/robots/r1/rgb/00420.png	85100322b232e82ba487782d8eb486fdcca3930244ac364838fff6850b1bffae	21887
raw	zone_wide_two_doors_final_v3/robots/r1/rgb/00421.png	0b06a37fb27d0a4c3d1829e0e0b0cb3995e317b44e497aa7c7965878146b7ff8	21899
raw	zone_wide_two_doors_final_v3/robots/r1/rgb/00422.png	1238e0cc094fad3cbc35178a6ab3f7344005783d3b7a2197a557bf5b31c47459	21905
raw	zone_wide_two_doors_final_v3/robots/r1/rgb/00423.png	1238e0cc094fad3cbc35178a6ab3f7344005783d3b7a2197a557bf5b31c47459	21905
raw	zone_wide_two_doors_final_v3/robots/r1/rgb/00424.png	1238e0cc094fad3cbc35178a6ab3f7344005783d3b7a2197a557bf5b31c47459	21905
raw	zone_wide_two_doors_final_v3/robots/r1/rgb/00425.png	1238e0cc094fad3cbc35178a6ab3f7344005783d3b7a2197a557bf5b31c47459	21905
raw	zone_wide_two_doors_final_v3/robots/r1/rgb/00426.png	1238e0cc094fad3cbc35178a6ab3f7344005783d3b7a2197a557bf5b31c47459	21905
raw	zone_wide_two_doors_final_v3/robots/r1/rgb/00427.png	1238e0cc094fad3cbc35178a6ab3f7344005783d3b7a2197a557bf5b31c47459	21905
raw	zone_wide_two_doors_final_v3/robots/r1/rgb/00428.png	1238e0cc094fad3cbc35178a6ab3f7344005783d3b7a2197a557bf5b31c47459	21905
raw	zone_wide_two_doors_final_v3/robots/r1/rgb/00429.png	1238e0cc094fad3cbc35178a6ab3f7344005783d3b7a2197a557bf5b31c47459	21905
raw	zone_wide_two_doors_final_v3/robots/r1/rgb/00430.png	1238e0cc094fad3cbc35178a6ab3f7344005783d3b7a2197a557bf5b31c47459	21905
raw	zone_wide_two_doors_final_v3/robots/r1/rgb/00431.png	1238e0cc094fad3cbc35178a6ab3f7344005783d3b7a2197a557bf5b31c47459	21905
raw	zone_wide_two_doors_final_v3/robots/r1/rgb/00432.png	1238e0cc094fad3cbc35178a6ab3f7344005783d3b7a2197a557bf5b31c47459	21905
raw	zone_wide_two_doors_final_v3/robots/r1/rgb/00433.png	1238e0cc094fad3cbc35178a6ab3f7344005783d3b7a2197a557bf5b31c47459	21905
raw	zone_wide_two_doors_final_v3/robots/r1/rgb/00434.png	1238e0cc094fad3cbc35178a6ab3f7344005783d3b7a2197a557bf5b31c47459	21905
raw	zone_wide_two_doors_final_v3/robots/r1/rgb/00435.png	1238e0cc094fad3cbc35178a6ab3f7344005783d3b7a2197a557bf5b31c47459	21905
raw	zone_wide_two_doors_final_v3/robots/r1/rgb/00436.png	1fd11f54dc1b1b49e38809b12ca0753e6021b724df76333fcc873d85bdf2d2f7	21899
raw	zone_wide_two_doors_final_v3/robots/r1/rgb/00437.png	11c2e9ff772d7685b98a2cb36046d07092a83537ee8036dcdf4f0aa140f9696d	21860
raw	zone_wide_two_doors_final_v3/robots/r1/rgb/00438.png	22f454428dd09a9ffb453e539a811c9181d9a9bd32e2c272630579105512ba6f	21896
raw	zone_wide_two_doors_final_v3/robots/r1/rgb/00439.png	aeb9673ab956338d48958a4b9b4b27fe654a4e4206bbec5eded1241a152ac17c	22058
raw	zone_wide_two_doors_final_v3/robots/r1/rgb/00440.png	18cb6bf3904cc6656159d8ad02930b76473c601dc849c8f80efd9ac8613f960e	22236
raw	zone_wide_two_doors_final_v3/robots/r1/rgb/00441.png	5b91f4e44987e1bc2f49cf2f83cbad0cd97fc97aafde3251f715f3dcf2ac885c	22261
raw	zone_wide_two_doors_final_v3/robots/r1/rgb/00442.png	31e2b750fff75c4515d0ad09fe8b7e1195358bbdbffb9ea11e3d2ad9474f09bf	22237
raw	zone_wide_two_doors_final_v3/robots/r1/rgb/00443.png	e7fd7ab1e598c394bdd9f91fef7fdd1698fd4cbfce7cb6102446bcd17f45f236	22256
raw	zone_wide_two_doors_final_v3/robots/r1/rgb/00444.png	fbb8bc8bd4ead3930c362602276ed3efb7aa47e28736d942258c6cefa48d4bd4	22228
raw	zone_wide_two_doors_final_v3/robots/r1/rgb/00445.png	82c488fb58d25ac321558b95ea7d0c46ec6f34af39325befdcaf04e9f80eff4e	22236
raw	zone_wide_two_doors_final_v3/robots/r1/rgb/00446.png	d62e7d460a41e793f32d3b3e3c77ec1edf7a7597348b4fe107f9db16d9da601c	22247
raw	zone_wide_two_doors_final_v3/robots/r1/rgb/00447.png	e7fd7ab1e598c394bdd9f91fef7fdd1698fd4cbfce7cb6102446bcd17f45f236	22256
raw	zone_wide_two_doors_final_v3/robots/r1/rgb/00448.png	e7fd7ab1e598c394bdd9f91fef7fdd1698fd4cbfce7cb6102446bcd17f45f236	22256
raw	zone_wide_two_doors_final_v3/robots/r1/rgb/00449.png	e7fd7ab1e598c394bdd9f91fef7fdd1698fd4cbfce7cb6102446bcd17f45f236	22256
raw	zone_wide_two_doors_final_v3/robots/r1/rgb/00450.png	e7fd7ab1e598c394bdd9f91fef7fdd1698fd4cbfce7cb6102446bcd17f45f236	22256
raw	zone_wide_two_doors_final_v3/robots/r1/rgb/00451.png	e7fd7ab1e598c394bdd9f91fef7fdd1698fd4cbfce7cb6102446bcd17f45f236	22256
raw	zone_wide_two_doors_final_v3/robots/r1/rgb/00452.png	e7fd7ab1e598c394bdd9f91fef7fdd1698fd4cbfce7cb6102446bcd17f45f236	22256
raw	zone_wide_two_doors_final_v3/robots/r1/rgb/00453.png	e7fd7ab1e598c394bdd9f91fef7fdd1698fd4cbfce7cb6102446bcd17f45f236	22256
raw	zone_wide_two_doors_final_v3/robots/r1/rgb/00454.png	e7fd7ab1e598c394bdd9f91fef7fdd1698fd4cbfce7cb6102446bcd17f45f236	22256
raw	zone_wide_two_doors_final_v3/robots/r1/rgb/00455.png	e7fd7ab1e598c394bdd9f91fef7fdd1698fd4cbfce7cb6102446bcd17f45f236	22256
raw	zone_wide_two_doors_final_v3/robots/r1/rgb/00456.png	e7fd7ab1e598c394bdd9f91fef7fdd1698fd4cbfce7cb6102446bcd17f45f236	22256
raw	zone_wide_two_doors_final_v3/robots/r1/rgb/00457.png	e7fd7ab1e598c394bdd9f91fef7fdd1698fd4cbfce7cb6102446bcd17f45f236	22256
raw	zone_wide_two_doors_final_v3/robots/r1/rgb/00458.png	e7fd7ab1e598c394bdd9f91fef7fdd1698fd4cbfce7cb6102446bcd17f45f236	22256
raw	zone_wide_two_doors_final_v3/robots/r1/rgb/00459.png	e7fd7ab1e598c394bdd9f91fef7fdd1698fd4cbfce7cb6102446bcd17f45f236	22256
raw	zone_wide_two_doors_final_v3/robots/r1/rgb/00460.png	e7fd7ab1e598c394bdd9f91fef7fdd1698fd4cbfce7cb6102446bcd17f45f236	22256
raw	zone_wide_two_doors_final_v3/robots/r1/rgb/00461.png	d096d10e1f5d7d4f7d9c2aa4c10c7ea2e41b595f16402bf3b59f5c2501f353d7	22246
raw	zone_wide_two_doors_final_v3/robots/r1/rgb/00462.png	9cc217f3b9566eedfe6b3b05f3ec6036d8b4f5a18ea849cc0969f049b90fc9e9	22639
raw	zone_wide_two_doors_final_v3/robots/r1/rgb/00463.png	a652ace0e878b38dfa198d9916bc4e0c580f198e6c27cfc08ef7d7162f4c43f9	22957
raw	zone_wide_two_doors_final_v3/robots/r1/rgb/00464.png	24a984f2d18d59b8868acfbb7543b6fdc8232b64162ce133c8fb4e87c6936bde	23309
raw	zone_wide_two_doors_final_v3/robots/r1/rgb/00465.png	495e8d4d4f0d36bf3aa249bd9d8b82536293f24a8b38bbb8b353a1435816335e	23495
raw	zone_wide_two_doors_final_v3/robots/r1/rgb/00466.png	d7960aeb6099398be1caf188d332d9f223977e065d2a239c1657c504dc8e5103	23545
raw	zone_wide_two_doors_final_v3/robots/r1/rgb/00467.png	5518e61b66ace4626c2afb0b5b5e31c2822bd06588b1fe7670fa1e27895569c0	23537
raw	zone_wide_two_doors_final_v3/robots/r1/rgb/00468.png	a9411010d23006c435993f03c5bd148febbea3c4546905b0fa0a89044d7781ed	23533
raw	zone_wide_two_doors_final_v3/robots/r1/rgb/00469.png	f5fbae064ac437d24fa416d94ab52dd1b1b30a99c035b10eb2aacc22f8724206	23513
raw	zone_wide_two_doors_final_v3/robots/r1/rgb/00470.png	69364c43b6426e461ddae4f720ca04e073d74f7e16247adf49215e68934c8985	23530
raw	zone_wide_two_doors_final_v3/robots/r1/rgb/00471.png	b1c07873ebc5b261787addfa1761497a0f272fe865a5cf3331e60832a0fc45f0	23525
raw	zone_wide_two_doors_final_v3/robots/r1/rgb/00472.png	b1c07873ebc5b261787addfa1761497a0f272fe865a5cf3331e60832a0fc45f0	23525
raw	zone_wide_two_doors_final_v3/robots/r1/rgb/00473.png	b1c07873ebc5b261787addfa1761497a0f272fe865a5cf3331e60832a0fc45f0	23525
raw	zone_wide_two_doors_final_v3/robots/r1/rgb/00474.png	b1c07873ebc5b261787addfa1761497a0f272fe865a5cf3331e60832a0fc45f0	23525
raw	zone_wide_two_doors_final_v3/robots/r1/rgb/00475.png	b1c07873ebc5b261787addfa1761497a0f272fe865a5cf3331e60832a0fc45f0	23525
raw	zone_wide_two_doors_final_v3/robots/r1/rgb/00476.png	b1c07873ebc5b261787addfa1761497a0f272fe865a5cf3331e60832a0fc45f0	23525
raw	zone_wide_two_doors_final_v3/robots/r1/rgb/00477.png	b1c07873ebc5b261787addfa1761497a0f272fe865a5cf3331e60832a0fc45f0	23525
raw	zone_wide_two_doors_final_v3/robots/r1/rgb/00478.png	b1c07873ebc5b261787addfa1761497a0f272fe865a5cf3331e60832a0fc45f0	23525
raw	zone_wide_two_doors_final_v3/robots/r1/rgb/00479.png	b1c07873ebc5b261787addfa1761497a0f272fe865a5cf3331e60832a0fc45f0	23525
raw	zone_wide_two_doors_final_v3/robots/r1/rgb/00480.png	b1c07873ebc5b261787addfa1761497a0f272fe865a5cf3331e60832a0fc45f0	23525
raw	zone_wide_two_doors_final_v3/robots/r1/rgb/00481.png	b1c07873ebc5b261787addfa1761497a0f272fe865a5cf3331e60832a0fc45f0	23525
raw	zone_wide_two_doors_final_v3/robots/r1/rgb/00482.png	b1c07873ebc5b261787addfa1761497a0f272fe865a5cf3331e60832a0fc45f0	23525
raw	zone_wide_two_doors_final_v3/robots/r1/rgb/00483.png	b1c07873ebc5b261787addfa1761497a0f272fe865a5cf3331e60832a0fc45f0	23525
raw	zone_wide_two_doors_final_v3/robots/r1/rgb/00484.png	b1c07873ebc5b261787addfa1761497a0f272fe865a5cf3331e60832a0fc45f0	23525
raw	zone_wide_two_doors_final_v3/robots/r1/rgb/00485.png	b1c07873ebc5b261787addfa1761497a0f272fe865a5cf3331e60832a0fc45f0	23525
raw	zone_wide_two_doors_final_v3/robots/r1/rgb/00486.png	a7dd16958547661e538fcaf4162d892eace0ef16b2dd0c17f3f0335a87f50dfe	23457
raw	zone_wide_two_doors_final_v3/robots/r1/rgb/00487.png	4f9b0a1af4ec4d694d057632d73cd3a591fd71dea4b8b5c50c8f6ffe4025aff4	23305
raw	zone_wide_two_doors_final_v3/robots/r1/rgb/00488.png	93a11814546c8ecc0e8ba66a4bb4dd8ba5c170be8fd1129a3b6c239c27395677	22848
raw	zone_wide_two_doors_final_v3/robots/r1/rgb/00489.png	ad5f090b26a324bdbb3bb429339d1b7b958f0c31c8b824ed192327ed958f38b0	22515
raw	zone_wide_two_doors_final_v3/robots/r1/rgb/00490.png	2ac3a4655ff0231b98d5a8a9fc66974f3966313e15dc11b32d51f1f0b572d1f0	22344
raw	zone_wide_two_doors_final_v3/robots/r1/rgb/00491.png	ee9982e4bf0010c2d435d6a5bb9c0a9bc9221e9d071116428efa7747f749cc0a	22266
raw	zone_wide_two_doors_final_v3/robots/r1/rgb/00492.png	e8c099b936621cdaae11a912e228d6ac2db5383896ddd8c39e9a3ace4e4bb567	22225
raw	zone_wide_two_doors_final_v3/robots/r1/rgb/00493.png	aeca330653c50ccf65b75ab83efc7df5a3a40f725f45ce2be86ae8e6e3ee3304	22223
raw	zone_wide_two_doors_final_v3/robots/r1/rgb/00494.png	d5ecc3ca31ccaa6f36aebba69a44b4755ff45ad5727156baf22927e5c456f2f3	22230
raw	zone_wide_two_doors_final_v3/robots/r1/rgb/00495.png	553c9da93f756c09160e03e8800ca5af7819e63530278d91b4e2bd3701bae8f6	22228
raw	zone_wide_two_doors_final_v3/robots/r1/rgb/00496.png	553c9da93f756c09160e03e8800ca5af7819e63530278d91b4e2bd3701bae8f6	22228
raw	zone_wide_two_doors_final_v3/robots/r1/rgb/00497.png	553c9da93f756c09160e03e8800ca5af7819e63530278d91b4e2bd3701bae8f6	22228
raw	zone_wide_two_doors_final_v3/robots/r1/rgb/00498.png	553c9da93f756c09160e03e8800ca5af7819e63530278d91b4e2bd3701bae8f6	22228
raw	zone_wide_two_doors_final_v3/robots/r1/rgb/00499.png	553c9da93f756c09160e03e8800ca5af7819e63530278d91b4e2bd3701bae8f6	22228
raw	zone_wide_two_doors_final_v3/robots/r1/rgb/00500.png	553c9da93f756c09160e03e8800ca5af7819e63530278d91b4e2bd3701bae8f6	22228
raw	zone_wide_two_doors_final_v3/robots/r1/rgb/00501.png	553c9da93f756c09160e03e8800ca5af7819e63530278d91b4e2bd3701bae8f6	22228
raw	zone_wide_two_doors_final_v3/robots/r1/rgb/00502.png	553c9da93f756c09160e03e8800ca5af7819e63530278d91b4e2bd3701bae8f6	22228
raw	zone_wide_two_doors_final_v3/robots/r1/rgb/00503.png	553c9da93f756c09160e03e8800ca5af7819e63530278d91b4e2bd3701bae8f6	22228
raw	zone_wide_two_doors_final_v3/robots/r1/rgb/00504.png	553c9da93f756c09160e03e8800ca5af7819e63530278d91b4e2bd3701bae8f6	22228
raw	zone_wide_two_doors_final_v3/robots/r1/rgb/00505.png	553c9da93f756c09160e03e8800ca5af7819e63530278d91b4e2bd3701bae8f6	22228
raw	zone_wide_two_doors_final_v3/robots/r1/rgb/00506.png	553c9da93f756c09160e03e8800ca5af7819e63530278d91b4e2bd3701bae8f6	22228
raw	zone_wide_two_doors_final_v3/robots/r1/rgb/00507.png	553c9da93f756c09160e03e8800ca5af7819e63530278d91b4e2bd3701bae8f6	22228
raw	zone_wide_two_doors_final_v3/robots/r1/rgb/00508.png	553c9da93f756c09160e03e8800ca5af7819e63530278d91b4e2bd3701bae8f6	22228
raw	zone_wide_two_doors_final_v3/robots/r1/rgb/00509.png	553c9da93f756c09160e03e8800ca5af7819e63530278d91b4e2bd3701bae8f6	22228
raw	zone_wide_two_doors_final_v3/robots/r1/rgb/00510.png	553c9da93f756c09160e03e8800ca5af7819e63530278d91b4e2bd3701bae8f6	22228
raw	zone_wide_two_doors_final_v3/robots/r1/rgb/00511.png	553c9da93f756c09160e03e8800ca5af7819e63530278d91b4e2bd3701bae8f6	22228
raw	zone_wide_two_doors_final_v3/robots/r1/rgb/00512.png	553c9da93f756c09160e03e8800ca5af7819e63530278d91b4e2bd3701bae8f6	22228
raw	zone_wide_two_doors_final_v3/robots/r1/rgb/00513.png	553c9da93f756c09160e03e8800ca5af7819e63530278d91b4e2bd3701bae8f6	22228
raw	zone_wide_two_doors_final_v3/robots/r1/rgb/00514.png	553c9da93f756c09160e03e8800ca5af7819e63530278d91b4e2bd3701bae8f6	22228
raw	zone_wide_two_doors_final_v3/robots/r1/rgb/00515.png	553c9da93f756c09160e03e8800ca5af7819e63530278d91b4e2bd3701bae8f6	22228
raw	zone_wide_two_doors_final_v3/robots/r1/rgb/00516.png	553c9da93f756c09160e03e8800ca5af7819e63530278d91b4e2bd3701bae8f6	22228
raw	zone_wide_two_doors_final_v3/robots/r1/rgb/00517.png	553c9da93f756c09160e03e8800ca5af7819e63530278d91b4e2bd3701bae8f6	22228
raw	zone_wide_two_doors_final_v3/robots/r1/rgb/00518.png	553c9da93f756c09160e03e8800ca5af7819e63530278d91b4e2bd3701bae8f6	22228
raw	zone_wide_two_doors_final_v3/robots/r1/rgb/00519.png	553c9da93f756c09160e03e8800ca5af7819e63530278d91b4e2bd3701bae8f6	22228
raw	zone_wide_two_doors_final_v3/robots/r1/rgb/00520.png	553c9da93f756c09160e03e8800ca5af7819e63530278d91b4e2bd3701bae8f6	22228
raw	zone_wide_two_doors_final_v3/robots/r1/rgb/00521.png	553c9da93f756c09160e03e8800ca5af7819e63530278d91b4e2bd3701bae8f6	22228
raw	zone_wide_two_doors_final_v3/robots/r1/rgb/00522.png	553c9da93f756c09160e03e8800ca5af7819e63530278d91b4e2bd3701bae8f6	22228
raw	zone_wide_two_doors_final_v3/robots/r1/rgb/00523.png	553c9da93f756c09160e03e8800ca5af7819e63530278d91b4e2bd3701bae8f6	22228
raw	zone_wide_two_doors_final_v3/robots/r1/rgb/00524.png	553c9da93f756c09160e03e8800ca5af7819e63530278d91b4e2bd3701bae8f6	22228
raw	zone_wide_two_doors_final_v3/robots/r1/rgb/00525.png	553c9da93f756c09160e03e8800ca5af7819e63530278d91b4e2bd3701bae8f6	22228
raw	zone_wide_two_doors_final_v3/robots/r1/rgb/00526.png	553c9da93f756c09160e03e8800ca5af7819e63530278d91b4e2bd3701bae8f6	22228
raw	zone_wide_two_doors_final_v3/robots/r1/rgb/00527.png	553c9da93f756c09160e03e8800ca5af7819e63530278d91b4e2bd3701bae8f6	22228
raw	zone_wide_two_doors_final_v3/robots/r1/rgb/00528.png	553c9da93f756c09160e03e8800ca5af7819e63530278d91b4e2bd3701bae8f6	22228
raw	zone_wide_two_doors_final_v3/robots/r1/rgb/00529.png	553c9da93f756c09160e03e8800ca5af7819e63530278d91b4e2bd3701bae8f6	22228
raw	zone_wide_two_doors_final_v3/robots/r1/rgb/00530.png	553c9da93f756c09160e03e8800ca5af7819e63530278d91b4e2bd3701bae8f6	22228
raw	zone_wide_two_doors_final_v3/robots/r1/rgb/00531.png	553c9da93f756c09160e03e8800ca5af7819e63530278d91b4e2bd3701bae8f6	22228
raw	zone_wide_two_doors_final_v3/robots/r1/rgb/00532.png	553c9da93f756c09160e03e8800ca5af7819e63530278d91b4e2bd3701bae8f6	22228
raw	zone_wide_two_doors_final_v3/robots/r1/rgb/00533.png	553c9da93f756c09160e03e8800ca5af7819e63530278d91b4e2bd3701bae8f6	22228
raw	zone_wide_two_doors_final_v3/robots/r1/rgb/00534.png	553c9da93f756c09160e03e8800ca5af7819e63530278d91b4e2bd3701bae8f6	22228
raw	zone_wide_two_doors_final_v3/robots/r1/rgb/00535.png	553c9da93f756c09160e03e8800ca5af7819e63530278d91b4e2bd3701bae8f6	22228
raw	zone_wide_two_doors_final_v3/robots/r1/rgb/00536.png	553c9da93f756c09160e03e8800ca5af7819e63530278d91b4e2bd3701bae8f6	22228
raw	zone_wide_two_doors_final_v3/robots/r1/rgb/00537.png	553c9da93f756c09160e03e8800ca5af7819e63530278d91b4e2bd3701bae8f6	22228
raw	zone_wide_two_doors_final_v3/robots/r1/rgb/00538.png	553c9da93f756c09160e03e8800ca5af7819e63530278d91b4e2bd3701bae8f6	22228
raw	zone_wide_two_doors_final_v3/robots/r1/rgb/00539.png	553c9da93f756c09160e03e8800ca5af7819e63530278d91b4e2bd3701bae8f6	22228
raw	zone_wide_two_doors_final_v3/robots/r1/rgb/00540.png	553c9da93f756c09160e03e8800ca5af7819e63530278d91b4e2bd3701bae8f6	22228
raw	zone_wide_two_doors_final_v3/robots/r1/rgb/00541.png	553c9da93f756c09160e03e8800ca5af7819e63530278d91b4e2bd3701bae8f6	22228
raw	zone_wide_two_doors_final_v3/robots/r1/rgb/00542.png	553c9da93f756c09160e03e8800ca5af7819e63530278d91b4e2bd3701bae8f6	22228
raw	zone_wide_two_doors_final_v3/robots/r1/rgb/00543.png	553c9da93f756c09160e03e8800ca5af7819e63530278d91b4e2bd3701bae8f6	22228
raw	zone_wide_two_doors_final_v3/robots/r1/rgb/00544.png	553c9da93f756c09160e03e8800ca5af7819e63530278d91b4e2bd3701bae8f6	22228
raw	zone_wide_two_doors_final_v3/robots/r1/rgb/00545.png	553c9da93f756c09160e03e8800ca5af7819e63530278d91b4e2bd3701bae8f6	22228
raw	zone_wide_two_doors_final_v3/robots/r1/rgb/00546.png	553c9da93f756c09160e03e8800ca5af7819e63530278d91b4e2bd3701bae8f6	22228
raw	zone_wide_two_doors_final_v3/robots/r1/rgb/00547.png	553c9da93f756c09160e03e8800ca5af7819e63530278d91b4e2bd3701bae8f6	22228
raw	zone_wide_two_doors_final_v3/robots/r1/rgb/00548.png	553c9da93f756c09160e03e8800ca5af7819e63530278d91b4e2bd3701bae8f6	22228
raw	zone_wide_two_doors_final_v3/robots/r1/rgb/00549.png	553c9da93f756c09160e03e8800ca5af7819e63530278d91b4e2bd3701bae8f6	22228
raw	zone_wide_two_doors_final_v3/robots/r1/rgb/00550.png	553c9da93f756c09160e03e8800ca5af7819e63530278d91b4e2bd3701bae8f6	22228
raw	zone_wide_two_doors_final_v3/robots/r1/rgb/00551.png	553c9da93f756c09160e03e8800ca5af7819e63530278d91b4e2bd3701bae8f6	22228
raw	zone_wide_two_doors_final_v3/robots/r1/rgb/00552.png	553c9da93f756c09160e03e8800ca5af7819e63530278d91b4e2bd3701bae8f6	22228
raw	zone_wide_two_doors_final_v3/robots/r1/rgb/00553.png	553c9da93f756c09160e03e8800ca5af7819e63530278d91b4e2bd3701bae8f6	22228
raw	zone_wide_two_doors_final_v3/robots/r1/rgb/00554.png	553c9da93f756c09160e03e8800ca5af7819e63530278d91b4e2bd3701bae8f6	22228
raw	zone_wide_two_doors_final_v3/robots/r1/rgb/00555.png	553c9da93f756c09160e03e8800ca5af7819e63530278d91b4e2bd3701bae8f6	22228
raw	zone_wide_two_doors_final_v3/robots/r1/rgb/00556.png	553c9da93f756c09160e03e8800ca5af7819e63530278d91b4e2bd3701bae8f6	22228
raw	zone_wide_two_doors_final_v3/robots/r1/rgb/00557.png	553c9da93f756c09160e03e8800ca5af7819e63530278d91b4e2bd3701bae8f6	22228
raw	zone_wide_two_doors_final_v3/robots/r1/rgb/00558.png	553c9da93f756c09160e03e8800ca5af7819e63530278d91b4e2bd3701bae8f6	22228
raw	zone_wide_two_doors_final_v3/robots/r1/rgb/00559.png	553c9da93f756c09160e03e8800ca5af7819e63530278d91b4e2bd3701bae8f6	22228
raw	zone_wide_two_doors_final_v3/robots/r1/rgb/00560.png	553c9da93f756c09160e03e8800ca5af7819e63530278d91b4e2bd3701bae8f6	22228
raw	zone_wide_two_doors_final_v3/robots/r1/rgb/00561.png	553c9da93f756c09160e03e8800ca5af7819e63530278d91b4e2bd3701bae8f6	22228
raw	zone_wide_two_doors_final_v3/robots/r1/rgb/00562.png	553c9da93f756c09160e03e8800ca5af7819e63530278d91b4e2bd3701bae8f6	22228
raw	zone_wide_two_doors_final_v3/robots/r1/rgb/00563.png	553c9da93f756c09160e03e8800ca5af7819e63530278d91b4e2bd3701bae8f6	22228
raw	zone_wide_two_doors_final_v3/robots/r1/rgb/00564.png	553c9da93f756c09160e03e8800ca5af7819e63530278d91b4e2bd3701bae8f6	22228
raw	zone_wide_two_doors_final_v3/robots/r1/rgb/00565.png	553c9da93f756c09160e03e8800ca5af7819e63530278d91b4e2bd3701bae8f6	22228
raw	zone_wide_two_doors_final_v3/robots/r1/rgb/00566.png	553c9da93f756c09160e03e8800ca5af7819e63530278d91b4e2bd3701bae8f6	22228
raw	zone_wide_two_doors_final_v3/robots/r1/rgb/00567.png	553c9da93f756c09160e03e8800ca5af7819e63530278d91b4e2bd3701bae8f6	22228
raw	zone_wide_two_doors_final_v3/robots/r1/rgb/00568.png	553c9da93f756c09160e03e8800ca5af7819e63530278d91b4e2bd3701bae8f6	22228
raw	zone_wide_two_doors_final_v3/robots/r1/rgb/00569.png	553c9da93f756c09160e03e8800ca5af7819e63530278d91b4e2bd3701bae8f6	22228
raw	zone_wide_two_doors_final_v3/robots/r1/rgb/00570.png	553c9da93f756c09160e03e8800ca5af7819e63530278d91b4e2bd3701bae8f6	22228
raw	zone_wide_two_doors_final_v3/robots/r1/rgb/00571.png	553c9da93f756c09160e03e8800ca5af7819e63530278d91b4e2bd3701bae8f6	22228
raw	zone_wide_two_doors_final_v3/robots/r1/rgb/00572.png	553c9da93f756c09160e03e8800ca5af7819e63530278d91b4e2bd3701bae8f6	22228
raw	zone_wide_two_doors_final_v3/robots/r1/rgb/00573.png	553c9da93f756c09160e03e8800ca5af7819e63530278d91b4e2bd3701bae8f6	22228
raw	zone_wide_two_doors_final_v3/robots/r1/rgb/00574.png	553c9da93f756c09160e03e8800ca5af7819e63530278d91b4e2bd3701bae8f6	22228
raw	zone_wide_two_doors_final_v3/robots/r1/rgb/00575.png	553c9da93f756c09160e03e8800ca5af7819e63530278d91b4e2bd3701bae8f6	22228
raw	zone_wide_two_doors_final_v3/robots/r1/rgb/00576.png	553c9da93f756c09160e03e8800ca5af7819e63530278d91b4e2bd3701bae8f6	22228
raw	zone_wide_two_doors_final_v3/robots/r1/rgb/00577.png	553c9da93f756c09160e03e8800ca5af7819e63530278d91b4e2bd3701bae8f6	22228
raw	zone_wide_two_doors_final_v3/robots/r1/rgb/00578.png	553c9da93f756c09160e03e8800ca5af7819e63530278d91b4e2bd3701bae8f6	22228
raw	zone_wide_two_doors_final_v3/robots/r1/rgb/00579.png	553c9da93f756c09160e03e8800ca5af7819e63530278d91b4e2bd3701bae8f6	22228
raw	zone_wide_two_doors_final_v3/robots/r1/rgb/00580.png	553c9da93f756c09160e03e8800ca5af7819e63530278d91b4e2bd3701bae8f6	22228
raw	zone_wide_two_doors_final_v3/robots/r1/rgb/00581.png	553c9da93f756c09160e03e8800ca5af7819e63530278d91b4e2bd3701bae8f6	22228
raw	zone_wide_two_doors_final_v3/robots/r1/rgb/00582.png	553c9da93f756c09160e03e8800ca5af7819e63530278d91b4e2bd3701bae8f6	22228
raw	zone_wide_two_doors_final_v3/robots/r1/rgb/00583.png	553c9da93f756c09160e03e8800ca5af7819e63530278d91b4e2bd3701bae8f6	22228
raw	zone_wide_two_doors_final_v3/robots/r1/rgb/00584.png	553c9da93f756c09160e03e8800ca5af7819e63530278d91b4e2bd3701bae8f6	22228
raw	zone_wide_two_doors_final_v3/robots/r1/rgb/00585.png	553c9da93f756c09160e03e8800ca5af7819e63530278d91b4e2bd3701bae8f6	22228
raw	zone_wide_two_doors_final_v3/robots/r1/rgb/00586.png	553c9da93f756c09160e03e8800ca5af7819e63530278d91b4e2bd3701bae8f6	22228
raw	zone_wide_two_doors_final_v3/robots/r1/rgb/00587.png	553c9da93f756c09160e03e8800ca5af7819e63530278d91b4e2bd3701bae8f6	22228
raw	zone_wide_two_doors_final_v3/robots/r1/rgb/00588.png	553c9da93f756c09160e03e8800ca5af7819e63530278d91b4e2bd3701bae8f6	22228
raw	zone_wide_two_doors_final_v3/robots/r1/rgb/00589.png	553c9da93f756c09160e03e8800ca5af7819e63530278d91b4e2bd3701bae8f6	22228
raw	zone_wide_two_doors_final_v3/robots/r1/rgb/00590.png	553c9da93f756c09160e03e8800ca5af7819e63530278d91b4e2bd3701bae8f6	22228
raw	zone_wide_two_doors_final_v3/robots/r1/rgb/00591.png	553c9da93f756c09160e03e8800ca5af7819e63530278d91b4e2bd3701bae8f6	22228
raw	zone_wide_two_doors_final_v3/robots/r1/rgb/00592.png	553c9da93f756c09160e03e8800ca5af7819e63530278d91b4e2bd3701bae8f6	22228
raw	zone_wide_two_doors_final_v3/robots/r1/rgb/00593.png	553c9da93f756c09160e03e8800ca5af7819e63530278d91b4e2bd3701bae8f6	22228
raw	zone_wide_two_doors_final_v3/robots/r1/rgb/00594.png	553c9da93f756c09160e03e8800ca5af7819e63530278d91b4e2bd3701bae8f6	22228
raw	zone_wide_two_doors_final_v3/robots/r1/rgb/00595.png	553c9da93f756c09160e03e8800ca5af7819e63530278d91b4e2bd3701bae8f6	22228
raw	zone_wide_two_doors_final_v3/robots/r1/rgb/00596.png	553c9da93f756c09160e03e8800ca5af7819e63530278d91b4e2bd3701bae8f6	22228
raw	zone_wide_two_doors_final_v3/robots/r1/rgb/00597.png	553c9da93f756c09160e03e8800ca5af7819e63530278d91b4e2bd3701bae8f6	22228
raw	zone_wide_two_doors_final_v3/robots/r1/rgb/00598.png	553c9da93f756c09160e03e8800ca5af7819e63530278d91b4e2bd3701bae8f6	22228
raw	zone_wide_two_doors_final_v3/robots/r1/rgb/00599.png	553c9da93f756c09160e03e8800ca5af7819e63530278d91b4e2bd3701bae8f6	22228
raw	zone_wide_two_doors_final_v3/robots/r1/rgb/00600.png	553c9da93f756c09160e03e8800ca5af7819e63530278d91b4e2bd3701bae8f6	22228
raw	zone_wide_two_doors_final_v3/robots/r2/commands.jsonl	59ef962b8289ac4164dd6eb6aa75514b8235ca1e2a8e6b6ecfdda043c7970f23	125
raw	zone_wide_two_doors_final_v3/robots/r2/frames.jsonl	0d41c79d3f7d9a7ceaa636c70888226e71a9e5a8f01ec52299259cf2789d5760	152100
raw	zone_wide_two_doors_final_v3/robots/r2/rgb/00000.png	94b3e1cd7e52f5d38175f0ee61917cb24929d5f1fcd22f9c49e731d7a4a7d1c1	26538
raw	zone_wide_two_doors_final_v3/robots/r2/rgb/00001.png	94b3e1cd7e52f5d38175f0ee61917cb24929d5f1fcd22f9c49e731d7a4a7d1c1	26538
raw	zone_wide_two_doors_final_v3/robots/r2/rgb/00002.png	94b3e1cd7e52f5d38175f0ee61917cb24929d5f1fcd22f9c49e731d7a4a7d1c1	26538
raw	zone_wide_two_doors_final_v3/robots/r2/rgb/00003.png	94b3e1cd7e52f5d38175f0ee61917cb24929d5f1fcd22f9c49e731d7a4a7d1c1	26538
raw	zone_wide_two_doors_final_v3/robots/r2/rgb/00004.png	94b3e1cd7e52f5d38175f0ee61917cb24929d5f1fcd22f9c49e731d7a4a7d1c1	26538
raw	zone_wide_two_doors_final_v3/robots/r2/rgb/00005.png	94b3e1cd7e52f5d38175f0ee61917cb24929d5f1fcd22f9c49e731d7a4a7d1c1	26538
raw	zone_wide_two_doors_final_v3/robots/r2/rgb/00006.png	94b3e1cd7e52f5d38175f0ee61917cb24929d5f1fcd22f9c49e731d7a4a7d1c1	26538
raw	zone_wide_two_doors_final_v3/robots/r2/rgb/00007.png	94b3e1cd7e52f5d38175f0ee61917cb24929d5f1fcd22f9c49e731d7a4a7d1c1	26538
raw	zone_wide_two_doors_final_v3/robots/r2/rgb/00008.png	94b3e1cd7e52f5d38175f0ee61917cb24929d5f1fcd22f9c49e731d7a4a7d1c1	26538
raw	zone_wide_two_doors_final_v3/robots/r2/rgb/00009.png	94b3e1cd7e52f5d38175f0ee61917cb24929d5f1fcd22f9c49e731d7a4a7d1c1	26538
raw	zone_wide_two_doors_final_v3/robots/r2/rgb/00010.png	94b3e1cd7e52f5d38175f0ee61917cb24929d5f1fcd22f9c49e731d7a4a7d1c1	26538
raw	zone_wide_two_doors_final_v3/robots/r2/rgb/00011.png	94b3e1cd7e52f5d38175f0ee61917cb24929d5f1fcd22f9c49e731d7a4a7d1c1	26538
raw	zone_wide_two_doors_final_v3/robots/r2/rgb/00012.png	94b3e1cd7e52f5d38175f0ee61917cb24929d5f1fcd22f9c49e731d7a4a7d1c1	26538
raw	zone_wide_two_doors_final_v3/robots/r2/rgb/00013.png	94b3e1cd7e52f5d38175f0ee61917cb24929d5f1fcd22f9c49e731d7a4a7d1c1	26538
raw	zone_wide_two_doors_final_v3/robots/r2/rgb/00014.png	94b3e1cd7e52f5d38175f0ee61917cb24929d5f1fcd22f9c49e731d7a4a7d1c1	26538
raw	zone_wide_two_doors_final_v3/robots/r2/rgb/00015.png	94b3e1cd7e52f5d38175f0ee61917cb24929d5f1fcd22f9c49e731d7a4a7d1c1	26538
raw	zone_wide_two_doors_final_v3/robots/r2/rgb/00016.png	94b3e1cd7e52f5d38175f0ee61917cb24929d5f1fcd22f9c49e731d7a4a7d1c1	26538
raw	zone_wide_two_doors_final_v3/robots/r2/rgb/00017.png	94b3e1cd7e52f5d38175f0ee61917cb24929d5f1fcd22f9c49e731d7a4a7d1c1	26538
raw	zone_wide_two_doors_final_v3/robots/r2/rgb/00018.png	94b3e1cd7e52f5d38175f0ee61917cb24929d5f1fcd22f9c49e731d7a4a7d1c1	26538
raw	zone_wide_two_doors_final_v3/robots/r2/rgb/00019.png	94b3e1cd7e52f5d38175f0ee61917cb24929d5f1fcd22f9c49e731d7a4a7d1c1	26538
raw	zone_wide_two_doors_final_v3/robots/r2/rgb/00020.png	94b3e1cd7e52f5d38175f0ee61917cb24929d5f1fcd22f9c49e731d7a4a7d1c1	26538
raw	zone_wide_two_doors_final_v3/robots/r2/rgb/00021.png	94b3e1cd7e52f5d38175f0ee61917cb24929d5f1fcd22f9c49e731d7a4a7d1c1	26538
raw	zone_wide_two_doors_final_v3/robots/r2/rgb/00022.png	94b3e1cd7e52f5d38175f0ee61917cb24929d5f1fcd22f9c49e731d7a4a7d1c1	26538
raw	zone_wide_two_doors_final_v3/robots/r2/rgb/00023.png	94b3e1cd7e52f5d38175f0ee61917cb24929d5f1fcd22f9c49e731d7a4a7d1c1	26538
raw	zone_wide_two_doors_final_v3/robots/r2/rgb/00024.png	94b3e1cd7e52f5d38175f0ee61917cb24929d5f1fcd22f9c49e731d7a4a7d1c1	26538
raw	zone_wide_two_doors_final_v3/robots/r2/rgb/00025.png	94b3e1cd7e52f5d38175f0ee61917cb24929d5f1fcd22f9c49e731d7a4a7d1c1	26538
raw	zone_wide_two_doors_final_v3/robots/r2/rgb/00026.png	94b3e1cd7e52f5d38175f0ee61917cb24929d5f1fcd22f9c49e731d7a4a7d1c1	26538
raw	zone_wide_two_doors_final_v3/robots/r2/rgb/00027.png	94b3e1cd7e52f5d38175f0ee61917cb24929d5f1fcd22f9c49e731d7a4a7d1c1	26538
raw	zone_wide_two_doors_final_v3/robots/r2/rgb/00028.png	94b3e1cd7e52f5d38175f0ee61917cb24929d5f1fcd22f9c49e731d7a4a7d1c1	26538
raw	zone_wide_two_doors_final_v3/robots/r2/rgb/00029.png	94b3e1cd7e52f5d38175f0ee61917cb24929d5f1fcd22f9c49e731d7a4a7d1c1	26538
raw	zone_wide_two_doors_final_v3/robots/r2/rgb/00030.png	94b3e1cd7e52f5d38175f0ee61917cb24929d5f1fcd22f9c49e731d7a4a7d1c1	26538
raw	zone_wide_two_doors_final_v3/robots/r2/rgb/00031.png	94b3e1cd7e52f5d38175f0ee61917cb24929d5f1fcd22f9c49e731d7a4a7d1c1	26538
raw	zone_wide_two_doors_final_v3/robots/r2/rgb/00032.png	94b3e1cd7e52f5d38175f0ee61917cb24929d5f1fcd22f9c49e731d7a4a7d1c1	26538
raw	zone_wide_two_doors_final_v3/robots/r2/rgb/00033.png	94b3e1cd7e52f5d38175f0ee61917cb24929d5f1fcd22f9c49e731d7a4a7d1c1	26538
raw	zone_wide_two_doors_final_v3/robots/r2/rgb/00034.png	94b3e1cd7e52f5d38175f0ee61917cb24929d5f1fcd22f9c49e731d7a4a7d1c1	26538
raw	zone_wide_two_doors_final_v3/robots/r2/rgb/00035.png	94b3e1cd7e52f5d38175f0ee61917cb24929d5f1fcd22f9c49e731d7a4a7d1c1	26538
raw	zone_wide_two_doors_final_v3/robots/r2/rgb/00036.png	94b3e1cd7e52f5d38175f0ee61917cb24929d5f1fcd22f9c49e731d7a4a7d1c1	26538
raw	zone_wide_two_doors_final_v3/robots/r2/rgb/00037.png	94b3e1cd7e52f5d38175f0ee61917cb24929d5f1fcd22f9c49e731d7a4a7d1c1	26538
raw	zone_wide_two_doors_final_v3/robots/r2/rgb/00038.png	94b3e1cd7e52f5d38175f0ee61917cb24929d5f1fcd22f9c49e731d7a4a7d1c1	26538
raw	zone_wide_two_doors_final_v3/robots/r2/rgb/00039.png	94b3e1cd7e52f5d38175f0ee61917cb24929d5f1fcd22f9c49e731d7a4a7d1c1	26538
raw	zone_wide_two_doors_final_v3/robots/r2/rgb/00040.png	94b3e1cd7e52f5d38175f0ee61917cb24929d5f1fcd22f9c49e731d7a4a7d1c1	26538
raw	zone_wide_two_doors_final_v3/robots/r2/rgb/00041.png	94b3e1cd7e52f5d38175f0ee61917cb24929d5f1fcd22f9c49e731d7a4a7d1c1	26538
raw	zone_wide_two_doors_final_v3/robots/r2/rgb/00042.png	94b3e1cd7e52f5d38175f0ee61917cb24929d5f1fcd22f9c49e731d7a4a7d1c1	26538
raw	zone_wide_two_doors_final_v3/robots/r2/rgb/00043.png	94b3e1cd7e52f5d38175f0ee61917cb24929d5f1fcd22f9c49e731d7a4a7d1c1	26538
raw	zone_wide_two_doors_final_v3/robots/r2/rgb/00044.png	94b3e1cd7e52f5d38175f0ee61917cb24929d5f1fcd22f9c49e731d7a4a7d1c1	26538
raw	zone_wide_two_doors_final_v3/robots/r2/rgb/00045.png	94b3e1cd7e52f5d38175f0ee61917cb24929d5f1fcd22f9c49e731d7a4a7d1c1	26538
raw	zone_wide_two_doors_final_v3/robots/r2/rgb/00046.png	94b3e1cd7e52f5d38175f0ee61917cb24929d5f1fcd22f9c49e731d7a4a7d1c1	26538
raw	zone_wide_two_doors_final_v3/robots/r2/rgb/00047.png	94b3e1cd7e52f5d38175f0ee61917cb24929d5f1fcd22f9c49e731d7a4a7d1c1	26538
raw	zone_wide_two_doors_final_v3/robots/r2/rgb/00048.png	94b3e1cd7e52f5d38175f0ee61917cb24929d5f1fcd22f9c49e731d7a4a7d1c1	26538
raw	zone_wide_two_doors_final_v3/robots/r2/rgb/00049.png	94b3e1cd7e52f5d38175f0ee61917cb24929d5f1fcd22f9c49e731d7a4a7d1c1	26538
raw	zone_wide_two_doors_final_v3/robots/r2/rgb/00050.png	94b3e1cd7e52f5d38175f0ee61917cb24929d5f1fcd22f9c49e731d7a4a7d1c1	26538
raw	zone_wide_two_doors_final_v3/robots/r2/rgb/00051.png	94b3e1cd7e52f5d38175f0ee61917cb24929d5f1fcd22f9c49e731d7a4a7d1c1	26538
raw	zone_wide_two_doors_final_v3/robots/r2/rgb/00052.png	94b3e1cd7e52f5d38175f0ee61917cb24929d5f1fcd22f9c49e731d7a4a7d1c1	26538
raw	zone_wide_two_doors_final_v3/robots/r2/rgb/00053.png	94b3e1cd7e52f5d38175f0ee61917cb24929d5f1fcd22f9c49e731d7a4a7d1c1	26538
raw	zone_wide_two_doors_final_v3/robots/r2/rgb/00054.png	94b3e1cd7e52f5d38175f0ee61917cb24929d5f1fcd22f9c49e731d7a4a7d1c1	26538
raw	zone_wide_two_doors_final_v3/robots/r2/rgb/00055.png	94b3e1cd7e52f5d38175f0ee61917cb24929d5f1fcd22f9c49e731d7a4a7d1c1	26538
raw	zone_wide_two_doors_final_v3/robots/r2/rgb/00056.png	94b3e1cd7e52f5d38175f0ee61917cb24929d5f1fcd22f9c49e731d7a4a7d1c1	26538
raw	zone_wide_two_doors_final_v3/robots/r2/rgb/00057.png	94b3e1cd7e52f5d38175f0ee61917cb24929d5f1fcd22f9c49e731d7a4a7d1c1	26538
raw	zone_wide_two_doors_final_v3/robots/r2/rgb/00058.png	94b3e1cd7e52f5d38175f0ee61917cb24929d5f1fcd22f9c49e731d7a4a7d1c1	26538
raw	zone_wide_two_doors_final_v3/robots/r2/rgb/00059.png	94b3e1cd7e52f5d38175f0ee61917cb24929d5f1fcd22f9c49e731d7a4a7d1c1	26538
raw	zone_wide_two_doors_final_v3/robots/r2/rgb/00060.png	94b3e1cd7e52f5d38175f0ee61917cb24929d5f1fcd22f9c49e731d7a4a7d1c1	26538
raw	zone_wide_two_doors_final_v3/robots/r2/rgb/00061.png	94b3e1cd7e52f5d38175f0ee61917cb24929d5f1fcd22f9c49e731d7a4a7d1c1	26538
raw	zone_wide_two_doors_final_v3/robots/r2/rgb/00062.png	94b3e1cd7e52f5d38175f0ee61917cb24929d5f1fcd22f9c49e731d7a4a7d1c1	26538
raw	zone_wide_two_doors_final_v3/robots/r2/rgb/00063.png	94b3e1cd7e52f5d38175f0ee61917cb24929d5f1fcd22f9c49e731d7a4a7d1c1	26538
raw	zone_wide_two_doors_final_v3/robots/r2/rgb/00064.png	94b3e1cd7e52f5d38175f0ee61917cb24929d5f1fcd22f9c49e731d7a4a7d1c1	26538
raw	zone_wide_two_doors_final_v3/robots/r2/rgb/00065.png	94b3e1cd7e52f5d38175f0ee61917cb24929d5f1fcd22f9c49e731d7a4a7d1c1	26538
raw	zone_wide_two_doors_final_v3/robots/r2/rgb/00066.png	94b3e1cd7e52f5d38175f0ee61917cb24929d5f1fcd22f9c49e731d7a4a7d1c1	26538
raw	zone_wide_two_doors_final_v3/robots/r2/rgb/00067.png	94b3e1cd7e52f5d38175f0ee61917cb24929d5f1fcd22f9c49e731d7a4a7d1c1	26538
raw	zone_wide_two_doors_final_v3/robots/r2/rgb/00068.png	94b3e1cd7e52f5d38175f0ee61917cb24929d5f1fcd22f9c49e731d7a4a7d1c1	26538
raw	zone_wide_two_doors_final_v3/robots/r2/rgb/00069.png	94b3e1cd7e52f5d38175f0ee61917cb24929d5f1fcd22f9c49e731d7a4a7d1c1	26538
raw	zone_wide_two_doors_final_v3/robots/r2/rgb/00070.png	94b3e1cd7e52f5d38175f0ee61917cb24929d5f1fcd22f9c49e731d7a4a7d1c1	26538
raw	zone_wide_two_doors_final_v3/robots/r2/rgb/00071.png	94b3e1cd7e52f5d38175f0ee61917cb24929d5f1fcd22f9c49e731d7a4a7d1c1	26538
raw	zone_wide_two_doors_final_v3/robots/r2/rgb/00072.png	94b3e1cd7e52f5d38175f0ee61917cb24929d5f1fcd22f9c49e731d7a4a7d1c1	26538
raw	zone_wide_two_doors_final_v3/robots/r2/rgb/00073.png	94b3e1cd7e52f5d38175f0ee61917cb24929d5f1fcd22f9c49e731d7a4a7d1c1	26538
raw	zone_wide_two_doors_final_v3/robots/r2/rgb/00074.png	94b3e1cd7e52f5d38175f0ee61917cb24929d5f1fcd22f9c49e731d7a4a7d1c1	26538
raw	zone_wide_two_doors_final_v3/robots/r2/rgb/00075.png	94b3e1cd7e52f5d38175f0ee61917cb24929d5f1fcd22f9c49e731d7a4a7d1c1	26538
raw	zone_wide_two_doors_final_v3/robots/r2/rgb/00076.png	94b3e1cd7e52f5d38175f0ee61917cb24929d5f1fcd22f9c49e731d7a4a7d1c1	26538
raw	zone_wide_two_doors_final_v3/robots/r2/rgb/00077.png	94b3e1cd7e52f5d38175f0ee61917cb24929d5f1fcd22f9c49e731d7a4a7d1c1	26538
raw	zone_wide_two_doors_final_v3/robots/r2/rgb/00078.png	94b3e1cd7e52f5d38175f0ee61917cb24929d5f1fcd22f9c49e731d7a4a7d1c1	26538
raw	zone_wide_two_doors_final_v3/robots/r2/rgb/00079.png	94b3e1cd7e52f5d38175f0ee61917cb24929d5f1fcd22f9c49e731d7a4a7d1c1	26538
raw	zone_wide_two_doors_final_v3/robots/r2/rgb/00080.png	94b3e1cd7e52f5d38175f0ee61917cb24929d5f1fcd22f9c49e731d7a4a7d1c1	26538
raw	zone_wide_two_doors_final_v3/robots/r2/rgb/00081.png	94b3e1cd7e52f5d38175f0ee61917cb24929d5f1fcd22f9c49e731d7a4a7d1c1	26538
raw	zone_wide_two_doors_final_v3/robots/r2/rgb/00082.png	94b3e1cd7e52f5d38175f0ee61917cb24929d5f1fcd22f9c49e731d7a4a7d1c1	26538
raw	zone_wide_two_doors_final_v3/robots/r2/rgb/00083.png	94b3e1cd7e52f5d38175f0ee61917cb24929d5f1fcd22f9c49e731d7a4a7d1c1	26538
raw	zone_wide_two_doors_final_v3/robots/r2/rgb/00084.png	94b3e1cd7e52f5d38175f0ee61917cb24929d5f1fcd22f9c49e731d7a4a7d1c1	26538
raw	zone_wide_two_doors_final_v3/robots/r2/rgb/00085.png	94b3e1cd7e52f5d38175f0ee61917cb24929d5f1fcd22f9c49e731d7a4a7d1c1	26538
raw	zone_wide_two_doors_final_v3/robots/r2/rgb/00086.png	94b3e1cd7e52f5d38175f0ee61917cb24929d5f1fcd22f9c49e731d7a4a7d1c1	26538
raw	zone_wide_two_doors_final_v3/robots/r2/rgb/00087.png	94b3e1cd7e52f5d38175f0ee61917cb24929d5f1fcd22f9c49e731d7a4a7d1c1	26538
raw	zone_wide_two_doors_final_v3/robots/r2/rgb/00088.png	94b3e1cd7e52f5d38175f0ee61917cb24929d5f1fcd22f9c49e731d7a4a7d1c1	26538
raw	zone_wide_two_doors_final_v3/robots/r2/rgb/00089.png	94b3e1cd7e52f5d38175f0ee61917cb24929d5f1fcd22f9c49e731d7a4a7d1c1	26538
raw	zone_wide_two_doors_final_v3/robots/r2/rgb/00090.png	94b3e1cd7e52f5d38175f0ee61917cb24929d5f1fcd22f9c49e731d7a4a7d1c1	26538
raw	zone_wide_two_doors_final_v3/robots/r2/rgb/00091.png	94b3e1cd7e52f5d38175f0ee61917cb24929d5f1fcd22f9c49e731d7a4a7d1c1	26538
raw	zone_wide_two_doors_final_v3/robots/r2/rgb/00092.png	94b3e1cd7e52f5d38175f0ee61917cb24929d5f1fcd22f9c49e731d7a4a7d1c1	26538
raw	zone_wide_two_doors_final_v3/robots/r2/rgb/00093.png	94b3e1cd7e52f5d38175f0ee61917cb24929d5f1fcd22f9c49e731d7a4a7d1c1	26538
raw	zone_wide_two_doors_final_v3/robots/r2/rgb/00094.png	94b3e1cd7e52f5d38175f0ee61917cb24929d5f1fcd22f9c49e731d7a4a7d1c1	26538
raw	zone_wide_two_doors_final_v3/robots/r2/rgb/00095.png	94b3e1cd7e52f5d38175f0ee61917cb24929d5f1fcd22f9c49e731d7a4a7d1c1	26538
raw	zone_wide_two_doors_final_v3/robots/r2/rgb/00096.png	94b3e1cd7e52f5d38175f0ee61917cb24929d5f1fcd22f9c49e731d7a4a7d1c1	26538
raw	zone_wide_two_doors_final_v3/robots/r2/rgb/00097.png	94b3e1cd7e52f5d38175f0ee61917cb24929d5f1fcd22f9c49e731d7a4a7d1c1	26538
raw	zone_wide_two_doors_final_v3/robots/r2/rgb/00098.png	94b3e1cd7e52f5d38175f0ee61917cb24929d5f1fcd22f9c49e731d7a4a7d1c1	26538
raw	zone_wide_two_doors_final_v3/robots/r2/rgb/00099.png	94b3e1cd7e52f5d38175f0ee61917cb24929d5f1fcd22f9c49e731d7a4a7d1c1	26538
raw	zone_wide_two_doors_final_v3/robots/r2/rgb/00100.png	94b3e1cd7e52f5d38175f0ee61917cb24929d5f1fcd22f9c49e731d7a4a7d1c1	26538
raw	zone_wide_two_doors_final_v3/robots/r2/rgb/00101.png	94b3e1cd7e52f5d38175f0ee61917cb24929d5f1fcd22f9c49e731d7a4a7d1c1	26538
raw	zone_wide_two_doors_final_v3/robots/r2/rgb/00102.png	94b3e1cd7e52f5d38175f0ee61917cb24929d5f1fcd22f9c49e731d7a4a7d1c1	26538
raw	zone_wide_two_doors_final_v3/robots/r2/rgb/00103.png	94b3e1cd7e52f5d38175f0ee61917cb24929d5f1fcd22f9c49e731d7a4a7d1c1	26538
raw	zone_wide_two_doors_final_v3/robots/r2/rgb/00104.png	94b3e1cd7e52f5d38175f0ee61917cb24929d5f1fcd22f9c49e731d7a4a7d1c1	26538
raw	zone_wide_two_doors_final_v3/robots/r2/rgb/00105.png	94b3e1cd7e52f5d38175f0ee61917cb24929d5f1fcd22f9c49e731d7a4a7d1c1	26538
raw	zone_wide_two_doors_final_v3/robots/r2/rgb/00106.png	94b3e1cd7e52f5d38175f0ee61917cb24929d5f1fcd22f9c49e731d7a4a7d1c1	26538
raw	zone_wide_two_doors_final_v3/robots/r2/rgb/00107.png	94b3e1cd7e52f5d38175f0ee61917cb24929d5f1fcd22f9c49e731d7a4a7d1c1	26538
raw	zone_wide_two_doors_final_v3/robots/r2/rgb/00108.png	94b3e1cd7e52f5d38175f0ee61917cb24929d5f1fcd22f9c49e731d7a4a7d1c1	26538
raw	zone_wide_two_doors_final_v3/robots/r2/rgb/00109.png	94b3e1cd7e52f5d38175f0ee61917cb24929d5f1fcd22f9c49e731d7a4a7d1c1	26538
raw	zone_wide_two_doors_final_v3/robots/r2/rgb/00110.png	94b3e1cd7e52f5d38175f0ee61917cb24929d5f1fcd22f9c49e731d7a4a7d1c1	26538
raw	zone_wide_two_doors_final_v3/robots/r2/rgb/00111.png	94b3e1cd7e52f5d38175f0ee61917cb24929d5f1fcd22f9c49e731d7a4a7d1c1	26538
raw	zone_wide_two_doors_final_v3/robots/r2/rgb/00112.png	94b3e1cd7e52f5d38175f0ee61917cb24929d5f1fcd22f9c49e731d7a4a7d1c1	26538
raw	zone_wide_two_doors_final_v3/robots/r2/rgb/00113.png	94b3e1cd7e52f5d38175f0ee61917cb24929d5f1fcd22f9c49e731d7a4a7d1c1	26538
raw	zone_wide_two_doors_final_v3/robots/r2/rgb/00114.png	94b3e1cd7e52f5d38175f0ee61917cb24929d5f1fcd22f9c49e731d7a4a7d1c1	26538
raw	zone_wide_two_doors_final_v3/robots/r2/rgb/00115.png	94b3e1cd7e52f5d38175f0ee61917cb24929d5f1fcd22f9c49e731d7a4a7d1c1	26538
raw	zone_wide_two_doors_final_v3/robots/r2/rgb/00116.png	94b3e1cd7e52f5d38175f0ee61917cb24929d5f1fcd22f9c49e731d7a4a7d1c1	26538
raw	zone_wide_two_doors_final_v3/robots/r2/rgb/00117.png	94b3e1cd7e52f5d38175f0ee61917cb24929d5f1fcd22f9c49e731d7a4a7d1c1	26538
raw	zone_wide_two_doors_final_v3/robots/r2/rgb/00118.png	94b3e1cd7e52f5d38175f0ee61917cb24929d5f1fcd22f9c49e731d7a4a7d1c1	26538
raw	zone_wide_two_doors_final_v3/robots/r2/rgb/00119.png	94b3e1cd7e52f5d38175f0ee61917cb24929d5f1fcd22f9c49e731d7a4a7d1c1	26538
raw	zone_wide_two_doors_final_v3/robots/r2/rgb/00120.png	94b3e1cd7e52f5d38175f0ee61917cb24929d5f1fcd22f9c49e731d7a4a7d1c1	26538
raw	zone_wide_two_doors_final_v3/robots/r2/rgb/00121.png	94b3e1cd7e52f5d38175f0ee61917cb24929d5f1fcd22f9c49e731d7a4a7d1c1	26538
raw	zone_wide_two_doors_final_v3/robots/r2/rgb/00122.png	94b3e1cd7e52f5d38175f0ee61917cb24929d5f1fcd22f9c49e731d7a4a7d1c1	26538
raw	zone_wide_two_doors_final_v3/robots/r2/rgb/00123.png	94b3e1cd7e52f5d38175f0ee61917cb24929d5f1fcd22f9c49e731d7a4a7d1c1	26538
raw	zone_wide_two_doors_final_v3/robots/r2/rgb/00124.png	94b3e1cd7e52f5d38175f0ee61917cb24929d5f1fcd22f9c49e731d7a4a7d1c1	26538
raw	zone_wide_two_doors_final_v3/robots/r2/rgb/00125.png	94b3e1cd7e52f5d38175f0ee61917cb24929d5f1fcd22f9c49e731d7a4a7d1c1	26538
raw	zone_wide_two_doors_final_v3/robots/r2/rgb/00126.png	94b3e1cd7e52f5d38175f0ee61917cb24929d5f1fcd22f9c49e731d7a4a7d1c1	26538
raw	zone_wide_two_doors_final_v3/robots/r2/rgb/00127.png	94b3e1cd7e52f5d38175f0ee61917cb24929d5f1fcd22f9c49e731d7a4a7d1c1	26538
raw	zone_wide_two_doors_final_v3/robots/r2/rgb/00128.png	94b3e1cd7e52f5d38175f0ee61917cb24929d5f1fcd22f9c49e731d7a4a7d1c1	26538
raw	zone_wide_two_doors_final_v3/robots/r2/rgb/00129.png	94b3e1cd7e52f5d38175f0ee61917cb24929d5f1fcd22f9c49e731d7a4a7d1c1	26538
raw	zone_wide_two_doors_final_v3/robots/r2/rgb/00130.png	94b3e1cd7e52f5d38175f0ee61917cb24929d5f1fcd22f9c49e731d7a4a7d1c1	26538
raw	zone_wide_two_doors_final_v3/robots/r2/rgb/00131.png	94b3e1cd7e52f5d38175f0ee61917cb24929d5f1fcd22f9c49e731d7a4a7d1c1	26538
raw	zone_wide_two_doors_final_v3/robots/r2/rgb/00132.png	94b3e1cd7e52f5d38175f0ee61917cb24929d5f1fcd22f9c49e731d7a4a7d1c1	26538
raw	zone_wide_two_doors_final_v3/robots/r2/rgb/00133.png	94b3e1cd7e52f5d38175f0ee61917cb24929d5f1fcd22f9c49e731d7a4a7d1c1	26538
raw	zone_wide_two_doors_final_v3/robots/r2/rgb/00134.png	94b3e1cd7e52f5d38175f0ee61917cb24929d5f1fcd22f9c49e731d7a4a7d1c1	26538
raw	zone_wide_two_doors_final_v3/robots/r2/rgb/00135.png	94b3e1cd7e52f5d38175f0ee61917cb24929d5f1fcd22f9c49e731d7a4a7d1c1	26538
raw	zone_wide_two_doors_final_v3/robots/r2/rgb/00136.png	94b3e1cd7e52f5d38175f0ee61917cb24929d5f1fcd22f9c49e731d7a4a7d1c1	26538
raw	zone_wide_two_doors_final_v3/robots/r2/rgb/00137.png	94b3e1cd7e52f5d38175f0ee61917cb24929d5f1fcd22f9c49e731d7a4a7d1c1	26538
raw	zone_wide_two_doors_final_v3/robots/r2/rgb/00138.png	94b3e1cd7e52f5d38175f0ee61917cb24929d5f1fcd22f9c49e731d7a4a7d1c1	26538
raw	zone_wide_two_doors_final_v3/robots/r2/rgb/00139.png	94b3e1cd7e52f5d38175f0ee61917cb24929d5f1fcd22f9c49e731d7a4a7d1c1	26538
raw	zone_wide_two_doors_final_v3/robots/r2/rgb/00140.png	94b3e1cd7e52f5d38175f0ee61917cb24929d5f1fcd22f9c49e731d7a4a7d1c1	26538
raw	zone_wide_two_doors_final_v3/robots/r2/rgb/00141.png	94b3e1cd7e52f5d38175f0ee61917cb24929d5f1fcd22f9c49e731d7a4a7d1c1	26538
raw	zone_wide_two_doors_final_v3/robots/r2/rgb/00142.png	94b3e1cd7e52f5d38175f0ee61917cb24929d5f1fcd22f9c49e731d7a4a7d1c1	26538
raw	zone_wide_two_doors_final_v3/robots/r2/rgb/00143.png	94b3e1cd7e52f5d38175f0ee61917cb24929d5f1fcd22f9c49e731d7a4a7d1c1	26538
raw	zone_wide_two_doors_final_v3/robots/r2/rgb/00144.png	94b3e1cd7e52f5d38175f0ee61917cb24929d5f1fcd22f9c49e731d7a4a7d1c1	26538
raw	zone_wide_two_doors_final_v3/robots/r2/rgb/00145.png	94b3e1cd7e52f5d38175f0ee61917cb24929d5f1fcd22f9c49e731d7a4a7d1c1	26538
raw	zone_wide_two_doors_final_v3/robots/r2/rgb/00146.png	94b3e1cd7e52f5d38175f0ee61917cb24929d5f1fcd22f9c49e731d7a4a7d1c1	26538
raw	zone_wide_two_doors_final_v3/robots/r2/rgb/00147.png	94b3e1cd7e52f5d38175f0ee61917cb24929d5f1fcd22f9c49e731d7a4a7d1c1	26538
raw	zone_wide_two_doors_final_v3/robots/r2/rgb/00148.png	94b3e1cd7e52f5d38175f0ee61917cb24929d5f1fcd22f9c49e731d7a4a7d1c1	26538
raw	zone_wide_two_doors_final_v3/robots/r2/rgb/00149.png	94b3e1cd7e52f5d38175f0ee61917cb24929d5f1fcd22f9c49e731d7a4a7d1c1	26538
raw	zone_wide_two_doors_final_v3/robots/r2/rgb/00150.png	94b3e1cd7e52f5d38175f0ee61917cb24929d5f1fcd22f9c49e731d7a4a7d1c1	26538
raw	zone_wide_two_doors_final_v3/robots/r2/rgb/00151.png	94b3e1cd7e52f5d38175f0ee61917cb24929d5f1fcd22f9c49e731d7a4a7d1c1	26538
raw	zone_wide_two_doors_final_v3/robots/r2/rgb/00152.png	94b3e1cd7e52f5d38175f0ee61917cb24929d5f1fcd22f9c49e731d7a4a7d1c1	26538
raw	zone_wide_two_doors_final_v3/robots/r2/rgb/00153.png	94b3e1cd7e52f5d38175f0ee61917cb24929d5f1fcd22f9c49e731d7a4a7d1c1	26538
raw	zone_wide_two_doors_final_v3/robots/r2/rgb/00154.png	94b3e1cd7e52f5d38175f0ee61917cb24929d5f1fcd22f9c49e731d7a4a7d1c1	26538
raw	zone_wide_two_doors_final_v3/robots/r2/rgb/00155.png	94b3e1cd7e52f5d38175f0ee61917cb24929d5f1fcd22f9c49e731d7a4a7d1c1	26538
raw	zone_wide_two_doors_final_v3/robots/r2/rgb/00156.png	94b3e1cd7e52f5d38175f0ee61917cb24929d5f1fcd22f9c49e731d7a4a7d1c1	26538
raw	zone_wide_two_doors_final_v3/robots/r2/rgb/00157.png	94b3e1cd7e52f5d38175f0ee61917cb24929d5f1fcd22f9c49e731d7a4a7d1c1	26538
raw	zone_wide_two_doors_final_v3/robots/r2/rgb/00158.png	94b3e1cd7e52f5d38175f0ee61917cb24929d5f1fcd22f9c49e731d7a4a7d1c1	26538
raw	zone_wide_two_doors_final_v3/robots/r2/rgb/00159.png	94b3e1cd7e52f5d38175f0ee61917cb24929d5f1fcd22f9c49e731d7a4a7d1c1	26538
raw	zone_wide_two_doors_final_v3/robots/r2/rgb/00160.png	94b3e1cd7e52f5d38175f0ee61917cb24929d5f1fcd22f9c49e731d7a4a7d1c1	26538
raw	zone_wide_two_doors_final_v3/robots/r2/rgb/00161.png	94b3e1cd7e52f5d38175f0ee61917cb24929d5f1fcd22f9c49e731d7a4a7d1c1	26538
raw	zone_wide_two_doors_final_v3/robots/r2/rgb/00162.png	94b3e1cd7e52f5d38175f0ee61917cb24929d5f1fcd22f9c49e731d7a4a7d1c1	26538
raw	zone_wide_two_doors_final_v3/robots/r2/rgb/00163.png	94b3e1cd7e52f5d38175f0ee61917cb24929d5f1fcd22f9c49e731d7a4a7d1c1	26538
raw	zone_wide_two_doors_final_v3/robots/r2/rgb/00164.png	94b3e1cd7e52f5d38175f0ee61917cb24929d5f1fcd22f9c49e731d7a4a7d1c1	26538
raw	zone_wide_two_doors_final_v3/robots/r2/rgb/00165.png	94b3e1cd7e52f5d38175f0ee61917cb24929d5f1fcd22f9c49e731d7a4a7d1c1	26538
raw	zone_wide_two_doors_final_v3/robots/r2/rgb/00166.png	94b3e1cd7e52f5d38175f0ee61917cb24929d5f1fcd22f9c49e731d7a4a7d1c1	26538
raw	zone_wide_two_doors_final_v3/robots/r2/rgb/00167.png	94b3e1cd7e52f5d38175f0ee61917cb24929d5f1fcd22f9c49e731d7a4a7d1c1	26538
raw	zone_wide_two_doors_final_v3/robots/r2/rgb/00168.png	94b3e1cd7e52f5d38175f0ee61917cb24929d5f1fcd22f9c49e731d7a4a7d1c1	26538
raw	zone_wide_two_doors_final_v3/robots/r2/rgb/00169.png	94b3e1cd7e52f5d38175f0ee61917cb24929d5f1fcd22f9c49e731d7a4a7d1c1	26538
raw	zone_wide_two_doors_final_v3/robots/r2/rgb/00170.png	94b3e1cd7e52f5d38175f0ee61917cb24929d5f1fcd22f9c49e731d7a4a7d1c1	26538
raw	zone_wide_two_doors_final_v3/robots/r2/rgb/00171.png	94b3e1cd7e52f5d38175f0ee61917cb24929d5f1fcd22f9c49e731d7a4a7d1c1	26538
raw	zone_wide_two_doors_final_v3/robots/r2/rgb/00172.png	94b3e1cd7e52f5d38175f0ee61917cb24929d5f1fcd22f9c49e731d7a4a7d1c1	26538
raw	zone_wide_two_doors_final_v3/robots/r2/rgb/00173.png	94b3e1cd7e52f5d38175f0ee61917cb24929d5f1fcd22f9c49e731d7a4a7d1c1	26538
raw	zone_wide_two_doors_final_v3/robots/r2/rgb/00174.png	94b3e1cd7e52f5d38175f0ee61917cb24929d5f1fcd22f9c49e731d7a4a7d1c1	26538
raw	zone_wide_two_doors_final_v3/robots/r2/rgb/00175.png	94b3e1cd7e52f5d38175f0ee61917cb24929d5f1fcd22f9c49e731d7a4a7d1c1	26538
raw	zone_wide_two_doors_final_v3/robots/r2/rgb/00176.png	94b3e1cd7e52f5d38175f0ee61917cb24929d5f1fcd22f9c49e731d7a4a7d1c1	26538
raw	zone_wide_two_doors_final_v3/robots/r2/rgb/00177.png	94b3e1cd7e52f5d38175f0ee61917cb24929d5f1fcd22f9c49e731d7a4a7d1c1	26538
raw	zone_wide_two_doors_final_v3/robots/r2/rgb/00178.png	94b3e1cd7e52f5d38175f0ee61917cb24929d5f1fcd22f9c49e731d7a4a7d1c1	26538
raw	zone_wide_two_doors_final_v3/robots/r2/rgb/00179.png	94b3e1cd7e52f5d38175f0ee61917cb24929d5f1fcd22f9c49e731d7a4a7d1c1	26538
raw	zone_wide_two_doors_final_v3/robots/r2/rgb/00180.png	94b3e1cd7e52f5d38175f0ee61917cb24929d5f1fcd22f9c49e731d7a4a7d1c1	26538
raw	zone_wide_two_doors_final_v3/robots/r2/rgb/00181.png	94b3e1cd7e52f5d38175f0ee61917cb24929d5f1fcd22f9c49e731d7a4a7d1c1	26538
raw	zone_wide_two_doors_final_v3/robots/r2/rgb/00182.png	94b3e1cd7e52f5d38175f0ee61917cb24929d5f1fcd22f9c49e731d7a4a7d1c1	26538
raw	zone_wide_two_doors_final_v3/robots/r2/rgb/00183.png	94b3e1cd7e52f5d38175f0ee61917cb24929d5f1fcd22f9c49e731d7a4a7d1c1	26538
raw	zone_wide_two_doors_final_v3/robots/r2/rgb/00184.png	94b3e1cd7e52f5d38175f0ee61917cb24929d5f1fcd22f9c49e731d7a4a7d1c1	26538
raw	zone_wide_two_doors_final_v3/robots/r2/rgb/00185.png	94b3e1cd7e52f5d38175f0ee61917cb24929d5f1fcd22f9c49e731d7a4a7d1c1	26538
raw	zone_wide_two_doors_final_v3/robots/r2/rgb/00186.png	94b3e1cd7e52f5d38175f0ee61917cb24929d5f1fcd22f9c49e731d7a4a7d1c1	26538
raw	zone_wide_two_doors_final_v3/robots/r2/rgb/00187.png	94b3e1cd7e52f5d38175f0ee61917cb24929d5f1fcd22f9c49e731d7a4a7d1c1	26538
raw	zone_wide_two_doors_final_v3/robots/r2/rgb/00188.png	94b3e1cd7e52f5d38175f0ee61917cb24929d5f1fcd22f9c49e731d7a4a7d1c1	26538
raw	zone_wide_two_doors_final_v3/robots/r2/rgb/00189.png	94b3e1cd7e52f5d38175f0ee61917cb24929d5f1fcd22f9c49e731d7a4a7d1c1	26538
raw	zone_wide_two_doors_final_v3/robots/r2/rgb/00190.png	94b3e1cd7e52f5d38175f0ee61917cb24929d5f1fcd22f9c49e731d7a4a7d1c1	26538
raw	zone_wide_two_doors_final_v3/robots/r2/rgb/00191.png	94b3e1cd7e52f5d38175f0ee61917cb24929d5f1fcd22f9c49e731d7a4a7d1c1	26538
raw	zone_wide_two_doors_final_v3/robots/r2/rgb/00192.png	94b3e1cd7e52f5d38175f0ee61917cb24929d5f1fcd22f9c49e731d7a4a7d1c1	26538
raw	zone_wide_two_doors_final_v3/robots/r2/rgb/00193.png	94b3e1cd7e52f5d38175f0ee61917cb24929d5f1fcd22f9c49e731d7a4a7d1c1	26538
raw	zone_wide_two_doors_final_v3/robots/r2/rgb/00194.png	94b3e1cd7e52f5d38175f0ee61917cb24929d5f1fcd22f9c49e731d7a4a7d1c1	26538
raw	zone_wide_two_doors_final_v3/robots/r2/rgb/00195.png	94b3e1cd7e52f5d38175f0ee61917cb24929d5f1fcd22f9c49e731d7a4a7d1c1	26538
raw	zone_wide_two_doors_final_v3/robots/r2/rgb/00196.png	94b3e1cd7e52f5d38175f0ee61917cb24929d5f1fcd22f9c49e731d7a4a7d1c1	26538
raw	zone_wide_two_doors_final_v3/robots/r2/rgb/00197.png	94b3e1cd7e52f5d38175f0ee61917cb24929d5f1fcd22f9c49e731d7a4a7d1c1	26538
raw	zone_wide_two_doors_final_v3/robots/r2/rgb/00198.png	94b3e1cd7e52f5d38175f0ee61917cb24929d5f1fcd22f9c49e731d7a4a7d1c1	26538
raw	zone_wide_two_doors_final_v3/robots/r2/rgb/00199.png	94b3e1cd7e52f5d38175f0ee61917cb24929d5f1fcd22f9c49e731d7a4a7d1c1	26538
raw	zone_wide_two_doors_final_v3/robots/r2/rgb/00200.png	94b3e1cd7e52f5d38175f0ee61917cb24929d5f1fcd22f9c49e731d7a4a7d1c1	26538
raw	zone_wide_two_doors_final_v3/robots/r2/rgb/00201.png	94b3e1cd7e52f5d38175f0ee61917cb24929d5f1fcd22f9c49e731d7a4a7d1c1	26538
raw	zone_wide_two_doors_final_v3/robots/r2/rgb/00202.png	94b3e1cd7e52f5d38175f0ee61917cb24929d5f1fcd22f9c49e731d7a4a7d1c1	26538
raw	zone_wide_two_doors_final_v3/robots/r2/rgb/00203.png	94b3e1cd7e52f5d38175f0ee61917cb24929d5f1fcd22f9c49e731d7a4a7d1c1	26538
raw	zone_wide_two_doors_final_v3/robots/r2/rgb/00204.png	94b3e1cd7e52f5d38175f0ee61917cb24929d5f1fcd22f9c49e731d7a4a7d1c1	26538
raw	zone_wide_two_doors_final_v3/robots/r2/rgb/00205.png	94b3e1cd7e52f5d38175f0ee61917cb24929d5f1fcd22f9c49e731d7a4a7d1c1	26538
raw	zone_wide_two_doors_final_v3/robots/r2/rgb/00206.png	94b3e1cd7e52f5d38175f0ee61917cb24929d5f1fcd22f9c49e731d7a4a7d1c1	26538
raw	zone_wide_two_doors_final_v3/robots/r2/rgb/00207.png	94b3e1cd7e52f5d38175f0ee61917cb24929d5f1fcd22f9c49e731d7a4a7d1c1	26538
raw	zone_wide_two_doors_final_v3/robots/r2/rgb/00208.png	94b3e1cd7e52f5d38175f0ee61917cb24929d5f1fcd22f9c49e731d7a4a7d1c1	26538
raw	zone_wide_two_doors_final_v3/robots/r2/rgb/00209.png	94b3e1cd7e52f5d38175f0ee61917cb24929d5f1fcd22f9c49e731d7a4a7d1c1	26538
raw	zone_wide_two_doors_final_v3/robots/r2/rgb/00210.png	94b3e1cd7e52f5d38175f0ee61917cb24929d5f1fcd22f9c49e731d7a4a7d1c1	26538
raw	zone_wide_two_doors_final_v3/robots/r2/rgb/00211.png	94b3e1cd7e52f5d38175f0ee61917cb24929d5f1fcd22f9c49e731d7a4a7d1c1	26538
raw	zone_wide_two_doors_final_v3/robots/r2/rgb/00212.png	94b3e1cd7e52f5d38175f0ee61917cb24929d5f1fcd22f9c49e731d7a4a7d1c1	26538
raw	zone_wide_two_doors_final_v3/robots/r2/rgb/00213.png	94b3e1cd7e52f5d38175f0ee61917cb24929d5f1fcd22f9c49e731d7a4a7d1c1	26538
raw	zone_wide_two_doors_final_v3/robots/r2/rgb/00214.png	94b3e1cd7e52f5d38175f0ee61917cb24929d5f1fcd22f9c49e731d7a4a7d1c1	26538
raw	zone_wide_two_doors_final_v3/robots/r2/rgb/00215.png	94b3e1cd7e52f5d38175f0ee61917cb24929d5f1fcd22f9c49e731d7a4a7d1c1	26538
raw	zone_wide_two_doors_final_v3/robots/r2/rgb/00216.png	94b3e1cd7e52f5d38175f0ee61917cb24929d5f1fcd22f9c49e731d7a4a7d1c1	26538
raw	zone_wide_two_doors_final_v3/robots/r2/rgb/00217.png	94b3e1cd7e52f5d38175f0ee61917cb24929d5f1fcd22f9c49e731d7a4a7d1c1	26538
raw	zone_wide_two_doors_final_v3/robots/r2/rgb/00218.png	94b3e1cd7e52f5d38175f0ee61917cb24929d5f1fcd22f9c49e731d7a4a7d1c1	26538
raw	zone_wide_two_doors_final_v3/robots/r2/rgb/00219.png	94b3e1cd7e52f5d38175f0ee61917cb24929d5f1fcd22f9c49e731d7a4a7d1c1	26538
raw	zone_wide_two_doors_final_v3/robots/r2/rgb/00220.png	94b3e1cd7e52f5d38175f0ee61917cb24929d5f1fcd22f9c49e731d7a4a7d1c1	26538
raw	zone_wide_two_doors_final_v3/robots/r2/rgb/00221.png	94b3e1cd7e52f5d38175f0ee61917cb24929d5f1fcd22f9c49e731d7a4a7d1c1	26538
raw	zone_wide_two_doors_final_v3/robots/r2/rgb/00222.png	94b3e1cd7e52f5d38175f0ee61917cb24929d5f1fcd22f9c49e731d7a4a7d1c1	26538
raw	zone_wide_two_doors_final_v3/robots/r2/rgb/00223.png	94b3e1cd7e52f5d38175f0ee61917cb24929d5f1fcd22f9c49e731d7a4a7d1c1	26538
raw	zone_wide_two_doors_final_v3/robots/r2/rgb/00224.png	94b3e1cd7e52f5d38175f0ee61917cb24929d5f1fcd22f9c49e731d7a4a7d1c1	26538
raw	zone_wide_two_doors_final_v3/robots/r2/rgb/00225.png	94b3e1cd7e52f5d38175f0ee61917cb24929d5f1fcd22f9c49e731d7a4a7d1c1	26538
raw	zone_wide_two_doors_final_v3/robots/r2/rgb/00226.png	94b3e1cd7e52f5d38175f0ee61917cb24929d5f1fcd22f9c49e731d7a4a7d1c1	26538
raw	zone_wide_two_doors_final_v3/robots/r2/rgb/00227.png	94b3e1cd7e52f5d38175f0ee61917cb24929d5f1fcd22f9c49e731d7a4a7d1c1	26538
raw	zone_wide_two_doors_final_v3/robots/r2/rgb/00228.png	94b3e1cd7e52f5d38175f0ee61917cb24929d5f1fcd22f9c49e731d7a4a7d1c1	26538
raw	zone_wide_two_doors_final_v3/robots/r2/rgb/00229.png	94b3e1cd7e52f5d38175f0ee61917cb24929d5f1fcd22f9c49e731d7a4a7d1c1	26538
raw	zone_wide_two_doors_final_v3/robots/r2/rgb/00230.png	94b3e1cd7e52f5d38175f0ee61917cb24929d5f1fcd22f9c49e731d7a4a7d1c1	26538
raw	zone_wide_two_doors_final_v3/robots/r2/rgb/00231.png	94b3e1cd7e52f5d38175f0ee61917cb24929d5f1fcd22f9c49e731d7a4a7d1c1	26538
raw	zone_wide_two_doors_final_v3/robots/r2/rgb/00232.png	94b3e1cd7e52f5d38175f0ee61917cb24929d5f1fcd22f9c49e731d7a4a7d1c1	26538
raw	zone_wide_two_doors_final_v3/robots/r2/rgb/00233.png	94b3e1cd7e52f5d38175f0ee61917cb24929d5f1fcd22f9c49e731d7a4a7d1c1	26538
raw	zone_wide_two_doors_final_v3/robots/r2/rgb/00234.png	94b3e1cd7e52f5d38175f0ee61917cb24929d5f1fcd22f9c49e731d7a4a7d1c1	26538
raw	zone_wide_two_doors_final_v3/robots/r2/rgb/00235.png	94b3e1cd7e52f5d38175f0ee61917cb24929d5f1fcd22f9c49e731d7a4a7d1c1	26538
raw	zone_wide_two_doors_final_v3/robots/r2/rgb/00236.png	94b3e1cd7e52f5d38175f0ee61917cb24929d5f1fcd22f9c49e731d7a4a7d1c1	26538
raw	zone_wide_two_doors_final_v3/robots/r2/rgb/00237.png	94b3e1cd7e52f5d38175f0ee61917cb24929d5f1fcd22f9c49e731d7a4a7d1c1	26538
raw	zone_wide_two_doors_final_v3/robots/r2/rgb/00238.png	94b3e1cd7e52f5d38175f0ee61917cb24929d5f1fcd22f9c49e731d7a4a7d1c1	26538
raw	zone_wide_two_doors_final_v3/robots/r2/rgb/00239.png	94b3e1cd7e52f5d38175f0ee61917cb24929d5f1fcd22f9c49e731d7a4a7d1c1	26538
raw	zone_wide_two_doors_final_v3/robots/r2/rgb/00240.png	94b3e1cd7e52f5d38175f0ee61917cb24929d5f1fcd22f9c49e731d7a4a7d1c1	26538
raw	zone_wide_two_doors_final_v3/robots/r2/rgb/00241.png	94b3e1cd7e52f5d38175f0ee61917cb24929d5f1fcd22f9c49e731d7a4a7d1c1	26538
raw	zone_wide_two_doors_final_v3/robots/r2/rgb/00242.png	94b3e1cd7e52f5d38175f0ee61917cb24929d5f1fcd22f9c49e731d7a4a7d1c1	26538
raw	zone_wide_two_doors_final_v3/robots/r2/rgb/00243.png	94b3e1cd7e52f5d38175f0ee61917cb24929d5f1fcd22f9c49e731d7a4a7d1c1	26538
raw	zone_wide_two_doors_final_v3/robots/r2/rgb/00244.png	94b3e1cd7e52f5d38175f0ee61917cb24929d5f1fcd22f9c49e731d7a4a7d1c1	26538
raw	zone_wide_two_doors_final_v3/robots/r2/rgb/00245.png	94b3e1cd7e52f5d38175f0ee61917cb24929d5f1fcd22f9c49e731d7a4a7d1c1	26538
raw	zone_wide_two_doors_final_v3/robots/r2/rgb/00246.png	94b3e1cd7e52f5d38175f0ee61917cb24929d5f1fcd22f9c49e731d7a4a7d1c1	26538
raw	zone_wide_two_doors_final_v3/robots/r2/rgb/00247.png	94b3e1cd7e52f5d38175f0ee61917cb24929d5f1fcd22f9c49e731d7a4a7d1c1	26538
raw	zone_wide_two_doors_final_v3/robots/r2/rgb/00248.png	94b3e1cd7e52f5d38175f0ee61917cb24929d5f1fcd22f9c49e731d7a4a7d1c1	26538
raw	zone_wide_two_doors_final_v3/robots/r2/rgb/00249.png	94b3e1cd7e52f5d38175f0ee61917cb24929d5f1fcd22f9c49e731d7a4a7d1c1	26538
raw	zone_wide_two_doors_final_v3/robots/r2/rgb/00250.png	94b3e1cd7e52f5d38175f0ee61917cb24929d5f1fcd22f9c49e731d7a4a7d1c1	26538
raw	zone_wide_two_doors_final_v3/robots/r2/rgb/00251.png	94b3e1cd7e52f5d38175f0ee61917cb24929d5f1fcd22f9c49e731d7a4a7d1c1	26538
raw	zone_wide_two_doors_final_v3/robots/r2/rgb/00252.png	94b3e1cd7e52f5d38175f0ee61917cb24929d5f1fcd22f9c49e731d7a4a7d1c1	26538
raw	zone_wide_two_doors_final_v3/robots/r2/rgb/00253.png	94b3e1cd7e52f5d38175f0ee61917cb24929d5f1fcd22f9c49e731d7a4a7d1c1	26538
raw	zone_wide_two_doors_final_v3/robots/r2/rgb/00254.png	94b3e1cd7e52f5d38175f0ee61917cb24929d5f1fcd22f9c49e731d7a4a7d1c1	26538
raw	zone_wide_two_doors_final_v3/robots/r2/rgb/00255.png	94b3e1cd7e52f5d38175f0ee61917cb24929d5f1fcd22f9c49e731d7a4a7d1c1	26538
raw	zone_wide_two_doors_final_v3/robots/r2/rgb/00256.png	94b3e1cd7e52f5d38175f0ee61917cb24929d5f1fcd22f9c49e731d7a4a7d1c1	26538
raw	zone_wide_two_doors_final_v3/robots/r2/rgb/00257.png	94b3e1cd7e52f5d38175f0ee61917cb24929d5f1fcd22f9c49e731d7a4a7d1c1	26538
raw	zone_wide_two_doors_final_v3/robots/r2/rgb/00258.png	94b3e1cd7e52f5d38175f0ee61917cb24929d5f1fcd22f9c49e731d7a4a7d1c1	26538
raw	zone_wide_two_doors_final_v3/robots/r2/rgb/00259.png	94b3e1cd7e52f5d38175f0ee61917cb24929d5f1fcd22f9c49e731d7a4a7d1c1	26538
raw	zone_wide_two_doors_final_v3/robots/r2/rgb/00260.png	94b3e1cd7e52f5d38175f0ee61917cb24929d5f1fcd22f9c49e731d7a4a7d1c1	26538
raw	zone_wide_two_doors_final_v3/robots/r2/rgb/00261.png	94b3e1cd7e52f5d38175f0ee61917cb24929d5f1fcd22f9c49e731d7a4a7d1c1	26538
raw	zone_wide_two_doors_final_v3/robots/r2/rgb/00262.png	94b3e1cd7e52f5d38175f0ee61917cb24929d5f1fcd22f9c49e731d7a4a7d1c1	26538
raw	zone_wide_two_doors_final_v3/robots/r2/rgb/00263.png	94b3e1cd7e52f5d38175f0ee61917cb24929d5f1fcd22f9c49e731d7a4a7d1c1	26538
raw	zone_wide_two_doors_final_v3/robots/r2/rgb/00264.png	94b3e1cd7e52f5d38175f0ee61917cb24929d5f1fcd22f9c49e731d7a4a7d1c1	26538
raw	zone_wide_two_doors_final_v3/robots/r2/rgb/00265.png	94b3e1cd7e52f5d38175f0ee61917cb24929d5f1fcd22f9c49e731d7a4a7d1c1	26538
raw	zone_wide_two_doors_final_v3/robots/r2/rgb/00266.png	94b3e1cd7e52f5d38175f0ee61917cb24929d5f1fcd22f9c49e731d7a4a7d1c1	26538
raw	zone_wide_two_doors_final_v3/robots/r2/rgb/00267.png	94b3e1cd7e52f5d38175f0ee61917cb24929d5f1fcd22f9c49e731d7a4a7d1c1	26538
raw	zone_wide_two_doors_final_v3/robots/r2/rgb/00268.png	94b3e1cd7e52f5d38175f0ee61917cb24929d5f1fcd22f9c49e731d7a4a7d1c1	26538
raw	zone_wide_two_doors_final_v3/robots/r2/rgb/00269.png	94b3e1cd7e52f5d38175f0ee61917cb24929d5f1fcd22f9c49e731d7a4a7d1c1	26538
raw	zone_wide_two_doors_final_v3/robots/r2/rgb/00270.png	94b3e1cd7e52f5d38175f0ee61917cb24929d5f1fcd22f9c49e731d7a4a7d1c1	26538
raw	zone_wide_two_doors_final_v3/robots/r2/rgb/00271.png	94b3e1cd7e52f5d38175f0ee61917cb24929d5f1fcd22f9c49e731d7a4a7d1c1	26538
raw	zone_wide_two_doors_final_v3/robots/r2/rgb/00272.png	94b3e1cd7e52f5d38175f0ee61917cb24929d5f1fcd22f9c49e731d7a4a7d1c1	26538
raw	zone_wide_two_doors_final_v3/robots/r2/rgb/00273.png	94b3e1cd7e52f5d38175f0ee61917cb24929d5f1fcd22f9c49e731d7a4a7d1c1	26538
raw	zone_wide_two_doors_final_v3/robots/r2/rgb/00274.png	94b3e1cd7e52f5d38175f0ee61917cb24929d5f1fcd22f9c49e731d7a4a7d1c1	26538
raw	zone_wide_two_doors_final_v3/robots/r2/rgb/00275.png	94b3e1cd7e52f5d38175f0ee61917cb24929d5f1fcd22f9c49e731d7a4a7d1c1	26538
raw	zone_wide_two_doors_final_v3/robots/r2/rgb/00276.png	94b3e1cd7e52f5d38175f0ee61917cb24929d5f1fcd22f9c49e731d7a4a7d1c1	26538
raw	zone_wide_two_doors_final_v3/robots/r2/rgb/00277.png	94b3e1cd7e52f5d38175f0ee61917cb24929d5f1fcd22f9c49e731d7a4a7d1c1	26538
raw	zone_wide_two_doors_final_v3/robots/r2/rgb/00278.png	94b3e1cd7e52f5d38175f0ee61917cb24929d5f1fcd22f9c49e731d7a4a7d1c1	26538
raw	zone_wide_two_doors_final_v3/robots/r2/rgb/00279.png	94b3e1cd7e52f5d38175f0ee61917cb24929d5f1fcd22f9c49e731d7a4a7d1c1	26538
raw	zone_wide_two_doors_final_v3/robots/r2/rgb/00280.png	94b3e1cd7e52f5d38175f0ee61917cb24929d5f1fcd22f9c49e731d7a4a7d1c1	26538
raw	zone_wide_two_doors_final_v3/robots/r2/rgb/00281.png	94b3e1cd7e52f5d38175f0ee61917cb24929d5f1fcd22f9c49e731d7a4a7d1c1	26538
raw	zone_wide_two_doors_final_v3/robots/r2/rgb/00282.png	94b3e1cd7e52f5d38175f0ee61917cb24929d5f1fcd22f9c49e731d7a4a7d1c1	26538
raw	zone_wide_two_doors_final_v3/robots/r2/rgb/00283.png	94b3e1cd7e52f5d38175f0ee61917cb24929d5f1fcd22f9c49e731d7a4a7d1c1	26538
raw	zone_wide_two_doors_final_v3/robots/r2/rgb/00284.png	94b3e1cd7e52f5d38175f0ee61917cb24929d5f1fcd22f9c49e731d7a4a7d1c1	26538
raw	zone_wide_two_doors_final_v3/robots/r2/rgb/00285.png	94b3e1cd7e52f5d38175f0ee61917cb24929d5f1fcd22f9c49e731d7a4a7d1c1	26538
raw	zone_wide_two_doors_final_v3/robots/r2/rgb/00286.png	94b3e1cd7e52f5d38175f0ee61917cb24929d5f1fcd22f9c49e731d7a4a7d1c1	26538
raw	zone_wide_two_doors_final_v3/robots/r2/rgb/00287.png	94b3e1cd7e52f5d38175f0ee61917cb24929d5f1fcd22f9c49e731d7a4a7d1c1	26538
raw	zone_wide_two_doors_final_v3/robots/r2/rgb/00288.png	94b3e1cd7e52f5d38175f0ee61917cb24929d5f1fcd22f9c49e731d7a4a7d1c1	26538
raw	zone_wide_two_doors_final_v3/robots/r2/rgb/00289.png	94b3e1cd7e52f5d38175f0ee61917cb24929d5f1fcd22f9c49e731d7a4a7d1c1	26538
raw	zone_wide_two_doors_final_v3/robots/r2/rgb/00290.png	94b3e1cd7e52f5d38175f0ee61917cb24929d5f1fcd22f9c49e731d7a4a7d1c1	26538
raw	zone_wide_two_doors_final_v3/robots/r2/rgb/00291.png	94b3e1cd7e52f5d38175f0ee61917cb24929d5f1fcd22f9c49e731d7a4a7d1c1	26538
raw	zone_wide_two_doors_final_v3/robots/r2/rgb/00292.png	94b3e1cd7e52f5d38175f0ee61917cb24929d5f1fcd22f9c49e731d7a4a7d1c1	26538
raw	zone_wide_two_doors_final_v3/robots/r2/rgb/00293.png	94b3e1cd7e52f5d38175f0ee61917cb24929d5f1fcd22f9c49e731d7a4a7d1c1	26538
raw	zone_wide_two_doors_final_v3/robots/r2/rgb/00294.png	94b3e1cd7e52f5d38175f0ee61917cb24929d5f1fcd22f9c49e731d7a4a7d1c1	26538
raw	zone_wide_two_doors_final_v3/robots/r2/rgb/00295.png	94b3e1cd7e52f5d38175f0ee61917cb24929d5f1fcd22f9c49e731d7a4a7d1c1	26538
raw	zone_wide_two_doors_final_v3/robots/r2/rgb/00296.png	94b3e1cd7e52f5d38175f0ee61917cb24929d5f1fcd22f9c49e731d7a4a7d1c1	26538
raw	zone_wide_two_doors_final_v3/robots/r2/rgb/00297.png	94b3e1cd7e52f5d38175f0ee61917cb24929d5f1fcd22f9c49e731d7a4a7d1c1	26538
raw	zone_wide_two_doors_final_v3/robots/r2/rgb/00298.png	94b3e1cd7e52f5d38175f0ee61917cb24929d5f1fcd22f9c49e731d7a4a7d1c1	26538
raw	zone_wide_two_doors_final_v3/robots/r2/rgb/00299.png	94b3e1cd7e52f5d38175f0ee61917cb24929d5f1fcd22f9c49e731d7a4a7d1c1	26538
raw	zone_wide_two_doors_final_v3/robots/r2/rgb/00300.png	94b3e1cd7e52f5d38175f0ee61917cb24929d5f1fcd22f9c49e731d7a4a7d1c1	26538
raw	zone_wide_two_doors_final_v3/robots/r2/rgb/00301.png	94b3e1cd7e52f5d38175f0ee61917cb24929d5f1fcd22f9c49e731d7a4a7d1c1	26538
raw	zone_wide_two_doors_final_v3/robots/r2/rgb/00302.png	94b3e1cd7e52f5d38175f0ee61917cb24929d5f1fcd22f9c49e731d7a4a7d1c1	26538
raw	zone_wide_two_doors_final_v3/robots/r2/rgb/00303.png	94b3e1cd7e52f5d38175f0ee61917cb24929d5f1fcd22f9c49e731d7a4a7d1c1	26538
raw	zone_wide_two_doors_final_v3/robots/r2/rgb/00304.png	94b3e1cd7e52f5d38175f0ee61917cb24929d5f1fcd22f9c49e731d7a4a7d1c1	26538
raw	zone_wide_two_doors_final_v3/robots/r2/rgb/00305.png	94b3e1cd7e52f5d38175f0ee61917cb24929d5f1fcd22f9c49e731d7a4a7d1c1	26538
raw	zone_wide_two_doors_final_v3/robots/r2/rgb/00306.png	94b3e1cd7e52f5d38175f0ee61917cb24929d5f1fcd22f9c49e731d7a4a7d1c1	26538
raw	zone_wide_two_doors_final_v3/robots/r2/rgb/00307.png	94b3e1cd7e52f5d38175f0ee61917cb24929d5f1fcd22f9c49e731d7a4a7d1c1	26538
raw	zone_wide_two_doors_final_v3/robots/r2/rgb/00308.png	94b3e1cd7e52f5d38175f0ee61917cb24929d5f1fcd22f9c49e731d7a4a7d1c1	26538
raw	zone_wide_two_doors_final_v3/robots/r2/rgb/00309.png	94b3e1cd7e52f5d38175f0ee61917cb24929d5f1fcd22f9c49e731d7a4a7d1c1	26538
raw	zone_wide_two_doors_final_v3/robots/r2/rgb/00310.png	94b3e1cd7e52f5d38175f0ee61917cb24929d5f1fcd22f9c49e731d7a4a7d1c1	26538
raw	zone_wide_two_doors_final_v3/robots/r2/rgb/00311.png	94b3e1cd7e52f5d38175f0ee61917cb24929d5f1fcd22f9c49e731d7a4a7d1c1	26538
raw	zone_wide_two_doors_final_v3/robots/r2/rgb/00312.png	94b3e1cd7e52f5d38175f0ee61917cb24929d5f1fcd22f9c49e731d7a4a7d1c1	26538
raw	zone_wide_two_doors_final_v3/robots/r2/rgb/00313.png	94b3e1cd7e52f5d38175f0ee61917cb24929d5f1fcd22f9c49e731d7a4a7d1c1	26538
raw	zone_wide_two_doors_final_v3/robots/r2/rgb/00314.png	94b3e1cd7e52f5d38175f0ee61917cb24929d5f1fcd22f9c49e731d7a4a7d1c1	26538
raw	zone_wide_two_doors_final_v3/robots/r2/rgb/00315.png	94b3e1cd7e52f5d38175f0ee61917cb24929d5f1fcd22f9c49e731d7a4a7d1c1	26538
raw	zone_wide_two_doors_final_v3/robots/r2/rgb/00316.png	94b3e1cd7e52f5d38175f0ee61917cb24929d5f1fcd22f9c49e731d7a4a7d1c1	26538
raw	zone_wide_two_doors_final_v3/robots/r2/rgb/00317.png	94b3e1cd7e52f5d38175f0ee61917cb24929d5f1fcd22f9c49e731d7a4a7d1c1	26538
raw	zone_wide_two_doors_final_v3/robots/r2/rgb/00318.png	94b3e1cd7e52f5d38175f0ee61917cb24929d5f1fcd22f9c49e731d7a4a7d1c1	26538
raw	zone_wide_two_doors_final_v3/robots/r2/rgb/00319.png	94b3e1cd7e52f5d38175f0ee61917cb24929d5f1fcd22f9c49e731d7a4a7d1c1	26538
raw	zone_wide_two_doors_final_v3/robots/r2/rgb/00320.png	94b3e1cd7e52f5d38175f0ee61917cb24929d5f1fcd22f9c49e731d7a4a7d1c1	26538
raw	zone_wide_two_doors_final_v3/robots/r2/rgb/00321.png	94b3e1cd7e52f5d38175f0ee61917cb24929d5f1fcd22f9c49e731d7a4a7d1c1	26538
raw	zone_wide_two_doors_final_v3/robots/r2/rgb/00322.png	94b3e1cd7e52f5d38175f0ee61917cb24929d5f1fcd22f9c49e731d7a4a7d1c1	26538
raw	zone_wide_two_doors_final_v3/robots/r2/rgb/00323.png	94b3e1cd7e52f5d38175f0ee61917cb24929d5f1fcd22f9c49e731d7a4a7d1c1	26538
raw	zone_wide_two_doors_final_v3/robots/r2/rgb/00324.png	94b3e1cd7e52f5d38175f0ee61917cb24929d5f1fcd22f9c49e731d7a4a7d1c1	26538
raw	zone_wide_two_doors_final_v3/robots/r2/rgb/00325.png	94b3e1cd7e52f5d38175f0ee61917cb24929d5f1fcd22f9c49e731d7a4a7d1c1	26538
raw	zone_wide_two_doors_final_v3/robots/r2/rgb/00326.png	94b3e1cd7e52f5d38175f0ee61917cb24929d5f1fcd22f9c49e731d7a4a7d1c1	26538
raw	zone_wide_two_doors_final_v3/robots/r2/rgb/00327.png	94b3e1cd7e52f5d38175f0ee61917cb24929d5f1fcd22f9c49e731d7a4a7d1c1	26538
raw	zone_wide_two_doors_final_v3/robots/r2/rgb/00328.png	94b3e1cd7e52f5d38175f0ee61917cb24929d5f1fcd22f9c49e731d7a4a7d1c1	26538
raw	zone_wide_two_doors_final_v3/robots/r2/rgb/00329.png	94b3e1cd7e52f5d38175f0ee61917cb24929d5f1fcd22f9c49e731d7a4a7d1c1	26538
raw	zone_wide_two_doors_final_v3/robots/r2/rgb/00330.png	94b3e1cd7e52f5d38175f0ee61917cb24929d5f1fcd22f9c49e731d7a4a7d1c1	26538
raw	zone_wide_two_doors_final_v3/robots/r2/rgb/00331.png	94b3e1cd7e52f5d38175f0ee61917cb24929d5f1fcd22f9c49e731d7a4a7d1c1	26538
raw	zone_wide_two_doors_final_v3/robots/r2/rgb/00332.png	94b3e1cd7e52f5d38175f0ee61917cb24929d5f1fcd22f9c49e731d7a4a7d1c1	26538
raw	zone_wide_two_doors_final_v3/robots/r2/rgb/00333.png	94b3e1cd7e52f5d38175f0ee61917cb24929d5f1fcd22f9c49e731d7a4a7d1c1	26538
raw	zone_wide_two_doors_final_v3/robots/r2/rgb/00334.png	94b3e1cd7e52f5d38175f0ee61917cb24929d5f1fcd22f9c49e731d7a4a7d1c1	26538
raw	zone_wide_two_doors_final_v3/robots/r2/rgb/00335.png	94b3e1cd7e52f5d38175f0ee61917cb24929d5f1fcd22f9c49e731d7a4a7d1c1	26538
raw	zone_wide_two_doors_final_v3/robots/r2/rgb/00336.png	94b3e1cd7e52f5d38175f0ee61917cb24929d5f1fcd22f9c49e731d7a4a7d1c1	26538
raw	zone_wide_two_doors_final_v3/robots/r2/rgb/00337.png	94b3e1cd7e52f5d38175f0ee61917cb24929d5f1fcd22f9c49e731d7a4a7d1c1	26538
raw	zone_wide_two_doors_final_v3/robots/r2/rgb/00338.png	94b3e1cd7e52f5d38175f0ee61917cb24929d5f1fcd22f9c49e731d7a4a7d1c1	26538
raw	zone_wide_two_doors_final_v3/robots/r2/rgb/00339.png	94b3e1cd7e52f5d38175f0ee61917cb24929d5f1fcd22f9c49e731d7a4a7d1c1	26538
raw	zone_wide_two_doors_final_v3/robots/r2/rgb/00340.png	94b3e1cd7e52f5d38175f0ee61917cb24929d5f1fcd22f9c49e731d7a4a7d1c1	26538
raw	zone_wide_two_doors_final_v3/robots/r2/rgb/00341.png	94b3e1cd7e52f5d38175f0ee61917cb24929d5f1fcd22f9c49e731d7a4a7d1c1	26538
raw	zone_wide_two_doors_final_v3/robots/r2/rgb/00342.png	94b3e1cd7e52f5d38175f0ee61917cb24929d5f1fcd22f9c49e731d7a4a7d1c1	26538
raw	zone_wide_two_doors_final_v3/robots/r2/rgb/00343.png	94b3e1cd7e52f5d38175f0ee61917cb24929d5f1fcd22f9c49e731d7a4a7d1c1	26538
raw	zone_wide_two_doors_final_v3/robots/r2/rgb/00344.png	94b3e1cd7e52f5d38175f0ee61917cb24929d5f1fcd22f9c49e731d7a4a7d1c1	26538
raw	zone_wide_two_doors_final_v3/robots/r2/rgb/00345.png	94b3e1cd7e52f5d38175f0ee61917cb24929d5f1fcd22f9c49e731d7a4a7d1c1	26538
raw	zone_wide_two_doors_final_v3/robots/r2/rgb/00346.png	94b3e1cd7e52f5d38175f0ee61917cb24929d5f1fcd22f9c49e731d7a4a7d1c1	26538
raw	zone_wide_two_doors_final_v3/robots/r2/rgb/00347.png	94b3e1cd7e52f5d38175f0ee61917cb24929d5f1fcd22f9c49e731d7a4a7d1c1	26538
raw	zone_wide_two_doors_final_v3/robots/r2/rgb/00348.png	94b3e1cd7e52f5d38175f0ee61917cb24929d5f1fcd22f9c49e731d7a4a7d1c1	26538
raw	zone_wide_two_doors_final_v3/robots/r2/rgb/00349.png	94b3e1cd7e52f5d38175f0ee61917cb24929d5f1fcd22f9c49e731d7a4a7d1c1	26538
raw	zone_wide_two_doors_final_v3/robots/r2/rgb/00350.png	94b3e1cd7e52f5d38175f0ee61917cb24929d5f1fcd22f9c49e731d7a4a7d1c1	26538
raw	zone_wide_two_doors_final_v3/robots/r2/rgb/00351.png	94b3e1cd7e52f5d38175f0ee61917cb24929d5f1fcd22f9c49e731d7a4a7d1c1	26538
raw	zone_wide_two_doors_final_v3/robots/r2/rgb/00352.png	94b3e1cd7e52f5d38175f0ee61917cb24929d5f1fcd22f9c49e731d7a4a7d1c1	26538
raw	zone_wide_two_doors_final_v3/robots/r2/rgb/00353.png	94b3e1cd7e52f5d38175f0ee61917cb24929d5f1fcd22f9c49e731d7a4a7d1c1	26538
raw	zone_wide_two_doors_final_v3/robots/r2/rgb/00354.png	94b3e1cd7e52f5d38175f0ee61917cb24929d5f1fcd22f9c49e731d7a4a7d1c1	26538
raw	zone_wide_two_doors_final_v3/robots/r2/rgb/00355.png	94b3e1cd7e52f5d38175f0ee61917cb24929d5f1fcd22f9c49e731d7a4a7d1c1	26538
raw	zone_wide_two_doors_final_v3/robots/r2/rgb/00356.png	94b3e1cd7e52f5d38175f0ee61917cb24929d5f1fcd22f9c49e731d7a4a7d1c1	26538
raw	zone_wide_two_doors_final_v3/robots/r2/rgb/00357.png	94b3e1cd7e52f5d38175f0ee61917cb24929d5f1fcd22f9c49e731d7a4a7d1c1	26538
raw	zone_wide_two_doors_final_v3/robots/r2/rgb/00358.png	94b3e1cd7e52f5d38175f0ee61917cb24929d5f1fcd22f9c49e731d7a4a7d1c1	26538
raw	zone_wide_two_doors_final_v3/robots/r2/rgb/00359.png	94b3e1cd7e52f5d38175f0ee61917cb24929d5f1fcd22f9c49e731d7a4a7d1c1	26538
raw	zone_wide_two_doors_final_v3/robots/r2/rgb/00360.png	94b3e1cd7e52f5d38175f0ee61917cb24929d5f1fcd22f9c49e731d7a4a7d1c1	26538
raw	zone_wide_two_doors_final_v3/robots/r2/rgb/00361.png	94b3e1cd7e52f5d38175f0ee61917cb24929d5f1fcd22f9c49e731d7a4a7d1c1	26538
raw	zone_wide_two_doors_final_v3/robots/r2/rgb/00362.png	94b3e1cd7e52f5d38175f0ee61917cb24929d5f1fcd22f9c49e731d7a4a7d1c1	26538
raw	zone_wide_two_doors_final_v3/robots/r2/rgb/00363.png	94b3e1cd7e52f5d38175f0ee61917cb24929d5f1fcd22f9c49e731d7a4a7d1c1	26538
raw	zone_wide_two_doors_final_v3/robots/r2/rgb/00364.png	94b3e1cd7e52f5d38175f0ee61917cb24929d5f1fcd22f9c49e731d7a4a7d1c1	26538
raw	zone_wide_two_doors_final_v3/robots/r2/rgb/00365.png	94b3e1cd7e52f5d38175f0ee61917cb24929d5f1fcd22f9c49e731d7a4a7d1c1	26538
raw	zone_wide_two_doors_final_v3/robots/r2/rgb/00366.png	94b3e1cd7e52f5d38175f0ee61917cb24929d5f1fcd22f9c49e731d7a4a7d1c1	26538
raw	zone_wide_two_doors_final_v3/robots/r2/rgb/00367.png	94b3e1cd7e52f5d38175f0ee61917cb24929d5f1fcd22f9c49e731d7a4a7d1c1	26538
raw	zone_wide_two_doors_final_v3/robots/r2/rgb/00368.png	94b3e1cd7e52f5d38175f0ee61917cb24929d5f1fcd22f9c49e731d7a4a7d1c1	26538
raw	zone_wide_two_doors_final_v3/robots/r2/rgb/00369.png	94b3e1cd7e52f5d38175f0ee61917cb24929d5f1fcd22f9c49e731d7a4a7d1c1	26538
raw	zone_wide_two_doors_final_v3/robots/r2/rgb/00370.png	94b3e1cd7e52f5d38175f0ee61917cb24929d5f1fcd22f9c49e731d7a4a7d1c1	26538
raw	zone_wide_two_doors_final_v3/robots/r2/rgb/00371.png	94b3e1cd7e52f5d38175f0ee61917cb24929d5f1fcd22f9c49e731d7a4a7d1c1	26538
raw	zone_wide_two_doors_final_v3/robots/r2/rgb/00372.png	94b3e1cd7e52f5d38175f0ee61917cb24929d5f1fcd22f9c49e731d7a4a7d1c1	26538
raw	zone_wide_two_doors_final_v3/robots/r2/rgb/00373.png	94b3e1cd7e52f5d38175f0ee61917cb24929d5f1fcd22f9c49e731d7a4a7d1c1	26538
raw	zone_wide_two_doors_final_v3/robots/r2/rgb/00374.png	94b3e1cd7e52f5d38175f0ee61917cb24929d5f1fcd22f9c49e731d7a4a7d1c1	26538
raw	zone_wide_two_doors_final_v3/robots/r2/rgb/00375.png	94b3e1cd7e52f5d38175f0ee61917cb24929d5f1fcd22f9c49e731d7a4a7d1c1	26538
raw	zone_wide_two_doors_final_v3/robots/r2/rgb/00376.png	94b3e1cd7e52f5d38175f0ee61917cb24929d5f1fcd22f9c49e731d7a4a7d1c1	26538
raw	zone_wide_two_doors_final_v3/robots/r2/rgb/00377.png	94b3e1cd7e52f5d38175f0ee61917cb24929d5f1fcd22f9c49e731d7a4a7d1c1	26538
raw	zone_wide_two_doors_final_v3/robots/r2/rgb/00378.png	94b3e1cd7e52f5d38175f0ee61917cb24929d5f1fcd22f9c49e731d7a4a7d1c1	26538
raw	zone_wide_two_doors_final_v3/robots/r2/rgb/00379.png	94b3e1cd7e52f5d38175f0ee61917cb24929d5f1fcd22f9c49e731d7a4a7d1c1	26538
raw	zone_wide_two_doors_final_v3/robots/r2/rgb/00380.png	94b3e1cd7e52f5d38175f0ee61917cb24929d5f1fcd22f9c49e731d7a4a7d1c1	26538
raw	zone_wide_two_doors_final_v3/robots/r2/rgb/00381.png	94b3e1cd7e52f5d38175f0ee61917cb24929d5f1fcd22f9c49e731d7a4a7d1c1	26538
raw	zone_wide_two_doors_final_v3/robots/r2/rgb/00382.png	94b3e1cd7e52f5d38175f0ee61917cb24929d5f1fcd22f9c49e731d7a4a7d1c1	26538
raw	zone_wide_two_doors_final_v3/robots/r2/rgb/00383.png	94b3e1cd7e52f5d38175f0ee61917cb24929d5f1fcd22f9c49e731d7a4a7d1c1	26538
raw	zone_wide_two_doors_final_v3/robots/r2/rgb/00384.png	94b3e1cd7e52f5d38175f0ee61917cb24929d5f1fcd22f9c49e731d7a4a7d1c1	26538
raw	zone_wide_two_doors_final_v3/robots/r2/rgb/00385.png	94b3e1cd7e52f5d38175f0ee61917cb24929d5f1fcd22f9c49e731d7a4a7d1c1	26538
raw	zone_wide_two_doors_final_v3/robots/r2/rgb/00386.png	94b3e1cd7e52f5d38175f0ee61917cb24929d5f1fcd22f9c49e731d7a4a7d1c1	26538
raw	zone_wide_two_doors_final_v3/robots/r2/rgb/00387.png	94b3e1cd7e52f5d38175f0ee61917cb24929d5f1fcd22f9c49e731d7a4a7d1c1	26538
raw	zone_wide_two_doors_final_v3/robots/r2/rgb/00388.png	94b3e1cd7e52f5d38175f0ee61917cb24929d5f1fcd22f9c49e731d7a4a7d1c1	26538
raw	zone_wide_two_doors_final_v3/robots/r2/rgb/00389.png	94b3e1cd7e52f5d38175f0ee61917cb24929d5f1fcd22f9c49e731d7a4a7d1c1	26538
raw	zone_wide_two_doors_final_v3/robots/r2/rgb/00390.png	94b3e1cd7e52f5d38175f0ee61917cb24929d5f1fcd22f9c49e731d7a4a7d1c1	26538
raw	zone_wide_two_doors_final_v3/robots/r2/rgb/00391.png	94b3e1cd7e52f5d38175f0ee61917cb24929d5f1fcd22f9c49e731d7a4a7d1c1	26538
raw	zone_wide_two_doors_final_v3/robots/r2/rgb/00392.png	94b3e1cd7e52f5d38175f0ee61917cb24929d5f1fcd22f9c49e731d7a4a7d1c1	26538
raw	zone_wide_two_doors_final_v3/robots/r2/rgb/00393.png	94b3e1cd7e52f5d38175f0ee61917cb24929d5f1fcd22f9c49e731d7a4a7d1c1	26538
raw	zone_wide_two_doors_final_v3/robots/r2/rgb/00394.png	94b3e1cd7e52f5d38175f0ee61917cb24929d5f1fcd22f9c49e731d7a4a7d1c1	26538
raw	zone_wide_two_doors_final_v3/robots/r2/rgb/00395.png	94b3e1cd7e52f5d38175f0ee61917cb24929d5f1fcd22f9c49e731d7a4a7d1c1	26538
raw	zone_wide_two_doors_final_v3/robots/r2/rgb/00396.png	94b3e1cd7e52f5d38175f0ee61917cb24929d5f1fcd22f9c49e731d7a4a7d1c1	26538
raw	zone_wide_two_doors_final_v3/robots/r2/rgb/00397.png	94b3e1cd7e52f5d38175f0ee61917cb24929d5f1fcd22f9c49e731d7a4a7d1c1	26538
raw	zone_wide_two_doors_final_v3/robots/r2/rgb/00398.png	94b3e1cd7e52f5d38175f0ee61917cb24929d5f1fcd22f9c49e731d7a4a7d1c1	26538
raw	zone_wide_two_doors_final_v3/robots/r2/rgb/00399.png	94b3e1cd7e52f5d38175f0ee61917cb24929d5f1fcd22f9c49e731d7a4a7d1c1	26538
raw	zone_wide_two_doors_final_v3/robots/r2/rgb/00400.png	94b3e1cd7e52f5d38175f0ee61917cb24929d5f1fcd22f9c49e731d7a4a7d1c1	26538
raw	zone_wide_two_doors_final_v3/robots/r2/rgb/00401.png	94b3e1cd7e52f5d38175f0ee61917cb24929d5f1fcd22f9c49e731d7a4a7d1c1	26538
raw	zone_wide_two_doors_final_v3/robots/r2/rgb/00402.png	94b3e1cd7e52f5d38175f0ee61917cb24929d5f1fcd22f9c49e731d7a4a7d1c1	26538
raw	zone_wide_two_doors_final_v3/robots/r2/rgb/00403.png	94b3e1cd7e52f5d38175f0ee61917cb24929d5f1fcd22f9c49e731d7a4a7d1c1	26538
raw	zone_wide_two_doors_final_v3/robots/r2/rgb/00404.png	94b3e1cd7e52f5d38175f0ee61917cb24929d5f1fcd22f9c49e731d7a4a7d1c1	26538
raw	zone_wide_two_doors_final_v3/robots/r2/rgb/00405.png	94b3e1cd7e52f5d38175f0ee61917cb24929d5f1fcd22f9c49e731d7a4a7d1c1	26538
raw	zone_wide_two_doors_final_v3/robots/r2/rgb/00406.png	94b3e1cd7e52f5d38175f0ee61917cb24929d5f1fcd22f9c49e731d7a4a7d1c1	26538
raw	zone_wide_two_doors_final_v3/robots/r2/rgb/00407.png	94b3e1cd7e52f5d38175f0ee61917cb24929d5f1fcd22f9c49e731d7a4a7d1c1	26538
raw	zone_wide_two_doors_final_v3/robots/r2/rgb/00408.png	94b3e1cd7e52f5d38175f0ee61917cb24929d5f1fcd22f9c49e731d7a4a7d1c1	26538
raw	zone_wide_two_doors_final_v3/robots/r2/rgb/00409.png	94b3e1cd7e52f5d38175f0ee61917cb24929d5f1fcd22f9c49e731d7a4a7d1c1	26538
raw	zone_wide_two_doors_final_v3/robots/r2/rgb/00410.png	94b3e1cd7e52f5d38175f0ee61917cb24929d5f1fcd22f9c49e731d7a4a7d1c1	26538
raw	zone_wide_two_doors_final_v3/robots/r2/rgb/00411.png	94b3e1cd7e52f5d38175f0ee61917cb24929d5f1fcd22f9c49e731d7a4a7d1c1	26538
raw	zone_wide_two_doors_final_v3/robots/r2/rgb/00412.png	94b3e1cd7e52f5d38175f0ee61917cb24929d5f1fcd22f9c49e731d7a4a7d1c1	26538
raw	zone_wide_two_doors_final_v3/robots/r2/rgb/00413.png	94b3e1cd7e52f5d38175f0ee61917cb24929d5f1fcd22f9c49e731d7a4a7d1c1	26538
raw	zone_wide_two_doors_final_v3/robots/r2/rgb/00414.png	94b3e1cd7e52f5d38175f0ee61917cb24929d5f1fcd22f9c49e731d7a4a7d1c1	26538
raw	zone_wide_two_doors_final_v3/robots/r2/rgb/00415.png	94b3e1cd7e52f5d38175f0ee61917cb24929d5f1fcd22f9c49e731d7a4a7d1c1	26538
raw	zone_wide_two_doors_final_v3/robots/r2/rgb/00416.png	94b3e1cd7e52f5d38175f0ee61917cb24929d5f1fcd22f9c49e731d7a4a7d1c1	26538
raw	zone_wide_two_doors_final_v3/robots/r2/rgb/00417.png	94b3e1cd7e52f5d38175f0ee61917cb24929d5f1fcd22f9c49e731d7a4a7d1c1	26538
raw	zone_wide_two_doors_final_v3/robots/r2/rgb/00418.png	94b3e1cd7e52f5d38175f0ee61917cb24929d5f1fcd22f9c49e731d7a4a7d1c1	26538
raw	zone_wide_two_doors_final_v3/robots/r2/rgb/00419.png	94b3e1cd7e52f5d38175f0ee61917cb24929d5f1fcd22f9c49e731d7a4a7d1c1	26538
raw	zone_wide_two_doors_final_v3/robots/r2/rgb/00420.png	94b3e1cd7e52f5d38175f0ee61917cb24929d5f1fcd22f9c49e731d7a4a7d1c1	26538
raw	zone_wide_two_doors_final_v3/robots/r2/rgb/00421.png	94b3e1cd7e52f5d38175f0ee61917cb24929d5f1fcd22f9c49e731d7a4a7d1c1	26538
raw	zone_wide_two_doors_final_v3/robots/r2/rgb/00422.png	94b3e1cd7e52f5d38175f0ee61917cb24929d5f1fcd22f9c49e731d7a4a7d1c1	26538
raw	zone_wide_two_doors_final_v3/robots/r2/rgb/00423.png	94b3e1cd7e52f5d38175f0ee61917cb24929d5f1fcd22f9c49e731d7a4a7d1c1	26538
raw	zone_wide_two_doors_final_v3/robots/r2/rgb/00424.png	94b3e1cd7e52f5d38175f0ee61917cb24929d5f1fcd22f9c49e731d7a4a7d1c1	26538
raw	zone_wide_two_doors_final_v3/robots/r2/rgb/00425.png	94b3e1cd7e52f5d38175f0ee61917cb24929d5f1fcd22f9c49e731d7a4a7d1c1	26538
raw	zone_wide_two_doors_final_v3/robots/r2/rgb/00426.png	94b3e1cd7e52f5d38175f0ee61917cb24929d5f1fcd22f9c49e731d7a4a7d1c1	26538
raw	zone_wide_two_doors_final_v3/robots/r2/rgb/00427.png	94b3e1cd7e52f5d38175f0ee61917cb24929d5f1fcd22f9c49e731d7a4a7d1c1	26538
raw	zone_wide_two_doors_final_v3/robots/r2/rgb/00428.png	94b3e1cd7e52f5d38175f0ee61917cb24929d5f1fcd22f9c49e731d7a4a7d1c1	26538
raw	zone_wide_two_doors_final_v3/robots/r2/rgb/00429.png	94b3e1cd7e52f5d38175f0ee61917cb24929d5f1fcd22f9c49e731d7a4a7d1c1	26538
raw	zone_wide_two_doors_final_v3/robots/r2/rgb/00430.png	94b3e1cd7e52f5d38175f0ee61917cb24929d5f1fcd22f9c49e731d7a4a7d1c1	26538
raw	zone_wide_two_doors_final_v3/robots/r2/rgb/00431.png	94b3e1cd7e52f5d38175f0ee61917cb24929d5f1fcd22f9c49e731d7a4a7d1c1	26538
raw	zone_wide_two_doors_final_v3/robots/r2/rgb/00432.png	94b3e1cd7e52f5d38175f0ee61917cb24929d5f1fcd22f9c49e731d7a4a7d1c1	26538
raw	zone_wide_two_doors_final_v3/robots/r2/rgb/00433.png	94b3e1cd7e52f5d38175f0ee61917cb24929d5f1fcd22f9c49e731d7a4a7d1c1	26538
raw	zone_wide_two_doors_final_v3/robots/r2/rgb/00434.png	94b3e1cd7e52f5d38175f0ee61917cb24929d5f1fcd22f9c49e731d7a4a7d1c1	26538
raw	zone_wide_two_doors_final_v3/robots/r2/rgb/00435.png	94b3e1cd7e52f5d38175f0ee61917cb24929d5f1fcd22f9c49e731d7a4a7d1c1	26538
raw	zone_wide_two_doors_final_v3/robots/r2/rgb/00436.png	94b3e1cd7e52f5d38175f0ee61917cb24929d5f1fcd22f9c49e731d7a4a7d1c1	26538
raw	zone_wide_two_doors_final_v3/robots/r2/rgb/00437.png	94b3e1cd7e52f5d38175f0ee61917cb24929d5f1fcd22f9c49e731d7a4a7d1c1	26538
raw	zone_wide_two_doors_final_v3/robots/r2/rgb/00438.png	94b3e1cd7e52f5d38175f0ee61917cb24929d5f1fcd22f9c49e731d7a4a7d1c1	26538
raw	zone_wide_two_doors_final_v3/robots/r2/rgb/00439.png	94b3e1cd7e52f5d38175f0ee61917cb24929d5f1fcd22f9c49e731d7a4a7d1c1	26538
raw	zone_wide_two_doors_final_v3/robots/r2/rgb/00440.png	94b3e1cd7e52f5d38175f0ee61917cb24929d5f1fcd22f9c49e731d7a4a7d1c1	26538
raw	zone_wide_two_doors_final_v3/robots/r2/rgb/00441.png	94b3e1cd7e52f5d38175f0ee61917cb24929d5f1fcd22f9c49e731d7a4a7d1c1	26538
raw	zone_wide_two_doors_final_v3/robots/r2/rgb/00442.png	94b3e1cd7e52f5d38175f0ee61917cb24929d5f1fcd22f9c49e731d7a4a7d1c1	26538
raw	zone_wide_two_doors_final_v3/robots/r2/rgb/00443.png	94b3e1cd7e52f5d38175f0ee61917cb24929d5f1fcd22f9c49e731d7a4a7d1c1	26538
raw	zone_wide_two_doors_final_v3/robots/r2/rgb/00444.png	94b3e1cd7e52f5d38175f0ee61917cb24929d5f1fcd22f9c49e731d7a4a7d1c1	26538
raw	zone_wide_two_doors_final_v3/robots/r2/rgb/00445.png	94b3e1cd7e52f5d38175f0ee61917cb24929d5f1fcd22f9c49e731d7a4a7d1c1	26538
raw	zone_wide_two_doors_final_v3/robots/r2/rgb/00446.png	94b3e1cd7e52f5d38175f0ee61917cb24929d5f1fcd22f9c49e731d7a4a7d1c1	26538
raw	zone_wide_two_doors_final_v3/robots/r2/rgb/00447.png	94b3e1cd7e52f5d38175f0ee61917cb24929d5f1fcd22f9c49e731d7a4a7d1c1	26538
raw	zone_wide_two_doors_final_v3/robots/r2/rgb/00448.png	94b3e1cd7e52f5d38175f0ee61917cb24929d5f1fcd22f9c49e731d7a4a7d1c1	26538
raw	zone_wide_two_doors_final_v3/robots/r2/rgb/00449.png	94b3e1cd7e52f5d38175f0ee61917cb24929d5f1fcd22f9c49e731d7a4a7d1c1	26538
raw	zone_wide_two_doors_final_v3/robots/r2/rgb/00450.png	94b3e1cd7e52f5d38175f0ee61917cb24929d5f1fcd22f9c49e731d7a4a7d1c1	26538
raw	zone_wide_two_doors_final_v3/robots/r2/rgb/00451.png	94b3e1cd7e52f5d38175f0ee61917cb24929d5f1fcd22f9c49e731d7a4a7d1c1	26538
raw	zone_wide_two_doors_final_v3/robots/r2/rgb/00452.png	94b3e1cd7e52f5d38175f0ee61917cb24929d5f1fcd22f9c49e731d7a4a7d1c1	26538
raw	zone_wide_two_doors_final_v3/robots/r2/rgb/00453.png	94b3e1cd7e52f5d38175f0ee61917cb24929d5f1fcd22f9c49e731d7a4a7d1c1	26538
raw	zone_wide_two_doors_final_v3/robots/r2/rgb/00454.png	94b3e1cd7e52f5d38175f0ee61917cb24929d5f1fcd22f9c49e731d7a4a7d1c1	26538
raw	zone_wide_two_doors_final_v3/robots/r2/rgb/00455.png	94b3e1cd7e52f5d38175f0ee61917cb24929d5f1fcd22f9c49e731d7a4a7d1c1	26538
raw	zone_wide_two_doors_final_v3/robots/r2/rgb/00456.png	94b3e1cd7e52f5d38175f0ee61917cb24929d5f1fcd22f9c49e731d7a4a7d1c1	26538
raw	zone_wide_two_doors_final_v3/robots/r2/rgb/00457.png	94b3e1cd7e52f5d38175f0ee61917cb24929d5f1fcd22f9c49e731d7a4a7d1c1	26538
raw	zone_wide_two_doors_final_v3/robots/r2/rgb/00458.png	94b3e1cd7e52f5d38175f0ee61917cb24929d5f1fcd22f9c49e731d7a4a7d1c1	26538
raw	zone_wide_two_doors_final_v3/robots/r2/rgb/00459.png	94b3e1cd7e52f5d38175f0ee61917cb24929d5f1fcd22f9c49e731d7a4a7d1c1	26538
raw	zone_wide_two_doors_final_v3/robots/r2/rgb/00460.png	94b3e1cd7e52f5d38175f0ee61917cb24929d5f1fcd22f9c49e731d7a4a7d1c1	26538
raw	zone_wide_two_doors_final_v3/robots/r2/rgb/00461.png	94b3e1cd7e52f5d38175f0ee61917cb24929d5f1fcd22f9c49e731d7a4a7d1c1	26538
raw	zone_wide_two_doors_final_v3/robots/r2/rgb/00462.png	94b3e1cd7e52f5d38175f0ee61917cb24929d5f1fcd22f9c49e731d7a4a7d1c1	26538
raw	zone_wide_two_doors_final_v3/robots/r2/rgb/00463.png	94b3e1cd7e52f5d38175f0ee61917cb24929d5f1fcd22f9c49e731d7a4a7d1c1	26538
raw	zone_wide_two_doors_final_v3/robots/r2/rgb/00464.png	94b3e1cd7e52f5d38175f0ee61917cb24929d5f1fcd22f9c49e731d7a4a7d1c1	26538
raw	zone_wide_two_doors_final_v3/robots/r2/rgb/00465.png	94b3e1cd7e52f5d38175f0ee61917cb24929d5f1fcd22f9c49e731d7a4a7d1c1	26538
raw	zone_wide_two_doors_final_v3/robots/r2/rgb/00466.png	94b3e1cd7e52f5d38175f0ee61917cb24929d5f1fcd22f9c49e731d7a4a7d1c1	26538
raw	zone_wide_two_doors_final_v3/robots/r2/rgb/00467.png	94b3e1cd7e52f5d38175f0ee61917cb24929d5f1fcd22f9c49e731d7a4a7d1c1	26538
raw	zone_wide_two_doors_final_v3/robots/r2/rgb/00468.png	94b3e1cd7e52f5d38175f0ee61917cb24929d5f1fcd22f9c49e731d7a4a7d1c1	26538
raw	zone_wide_two_doors_final_v3/robots/r2/rgb/00469.png	94b3e1cd7e52f5d38175f0ee61917cb24929d5f1fcd22f9c49e731d7a4a7d1c1	26538
raw	zone_wide_two_doors_final_v3/robots/r2/rgb/00470.png	94b3e1cd7e52f5d38175f0ee61917cb24929d5f1fcd22f9c49e731d7a4a7d1c1	26538
raw	zone_wide_two_doors_final_v3/robots/r2/rgb/00471.png	94b3e1cd7e52f5d38175f0ee61917cb24929d5f1fcd22f9c49e731d7a4a7d1c1	26538
raw	zone_wide_two_doors_final_v3/robots/r2/rgb/00472.png	94b3e1cd7e52f5d38175f0ee61917cb24929d5f1fcd22f9c49e731d7a4a7d1c1	26538
raw	zone_wide_two_doors_final_v3/robots/r2/rgb/00473.png	94b3e1cd7e52f5d38175f0ee61917cb24929d5f1fcd22f9c49e731d7a4a7d1c1	26538
raw	zone_wide_two_doors_final_v3/robots/r2/rgb/00474.png	94b3e1cd7e52f5d38175f0ee61917cb24929d5f1fcd22f9c49e731d7a4a7d1c1	26538
raw	zone_wide_two_doors_final_v3/robots/r2/rgb/00475.png	94b3e1cd7e52f5d38175f0ee61917cb24929d5f1fcd22f9c49e731d7a4a7d1c1	26538
raw	zone_wide_two_doors_final_v3/robots/r2/rgb/00476.png	94b3e1cd7e52f5d38175f0ee61917cb24929d5f1fcd22f9c49e731d7a4a7d1c1	26538
raw	zone_wide_two_doors_final_v3/robots/r2/rgb/00477.png	94b3e1cd7e52f5d38175f0ee61917cb24929d5f1fcd22f9c49e731d7a4a7d1c1	26538
raw	zone_wide_two_doors_final_v3/robots/r2/rgb/00478.png	94b3e1cd7e52f5d38175f0ee61917cb24929d5f1fcd22f9c49e731d7a4a7d1c1	26538
raw	zone_wide_two_doors_final_v3/robots/r2/rgb/00479.png	94b3e1cd7e52f5d38175f0ee61917cb24929d5f1fcd22f9c49e731d7a4a7d1c1	26538
raw	zone_wide_two_doors_final_v3/robots/r2/rgb/00480.png	94b3e1cd7e52f5d38175f0ee61917cb24929d5f1fcd22f9c49e731d7a4a7d1c1	26538
raw	zone_wide_two_doors_final_v3/robots/r2/rgb/00481.png	94b3e1cd7e52f5d38175f0ee61917cb24929d5f1fcd22f9c49e731d7a4a7d1c1	26538
raw	zone_wide_two_doors_final_v3/robots/r2/rgb/00482.png	94b3e1cd7e52f5d38175f0ee61917cb24929d5f1fcd22f9c49e731d7a4a7d1c1	26538
raw	zone_wide_two_doors_final_v3/robots/r2/rgb/00483.png	94b3e1cd7e52f5d38175f0ee61917cb24929d5f1fcd22f9c49e731d7a4a7d1c1	26538
raw	zone_wide_two_doors_final_v3/robots/r2/rgb/00484.png	94b3e1cd7e52f5d38175f0ee61917cb24929d5f1fcd22f9c49e731d7a4a7d1c1	26538
raw	zone_wide_two_doors_final_v3/robots/r2/rgb/00485.png	94b3e1cd7e52f5d38175f0ee61917cb24929d5f1fcd22f9c49e731d7a4a7d1c1	26538
raw	zone_wide_two_doors_final_v3/robots/r2/rgb/00486.png	94b3e1cd7e52f5d38175f0ee61917cb24929d5f1fcd22f9c49e731d7a4a7d1c1	26538
raw	zone_wide_two_doors_final_v3/robots/r2/rgb/00487.png	94b3e1cd7e52f5d38175f0ee61917cb24929d5f1fcd22f9c49e731d7a4a7d1c1	26538
raw	zone_wide_two_doors_final_v3/robots/r2/rgb/00488.png	94b3e1cd7e52f5d38175f0ee61917cb24929d5f1fcd22f9c49e731d7a4a7d1c1	26538
raw	zone_wide_two_doors_final_v3/robots/r2/rgb/00489.png	94b3e1cd7e52f5d38175f0ee61917cb24929d5f1fcd22f9c49e731d7a4a7d1c1	26538
raw	zone_wide_two_doors_final_v3/robots/r2/rgb/00490.png	94b3e1cd7e52f5d38175f0ee61917cb24929d5f1fcd22f9c49e731d7a4a7d1c1	26538
raw	zone_wide_two_doors_final_v3/robots/r2/rgb/00491.png	94b3e1cd7e52f5d38175f0ee61917cb24929d5f1fcd22f9c49e731d7a4a7d1c1	26538
raw	zone_wide_two_doors_final_v3/robots/r2/rgb/00492.png	94b3e1cd7e52f5d38175f0ee61917cb24929d5f1fcd22f9c49e731d7a4a7d1c1	26538
raw	zone_wide_two_doors_final_v3/robots/r2/rgb/00493.png	94b3e1cd7e52f5d38175f0ee61917cb24929d5f1fcd22f9c49e731d7a4a7d1c1	26538
raw	zone_wide_two_doors_final_v3/robots/r2/rgb/00494.png	94b3e1cd7e52f5d38175f0ee61917cb24929d5f1fcd22f9c49e731d7a4a7d1c1	26538
raw	zone_wide_two_doors_final_v3/robots/r2/rgb/00495.png	94b3e1cd7e52f5d38175f0ee61917cb24929d5f1fcd22f9c49e731d7a4a7d1c1	26538
raw	zone_wide_two_doors_final_v3/robots/r2/rgb/00496.png	94b3e1cd7e52f5d38175f0ee61917cb24929d5f1fcd22f9c49e731d7a4a7d1c1	26538
raw	zone_wide_two_doors_final_v3/robots/r2/rgb/00497.png	94b3e1cd7e52f5d38175f0ee61917cb24929d5f1fcd22f9c49e731d7a4a7d1c1	26538
raw	zone_wide_two_doors_final_v3/robots/r2/rgb/00498.png	94b3e1cd7e52f5d38175f0ee61917cb24929d5f1fcd22f9c49e731d7a4a7d1c1	26538
raw	zone_wide_two_doors_final_v3/robots/r2/rgb/00499.png	94b3e1cd7e52f5d38175f0ee61917cb24929d5f1fcd22f9c49e731d7a4a7d1c1	26538
raw	zone_wide_two_doors_final_v3/robots/r2/rgb/00500.png	94b3e1cd7e52f5d38175f0ee61917cb24929d5f1fcd22f9c49e731d7a4a7d1c1	26538
raw	zone_wide_two_doors_final_v3/robots/r2/rgb/00501.png	94b3e1cd7e52f5d38175f0ee61917cb24929d5f1fcd22f9c49e731d7a4a7d1c1	26538
raw	zone_wide_two_doors_final_v3/robots/r2/rgb/00502.png	94b3e1cd7e52f5d38175f0ee61917cb24929d5f1fcd22f9c49e731d7a4a7d1c1	26538
raw	zone_wide_two_doors_final_v3/robots/r2/rgb/00503.png	94b3e1cd7e52f5d38175f0ee61917cb24929d5f1fcd22f9c49e731d7a4a7d1c1	26538
raw	zone_wide_two_doors_final_v3/robots/r2/rgb/00504.png	94b3e1cd7e52f5d38175f0ee61917cb24929d5f1fcd22f9c49e731d7a4a7d1c1	26538
raw	zone_wide_two_doors_final_v3/robots/r2/rgb/00505.png	94b3e1cd7e52f5d38175f0ee61917cb24929d5f1fcd22f9c49e731d7a4a7d1c1	26538
raw	zone_wide_two_doors_final_v3/robots/r2/rgb/00506.png	94b3e1cd7e52f5d38175f0ee61917cb24929d5f1fcd22f9c49e731d7a4a7d1c1	26538
raw	zone_wide_two_doors_final_v3/robots/r2/rgb/00507.png	94b3e1cd7e52f5d38175f0ee61917cb24929d5f1fcd22f9c49e731d7a4a7d1c1	26538
raw	zone_wide_two_doors_final_v3/robots/r2/rgb/00508.png	94b3e1cd7e52f5d38175f0ee61917cb24929d5f1fcd22f9c49e731d7a4a7d1c1	26538
raw	zone_wide_two_doors_final_v3/robots/r2/rgb/00509.png	94b3e1cd7e52f5d38175f0ee61917cb24929d5f1fcd22f9c49e731d7a4a7d1c1	26538
raw	zone_wide_two_doors_final_v3/robots/r2/rgb/00510.png	94b3e1cd7e52f5d38175f0ee61917cb24929d5f1fcd22f9c49e731d7a4a7d1c1	26538
raw	zone_wide_two_doors_final_v3/robots/r2/rgb/00511.png	94b3e1cd7e52f5d38175f0ee61917cb24929d5f1fcd22f9c49e731d7a4a7d1c1	26538
raw	zone_wide_two_doors_final_v3/robots/r2/rgb/00512.png	94b3e1cd7e52f5d38175f0ee61917cb24929d5f1fcd22f9c49e731d7a4a7d1c1	26538
raw	zone_wide_two_doors_final_v3/robots/r2/rgb/00513.png	94b3e1cd7e52f5d38175f0ee61917cb24929d5f1fcd22f9c49e731d7a4a7d1c1	26538
raw	zone_wide_two_doors_final_v3/robots/r2/rgb/00514.png	94b3e1cd7e52f5d38175f0ee61917cb24929d5f1fcd22f9c49e731d7a4a7d1c1	26538
raw	zone_wide_two_doors_final_v3/robots/r2/rgb/00515.png	94b3e1cd7e52f5d38175f0ee61917cb24929d5f1fcd22f9c49e731d7a4a7d1c1	26538
raw	zone_wide_two_doors_final_v3/robots/r2/rgb/00516.png	94b3e1cd7e52f5d38175f0ee61917cb24929d5f1fcd22f9c49e731d7a4a7d1c1	26538
raw	zone_wide_two_doors_final_v3/robots/r2/rgb/00517.png	94b3e1cd7e52f5d38175f0ee61917cb24929d5f1fcd22f9c49e731d7a4a7d1c1	26538
raw	zone_wide_two_doors_final_v3/robots/r2/rgb/00518.png	94b3e1cd7e52f5d38175f0ee61917cb24929d5f1fcd22f9c49e731d7a4a7d1c1	26538
raw	zone_wide_two_doors_final_v3/robots/r2/rgb/00519.png	94b3e1cd7e52f5d38175f0ee61917cb24929d5f1fcd22f9c49e731d7a4a7d1c1	26538
raw	zone_wide_two_doors_final_v3/robots/r2/rgb/00520.png	94b3e1cd7e52f5d38175f0ee61917cb24929d5f1fcd22f9c49e731d7a4a7d1c1	26538
raw	zone_wide_two_doors_final_v3/robots/r2/rgb/00521.png	94b3e1cd7e52f5d38175f0ee61917cb24929d5f1fcd22f9c49e731d7a4a7d1c1	26538
raw	zone_wide_two_doors_final_v3/robots/r2/rgb/00522.png	94b3e1cd7e52f5d38175f0ee61917cb24929d5f1fcd22f9c49e731d7a4a7d1c1	26538
raw	zone_wide_two_doors_final_v3/robots/r2/rgb/00523.png	94b3e1cd7e52f5d38175f0ee61917cb24929d5f1fcd22f9c49e731d7a4a7d1c1	26538
raw	zone_wide_two_doors_final_v3/robots/r2/rgb/00524.png	94b3e1cd7e52f5d38175f0ee61917cb24929d5f1fcd22f9c49e731d7a4a7d1c1	26538
raw	zone_wide_two_doors_final_v3/robots/r2/rgb/00525.png	94b3e1cd7e52f5d38175f0ee61917cb24929d5f1fcd22f9c49e731d7a4a7d1c1	26538
raw	zone_wide_two_doors_final_v3/robots/r2/rgb/00526.png	94b3e1cd7e52f5d38175f0ee61917cb24929d5f1fcd22f9c49e731d7a4a7d1c1	26538
raw	zone_wide_two_doors_final_v3/robots/r2/rgb/00527.png	94b3e1cd7e52f5d38175f0ee61917cb24929d5f1fcd22f9c49e731d7a4a7d1c1	26538
raw	zone_wide_two_doors_final_v3/robots/r2/rgb/00528.png	94b3e1cd7e52f5d38175f0ee61917cb24929d5f1fcd22f9c49e731d7a4a7d1c1	26538
raw	zone_wide_two_doors_final_v3/robots/r2/rgb/00529.png	94b3e1cd7e52f5d38175f0ee61917cb24929d5f1fcd22f9c49e731d7a4a7d1c1	26538
raw	zone_wide_two_doors_final_v3/robots/r2/rgb/00530.png	94b3e1cd7e52f5d38175f0ee61917cb24929d5f1fcd22f9c49e731d7a4a7d1c1	26538
raw	zone_wide_two_doors_final_v3/robots/r2/rgb/00531.png	94b3e1cd7e52f5d38175f0ee61917cb24929d5f1fcd22f9c49e731d7a4a7d1c1	26538
raw	zone_wide_two_doors_final_v3/robots/r2/rgb/00532.png	94b3e1cd7e52f5d38175f0ee61917cb24929d5f1fcd22f9c49e731d7a4a7d1c1	26538
raw	zone_wide_two_doors_final_v3/robots/r2/rgb/00533.png	94b3e1cd7e52f5d38175f0ee61917cb24929d5f1fcd22f9c49e731d7a4a7d1c1	26538
raw	zone_wide_two_doors_final_v3/robots/r2/rgb/00534.png	94b3e1cd7e52f5d38175f0ee61917cb24929d5f1fcd22f9c49e731d7a4a7d1c1	26538
raw	zone_wide_two_doors_final_v3/robots/r2/rgb/00535.png	94b3e1cd7e52f5d38175f0ee61917cb24929d5f1fcd22f9c49e731d7a4a7d1c1	26538
raw	zone_wide_two_doors_final_v3/robots/r2/rgb/00536.png	94b3e1cd7e52f5d38175f0ee61917cb24929d5f1fcd22f9c49e731d7a4a7d1c1	26538
raw	zone_wide_two_doors_final_v3/robots/r2/rgb/00537.png	94b3e1cd7e52f5d38175f0ee61917cb24929d5f1fcd22f9c49e731d7a4a7d1c1	26538
raw	zone_wide_two_doors_final_v3/robots/r2/rgb/00538.png	94b3e1cd7e52f5d38175f0ee61917cb24929d5f1fcd22f9c49e731d7a4a7d1c1	26538
raw	zone_wide_two_doors_final_v3/robots/r2/rgb/00539.png	94b3e1cd7e52f5d38175f0ee61917cb24929d5f1fcd22f9c49e731d7a4a7d1c1	26538
raw	zone_wide_two_doors_final_v3/robots/r2/rgb/00540.png	94b3e1cd7e52f5d38175f0ee61917cb24929d5f1fcd22f9c49e731d7a4a7d1c1	26538
raw	zone_wide_two_doors_final_v3/robots/r2/rgb/00541.png	94b3e1cd7e52f5d38175f0ee61917cb24929d5f1fcd22f9c49e731d7a4a7d1c1	26538
raw	zone_wide_two_doors_final_v3/robots/r2/rgb/00542.png	94b3e1cd7e52f5d38175f0ee61917cb24929d5f1fcd22f9c49e731d7a4a7d1c1	26538
raw	zone_wide_two_doors_final_v3/robots/r2/rgb/00543.png	94b3e1cd7e52f5d38175f0ee61917cb24929d5f1fcd22f9c49e731d7a4a7d1c1	26538
raw	zone_wide_two_doors_final_v3/robots/r2/rgb/00544.png	94b3e1cd7e52f5d38175f0ee61917cb24929d5f1fcd22f9c49e731d7a4a7d1c1	26538
raw	zone_wide_two_doors_final_v3/robots/r2/rgb/00545.png	94b3e1cd7e52f5d38175f0ee61917cb24929d5f1fcd22f9c49e731d7a4a7d1c1	26538
raw	zone_wide_two_doors_final_v3/robots/r2/rgb/00546.png	94b3e1cd7e52f5d38175f0ee61917cb24929d5f1fcd22f9c49e731d7a4a7d1c1	26538
raw	zone_wide_two_doors_final_v3/robots/r2/rgb/00547.png	94b3e1cd7e52f5d38175f0ee61917cb24929d5f1fcd22f9c49e731d7a4a7d1c1	26538
raw	zone_wide_two_doors_final_v3/robots/r2/rgb/00548.png	94b3e1cd7e52f5d38175f0ee61917cb24929d5f1fcd22f9c49e731d7a4a7d1c1	26538
raw	zone_wide_two_doors_final_v3/robots/r2/rgb/00549.png	94b3e1cd7e52f5d38175f0ee61917cb24929d5f1fcd22f9c49e731d7a4a7d1c1	26538
raw	zone_wide_two_doors_final_v3/robots/r2/rgb/00550.png	94b3e1cd7e52f5d38175f0ee61917cb24929d5f1fcd22f9c49e731d7a4a7d1c1	26538
raw	zone_wide_two_doors_final_v3/robots/r2/rgb/00551.png	94b3e1cd7e52f5d38175f0ee61917cb24929d5f1fcd22f9c49e731d7a4a7d1c1	26538
raw	zone_wide_two_doors_final_v3/robots/r2/rgb/00552.png	94b3e1cd7e52f5d38175f0ee61917cb24929d5f1fcd22f9c49e731d7a4a7d1c1	26538
raw	zone_wide_two_doors_final_v3/robots/r2/rgb/00553.png	94b3e1cd7e52f5d38175f0ee61917cb24929d5f1fcd22f9c49e731d7a4a7d1c1	26538
raw	zone_wide_two_doors_final_v3/robots/r2/rgb/00554.png	94b3e1cd7e52f5d38175f0ee61917cb24929d5f1fcd22f9c49e731d7a4a7d1c1	26538
raw	zone_wide_two_doors_final_v3/robots/r2/rgb/00555.png	94b3e1cd7e52f5d38175f0ee61917cb24929d5f1fcd22f9c49e731d7a4a7d1c1	26538
raw	zone_wide_two_doors_final_v3/robots/r2/rgb/00556.png	94b3e1cd7e52f5d38175f0ee61917cb24929d5f1fcd22f9c49e731d7a4a7d1c1	26538
raw	zone_wide_two_doors_final_v3/robots/r2/rgb/00557.png	94b3e1cd7e52f5d38175f0ee61917cb24929d5f1fcd22f9c49e731d7a4a7d1c1	26538
raw	zone_wide_two_doors_final_v3/robots/r2/rgb/00558.png	94b3e1cd7e52f5d38175f0ee61917cb24929d5f1fcd22f9c49e731d7a4a7d1c1	26538
raw	zone_wide_two_doors_final_v3/robots/r2/rgb/00559.png	94b3e1cd7e52f5d38175f0ee61917cb24929d5f1fcd22f9c49e731d7a4a7d1c1	26538
raw	zone_wide_two_doors_final_v3/robots/r2/rgb/00560.png	94b3e1cd7e52f5d38175f0ee61917cb24929d5f1fcd22f9c49e731d7a4a7d1c1	26538
raw	zone_wide_two_doors_final_v3/robots/r2/rgb/00561.png	94b3e1cd7e52f5d38175f0ee61917cb24929d5f1fcd22f9c49e731d7a4a7d1c1	26538
raw	zone_wide_two_doors_final_v3/robots/r2/rgb/00562.png	94b3e1cd7e52f5d38175f0ee61917cb24929d5f1fcd22f9c49e731d7a4a7d1c1	26538
raw	zone_wide_two_doors_final_v3/robots/r2/rgb/00563.png	94b3e1cd7e52f5d38175f0ee61917cb24929d5f1fcd22f9c49e731d7a4a7d1c1	26538
raw	zone_wide_two_doors_final_v3/robots/r2/rgb/00564.png	94b3e1cd7e52f5d38175f0ee61917cb24929d5f1fcd22f9c49e731d7a4a7d1c1	26538
raw	zone_wide_two_doors_final_v3/robots/r2/rgb/00565.png	94b3e1cd7e52f5d38175f0ee61917cb24929d5f1fcd22f9c49e731d7a4a7d1c1	26538
raw	zone_wide_two_doors_final_v3/robots/r2/rgb/00566.png	94b3e1cd7e52f5d38175f0ee61917cb24929d5f1fcd22f9c49e731d7a4a7d1c1	26538
raw	zone_wide_two_doors_final_v3/robots/r2/rgb/00567.png	94b3e1cd7e52f5d38175f0ee61917cb24929d5f1fcd22f9c49e731d7a4a7d1c1	26538
raw	zone_wide_two_doors_final_v3/robots/r2/rgb/00568.png	94b3e1cd7e52f5d38175f0ee61917cb24929d5f1fcd22f9c49e731d7a4a7d1c1	26538
raw	zone_wide_two_doors_final_v3/robots/r2/rgb/00569.png	94b3e1cd7e52f5d38175f0ee61917cb24929d5f1fcd22f9c49e731d7a4a7d1c1	26538
raw	zone_wide_two_doors_final_v3/robots/r2/rgb/00570.png	94b3e1cd7e52f5d38175f0ee61917cb24929d5f1fcd22f9c49e731d7a4a7d1c1	26538
raw	zone_wide_two_doors_final_v3/robots/r2/rgb/00571.png	94b3e1cd7e52f5d38175f0ee61917cb24929d5f1fcd22f9c49e731d7a4a7d1c1	26538
raw	zone_wide_two_doors_final_v3/robots/r2/rgb/00572.png	94b3e1cd7e52f5d38175f0ee61917cb24929d5f1fcd22f9c49e731d7a4a7d1c1	26538
raw	zone_wide_two_doors_final_v3/robots/r2/rgb/00573.png	94b3e1cd7e52f5d38175f0ee61917cb24929d5f1fcd22f9c49e731d7a4a7d1c1	26538
raw	zone_wide_two_doors_final_v3/robots/r2/rgb/00574.png	94b3e1cd7e52f5d38175f0ee61917cb24929d5f1fcd22f9c49e731d7a4a7d1c1	26538
raw	zone_wide_two_doors_final_v3/robots/r2/rgb/00575.png	94b3e1cd7e52f5d38175f0ee61917cb24929d5f1fcd22f9c49e731d7a4a7d1c1	26538
raw	zone_wide_two_doors_final_v3/robots/r2/rgb/00576.png	94b3e1cd7e52f5d38175f0ee61917cb24929d5f1fcd22f9c49e731d7a4a7d1c1	26538
raw	zone_wide_two_doors_final_v3/robots/r2/rgb/00577.png	94b3e1cd7e52f5d38175f0ee61917cb24929d5f1fcd22f9c49e731d7a4a7d1c1	26538
raw	zone_wide_two_doors_final_v3/robots/r2/rgb/00578.png	94b3e1cd7e52f5d38175f0ee61917cb24929d5f1fcd22f9c49e731d7a4a7d1c1	26538
raw	zone_wide_two_doors_final_v3/robots/r2/rgb/00579.png	94b3e1cd7e52f5d38175f0ee61917cb24929d5f1fcd22f9c49e731d7a4a7d1c1	26538
raw	zone_wide_two_doors_final_v3/robots/r2/rgb/00580.png	94b3e1cd7e52f5d38175f0ee61917cb24929d5f1fcd22f9c49e731d7a4a7d1c1	26538
raw	zone_wide_two_doors_final_v3/robots/r2/rgb/00581.png	94b3e1cd7e52f5d38175f0ee61917cb24929d5f1fcd22f9c49e731d7a4a7d1c1	26538
raw	zone_wide_two_doors_final_v3/robots/r2/rgb/00582.png	94b3e1cd7e52f5d38175f0ee61917cb24929d5f1fcd22f9c49e731d7a4a7d1c1	26538
raw	zone_wide_two_doors_final_v3/robots/r2/rgb/00583.png	94b3e1cd7e52f5d38175f0ee61917cb24929d5f1fcd22f9c49e731d7a4a7d1c1	26538
raw	zone_wide_two_doors_final_v3/robots/r2/rgb/00584.png	94b3e1cd7e52f5d38175f0ee61917cb24929d5f1fcd22f9c49e731d7a4a7d1c1	26538
raw	zone_wide_two_doors_final_v3/robots/r2/rgb/00585.png	94b3e1cd7e52f5d38175f0ee61917cb24929d5f1fcd22f9c49e731d7a4a7d1c1	26538
raw	zone_wide_two_doors_final_v3/robots/r2/rgb/00586.png	94b3e1cd7e52f5d38175f0ee61917cb24929d5f1fcd22f9c49e731d7a4a7d1c1	26538
raw	zone_wide_two_doors_final_v3/robots/r2/rgb/00587.png	94b3e1cd7e52f5d38175f0ee61917cb24929d5f1fcd22f9c49e731d7a4a7d1c1	26538
raw	zone_wide_two_doors_final_v3/robots/r2/rgb/00588.png	94b3e1cd7e52f5d38175f0ee61917cb24929d5f1fcd22f9c49e731d7a4a7d1c1	26538
raw	zone_wide_two_doors_final_v3/robots/r2/rgb/00589.png	94b3e1cd7e52f5d38175f0ee61917cb24929d5f1fcd22f9c49e731d7a4a7d1c1	26538
raw	zone_wide_two_doors_final_v3/robots/r2/rgb/00590.png	94b3e1cd7e52f5d38175f0ee61917cb24929d5f1fcd22f9c49e731d7a4a7d1c1	26538
raw	zone_wide_two_doors_final_v3/robots/r2/rgb/00591.png	94b3e1cd7e52f5d38175f0ee61917cb24929d5f1fcd22f9c49e731d7a4a7d1c1	26538
raw	zone_wide_two_doors_final_v3/robots/r2/rgb/00592.png	94b3e1cd7e52f5d38175f0ee61917cb24929d5f1fcd22f9c49e731d7a4a7d1c1	26538
raw	zone_wide_two_doors_final_v3/robots/r2/rgb/00593.png	94b3e1cd7e52f5d38175f0ee61917cb24929d5f1fcd22f9c49e731d7a4a7d1c1	26538
raw	zone_wide_two_doors_final_v3/robots/r2/rgb/00594.png	94b3e1cd7e52f5d38175f0ee61917cb24929d5f1fcd22f9c49e731d7a4a7d1c1	26538
raw	zone_wide_two_doors_final_v3/robots/r2/rgb/00595.png	94b3e1cd7e52f5d38175f0ee61917cb24929d5f1fcd22f9c49e731d7a4a7d1c1	26538
raw	zone_wide_two_doors_final_v3/robots/r2/rgb/00596.png	94b3e1cd7e52f5d38175f0ee61917cb24929d5f1fcd22f9c49e731d7a4a7d1c1	26538
raw	zone_wide_two_doors_final_v3/robots/r2/rgb/00597.png	94b3e1cd7e52f5d38175f0ee61917cb24929d5f1fcd22f9c49e731d7a4a7d1c1	26538
raw	zone_wide_two_doors_final_v3/robots/r2/rgb/00598.png	94b3e1cd7e52f5d38175f0ee61917cb24929d5f1fcd22f9c49e731d7a4a7d1c1	26538
raw	zone_wide_two_doors_final_v3/robots/r2/rgb/00599.png	94b3e1cd7e52f5d38175f0ee61917cb24929d5f1fcd22f9c49e731d7a4a7d1c1	26538
raw	zone_wide_two_doors_final_v3/robots/r2/rgb/00600.png	94b3e1cd7e52f5d38175f0ee61917cb24929d5f1fcd22f9c49e731d7a4a7d1c1	26538
raw	zone_wide_two_doors_final_v3/robots/r3/commands.jsonl	59ef962b8289ac4164dd6eb6aa75514b8235ca1e2a8e6b6ecfdda043c7970f23	125
raw	zone_wide_two_doors_final_v3/robots/r3/frames.jsonl	aa7d70c32677500681c0baca28096544e269758e3d068880e0a7cff31d930d9e	152100
raw	zone_wide_two_doors_final_v3/robots/r3/rgb/00000.png	bdede58c014f416eef35022e222e38f268dcd1e79b26228035e2dff3147dc4fd	30203
raw	zone_wide_two_doors_final_v3/robots/r3/rgb/00001.png	bdede58c014f416eef35022e222e38f268dcd1e79b26228035e2dff3147dc4fd	30203
raw	zone_wide_two_doors_final_v3/robots/r3/rgb/00002.png	bdede58c014f416eef35022e222e38f268dcd1e79b26228035e2dff3147dc4fd	30203
raw	zone_wide_two_doors_final_v3/robots/r3/rgb/00003.png	bdede58c014f416eef35022e222e38f268dcd1e79b26228035e2dff3147dc4fd	30203
raw	zone_wide_two_doors_final_v3/robots/r3/rgb/00004.png	bdede58c014f416eef35022e222e38f268dcd1e79b26228035e2dff3147dc4fd	30203
raw	zone_wide_two_doors_final_v3/robots/r3/rgb/00005.png	bdede58c014f416eef35022e222e38f268dcd1e79b26228035e2dff3147dc4fd	30203
raw	zone_wide_two_doors_final_v3/robots/r3/rgb/00006.png	bdede58c014f416eef35022e222e38f268dcd1e79b26228035e2dff3147dc4fd	30203
raw	zone_wide_two_doors_final_v3/robots/r3/rgb/00007.png	bdede58c014f416eef35022e222e38f268dcd1e79b26228035e2dff3147dc4fd	30203
raw	zone_wide_two_doors_final_v3/robots/r3/rgb/00008.png	bdede58c014f416eef35022e222e38f268dcd1e79b26228035e2dff3147dc4fd	30203
raw	zone_wide_two_doors_final_v3/robots/r3/rgb/00009.png	bdede58c014f416eef35022e222e38f268dcd1e79b26228035e2dff3147dc4fd	30203
raw	zone_wide_two_doors_final_v3/robots/r3/rgb/00010.png	bdede58c014f416eef35022e222e38f268dcd1e79b26228035e2dff3147dc4fd	30203
raw	zone_wide_two_doors_final_v3/robots/r3/rgb/00011.png	bdede58c014f416eef35022e222e38f268dcd1e79b26228035e2dff3147dc4fd	30203
raw	zone_wide_two_doors_final_v3/robots/r3/rgb/00012.png	bdede58c014f416eef35022e222e38f268dcd1e79b26228035e2dff3147dc4fd	30203
raw	zone_wide_two_doors_final_v3/robots/r3/rgb/00013.png	bdede58c014f416eef35022e222e38f268dcd1e79b26228035e2dff3147dc4fd	30203
raw	zone_wide_two_doors_final_v3/robots/r3/rgb/00014.png	bdede58c014f416eef35022e222e38f268dcd1e79b26228035e2dff3147dc4fd	30203
raw	zone_wide_two_doors_final_v3/robots/r3/rgb/00015.png	bdede58c014f416eef35022e222e38f268dcd1e79b26228035e2dff3147dc4fd	30203
raw	zone_wide_two_doors_final_v3/robots/r3/rgb/00016.png	bdede58c014f416eef35022e222e38f268dcd1e79b26228035e2dff3147dc4fd	30203
raw	zone_wide_two_doors_final_v3/robots/r3/rgb/00017.png	bdede58c014f416eef35022e222e38f268dcd1e79b26228035e2dff3147dc4fd	30203
raw	zone_wide_two_doors_final_v3/robots/r3/rgb/00018.png	bdede58c014f416eef35022e222e38f268dcd1e79b26228035e2dff3147dc4fd	30203
raw	zone_wide_two_doors_final_v3/robots/r3/rgb/00019.png	bdede58c014f416eef35022e222e38f268dcd1e79b26228035e2dff3147dc4fd	30203
raw	zone_wide_two_doors_final_v3/robots/r3/rgb/00020.png	bdede58c014f416eef35022e222e38f268dcd1e79b26228035e2dff3147dc4fd	30203
raw	zone_wide_two_doors_final_v3/robots/r3/rgb/00021.png	bdede58c014f416eef35022e222e38f268dcd1e79b26228035e2dff3147dc4fd	30203
raw	zone_wide_two_doors_final_v3/robots/r3/rgb/00022.png	bdede58c014f416eef35022e222e38f268dcd1e79b26228035e2dff3147dc4fd	30203
raw	zone_wide_two_doors_final_v3/robots/r3/rgb/00023.png	bdede58c014f416eef35022e222e38f268dcd1e79b26228035e2dff3147dc4fd	30203
raw	zone_wide_two_doors_final_v3/robots/r3/rgb/00024.png	bdede58c014f416eef35022e222e38f268dcd1e79b26228035e2dff3147dc4fd	30203
raw	zone_wide_two_doors_final_v3/robots/r3/rgb/00025.png	bdede58c014f416eef35022e222e38f268dcd1e79b26228035e2dff3147dc4fd	30203
raw	zone_wide_two_doors_final_v3/robots/r3/rgb/00026.png	bdede58c014f416eef35022e222e38f268dcd1e79b26228035e2dff3147dc4fd	30203
raw	zone_wide_two_doors_final_v3/robots/r3/rgb/00027.png	bdede58c014f416eef35022e222e38f268dcd1e79b26228035e2dff3147dc4fd	30203
raw	zone_wide_two_doors_final_v3/robots/r3/rgb/00028.png	bdede58c014f416eef35022e222e38f268dcd1e79b26228035e2dff3147dc4fd	30203
raw	zone_wide_two_doors_final_v3/robots/r3/rgb/00029.png	bdede58c014f416eef35022e222e38f268dcd1e79b26228035e2dff3147dc4fd	30203
raw	zone_wide_two_doors_final_v3/robots/r3/rgb/00030.png	bdede58c014f416eef35022e222e38f268dcd1e79b26228035e2dff3147dc4fd	30203
raw	zone_wide_two_doors_final_v3/robots/r3/rgb/00031.png	bdede58c014f416eef35022e222e38f268dcd1e79b26228035e2dff3147dc4fd	30203
raw	zone_wide_two_doors_final_v3/robots/r3/rgb/00032.png	bdede58c014f416eef35022e222e38f268dcd1e79b26228035e2dff3147dc4fd	30203
raw	zone_wide_two_doors_final_v3/robots/r3/rgb/00033.png	bdede58c014f416eef35022e222e38f268dcd1e79b26228035e2dff3147dc4fd	30203
raw	zone_wide_two_doors_final_v3/robots/r3/rgb/00034.png	bdede58c014f416eef35022e222e38f268dcd1e79b26228035e2dff3147dc4fd	30203
raw	zone_wide_two_doors_final_v3/robots/r3/rgb/00035.png	bdede58c014f416eef35022e222e38f268dcd1e79b26228035e2dff3147dc4fd	30203
raw	zone_wide_two_doors_final_v3/robots/r3/rgb/00036.png	bdede58c014f416eef35022e222e38f268dcd1e79b26228035e2dff3147dc4fd	30203
raw	zone_wide_two_doors_final_v3/robots/r3/rgb/00037.png	bdede58c014f416eef35022e222e38f268dcd1e79b26228035e2dff3147dc4fd	30203
raw	zone_wide_two_doors_final_v3/robots/r3/rgb/00038.png	bdede58c014f416eef35022e222e38f268dcd1e79b26228035e2dff3147dc4fd	30203
raw	zone_wide_two_doors_final_v3/robots/r3/rgb/00039.png	bdede58c014f416eef35022e222e38f268dcd1e79b26228035e2dff3147dc4fd	30203
raw	zone_wide_two_doors_final_v3/robots/r3/rgb/00040.png	bdede58c014f416eef35022e222e38f268dcd1e79b26228035e2dff3147dc4fd	30203
raw	zone_wide_two_doors_final_v3/robots/r3/rgb/00041.png	bdede58c014f416eef35022e222e38f268dcd1e79b26228035e2dff3147dc4fd	30203
raw	zone_wide_two_doors_final_v3/robots/r3/rgb/00042.png	bdede58c014f416eef35022e222e38f268dcd1e79b26228035e2dff3147dc4fd	30203
raw	zone_wide_two_doors_final_v3/robots/r3/rgb/00043.png	bdede58c014f416eef35022e222e38f268dcd1e79b26228035e2dff3147dc4fd	30203
raw	zone_wide_two_doors_final_v3/robots/r3/rgb/00044.png	bdede58c014f416eef35022e222e38f268dcd1e79b26228035e2dff3147dc4fd	30203
raw	zone_wide_two_doors_final_v3/robots/r3/rgb/00045.png	bdede58c014f416eef35022e222e38f268dcd1e79b26228035e2dff3147dc4fd	30203
raw	zone_wide_two_doors_final_v3/robots/r3/rgb/00046.png	bdede58c014f416eef35022e222e38f268dcd1e79b26228035e2dff3147dc4fd	30203
raw	zone_wide_two_doors_final_v3/robots/r3/rgb/00047.png	bdede58c014f416eef35022e222e38f268dcd1e79b26228035e2dff3147dc4fd	30203
raw	zone_wide_two_doors_final_v3/robots/r3/rgb/00048.png	bdede58c014f416eef35022e222e38f268dcd1e79b26228035e2dff3147dc4fd	30203
raw	zone_wide_two_doors_final_v3/robots/r3/rgb/00049.png	bdede58c014f416eef35022e222e38f268dcd1e79b26228035e2dff3147dc4fd	30203
raw	zone_wide_two_doors_final_v3/robots/r3/rgb/00050.png	bdede58c014f416eef35022e222e38f268dcd1e79b26228035e2dff3147dc4fd	30203
raw	zone_wide_two_doors_final_v3/robots/r3/rgb/00051.png	bdede58c014f416eef35022e222e38f268dcd1e79b26228035e2dff3147dc4fd	30203
raw	zone_wide_two_doors_final_v3/robots/r3/rgb/00052.png	bdede58c014f416eef35022e222e38f268dcd1e79b26228035e2dff3147dc4fd	30203
raw	zone_wide_two_doors_final_v3/robots/r3/rgb/00053.png	bdede58c014f416eef35022e222e38f268dcd1e79b26228035e2dff3147dc4fd	30203
raw	zone_wide_two_doors_final_v3/robots/r3/rgb/00054.png	bdede58c014f416eef35022e222e38f268dcd1e79b26228035e2dff3147dc4fd	30203
raw	zone_wide_two_doors_final_v3/robots/r3/rgb/00055.png	bdede58c014f416eef35022e222e38f268dcd1e79b26228035e2dff3147dc4fd	30203
raw	zone_wide_two_doors_final_v3/robots/r3/rgb/00056.png	bdede58c014f416eef35022e222e38f268dcd1e79b26228035e2dff3147dc4fd	30203
raw	zone_wide_two_doors_final_v3/robots/r3/rgb/00057.png	bdede58c014f416eef35022e222e38f268dcd1e79b26228035e2dff3147dc4fd	30203
raw	zone_wide_two_doors_final_v3/robots/r3/rgb/00058.png	bdede58c014f416eef35022e222e38f268dcd1e79b26228035e2dff3147dc4fd	30203
raw	zone_wide_two_doors_final_v3/robots/r3/rgb/00059.png	bdede58c014f416eef35022e222e38f268dcd1e79b26228035e2dff3147dc4fd	30203
raw	zone_wide_two_doors_final_v3/robots/r3/rgb/00060.png	bdede58c014f416eef35022e222e38f268dcd1e79b26228035e2dff3147dc4fd	30203
raw	zone_wide_two_doors_final_v3/robots/r3/rgb/00061.png	bdede58c014f416eef35022e222e38f268dcd1e79b26228035e2dff3147dc4fd	30203
raw	zone_wide_two_doors_final_v3/robots/r3/rgb/00062.png	bdede58c014f416eef35022e222e38f268dcd1e79b26228035e2dff3147dc4fd	30203
raw	zone_wide_two_doors_final_v3/robots/r3/rgb/00063.png	bdede58c014f416eef35022e222e38f268dcd1e79b26228035e2dff3147dc4fd	30203
raw	zone_wide_two_doors_final_v3/robots/r3/rgb/00064.png	bdede58c014f416eef35022e222e38f268dcd1e79b26228035e2dff3147dc4fd	30203
raw	zone_wide_two_doors_final_v3/robots/r3/rgb/00065.png	bdede58c014f416eef35022e222e38f268dcd1e79b26228035e2dff3147dc4fd	30203
raw	zone_wide_two_doors_final_v3/robots/r3/rgb/00066.png	bdede58c014f416eef35022e222e38f268dcd1e79b26228035e2dff3147dc4fd	30203
raw	zone_wide_two_doors_final_v3/robots/r3/rgb/00067.png	bdede58c014f416eef35022e222e38f268dcd1e79b26228035e2dff3147dc4fd	30203
raw	zone_wide_two_doors_final_v3/robots/r3/rgb/00068.png	bdede58c014f416eef35022e222e38f268dcd1e79b26228035e2dff3147dc4fd	30203
raw	zone_wide_two_doors_final_v3/robots/r3/rgb/00069.png	bdede58c014f416eef35022e222e38f268dcd1e79b26228035e2dff3147dc4fd	30203
raw	zone_wide_two_doors_final_v3/robots/r3/rgb/00070.png	bdede58c014f416eef35022e222e38f268dcd1e79b26228035e2dff3147dc4fd	30203
raw	zone_wide_two_doors_final_v3/robots/r3/rgb/00071.png	bdede58c014f416eef35022e222e38f268dcd1e79b26228035e2dff3147dc4fd	30203
raw	zone_wide_two_doors_final_v3/robots/r3/rgb/00072.png	bdede58c014f416eef35022e222e38f268dcd1e79b26228035e2dff3147dc4fd	30203
raw	zone_wide_two_doors_final_v3/robots/r3/rgb/00073.png	bdede58c014f416eef35022e222e38f268dcd1e79b26228035e2dff3147dc4fd	30203
raw	zone_wide_two_doors_final_v3/robots/r3/rgb/00074.png	bdede58c014f416eef35022e222e38f268dcd1e79b26228035e2dff3147dc4fd	30203
raw	zone_wide_two_doors_final_v3/robots/r3/rgb/00075.png	bdede58c014f416eef35022e222e38f268dcd1e79b26228035e2dff3147dc4fd	30203
raw	zone_wide_two_doors_final_v3/robots/r3/rgb/00076.png	bdede58c014f416eef35022e222e38f268dcd1e79b26228035e2dff3147dc4fd	30203
raw	zone_wide_two_doors_final_v3/robots/r3/rgb/00077.png	bdede58c014f416eef35022e222e38f268dcd1e79b26228035e2dff3147dc4fd	30203
raw	zone_wide_two_doors_final_v3/robots/r3/rgb/00078.png	bdede58c014f416eef35022e222e38f268dcd1e79b26228035e2dff3147dc4fd	30203
raw	zone_wide_two_doors_final_v3/robots/r3/rgb/00079.png	bdede58c014f416eef35022e222e38f268dcd1e79b26228035e2dff3147dc4fd	30203
raw	zone_wide_two_doors_final_v3/robots/r3/rgb/00080.png	bdede58c014f416eef35022e222e38f268dcd1e79b26228035e2dff3147dc4fd	30203
raw	zone_wide_two_doors_final_v3/robots/r3/rgb/00081.png	bdede58c014f416eef35022e222e38f268dcd1e79b26228035e2dff3147dc4fd	30203
raw	zone_wide_two_doors_final_v3/robots/r3/rgb/00082.png	bdede58c014f416eef35022e222e38f268dcd1e79b26228035e2dff3147dc4fd	30203
raw	zone_wide_two_doors_final_v3/robots/r3/rgb/00083.png	bdede58c014f416eef35022e222e38f268dcd1e79b26228035e2dff3147dc4fd	30203
raw	zone_wide_two_doors_final_v3/robots/r3/rgb/00084.png	bdede58c014f416eef35022e222e38f268dcd1e79b26228035e2dff3147dc4fd	30203
raw	zone_wide_two_doors_final_v3/robots/r3/rgb/00085.png	bdede58c014f416eef35022e222e38f268dcd1e79b26228035e2dff3147dc4fd	30203
raw	zone_wide_two_doors_final_v3/robots/r3/rgb/00086.png	bdede58c014f416eef35022e222e38f268dcd1e79b26228035e2dff3147dc4fd	30203
raw	zone_wide_two_doors_final_v3/robots/r3/rgb/00087.png	bdede58c014f416eef35022e222e38f268dcd1e79b26228035e2dff3147dc4fd	30203
raw	zone_wide_two_doors_final_v3/robots/r3/rgb/00088.png	bdede58c014f416eef35022e222e38f268dcd1e79b26228035e2dff3147dc4fd	30203
raw	zone_wide_two_doors_final_v3/robots/r3/rgb/00089.png	bdede58c014f416eef35022e222e38f268dcd1e79b26228035e2dff3147dc4fd	30203
raw	zone_wide_two_doors_final_v3/robots/r3/rgb/00090.png	bdede58c014f416eef35022e222e38f268dcd1e79b26228035e2dff3147dc4fd	30203
raw	zone_wide_two_doors_final_v3/robots/r3/rgb/00091.png	bdede58c014f416eef35022e222e38f268dcd1e79b26228035e2dff3147dc4fd	30203
raw	zone_wide_two_doors_final_v3/robots/r3/rgb/00092.png	bdede58c014f416eef35022e222e38f268dcd1e79b26228035e2dff3147dc4fd	30203
raw	zone_wide_two_doors_final_v3/robots/r3/rgb/00093.png	bdede58c014f416eef35022e222e38f268dcd1e79b26228035e2dff3147dc4fd	30203
raw	zone_wide_two_doors_final_v3/robots/r3/rgb/00094.png	bdede58c014f416eef35022e222e38f268dcd1e79b26228035e2dff3147dc4fd	30203
raw	zone_wide_two_doors_final_v3/robots/r3/rgb/00095.png	bdede58c014f416eef35022e222e38f268dcd1e79b26228035e2dff3147dc4fd	30203
raw	zone_wide_two_doors_final_v3/robots/r3/rgb/00096.png	bdede58c014f416eef35022e222e38f268dcd1e79b26228035e2dff3147dc4fd	30203
raw	zone_wide_two_doors_final_v3/robots/r3/rgb/00097.png	bdede58c014f416eef35022e222e38f268dcd1e79b26228035e2dff3147dc4fd	30203
raw	zone_wide_two_doors_final_v3/robots/r3/rgb/00098.png	bdede58c014f416eef35022e222e38f268dcd1e79b26228035e2dff3147dc4fd	30203
raw	zone_wide_two_doors_final_v3/robots/r3/rgb/00099.png	bdede58c014f416eef35022e222e38f268dcd1e79b26228035e2dff3147dc4fd	30203
raw	zone_wide_two_doors_final_v3/robots/r3/rgb/00100.png	bdede58c014f416eef35022e222e38f268dcd1e79b26228035e2dff3147dc4fd	30203
raw	zone_wide_two_doors_final_v3/robots/r3/rgb/00101.png	bdede58c014f416eef35022e222e38f268dcd1e79b26228035e2dff3147dc4fd	30203
raw	zone_wide_two_doors_final_v3/robots/r3/rgb/00102.png	bdede58c014f416eef35022e222e38f268dcd1e79b26228035e2dff3147dc4fd	30203
raw	zone_wide_two_doors_final_v3/robots/r3/rgb/00103.png	bdede58c014f416eef35022e222e38f268dcd1e79b26228035e2dff3147dc4fd	30203
raw	zone_wide_two_doors_final_v3/robots/r3/rgb/00104.png	bdede58c014f416eef35022e222e38f268dcd1e79b26228035e2dff3147dc4fd	30203
raw	zone_wide_two_doors_final_v3/robots/r3/rgb/00105.png	bdede58c014f416eef35022e222e38f268dcd1e79b26228035e2dff3147dc4fd	30203
raw	zone_wide_two_doors_final_v3/robots/r3/rgb/00106.png	bdede58c014f416eef35022e222e38f268dcd1e79b26228035e2dff3147dc4fd	30203
raw	zone_wide_two_doors_final_v3/robots/r3/rgb/00107.png	bdede58c014f416eef35022e222e38f268dcd1e79b26228035e2dff3147dc4fd	30203
raw	zone_wide_two_doors_final_v3/robots/r3/rgb/00108.png	bdede58c014f416eef35022e222e38f268dcd1e79b26228035e2dff3147dc4fd	30203
raw	zone_wide_two_doors_final_v3/robots/r3/rgb/00109.png	bdede58c014f416eef35022e222e38f268dcd1e79b26228035e2dff3147dc4fd	30203
raw	zone_wide_two_doors_final_v3/robots/r3/rgb/00110.png	bdede58c014f416eef35022e222e38f268dcd1e79b26228035e2dff3147dc4fd	30203
raw	zone_wide_two_doors_final_v3/robots/r3/rgb/00111.png	bdede58c014f416eef35022e222e38f268dcd1e79b26228035e2dff3147dc4fd	30203
raw	zone_wide_two_doors_final_v3/robots/r3/rgb/00112.png	bdede58c014f416eef35022e222e38f268dcd1e79b26228035e2dff3147dc4fd	30203
raw	zone_wide_two_doors_final_v3/robots/r3/rgb/00113.png	bdede58c014f416eef35022e222e38f268dcd1e79b26228035e2dff3147dc4fd	30203
raw	zone_wide_two_doors_final_v3/robots/r3/rgb/00114.png	bdede58c014f416eef35022e222e38f268dcd1e79b26228035e2dff3147dc4fd	30203
raw	zone_wide_two_doors_final_v3/robots/r3/rgb/00115.png	bdede58c014f416eef35022e222e38f268dcd1e79b26228035e2dff3147dc4fd	30203
raw	zone_wide_two_doors_final_v3/robots/r3/rgb/00116.png	bdede58c014f416eef35022e222e38f268dcd1e79b26228035e2dff3147dc4fd	30203
raw	zone_wide_two_doors_final_v3/robots/r3/rgb/00117.png	bdede58c014f416eef35022e222e38f268dcd1e79b26228035e2dff3147dc4fd	30203
raw	zone_wide_two_doors_final_v3/robots/r3/rgb/00118.png	bdede58c014f416eef35022e222e38f268dcd1e79b26228035e2dff3147dc4fd	30203
raw	zone_wide_two_doors_final_v3/robots/r3/rgb/00119.png	bdede58c014f416eef35022e222e38f268dcd1e79b26228035e2dff3147dc4fd	30203
raw	zone_wide_two_doors_final_v3/robots/r3/rgb/00120.png	bdede58c014f416eef35022e222e38f268dcd1e79b26228035e2dff3147dc4fd	30203
raw	zone_wide_two_doors_final_v3/robots/r3/rgb/00121.png	bdede58c014f416eef35022e222e38f268dcd1e79b26228035e2dff3147dc4fd	30203
raw	zone_wide_two_doors_final_v3/robots/r3/rgb/00122.png	bdede58c014f416eef35022e222e38f268dcd1e79b26228035e2dff3147dc4fd	30203
raw	zone_wide_two_doors_final_v3/robots/r3/rgb/00123.png	bdede58c014f416eef35022e222e38f268dcd1e79b26228035e2dff3147dc4fd	30203
raw	zone_wide_two_doors_final_v3/robots/r3/rgb/00124.png	bdede58c014f416eef35022e222e38f268dcd1e79b26228035e2dff3147dc4fd	30203
raw	zone_wide_two_doors_final_v3/robots/r3/rgb/00125.png	bdede58c014f416eef35022e222e38f268dcd1e79b26228035e2dff3147dc4fd	30203
raw	zone_wide_two_doors_final_v3/robots/r3/rgb/00126.png	bdede58c014f416eef35022e222e38f268dcd1e79b26228035e2dff3147dc4fd	30203
raw	zone_wide_two_doors_final_v3/robots/r3/rgb/00127.png	bdede58c014f416eef35022e222e38f268dcd1e79b26228035e2dff3147dc4fd	30203
raw	zone_wide_two_doors_final_v3/robots/r3/rgb/00128.png	bdede58c014f416eef35022e222e38f268dcd1e79b26228035e2dff3147dc4fd	30203
raw	zone_wide_two_doors_final_v3/robots/r3/rgb/00129.png	bdede58c014f416eef35022e222e38f268dcd1e79b26228035e2dff3147dc4fd	30203
raw	zone_wide_two_doors_final_v3/robots/r3/rgb/00130.png	bdede58c014f416eef35022e222e38f268dcd1e79b26228035e2dff3147dc4fd	30203
raw	zone_wide_two_doors_final_v3/robots/r3/rgb/00131.png	bdede58c014f416eef35022e222e38f268dcd1e79b26228035e2dff3147dc4fd	30203
raw	zone_wide_two_doors_final_v3/robots/r3/rgb/00132.png	bdede58c014f416eef35022e222e38f268dcd1e79b26228035e2dff3147dc4fd	30203
raw	zone_wide_two_doors_final_v3/robots/r3/rgb/00133.png	bdede58c014f416eef35022e222e38f268dcd1e79b26228035e2dff3147dc4fd	30203
raw	zone_wide_two_doors_final_v3/robots/r3/rgb/00134.png	bdede58c014f416eef35022e222e38f268dcd1e79b26228035e2dff3147dc4fd	30203
raw	zone_wide_two_doors_final_v3/robots/r3/rgb/00135.png	bdede58c014f416eef35022e222e38f268dcd1e79b26228035e2dff3147dc4fd	30203
raw	zone_wide_two_doors_final_v3/robots/r3/rgb/00136.png	bdede58c014f416eef35022e222e38f268dcd1e79b26228035e2dff3147dc4fd	30203
raw	zone_wide_two_doors_final_v3/robots/r3/rgb/00137.png	bdede58c014f416eef35022e222e38f268dcd1e79b26228035e2dff3147dc4fd	30203
raw	zone_wide_two_doors_final_v3/robots/r3/rgb/00138.png	bdede58c014f416eef35022e222e38f268dcd1e79b26228035e2dff3147dc4fd	30203
raw	zone_wide_two_doors_final_v3/robots/r3/rgb/00139.png	bdede58c014f416eef35022e222e38f268dcd1e79b26228035e2dff3147dc4fd	30203
raw	zone_wide_two_doors_final_v3/robots/r3/rgb/00140.png	bdede58c014f416eef35022e222e38f268dcd1e79b26228035e2dff3147dc4fd	30203
raw	zone_wide_two_doors_final_v3/robots/r3/rgb/00141.png	bdede58c014f416eef35022e222e38f268dcd1e79b26228035e2dff3147dc4fd	30203
raw	zone_wide_two_doors_final_v3/robots/r3/rgb/00142.png	bdede58c014f416eef35022e222e38f268dcd1e79b26228035e2dff3147dc4fd	30203
raw	zone_wide_two_doors_final_v3/robots/r3/rgb/00143.png	bdede58c014f416eef35022e222e38f268dcd1e79b26228035e2dff3147dc4fd	30203
raw	zone_wide_two_doors_final_v3/robots/r3/rgb/00144.png	bdede58c014f416eef35022e222e38f268dcd1e79b26228035e2dff3147dc4fd	30203
raw	zone_wide_two_doors_final_v3/robots/r3/rgb/00145.png	bdede58c014f416eef35022e222e38f268dcd1e79b26228035e2dff3147dc4fd	30203
raw	zone_wide_two_doors_final_v3/robots/r3/rgb/00146.png	bdede58c014f416eef35022e222e38f268dcd1e79b26228035e2dff3147dc4fd	30203
raw	zone_wide_two_doors_final_v3/robots/r3/rgb/00147.png	bdede58c014f416eef35022e222e38f268dcd1e79b26228035e2dff3147dc4fd	30203
raw	zone_wide_two_doors_final_v3/robots/r3/rgb/00148.png	bdede58c014f416eef35022e222e38f268dcd1e79b26228035e2dff3147dc4fd	30203
raw	zone_wide_two_doors_final_v3/robots/r3/rgb/00149.png	bdede58c014f416eef35022e222e38f268dcd1e79b26228035e2dff3147dc4fd	30203
raw	zone_wide_two_doors_final_v3/robots/r3/rgb/00150.png	bdede58c014f416eef35022e222e38f268dcd1e79b26228035e2dff3147dc4fd	30203
raw	zone_wide_two_doors_final_v3/robots/r3/rgb/00151.png	bdede58c014f416eef35022e222e38f268dcd1e79b26228035e2dff3147dc4fd	30203
raw	zone_wide_two_doors_final_v3/robots/r3/rgb/00152.png	bdede58c014f416eef35022e222e38f268dcd1e79b26228035e2dff3147dc4fd	30203
raw	zone_wide_two_doors_final_v3/robots/r3/rgb/00153.png	bdede58c014f416eef35022e222e38f268dcd1e79b26228035e2dff3147dc4fd	30203
raw	zone_wide_two_doors_final_v3/robots/r3/rgb/00154.png	bdede58c014f416eef35022e222e38f268dcd1e79b26228035e2dff3147dc4fd	30203
raw	zone_wide_two_doors_final_v3/robots/r3/rgb/00155.png	bdede58c014f416eef35022e222e38f268dcd1e79b26228035e2dff3147dc4fd	30203
raw	zone_wide_two_doors_final_v3/robots/r3/rgb/00156.png	bdede58c014f416eef35022e222e38f268dcd1e79b26228035e2dff3147dc4fd	30203
raw	zone_wide_two_doors_final_v3/robots/r3/rgb/00157.png	bdede58c014f416eef35022e222e38f268dcd1e79b26228035e2dff3147dc4fd	30203
raw	zone_wide_two_doors_final_v3/robots/r3/rgb/00158.png	bdede58c014f416eef35022e222e38f268dcd1e79b26228035e2dff3147dc4fd	30203
raw	zone_wide_two_doors_final_v3/robots/r3/rgb/00159.png	bdede58c014f416eef35022e222e38f268dcd1e79b26228035e2dff3147dc4fd	30203
raw	zone_wide_two_doors_final_v3/robots/r3/rgb/00160.png	bdede58c014f416eef35022e222e38f268dcd1e79b26228035e2dff3147dc4fd	30203
raw	zone_wide_two_doors_final_v3/robots/r3/rgb/00161.png	bdede58c014f416eef35022e222e38f268dcd1e79b26228035e2dff3147dc4fd	30203
raw	zone_wide_two_doors_final_v3/robots/r3/rgb/00162.png	bdede58c014f416eef35022e222e38f268dcd1e79b26228035e2dff3147dc4fd	30203
raw	zone_wide_two_doors_final_v3/robots/r3/rgb/00163.png	bdede58c014f416eef35022e222e38f268dcd1e79b26228035e2dff3147dc4fd	30203
raw	zone_wide_two_doors_final_v3/robots/r3/rgb/00164.png	bdede58c014f416eef35022e222e38f268dcd1e79b26228035e2dff3147dc4fd	30203
raw	zone_wide_two_doors_final_v3/robots/r3/rgb/00165.png	bdede58c014f416eef35022e222e38f268dcd1e79b26228035e2dff3147dc4fd	30203
raw	zone_wide_two_doors_final_v3/robots/r3/rgb/00166.png	bdede58c014f416eef35022e222e38f268dcd1e79b26228035e2dff3147dc4fd	30203
raw	zone_wide_two_doors_final_v3/robots/r3/rgb/00167.png	bdede58c014f416eef35022e222e38f268dcd1e79b26228035e2dff3147dc4fd	30203
raw	zone_wide_two_doors_final_v3/robots/r3/rgb/00168.png	bdede58c014f416eef35022e222e38f268dcd1e79b26228035e2dff3147dc4fd	30203
raw	zone_wide_two_doors_final_v3/robots/r3/rgb/00169.png	bdede58c014f416eef35022e222e38f268dcd1e79b26228035e2dff3147dc4fd	30203
raw	zone_wide_two_doors_final_v3/robots/r3/rgb/00170.png	bdede58c014f416eef35022e222e38f268dcd1e79b26228035e2dff3147dc4fd	30203
raw	zone_wide_two_doors_final_v3/robots/r3/rgb/00171.png	bdede58c014f416eef35022e222e38f268dcd1e79b26228035e2dff3147dc4fd	30203
raw	zone_wide_two_doors_final_v3/robots/r3/rgb/00172.png	bdede58c014f416eef35022e222e38f268dcd1e79b26228035e2dff3147dc4fd	30203
raw	zone_wide_two_doors_final_v3/robots/r3/rgb/00173.png	bdede58c014f416eef35022e222e38f268dcd1e79b26228035e2dff3147dc4fd	30203
raw	zone_wide_two_doors_final_v3/robots/r3/rgb/00174.png	bdede58c014f416eef35022e222e38f268dcd1e79b26228035e2dff3147dc4fd	30203
raw	zone_wide_two_doors_final_v3/robots/r3/rgb/00175.png	bdede58c014f416eef35022e222e38f268dcd1e79b26228035e2dff3147dc4fd	30203
raw	zone_wide_two_doors_final_v3/robots/r3/rgb/00176.png	bdede58c014f416eef35022e222e38f268dcd1e79b26228035e2dff3147dc4fd	30203
raw	zone_wide_two_doors_final_v3/robots/r3/rgb/00177.png	bdede58c014f416eef35022e222e38f268dcd1e79b26228035e2dff3147dc4fd	30203
raw	zone_wide_two_doors_final_v3/robots/r3/rgb/00178.png	bdede58c014f416eef35022e222e38f268dcd1e79b26228035e2dff3147dc4fd	30203
raw	zone_wide_two_doors_final_v3/robots/r3/rgb/00179.png	bdede58c014f416eef35022e222e38f268dcd1e79b26228035e2dff3147dc4fd	30203
raw	zone_wide_two_doors_final_v3/robots/r3/rgb/00180.png	bdede58c014f416eef35022e222e38f268dcd1e79b26228035e2dff3147dc4fd	30203
raw	zone_wide_two_doors_final_v3/robots/r3/rgb/00181.png	bdede58c014f416eef35022e222e38f268dcd1e79b26228035e2dff3147dc4fd	30203
raw	zone_wide_two_doors_final_v3/robots/r3/rgb/00182.png	bdede58c014f416eef35022e222e38f268dcd1e79b26228035e2dff3147dc4fd	30203
raw	zone_wide_two_doors_final_v3/robots/r3/rgb/00183.png	bdede58c014f416eef35022e222e38f268dcd1e79b26228035e2dff3147dc4fd	30203
raw	zone_wide_two_doors_final_v3/robots/r3/rgb/00184.png	bdede58c014f416eef35022e222e38f268dcd1e79b26228035e2dff3147dc4fd	30203
raw	zone_wide_two_doors_final_v3/robots/r3/rgb/00185.png	bdede58c014f416eef35022e222e38f268dcd1e79b26228035e2dff3147dc4fd	30203
raw	zone_wide_two_doors_final_v3/robots/r3/rgb/00186.png	bdede58c014f416eef35022e222e38f268dcd1e79b26228035e2dff3147dc4fd	30203
raw	zone_wide_two_doors_final_v3/robots/r3/rgb/00187.png	bdede58c014f416eef35022e222e38f268dcd1e79b26228035e2dff3147dc4fd	30203
raw	zone_wide_two_doors_final_v3/robots/r3/rgb/00188.png	bdede58c014f416eef35022e222e38f268dcd1e79b26228035e2dff3147dc4fd	30203
raw	zone_wide_two_doors_final_v3/robots/r3/rgb/00189.png	bdede58c014f416eef35022e222e38f268dcd1e79b26228035e2dff3147dc4fd	30203
raw	zone_wide_two_doors_final_v3/robots/r3/rgb/00190.png	bdede58c014f416eef35022e222e38f268dcd1e79b26228035e2dff3147dc4fd	30203
raw	zone_wide_two_doors_final_v3/robots/r3/rgb/00191.png	bdede58c014f416eef35022e222e38f268dcd1e79b26228035e2dff3147dc4fd	30203
raw	zone_wide_two_doors_final_v3/robots/r3/rgb/00192.png	bdede58c014f416eef35022e222e38f268dcd1e79b26228035e2dff3147dc4fd	30203
raw	zone_wide_two_doors_final_v3/robots/r3/rgb/00193.png	bdede58c014f416eef35022e222e38f268dcd1e79b26228035e2dff3147dc4fd	30203
raw	zone_wide_two_doors_final_v3/robots/r3/rgb/00194.png	bdede58c014f416eef35022e222e38f268dcd1e79b26228035e2dff3147dc4fd	30203
raw	zone_wide_two_doors_final_v3/robots/r3/rgb/00195.png	bdede58c014f416eef35022e222e38f268dcd1e79b26228035e2dff3147dc4fd	30203
raw	zone_wide_two_doors_final_v3/robots/r3/rgb/00196.png	bdede58c014f416eef35022e222e38f268dcd1e79b26228035e2dff3147dc4fd	30203
raw	zone_wide_two_doors_final_v3/robots/r3/rgb/00197.png	bdede58c014f416eef35022e222e38f268dcd1e79b26228035e2dff3147dc4fd	30203
raw	zone_wide_two_doors_final_v3/robots/r3/rgb/00198.png	bdede58c014f416eef35022e222e38f268dcd1e79b26228035e2dff3147dc4fd	30203
raw	zone_wide_two_doors_final_v3/robots/r3/rgb/00199.png	bdede58c014f416eef35022e222e38f268dcd1e79b26228035e2dff3147dc4fd	30203
raw	zone_wide_two_doors_final_v3/robots/r3/rgb/00200.png	bdede58c014f416eef35022e222e38f268dcd1e79b26228035e2dff3147dc4fd	30203
raw	zone_wide_two_doors_final_v3/robots/r3/rgb/00201.png	bdede58c014f416eef35022e222e38f268dcd1e79b26228035e2dff3147dc4fd	30203
raw	zone_wide_two_doors_final_v3/robots/r3/rgb/00202.png	bdede58c014f416eef35022e222e38f268dcd1e79b26228035e2dff3147dc4fd	30203
raw	zone_wide_two_doors_final_v3/robots/r3/rgb/00203.png	bdede58c014f416eef35022e222e38f268dcd1e79b26228035e2dff3147dc4fd	30203
raw	zone_wide_two_doors_final_v3/robots/r3/rgb/00204.png	bdede58c014f416eef35022e222e38f268dcd1e79b26228035e2dff3147dc4fd	30203
raw	zone_wide_two_doors_final_v3/robots/r3/rgb/00205.png	bdede58c014f416eef35022e222e38f268dcd1e79b26228035e2dff3147dc4fd	30203
raw	zone_wide_two_doors_final_v3/robots/r3/rgb/00206.png	bdede58c014f416eef35022e222e38f268dcd1e79b26228035e2dff3147dc4fd	30203
raw	zone_wide_two_doors_final_v3/robots/r3/rgb/00207.png	bdede58c014f416eef35022e222e38f268dcd1e79b26228035e2dff3147dc4fd	30203
raw	zone_wide_two_doors_final_v3/robots/r3/rgb/00208.png	bdede58c014f416eef35022e222e38f268dcd1e79b26228035e2dff3147dc4fd	30203
raw	zone_wide_two_doors_final_v3/robots/r3/rgb/00209.png	bdede58c014f416eef35022e222e38f268dcd1e79b26228035e2dff3147dc4fd	30203
raw	zone_wide_two_doors_final_v3/robots/r3/rgb/00210.png	bdede58c014f416eef35022e222e38f268dcd1e79b26228035e2dff3147dc4fd	30203
raw	zone_wide_two_doors_final_v3/robots/r3/rgb/00211.png	bdede58c014f416eef35022e222e38f268dcd1e79b26228035e2dff3147dc4fd	30203
raw	zone_wide_two_doors_final_v3/robots/r3/rgb/00212.png	bdede58c014f416eef35022e222e38f268dcd1e79b26228035e2dff3147dc4fd	30203
raw	zone_wide_two_doors_final_v3/robots/r3/rgb/00213.png	bdede58c014f416eef35022e222e38f268dcd1e79b26228035e2dff3147dc4fd	30203
raw	zone_wide_two_doors_final_v3/robots/r3/rgb/00214.png	bdede58c014f416eef35022e222e38f268dcd1e79b26228035e2dff3147dc4fd	30203
raw	zone_wide_two_doors_final_v3/robots/r3/rgb/00215.png	bdede58c014f416eef35022e222e38f268dcd1e79b26228035e2dff3147dc4fd	30203
raw	zone_wide_two_doors_final_v3/robots/r3/rgb/00216.png	bdede58c014f416eef35022e222e38f268dcd1e79b26228035e2dff3147dc4fd	30203
raw	zone_wide_two_doors_final_v3/robots/r3/rgb/00217.png	bdede58c014f416eef35022e222e38f268dcd1e79b26228035e2dff3147dc4fd	30203
raw	zone_wide_two_doors_final_v3/robots/r3/rgb/00218.png	bdede58c014f416eef35022e222e38f268dcd1e79b26228035e2dff3147dc4fd	30203
raw	zone_wide_two_doors_final_v3/robots/r3/rgb/00219.png	bdede58c014f416eef35022e222e38f268dcd1e79b26228035e2dff3147dc4fd	30203
raw	zone_wide_two_doors_final_v3/robots/r3/rgb/00220.png	bdede58c014f416eef35022e222e38f268dcd1e79b26228035e2dff3147dc4fd	30203
raw	zone_wide_two_doors_final_v3/robots/r3/rgb/00221.png	bdede58c014f416eef35022e222e38f268dcd1e79b26228035e2dff3147dc4fd	30203
raw	zone_wide_two_doors_final_v3/robots/r3/rgb/00222.png	bdede58c014f416eef35022e222e38f268dcd1e79b26228035e2dff3147dc4fd	30203
raw	zone_wide_two_doors_final_v3/robots/r3/rgb/00223.png	bdede58c014f416eef35022e222e38f268dcd1e79b26228035e2dff3147dc4fd	30203
raw	zone_wide_two_doors_final_v3/robots/r3/rgb/00224.png	bdede58c014f416eef35022e222e38f268dcd1e79b26228035e2dff3147dc4fd	30203
raw	zone_wide_two_doors_final_v3/robots/r3/rgb/00225.png	bdede58c014f416eef35022e222e38f268dcd1e79b26228035e2dff3147dc4fd	30203
raw	zone_wide_two_doors_final_v3/robots/r3/rgb/00226.png	bdede58c014f416eef35022e222e38f268dcd1e79b26228035e2dff3147dc4fd	30203
raw	zone_wide_two_doors_final_v3/robots/r3/rgb/00227.png	bdede58c014f416eef35022e222e38f268dcd1e79b26228035e2dff3147dc4fd	30203
raw	zone_wide_two_doors_final_v3/robots/r3/rgb/00228.png	bdede58c014f416eef35022e222e38f268dcd1e79b26228035e2dff3147dc4fd	30203
raw	zone_wide_two_doors_final_v3/robots/r3/rgb/00229.png	bdede58c014f416eef35022e222e38f268dcd1e79b26228035e2dff3147dc4fd	30203
raw	zone_wide_two_doors_final_v3/robots/r3/rgb/00230.png	bdede58c014f416eef35022e222e38f268dcd1e79b26228035e2dff3147dc4fd	30203
raw	zone_wide_two_doors_final_v3/robots/r3/rgb/00231.png	bdede58c014f416eef35022e222e38f268dcd1e79b26228035e2dff3147dc4fd	30203
raw	zone_wide_two_doors_final_v3/robots/r3/rgb/00232.png	bdede58c014f416eef35022e222e38f268dcd1e79b26228035e2dff3147dc4fd	30203
raw	zone_wide_two_doors_final_v3/robots/r3/rgb/00233.png	bdede58c014f416eef35022e222e38f268dcd1e79b26228035e2dff3147dc4fd	30203
raw	zone_wide_two_doors_final_v3/robots/r3/rgb/00234.png	bdede58c014f416eef35022e222e38f268dcd1e79b26228035e2dff3147dc4fd	30203
raw	zone_wide_two_doors_final_v3/robots/r3/rgb/00235.png	bdede58c014f416eef35022e222e38f268dcd1e79b26228035e2dff3147dc4fd	30203
raw	zone_wide_two_doors_final_v3/robots/r3/rgb/00236.png	bdede58c014f416eef35022e222e38f268dcd1e79b26228035e2dff3147dc4fd	30203
raw	zone_wide_two_doors_final_v3/robots/r3/rgb/00237.png	bdede58c014f416eef35022e222e38f268dcd1e79b26228035e2dff3147dc4fd	30203
raw	zone_wide_two_doors_final_v3/robots/r3/rgb/00238.png	bdede58c014f416eef35022e222e38f268dcd1e79b26228035e2dff3147dc4fd	30203
raw	zone_wide_two_doors_final_v3/robots/r3/rgb/00239.png	bdede58c014f416eef35022e222e38f268dcd1e79b26228035e2dff3147dc4fd	30203
raw	zone_wide_two_doors_final_v3/robots/r3/rgb/00240.png	bdede58c014f416eef35022e222e38f268dcd1e79b26228035e2dff3147dc4fd	30203
raw	zone_wide_two_doors_final_v3/robots/r3/rgb/00241.png	bdede58c014f416eef35022e222e38f268dcd1e79b26228035e2dff3147dc4fd	30203
raw	zone_wide_two_doors_final_v3/robots/r3/rgb/00242.png	bdede58c014f416eef35022e222e38f268dcd1e79b26228035e2dff3147dc4fd	30203
raw	zone_wide_two_doors_final_v3/robots/r3/rgb/00243.png	bdede58c014f416eef35022e222e38f268dcd1e79b26228035e2dff3147dc4fd	30203
raw	zone_wide_two_doors_final_v3/robots/r3/rgb/00244.png	bdede58c014f416eef35022e222e38f268dcd1e79b26228035e2dff3147dc4fd	30203
raw	zone_wide_two_doors_final_v3/robots/r3/rgb/00245.png	bdede58c014f416eef35022e222e38f268dcd1e79b26228035e2dff3147dc4fd	30203
raw	zone_wide_two_doors_final_v3/robots/r3/rgb/00246.png	bdede58c014f416eef35022e222e38f268dcd1e79b26228035e2dff3147dc4fd	30203
raw	zone_wide_two_doors_final_v3/robots/r3/rgb/00247.png	bdede58c014f416eef35022e222e38f268dcd1e79b26228035e2dff3147dc4fd	30203
raw	zone_wide_two_doors_final_v3/robots/r3/rgb/00248.png	bdede58c014f416eef35022e222e38f268dcd1e79b26228035e2dff3147dc4fd	30203
raw	zone_wide_two_doors_final_v3/robots/r3/rgb/00249.png	bdede58c014f416eef35022e222e38f268dcd1e79b26228035e2dff3147dc4fd	30203
raw	zone_wide_two_doors_final_v3/robots/r3/rgb/00250.png	bdede58c014f416eef35022e222e38f268dcd1e79b26228035e2dff3147dc4fd	30203
raw	zone_wide_two_doors_final_v3/robots/r3/rgb/00251.png	bdede58c014f416eef35022e222e38f268dcd1e79b26228035e2dff3147dc4fd	30203
raw	zone_wide_two_doors_final_v3/robots/r3/rgb/00252.png	bdede58c014f416eef35022e222e38f268dcd1e79b26228035e2dff3147dc4fd	30203
raw	zone_wide_two_doors_final_v3/robots/r3/rgb/00253.png	bdede58c014f416eef35022e222e38f268dcd1e79b26228035e2dff3147dc4fd	30203
raw	zone_wide_two_doors_final_v3/robots/r3/rgb/00254.png	bdede58c014f416eef35022e222e38f268dcd1e79b26228035e2dff3147dc4fd	30203
raw	zone_wide_two_doors_final_v3/robots/r3/rgb/00255.png	bdede58c014f416eef35022e222e38f268dcd1e79b26228035e2dff3147dc4fd	30203
raw	zone_wide_two_doors_final_v3/robots/r3/rgb/00256.png	bdede58c014f416eef35022e222e38f268dcd1e79b26228035e2dff3147dc4fd	30203
raw	zone_wide_two_doors_final_v3/robots/r3/rgb/00257.png	bdede58c014f416eef35022e222e38f268dcd1e79b26228035e2dff3147dc4fd	30203
raw	zone_wide_two_doors_final_v3/robots/r3/rgb/00258.png	bdede58c014f416eef35022e222e38f268dcd1e79b26228035e2dff3147dc4fd	30203
raw	zone_wide_two_doors_final_v3/robots/r3/rgb/00259.png	bdede58c014f416eef35022e222e38f268dcd1e79b26228035e2dff3147dc4fd	30203
raw	zone_wide_two_doors_final_v3/robots/r3/rgb/00260.png	bdede58c014f416eef35022e222e38f268dcd1e79b26228035e2dff3147dc4fd	30203
raw	zone_wide_two_doors_final_v3/robots/r3/rgb/00261.png	bdede58c014f416eef35022e222e38f268dcd1e79b26228035e2dff3147dc4fd	30203
raw	zone_wide_two_doors_final_v3/robots/r3/rgb/00262.png	bdede58c014f416eef35022e222e38f268dcd1e79b26228035e2dff3147dc4fd	30203
raw	zone_wide_two_doors_final_v3/robots/r3/rgb/00263.png	bdede58c014f416eef35022e222e38f268dcd1e79b26228035e2dff3147dc4fd	30203
raw	zone_wide_two_doors_final_v3/robots/r3/rgb/00264.png	bdede58c014f416eef35022e222e38f268dcd1e79b26228035e2dff3147dc4fd	30203
raw	zone_wide_two_doors_final_v3/robots/r3/rgb/00265.png	bdede58c014f416eef35022e222e38f268dcd1e79b26228035e2dff3147dc4fd	30203
raw	zone_wide_two_doors_final_v3/robots/r3/rgb/00266.png	bdede58c014f416eef35022e222e38f268dcd1e79b26228035e2dff3147dc4fd	30203
raw	zone_wide_two_doors_final_v3/robots/r3/rgb/00267.png	bdede58c014f416eef35022e222e38f268dcd1e79b26228035e2dff3147dc4fd	30203
raw	zone_wide_two_doors_final_v3/robots/r3/rgb/00268.png	bdede58c014f416eef35022e222e38f268dcd1e79b26228035e2dff3147dc4fd	30203
raw	zone_wide_two_doors_final_v3/robots/r3/rgb/00269.png	bdede58c014f416eef35022e222e38f268dcd1e79b26228035e2dff3147dc4fd	30203
raw	zone_wide_two_doors_final_v3/robots/r3/rgb/00270.png	bdede58c014f416eef35022e222e38f268dcd1e79b26228035e2dff3147dc4fd	30203
raw	zone_wide_two_doors_final_v3/robots/r3/rgb/00271.png	bdede58c014f416eef35022e222e38f268dcd1e79b26228035e2dff3147dc4fd	30203
raw	zone_wide_two_doors_final_v3/robots/r3/rgb/00272.png	bdede58c014f416eef35022e222e38f268dcd1e79b26228035e2dff3147dc4fd	30203
raw	zone_wide_two_doors_final_v3/robots/r3/rgb/00273.png	bdede58c014f416eef35022e222e38f268dcd1e79b26228035e2dff3147dc4fd	30203
raw	zone_wide_two_doors_final_v3/robots/r3/rgb/00274.png	bdede58c014f416eef35022e222e38f268dcd1e79b26228035e2dff3147dc4fd	30203
raw	zone_wide_two_doors_final_v3/robots/r3/rgb/00275.png	bdede58c014f416eef35022e222e38f268dcd1e79b26228035e2dff3147dc4fd	30203
raw	zone_wide_two_doors_final_v3/robots/r3/rgb/00276.png	bdede58c014f416eef35022e222e38f268dcd1e79b26228035e2dff3147dc4fd	30203
raw	zone_wide_two_doors_final_v3/robots/r3/rgb/00277.png	bdede58c014f416eef35022e222e38f268dcd1e79b26228035e2dff3147dc4fd	30203
raw	zone_wide_two_doors_final_v3/robots/r3/rgb/00278.png	bdede58c014f416eef35022e222e38f268dcd1e79b26228035e2dff3147dc4fd	30203
raw	zone_wide_two_doors_final_v3/robots/r3/rgb/00279.png	bdede58c014f416eef35022e222e38f268dcd1e79b26228035e2dff3147dc4fd	30203
raw	zone_wide_two_doors_final_v3/robots/r3/rgb/00280.png	bdede58c014f416eef35022e222e38f268dcd1e79b26228035e2dff3147dc4fd	30203
raw	zone_wide_two_doors_final_v3/robots/r3/rgb/00281.png	bdede58c014f416eef35022e222e38f268dcd1e79b26228035e2dff3147dc4fd	30203
raw	zone_wide_two_doors_final_v3/robots/r3/rgb/00282.png	bdede58c014f416eef35022e222e38f268dcd1e79b26228035e2dff3147dc4fd	30203
raw	zone_wide_two_doors_final_v3/robots/r3/rgb/00283.png	bdede58c014f416eef35022e222e38f268dcd1e79b26228035e2dff3147dc4fd	30203
raw	zone_wide_two_doors_final_v3/robots/r3/rgb/00284.png	bdede58c014f416eef35022e222e38f268dcd1e79b26228035e2dff3147dc4fd	30203
raw	zone_wide_two_doors_final_v3/robots/r3/rgb/00285.png	bdede58c014f416eef35022e222e38f268dcd1e79b26228035e2dff3147dc4fd	30203
raw	zone_wide_two_doors_final_v3/robots/r3/rgb/00286.png	bdede58c014f416eef35022e222e38f268dcd1e79b26228035e2dff3147dc4fd	30203
raw	zone_wide_two_doors_final_v3/robots/r3/rgb/00287.png	bdede58c014f416eef35022e222e38f268dcd1e79b26228035e2dff3147dc4fd	30203
raw	zone_wide_two_doors_final_v3/robots/r3/rgb/00288.png	bdede58c014f416eef35022e222e38f268dcd1e79b26228035e2dff3147dc4fd	30203
raw	zone_wide_two_doors_final_v3/robots/r3/rgb/00289.png	bdede58c014f416eef35022e222e38f268dcd1e79b26228035e2dff3147dc4fd	30203
raw	zone_wide_two_doors_final_v3/robots/r3/rgb/00290.png	bdede58c014f416eef35022e222e38f268dcd1e79b26228035e2dff3147dc4fd	30203
raw	zone_wide_two_doors_final_v3/robots/r3/rgb/00291.png	bdede58c014f416eef35022e222e38f268dcd1e79b26228035e2dff3147dc4fd	30203
raw	zone_wide_two_doors_final_v3/robots/r3/rgb/00292.png	bdede58c014f416eef35022e222e38f268dcd1e79b26228035e2dff3147dc4fd	30203
raw	zone_wide_two_doors_final_v3/robots/r3/rgb/00293.png	bdede58c014f416eef35022e222e38f268dcd1e79b26228035e2dff3147dc4fd	30203
raw	zone_wide_two_doors_final_v3/robots/r3/rgb/00294.png	bdede58c014f416eef35022e222e38f268dcd1e79b26228035e2dff3147dc4fd	30203
raw	zone_wide_two_doors_final_v3/robots/r3/rgb/00295.png	bdede58c014f416eef35022e222e38f268dcd1e79b26228035e2dff3147dc4fd	30203
raw	zone_wide_two_doors_final_v3/robots/r3/rgb/00296.png	bdede58c014f416eef35022e222e38f268dcd1e79b26228035e2dff3147dc4fd	30203
raw	zone_wide_two_doors_final_v3/robots/r3/rgb/00297.png	bdede58c014f416eef35022e222e38f268dcd1e79b26228035e2dff3147dc4fd	30203
raw	zone_wide_two_doors_final_v3/robots/r3/rgb/00298.png	bdede58c014f416eef35022e222e38f268dcd1e79b26228035e2dff3147dc4fd	30203
raw	zone_wide_two_doors_final_v3/robots/r3/rgb/00299.png	bdede58c014f416eef35022e222e38f268dcd1e79b26228035e2dff3147dc4fd	30203
raw	zone_wide_two_doors_final_v3/robots/r3/rgb/00300.png	bdede58c014f416eef35022e222e38f268dcd1e79b26228035e2dff3147dc4fd	30203
raw	zone_wide_two_doors_final_v3/robots/r3/rgb/00301.png	bdede58c014f416eef35022e222e38f268dcd1e79b26228035e2dff3147dc4fd	30203
raw	zone_wide_two_doors_final_v3/robots/r3/rgb/00302.png	bdede58c014f416eef35022e222e38f268dcd1e79b26228035e2dff3147dc4fd	30203
raw	zone_wide_two_doors_final_v3/robots/r3/rgb/00303.png	bdede58c014f416eef35022e222e38f268dcd1e79b26228035e2dff3147dc4fd	30203
raw	zone_wide_two_doors_final_v3/robots/r3/rgb/00304.png	bdede58c014f416eef35022e222e38f268dcd1e79b26228035e2dff3147dc4fd	30203
raw	zone_wide_two_doors_final_v3/robots/r3/rgb/00305.png	bdede58c014f416eef35022e222e38f268dcd1e79b26228035e2dff3147dc4fd	30203
raw	zone_wide_two_doors_final_v3/robots/r3/rgb/00306.png	bdede58c014f416eef35022e222e38f268dcd1e79b26228035e2dff3147dc4fd	30203
raw	zone_wide_two_doors_final_v3/robots/r3/rgb/00307.png	bdede58c014f416eef35022e222e38f268dcd1e79b26228035e2dff3147dc4fd	30203
raw	zone_wide_two_doors_final_v3/robots/r3/rgb/00308.png	bdede58c014f416eef35022e222e38f268dcd1e79b26228035e2dff3147dc4fd	30203
raw	zone_wide_two_doors_final_v3/robots/r3/rgb/00309.png	bdede58c014f416eef35022e222e38f268dcd1e79b26228035e2dff3147dc4fd	30203
raw	zone_wide_two_doors_final_v3/robots/r3/rgb/00310.png	bdede58c014f416eef35022e222e38f268dcd1e79b26228035e2dff3147dc4fd	30203
raw	zone_wide_two_doors_final_v3/robots/r3/rgb/00311.png	bdede58c014f416eef35022e222e38f268dcd1e79b26228035e2dff3147dc4fd	30203
raw	zone_wide_two_doors_final_v3/robots/r3/rgb/00312.png	bdede58c014f416eef35022e222e38f268dcd1e79b26228035e2dff3147dc4fd	30203
raw	zone_wide_two_doors_final_v3/robots/r3/rgb/00313.png	bdede58c014f416eef35022e222e38f268dcd1e79b26228035e2dff3147dc4fd	30203
raw	zone_wide_two_doors_final_v3/robots/r3/rgb/00314.png	bdede58c014f416eef35022e222e38f268dcd1e79b26228035e2dff3147dc4fd	30203
raw	zone_wide_two_doors_final_v3/robots/r3/rgb/00315.png	bdede58c014f416eef35022e222e38f268dcd1e79b26228035e2dff3147dc4fd	30203
raw	zone_wide_two_doors_final_v3/robots/r3/rgb/00316.png	bdede58c014f416eef35022e222e38f268dcd1e79b26228035e2dff3147dc4fd	30203
raw	zone_wide_two_doors_final_v3/robots/r3/rgb/00317.png	bdede58c014f416eef35022e222e38f268dcd1e79b26228035e2dff3147dc4fd	30203
raw	zone_wide_two_doors_final_v3/robots/r3/rgb/00318.png	bdede58c014f416eef35022e222e38f268dcd1e79b26228035e2dff3147dc4fd	30203
raw	zone_wide_two_doors_final_v3/robots/r3/rgb/00319.png	bdede58c014f416eef35022e222e38f268dcd1e79b26228035e2dff3147dc4fd	30203
raw	zone_wide_two_doors_final_v3/robots/r3/rgb/00320.png	bdede58c014f416eef35022e222e38f268dcd1e79b26228035e2dff3147dc4fd	30203
raw	zone_wide_two_doors_final_v3/robots/r3/rgb/00321.png	bdede58c014f416eef35022e222e38f268dcd1e79b26228035e2dff3147dc4fd	30203
raw	zone_wide_two_doors_final_v3/robots/r3/rgb/00322.png	bdede58c014f416eef35022e222e38f268dcd1e79b26228035e2dff3147dc4fd	30203
raw	zone_wide_two_doors_final_v3/robots/r3/rgb/00323.png	bdede58c014f416eef35022e222e38f268dcd1e79b26228035e2dff3147dc4fd	30203
raw	zone_wide_two_doors_final_v3/robots/r3/rgb/00324.png	bdede58c014f416eef35022e222e38f268dcd1e79b26228035e2dff3147dc4fd	30203
raw	zone_wide_two_doors_final_v3/robots/r3/rgb/00325.png	bdede58c014f416eef35022e222e38f268dcd1e79b26228035e2dff3147dc4fd	30203
raw	zone_wide_two_doors_final_v3/robots/r3/rgb/00326.png	bdede58c014f416eef35022e222e38f268dcd1e79b26228035e2dff3147dc4fd	30203
raw	zone_wide_two_doors_final_v3/robots/r3/rgb/00327.png	bdede58c014f416eef35022e222e38f268dcd1e79b26228035e2dff3147dc4fd	30203
raw	zone_wide_two_doors_final_v3/robots/r3/rgb/00328.png	bdede58c014f416eef35022e222e38f268dcd1e79b26228035e2dff3147dc4fd	30203
raw	zone_wide_two_doors_final_v3/robots/r3/rgb/00329.png	bdede58c014f416eef35022e222e38f268dcd1e79b26228035e2dff3147dc4fd	30203
raw	zone_wide_two_doors_final_v3/robots/r3/rgb/00330.png	bdede58c014f416eef35022e222e38f268dcd1e79b26228035e2dff3147dc4fd	30203
raw	zone_wide_two_doors_final_v3/robots/r3/rgb/00331.png	bdede58c014f416eef35022e222e38f268dcd1e79b26228035e2dff3147dc4fd	30203
raw	zone_wide_two_doors_final_v3/robots/r3/rgb/00332.png	bdede58c014f416eef35022e222e38f268dcd1e79b26228035e2dff3147dc4fd	30203
raw	zone_wide_two_doors_final_v3/robots/r3/rgb/00333.png	bdede58c014f416eef35022e222e38f268dcd1e79b26228035e2dff3147dc4fd	30203
raw	zone_wide_two_doors_final_v3/robots/r3/rgb/00334.png	bdede58c014f416eef35022e222e38f268dcd1e79b26228035e2dff3147dc4fd	30203
raw	zone_wide_two_doors_final_v3/robots/r3/rgb/00335.png	bdede58c014f416eef35022e222e38f268dcd1e79b26228035e2dff3147dc4fd	30203
raw	zone_wide_two_doors_final_v3/robots/r3/rgb/00336.png	bdede58c014f416eef35022e222e38f268dcd1e79b26228035e2dff3147dc4fd	30203
raw	zone_wide_two_doors_final_v3/robots/r3/rgb/00337.png	bdede58c014f416eef35022e222e38f268dcd1e79b26228035e2dff3147dc4fd	30203
raw	zone_wide_two_doors_final_v3/robots/r3/rgb/00338.png	bdede58c014f416eef35022e222e38f268dcd1e79b26228035e2dff3147dc4fd	30203
raw	zone_wide_two_doors_final_v3/robots/r3/rgb/00339.png	bdede58c014f416eef35022e222e38f268dcd1e79b26228035e2dff3147dc4fd	30203
raw	zone_wide_two_doors_final_v3/robots/r3/rgb/00340.png	bdede58c014f416eef35022e222e38f268dcd1e79b26228035e2dff3147dc4fd	30203
raw	zone_wide_two_doors_final_v3/robots/r3/rgb/00341.png	bdede58c014f416eef35022e222e38f268dcd1e79b26228035e2dff3147dc4fd	30203
raw	zone_wide_two_doors_final_v3/robots/r3/rgb/00342.png	bdede58c014f416eef35022e222e38f268dcd1e79b26228035e2dff3147dc4fd	30203
raw	zone_wide_two_doors_final_v3/robots/r3/rgb/00343.png	bdede58c014f416eef35022e222e38f268dcd1e79b26228035e2dff3147dc4fd	30203
raw	zone_wide_two_doors_final_v3/robots/r3/rgb/00344.png	bdede58c014f416eef35022e222e38f268dcd1e79b26228035e2dff3147dc4fd	30203
raw	zone_wide_two_doors_final_v3/robots/r3/rgb/00345.png	bdede58c014f416eef35022e222e38f268dcd1e79b26228035e2dff3147dc4fd	30203
raw	zone_wide_two_doors_final_v3/robots/r3/rgb/00346.png	bdede58c014f416eef35022e222e38f268dcd1e79b26228035e2dff3147dc4fd	30203
raw	zone_wide_two_doors_final_v3/robots/r3/rgb/00347.png	bdede58c014f416eef35022e222e38f268dcd1e79b26228035e2dff3147dc4fd	30203
raw	zone_wide_two_doors_final_v3/robots/r3/rgb/00348.png	bdede58c014f416eef35022e222e38f268dcd1e79b26228035e2dff3147dc4fd	30203
raw	zone_wide_two_doors_final_v3/robots/r3/rgb/00349.png	bdede58c014f416eef35022e222e38f268dcd1e79b26228035e2dff3147dc4fd	30203
raw	zone_wide_two_doors_final_v3/robots/r3/rgb/00350.png	bdede58c014f416eef35022e222e38f268dcd1e79b26228035e2dff3147dc4fd	30203
raw	zone_wide_two_doors_final_v3/robots/r3/rgb/00351.png	bdede58c014f416eef35022e222e38f268dcd1e79b26228035e2dff3147dc4fd	30203
raw	zone_wide_two_doors_final_v3/robots/r3/rgb/00352.png	bdede58c014f416eef35022e222e38f268dcd1e79b26228035e2dff3147dc4fd	30203
raw	zone_wide_two_doors_final_v3/robots/r3/rgb/00353.png	bdede58c014f416eef35022e222e38f268dcd1e79b26228035e2dff3147dc4fd	30203
raw	zone_wide_two_doors_final_v3/robots/r3/rgb/00354.png	bdede58c014f416eef35022e222e38f268dcd1e79b26228035e2dff3147dc4fd	30203
raw	zone_wide_two_doors_final_v3/robots/r3/rgb/00355.png	bdede58c014f416eef35022e222e38f268dcd1e79b26228035e2dff3147dc4fd	30203
raw	zone_wide_two_doors_final_v3/robots/r3/rgb/00356.png	bdede58c014f416eef35022e222e38f268dcd1e79b26228035e2dff3147dc4fd	30203
raw	zone_wide_two_doors_final_v3/robots/r3/rgb/00357.png	bdede58c014f416eef35022e222e38f268dcd1e79b26228035e2dff3147dc4fd	30203
raw	zone_wide_two_doors_final_v3/robots/r3/rgb/00358.png	bdede58c014f416eef35022e222e38f268dcd1e79b26228035e2dff3147dc4fd	30203
raw	zone_wide_two_doors_final_v3/robots/r3/rgb/00359.png	bdede58c014f416eef35022e222e38f268dcd1e79b26228035e2dff3147dc4fd	30203
raw	zone_wide_two_doors_final_v3/robots/r3/rgb/00360.png	bdede58c014f416eef35022e222e38f268dcd1e79b26228035e2dff3147dc4fd	30203
raw	zone_wide_two_doors_final_v3/robots/r3/rgb/00361.png	bdede58c014f416eef35022e222e38f268dcd1e79b26228035e2dff3147dc4fd	30203
raw	zone_wide_two_doors_final_v3/robots/r3/rgb/00362.png	bdede58c014f416eef35022e222e38f268dcd1e79b26228035e2dff3147dc4fd	30203
raw	zone_wide_two_doors_final_v3/robots/r3/rgb/00363.png	bdede58c014f416eef35022e222e38f268dcd1e79b26228035e2dff3147dc4fd	30203
raw	zone_wide_two_doors_final_v3/robots/r3/rgb/00364.png	bdede58c014f416eef35022e222e38f268dcd1e79b26228035e2dff3147dc4fd	30203
raw	zone_wide_two_doors_final_v3/robots/r3/rgb/00365.png	bdede58c014f416eef35022e222e38f268dcd1e79b26228035e2dff3147dc4fd	30203
raw	zone_wide_two_doors_final_v3/robots/r3/rgb/00366.png	bdede58c014f416eef35022e222e38f268dcd1e79b26228035e2dff3147dc4fd	30203
raw	zone_wide_two_doors_final_v3/robots/r3/rgb/00367.png	bdede58c014f416eef35022e222e38f268dcd1e79b26228035e2dff3147dc4fd	30203
raw	zone_wide_two_doors_final_v3/robots/r3/rgb/00368.png	bdede58c014f416eef35022e222e38f268dcd1e79b26228035e2dff3147dc4fd	30203
raw	zone_wide_two_doors_final_v3/robots/r3/rgb/00369.png	bdede58c014f416eef35022e222e38f268dcd1e79b26228035e2dff3147dc4fd	30203
raw	zone_wide_two_doors_final_v3/robots/r3/rgb/00370.png	bdede58c014f416eef35022e222e38f268dcd1e79b26228035e2dff3147dc4fd	30203
raw	zone_wide_two_doors_final_v3/robots/r3/rgb/00371.png	bdede58c014f416eef35022e222e38f268dcd1e79b26228035e2dff3147dc4fd	30203
raw	zone_wide_two_doors_final_v3/robots/r3/rgb/00372.png	bdede58c014f416eef35022e222e38f268dcd1e79b26228035e2dff3147dc4fd	30203
raw	zone_wide_two_doors_final_v3/robots/r3/rgb/00373.png	bdede58c014f416eef35022e222e38f268dcd1e79b26228035e2dff3147dc4fd	30203
raw	zone_wide_two_doors_final_v3/robots/r3/rgb/00374.png	bdede58c014f416eef35022e222e38f268dcd1e79b26228035e2dff3147dc4fd	30203
raw	zone_wide_two_doors_final_v3/robots/r3/rgb/00375.png	bdede58c014f416eef35022e222e38f268dcd1e79b26228035e2dff3147dc4fd	30203
raw	zone_wide_two_doors_final_v3/robots/r3/rgb/00376.png	bdede58c014f416eef35022e222e38f268dcd1e79b26228035e2dff3147dc4fd	30203
raw	zone_wide_two_doors_final_v3/robots/r3/rgb/00377.png	bdede58c014f416eef35022e222e38f268dcd1e79b26228035e2dff3147dc4fd	30203
raw	zone_wide_two_doors_final_v3/robots/r3/rgb/00378.png	bdede58c014f416eef35022e222e38f268dcd1e79b26228035e2dff3147dc4fd	30203
raw	zone_wide_two_doors_final_v3/robots/r3/rgb/00379.png	bdede58c014f416eef35022e222e38f268dcd1e79b26228035e2dff3147dc4fd	30203
raw	zone_wide_two_doors_final_v3/robots/r3/rgb/00380.png	bdede58c014f416eef35022e222e38f268dcd1e79b26228035e2dff3147dc4fd	30203
raw	zone_wide_two_doors_final_v3/robots/r3/rgb/00381.png	bdede58c014f416eef35022e222e38f268dcd1e79b26228035e2dff3147dc4fd	30203
raw	zone_wide_two_doors_final_v3/robots/r3/rgb/00382.png	bdede58c014f416eef35022e222e38f268dcd1e79b26228035e2dff3147dc4fd	30203
raw	zone_wide_two_doors_final_v3/robots/r3/rgb/00383.png	bdede58c014f416eef35022e222e38f268dcd1e79b26228035e2dff3147dc4fd	30203
raw	zone_wide_two_doors_final_v3/robots/r3/rgb/00384.png	bdede58c014f416eef35022e222e38f268dcd1e79b26228035e2dff3147dc4fd	30203
raw	zone_wide_two_doors_final_v3/robots/r3/rgb/00385.png	bdede58c014f416eef35022e222e38f268dcd1e79b26228035e2dff3147dc4fd	30203
raw	zone_wide_two_doors_final_v3/robots/r3/rgb/00386.png	bdede58c014f416eef35022e222e38f268dcd1e79b26228035e2dff3147dc4fd	30203
raw	zone_wide_two_doors_final_v3/robots/r3/rgb/00387.png	bdede58c014f416eef35022e222e38f268dcd1e79b26228035e2dff3147dc4fd	30203
raw	zone_wide_two_doors_final_v3/robots/r3/rgb/00388.png	bdede58c014f416eef35022e222e38f268dcd1e79b26228035e2dff3147dc4fd	30203
raw	zone_wide_two_doors_final_v3/robots/r3/rgb/00389.png	bdede58c014f416eef35022e222e38f268dcd1e79b26228035e2dff3147dc4fd	30203
raw	zone_wide_two_doors_final_v3/robots/r3/rgb/00390.png	bdede58c014f416eef35022e222e38f268dcd1e79b26228035e2dff3147dc4fd	30203
raw	zone_wide_two_doors_final_v3/robots/r3/rgb/00391.png	bdede58c014f416eef35022e222e38f268dcd1e79b26228035e2dff3147dc4fd	30203
raw	zone_wide_two_doors_final_v3/robots/r3/rgb/00392.png	bdede58c014f416eef35022e222e38f268dcd1e79b26228035e2dff3147dc4fd	30203
raw	zone_wide_two_doors_final_v3/robots/r3/rgb/00393.png	bdede58c014f416eef35022e222e38f268dcd1e79b26228035e2dff3147dc4fd	30203
raw	zone_wide_two_doors_final_v3/robots/r3/rgb/00394.png	bdede58c014f416eef35022e222e38f268dcd1e79b26228035e2dff3147dc4fd	30203
raw	zone_wide_two_doors_final_v3/robots/r3/rgb/00395.png	bdede58c014f416eef35022e222e38f268dcd1e79b26228035e2dff3147dc4fd	30203
raw	zone_wide_two_doors_final_v3/robots/r3/rgb/00396.png	bdede58c014f416eef35022e222e38f268dcd1e79b26228035e2dff3147dc4fd	30203
raw	zone_wide_two_doors_final_v3/robots/r3/rgb/00397.png	bdede58c014f416eef35022e222e38f268dcd1e79b26228035e2dff3147dc4fd	30203
raw	zone_wide_two_doors_final_v3/robots/r3/rgb/00398.png	bdede58c014f416eef35022e222e38f268dcd1e79b26228035e2dff3147dc4fd	30203
raw	zone_wide_two_doors_final_v3/robots/r3/rgb/00399.png	bdede58c014f416eef35022e222e38f268dcd1e79b26228035e2dff3147dc4fd	30203
raw	zone_wide_two_doors_final_v3/robots/r3/rgb/00400.png	bdede58c014f416eef35022e222e38f268dcd1e79b26228035e2dff3147dc4fd	30203
raw	zone_wide_two_doors_final_v3/robots/r3/rgb/00401.png	bdede58c014f416eef35022e222e38f268dcd1e79b26228035e2dff3147dc4fd	30203
raw	zone_wide_two_doors_final_v3/robots/r3/rgb/00402.png	bdede58c014f416eef35022e222e38f268dcd1e79b26228035e2dff3147dc4fd	30203
raw	zone_wide_two_doors_final_v3/robots/r3/rgb/00403.png	bdede58c014f416eef35022e222e38f268dcd1e79b26228035e2dff3147dc4fd	30203
raw	zone_wide_two_doors_final_v3/robots/r3/rgb/00404.png	bdede58c014f416eef35022e222e38f268dcd1e79b26228035e2dff3147dc4fd	30203
raw	zone_wide_two_doors_final_v3/robots/r3/rgb/00405.png	bdede58c014f416eef35022e222e38f268dcd1e79b26228035e2dff3147dc4fd	30203
raw	zone_wide_two_doors_final_v3/robots/r3/rgb/00406.png	bdede58c014f416eef35022e222e38f268dcd1e79b26228035e2dff3147dc4fd	30203
raw	zone_wide_two_doors_final_v3/robots/r3/rgb/00407.png	bdede58c014f416eef35022e222e38f268dcd1e79b26228035e2dff3147dc4fd	30203
raw	zone_wide_two_doors_final_v3/robots/r3/rgb/00408.png	bdede58c014f416eef35022e222e38f268dcd1e79b26228035e2dff3147dc4fd	30203
raw	zone_wide_two_doors_final_v3/robots/r3/rgb/00409.png	bdede58c014f416eef35022e222e38f268dcd1e79b26228035e2dff3147dc4fd	30203
raw	zone_wide_two_doors_final_v3/robots/r3/rgb/00410.png	bdede58c014f416eef35022e222e38f268dcd1e79b26228035e2dff3147dc4fd	30203
raw	zone_wide_two_doors_final_v3/robots/r3/rgb/00411.png	bdede58c014f416eef35022e222e38f268dcd1e79b26228035e2dff3147dc4fd	30203
raw	zone_wide_two_doors_final_v3/robots/r3/rgb/00412.png	bdede58c014f416eef35022e222e38f268dcd1e79b26228035e2dff3147dc4fd	30203
raw	zone_wide_two_doors_final_v3/robots/r3/rgb/00413.png	bdede58c014f416eef35022e222e38f268dcd1e79b26228035e2dff3147dc4fd	30203
raw	zone_wide_two_doors_final_v3/robots/r3/rgb/00414.png	bdede58c014f416eef35022e222e38f268dcd1e79b26228035e2dff3147dc4fd	30203
raw	zone_wide_two_doors_final_v3/robots/r3/rgb/00415.png	bdede58c014f416eef35022e222e38f268dcd1e79b26228035e2dff3147dc4fd	30203
raw	zone_wide_two_doors_final_v3/robots/r3/rgb/00416.png	bdede58c014f416eef35022e222e38f268dcd1e79b26228035e2dff3147dc4fd	30203
raw	zone_wide_two_doors_final_v3/robots/r3/rgb/00417.png	bdede58c014f416eef35022e222e38f268dcd1e79b26228035e2dff3147dc4fd	30203
raw	zone_wide_two_doors_final_v3/robots/r3/rgb/00418.png	bdede58c014f416eef35022e222e38f268dcd1e79b26228035e2dff3147dc4fd	30203
raw	zone_wide_two_doors_final_v3/robots/r3/rgb/00419.png	bdede58c014f416eef35022e222e38f268dcd1e79b26228035e2dff3147dc4fd	30203
raw	zone_wide_two_doors_final_v3/robots/r3/rgb/00420.png	bdede58c014f416eef35022e222e38f268dcd1e79b26228035e2dff3147dc4fd	30203
raw	zone_wide_two_doors_final_v3/robots/r3/rgb/00421.png	bdede58c014f416eef35022e222e38f268dcd1e79b26228035e2dff3147dc4fd	30203
raw	zone_wide_two_doors_final_v3/robots/r3/rgb/00422.png	bdede58c014f416eef35022e222e38f268dcd1e79b26228035e2dff3147dc4fd	30203
raw	zone_wide_two_doors_final_v3/robots/r3/rgb/00423.png	bdede58c014f416eef35022e222e38f268dcd1e79b26228035e2dff3147dc4fd	30203
raw	zone_wide_two_doors_final_v3/robots/r3/rgb/00424.png	bdede58c014f416eef35022e222e38f268dcd1e79b26228035e2dff3147dc4fd	30203
raw	zone_wide_two_doors_final_v3/robots/r3/rgb/00425.png	bdede58c014f416eef35022e222e38f268dcd1e79b26228035e2dff3147dc4fd	30203
raw	zone_wide_two_doors_final_v3/robots/r3/rgb/00426.png	bdede58c014f416eef35022e222e38f268dcd1e79b26228035e2dff3147dc4fd	30203
raw	zone_wide_two_doors_final_v3/robots/r3/rgb/00427.png	bdede58c014f416eef35022e222e38f268dcd1e79b26228035e2dff3147dc4fd	30203
raw	zone_wide_two_doors_final_v3/robots/r3/rgb/00428.png	bdede58c014f416eef35022e222e38f268dcd1e79b26228035e2dff3147dc4fd	30203
raw	zone_wide_two_doors_final_v3/robots/r3/rgb/00429.png	bdede58c014f416eef35022e222e38f268dcd1e79b26228035e2dff3147dc4fd	30203
raw	zone_wide_two_doors_final_v3/robots/r3/rgb/00430.png	bdede58c014f416eef35022e222e38f268dcd1e79b26228035e2dff3147dc4fd	30203
raw	zone_wide_two_doors_final_v3/robots/r3/rgb/00431.png	bdede58c014f416eef35022e222e38f268dcd1e79b26228035e2dff3147dc4fd	30203
raw	zone_wide_two_doors_final_v3/robots/r3/rgb/00432.png	bdede58c014f416eef35022e222e38f268dcd1e79b26228035e2dff3147dc4fd	30203
raw	zone_wide_two_doors_final_v3/robots/r3/rgb/00433.png	bdede58c014f416eef35022e222e38f268dcd1e79b26228035e2dff3147dc4fd	30203
raw	zone_wide_two_doors_final_v3/robots/r3/rgb/00434.png	bdede58c014f416eef35022e222e38f268dcd1e79b26228035e2dff3147dc4fd	30203
raw	zone_wide_two_doors_final_v3/robots/r3/rgb/00435.png	bdede58c014f416eef35022e222e38f268dcd1e79b26228035e2dff3147dc4fd	30203
raw	zone_wide_two_doors_final_v3/robots/r3/rgb/00436.png	bdede58c014f416eef35022e222e38f268dcd1e79b26228035e2dff3147dc4fd	30203
raw	zone_wide_two_doors_final_v3/robots/r3/rgb/00437.png	bdede58c014f416eef35022e222e38f268dcd1e79b26228035e2dff3147dc4fd	30203
raw	zone_wide_two_doors_final_v3/robots/r3/rgb/00438.png	bdede58c014f416eef35022e222e38f268dcd1e79b26228035e2dff3147dc4fd	30203
raw	zone_wide_two_doors_final_v3/robots/r3/rgb/00439.png	bdede58c014f416eef35022e222e38f268dcd1e79b26228035e2dff3147dc4fd	30203
raw	zone_wide_two_doors_final_v3/robots/r3/rgb/00440.png	bdede58c014f416eef35022e222e38f268dcd1e79b26228035e2dff3147dc4fd	30203
raw	zone_wide_two_doors_final_v3/robots/r3/rgb/00441.png	bdede58c014f416eef35022e222e38f268dcd1e79b26228035e2dff3147dc4fd	30203
raw	zone_wide_two_doors_final_v3/robots/r3/rgb/00442.png	bdede58c014f416eef35022e222e38f268dcd1e79b26228035e2dff3147dc4fd	30203
raw	zone_wide_two_doors_final_v3/robots/r3/rgb/00443.png	bdede58c014f416eef35022e222e38f268dcd1e79b26228035e2dff3147dc4fd	30203
raw	zone_wide_two_doors_final_v3/robots/r3/rgb/00444.png	bdede58c014f416eef35022e222e38f268dcd1e79b26228035e2dff3147dc4fd	30203
raw	zone_wide_two_doors_final_v3/robots/r3/rgb/00445.png	bdede58c014f416eef35022e222e38f268dcd1e79b26228035e2dff3147dc4fd	30203
raw	zone_wide_two_doors_final_v3/robots/r3/rgb/00446.png	bdede58c014f416eef35022e222e38f268dcd1e79b26228035e2dff3147dc4fd	30203
raw	zone_wide_two_doors_final_v3/robots/r3/rgb/00447.png	bdede58c014f416eef35022e222e38f268dcd1e79b26228035e2dff3147dc4fd	30203
raw	zone_wide_two_doors_final_v3/robots/r3/rgb/00448.png	bdede58c014f416eef35022e222e38f268dcd1e79b26228035e2dff3147dc4fd	30203
raw	zone_wide_two_doors_final_v3/robots/r3/rgb/00449.png	bdede58c014f416eef35022e222e38f268dcd1e79b26228035e2dff3147dc4fd	30203
raw	zone_wide_two_doors_final_v3/robots/r3/rgb/00450.png	bdede58c014f416eef35022e222e38f268dcd1e79b26228035e2dff3147dc4fd	30203
raw	zone_wide_two_doors_final_v3/robots/r3/rgb/00451.png	bdede58c014f416eef35022e222e38f268dcd1e79b26228035e2dff3147dc4fd	30203
raw	zone_wide_two_doors_final_v3/robots/r3/rgb/00452.png	bdede58c014f416eef35022e222e38f268dcd1e79b26228035e2dff3147dc4fd	30203
raw	zone_wide_two_doors_final_v3/robots/r3/rgb/00453.png	bdede58c014f416eef35022e222e38f268dcd1e79b26228035e2dff3147dc4fd	30203
raw	zone_wide_two_doors_final_v3/robots/r3/rgb/00454.png	bdede58c014f416eef35022e222e38f268dcd1e79b26228035e2dff3147dc4fd	30203
raw	zone_wide_two_doors_final_v3/robots/r3/rgb/00455.png	bdede58c014f416eef35022e222e38f268dcd1e79b26228035e2dff3147dc4fd	30203
raw	zone_wide_two_doors_final_v3/robots/r3/rgb/00456.png	bdede58c014f416eef35022e222e38f268dcd1e79b26228035e2dff3147dc4fd	30203
raw	zone_wide_two_doors_final_v3/robots/r3/rgb/00457.png	bdede58c014f416eef35022e222e38f268dcd1e79b26228035e2dff3147dc4fd	30203
raw	zone_wide_two_doors_final_v3/robots/r3/rgb/00458.png	bdede58c014f416eef35022e222e38f268dcd1e79b26228035e2dff3147dc4fd	30203
raw	zone_wide_two_doors_final_v3/robots/r3/rgb/00459.png	bdede58c014f416eef35022e222e38f268dcd1e79b26228035e2dff3147dc4fd	30203
raw	zone_wide_two_doors_final_v3/robots/r3/rgb/00460.png	bdede58c014f416eef35022e222e38f268dcd1e79b26228035e2dff3147dc4fd	30203
raw	zone_wide_two_doors_final_v3/robots/r3/rgb/00461.png	bdede58c014f416eef35022e222e38f268dcd1e79b26228035e2dff3147dc4fd	30203
raw	zone_wide_two_doors_final_v3/robots/r3/rgb/00462.png	bdede58c014f416eef35022e222e38f268dcd1e79b26228035e2dff3147dc4fd	30203
raw	zone_wide_two_doors_final_v3/robots/r3/rgb/00463.png	bdede58c014f416eef35022e222e38f268dcd1e79b26228035e2dff3147dc4fd	30203
raw	zone_wide_two_doors_final_v3/robots/r3/rgb/00464.png	bdede58c014f416eef35022e222e38f268dcd1e79b26228035e2dff3147dc4fd	30203
raw	zone_wide_two_doors_final_v3/robots/r3/rgb/00465.png	bdede58c014f416eef35022e222e38f268dcd1e79b26228035e2dff3147dc4fd	30203
raw	zone_wide_two_doors_final_v3/robots/r3/rgb/00466.png	bdede58c014f416eef35022e222e38f268dcd1e79b26228035e2dff3147dc4fd	30203
raw	zone_wide_two_doors_final_v3/robots/r3/rgb/00467.png	bdede58c014f416eef35022e222e38f268dcd1e79b26228035e2dff3147dc4fd	30203
raw	zone_wide_two_doors_final_v3/robots/r3/rgb/00468.png	bdede58c014f416eef35022e222e38f268dcd1e79b26228035e2dff3147dc4fd	30203
raw	zone_wide_two_doors_final_v3/robots/r3/rgb/00469.png	bdede58c014f416eef35022e222e38f268dcd1e79b26228035e2dff3147dc4fd	30203
raw	zone_wide_two_doors_final_v3/robots/r3/rgb/00470.png	bdede58c014f416eef35022e222e38f268dcd1e79b26228035e2dff3147dc4fd	30203
raw	zone_wide_two_doors_final_v3/robots/r3/rgb/00471.png	bdede58c014f416eef35022e222e38f268dcd1e79b26228035e2dff3147dc4fd	30203
raw	zone_wide_two_doors_final_v3/robots/r3/rgb/00472.png	bdede58c014f416eef35022e222e38f268dcd1e79b26228035e2dff3147dc4fd	30203
raw	zone_wide_two_doors_final_v3/robots/r3/rgb/00473.png	bdede58c014f416eef35022e222e38f268dcd1e79b26228035e2dff3147dc4fd	30203
raw	zone_wide_two_doors_final_v3/robots/r3/rgb/00474.png	bdede58c014f416eef35022e222e38f268dcd1e79b26228035e2dff3147dc4fd	30203
raw	zone_wide_two_doors_final_v3/robots/r3/rgb/00475.png	bdede58c014f416eef35022e222e38f268dcd1e79b26228035e2dff3147dc4fd	30203
raw	zone_wide_two_doors_final_v3/robots/r3/rgb/00476.png	bdede58c014f416eef35022e222e38f268dcd1e79b26228035e2dff3147dc4fd	30203
raw	zone_wide_two_doors_final_v3/robots/r3/rgb/00477.png	bdede58c014f416eef35022e222e38f268dcd1e79b26228035e2dff3147dc4fd	30203
raw	zone_wide_two_doors_final_v3/robots/r3/rgb/00478.png	bdede58c014f416eef35022e222e38f268dcd1e79b26228035e2dff3147dc4fd	30203
raw	zone_wide_two_doors_final_v3/robots/r3/rgb/00479.png	bdede58c014f416eef35022e222e38f268dcd1e79b26228035e2dff3147dc4fd	30203
raw	zone_wide_two_doors_final_v3/robots/r3/rgb/00480.png	bdede58c014f416eef35022e222e38f268dcd1e79b26228035e2dff3147dc4fd	30203
raw	zone_wide_two_doors_final_v3/robots/r3/rgb/00481.png	bdede58c014f416eef35022e222e38f268dcd1e79b26228035e2dff3147dc4fd	30203
raw	zone_wide_two_doors_final_v3/robots/r3/rgb/00482.png	bdede58c014f416eef35022e222e38f268dcd1e79b26228035e2dff3147dc4fd	30203
raw	zone_wide_two_doors_final_v3/robots/r3/rgb/00483.png	bdede58c014f416eef35022e222e38f268dcd1e79b26228035e2dff3147dc4fd	30203
raw	zone_wide_two_doors_final_v3/robots/r3/rgb/00484.png	bdede58c014f416eef35022e222e38f268dcd1e79b26228035e2dff3147dc4fd	30203
raw	zone_wide_two_doors_final_v3/robots/r3/rgb/00485.png	bdede58c014f416eef35022e222e38f268dcd1e79b26228035e2dff3147dc4fd	30203
raw	zone_wide_two_doors_final_v3/robots/r3/rgb/00486.png	bdede58c014f416eef35022e222e38f268dcd1e79b26228035e2dff3147dc4fd	30203
raw	zone_wide_two_doors_final_v3/robots/r3/rgb/00487.png	bdede58c014f416eef35022e222e38f268dcd1e79b26228035e2dff3147dc4fd	30203
raw	zone_wide_two_doors_final_v3/robots/r3/rgb/00488.png	bdede58c014f416eef35022e222e38f268dcd1e79b26228035e2dff3147dc4fd	30203
raw	zone_wide_two_doors_final_v3/robots/r3/rgb/00489.png	bdede58c014f416eef35022e222e38f268dcd1e79b26228035e2dff3147dc4fd	30203
raw	zone_wide_two_doors_final_v3/robots/r3/rgb/00490.png	bdede58c014f416eef35022e222e38f268dcd1e79b26228035e2dff3147dc4fd	30203
raw	zone_wide_two_doors_final_v3/robots/r3/rgb/00491.png	bdede58c014f416eef35022e222e38f268dcd1e79b26228035e2dff3147dc4fd	30203
raw	zone_wide_two_doors_final_v3/robots/r3/rgb/00492.png	bdede58c014f416eef35022e222e38f268dcd1e79b26228035e2dff3147dc4fd	30203
raw	zone_wide_two_doors_final_v3/robots/r3/rgb/00493.png	bdede58c014f416eef35022e222e38f268dcd1e79b26228035e2dff3147dc4fd	30203
raw	zone_wide_two_doors_final_v3/robots/r3/rgb/00494.png	bdede58c014f416eef35022e222e38f268dcd1e79b26228035e2dff3147dc4fd	30203
raw	zone_wide_two_doors_final_v3/robots/r3/rgb/00495.png	bdede58c014f416eef35022e222e38f268dcd1e79b26228035e2dff3147dc4fd	30203
raw	zone_wide_two_doors_final_v3/robots/r3/rgb/00496.png	bdede58c014f416eef35022e222e38f268dcd1e79b26228035e2dff3147dc4fd	30203
raw	zone_wide_two_doors_final_v3/robots/r3/rgb/00497.png	bdede58c014f416eef35022e222e38f268dcd1e79b26228035e2dff3147dc4fd	30203
raw	zone_wide_two_doors_final_v3/robots/r3/rgb/00498.png	bdede58c014f416eef35022e222e38f268dcd1e79b26228035e2dff3147dc4fd	30203
raw	zone_wide_two_doors_final_v3/robots/r3/rgb/00499.png	bdede58c014f416eef35022e222e38f268dcd1e79b26228035e2dff3147dc4fd	30203
raw	zone_wide_two_doors_final_v3/robots/r3/rgb/00500.png	bdede58c014f416eef35022e222e38f268dcd1e79b26228035e2dff3147dc4fd	30203
raw	zone_wide_two_doors_final_v3/robots/r3/rgb/00501.png	bdede58c014f416eef35022e222e38f268dcd1e79b26228035e2dff3147dc4fd	30203
raw	zone_wide_two_doors_final_v3/robots/r3/rgb/00502.png	bdede58c014f416eef35022e222e38f268dcd1e79b26228035e2dff3147dc4fd	30203
raw	zone_wide_two_doors_final_v3/robots/r3/rgb/00503.png	bdede58c014f416eef35022e222e38f268dcd1e79b26228035e2dff3147dc4fd	30203
raw	zone_wide_two_doors_final_v3/robots/r3/rgb/00504.png	bdede58c014f416eef35022e222e38f268dcd1e79b26228035e2dff3147dc4fd	30203
raw	zone_wide_two_doors_final_v3/robots/r3/rgb/00505.png	bdede58c014f416eef35022e222e38f268dcd1e79b26228035e2dff3147dc4fd	30203
raw	zone_wide_two_doors_final_v3/robots/r3/rgb/00506.png	bdede58c014f416eef35022e222e38f268dcd1e79b26228035e2dff3147dc4fd	30203
raw	zone_wide_two_doors_final_v3/robots/r3/rgb/00507.png	bdede58c014f416eef35022e222e38f268dcd1e79b26228035e2dff3147dc4fd	30203
raw	zone_wide_two_doors_final_v3/robots/r3/rgb/00508.png	bdede58c014f416eef35022e222e38f268dcd1e79b26228035e2dff3147dc4fd	30203
raw	zone_wide_two_doors_final_v3/robots/r3/rgb/00509.png	bdede58c014f416eef35022e222e38f268dcd1e79b26228035e2dff3147dc4fd	30203
raw	zone_wide_two_doors_final_v3/robots/r3/rgb/00510.png	bdede58c014f416eef35022e222e38f268dcd1e79b26228035e2dff3147dc4fd	30203
raw	zone_wide_two_doors_final_v3/robots/r3/rgb/00511.png	bdede58c014f416eef35022e222e38f268dcd1e79b26228035e2dff3147dc4fd	30203
raw	zone_wide_two_doors_final_v3/robots/r3/rgb/00512.png	bdede58c014f416eef35022e222e38f268dcd1e79b26228035e2dff3147dc4fd	30203
raw	zone_wide_two_doors_final_v3/robots/r3/rgb/00513.png	bdede58c014f416eef35022e222e38f268dcd1e79b26228035e2dff3147dc4fd	30203
raw	zone_wide_two_doors_final_v3/robots/r3/rgb/00514.png	bdede58c014f416eef35022e222e38f268dcd1e79b26228035e2dff3147dc4fd	30203
raw	zone_wide_two_doors_final_v3/robots/r3/rgb/00515.png	bdede58c014f416eef35022e222e38f268dcd1e79b26228035e2dff3147dc4fd	30203
raw	zone_wide_two_doors_final_v3/robots/r3/rgb/00516.png	bdede58c014f416eef35022e222e38f268dcd1e79b26228035e2dff3147dc4fd	30203
raw	zone_wide_two_doors_final_v3/robots/r3/rgb/00517.png	bdede58c014f416eef35022e222e38f268dcd1e79b26228035e2dff3147dc4fd	30203
raw	zone_wide_two_doors_final_v3/robots/r3/rgb/00518.png	bdede58c014f416eef35022e222e38f268dcd1e79b26228035e2dff3147dc4fd	30203
raw	zone_wide_two_doors_final_v3/robots/r3/rgb/00519.png	bdede58c014f416eef35022e222e38f268dcd1e79b26228035e2dff3147dc4fd	30203
raw	zone_wide_two_doors_final_v3/robots/r3/rgb/00520.png	bdede58c014f416eef35022e222e38f268dcd1e79b26228035e2dff3147dc4fd	30203
raw	zone_wide_two_doors_final_v3/robots/r3/rgb/00521.png	bdede58c014f416eef35022e222e38f268dcd1e79b26228035e2dff3147dc4fd	30203
raw	zone_wide_two_doors_final_v3/robots/r3/rgb/00522.png	bdede58c014f416eef35022e222e38f268dcd1e79b26228035e2dff3147dc4fd	30203
raw	zone_wide_two_doors_final_v3/robots/r3/rgb/00523.png	bdede58c014f416eef35022e222e38f268dcd1e79b26228035e2dff3147dc4fd	30203
raw	zone_wide_two_doors_final_v3/robots/r3/rgb/00524.png	bdede58c014f416eef35022e222e38f268dcd1e79b26228035e2dff3147dc4fd	30203
raw	zone_wide_two_doors_final_v3/robots/r3/rgb/00525.png	bdede58c014f416eef35022e222e38f268dcd1e79b26228035e2dff3147dc4fd	30203
raw	zone_wide_two_doors_final_v3/robots/r3/rgb/00526.png	bdede58c014f416eef35022e222e38f268dcd1e79b26228035e2dff3147dc4fd	30203
raw	zone_wide_two_doors_final_v3/robots/r3/rgb/00527.png	bdede58c014f416eef35022e222e38f268dcd1e79b26228035e2dff3147dc4fd	30203
raw	zone_wide_two_doors_final_v3/robots/r3/rgb/00528.png	bdede58c014f416eef35022e222e38f268dcd1e79b26228035e2dff3147dc4fd	30203
raw	zone_wide_two_doors_final_v3/robots/r3/rgb/00529.png	bdede58c014f416eef35022e222e38f268dcd1e79b26228035e2dff3147dc4fd	30203
raw	zone_wide_two_doors_final_v3/robots/r3/rgb/00530.png	bdede58c014f416eef35022e222e38f268dcd1e79b26228035e2dff3147dc4fd	30203
raw	zone_wide_two_doors_final_v3/robots/r3/rgb/00531.png	bdede58c014f416eef35022e222e38f268dcd1e79b26228035e2dff3147dc4fd	30203
raw	zone_wide_two_doors_final_v3/robots/r3/rgb/00532.png	bdede58c014f416eef35022e222e38f268dcd1e79b26228035e2dff3147dc4fd	30203
raw	zone_wide_two_doors_final_v3/robots/r3/rgb/00533.png	bdede58c014f416eef35022e222e38f268dcd1e79b26228035e2dff3147dc4fd	30203
raw	zone_wide_two_doors_final_v3/robots/r3/rgb/00534.png	bdede58c014f416eef35022e222e38f268dcd1e79b26228035e2dff3147dc4fd	30203
raw	zone_wide_two_doors_final_v3/robots/r3/rgb/00535.png	bdede58c014f416eef35022e222e38f268dcd1e79b26228035e2dff3147dc4fd	30203
raw	zone_wide_two_doors_final_v3/robots/r3/rgb/00536.png	bdede58c014f416eef35022e222e38f268dcd1e79b26228035e2dff3147dc4fd	30203
raw	zone_wide_two_doors_final_v3/robots/r3/rgb/00537.png	bdede58c014f416eef35022e222e38f268dcd1e79b26228035e2dff3147dc4fd	30203
raw	zone_wide_two_doors_final_v3/robots/r3/rgb/00538.png	bdede58c014f416eef35022e222e38f268dcd1e79b26228035e2dff3147dc4fd	30203
raw	zone_wide_two_doors_final_v3/robots/r3/rgb/00539.png	bdede58c014f416eef35022e222e38f268dcd1e79b26228035e2dff3147dc4fd	30203
raw	zone_wide_two_doors_final_v3/robots/r3/rgb/00540.png	bdede58c014f416eef35022e222e38f268dcd1e79b26228035e2dff3147dc4fd	30203
raw	zone_wide_two_doors_final_v3/robots/r3/rgb/00541.png	bdede58c014f416eef35022e222e38f268dcd1e79b26228035e2dff3147dc4fd	30203
raw	zone_wide_two_doors_final_v3/robots/r3/rgb/00542.png	bdede58c014f416eef35022e222e38f268dcd1e79b26228035e2dff3147dc4fd	30203
raw	zone_wide_two_doors_final_v3/robots/r3/rgb/00543.png	bdede58c014f416eef35022e222e38f268dcd1e79b26228035e2dff3147dc4fd	30203
raw	zone_wide_two_doors_final_v3/robots/r3/rgb/00544.png	bdede58c014f416eef35022e222e38f268dcd1e79b26228035e2dff3147dc4fd	30203
raw	zone_wide_two_doors_final_v3/robots/r3/rgb/00545.png	bdede58c014f416eef35022e222e38f268dcd1e79b26228035e2dff3147dc4fd	30203
raw	zone_wide_two_doors_final_v3/robots/r3/rgb/00546.png	bdede58c014f416eef35022e222e38f268dcd1e79b26228035e2dff3147dc4fd	30203
raw	zone_wide_two_doors_final_v3/robots/r3/rgb/00547.png	bdede58c014f416eef35022e222e38f268dcd1e79b26228035e2dff3147dc4fd	30203
raw	zone_wide_two_doors_final_v3/robots/r3/rgb/00548.png	bdede58c014f416eef35022e222e38f268dcd1e79b26228035e2dff3147dc4fd	30203
raw	zone_wide_two_doors_final_v3/robots/r3/rgb/00549.png	bdede58c014f416eef35022e222e38f268dcd1e79b26228035e2dff3147dc4fd	30203
raw	zone_wide_two_doors_final_v3/robots/r3/rgb/00550.png	bdede58c014f416eef35022e222e38f268dcd1e79b26228035e2dff3147dc4fd	30203
raw	zone_wide_two_doors_final_v3/robots/r3/rgb/00551.png	bdede58c014f416eef35022e222e38f268dcd1e79b26228035e2dff3147dc4fd	30203
raw	zone_wide_two_doors_final_v3/robots/r3/rgb/00552.png	bdede58c014f416eef35022e222e38f268dcd1e79b26228035e2dff3147dc4fd	30203
raw	zone_wide_two_doors_final_v3/robots/r3/rgb/00553.png	bdede58c014f416eef35022e222e38f268dcd1e79b26228035e2dff3147dc4fd	30203
raw	zone_wide_two_doors_final_v3/robots/r3/rgb/00554.png	bdede58c014f416eef35022e222e38f268dcd1e79b26228035e2dff3147dc4fd	30203
raw	zone_wide_two_doors_final_v3/robots/r3/rgb/00555.png	bdede58c014f416eef35022e222e38f268dcd1e79b26228035e2dff3147dc4fd	30203
raw	zone_wide_two_doors_final_v3/robots/r3/rgb/00556.png	bdede58c014f416eef35022e222e38f268dcd1e79b26228035e2dff3147dc4fd	30203
raw	zone_wide_two_doors_final_v3/robots/r3/rgb/00557.png	bdede58c014f416eef35022e222e38f268dcd1e79b26228035e2dff3147dc4fd	30203
raw	zone_wide_two_doors_final_v3/robots/r3/rgb/00558.png	bdede58c014f416eef35022e222e38f268dcd1e79b26228035e2dff3147dc4fd	30203
raw	zone_wide_two_doors_final_v3/robots/r3/rgb/00559.png	bdede58c014f416eef35022e222e38f268dcd1e79b26228035e2dff3147dc4fd	30203
raw	zone_wide_two_doors_final_v3/robots/r3/rgb/00560.png	bdede58c014f416eef35022e222e38f268dcd1e79b26228035e2dff3147dc4fd	30203
raw	zone_wide_two_doors_final_v3/robots/r3/rgb/00561.png	bdede58c014f416eef35022e222e38f268dcd1e79b26228035e2dff3147dc4fd	30203
raw	zone_wide_two_doors_final_v3/robots/r3/rgb/00562.png	bdede58c014f416eef35022e222e38f268dcd1e79b26228035e2dff3147dc4fd	30203
raw	zone_wide_two_doors_final_v3/robots/r3/rgb/00563.png	bdede58c014f416eef35022e222e38f268dcd1e79b26228035e2dff3147dc4fd	30203
raw	zone_wide_two_doors_final_v3/robots/r3/rgb/00564.png	bdede58c014f416eef35022e222e38f268dcd1e79b26228035e2dff3147dc4fd	30203
raw	zone_wide_two_doors_final_v3/robots/r3/rgb/00565.png	bdede58c014f416eef35022e222e38f268dcd1e79b26228035e2dff3147dc4fd	30203
raw	zone_wide_two_doors_final_v3/robots/r3/rgb/00566.png	bdede58c014f416eef35022e222e38f268dcd1e79b26228035e2dff3147dc4fd	30203
raw	zone_wide_two_doors_final_v3/robots/r3/rgb/00567.png	bdede58c014f416eef35022e222e38f268dcd1e79b26228035e2dff3147dc4fd	30203
raw	zone_wide_two_doors_final_v3/robots/r3/rgb/00568.png	bdede58c014f416eef35022e222e38f268dcd1e79b26228035e2dff3147dc4fd	30203
raw	zone_wide_two_doors_final_v3/robots/r3/rgb/00569.png	bdede58c014f416eef35022e222e38f268dcd1e79b26228035e2dff3147dc4fd	30203
raw	zone_wide_two_doors_final_v3/robots/r3/rgb/00570.png	bdede58c014f416eef35022e222e38f268dcd1e79b26228035e2dff3147dc4fd	30203
raw	zone_wide_two_doors_final_v3/robots/r3/rgb/00571.png	bdede58c014f416eef35022e222e38f268dcd1e79b26228035e2dff3147dc4fd	30203
raw	zone_wide_two_doors_final_v3/robots/r3/rgb/00572.png	bdede58c014f416eef35022e222e38f268dcd1e79b26228035e2dff3147dc4fd	30203
raw	zone_wide_two_doors_final_v3/robots/r3/rgb/00573.png	bdede58c014f416eef35022e222e38f268dcd1e79b26228035e2dff3147dc4fd	30203
raw	zone_wide_two_doors_final_v3/robots/r3/rgb/00574.png	bdede58c014f416eef35022e222e38f268dcd1e79b26228035e2dff3147dc4fd	30203
raw	zone_wide_two_doors_final_v3/robots/r3/rgb/00575.png	bdede58c014f416eef35022e222e38f268dcd1e79b26228035e2dff3147dc4fd	30203
raw	zone_wide_two_doors_final_v3/robots/r3/rgb/00576.png	bdede58c014f416eef35022e222e38f268dcd1e79b26228035e2dff3147dc4fd	30203
raw	zone_wide_two_doors_final_v3/robots/r3/rgb/00577.png	bdede58c014f416eef35022e222e38f268dcd1e79b26228035e2dff3147dc4fd	30203
raw	zone_wide_two_doors_final_v3/robots/r3/rgb/00578.png	bdede58c014f416eef35022e222e38f268dcd1e79b26228035e2dff3147dc4fd	30203
raw	zone_wide_two_doors_final_v3/robots/r3/rgb/00579.png	bdede58c014f416eef35022e222e38f268dcd1e79b26228035e2dff3147dc4fd	30203
raw	zone_wide_two_doors_final_v3/robots/r3/rgb/00580.png	bdede58c014f416eef35022e222e38f268dcd1e79b26228035e2dff3147dc4fd	30203
raw	zone_wide_two_doors_final_v3/robots/r3/rgb/00581.png	bdede58c014f416eef35022e222e38f268dcd1e79b26228035e2dff3147dc4fd	30203
raw	zone_wide_two_doors_final_v3/robots/r3/rgb/00582.png	bdede58c014f416eef35022e222e38f268dcd1e79b26228035e2dff3147dc4fd	30203
raw	zone_wide_two_doors_final_v3/robots/r3/rgb/00583.png	bdede58c014f416eef35022e222e38f268dcd1e79b26228035e2dff3147dc4fd	30203
raw	zone_wide_two_doors_final_v3/robots/r3/rgb/00584.png	bdede58c014f416eef35022e222e38f268dcd1e79b26228035e2dff3147dc4fd	30203
raw	zone_wide_two_doors_final_v3/robots/r3/rgb/00585.png	bdede58c014f416eef35022e222e38f268dcd1e79b26228035e2dff3147dc4fd	30203
raw	zone_wide_two_doors_final_v3/robots/r3/rgb/00586.png	bdede58c014f416eef35022e222e38f268dcd1e79b26228035e2dff3147dc4fd	30203
raw	zone_wide_two_doors_final_v3/robots/r3/rgb/00587.png	bdede58c014f416eef35022e222e38f268dcd1e79b26228035e2dff3147dc4fd	30203
raw	zone_wide_two_doors_final_v3/robots/r3/rgb/00588.png	bdede58c014f416eef35022e222e38f268dcd1e79b26228035e2dff3147dc4fd	30203
raw	zone_wide_two_doors_final_v3/robots/r3/rgb/00589.png	bdede58c014f416eef35022e222e38f268dcd1e79b26228035e2dff3147dc4fd	30203
raw	zone_wide_two_doors_final_v3/robots/r3/rgb/00590.png	bdede58c014f416eef35022e222e38f268dcd1e79b26228035e2dff3147dc4fd	30203
raw	zone_wide_two_doors_final_v3/robots/r3/rgb/00591.png	bdede58c014f416eef35022e222e38f268dcd1e79b26228035e2dff3147dc4fd	30203
raw	zone_wide_two_doors_final_v3/robots/r3/rgb/00592.png	bdede58c014f416eef35022e222e38f268dcd1e79b26228035e2dff3147dc4fd	30203
raw	zone_wide_two_doors_final_v3/robots/r3/rgb/00593.png	bdede58c014f416eef35022e222e38f268dcd1e79b26228035e2dff3147dc4fd	30203
raw	zone_wide_two_doors_final_v3/robots/r3/rgb/00594.png	bdede58c014f416eef35022e222e38f268dcd1e79b26228035e2dff3147dc4fd	30203
raw	zone_wide_two_doors_final_v3/robots/r3/rgb/00595.png	bdede58c014f416eef35022e222e38f268dcd1e79b26228035e2dff3147dc4fd	30203
raw	zone_wide_two_doors_final_v3/robots/r3/rgb/00596.png	bdede58c014f416eef35022e222e38f268dcd1e79b26228035e2dff3147dc4fd	30203
raw	zone_wide_two_doors_final_v3/robots/r3/rgb/00597.png	bdede58c014f416eef35022e222e38f268dcd1e79b26228035e2dff3147dc4fd	30203
raw	zone_wide_two_doors_final_v3/robots/r3/rgb/00598.png	bdede58c014f416eef35022e222e38f268dcd1e79b26228035e2dff3147dc4fd	30203
raw	zone_wide_two_doors_final_v3/robots/r3/rgb/00599.png	bdede58c014f416eef35022e222e38f268dcd1e79b26228035e2dff3147dc4fd	30203
raw	zone_wide_two_doors_final_v3/robots/r3/rgb/00600.png	bdede58c014f416eef35022e222e38f268dcd1e79b26228035e2dff3147dc4fd	30203
raw	zone_wide_two_doors_final_v3/scene.json	c9c08c031615b5de4f5bbd3a0d62a02afbba5c08858e4f4af2eb76017cbf21e3	3087
raw	zone_wide_two_doors_final_v3/scene.xml	24c2335f1bed3037e03c199b99a3a09dfd1340acaadcf004d017bbef03563f1f	332034
repo	configs/calibration/zone_final_v3_floor_light_contract.json	6666b23b72db5e7243af337b85f87ce469c389709e59852d8fa963dd92c0ebb6	1666
repo	configs/final_environment_measurement_v1.json	7d19bcc3e88dac4f906d4f0db9b5aef7fb7969e795b3c709a632ea45962d045e	19121
repo	experiments/2026-09-26-zone-owncam-loop-v2/fit_stop_dynamics.py	2d353831308f80da427b47ea614fe61066d2ea521bb5a739270c20edc6195e0c	6538
repo	experiments/2026-09-26-zone-m1-owncam/fit_fine_motion.py	d533b1079cd7c09ec8966fc25fabf61cb57cd1c12c9fff01a9ab17cdf58c0891	2990
repo	experiments/2026-09-26-vision-loc/vision_motion.py	512a2900507dae73d9ca56b8ce532bfccb3f21a0930502714219d5bed1a06880	3648
repo	experiments/2026-09-26-vision-loc/vision_loc_cli.py	290cdbab1bef92ef4b6bf41dfee8f97a35eff2927febd2c5081b16ef0214c687	32395
repo	experiments/2026-09-26-zone-m1-owncam/calibration_m1_dev.json	126cadaa9265ed2ae2b034f675e67c227193a2e1678f6b0c82dd53b186e6fc72	3632
repo	experiments/2026-09-26-vision-loc/calibration_train.json	60177d6b4e116f4d63aea0b5c0bd200cd5eaebe66a63080612c7949491f085dd	4155
repo	PHYSICS_HANDOFF.md	a780c25f1637f7fdf176a193073b3d8c023ee61ee39d6a848240e4ee8203f9dc	15085
repo	scripts/fit_final_environment_unloaded.py	8c2def2a3025aca3e63abfeb6258c08d3824905bf60c37ed3d43667007963a06	25609
repo	sim/final_environment_checks.py	84f272746c8629297328d6acc5fbf4807c01c318dd01935c1f762020eee3178c	7875
repo	scripts/run_final_environment_checks.py	d631275737b82f53025f1fe3074155f5f0754133f4bc68a59ae70e70c0a6538d	9310
